timestamp,timestamp_sample,xyz[0],xyz[1],xyz[2]
6435992337,6435992097,0.016865743,0.027842319,0.0003307584
6435993588,6435993345,0.015937893,0.027844906,0.0003308091
6435997343,6435997091,0.013114536,0.027703421,0.000331388
6436004817,6436004581,0.010165853,0.028129896,0.000327829
6436008591,6436008334,0.012548571,0.02816784,0.00032985597
6436016062,6436015818,0.017331386,0.027891133,0.00032785008
6436018556,6436018314,0.017778972,0.027947156,0.0003259242
6436022318,6436022062,0.016850524,0.027991092,0.0003208626
6436029787,6436029550,0.013165669,0.027841838,0.00030638563
6436032293,6436032048,0.011885614,0.027940474,0.00030828457
6436039771,6436039538,0.011403609,0.028006323,0.0003139458
6436043518,6436043283,0.013604791,0.02786621,0.00031191908
6436051027,6436050774,0.01666478,0.02798641,0.0003096451
6436053506,6436053271,0.016769232,0.02803577,0.0003109351
6436057256,6436057016,0.016006028,0.028280409,0.00031425155
6436064744,6436064507,0.01294503,0.028133199,0.00031152976
6436068489,6436068254,0.01249161,0.02806531,0.00030218455
6436075989,6436075743,0.013770098,0.028007144,0.00028107833
6436078474,6436078240,0.014676674,0.028026199,0.00027283168
6436085973,6436085731,0.016043352,0.028208993,0.00026247275
6436088467,6436088227,0.01570228,0.027963968,0.0002643173
6436092210,6436091972,0.014504003,0.027843377,0.00026814238
6436099721,6436099463,0.012095934,0.027953368,0.00026738583
6436103456,6436103209,0.011988511,0.027895905,0.00026425222
6436109682,6436109451,0.013548194,0.027876778,0.00027047528
6436113434,6436113196,0.014682389,0.028070426,0.00027424752
6436120945,6436120687,0.014695548,0.028028982,0.0002878155
6436123448,6436123185,0.01408698,0.0278272,0.0002910028
6436127173,6436126929,0.01339315,0.027659507,0.00029442902
6436134656,6436134419,0.013725964,0.02815506,0.00029599824
6436138404,6436138165,0.014691509,0.028192045,0.000297521
6436145899,6436145656,0.015907994,0.027802844,0.0002973924
6436148385,6436148152,0.01574204,0.027934775,0.00029846505
6436155899,6436155643,0.01458134,0.027903302,0.00030534455
6436158382,6436158140,0.014111128,0.027940791,0.0003048109
6436162121,6436161885,0.013524729,0.027922595,0.000304575
6436169618,6436169376,0.013634746,0.027660802,0.00030087086
6436173362,6436173122,0.01353828,0.027944813,0.00029954335
6436179606,6436179368,0.013602208,0.028253939,0.00030010377
6436183348,6436183110,0.0138551835,0.028294552,0.00029726143
6436190853,6436190600,0.014939351,0.027887415,0.00028991015
6436193339,6436193097,0.014893884,0.02815978,0.0002889249
6436197111,6436196842,0.01431775,0.028165977,0.00028758487
6436205826,6436205582,0.013528195,0.027808603,0.0002958001
6436208322,6436208078,0.013542782,0.028002456,0.0002976131
6436215810,6436215569,0.01408312,0.027630031,0.00030045258
6436218306,6436218067,0.014393993,0.027613686,0.0003010189
6436225801,6436225561,0.0151104005,0.027932689,0.00030207195
6436228295,6436228053,0.015111928,0.027837113,0.00029775625
6436232042,6436231798,0.014789603,0.027826808,0.00028964225
6436239540,6436239289,0.013906618,0.028195025,0.0002745184
6436243292,6436243038,0.01406023,0.028216874,0.00027228837
6436249522,6436249277,0.014324509,0.028219268,0.00027443716
6436253278,6436253027,0.014485554,0.028090494,0.00027637908
6436260752,6436260513,0.013871912,0.027963545,0.0002878762
6436265750,6436265507,0.013311063,0.028069863,0.00029134206
6436267046,6436266758,0.013215358,0.028029233,0.0002915281
6436275738,6436275495,0.0132456375,0.028044788,0.00029144177
6436278224,6436277991,0.013755988,0.027964078,0.00029143682
6436285725,6436285482,0.014773066,0.02819032,0.00029180537
6436288212,6436287978,0.014767207,0.028079322,0.0002900643
6436295715,6436295469,0.015001434,0.02763729,0.0002870789
6436299456,6436299214,0.014400069,0.02762286,0.0002874218
6436301948,6436301711,0.014347919,0.02767278,0.00028934397
6436309438,6436309202,0.014507245,0.028025696,0.00029584114
6436313189,6436312947,0.014694952,0.028103624,0.00029377989
6436319431,6436319190,0.014656091,0.02819524,0.0002868503
6436323175,6436322935,0.014380162,0.028083066,0.00028358382
6436330676,6436330426,0.013493729,0.028017856,0.00028481887
6436335661,6436335420,0.013011572,0.02751015,0.00028514225
6436336909,6436336668,0.013115084,0.027518354,0.00028358746
6436345649,6436345407,0.014602466,0.027876846,0.00027170996
6436348135,6436347904,0.014743142,0.027910091,0.00027427584
6436355638,6436355396,0.014933566,0.028308108,0.00029117666
6436358129,6436357892,0.0146304965,0.0283083,0.00029848996
6436365624,6436365382,0.013559368,0.028066467,0.00030243007
6436369373,6436369128,0.013554071,0.028089663,0.00030133544
6436371856,6436371624,0.01381026,0.02816352,0.00030248964
6436379357,6436379116,0.014499701,0.028234351,0.0003066931
6436383095,6436382860,0.014573908,0.028074197,0.00030784032
6436389342,6436389103,0.014208555,0.027773099,0.0003099098
6436393088,6436392848,0.01361768,0.027974317,0.0003126111
6436400591,6436400340,0.0139082195,0.027989078,0.0003082339
6436405575,6436405332,0.014038959,0.027934218,0.00029930775
6436406824,6436406581,0.01409497,0.027987376,0.00029831927
6436415607,6436415322,0.013960988,0.028297925,0.0002892179
6436418058,6436417817,0.0136125395,0.028180208,0.00028426168
6436425556,6436425308,0.013977285,0.027707668,0.0002683945
6436428047,6436427804,0.014065845,0.027712215,0.00025981636
6436435540,6436435295,0.0143909855,0.028129855,0.00024974957
6436439293,6436439040,0.014723348,0.028184677,0.0002518784
6436441779,6436441538,0.014564513,0.028091008,0.00025470788
6436449283,6436449028,0.013854361,0.028123273,0.00026249155
6436453010,6436452773,0.013770847,0.02801243,0.00026884305
6436460511,6436460264,0.013784571,0.027984815,0.0002766826
6436462997,6436462761,0.013755841,0.027816944,0.0002737451
6436470503,6436470256,0.014692016,0.02790734,0.00026152065
6436475492,6436475245,0.014147567,0.028116742,0.00025906315
6436478004,6436477745,0.013777338,0.028112179,0.00026108342
6436485476,6436485233,0.013794918,0.027937861,0.0002717188
6436487966,6436487730,0.013883004,0.027686201,0.0002762392
6436495467,6436495221,0.014961754,0.027866125,0.00029099203
6436497965,6436497717,0.014722134,0.028009644,0.00029652167
6436505467,6436505208,0.0145717235,0.02823788,0.0003123035
6436509199,6436508959,0.014134265,0.02833774,0.0003151874
6436512940,6436512698,0.014018047,0.028307522,0.00031703562
6436519178,6436518941,0.0143620735,0.027842073,0.00031545025
6436522944,6436522686,0.014513585,0.027756268,0.00031292235
6436530430,6436530177,0.014512969,0.028001156,0.00030773957
6436532959,6436532674,0.014231526,0.028176757,0.00030349958
6436540410,6436540165,0.012023118,0.028153148,0.00029137643
6436545407,6436545158,0.012372225,0.02795181,0.00029183953
6436547896,6436547655,0.012864386,0.02802124,0.00029359458
6436555389,6436555146,0.014264961,0.027812077,0.0002947161
6436557899,6436557643,0.015203861,0.027887844,0.00029604643
6436565377,6436565134,0.015200974,0.027752694,0.00029348655
6436567877,6436567630,0.015647866,0.027768817,0.00029605662
6436575366,6436575121,0.015409937,0.027934177,0.0003052404
6436579107,6436578866,0.015916333,0.028035717,0.00030273246
6436582843,6436582611,0.015785959,0.02828725,0.00029594015
6436589101,6436588858,0.01340218,0.028457819,0.0002888527
6436592858,6436592599,0.012591232,0.028393641,0.00028589412
6436600334,6436600090,0.011624255,0.027874213,0.00027814615
6436602824,6436602587,0.0122054815,0.027944272,0.00027570283
6436610330,6436610078,0.014698776,0.027516102,0.00026698492
6436615319,6436615071,0.016418215,0.027692316,0.00027246145
6436617799,6436617568,0.016487949,0.027770577,0.00027900576
6436626555,6436626308,0.013755406,0.028056378,0.0002929893
6436627816,6436627558,0.013397743,0.028170576,0.00029421697
6436635310,6436635053,0.010986873,0.028572347,0.00029848414
6436637777,6436637543,0.011097599,0.028405694,0.00029689784
6436645290,6436645034,0.014187326,0.027413566,0.0002809982
6436649020,6436648779,0.016000818,0.027390506,0.0002771315
6436652765,6436652525,0.017076751,0.027781129,0.00027592835
6436659004,6436658767,0.016215546,0.027961671,0.00027869403
6436662755,6436662512,0.01440536,0.02828611,0.00027915862
6436670256,6436670003,0.011634927,0.028136995,0.00027516688
6436673994,6436673748,0.011862429,0.028096259,0.00028007964
6436680237,6436679990,0.014578966,0.027667267,0.00028485016
6436685225,6436684984,0.015454055,0.028027434,0.00028810042
6436687715,6436687481,0.015528384,0.02813431,0.00028967854
6436695214,6436694972,0.014102028,0.027464673,0.00029504413
6436697722,6436697472,0.013556415,0.027638268,0.00029843912
6436705202,6436704959,0.014193571,0.028321529,0.00030796565
6436708951,6436708704,0.014712672,0.027975423,0.00031039375
6436715191,6436714947,0.015127091,0.028026454,0.00031092874
6436718927,6436718692,0.01443,0.02815915,0.00030646706
6436722674,6436722437,0.013351686,0.02847062,0.00030634223
6436728924,6436728680,0.012123149,0.028119413,0.0003103179
6436732672,6436732425,0.012731764,0.027595442,0.00030777272
6436740159,6436739916,0.015997175,0.027520519,0.00030555396
6436745162,6436744910,0.016960843,0.02783044,0.0002937562
6436750147,6436749904,0.015546763,0.027935926,0.00027079994
6436755141,6436754897,0.012719792,0.028125769,0.0002614197
6436757630,6436757394,0.011508325,0.028085465,0.0002593578
6436765146,6436764885,0.01077504,0.027925458,0.00025111946
6436767616,6436767381,0.011730495,0.027985305,0.00024680523
6436776363,6436776121,0.015722223,0.027987733,0.00023894313
6436778851,6436778617,0.015921844,0.027978834,0.00023939488
6436785112,6436784860,0.015335992,0.028264942,0.00024469144
6436788841,6436788605,0.014276284,0.02829712,0.00024552364
6436792595,6436792351,0.013806709,0.028288322,0.00024558316
6436798825,6436798592,0.013879601,0.02817553,0.00025013683
6436802571,6436802338,0.014586567,0.027870147,0.00025039967
6436810071,6436809829,0.015514949,0.027914928,0.00025517913
6436815079,6436814823,0.014797657,0.028000176,0.00025491635
6436820063,6436819817,0.013595167,0.028096344,0.0002590745
6436825062,6436824810,0.012621553,0.027875362,0.00026807378
6436827574,6436827308,0.012585926,0.027775126,0.00027439807
6436835043,6436834798,0.013258735,0.027707754,0.000289502
6436837528,6436837294,0.013955002,0.027752435,0.00029160985
6436847524,6436847282,0.0150151765,0.027814064,0.00029227338
6436848781,6436848531,0.015008713,0.027802195,0.00029308308
6436855011,6436854779,0.013320908,0.027832225,0.00029756798
6436858765,6436858518,0.012647842,0.02801692,0.00029944014
6436862503,6436862264,0.012510445,0.028257443,0.0002985453
6436869991,6436869754,0.014146767,0.02807577,0.0002875406
6436872488,6436872254,0.014533123,0.027967943,0.00028489917
6436879978,6436879741,0.0155930435,0.027801817,0.00027875896
6436884978,6436884736,0.015051382,0.027864646,0.0002714565
6436889982,6436889734,0.014186584,0.027895318,0.00026167385
6436894957,6436894723,0.013986866,0.027809054,0.0002514972
6436897451,6436897220,0.014233909,0.027937982,0.00024752523
6436904962,6436904711,0.013644539,0.027389651,0.00023910763
6436907439,6436907207,0.01363053,0.027473936,0.0002353688
6436914933,6436914698,0.014165795,0.02845325,0.0002353424
6436918670,6436918443,0.0141357025,0.028467216,0.00023554597
6436926166,6436925934,0.0134602925,0.027873453,0.00023776764
6436928658,6436928431,0.013527756,0.02771578,0.00024020282
6436936151,6436935922,0.013957057,0.027619239,0.00024956214
6436939911,6436939667,0.014053168,0.027947461,0.00025826204
6436942399,6436942164,0.014034047,0.028267777,0.00026400815
6436949898,6436949655,0.014259696,0.027994024,0.00027816746
6436953632,6436953400,0.014354579,0.027958572,0.00028235491
6436959873,6436959642,0.014809569,0.027980853,0.0002851266
6436964876,6436964636,0.014663677,0.02801705,0.00028485592
6436967365,6436967133,0.014670709,0.028032482,0.00028402125
6436974866,6436974624,0.014141977,0.028015641,0.00028196422
6436977353,6436977120,0.01389291,0.027815768,0.00027943807
6436984849,6436984611,0.013848581,0.027729573,0.00026423082
6436988589,6436988356,0.014035745,0.027758347,0.00025786384
6436994840,6436994602,0.01349617,0.02771247,0.00024783585
6436998591,6436998344,0.013322892,0.027912764,0.0002482414
6437002327,6437002092,0.014092579,0.028075926,0.00025061573
6437009817,6437009580,0.014384139,0.02807017,0.00026304112
6437012329,6437012078,0.01442166,0.027995987,0.00026405984
6437019803,6437019567,0.014302184,0.027886977,0.0002677887
6437024802,6437024562,0.014160315,0.027593695,0.00027079802
6437029793,6437029555,0.0138085615,0.027675983,0.0002661645
6437034783,6437034549,0.014096248,0.027661877,0.00026628733
6437041023,6437040791,0.014601729,0.027936589,0.0002690238
6437044772,6437044537,0.0144234765,0.027857075,0.00026677104
6437047272,6437047034,0.014467389,0.027820108,0.00026403752
6437054765,6437054524,0.013694946,0.028022997,0.00026977752
6437058503,6437058270,0.013511324,0.0282462,0.00027052104
6437065992,6437065760,0.013875851,0.027942915,0.00026890854
6437068492,6437068257,0.01380169,0.027923364,0.0002695331
6437075979,6437075748,0.014671456,0.028106874,0.0002671129
6437079748,6437079493,0.014399312,0.027885852,0.00026258506
6437083476,6437083239,0.014240326,0.02783526,0.00026176163
6437089713,6437089480,0.013983457,0.0281344,0.00026536695
6437094714,6437094474,0.013808217,0.027685076,0.00025475735
6437100975,6437100717,0.013662346,0.02756912,0.0002372897
6437104695,6437104462,0.014089813,0.027712127,0.00023465893
6437107193,6437106959,0.014365809,0.027675968,0.0002366046
6437114693,6437114450,0.01431033,0.02769761,0.00024141309
6437118435,6437118195,0.014031277,0.027687391,0.00024139657
6437124698,6437124437,0.013985045,0.02818769,0.00024657534
6437128415,6437128182,0.014003617,0.028049145,0.000250137
6437135924,6437135673,0.014387774,0.027862372,0.0002448738
6437138403,6437138170,0.014416526,0.027962532,0.0002444644
6437142155,6437141915,0.014114552,0.028150365,0.00024617062
6437149642,6437149406,0.014344712,0.028221611,0.00026080594
6437154634,6437154400,0.01450023,0.027541742,0.000268683
6437159640,6437159394,0.014580499,0.027595708,0.00027561403
6437164622,6437164387,0.014334743,0.027906584,0.00027628173
6437170876,6437170629,0.0137553075,0.028077682,0.00026895685
6437174622,6437174375,0.013726858,0.0279182,0.00026342846
6437177100,6437176872,0.013903311,0.027706508,0.00026350058
6437184597,6437184362,0.013934137,0.027696595,0.00027107677
6437188345,6437188108,0.014159445,0.027783083,0.00027110643
6437194581,6437194350,0.014010963,0.028123552,0.00027690054
6437198327,6437198095,0.013993597,0.028276373,0.00027874234
6437205825,6437205586,0.013367066,0.02781255,0.00028430807
6437208317,6437208083,0.013480371,0.027856728,0.00028506882
6437212080,6437211828,0.013896465,0.027743703,0.00028216356
6437219571,6437219326,0.014575403,0.02784938,0.00027898184
6437225793,6437225561,0.016262399,0.027780212,0.00028484568
6437229544,6437229307,0.01627839,0.02775184,0.00028795708
6437234546,6437234303,0.014872436,0.028036753,0.0002883626
6437240772,6437240542,0.0125879925,0.027907271,0.00028761572
6437244521,6437244288,0.01190477,0.027918385,0.0002847663
6437250762,6437250530,0.013058266,0.027479535,0.00027737283
6437254511,6437254276,0.014337211,0.027637182,0.00027387642
6437258262,6437258021,0.0155113265,0.027700933,0.00027200798
6437264503,6437264263,0.016924275,0.027731113,0.00027096094
6437268244,6437268008,0.01647893,0.027722167,0.00027310863
6437275731,6437275499,0.013559921,0.028124936,0.00027688104
6437279488,6437279244,0.011590738,0.028550077,0.0002805658
6437285716,6437285486,0.009406472,0.028086968,0.00028334354
6437289479,6437289232,0.009397523,0.027526204,0.00028164263
6437294530,6437294233,0.011902664,0.027330495,0.00028523867
6437299455,6437299220,0.016259933,0.0279098,0.0002943971
6437304451,6437304213,0.019264633,0.028047727,0.0003002789
6437310683,6437310455,0.01853875,0.027794337,0.00029752436
6437314446,6437314201,0.016083825,0.027740685,0.00029427945
6437316993,6437316703,0.01432779,0.027961494,0.00029283325
6437324491,6437324194,0.010308422,0.02809102,0.0002911712
6437328221,6437327935,0.011090177,0.027734902,0.00029544302
6437334413,6437334176,0.014719256,0.02774364,0.00029965417
6437338151,6437337921,0.016818179,0.027702188,0.00029885946
6437345646,6437345412,0.017467953,0.02774815,0.00029403353
6437349404,6437349158,0.016248291,0.028188892,0.0002955305
6437351886,6437351654,0.014989243,0.028164266,0.00029637583
6437359431,6437359145,0.010502777,0.02778923,0.00029500344
6437364372,6437364139,0.0097264815,0.027716575,0.00029832445
6437369431,6437369134,0.011399556,0.027879033,0.00030422292
6437374358,6437374126,0.014221895,0.027939854,0.00030292195
6437380602,6437380368,0.016505389,0.027929015,0.00028212625
6437384420,6437384116,0.017556362,0.027673753,0.00026964198
6437390612,6437390356,0.015985418,0.027851164,0.00026195063
6437394334,6437394101,0.014635129,0.02786042,0.00026063627
6437398088,6437397849,0.013101047,0.027897168,0.0002641904
6437404337,6437404089,0.0125958435,0.027945543,0.0002747905
6437408065,6437407834,0.012947507,0.02793024,0.0002823317
6437415562,6437415325,0.014174258,0.027810074,0.00029400998
6437419321,6437419070,0.014798744,0.028129086,0.00029849616
6437421865,6437421567,0.015251725,0.028056452,0.00029884858
6437429344,6437429058,0.015669279,0.027754974,0.00030282937
6437434297,6437434055,0.015062866,0.028138515,0.00031137685
6437440529,6437440294,0.013790801,0.027897954,0.00031847224
6437444321,6437444039,0.012534442,0.02803639,0.00032240464
6437450509,6437450281,0.011632277,0.027842171,0.00032473277
6437454284,6437454031,0.012326541,0.027831355,0.0003245713
6437460498,6437460269,0.014854669,0.027777508,0.00033377297
6437464260,6437464014,0.016274441,0.028083265,0.0003358191
6437467993,6437467759,0.0169453,0.02802947,0.00033243312
6437475488,6437475255,0.015623594,0.028101496,0.00031572487
6437477979,6437477747,0.014603378,0.02804386,0.0003134827
6437485479,6437485238,0.0129998,0.027887898,0.00030828652
6437489274,6437488983,0.01298006,0.027475858,0.00030733543
6437494215,6437493982,0.013950139,0.027491963,0.0002996673
6437499219,6437498971,0.015485683,0.027555518,0.0002893917
6437502945,6437502716,0.015362866,0.027794769,0.00027717836
6437510453,6437510214,0.014441244,0.027957663,0.00025199112
6437514198,6437513952,0.013338805,0.02801138,0.00025107642
6437520423,6437520194,0.012936487,0.027823951,0.00025714314
6437524181,6437523939,0.013641087,0.027739344,0.00026043179
6437527928,6437527685,0.014133238,0.027947212,0.00026326298
6437534219,6437533927,0.015821887,0.027859278,0.00027710616
6437537901,6437537672,0.016149051,0.02793479,0.0002802412
6437545405,6437545163,0.0146229565,0.028237734,0.00028151227
6437547892,6437547660,0.014059921,0.028152911,0.00028016345
6437555385,6437555151,0.013168578,0.028109832,0.00029040966
6437559142,6437558896,0.013190501,0.028113723,0.00030345286
6437562877,6437562641,0.013732709,0.027733011,0.0003140858
6437569121,6437568884,0.014589127,0.02775392,0.0003162636
6437574120,6437573878,0.015068784,0.027544871,0.00031605465
6437580352,6437580120,0.015405394,0.027828282,0.00032012834
6437584109,6437583865,0.014660218,0.027732478,0.00032672368
6437590344,6437590107,0.013748867,0.027874108,0.00033267186
6437594201,6437593728,0.013588241,0.028234713,0.00033489135
6437597846,6437597598,0.014250751,0.028125295,0.0003415414
6437605323,6437605089,0.015399646,0.027952632,0.00034978034
6437607811,6437607585,0.015400943,0.027890045,0.00034582775
6437615316,6437615076,0.015528394,0.027844286,0.00034575185
6437617799,6437617573,0.015454256,0.028017094,0.00035300967
6437625332,6437625066,0.01387656,0.027958183,0.0003620585
6437629049,6437628812,0.013614294,0.027601928,0.00036703228
6437634056,6437633803,0.013975839,0.027691565,0.0003700715
6437639086,6437638797,0.014724022,0.027822146,0.00037277135
6437642787,6437642542,0.015191704,0.027873073,0.00037990342
6437650271,6437650033,0.014944465,0.027899994,0.00038904324
6437654071,6437653778,0.014533739,0.027942928,0.00038661444
6437660260,6437660020,0.014072929,0.028376037,0.0003792627
6437664000,6437663766,0.01414595,0.028313922,0.00037438527
6437667741,6437667511,0.014388293,0.027799258,0.00037096124
6437673998,6437673753,0.014800422,0.027906353,0.00036714753
6437677726,6437677498,0.0150582865,0.028169869,0.00036412416
6437685224,6437684989,0.015588574,0.028036367,0.0003534893
6437688981,6437688735,0.015621349,0.02768515,0.00035510055
6437695204,6437694977,0.014871742,0.02780721,0.000366018
6437699006,6437698722,0.014340987,0.027533684,0.00036610954
6437703952,6437703716,0.014262778,0.027994724,0.00036372273
6437708949,6437708710,0.014291109,0.02803559,0.00036419032
6437713981,6437713706,0.014171453,0.027870735,0.00035744705
6437720182,6437719946,0.013950689,0.027871776,0.00033635195
6437723934,6437723691,0.014537648,0.027662741,0.00032548336
6437730165,6437729933,0.015025007,0.027609654,0.00032903536
6437733921,6437733679,0.015237998,0.027793434,0.00033293024
6437737660,6437737424,0.015397367,0.027932975,0.00032924773
6437743936,6437743666,0.014939714,0.02797599,0.00031936867
6437747643,6437747411,0.014749696,0.028194502,0.00031717215
6437755148,6437754908,0.014625767,0.027682649,0.00032006565
6437758934,6437758650,0.015033633,0.027635554,0.0003214884
6437765122,6437764890,0.015619764,0.027808493,0.00032424068
6437768874,6437768635,0.016023804,0.02793298,0.00032351064
6437773900,6437773629,0.01560135,0.028153492,0.0003158576
6437778862,6437778623,0.014465003,0.028136611,0.00030825092
6437783850,6437783617,0.01383328,0.027881863,0.00030152744
6437790088,6437789858,0.014117463,0.027917597,0.00030573166
6437793841,6437793604,0.014942958,0.027724741,0.00030535797
6437800136,6437799851,0.015701393,0.027946932,0.0003021741
6437803873,6437803591,0.015188054,0.027936019,0.00030138483
6437807567,6437807340,0.01467319,0.027946616,0.00030425572
6437813815,6437813580,0.013861303,0.027948475,0.00030767877
6437817564,6437817324,0.014070109,0.02777862,0.00031000088
6437825056,6437824815,0.0153148305,0.02817557,0.0003147765
6437828798,6437828561,0.015521904,0.027818702,0.00031490816
6437835039,6437834803,0.015460431,0.027454784,0.00031046505
6437838783,6437838548,0.015300967,0.027922459,0.00031454468
6437842525,6437842293,0.015271302,0.028433664,0.00032047913
6437848791,6437848536,0.015327288,0.028133906,0.00032580964
6437853764,6437853529,0.015295797,0.027749037,0.0003229572
6437860002,6437859771,0.014786906,0.028036349,0.00031539937
6437863779,6437863517,0.014958639,0.027573168,0.00031401144
6437869995,6437869759,0.0149556,0.027557686,0.00031866052
6437874992,6437874753,0.014920549,0.02809966,0.00032824514
6437877497,6437877255,0.014817629,0.028045904,0.0003347086
6437884983,6437884740,0.014915963,0.02797914,0.00034288617
6437887484,6437887238,0.015084078,0.02798596,0.0003476152
6437894965,6437894728,0.015450792,0.027425997,0.00036994272
6437898711,6437898474,0.01559769,0.027409118,0.00037083685
6437903701,6437903467,0.015060475,0.027818553,0.0003613705
6437908712,6437908461,0.014376896,0.028145175,0.00034762992
6437912440,6437912207,0.01456083,0.028121855,0.00033950416
6437919934,6437919697,0.016648557,0.027397742,0.0003267661
6437923695,6437923442,0.017254537,0.027679104,0.000318364
6437929935,6437929684,0.016488016,0.027972786,0.00031047754
6437933667,6437933430,0.015145238,0.027738187,0.0003148441
6437939900,6437939672,0.013366381,0.027794369,0.00032416053
6437943653,6437943418,0.013367222,0.027780587,0.0003231897
6437947396,6437947163,0.01417318,0.027323224,0.00032112276
6437954897,6437954654,0.016590461,0.027704483,0.00032302007
6437957388,6437957151,0.016955666,0.027768487,0.0003200149
6437964872,6437964641,0.015959436,0.028032858,0.0003150104
6437968642,6437968387,0.014991869,0.027882755,0.00030976313
6437974879,6437974629,0.01442337,0.028079214,0.0002989465
6437978616,6437978375,0.014703112,0.028177045,0.00029468152
6437983622,6437983368,0.015618192,0.027823562,0.00030215527
6437989842,6437989610,0.015811153,0.027748406,0.0003161696
6437993591,6437993356,0.015657606,0.027556673,0.000322245
6437999833,6437999598,0.015015677,0.027501317,0.00031655963
6438003577,6438003343,0.014690418,0.027578557,0.0003199422
6438011097,6438010833,0.015630538,0.027940027,0.0003329608
6438013585,6438013333,0.01643677,0.028013729,0.00033112316
6438017315,6438017076,0.017294582,0.02773436,0.00032719542
6438024801,6438024567,0.015802128,0.028048083,0.00032885282
6438027300,6438027063,0.015415001,0.028189922,0.0003312808
6438034789,6438034554,0.014124084,0.028141262,0.00033104353
6438038544,6438038300,0.0145365605,0.027972404,0.00032854525
6438043550,6438043293,0.01553888,0.027563445,0.00033187732
6438048533,6438048287,0.016612172,0.027564876,0.0003269528
6438053514,6438053280,0.017434191,0.027728627,0.00031318574
6438059755,6438059523,0.01613101,0.028023526,0.00030142628
6438063504,6438063270,0.015063722,0.027809732,0.00029374348
6438069743,6438069510,0.013772144,0.02758783,0.00028987587
6438073557,6438073259,0.01478045,0.02773373,0.0002958478
6438080997,6438080747,0.017317893,0.02812929,0.00030934764
6438083485,6438083244,0.01756799,0.028037148,0.0003106513
6438090978,6438090734,0.016466845,0.027672755,0.0003116962
6438094719,6438094479,0.015995737,0.027777473,0.00031408932
6438098472,6438098225,0.015526002,0.027669964,0.00031400842
6438104708,6438104468,0.014891058,0.027837187,0.00031178386
6438108448,6438108213,0.015041568,0.027813187,0.000317291
6438113442,6438113206,0.015496407,0.027558586,0.00032742455
6438118442,6438118200,0.016044987,0.027536154,0.00033651426
6438123437,6438123194,0.01607593,0.027614886,0.0003429865
6438129669,6438129436,0.016152915,0.027841484,0.00034349837
6438133433,6438133183,0.016280286,0.027967142,0.0003385187
6438139656,6438139423,0.01624019,0.02794391,0.0003347796
6438143400,6438143169,0.016057327,0.027786298,0.00033482906
6438150896,6438150659,0.016225463,0.028022302,0.00033163876
6438153392,6438153157,0.016100276,0.027925935,0.00032983557
6438157137,6438156901,0.01613865,0.027762167,0.0003269887
6438164629,6438164392,0.015489743,0.027751142,0.00031738868
6438168373,6438168138,0.015370113,0.027694734,0.00031238195
6438174611,6438174380,0.01642804,0.028028766,0.00031428086
6438178364,6438178125,0.01672758,0.027901841,0.00031711857
6438183361,6438183119,0.016452068,0.027738478,0.00032077462
6438188350,6438188113,0.016106496,0.02752784,0.00032215685
6438194592,6438194355,0.01583182,0.02744044,0.00031570235
6438199585,6438199349,0.01600868,0.027565842,0.00030840404
6438203329,6438203095,0.016487876,0.027604114,0.00030837618
6438209567,6438209336,0.016875593,0.027979828,0.0003173779
6438213329,6438213082,0.016693579,0.02796209,0.0003209277
6438220802,6438220572,0.016335491,0.027983261,0.00031752963
6438223316,6438223069,0.0162947,0.027811274,0.0003195153
6438230792,6438230560,0.016107379,0.027746208,0.00033410342
6438234541,6438234305,0.016291834,0.027719246,0.00034336178
6438238316,6438238051,0.016439801,0.027930506,0.00035497764
6438243288,6438243044,0.016865423,0.02784717,0.00036678743
6438248292,6438248038,0.017177189,0.027608747,0.0003744632
6438253293,6438253032,0.017091528,0.027729,0.00037777965
6438259501,6438259274,0.015810117,0.027726425,0.00037020343
6438263271,6438263020,0.015508184,0.027557315,0.00036887877
6438269504,6438269263,0.01605969,0.027729332,0.00036560264
6438273254,6438273007,0.016451987,0.027985342,0.0003675394
6438279486,6438279249,0.017301837,0.02811986,0.00037798894
6438283234,6438282995,0.017657448,0.02771169,0.00038188964
6438290715,6438290486,0.017107913,0.027500078,0.00038006713
6438294470,6438294231,0.016440459,0.027324622,0.00037031944
6438296965,6438296727,0.015995696,0.027523562,0.00036362468
6438304474,6438304218,0.015772989,0.027875265,0.00035620472
6438308217,6438307964,0.016455367,0.028062988,0.0003550855
6438313200,6438312957,0.017073793,0.02769597,0.00035228248
6438318186,6438317951,0.0176008,0.027516572,0.0003539104
6438323179,6438322947,0.017313559,0.027745036,0.00035802773
6438329444,6438329195,0.016158441,0.027744101,0.00035314844
6438333179,6438332933,0.015735954,0.027528541,0.00034582437
6438339407,6438339175,0.01647142,0.027507352,0.0003386304
6438343151,6438342920,0.017072275,0.027831737,0.00034492594
6438349392,6438349162,0.017707182,0.02799394,0.00035829813
6438353147,6438352908,0.017831093,0.027852947,0.00035456664
6438360630,6438360398,0.016687082,0.02756816,0.0003501844
6438364383,6438364144,0.01661212,0.027588218,0.00035146845
6438366866,6438366640,0.016816502,0.027616601,0.00035328095
6438374371,6438374132,0.018011166,0.027729155,0.00036458133
6438378110,6438377876,0.018027406,0.027695565,0.00036747934
6438383105,6438382872,0.016905205,0.028104646,0.00036796683
6438388097,6438387864,0.015890319,0.027988717,0.00037241154
6438393095,6438392858,0.015611553,0.02754189,0.00037149107
6438399331,6438399100,0.016864905,0.027512679,0.00036731883
6438401827,6438401597,0.017442971,0.027586339,0.00036652735
6438409321,6438409088,0.018089615,0.027711445,0.00037845434
6438413073,6438412833,0.017607464,0.028176323,0.0003831264
6438419316,6438419075,0.017222613,0.027932726,0.00039029657
6438423060,6438422820,0.016969318,0.027459588,0.00039617578
6438430546,6438430312,0.01723232,0.027617723,0.00039925278
6438434298,6438434059,0.017613374,0.027890224,0.0003977476
6438440527,6438440299,0.017882008,0.027584296,0.00038827013
6438444285,6438444044,0.017715828,0.027379315,0.00038588498
6438448022,6438447790,0.017445745,0.027652856,0.00038560008
6438453018,6438452784,0.017204175,0.027798992,0.00038153792
6438458016,6438457777,0.017403925,0.027904047,0.00037846185
6438463004,6438462771,0.01723805,0.028089814,0.00038198134
6438469242,6438469013,0.017194968,0.027592747,0.0003877787
6438472999,6438472759,0.017138796,0.027564341,0.00039058554
6438479241,6438479001,0.017469296,0.027767569,0.00038905715
6438482984,6438482746,0.018019,0.027905528,0.00038079545
6438490477,6438490237,0.017304368,0.027965253,0.00036495313
6438494224,6438493987,0.017043123,0.027885908,0.0003628405
6438500455,6438500225,0.017844047,0.027627748,0.00035909633
6438504206,6438503974,0.017945282,0.02769571,0.0003553591
6438507956,6438507716,0.017743293,0.027563764,0.0003512647
6438514203,6438513957,0.017464722,0.027862497,0.0003442803
6438517943,6438517703,0.01772271,0.027935991,0.00034082585
6438522925,6438522696,0.018019814,0.027652996,0.00034392846
6438527921,6438527690,0.018166857,0.027729124,0.0003498787
6438532931,6438532684,0.018416975,0.027950559,0.00035213298
6438539163,6438538926,0.017985404,0.027890798,0.0003470179
6438542936,6438542672,0.017503409,0.0275968,0.00034141538
6438549149,6438548919,0.01735768,0.02755177,0.00034309106
6438552892,6438552659,0.017427025,0.027680833,0.0003506076
6438560382,6438560150,0.018059673,0.027395338,0.00036247793
6438562891,6438562647,0.018112537,0.02737689,0.00036231996
6438570374,6438570138,0.017841034,0.02804046,0.00035835605
6438574144,6438573886,0.017693503,0.027800582,0.0003547167
6438577874,6438577628,0.017544493,0.027738953,0.0003516904
6438584109,6438583873,0.01800285,0.027672078,0.00035107706
6438587848,6438587615,0.01810759,0.027635977,0.00034846773
6438592842,6438592609,0.018079445,0.027779197,0.00034737628
6438597835,6438597603,0.018399304,0.027637407,0.00035327667
6438602832,6438602597,0.017979927,0.027391274,0.0003605316
6438609072,6438608839,0.017945843,0.027242914,0.00036885764
6438612813,6438612584,0.018111646,0.027495949,0.00037457215
6438619058,6438618826,0.018554596,0.027304864,0.00037883833
6438622806,6438622572,0.01819953,0.02751821,0.00037306547
6438630310,6438630062,0.017173458,0.027722422,0.00036559787
6438632794,6438632559,0.017220542,0.027741045,0.0003665904
6438640288,6438640050,0.018079566,0.027725128,0.00036449966
6438644038,6438643796,0.018204607,0.027824573,0.00036288757
6438650294,6438650038,0.01871567,0.028078295,0.0003621017
6438654027,6438653784,0.019014157,0.028065043,0.00036438493
6438657758,6438657528,0.018955614,0.027766824,0.0003725365
6438662758,6438662522,0.0185675,0.02741551,0.00038492386
6438668999,6438668764,0.017859481,0.02753422,0.00038772626
6438675243,6438675007,0.01809179,0.02754639,0.00038156283
6438678983,6438678752,0.01817527,0.02753431,0.00037480975
6438682730,6438682497,0.018405719,0.027725972,0.00037307307
6438688987,6438688740,0.018270997,0.028047487,0.00038140186
6438692723,6438692485,0.018230852,0.027930884,0.0003851396
6438700204,6438699975,0.018398823,0.027432006,0.00038576336
6438703964,6438703721,0.01832095,0.027688758,0.0003804974
6438710201,6438709963,0.01808554,0.02767361,0.00037838402
6438713943,6438713709,0.018481782,0.027571784,0.00038578289
6438722680,6438722449,0.018540679,0.027892206,0.00038409702
6438723935,6438723696,0.018588828,0.027858004,0.0003818981
6438732667,6438732435,0.018861156,0.027292524,0.00039022748
6438735164,6438734932,0.01894935,0.027327957,0.00039653762
6438738914,6438738677,0.018657098,0.027543427,0.00040451172
6438745158,6438744920,0.018532787,0.027608026,0.00040410963
6438748902,6438748665,0.018205816,0.027617196,0.00039661123
6438756403,6438756156,0.018729318,0.02768714,0.0003923987
6438758879,6438758652,0.018669648,0.027590765,0.0003942735
6438766376,6438766144,0.018259376,0.027800407,0.0004067461
6438770130,6438769889,0.018132046,0.027647726,0.00040954733
6438773871,6438773634,0.017979056,0.027711263,0.0004098704
6438780111,6438779876,0.01860339,0.027589884,0.00040933012
6438783857,6438783622,0.01899437,0.027707906,0.00040834345
6438792599,6438792361,0.019096171,0.027831214,0.00039361545
6438793841,6438793609,0.0189379,0.027819026,0.0003924253
6438801338,6438801100,0.018498585,0.027713351,0.00039383554
6438805085,6438804845,0.01830642,0.027659006,0.00039866372
6438808834,6438808590,0.018320028,0.027761936,0.00040831603
6438815071,6438814833,0.018777976,0.027763164,0.00042316815
6438818809,6438818578,0.018860525,0.02728376,0.0004223695
6438826308,6438826069,0.018581113,0.027288767,0.0004134212
6438828795,6438828565,0.018479284,0.027412238,0.00041176437
6438836325,6438836056,0.017770411,0.02759824,0.00040363768
6438840035,6438839801,0.017896853,0.02778163,0.00039960144
6438843777,6438843547,0.018130315,0.02769718,0.00039881503
6438850025,6438849789,0.018666245,0.027392536,0.000393688
6438853773,6438853535,0.019173551,0.027638394,0.00038817903
6438862507,6438862273,0.01906297,0.027718294,0.00038814606
6438865017,6438864770,0.018994236,0.027801298,0.0003875777
6438872495,6438872261,0.018719833,0.02809183,0.00038568882
6438874990,6438874758,0.01841153,0.028074067,0.00038811093
6438878743,6438878504,0.018330496,0.027695313,0.00039261498
6438884980,6438884745,0.018711189,0.02744336,0.00039409014
6438888721,6438888491,0.018997809,0.02760705,0.00039895877
6438896213,6438895981,0.019567175,0.027582316,0.0004054304
6438899961,6438899727,0.018886546,0.027513625,0.00040091298
6438906205,6438905969,0.017841693,0.027374623,0.00038907558
6438909947,6438909714,0.01774949,0.027477903,0.0003843536
6438913698,6438913460,0.018134166,0.027562274,0.00038490284
6438919936,6438919702,0.018639054,0.027809389,0.0003854543
6438923712,6438923449,0.018745456,0.027980488,0.00037760727
6438932421,6438932186,0.018311182,0.027798643,0.0003600405
6438934928,6438934684,0.01836005,0.02753708,0.00035992378
6438942407,6438942174,0.018862212,0.027429212,0.00036079265
6438944908,6438944671,0.01899501,0.027568424,0.00036398158
6438948647,6438948416,0.0193264,0.027524455,0.00036613035
6438954923,6438954659,0.018710403,0.027818002,0.0003557294
6438958635,6438958404,0.018337592,0.027951734,0.0003493818
6438966132,6438965894,0.018279945,0.027498858,0.00035026704
6438969867,6438969640,0.018207684,0.027367517,0.00035355697
6438976114,6438975882,0.018263621,0.027427621,0.00036234868
6438979857,6438979628,0.018369993,0.027343951,0.00036415373
6438983608,6438983373,0.018633172,0.02758946,0.00036155843
6438989850,6438989615,0.018304318,0.027978638,0.00036349145
6438993593,6438993360,0.01794798,0.028021393,0.00036192432
6439002337,6439002100,0.01855213,0.02767038,0.00035541452
6439004827,6439004596,0.018661562,0.027854161,0.00035267245
6439012327,6439012087,0.019008802,0.02780785,0.00035267408
6439014815,6439014584,0.01883125,0.027888557,0.00036015204
6439018565,6439018329,0.018387394,0.02767746,0.00037107992
6439024800,6439024571,0.018142492,0.027622124,0.0003748285
6439028547,6439028317,0.01818749,0.027897604,0.00037455212
6439036046,6439035807,0.018299734,0.027859382,0.0003756098
6439039781,6439039553,0.018645523,0.027768457,0.00037820567
6439046045,6439045795,0.019073859,0.02740386,0.00038344375
6439049772,6439049540,0.018745748,0.027552268,0.0003844322
6439053523,6439053290,0.018247994,0.027824266,0.00038199234
6439062270,6439062025,0.017562216,0.02787572,0.0003646277
6439063511,6439063273,0.01766507,0.027804667,0.00036399302
6439072283,6439072012,0.018094338,0.027505893,0.00036625116
6439074743,6439074509,0.018293992,0.027496787,0.00036566827
6439082244,6439082000,0.017626341,0.027900461,0.00036531058
6439084723,6439084497,0.017537601,0.027773606,0.00036667765
6439088481,6439088242,0.017659072,0.027497955,0.00037239038
6439095968,6439095733,0.017660605,0.027401982,0.00036708137
6439098474,6439098230,0.017600553,0.02750374,0.00036446683
6439105952,6439105720,0.018318418,0.028045101,0.00036308216
6439109696,6439109465,0.018481134,0.02822757,0.00036819756
6439115944,6439115708,0.017604295,0.027816419,0.00038272538
6439119688,6439119454,0.017452752,0.02767927,0.0003879176
6439123438,6439123199,0.017826814,0.027611377,0.00039018202
6439132174,6439131938,0.017807618,0.027374795,0.0003833036
6439133419,6439133186,0.017804855,0.027337262,0.00038347865
6439142156,6439141925,0.017324202,0.027960679,0.00039259475
6439144648,6439144422,0.017303618,0.027878629,0.0003936794
6439152149,6439151913,0.017279388,0.027451715,0.00038927022
6439154641,6439154410,0.01776767,0.027554205,0.00038663103
6439158429,6439158155,0.017738862,0.027554467,0.00038196126
6439165881,6439165646,0.017559294,0.027652118,0.0003745504
6439168378,6439168145,0.017425597,0.027734213,0.00037306384
6439175867,6439175633,0.01742781,0.027978037,0.00036839448
6439179615,6439179379,0.017610574,0.02772594,0.00036652593
6439185853,6439185621,0.0176094,0.027486125,0.00036493034
6439189636,6439189370,0.017716128,0.027854692,0.00036158672
6439193347,6439193112,0.01742829,0.027819693,0.00035490116
6439200837,6439200602,0.01659488,0.02773288,0.00033519007
6439203331,6439203099,0.016459279,0.02770491,0.0003274945
6439212079,6439211838,0.01684693,0.02782083,0.00031747567
6439214567,6439214335,0.017037574,0.027548905,0.00031594982
6439220840,6439220577,0.017330222,0.027584286,0.0003062036
6439224554,6439224323,0.01720782,0.027783433,0.00030121976
6439228315,6439228068,0.016936023,0.027963001,0.00030165075
6439235801,6439235559,0.016447026,0.027933769,0.00030873623
6439238300,6439238055,0.016151013,0.028073141,0.0003138726
6439245777,6439245549,0.016554186,0.02755896,0.00031498648
6439249525,6439249292,0.016553808,0.02742034,0.00031207295
6439257016,6439256782,0.017171748,0.028014477,0.00030277146
6439259510,6439259279,0.016890632,0.028229935,0.0003019833
6439263278,6439263025,0.016078033,0.028051782,0.00030216138
6439271996,6439271764,0.015832413,0.027487012,0.00030183964
6439274498,6439274261,0.016066803,0.027419355,0.00029874837
6439280744,6439280503,0.016551292,0.027596343,0.00030176985
6439284487,6439284248,0.016673977,0.02760868,0.0003068604
6439291983,6439291739,0.01638759,0.028151445,0.00030929194
6439294469,6439294236,0.016231611,0.028311001,0.00030824274
6439298211,6439297981,0.016044477,0.028288381,0.00030672844
6439305704,6439305472,0.016122397,0.027704295,0.000320615
6439309457,6439309217,0.016242322,0.027424611,0.000330001
6439315691,6439315459,0.01606301,0.027804226,0.000334842
6439319447,6439319205,0.015622309,0.027953463,0.000337323
6439326939,6439326695,0.01503992,0.02767218,0.0003301648
6439329426,6439329193,0.015300384,0.027381029,0.00032534907
6439333176,6439332939,0.01555374,0.0274151,0.00032077002
6439341913,6439341677,0.016621487,0.027647445,0.000335721
6439344418,6439344173,0.016402924,0.02748544,0.00033691715
6439351907,6439351664,0.015394619,0.027777174,0.00032328814
6439354393,6439354164,0.015190731,0.027718753,0.00031922912
6439361912,6439361652,0.01494828,0.027732275,0.00030404417
6439364381,6439364148,0.014986127,0.027780762,0.00030076716
6439368123,6439367894,0.015326208,0.028034806,0.0002986913
6439375613,6439375384,0.01586401,0.028178915,0.00031175936
6439379369,6439379130,0.015779646,0.02815406,0.0003134458
6439385603,6439385372,0.0143620195,0.02764309,0.00031434165
6439389348,6439389117,0.014194732,0.027587233,0.0003191773
6439396849,6439396609,0.014594442,0.027902642,0.00031465336
6439399333,6439399105,0.0148172295,0.027798716,0.00031502335
6439403089,6439402850,0.014957363,0.027731955,0.00031798906
6439411835,6439411590,0.015115998,0.027562303,0.0003197945
6439414318,6439414087,0.014832237,0.02777946,0.00031721755
6439420572,6439420331,0.014695188,0.028017083,0.00031918497
6439424348,6439424074,0.014712636,0.027828246,0.00032011117
6439431796,6439431565,0.014642763,0.027608868,0.0003219004
6439434299,6439434062,0.014705196,0.027681025,0.00031969615
6439438063,6439437807,0.014485173,0.028159361,0.0003142254
6439445541,6439445298,0.01392461,0.028342528,0.0003048541
6439449282,6439449043,0.013533471,0.028160999,0.00030487805
6439455556,6439455285,0.0141076,0.02783314,0.00031574842
6439459264,6439459031,0.014429104,0.027436744,0.00032681963
6439466756,6439466521,0.014392597,0.027560337,0.0003395166
6439471749,6439471515,0.014175474,0.028220506,0.00034067844
6439473000,6439472764,0.014069959,0.028233156,0.0003396056
6439481735,6439481503,0.013281127,0.028049445,0.00032950175
6439484229,6439483999,0.01335176,0.027877519,0.00032780593
6439491724,6439491490,0.014186911,0.027793426,0.0003231669
6439494216,6439493987,0.014308222,0.027847692,0.00032355884
6439501712,6439501478,0.0133132925,0.027850268,0.0003280434
6439505465,6439505223,0.013359471,0.02787315,0.0003262411
6439507950,6439507720,0.013209582,0.02785442,0.00032439342
6439515446,6439515211,0.0133113,0.027699947,0.00031542245
6439519190,6439518956,0.013143486,0.02799499,0.00030725205
6439525429,6439525199,0.01329024,0.028001873,0.00030017743
6439529180,6439528946,0.0134045,0.027845064,0.00029723963
6439536670,6439536434,0.012812533,0.027970422,0.00029340302
6439541712,6439541428,0.012152964,0.028070806,0.0002954978
6439542910,6439542676,0.012199576,0.028085256,0.0002960367
6439551652,6439551416,0.012645008,0.02820555,0.00029859465
6439554142,6439553912,0.012776001,0.02815057,0.00029750177
6439561636,6439561403,0.013278224,0.027637912,0.00028305963
6439564145,6439563900,0.013093198,0.027898453,0.000279038
6439571634,6439571391,0.012447493,0.027945042,0.0002872564
6439575368,6439575136,0.012601048,0.02773235,0.00029466188
6439577868,6439577633,0.012818893,0.027588626,0.00029715057
6439585359,6439585124,0.013061143,0.027971273,0.00029196194
6439589105,6439588872,0.013013089,0.027915036,0.0002837466
6439595341,6439595111,0.0122549385,0.027850779,0.00027780773
6439599088,6439598856,0.0116562685,0.027850509,0.00027666983
6439606582,6439606347,0.011635853,0.028005574,0.0002819193
6439611572,6439611341,0.011887043,0.028274946,0.00027704902
6439612821,6439612589,0.012088828,0.028319838,0.00027460032
6439620327,6439620080,0.013007712,0.02809205,0.0002625725
6439624055,6439623825,0.01282311,0.027937107,0.00026145345
6439631551,6439631316,0.01184709,0.027571045,0.00025603833
6439634048,6439633813,0.011698473,0.02767569,0.00025189863
6439641537,6439641304,0.01157589,0.028017422,0.00024809688
6439645297,6439645049,0.011960937,0.028100759,0.00025000467
6439649027,6439648794,0.011835314,0.028019473,0.00025255178
6439655277,6439655037,0.011920237,0.027963342,0.00026078854
6439659084,6439658787,0.011430117,0.028293783,0.00026704016
6439666505,6439666273,0.0108888,0.028197128,0.00027452564
6439669000,6439668769,0.011327014,0.028147707,0.00027582748
6439676499,6439676260,0.01176186,0.027499065,0.00027979902
6439681485,6439681254,0.011446473,0.027504668,0.0002863882
6439683979,6439683751,0.01126604,0.027650975,0.00029142472
6439691480,6439691241,0.011110145,0.028129958,0.0003015274
6439693984,6439693738,0.011093233,0.02814657,0.00030493826
6439701468,6439701229,0.011280669,0.027757978,0.00031214987
6439703958,6439703727,0.011056814,0.027914027,0.00031183095
6439711449,6439711217,0.011211545,0.028151715,0.00029126115
6439715194,6439714962,0.010922008,0.02827702,0.00028236193
6439718953,6439718707,0.010594758,0.028097454,0.00027212393
6439725182,6439724949,0.010208563,0.027950695,0.0002546474
6439728928,6439728695,0.01062921,0.02803586,0.0002541623
6439736429,6439736187,0.01116867,0.028367247,0.00027550955
6439738928,6439738683,0.011049794,0.028189879,0.00028079905
6439746408,6439746173,0.010642002,0.028212024,0.0002778694
6439751402,6439751167,0.010323757,0.028284973,0.00027434278
6439753905,6439753664,0.010212084,0.028212264,0.00027575233
6439762635,6439762404,0.010851794,0.028121797,0.00028521314
6439763897,6439763652,0.010931972,0.028168023,0.0002866826
6439771379,6439771142,0.010407855,0.027871666,0.00029710185
6439773867,6439773639,0.010576046,0.02792221,0.00030424583
6439781368,6439781133,0.010878055,0.028068846,0.00031832722
6439785111,6439784875,0.0104970625,0.027999166,0.00031677523
6439788850,6439788620,0.009922722,0.028108876,0.0003103943
6439795088,6439794862,0.009738004,0.028360944,0.00030690423
6439798844,6439798608,0.0097492,0.028148813,0.00030549936
6439806332,6439806099,0.0097591905,0.027763054,0.0002971945
6439808831,6439808595,0.009671881,0.02783729,0.00029627673
6439816321,6439816086,0.009641083,0.028349962,0.00029111686
6439821322,6439821080,0.010137717,0.027824033,0.0002844774
6439823807,6439823577,0.01040115,0.02764775,0.00028584237
6439830048,6439829819,0.010157544,0.027857512,0.0002984061
6439833792,6439833564,0.009659989,0.027964177,0.0003021264
6439841293,6439841055,0.009312411,0.028168624,0.0002985327
6439843784,6439843552,0.0093222335,0.028090041,0.00029287735
6439851287,6439851042,0.009801567,0.02796007,0.00027237454
6439855014,6439854788,0.01000233,0.027932752,0.00026618273
6439858767,6439858534,0.009608337,0.028076515,0.00025940588
6439865009,6439864775,0.009298682,0.028260143,0.00024795867
6439868752,6439868521,0.009203723,0.028219773,0.00024618537
6439876247,6439876012,0.008641079,0.028466323,0.0002370586
6439881243,6439881007,0.009339347,0.028156035,0.00023560866
6439886231,6439885999,0.009940412,0.02796231,0.00023731486
6439891227,6439890993,0.009562071,0.027893329,0.0002400549
6439893789,6439893494,0.009419308,0.028007299,0.00023970766
6439901215,6439900980,0.008868163,0.028389443,0.00022413302
6439903713,6439903477,0.008871938,0.028330255,0.00021902882
6439911203,6439910968,0.009278436,0.028070925,0.000199215
6439914951,6439914713,0.0096518155,0.028154062,0.0001842434
6439921188,6439920955,0.009387535,0.027955228,0.00016356198
6439924979,6439924701,0.008660421,0.02809379,0.00015314424
6439928689,6439928446,0.008465122,0.028321953,0.00014817022
6439934921,6439934688,0.008379472,0.028323526,0.00014649118
6439938673,6439938434,0.008866774,0.028227732,0.00014703903
6439946158,6439945925,0.009208232,0.028345384,0.0001573611
6439951155,6439950918,0.008968665,0.028358448,0.00016375088
6439956173,6439955912,0.008806544,0.028165378,0.00016065814
6439959890,6439959657,0.008450367,0.028156763,0.00015784244
6439963635,6439963403,0.008499781,0.028075997,0.00015621066
6439971126,6439970896,0.008924963,0.028268319,0.00015124772
6439973622,6439973390,0.0091318255,0.02833032,0.00014752422
6439981125,6439980881,0.008918764,0.02829814,0.00014522934
6439984857,6439984626,0.008722562,0.028230304,0.0001490222
6439992357,6439992118,0.008300388,0.028252997,0.00015972214
6439994841,6439994614,0.008331306,0.028333431,0.00016275374
6439998598,6439998359,0.008244652,0.02833833,0.00016142301
6440004833,6440004601,0.008296229,0.028098777,0.00015808022
6440008580,6440008347,0.008538301,0.02827749,0.00016052186
6440016072,6440015837,0.008721907,0.027989622,0.00016380167
6440021070,6440020831,0.008590637,0.028055735,0.00015450455
6440026057,6440025825,0.008407053,0.028241111,0.00015309865
6440031058,6440030819,0.008257275,0.028216371,0.00015207163
6440033544,6440033316,0.008441926,0.028252598,0.00015105626
6440041057,6440040806,0.008740584,0.028030938,0.00015089322
6440043536,6440043303,0.008707377,0.028012503,0.00014710895
6440051033,6440050794,0.0076493663,0.028298799,0.00012681476
6440054770,6440054539,0.007720742,0.028080307,0.00011638939
6440061016,6440060781,0.007816039,0.028259173,0.00010842037
6440064759,6440064527,0.007976011,0.028248832,0.000112405294
6440068504,6440068272,0.008697217,0.028033515,0.00012053223
6440075996,6440075763,0.008730192,0.02812227,0.00012229773
6440078520,6440078262,0.008548801,0.028017785,0.00011920664
6440085979,6440085750,0.008112522,0.028152602,0.00010894607
6440090982,6440090744,0.0075436276,0.02829128,0.000114425275
6440095976,6440095738,0.007808022,0.028419567,0.00012582153
6440100979,6440100732,0.008365088,0.02835566,0.00013130564
6440103482,6440103229,0.008406127,0.02837411,0.00013470769
6440110963,6440110720,0.008173027,0.02814614,0.00014424424
6440113450,6440113216,0.008220549,0.028108668,0.00014710933
6440120952,6440120707,0.008402654,0.02814157,0.00016308087
6440124690,6440124458,0.008413537,0.028208705,0.00016508804
6440130937,6440130695,0.008199987,0.028062325,0.00016303078
6440134673,6440134439,0.0079001235,0.02806434,0.00016357018
6440138421,6440138185,0.007925522,0.028030585,0.0001631681
6440145920,6440145676,0.0080854045,0.02829875,0.00016161354
6440148406,6440148173,0.008230279,0.02833054,0.00016489152
6440155901,6440155663,0.007937972,0.02844504,0.00016466068
6440159649,6440159408,0.007980331,0.028074386,0.00015981776
6440165888,6440165651,0.008114222,0.027715176,0.00015749628
6440170887,6440170645,0.008004628,0.027847024,0.00015755885
6440173372,6440173141,0.007859826,0.028209126,0.0001569961
6440180870,6440180633,0.007983816,0.028391346,0.00015394125
6440183358,6440183129,0.007737701,0.028249705,0.00015471643
6440190860,6440190620,0.008200505,0.027880928,0.00015857152
6440194601,6440194365,0.00831815,0.02802016,0.00016507127
6440200841,6440200608,0.0081811845,0.028330686,0.00017881104
6440204587,6440204353,0.00781874,0.028405352,0.00018370252
6440208336,6440208098,0.007952596,0.028351396,0.00018844365
6440215836,6440215589,0.007940243,0.028195271,0.00019309085
6440218343,6440218086,0.008327522,0.028273346,0.00019055187
6440225810,6440225576,0.00844768,0.028469613,0.00017517811
6440230806,6440230571,0.008012385,0.028233293,0.00017300047
6440237045,6440236812,0.0075718765,0.02805381,0.00017932903
6440240795,6440240558,0.0074789803,0.028300418,0.0001795589
6440243291,6440243054,0.0075169466,0.028306227,0.00017470898
6440250828,6440250546,0.0083036795,0.028176628,0.00015826608
6440253288,6440253042,0.008330498,0.02819614,0.00015434367
6440260767,6440260533,0.008359435,0.02805195,0.00014970424
6440264511,6440264278,0.007920749,0.028131908,0.00015187565
6440272011,6440271769,0.007803855,0.028027568,0.00014843911
6440274494,6440274265,0.007916031,0.02779763,0.00014176485
6440278248,6440278011,0.008161648,0.027870381,0.0001349594
6440285742,6440285502,0.008413468,0.028079852,0.00012842398
6440290727,6440290496,0.008379531,0.02837396,0.00012515516
6440295724,6440295489,0.0078467885,0.028364073,0.00012446618
6440300721,6440300483,0.008067595,0.02826882,0.00013731256
6440306960,6440306725,0.008482823,0.027955633,0.00015441175
6440310710,6440310472,0.0085140765,0.027992327,0.00016144897
6440313228,6440312968,0.008402794,0.027992085,0.00016638087
6440320697,6440320458,0.008049531,0.028340185,0.00016838111
6440324450,6440324204,0.007946827,0.028469974,0.0001631222
6440330685,6440330446,0.0077984524,0.028337447,0.00016061448
6440334426,6440334191,0.008416081,0.028164867,0.00016052644
6440341941,6440341682,0.00872758,0.028032966,0.00016289699
6440344420,6440344180,0.008648566,0.028060863,0.00016567716
6440348158,6440347924,0.008556553,0.02830475,0.00017272592
6440355651,6440355415,0.0081909625,0.028263887,0.00019197205
6440360643,6440360409,0.008063967,0.028131433,0.00019857085
6440365637,6440365402,0.008570663,0.02766282,0.00020687669
6440370637,6440370399,0.008884148,0.02766662,0.00021407919
6440376871,6440376638,0.008601018,0.028328348,0.00021132769
6440379367,6440379135,0.00839298,0.028396511,0.0002078044
6440383110,6440382881,0.008482268,0.028299365,0.00020173825
6440390602,6440390371,0.008437189,0.028305212,0.00020996154
6440394350,6440394117,0.008470484,0.028154267,0.00021893185
6440400597,6440400359,0.009101217,0.028036503,0.00022716666
6440404339,6440404104,0.008928916,0.028023615,0.00022582663
6440411834,6440411595,0.008757549,0.028101442,0.0002315732
6440414328,6440414093,0.008679689,0.027933512,0.00023593703
6440418072,6440417837,0.008624159,0.027863719,0.00024147067
6440425563,6440425328,0.009201932,0.028423876,0.0002350754
6440430587,6440430323,0.009273435,0.028147727,0.00022807109
6440435554,6440435316,0.009154465,0.02815643,0.00022625498
6440440545,6440440309,0.008879698,0.02818589,0.00022180084
6440446795,6440446558,0.00834122,0.02831431,0.00022755066
6440450532,6440450296,0.0084526315,0.028078528,0.00023160476
6440453025,6440452793,0.008536254,0.028063085,0.00023227908
6440460520,6440460284,0.009398134,0.028227441,0.00022754559
6440464285,6440464029,0.009818358,0.028174939,0.00022991622
6440470503,6440470272,0.009394411,0.028130598,0.00023076926
6440474256,6440474017,0.00881445,0.028053047,0.00022956319
6440481740,6440481508,0.008546719,0.027988963,0.0002276971
6440485489,6440485255,0.00848767,0.028157327,0.00023139261
6440487990,6440487750,0.008798697,0.028201545,0.00023281461
6440495501,6440495241,0.010397395,0.028065294,0.00024224071
6440500478,6440500234,0.010100725,0.028732171,0.00024724042
6440505484,6440505229,0.009070248,0.028492458,0.00026035172
6440511712,6440511478,0.008862002,0.027823003,0.0002719522
6440516752,6440516464,0.009551158,0.02794463,0.0002666332
6440520464,6440520220,0.0100832535,0.028151717,0.00026086086
6440522934,6440522706,0.0100949975,0.02836602,0.000257313
6440530431,6440530197,0.009752207,0.028134888,0.00025300233
6440534173,6440533942,0.009662521,0.028071376,0.00025243586
6440540422,6440540185,0.009434459,0.028255094,0.00024941927
6440544160,6440543930,0.009621872,0.028113436,0.0002497593
6440551653,6440551421,0.010472725,0.02783402,0.00025200032
6440555409,6440555166,0.010239903,0.028072031,0.00025408753
6440557905,6440557663,0.009971512,0.028077794,0.0002579126
6440565392,6440565154,0.009584134,0.028221926,0.00026062794
6440570392,6440570148,0.00995014,0.028004345,0.00026447067
6440575375,6440575141,0.010270653,0.02780992,0.0002613469
6440580374,6440580135,0.010558948,0.028308555,0.0002527402
6440586604,6440586377,0.010730694,0.02840733,0.0002504244
6440590354,6440590123,0.010525322,0.028058864,0.00025395383
6440592849,6440592619,0.010352412,0.028128888,0.00025387842
6440600346,6440600110,0.009873097,0.028108925,0.00024857797
6440604087,6440603855,0.009830998,0.02787911,0.00024738268
6440611589,6440611346,0.010580345,0.028078377,0.0002577527
6440614084,6440613843,0.010930542,0.028097775,0.00026267435
6440621573,6440621334,0.0111335805,0.02799119,0.00025976787
6440625325,6440625079,0.01091446,0.02804099,0.00025421206
6440627806,6440627576,0.010689831,0.028272808,0.0002519434
6440635309,6440635066,0.010628564,0.028181544,0.00024331654
6440640300,6440640060,0.010546079,0.028260835,0.00023896882
6440645321,6440645055,0.011038208,0.028190421,0.00024536473
6440649029,6440648799,0.011221735,0.028067911,0.00025012498
6440656523,6440656290,0.011139235,0.02823155,0.00025352722
6440661526,6440661284,0.010971618,0.028082898,0.0002496257
6440662767,6440662532,0.01095602,0.028006442,0.00024865256
6440670275,6440670023,0.011137094,0.028074125,0.00024741716
6440674003,6440673768,0.01116339,0.028004693,0.0002449389
6440681492,6440681259,0.011399462,0.02781024,0.0002492731
6440683989,6440683756,0.011597906,0.027722215,0.0002501953
6440691490,6440691247,0.011241432,0.028159076,0.00024727304
6440695222,6440694992,0.011303728,0.028343042,0.00025312984
6440700221,6440699986,0.011714418,0.02827308,0.00026174518
6440705218,6440704981,0.011849478,0.02827832,0.00025927403
6440710208,6440709974,0.011820222,0.028496444,0.0002596332
6440716456,6440716216,0.01141822,0.02786123,0.00024626654
6440720198,6440719961,0.011356243,0.027800241,0.00023641433
6440726432,6440726203,0.011312109,0.027574651,0.00022186071
6440730185,6440729948,0.011579982,0.027979726,0.00022588835
6440733929,6440733694,0.012080696,0.028114416,0.00023367192
6440740169,6440739936,0.012075538,0.028131336,0.00024401095
6440743912,6440743681,0.011815995,0.02798104,0.00024821653
6440751420,6440751172,0.011978964,0.028391313,0.00026133197
6440753899,6440753669,0.012115628,0.028184468,0.0002647997
6440761389,6440761159,0.012350167,0.027947243,0.00026728085
6440765142,6440764905,0.012434373,0.027911874,0.00026433263
6440770131,6440769899,0.012507262,0.027892169,0.00025589336
6440775132,6440774893,0.01246621,0.028187945,0.0002483166
6440778872,6440778638,0.012244942,0.028193735,0.0002498651
6440786359,6440786128,0.0125021,0.027838783,0.00024411928
6440790115,6440789874,0.01285002,0.027826881,0.00023810168
6440796345,6440796116,0.013004558,0.027834224,0.00023595756
6440800093,6440799862,0.012794522,0.02767328,0.0002376107
6440803837,6440803607,0.012873253,0.027563255,0.00023533919
6440811331,6440811098,0.012986855,0.028629608,0.00022829216
6440813861,6440813594,0.012798599,0.028657937,0.00022656664
6440821330,6440821085,0.012927653,0.027605416,0.00022617281
6440823824,6440823582,0.013053749,0.027694827,0.00022762419
6440831313,6440831073,0.0133079775,0.027929477,0.00023219506
6440835060,6440834818,0.013041835,0.028183406,0.00023542508
6440838804,6440838563,0.012895734,0.028342726,0.0002363898
6440845073,6440844805,0.012820909,0.028187547,0.00023175628
6440850038,6440849799,0.013073696,0.028084714,0.00023171653
6440856285,6440856042,0.013530183,0.027959663,0.00024198517
6440860027,6440859787,0.013710097,0.028018346,0.0002507655
6440866264,6440866029,0.013787143,0.027960964,0.00025774707
6440870011,6440869776,0.013832662,0.027849417,0.000259983
6440873754,6440873520,0.013628645,0.027918596,0.00026301923
6440879999,6440879762,0.013367434,0.028024692,0.0002641139
6440883736,6440883507,0.01352265,0.028050322,0.00027013442
6440891233,6440890998,0.013772703,0.027918432,0.00027983327
6440894987,6440894744,0.013778364,0.028063744,0.0002719078
6440901230,6440900985,0.013942754,0.02787486,0.00025852062
6440904984,6440904731,0.014022059,0.027850129,0.0002526743
6440909962,6440909725,0.01408337,0.028117934,0.00024783183
6440914952,6440914719,0.01407032,0.02825778,0.00025533777
6440919946,6440919712,0.014084566,0.027959758,0.00026876057
6440926185,6440925954,0.014306634,0.027902912,0.00027044115
6440929952,6440929707,0.014177608,0.027901756,0.00026439424
6440936177,6440935942,0.014393058,0.027834628,0.00026445792
6440939923,6440939688,0.014505265,0.027647838,0.00026911634
6440943664,6440943432,0.014806571,0.027955122,0.00027397988
6440949910,6440949675,0.015181223,0.027825182,0.00027426702
6440953655,6440953421,0.015092762,0.028044699,0.0002701925
6440961154,6440960913,0.014418487,0.027838862,0.000269806
6440964898,6440964656,0.014181706,0.027708521,0.0002679711
6440971143,6440970908,0.014667467,0.027791027,0.00026293713
6440974902,6440974644,0.015144284,0.02790931,0.00026398138
6440979873,6440979638,0.01540031,0.027664836,0.00027399056
6440984869,6440984632,0.014533479,0.027699184,0.00029021027
6440989861,6440989625,0.0144607,0.028069984,0.0002960024
6440996105,6440995868,0.014550765,0.027943255,0.0002907284
6440999845,6440999613,0.0146408565,0.02770064,0.00029070032
6441006085,6441005855,0.015390412,0.027901754,0.0002904135
6441009853,6441009601,0.01600137,0.028027205,0.0002938551
6441013576,6441013346,0.015927898,0.028027236,0.00029546252
6441019823,6441019588,0.014940309,0.028102703,0.00029019642
6441023566,6441023334,0.015012561,0.028209295,0.00028390135
6441031067,6441030824,0.015673347,0.027982172,0.0002834994
6441034807,6441034569,0.016011616,0.027909217,0.00028901035
6441041046,6441040811,0.016017333,0.027743163,0.0003015059
6441044793,6441044557,0.01569066,0.027899895,0.0003042899
6441049795,6441049551,0.015658531,0.028034378,0.0003142662
6441056028,6441055793,0.015276286,0.02812399,0.00032003332
6441058524,6441058291,0.015643727,0.028047271,0.00031671868
6441066010,6441065780,0.01646457,0.02767103,0.00031301202
6441069757,6441069526,0.016300665,0.027901804,0.00031189766
6441075995,6441075768,0.015730765,0.027914904,0.0003022722
6441079794,6441079513,0.015673177,0.028000042,0.00029796758
6441083492,6441083260,0.015475252,0.027817905,0.00030025703
6441090983,6441090750,0.016061237,0.027703874,0.00030806955
6441093486,6441093246,0.016370364,0.027718617,0.00031079128
6441100972,6441100737,0.016592056,0.027831046,0.0003196057
6441104719,6441104482,0.01635533,0.027822966,0.0003195742
6441110983,6441110725,0.016003001,0.02784528,0.0003258382
6441114705,6441114470,0.015933705,0.027987542,0.00032816877
6441119698,6441119464,0.016622271,0.028166413,0.00032946924
6441125941,6441125706,0.017089516,0.027941292,0.00033142001
6441129686,6441129452,0.016984401,0.027749343,0.00033221944
6441135920,6441135693,0.0169776,0.027713483,0.0003201846
6441139675,6441139439,0.01654664,0.027915483,0.00030817415
6441143425,6441143184,0.016131122,0.027834155,0.00029993782
6441149662,6441149427,0.016252395,0.027602213,0.00030114868
6441153407,6441153172,0.016476931,0.027587568,0.00030386687
6441160902,6441160662,0.016923562,0.027864851,0.00030312833
6441163393,6441163159,0.016896253,0.028256023,0.00030518975
6441170885,6441170650,0.016152576,0.028155738,0.00031351866
6441174634,6441174395,0.01617471,0.02798371,0.0003134441
6441179622,6441179389,0.016520593,0.027931223,0.0003082401
6441184617,6441184383,0.017251274,0.027614487,0.00030920046
6441189611,6441189377,0.017269555,0.02779718,0.00031648143
6441195847,6441195619,0.01730611,0.027633438,0.00032581552
6441199609,6441199364,0.017358128,0.027917244,0.00032855244
6441205837,6441205606,0.01657173,0.028150104,0.00033277896
6441209592,6441209352,0.016631318,0.02779727,0.0003355923
6441213339,6441213097,0.017233865,0.027738832,0.00033918774
6441219572,6441219339,0.01802121,0.027619733,0.0003459035
6441223319,6441223085,0.018064441,0.027474757,0.00035035957
6441230809,6441230576,0.017393664,0.02797422,0.00034113243
6441233312,6441233072,0.01714951,0.028208401,0.0003390879
6441240800,6441240563,0.017153757,0.02758308,0.0003447025
6441244542,6441244309,0.017270343,0.027411092,0.00035076265
6441249544,6441249302,0.017443132,0.027684337,0.00035335455
6441254541,6441254308,0.017780472,0.028073123,0.00035230033
6441259526,6441259289,0.017573712,0.027999716,0.00034748795
6441265764,6441265532,0.01691486,0.028085278,0.00034661748
6441269517,6441269277,0.017086985,0.027820917,0.00034656253
6441275751,6441275519,0.017751899,0.027480256,0.00034926514
6441279500,6441279265,0.01814306,0.027677214,0.00034688236
6441283248,6441283010,0.018308302,0.027730292,0.00034477553
6441289495,6441289255,0.018104238,0.027977634,0.000348222
6441293234,6441292998,0.01776053,0.02803228,0.00035340167
6441300719,6441300488,0.017109856,0.028028384,0.00035799143
6441304479,6441304233,0.017378064,0.027754808,0.00036171553
6441310704,6441310476,0.018027004,0.027693642,0.00036051185
6441314456,6441314221,0.018107526,0.027973069,0.0003551173
6441319447,6441319215,0.017848747,0.027743286,0.00034541782
6441324443,6441324209,0.01742654,0.027465967,0.00034122655
6441329438,6441329202,0.017362755,0.027355332,0.00034821304
6441335680,6441335444,0.018035172,0.0274244,0.00035508256
6441339430,6441339190,0.018325923,0.027573781,0.00035779717
6441345662,6441345432,0.018251436,0.028080072,0.00036332462
6441349413,6441349178,0.018400973,0.028138014,0.000365908
6441356905,6441356668,0.017595062,0.027724775,0.0003736744
6441359402,6441359165,0.017681498,0.027783344,0.00037613214
6441363144,6441362910,0.017690763,0.02775463,0.00038002784
6441370636,6441370401,0.018139057,0.02814943,0.00037722074
6441374435,6441374146,0.018208565,0.027842473,0.00036723647
6441380623,6441380389,0.018193841,0.027555782,0.00035602276
6441384367,6441384134,0.018217115,0.027596708,0.00035333072
6441389360,6441389128,0.017888384,0.027651101,0.0003479817
6441394356,6441394122,0.017763153,0.027591117,0.00034257624
6441398114,6441397872,0.018054394,0.027743775,0.00034128843
6441405660,6441405358,0.01823709,0.02805097,0.0003433269
6441410587,6441410352,0.018253028,0.027714571,0.00034655392
6441415574,6441415345,0.017725574,0.027569428,0.00035131053
6441419328,6441419091,0.017791908,0.027654147,0.0003510019
6441426813,6441426581,0.018853605,0.027994217,0.00035024682
6441429334,6441429078,0.018864745,0.028075377,0.00035369862
6441433059,6441432823,0.018462602,0.027872797,0.00036122586
6441440565,6441440314,0.017205505,0.027638828,0.00036937319
6441444300,6441444060,0.017219562,0.027569383,0.00037166686
6441450535,6441450302,0.017769849,0.027820775,0.00037612123
6441454301,6441454047,0.018077683,0.02752388,0.00038075657
6441459278,6441459041,0.01865433,0.02773648,0.0003858562
6441464285,6441464035,0.018552804,0.027918855,0.00038770755
6441469277,6441469028,0.018457571,0.02784888,0.00038537657
6441475499,6441475271,0.017542543,0.0277351,0.00038292244
6441479264,6441479016,0.017299974,0.0277097,0.00038616362
6441485487,6441485258,0.017854068,0.027772257,0.0003828928
6441489240,6441489004,0.018537054,0.027667504,0.00037656326
6441496739,6441496500,0.018543474,0.0277502,0.0003676039
6441500481,6441500240,0.017899897,0.02794308,0.00036523514
6441502965,6441502736,0.01761832,0.027960856,0.00036695006
6441510467,6441510227,0.017765263,0.02795004,0.0003713397
6441514223,6441513974,0.018085308,0.027764365,0.00037003375
6441519198,6441518966,0.01822664,0.027283952,0.00036647127
6441524201,6441523960,0.018142764,0.027189614,0.00036870618
6441529187,6441528954,0.0178565,0.027503066,0.00036973774
6441535444,6441535196,0.017463766,0.027895914,0.0003742147
6441539175,6441538941,0.017537069,0.028097989,0.0003701703
6441545412,6441545184,0.0183311,0.02808209,0.00036415295
6441549163,6441548929,0.018635482,0.027878327,0.0003610048
6441555411,6441555171,0.018611338,0.027573645,0.00035732595
6441559154,6441558917,0.01791385,0.027778089,0.00036044963
6441566639,6441566407,0.016850436,0.028045047,0.00036495147
6441570395,6441570153,0.016746586,0.027872484,0.00036753164
6441572878,6441572649,0.017080745,0.027641494,0.0003700207
6441580374,6441580140,0.018392276,0.027787238,0.00036917653
6441584117,6441583886,0.018675003,0.027807364,0.0003567653
6441589115,6441588879,0.018417805,0.02787225,0.00034341577
6441594127,6441593873,0.01760507,0.027692879,0.0003454153
6441599107,6441598870,0.016994245,0.0277475,0.000352189
6441605346,6441605109,0.01725898,0.027695354,0.00036137673
6441609107,6441608854,0.01765298,0.027749117,0.00036496003
6441615332,6441615097,0.01821542,0.027986277,0.000364922
6441619087,6441618842,0.017859722,0.028008472,0.00036542994
6441625320,6441625085,0.017067855,0.02780586,0.0003742889
6441629069,6441628829,0.016637405,0.027791927,0.00037151147
6441636553,6441636320,0.01708888,0.027614929,0.00036139626
6441640350,6441640065,0.017437369,0.027709486,0.00035884496
6441642798,6441642562,0.017948471,0.027684424,0.00035576976
6441650290,6441650053,0.01806795,0.028254671,0.00035068553
6441654038,6441653798,0.017537702,0.028162813,0.00035667376
6441659036,6441658792,0.016960133,0.027697809,0.00037118563
6441664028,6441663786,0.017036123,0.027654989,0.0003748569
6441669012,6441668780,0.017203256,0.027903885,0.00036794215
6441675256,6441675022,0.017937187,0.028126001,0.00035789248
6441679004,6441678768,0.017584063,0.028190115,0.00035801722
6441685243,6441685009,0.016640268,0.028046189,0.00036354776
6441688990,6441688755,0.016313951,0.027661106,0.00036411194
6441696496,6441696246,0.016222943,0.028022205,0.0003675096
6441698976,6441698743,0.016608365,0.02803718,0.00037029668
6441706464,6441706233,0.0172245,0.027878538,0.00038143352
6441710214,6441709979,0.016935604,0.027700964,0.0003856513
6441713963,6441713724,0.016871028,0.02781773,0.00038378438
6441720197,6441719966,0.016389217,0.027856866,0.00036979184
6441723940,6441723711,0.016527383,0.027892167,0.00036640064
6441728948,6441728705,0.01682761,0.027856825,0.00037086185
6441733934,6441733699,0.016893735,0.02769294,0.0003794574
6441741417,6441741190,0.016771229,0.028094467,0.00037931916
6441745170,6441744937,0.016529176,0.028134951,0.00037113676
6441748936,6441748680,0.016495818,0.028133608,0.00036599644
6441755152,6441754923,0.016473394,0.028275404,0.00036774913
6441758907,6441758668,0.016610702,0.02836688,0.00037111656
6441766405,6441766159,0.016574716,0.027945504,0.00036831904
6441768898,6441768656,0.01641091,0.027946902,0.00036751776
6441776385,6441776147,0.015805826,0.027552467,0.0003652919
6441780126,6441779891,0.015586347,0.027791062,0.00036492996
6441783874,6441783637,0.015768625,0.027876735,0.00036586434
6441790120,6441789879,0.016379395,0.028055107,0.00037548944
6441793858,6441793624,0.016533848,0.028159808,0.00038304355
6441798858,6441798618,0.016130583,0.028020173,0.0003895412
6441803860,6441803612,0.015902914,0.027880313,0.0003879924
6441808842,6441808606,0.015724098,0.028008232,0.00038349914
6441815088,6441814848,0.015583498,0.027603274,0.00038502822
6441818826,6441818593,0.015433529,0.027562067,0.00038943693
6441825068,6441824835,0.01607793,0.027918678,0.00038565314
6441828822,6441828581,0.016159348,0.028108167,0.00038675134
6441836323,6441836072,0.015703905,0.028446851,0.00037966447
6441838805,6441838569,0.015462358,0.028348397,0.00037749446
6441846304,6441846060,0.015528808,0.027410032,0.00035941694
6441850055,6441849812,0.015207405,0.027539926,0.00034941098
6441853788,6441853550,0.01531685,0.027820434,0.00034706632
6441860030,6441859792,0.015320562,0.028101085,0.000359698
6441863773,6441863537,0.015174559,0.028126704,0.00037014778
6441868767,6441868531,0.015156564,0.027938083,0.0003661994
6441873774,6441873526,0.015200734,0.027773565,0.00035341462
6441881272,6441881015,0.01502512,0.027991565,0.0003369138
6441884988,6441884761,0.014709298,0.028024875,0.00032818242
6441888745,6441888506,0.014462787,0.028050413,0.00032304443
6441894979,6441894748,0.014536917,0.028004618,0.0003170036
6441898736,6441898494,0.014439231,0.028018877,0.0003123708
6441906241,6441905984,0.01480558,0.02794782,0.0003253651
6441909974,6441909730,0.015107604,0.027801137,0.00033549644
6441916208,6441915972,0.015260156,0.027738705,0.00033858226
6441919963,6441919718,0.014946115,0.028030729,0.00033977104
6441923701,6441923463,0.014378926,0.028104734,0.0003399578
6441928691,6441928456,0.013757516,0.027945291,0.00033684558
6441933690,6441933451,0.013941339,0.027810369,0.0003343506
6441938682,6441938444,0.014544681,0.027735636,0.00033767556
6441944923,6441944686,0.014453304,0.028136354,0.00033417667
6441951156,6441950928,0.014494163,0.0278064,0.0003356461
6441954909,6441954674,0.013874671,0.02817836,0.00033496454
6441958654,6441958419,0.013584891,0.02811472,0.00033228123
6441964897,6441964661,0.0137989875,0.028144209,0.00032121548
6441968642,6441968407,0.013628234,0.02797843,0.00031519803
6441976124,6441975897,0.01441944,0.027887918,0.0002987009
6441979891,6441979643,0.0143408375,0.028171265,0.00029203086
6441986119,6441985885,0.013713458,0.028102316,0.00029757322
6441989870,6441989630,0.013829871,0.028116425,0.00030217433
6441993618,6441993376,0.013699864,0.028205905,0.0003017868
6441999856,6441999620,0.013609145,0.027917217,0.00029698364
6442003598,6442003363,0.01369282,0.02786697,0.00029761685
6442011086,6442010854,0.013553064,0.028232854,0.0003046544
6442014832,6442014599,0.013452295,0.02816111,0.00030842941
6442018583,6442018345,0.013079476,0.028175341,0.00031190395
6442024820,6442024587,0.012391887,0.02791101,0.00031177784
6442028570,6442028333,0.012866255,0.027859436,0.0003102973
6442034801,6442034574,0.013918843,0.02744346,0.00031419218
6442038559,6442038320,0.014083084,0.02747903,0.0003143342
6442046050,6442045810,0.012961305,0.028383855,0.0003007301
6442049797,6442049556,0.012268193,0.028409965,0.00028939467
6442056037,6442055798,0.012438257,0.027805964,0.0002749535
6442059784,6442059543,0.01293167,0.02789409,0.0002708462
6442063536,6442063289,0.013052345,0.027851397,0.00027204896
6442068524,6442068282,0.013378037,0.028424071,0.00027474982
6442073511,6442073276,0.013161721,0.028589057,0.0002823702
6442078557,6442078271,0.012609747,0.028460436,0.00029194832
6442084744,6442084512,0.011899245,0.027797591,0.00028764666
6442088502,6442088262,0.011972978,0.02771397,0.00028132007
6442094731,6442094500,0.012549532,0.028133405,0.0002768276
6442098488,6442098245,0.012988642,0.02803645,0.00027803314
6442105981,6442105736,0.012847325,0.028021373,0.0002761577
6442108474,6442108233,0.012446201,0.027941894,0.00027483367
6442115949,6442115723,0.011860109,0.02793642,0.0002756257
6442119720,6442119469,0.012052375,0.028005252,0.0002814269
6442125941,6442125711,0.0127778,0.028287588,0.0002889774
6442129691,6442129457,0.012606014,0.028189847,0.00029445355
6442133437,6442133202,0.012090557,0.02806502,0.00029696262
6442138431,6442138196,0.011523392,0.027917305,0.000295667
6442143430,6442143189,0.011345861,0.027828906,0.0002921753
6442148415,6442148183,0.01161688,0.028033134,0.00029010267
6442154657,6442154425,0.0117506385,0.028099723,0.00028752198
6442158419,6442158171,0.0118763745,0.02818551,0.0002813153
6442164701,6442164418,0.011480428,0.028051585,0.00026819014
6442168392,6442168158,0.011022881,0.027940782,0.00026245677
6442175880,6442175649,0.011216772,0.027953843,0.00026191617
6442178379,6442178146,0.011538883,0.028240371,0.00026315564
6442185862,6442185636,0.011658667,0.028132021,0.00026822422
6442189618,6442189384,0.01167115,0.028134165,0.0002697856
6442195872,6442195625,0.011424491,0.028102262,0.00027202175
6442199612,6442199369,0.010895105,0.028408274,0.0002756239
6442203353,6442203115,0.010515552,0.028452419,0.00027680353
6442208341,6442208109,0.010566193,0.0283467,0.00027068853
6442213339,6442213102,0.010652817,0.027927062,0.0002633458
6442218336,6442218096,0.011303971,0.02790591,0.00026049322
6442224625,6442224340,0.0113682635,0.02799665,0.0002673495
6442228335,6442228084,0.011235999,0.028016575,0.00026762811
6442234553,6442234326,0.010444299,0.028341142,0.00025465456
6442238317,6442238071,0.010544308,0.028339518,0.00024819042
6442245799,6442245562,0.010466055,0.027975159,0.00024166964
6442248304,6442248059,0.010715517,0.028233511,0.00023975119
6442255780,6442255549,0.010805745,0.027946606,0.00024192635
6442259539,6442259295,0.010141635,0.028033467,0.00024865603
6442265765,6442265537,0.009917958,0.028229838,0.0002621089
6442269571,6442269282,0.010005367,0.027867356,0.00026869247
6442273267,6442273028,0.010688303,0.028029518,0.00027272516
6442278283,6442278023,0.011610906,0.028471438,0.00027183848
6442283262,6442283015,0.011157745,0.028270913,0.00027377592
6442288245,6442288009,0.009953558,0.028011149,0.00027954337
6442294489,6442294255,0.0088337865,0.028329385,0.00028461055
6442298231,6442297996,0.009085164,0.02846727,0.00028523477
6442304480,6442304239,0.010113846,0.028469132,0.00028195686
6442308225,6442307984,0.011026719,0.02856174,0.000275963
6442315711,6442315475,0.010563561,0.027939407,0.0002633347
6442319462,6442319220,0.009849466,0.027513176,0.00025401197
6442325695,6442325462,0.008520162,0.027900927,0.00024360656
6442329510,6442329208,0.0087222,0.02829096,0.0002393302
6442338189,6442337947,0.010883495,0.028283967,0.00023786115
6442339446,6442339196,0.011003114,0.028425125,0.00023774743
6442343174,6442342941,0.010989918,0.028508378,0.00023230881
6442350666,6442350432,0.009765555,0.028162694,0.00021800403
6442354420,6442354177,0.009268527,0.028305927,0.000217873
6442360654,6442360419,0.009314524,0.028014608,0.00021430195
6442364404,6442364165,0.009718453,0.027905228,0.00020569412
6442371896,6442371655,0.009991723,0.028269993,0.00018873384
6442374438,6442374153,0.009898994,0.028643794,0.00018581215
6442378145,6442377897,0.009428335,0.028491206,0.00018406255
6442385620,6442385388,0.009039423,0.027859453,0.00018079834
6442389421,6442389133,0.009238969,0.027849173,0.00017364109
6442395610,6442395376,0.009983347,0.028079774,0.0001657103
6442399359,6442399121,0.010217476,0.028135208,0.00016921607
6442408098,6442407860,0.00916814,0.028781854,0.00018715256
6442409341,6442409108,0.009024088,0.028802088,0.00018995622
6442413094,6442412854,0.008642081,0.02870159,0.00019494732
6442420578,6442420344,0.008819482,0.028104087,0.00019335814
6442424318,6442424089,0.009119494,0.027964013,0.00019226536
6442430566,6442430332,0.009736106,0.027957844,0.00018964046
6442434346,6442434077,0.010031288,0.028029617,0.00018478339
6442441841,6442441568,0.009304505,0.028388185,0.00018149629
6442444312,6442444065,0.008703007,0.02806271,0.00018181825
6442449337,6442449059,0.008028828,0.027875178,0.00017630318
6442455532,6442455301,0.008911852,0.02812264,0.00016924807
6442459291,6442459046,0.009350078,0.028068298,0.00017283876
6442465523,6442465288,0.009319079,0.0282514,0.00018735179
6442469274,6442469034,0.00926032,0.028679773,0.0001980091
6442478006,6442477773,0.008725028,0.028150434,0.00021411417
6442480504,6442480269,0.008751606,0.028073667,0.00021718748
6442483001,6442482766,0.00889825,0.028095854,0.00021977985
6442490560,6442490265,0.009385338,0.028442388,0.00022500625
6442494306,6442494003,0.009320197,0.028303064,0.00022842357
6442500476,6442500245,0.008662221,0.028456006,0.00022154782
6442504222,6442503990,0.0087457355,0.028283995,0.00021319589
6442511710,6442511481,0.008769828,0.028178113,0.00020007677
6442515468,6442515226,0.008884256,0.028341576,0.00019023665
6442517964,6442517723,0.009011417,0.028234506,0.00018323945
6442525452,6442525214,0.008902452,0.027993089,0.00016528131
6442529192,6442528959,0.008659096,0.028080177,0.00016557884
6442535436,6442535202,0.008651762,0.028248012,0.00017339032
6442539234,6442538947,0.00864281,0.028262576,0.00017558417
6442546702,6442546440,0.008739178,0.028522784,0.00017630002
6442550422,6442550183,0.00890343,0.028345317,0.00017089411
6442552941,6442552681,0.008981484,0.028137203,0.00016537195
6442560399,6442560170,0.008857493,0.02782422,0.00016230329
6442564148,6442563915,0.00847264,0.027914908,0.00016210997
6442570392,6442570158,0.008101755,0.0282862,0.00015525459
6442574137,6442573903,0.008132965,0.028051129,0.00015350213
6442581626,6442581394,0.0090414155,0.028581453,0.00015631986
6442585377,6442585139,0.00892835,0.028474072,0.00016138748
6442587881,6442587636,0.008796936,0.028176373,0.00016435015
6442595362,6442595127,0.008475228,0.028122358,0.0001657931
6442599134,6442598873,0.008564558,0.02823621,0.0001629963
6442605348,6442605114,0.008832909,0.028094625,0.00016405113
6442609122,6442608860,0.0088187065,0.028002486,0.00016860235
6442617834,6442617599,0.008788604,0.02834705,0.00017732935
6442620327,6442620096,0.008662407,0.028336443,0.00017585928
6442622830,6442622593,0.008495981,0.028271891,0.00017256787
6442630320,6442630083,0.0085364245,0.028169377,0.00016412587
6442634068,6442633828,0.008530033,0.028258432,0.00016086978
6442640312,6442640071,0.009115267,0.028109517,0.0001574814
6442644074,6442643816,0.009116609,0.028111963,0.00016254914
6442651571,6442651308,0.008735727,0.028328465,0.00016624706
6442655294,6442655052,0.008456614,0.028253745,0.00016544007
6442657783,6442657549,0.008345381,0.028204415,0.00016429581
6442665279,6442665040,0.008841275,0.02802569,0.00016369559
6442669015,6442668785,0.008944227,0.028119735,0.00016179089
6442675267,6442675027,0.009378429,0.028434765,0.00015958962
6442679006,6442678773,0.009107681,0.028329542,0.00016406244
6442687748,6442687512,0.008422009,0.028128535,0.00016939004
6442690248,6442690008,0.008536137,0.0279714,0.00016791296
6442694001,6442693754,0.008783983,0.028104084,0.0001640001
6442700226,6442699996,0.009622532,0.02837217,0.00015737506
6442703994,6442703741,0.009476886,0.028436588,0.00015439175
6442710214,6442709984,0.008932587,0.028607484,0.00015056382
6442713967,6442713729,0.008845952,0.028660372,0.00014767956
6442721475,6442721220,0.008398058,0.027939102,0.00015427644
6442725265,6442724967,0.008639275,0.027892848,0.00015581708
6442728962,6442728710,0.008690757,0.028087348,0.0001575278
6442735187,6442734952,0.009165428,0.028274963,0.00016525124
6442738939,6442738698,0.009385076,0.02811414,0.00016524663
6442747673,6442747439,0.008451836,0.028279155,0.00017635888
6442748960,6442748686,0.008390928,0.028225277,0.00017748405
6442756490,6442756177,0.008702508,0.02812089,0.00018588311
6442760155,6442759922,0.00943171,0.028187262,0.00018959149
6442763947,6442763667,0.009726582,0.02814976,0.00019104745
6442770138,6442769909,0.00923554,0.02810382,0.00018259248
6442773901,6442773655,0.008817042,0.028333653,0.00017777891
6442781379,6442781145,0.0081942035,0.028226547,0.00017459955
6442783883,6442783642,0.008342626,0.02826578,0.00017736554
6442791370,6442791133,0.009673356,0.02812718,0.00018164088
6442795109,6442794878,0.010089827,0.028065443,0.00018040504
6442798879,6442798624,0.009943645,0.027862217,0.00018034264
6442805106,6442804871,0.008947669,0.02820195,0.00017607244
6442808866,6442808611,0.009112284,0.027974222,0.0001698813
6442817585,6442817350,0.009049639,0.028264014,0.0001727306
6442818850,6442818600,0.009171811,0.028326828,0.00017447685
6442827573,6442827338,0.009565412,0.028598042,0.00018738428
6442830068,6442829835,0.009480113,0.02876696,0.00019401503
6442837575,6442837326,0.008893016,0.028088346,0.00021053385
6442840054,6442839822,0.008781638,0.027853956,0.00021060473
6442843799,6442843567,0.009012076,0.027635101,0.00020893749
6442851298,6442851058,0.0096114855,0.027939666,0.00021390662
6442853807,6442853557,0.009999054,0.027966022,0.00021481879
6442861306,6442861047,0.009625528,0.02871018,0.00021774555
6442865019,6442864791,0.009371542,0.02879201,0.00021667448
6442871279,6442871033,0.00886579,0.028307974,0.00021205457
6442875010,6442874778,0.009055219,0.028039183,0.00020898339
6442878758,6442878524,0.009463405,0.027707081,0.0002123284
6442887498,6442887263,0.010676415,0.028150976,0.00021813804
6442889991,6442889760,0.010407321,0.02835113,0.00021834974
6442897488,6442897254,0.0094626285,0.028512789,0.00022214552
6442899994,6442899748,0.009118936,0.028518971,0.00022668639
6442907478,6442907238,0.009513544,0.028011795,0.00023104576
6442909966,6442909735,0.009949397,0.02792907,0.00022882664
6442913722,6442913481,0.010450191,0.028153,0.00022654471
6442921218,6442920974,0.010279001,0.028047247,0.00022335736
6442924963,6442924716,0.0099984305,0.027917,0.00022657376
6442931192,6442930959,0.009658028,0.02798515,0.0002313971
6442934934,6442934704,0.009755549,0.027937928,0.00023251517
6442938682,6442938449,0.010025645,0.028089877,0.00023227668
6442944933,6442944696,0.010209269,0.027937656,0.00022416428
6442948670,6442948437,0.010667655,0.02806826,0.00021083634
6442957409,6442957176,0.010368161,0.028319338,0.00019243655
6442959916,6442959673,0.010232677,0.028286915,0.00019212085
6442967400,6442967164,0.010098273,0.02809172,0.00019893503
6442969901,6442969660,0.010154933,0.028192801,0.00020201404
6442977396,6442977151,0.01091736,0.0283562,0.0002097552
6442979879,6442979648,0.0108790295,0.02842839,0.00020774145
6442983628,6442983393,0.010924302,0.028302252,0.00020427049
6442991163,6442990884,0.010085691,0.028081894,0.00019630017
6442994873,6442994638,0.010000184,0.02783029,0.0001944121
6443001098,6443000871,0.010927577,0.027959364,0.00019482624
6443004846,6443004617,0.01130371,0.02824018,0.00019639437
6443012342,6443012108,0.011109883,0.028046329,0.00019572364
6443014834,6443014604,0.010715506,0.028094737,0.0001974394
6443018598,6443018350,0.0103340335,0.028105376,0.00019860703
6443027327,6443027089,0.011085659,0.028064616,0.00019599208
6443029817,6443029586,0.011194466,0.027915467,0.00019889463
6443037318,6443037077,0.011507411,0.028119259,0.00020431181
6443039804,6443039573,0.011591801,0.028465861,0.0002035015
6443047301,6443047064,0.011077018,0.028216818,0.00020971871
6443049794,6443049561,0.010922884,0.028358603,0.00021098372
6443053555,6443053307,0.01085182,0.028354237,0.0002119186
6443061047,6443060797,0.011387007,0.0280737,0.00021767475
6443064768,6443064542,0.011493534,0.02825063,0.00022437176
6443071017,6443070785,0.011447764,0.028203044,0.00023521537
6443074758,6443074530,0.011500364,0.028066518,0.00023457159
6443082259,6443082020,0.011364767,0.028388042,0.00023234465
6443087269,6443087015,0.011225309,0.028276308,0.00023470899
6443088504,6443088263,0.011279167,0.028114075,0.00023576245
6443095986,6443095753,0.011849693,0.027470376,0.00023893567
6443099725,6443099499,0.011811796,0.027535655,0.00023870774
6443107220,6443106990,0.011849923,0.028123686,0.00022893524
6443109720,6443109486,0.011753873,0.02817538,0.00022799926
6443117213,6443116977,0.012172067,0.028275657,0.00023413186
6443120963,6443120722,0.012291008,0.028165052,0.00023561838
6443123479,6443123220,0.0123805525,0.02815096,0.00023627789
6443130934,6443130710,0.012299268,0.028218176,0.00023637473
6443134697,6443134456,0.012387472,0.028289625,0.0002314843
6443140941,6443140697,0.011478454,0.027899453,0.00022523376
6443144671,6443144443,0.0111790495,0.027699538,0.00022278479
6443152166,6443151934,0.012131264,0.028224373,0.00021196337
6443157164,6443156927,0.0128796445,0.02814527,0.00021138604
6443158417,6443158176,0.0129096145,0.028098326,0.00021261064
6443167160,6443166915,0.0124261435,0.027892685,0.00021919054
6443169641,6443169412,0.012098077,0.02803653,0.00022030139
6443175885,6443175654,0.011715573,0.028103579,0.00022141678
6443179631,6443179399,0.012020903,0.028284255,0.00022338906
6443187127,6443186890,0.013559081,0.02841882,0.00022819919
6443190862,6443190636,0.013393663,0.028229253,0.00023361525
6443193366,6443193133,0.0132424915,0.02797477,0.00023728862
6443200850,6443200623,0.012638245,0.027782049,0.00023872404
6443204600,6443204368,0.012414674,0.027787128,0.00023321458
6443210858,6443210619,0.012527258,0.028120967,0.00022600175
6443214589,6443214356,0.01288064,0.028002076,0.00022731857
6443222100,6443221847,0.013476382,0.02836954,0.00022507076
6443227077,6443226841,0.013505932,0.028282216,0.00022246083
6443228334,6443228089,0.013520758,0.02824002,0.00022187502
6443237068,6443236828,0.012881781,0.027830081,0.00021966478
6443239565,6443239325,0.01298365,0.027936392,0.00021860888
6443247052,6443246816,0.013873669,0.028065033,0.00021377024
6443249542,6443249312,0.013949204,0.028023524,0.00021390105
6443257091,6443256803,0.01340768,0.028133914,0.00022048285
6443260787,6443260548,0.012630427,0.02761539,0.00021808528
6443263298,6443263046,0.012544978,0.027624689,0.00021679507
6443270768,6443270536,0.013644419,0.028008098,0.00021471124
6443274510,6443274281,0.014246838,0.027851183,0.00021247208
6443282008,6443281772,0.014480765,0.027772704,0.00020835073
6443284505,6443284273,0.014331772,0.02822874,0.00020394771
6443291994,6443291759,0.013389268,0.027922042,0.00019110195
6443296992,6443296754,0.013174112,0.027845573,0.00019096474
6443299486,6443299254,0.013422462,0.027710076,0.00019535713
6443306978,6443306742,0.014554289,0.027660344,0.0002092567
6443309471,6443309238,0.014551099,0.027698036,0.0002138245
6443316969,6443316729,0.014363857,0.028050667,0.00022336347
6443319502,6443319225,0.0141054755,0.02805459,0.00022782465
6443323199,6443322971,0.013957854,0.027985906,0.00023245532
6443330714,6443330462,0.014526094,0.027921703,0.00025034923
6443334444,6443334207,0.0147738615,0.027865492,0.00026224923
6443340684,6443340449,0.014950276,0.028192233,0.0002752894
6443344434,6443344195,0.014748467,0.028242355,0.0002802659
6443351934,6443351685,0.013905301,0.027914017,0.00027794123
6443354416,6443354182,0.013908303,0.027953891,0.00027579098
6443361906,6443361673,0.014898164,0.028208159,0.00028193108
6443366903,6443366667,0.015385195,0.028082931,0.00028578535
6443369404,6443369163,0.015538141,0.027819682,0.00028448968
6443376888,6443376654,0.014591245,0.027886556,0.00027757615
6443379379,6443379151,0.014283202,0.027899817,0.00027600006
6443386898,6443386642,0.014104673,0.027747834,0.00027744938
6443389367,6443389138,0.014371687,0.027606882,0.0002790545
6443396861,6443396629,0.015748687,0.027781395,0.00028280666
6443400604,6443400375,0.016002147,0.027955716,0.00028377588
6443404356,6443404120,0.015693886,0.028032953,0.00028990526
6443410598,6443410362,0.015105356,0.02803103,0.00030506752
6443414348,6443414110,0.015053619,0.027782062,0.00031154155
6443421831,6443421598,0.015122862,0.027590971,0.00031587045
6443424330,6443424095,0.015398203,0.027731547,0.0003173114
6443431819,6443431585,0.015899666,0.027806623,0.00031857734
6443435560,6443435331,0.015593097,0.027774535,0.0003169277
6443439311,6443439076,0.015402678,0.027855564,0.0003143701
6443446804,6443446567,0.015214263,0.028082458,0.00031576288
6443449297,6443449064,0.015294679,0.028008945,0.00031218282
6443456792,6443456555,0.015851425,0.027823918,0.00030650327
6443459285,6443459051,0.016152019,0.02759193,0.0003085532
6443466782,6443466542,0.016487999,0.027607072,0.00031187522
6443470523,6443470290,0.01567176,0.027962284,0.0003118216
6443474280,6443474033,0.015333518,0.0282186,0.00031211204
6443480507,6443480275,0.015759462,0.02829312,0.00031570852
6443484266,6443484020,0.016103135,0.027926166,0.0003189496
6443491749,6443491511,0.016657049,0.028165251,0.00032563074
6443497982,6443497753,0.016363898,0.027835395,0.00032632213
6443501733,6443501498,0.015955653,0.02786978,0.0003251076
6443505495,6443505244,0.015591491,0.027937457,0.00032312755
6443509216,6443508989,0.0158152,0.027799334,0.00032117838
6443516717,6443516480,0.01637239,0.028045457,0.00031306475
6443519207,6443518977,0.016663091,0.028011939,0.00030739396
6443526702,6443526468,0.016965808,0.027713591,0.00029765916
6443530454,6443530213,0.016765025,0.027935136,0.0002946371
6443536698,6443536455,0.016024923,0.02753843,0.00029866694
6443540446,6443540201,0.015696503,0.027574932,0.00029885743
6443544180,6443543946,0.01556651,0.027842073,0.00029685773
6443550418,6443550188,0.016527938,0.027823921,0.00030034874
6443554221,6443553933,0.017256785,0.027669486,0.00030133498
6443561678,6443561429,0.01689215,0.02795352,0.0003013792
6443566650,6443566418,0.016403513,0.028165555,0.00029600828
6443571648,6443571412,0.016578928,0.02782285,0.00029076877
6443575389,6443575157,0.016930351,0.027764691,0.0002856895
6443579136,6443578903,0.017131018,0.027806908,0.00028367323
6443586639,6443586395,0.01685548,0.02780487,0.00028019297
6443589125,6443588890,0.016781589,0.027490972,0.00028065452
6443596614,6443596380,0.016653981,0.027762821,0.0002951842
6443600358,6443600126,0.01678014,0.027641404,0.00030446227
6443606603,6443606368,0.017752808,0.027662596,0.00031135563
6443610344,6443610114,0.017932098,0.027659206,0.0003095892
6443614129,6443613859,0.018032866,0.027768327,0.0003101563
6443620338,6443620102,0.016700428,0.02765781,0.00031753545
6443624090,6443623846,0.016093297,0.027589789,0.0003237229
6443631572,6443631337,0.01695679,0.027909765,0.00033572363
6443636564,6443636331,0.018120697,0.027709154,0.00034237935
6443641579,6443641338,0.017870422,0.027600393,0.00034054677
6443646556,6443646318,0.017464861,0.02792942,0.00033686124
6443649049,6443648815,0.017306346,0.027933938,0.0003343207
6443656542,6443656306,0.017197037,0.027926665,0.0003317482
6443659035,6443658803,0.01746075,0.027975837,0.00033054443
6443666530,6443666294,0.017610306,0.027738173,0.0003347971
6443670294,6443670039,0.017947981,0.02775189,0.00033551565
6443676527,6443676285,0.018066373,0.027726367,0.00033095
6443680278,6443680026,0.018025272,0.027809585,0.00033154714
6443684003,6443683772,0.017965974,0.027893363,0.00033446404
6443691497,6443691264,0.017401025,0.027544824,0.0003325521
6443694001,6443693759,0.017602293,0.02769034,0.00033000077
6443701495,6443701255,0.017823434,0.027439063,0.00032042267
6443706483,6443706244,0.017865641,0.02779066,0.00031786915
6443708986,6443708740,0.017741969,0.027868921,0.0003181918
6443716472,6443716231,0.01768404,0.027806584,0.0003206811
6443718961,6443718728,0.017908523,0.02789251,0.00032316844
6443726459,6443726219,0.01812371,0.028020307,0.00032126938
6443728959,6443728716,0.018083366,0.027759552,0.00031993023
6443736444,6443736206,0.018061517,0.02728708,0.00032243077
6443740183,6443739952,0.018016862,0.027409958,0.00032227935
6443743940,6443743697,0.017828165,0.027561102,0.0003279241
6443750172,6443749939,0.017905125,0.0277126,0.0003345407
6443753915,6443753685,0.018261174,0.0277755,0.0003359851
6443761417,6443761176,0.018236589,0.027769644,0.00034390468
6443763913,6443763672,0.018326117,0.027866969,0.00034710544
6443771402,6443771165,0.018395634,0.02790105,0.00034654577
6443776391,6443776157,0.018258825,0.02803033,0.00033780327
6443781391,6443781151,0.018303972,0.027579805,0.00033638676
6443786385,6443786144,0.01807576,0.027249852,0.00033276892
6443788880,6443788641,0.0179544,0.0273037,0.00032994617
6443796364,6443796132,0.018537428,0.02797423,0.00031404218
6443798864,6443798629,0.018379195,0.028052753,0.00031291132
6443806356,6443806122,0.018003771,0.027552525,0.00030805488
6443810102,6443809871,0.017995961,0.02771874,0.00030609695
6443816341,6443816107,0.018561233,0.027325315,0.00030226185
6443820085,6443819853,0.01862327,0.02730643,0.00029812317
6443823830,6443823598,0.018895078,0.027662111,0.0002922095
6443831326,6443831089,0.018951964,0.027663872,0.00029089424
6443833816,6443833585,0.018631412,0.027406853,0.00029256794
6443841316,6443841076,0.018157905,0.027664104,0.00029089893
6443846327,6443846070,0.018364497,0.027680416,0.00028530328
6443851306,6443851064,0.018768836,0.027873486,0.000280419
6443856296,6443856057,0.01865255,0.027751148,0.00027946406
6443858784,6443858554,0.018415108,0.027579049,0.0002829207
6443867528,6443867294,0.018272914,0.028042912,0.00029514273
6443870019,6443869790,0.01855005,0.02776604,0.00029232455
6443876270,6443876032,0.018878983,0.027662415,0.00029448752
6443880059,6443879778,0.018957207,0.027707482,0.00030617547
6443886276,6443886020,0.018925171,0.02788614,0.00032013707
6443889997,6443889765,0.018751321,0.02775583,0.0003180641
6443893747,6443893511,0.01887209,0.027522393,0.00030982093
6443901239,6443901001,0.019042417,0.027422415,0.00030384128
6443906233,6443905996,0.018600551,0.027531786,0.00030622084
6443911243,6443910989,0.018657003,0.027626976,0.0003102718
6443916214,6443915983,0.018933658,0.027490279,0.00031630596
6443922464,6443922226,0.019006463,0.027927484,0.00031778525
6443926201,6443925970,0.01879744,0.028141566,0.00032154258
6443928702,6443928467,0.01884557,0.027942847,0.00032435698
6443936213,6443935958,0.018849807,0.027384762,0.00033443348
6443939939,6443939703,0.0190132,0.027362807,0.00033730577
6443947426,6443947194,0.018781712,0.027923351,0.0003416226
6443949920,6443949691,0.018853532,0.027762566,0.00034275607
6443957435,6443957182,0.018559452,0.02739617,0.0003424003
6443959913,6443959678,0.018596744,0.027262382,0.0003404449
6443963659,6443963424,0.019266719,0.027625315,0.00033836009
6443971165,6443970914,0.019488487,0.0277648,0.00034213538
6443976145,6443975908,0.018882677,0.027574215,0.00035010919
6443981143,6443980902,0.01847959,0.027625829,0.00036119492
6443986133,6443985896,0.018282512,0.027525706,0.00036824768
6443992367,6443992138,0.019089574,0.027452262,0.00035817528
6443996117,6443995883,0.019647902,0.02805742,0.00035282507
6443998612,6443998380,0.019781034,0.027974434,0.0003494879
6444006106,6444005871,0.019057622,0.027759379,0.0003428598
6444009843,6444009616,0.018612007,0.027495913,0.0003445799
6444016095,6444015858,0.018688342,0.027243277,0.0003394782
6444019831,6444019604,0.018555341,0.027444093,0.0003325058
6444027328,6444027094,0.019040694,0.027982682,0.00032049936
6444029823,6444029591,0.019025559,0.02779607,0.00031726074
6444033571,6444033338,0.018988948,0.027665365,0.00031558052
6444041066,6444040827,0.018084045,0.027677454,0.0003201132
6444044804,6444044573,0.018324025,0.02773028,0.00032200536
6444051053,6444050815,0.01952841,0.027385073,0.00033162598
6444056046,6444055809,0.019560818,0.027161157,0.00034508665
6444062306,6444062051,0.019038426,0.027406659,0.00034951372
6444066041,6444065802,0.018472256,0.027740369,0.00034729522
6444068523,6444068293,0.018427767,0.027892407,0.0003453668
6444076025,6444075784,0.0187643,0.027810331,0.00035250894
6444079763,6444079530,0.01888865,0.027707564,0.00036095572
6444086007,6444085771,0.019092448,0.027518699,0.00036621356
6444089746,6444089517,0.01927907,0.027467357,0.00036346685
6444093496,6444093262,0.019380562,0.027396863,0.00036035085
6444100997,6444100752,0.018936735,0.027530178,0.0003608309
6444103500,6444103267,0.018501125,0.027618319,0.0003632161
6444110975,6444110740,0.018459793,0.027778085,0.00036131995
6444114774,6444114489,0.018610764,0.02808124,0.0003640523
6444122225,6444121977,0.019386996,0.028012542,0.0003780585
6444125955,6444125722,0.019700395,0.027907433,0.00038448093
6444132192,6444131964,0.019404175,0.027697455,0.0003888614
6444135953,6444135709,0.018731846,0.027646622,0.00038105246
6444138442,6444138206,0.01841403,0.027661841,0.00037140297
6444145974,6444145697,0.017988343,0.027498594,0.00035274617
6444149670,6444149442,0.018095057,0.027380796,0.00035807648
6444157178,6444156933,0.018859643,0.027366694,0.0003787114
6444159669,6444159429,0.019059991,0.027700821,0.00038511926
6444167152,6444166920,0.018693704,0.027775154,0.00039786746
6444170910,6444170666,0.01858798,0.027773965,0.00040215513
6444173397,6444173163,0.018853532,0.027939618,0.00040456935
6444180890,6444180653,0.019171767,0.027451975,0.0004030637
6444185894,6444185647,0.019334309,0.026921961,0.00040326174
6444190884,6444190641,0.01895526,0.027219145,0.00040511522
6444195871,6444195635,0.018392446,0.027762448,0.0004096847
6444202104,6444201877,0.017851744,0.027490478,0.00041366892
6444205871,6444205623,0.018071618,0.027543483,0.0004085303
6444208367,6444208122,0.018658666,0.027710162,0.00040128277
6444215846,6444215610,0.019270115,0.027948463,0.000387326
6444219595,6444219355,0.018617578,0.027740201,0.00038027178
6444225837,6444225598,0.017681021,0.027592681,0.00036750903
6444229576,6444229343,0.017102791,0.027764192,0.00036522094
6444237069,6444236833,0.018280232,0.027528876,0.0003628187
6444240820,6444240579,0.018793765,0.02723052,0.00035822275
6444243314,6444243076,0.019172244,0.02728981,0.00035406696
6444250799,6444250566,0.019476809,0.02764305,0.00035426547
6444254541,6444254312,0.018591972,0.02796731,0.000357268
6444260787,6444260554,0.017830662,0.028011274,0.00036195523
6444265782,6444265548,0.01812849,0.027609864,0.00036923678
6444272019,6444271790,0.018368252,0.027704084,0.00037627955
6444275768,6444275535,0.018618632,0.027671061,0.00037630365
6444278277,6444278032,0.018544393,0.027751533,0.00037994556
6444285765,6444285532,0.018479252,0.027677896,0.00039055807
6444289499,6444289268,0.018261293,0.02742487,0.00039081732
6444297012,6444296763,0.017343493,0.027417818,0.0003975904
6444299486,6444299256,0.017477077,0.027604757,0.0003974914
6444306983,6444306747,0.018429937,0.027766043,0.00040502462
6444310729,6444310491,0.018628499,0.027310321,0.00040813288
6444315719,6444315485,0.017980965,0.027378563,0.00040691957
6444320716,6444320479,0.017458677,0.027433157,0.0004051851
6444325718,6444325473,0.017954854,0.02735012,0.00041073546
6444331950,6444331715,0.018171337,0.028031202,0.00041344945
6444334446,6444334212,0.018740814,0.028056584,0.00041735757
6444341934,6444341703,0.017847944,0.028021775,0.00043256744
6444345684,6444345448,0.017034741,0.028041758,0.0004358518
6444349435,6444349194,0.016941383,0.02790045,0.00043080997
6444355671,6444355436,0.017976567,0.027460285,0.00041265858
6444359412,6444359181,0.019162707,0.027414903,0.00040320834
6444366908,6444366672,0.019571168,0.027763417,0.0003978143
6444369412,6444369169,0.01884746,0.027877994,0.0003964537
6444376902,6444376659,0.015503752,0.027806453,0.00039071942
6444380692,6444380405,0.014762867,0.02746725,0.0003916355
6444385635,6444385399,0.016139755,0.027031485,0.0003921229
6444390638,6444390392,0.018912187,0.027388409,0.00039343713
6444395619,6444395386,0.020568512,0.027773952,0.00039666318
6444401854,6444401628,0.018840816,0.02803616,0.0003984254
6444405617,6444405374,0.016812015,0.027997332,0.0003985468
6444411895,6444411616,0.014619964,0.027696615,0.00039078307
6444415596,6444415361,0.014933583,0.027779587,0.0003800558
6444419345,6444419107,0.016651219,0.02748327,0.0003739911
6444425587,6444425349,0.019443423,0.027597114,0.00036128733
6444429335,6444429094,0.020095699,0.027973535,0.0003521621
6444436833,6444436585,0.017741151,0.027847,0.0003354149
6444439322,6444439082,0.016610494,0.027913295,0.00033349585
6444446805,6444446572,0.015072277,0.027616862,0.00033543928
6444450549,6444450318,0.016015219,0.02760399,0.00033431977
6444455555,6444455312,0.017688906,0.02788519,0.00034075903
6444460540,6444460305,0.0181885,0.027742013,0.00034540295
6444465533,6444465299,0.017725242,0.02733459,0.00034430367
6444471774,6444471544,0.01657506,0.02766402,0.0003391911
6444475528,6444475287,0.016044324,0.0275279,0.00033778383
6444481756,6444481529,0.0167302,0.027539333,0.00032869363
6444485507,6444485274,0.017461343,0.027819598,0.00031987918
6444489262,6444489019,0.017689364,0.027971877,0.00030991988
6444495505,6444495270,0.01700716,0.028250227,0.00030745444
6444499248,6444499007,0.01620929,0.028269324,0.00031416648
6444506740,6444506498,0.016148437,0.027585233,0.00032416047
6444510484,6444510243,0.016640699,0.027626006,0.00032804784
6444516720,6444516486,0.017342161,0.027444014,0.00033574685
6444520475,6444520231,0.017554356,0.027476821,0.00033440068
6444525466,6444525225,0.017324027,0.027702108,0.00033262695
6444530459,6444530218,0.01668976,0.027947066,0.0003386042
6444535445,6444535212,0.015527738,0.027860813,0.00034761845
6444541686,6444541454,0.015654147,0.027592547,0.00035333954
6444545439,6444545200,0.01624587,0.027671443,0.00035588292
6444551670,6444551442,0.017436244,0.027656965,0.0003532876
6444555423,6444555188,0.0172073,0.027696718,0.00035098818
6444559163,6444558932,0.01631729,0.027548857,0.00035415887
6444565408,6444565175,0.015336987,0.027910385,0.00036111256
6444569156,6444568927,0.015305827,0.027801935,0.00035852235
6444576640,6444576411,0.016397592,0.027712956,0.00035024807
6444580398,6444580156,0.016943548,0.027503686,0.0003424931
6444586640,6444586398,0.016812973,0.027676424,0.00033023124
6444590375,6444590143,0.015958406,0.02744351,0.00032644108
6444595374,6444595137,0.015367716,0.027665012,0.0003201537
6444600375,6444600131,0.015274097,0.027858997,0.00031847155
6444605365,6444605126,0.015863629,0.027923252,0.00032735465
6444611601,6444611367,0.016586067,0.027526895,0.00033269773
6444615407,6444615113,0.016480751,0.027772626,0.0003258282
6444621586,6444621355,0.016080933,0.0278724,0.0003139175
6444625334,6444625100,0.015526173,0.027747186,0.00030987556
6444629087,6444628846,0.01509526,0.027886435,0.0003064395
6444635330,6444635088,0.014907082,0.027990188,0.00030364146
6444639065,6444638833,0.015429464,0.027793134,0.00030728366
6444646590,6444646325,0.015873173,0.027909983,0.00030975966
6444650310,6444650069,0.016114272,0.028115535,0.00030958894
6444656543,6444656311,0.015154112,0.027964108,0.0003168801
6444660298,6444660057,0.014835878,0.027776359,0.00032476778
6444665296,6444665050,0.014992197,0.027489023,0.0003344384
6444670308,6444670044,0.015273729,0.027692828,0.0003362732
6444675281,6444675038,0.015590041,0.027701663,0.00033252704
6444681514,6444681281,0.014979171,0.028067825,0.0003230961
6444685264,6444685026,0.014948906,0.028118385,0.00031678038
6444689011,6444688771,0.014997621,0.027604869,0.000313779
6444695261,6444695013,0.014745794,0.027197478,0.00031165814
6444698984,6444698758,0.014677759,0.027345642,0.00030525666
6444706497,6444706249,0.014870412,0.027819775,0.00029283835
6444708980,6444708747,0.014967583,0.028028162,0.00028924458
6444716477,6444716237,0.011575344,0.027610635,0.0002887637
6444720219,6444719982,0.011136182,0.027265793,0.0002933157
6444725211,6444724976,0.014066074,0.027057393,0.0002986271
6444730213,6444729970,0.01904463,0.026836606,0.00031009648
6444733945,6444733715,0.023269672,0.027367787,0.00032057706
6444741447,6444741206,0.018891374,0.029006334,0.00033713755
6444745181,6444744951,0.0121800015,0.029088968,0.00033373781
6444751421,6444751193,0.0019834512,0.027708752,0.0003255189
6444755173,6444754939,0.0009305255,0.026945928,0.00032475477
6444758922,6444758684,0.007852721,0.026692316,0.00032173563
6444765159,6444764926,0.023803085,0.026821477,0.00031536762
6444768898,6444768672,0.029046139,0.027449353,0.0003119742
6444776403,6444776162,0.019120881,0.028928034,0.0003096366
6444778895,6444778659,0.012293383,0.028960275,0.00031191617
6444786383,6444786150,0.00027475896,0.02811617,0.0003264629
6444790130,6444789895,0.0038264054,0.027357187,0.00032837348
6444793879,6444793640,0.011416447,0.026759708,0.0003233272
6444800125,6444799883,0.024077073,0.027266106,0.00031687637
6444805111,6444804876,0.024878291,0.028036846,0.00031356266
6444811350,6444811119,0.015572931,0.028380409,0.0003048042
6444815103,6444814871,0.009392987,0.027874202,0.00030004414
6444821340,6444821106,0.0060830535,0.027860465,0.00029739656
6444825097,6444824852,0.008185313,0.028016994,0.00029610057
6444828830,6444828597,0.012204518,0.027985299,0.00029549323
6444835080,6444834839,0.016343562,0.027752627,0.00028807588
6444838822,6444838585,0.016283484,0.02784644,0.00028262247
6444846322,6444846075,0.014019087,0.02789785,0.00028101058
6444848805,6444848572,0.013691817,0.027754355,0.00027745566
6444856309,6444856063,0.013516226,0.027782327,0.0002697865
6444860051,6444859808,0.013333278,0.027608134,0.00026856124
6444863785,6444863553,0.013230629,0.02792413,0.00027512116
6444870027,6444869796,0.01298288,0.0279928,0.0002814091
6444875027,6444874790,0.011972419,0.028206054,0.00028272666
6444881271,6444881032,0.011286739,0.027781244,0.00028470365
6444885018,6444884777,0.012230696,0.027744541,0.00028586248
6444891259,6444891019,0.015849464,0.027629731,0.00028918366
6444895001,6444894765,0.01779767,0.027563846,0.00028961533
6444898746,6444898510,0.017887231,0.027672606,0.00028875258
6444904998,6444904752,0.012753293,0.027706988,0.0002893065
6444908725,6444908497,0.00843088,0.027822288,0.00028949606
6444916224,6444915988,0.005929361,0.028099213,0.0002854437
6444919991,6444919734,0.008963894,0.027648104,0.0002819712
6444926208,6444925976,0.016694877,0.027590381,0.00027949622
6444929954,6444929721,0.018914502,0.02781872,0.00027649375
6444934951,6444934715,0.017719883,0.028323237,0.0002719812
6444939956,6444939709,0.012115358,0.028020268,0.0002753951
6444943689,6444943457,0.008151226,0.027955849,0.00028175383
6444951176,6444950944,0.008413868,0.027734278,0.00029277068
6444954933,6444954690,0.012390094,0.027716259,0.00029234437
6444961162,6444960936,0.017877309,0.027920702,0.0002944661
6444964931,6444964678,0.018363753,0.028144974,0.00029732066
6444968657,6444968423,0.01611178,0.028027305,0.00029855384
6444974902,6444974665,0.009039753,0.028064126,0.00028930808
6444978656,6444978411,0.0064148903,0.027617415,0.00028219834
6444986136,6444985902,0.009662255,0.027546613,0.00028666845
6444989902,6444989647,0.013094219,0.027749468,0.0002888537
6444996122,6444995889,0.015769113,0.028144175,0.00028518387
6444999872,6444999636,0.01469081,0.027929042,0.00028359622
6445004868,6445004628,0.012086512,0.028000005,0.00027942422
6445009861,6445009622,0.009583086,0.028140683,0.0002811061
6445013598,6445013367,0.009475801,0.028080195,0.00028337826
6445021088,6445020857,0.012026618,0.028022004,0.00028278652
6445024837,6445024603,0.01332792,0.027773906,0.00028354416
6445031080,6445030845,0.013125688,0.027838528,0.00028859102
6445034821,6445034591,0.011929027,0.027765498,0.00028520732
6445038577,6445038339,0.010992234,0.027610376,0.0002785155
6445046063,6445045826,0.0107230535,0.027855594,0.00027380078
6445048560,6445048324,0.011282246,0.027888076,0.00027335156
6445056050,6445055815,0.012521194,0.027708935,0.0002661398
6445059798,6445059559,0.012118154,0.027785456,0.00026121596
6445066040,6445065802,0.011157025,0.027978268,0.00024994637
6445069794,6445069547,0.010560694,0.028079892,0.0002450162
6445074779,6445074541,0.010186035,0.02810748,0.00023976425
6445081013,6445080783,0.0112053575,0.02813685,0.00024138647
6445084761,6445084529,0.01203587,0.028289989,0.00024247459
6445091009,6445090777,0.012214527,0.028037844,0.0002503097
6445094757,6445094516,0.011697535,0.028066587,0.00024997743
6445100988,6445100758,0.010523746,0.02786122,0.00025784166
6445104735,6445104504,0.01030422,0.027818464,0.00026164055
6445108491,6445108249,0.010725261,0.027888658,0.00026279045
6445115970,6445115740,0.010992781,0.027843347,0.00025344337
6445118482,6445118237,0.011181579,0.027969943,0.00024824563
6445125963,6445125727,0.0109694945,0.027457083,0.0002395799
6445129706,6445129472,0.01053635,0.027452188,0.00023820126
6445134701,6445134466,0.009787094,0.027680842,0.00023657439
6445139702,6445139462,0.010060233,0.02769403,0.0002316381
6445143441,6445143206,0.010516257,0.027729413,0.00022196499
6445150940,6445150696,0.011805063,0.02802191,0.00021579079
6445154681,6445154442,0.011479953,0.028027602,0.0002263714
6445160920,6445160684,0.010438176,0.028046174,0.00023645513
6445164667,6445164429,0.010223731,0.027818672,0.00023510474
6445170917,6445170671,0.010477415,0.02785035,0.00024136789
6445174649,6445174417,0.010861418,0.027801089,0.00024508437
6445182138,6445181907,0.010854122,0.027841944,0.00023749255
6445185896,6445185653,0.010310364,0.02792129,0.00022916877
6445188383,6445188150,0.009899785,0.02798605,0.00022325356
6445195883,6445195641,0.009077748,0.028266797,0.00020702908
6445199628,6445199386,0.009242607,0.028142963,0.00020323461
6445204623,6445204379,0.010097999,0.027948579,0.00020562542
6445209616,6445209374,0.010917084,0.02772008,0.00021142034
6445214603,6445214367,0.011025345,0.028014556,0.00021617602
6445220849,6445220609,0.009859136,0.02800073,0.00021457215
6445224590,6445224355,0.009516631,0.028122779,0.00021114018
6445230834,6445230596,0.009818558,0.02766539,0.00020304378
6445234581,6445234342,0.01055887,0.027903048,0.00020044604
6445240817,6445240584,0.011047966,0.027877547,0.0002134848
6445244570,6445244330,0.010942738,0.027883302,0.00022039947
6445248319,6445248075,0.010352986,0.027942307,0.00022233759
6445255802,6445255566,0.009173022,0.027832681,0.00021888057
6445258301,6445258063,0.008795375,0.027779609,0.00022027007
6445265785,6445265553,0.00947342,0.028155938,0.0002222713
6445269526,6445269299,0.0098596485,0.027854348,0.00022497162
6445274531,6445274292,0.009569226,0.027720647,0.00022306996
6445279526,6445279286,0.009321357,0.027779195,0.00021770167
6445284512,6445284280,0.009066971,0.027855363,0.00021846419
6445290750,6445290522,0.00959725,0.027834456,0.00023030845
6445294507,6445294268,0.010012285,0.028010227,0.00024139002
6445300746,6445300510,0.010166922,0.028031547,0.00025278743
6445304498,6445304258,0.010121236,0.027803171,0.00025409297
6445312002,6445311745,0.00868195,0.027942244,0.00024091617
6445314483,6445314243,0.008385416,0.028173007,0.00023635599
6445321970,6445321733,0.008812919,0.02832613,0.00022019503
6445325712,6445325479,0.009396518,0.02841406,0.00021153637
6445329470,6445329224,0.009608024,0.027936336,0.00020768993
6445335702,6445335466,0.009878524,0.027780917,0.00020983427
6445339453,6445339211,0.0097961435,0.0279784,0.00021151331
6445343191,6445342957,0.00931617,0.028150087,0.00021011106
6445349450,6445349199,0.008213189,0.02791986,0.00020797257
6445354427,6445354193,0.008109124,0.02775447,0.0001996758
6445360663,6445360435,0.00923882,0.02792113,0.00019090228
6445364427,6445364180,0.0098038325,0.028014913,0.00018902031
6445370652,6445370423,0.009434355,0.028022222,0.00019052143
6445374402,6445374168,0.009313938,0.027816344,0.00018977014
6445381898,6445381659,0.008716989,0.027709682,0.00018067102
6445384390,6445384156,0.008804218,0.02785957,0.00017723798
6445391875,6445391646,0.008698903,0.02826888,0.00016859164
6445395627,6445395392,0.009105179,0.028176824,0.00016759611
6445399375,6445399137,0.009496124,0.02825637,0.0001713718
6445405613,6445405379,0.009713369,0.02818597,0.00018110228
6445409383,6445409130,0.009458156,0.02817866,0.00019063753
6445413103,6445412870,0.008753318,0.027879154,0.00019484381
6445419348,6445419112,0.00889901,0.028250355,0.0001871867
6445424345,6445424106,0.008843507,0.028178364,0.00018816267
6445430578,6445430348,0.008703849,0.028124377,0.00019389515
6445434333,6445434093,0.008503439,0.02792343,0.00020007903
6445440571,6445440336,0.007940296,0.027880598,0.0002010739
6445444320,6445444081,0.00784876,0.028057879,0.00019820499
6445451809,6445451571,0.008643475,0.027909055,0.00018789957
6445454312,6445454068,0.009148048,0.027821336,0.00018523124
6445461800,6445461559,0.009614355,0.027948728,0.00018006873
6445465596,6445465311,0.0093070185,0.028175794,0.00017568147
6445469310,6445469053,0.008963083,0.028246805,0.00016738605
6445475525,6445475292,0.008937242,0.02809003,0.00015789295
6445479298,6445479038,0.0087441895,0.02800049,0.00015931223
6445484276,6445484031,0.008719039,0.027633455,0.00016294616
6445490504,6445490273,0.009128306,0.027998732,0.00016164986
6445494261,6445494019,0.009381371,0.027940383,0.00016278161
6445500500,6445500261,0.008943774,0.028021982,0.0001743891
6445504240,6445504007,0.008229522,0.027872842,0.00017924565
6445510489,6445510249,0.007809687,0.028004827,0.0001866968
6445514233,6445513994,0.007857443,0.028026143,0.0001924137
6445521782,6445521491,0.008067171,0.027808411,0.00019696797
6445525469,6445525230,0.008087196,0.027904164,0.00019521899
6445531709,6445531472,0.008728369,0.027961275,0.00019136429
6445535451,6445535218,0.008799632,0.028058399,0.00019100058
6445539197,6445538963,0.008759587,0.02838357,0.00019176515
6445544269,6445543963,0.008835805,0.028374946,0.00018852757
6445549183,6445548950,0.008692126,0.028136907,0.00018861463
6445554187,6445553944,0.008232714,0.027824264,0.00019337742
6445560429,6445560186,0.0082634995,0.028070772,0.00020005785
6445564177,6445563933,0.008460633,0.027780842,0.00020190263
6445570417,6445570174,0.009204978,0.027981132,0.00019620711
6445574220,6445573923,0.008817054,0.028072825,0.00019018303
6445580391,6445580161,0.00885796,0.02813836,0.0001752428
6445585391,6445585156,0.008171134,0.027973607,0.00016934564
6445591626,6445591397,0.007667459,0.028025564,0.00016185052
6445595402,6445595143,0.007937586,0.027978675,0.00015915885
6445601613,6445601385,0.008269498,0.027876012,0.00016791845
6445605366,6445605131,0.008460127,0.02796088,0.00017289125
6445609110,6445608876,0.008857705,0.02810983,0.00017458107
6445614130,6445613870,0.008452822,0.028091408,0.0001739877
6445619159,6445618865,0.008325576,0.02792706,0.00017500987
6445624099,6445623858,0.008121527,0.0280407,0.00017811233
6445630331,6445630100,0.0085384,0.028241169,0.0001821217
6445634146,6445633845,0.008925478,0.0282704,0.00018467878
6445640317,6445640087,0.0088183945,0.02783349,0.00017917575
6445644069,6445643833,0.008821689,0.027944695,0.00017352885
6445650314,6445650075,0.008335031,0.028009944,0.00016498343
6445655308,6445655069,0.007969261,0.027819721,0.00015291579
6445661550,6445661310,0.008383439,0.028092746,0.00015077964
6445665293,6445665056,0.0091750305,0.028225886,0.00015314708
6445671591,6445671299,0.009017876,0.02822717,0.00015104994
6445675284,6445675043,0.008254697,0.027857315,0.00014826466
6445679096,6445678789,0.0074519706,0.027790425,0.00014805899
6445684017,6445683783,0.0074140267,0.027990818,0.00014947088
6445689015,6445688777,0.0081936885,0.028063377,0.00015226072
6445694068,6445693770,0.009095016,0.027982093,0.00014701222
6445700286,6445700013,0.009340331,0.027721453,0.00013998785
6445703996,6445703758,0.009179646,0.027754096,0.0001398608
6445710234,6445710000,0.008217506,0.028064808,0.00014276442
6445713988,6445713746,0.0077167707,0.028099105,0.0001458542
6445721488,6445721236,0.008066771,0.028057966,0.00014595779
6445724018,6445723733,0.008408778,0.02809051,0.00014574939
6445731525,6445731224,0.008813225,0.028185273,0.00014574212
6445735203,6445734970,0.008661956,0.028266959,0.00014697874
6445739006,6445738714,0.008580942,0.028409287,0.00014965958
6445745189,6445744957,0.008398276,0.02774284,0.00015153672
6445748948,6445748702,0.00837426,0.027388126,0.00014597198
6445753988,6445753696,0.008674014,0.027479805,0.00013922527
6445758927,6445758690,0.0087288,0.02794424,0.00014003317
6445763923,6445763683,0.008742945,0.028356297,0.00014454301
6445770174,6445769938,0.008099779,0.02812393,0.00014704354
6445773914,6445773671,0.008264082,0.028104464,0.00015104131
6445780146,6445779913,0.008865404,0.027767448,0.00016052602
6445783949,6445783658,0.009155278,0.027917491,0.00016914612
6445791429,6445791149,0.008528744,0.028187431,0.0001831135
6445793883,6445793646,0.008440869,0.028299361,0.00018318147
6445801365,6445801137,0.008502451,0.027797727,0.00016412
6445805121,6445804882,0.008528412,0.02791604,0.00014972866
6445811364,6445811124,0.008617208,0.028044252,0.00013092981
6445815109,6445814870,0.008959277,0.028389378,0.00012699889
6445818856,6445818615,0.008961982,0.02814995,0.00012412494
6445826334,6445826105,0.008484847,0.027974105,0.00011989358
6445828896,6445828602,0.0083457725,0.02794995,0.000121824
6445833835,6445833597,0.008216649,0.027857581,0.00013309439
6445840073,6445839838,0.008815018,0.028284205,0.00014674835
6445843875,6445843584,0.0092573995,0.028085375,0.00014834202
6445850063,6445849826,0.009149627,0.028147127,0.00013944443
6445853807,6445853572,0.008970071,0.027946021,0.00013291638
6445861326,6445861069,0.0084180655,0.027907964,0.00013706219
6445865043,6445864807,0.008623608,0.027963942,0.00014440759
6445871294,6445871050,0.00846763,0.02823221,0.00014511825
6445875035,6445874795,0.008341725,0.027869022,0.00013898473
6445881321,6445881037,0.00895904,0.02800069,0.00013689234
6445885016,6445884783,0.009223788,0.028200315,0.00013853515
6445888804,6445888528,0.009143187,0.028159857,0.0001426261
6445893762,6445893522,0.008677893,0.027889337,0.00015420881
6445899995,6445899764,0.008364792,0.02793932,0.00016054384
6445906237,6445906006,0.009270295,0.028024891,0.00015655221
6445909988,6445909751,0.009526567,0.028177235,0.00015143277
6445913738,6445913497,0.009601746,0.028167974,0.00014550974
6445919990,6445919739,0.008920776,0.027996363,0.00014985552
6445923718,6445923485,0.008297214,0.02818518,0.00015687251
6445931208,6445930975,0.008665272,0.028037226,0.00017026353
6445934968,6445934721,0.009496188,0.027920878,0.0001696843
6445941235,6445940964,0.009832009,0.028081557,0.00016635755
6445944948,6445944708,0.00966199,0.028102288,0.00016547716
6445954933,6445954696,0.008315258,0.027878609,0.00016335894
6445958682,6445958445,0.008362526,0.027900908,0.00016150152
6445963760,6445963436,0.009372712,0.027938038,0.00015698984
6445966160,6445965931,0.009630393,0.027842924,0.00015628309
6445973661,6445973422,0.009807869,0.028069466,0.00015834015
6445976148,6445975919,0.009687283,0.028143417,0.00015869764
6445979900,6445979664,0.009280579,0.028068628,0.00015333263
6445987402,6445987155,0.008913279,0.028121285,0.00012994312
6445989885,6445989652,0.008912456,0.02800908,0.00012481703
6445997377,6445997143,0.009561657,0.027785782,0.00012309976
6446001155,6446000888,0.009813051,0.02746088,0.0001284663
6446007364,6446007130,0.009356781,0.027664997,0.00013338115
6446011106,6446010876,0.0095253475,0.027851578,0.00013398097
6446014854,6446014621,0.009529241,0.028070962,0.00013237451
6446022344,6446022112,0.009764277,0.028339943,0.00013465423
6446024842,6446024608,0.0099247405,0.028269878,0.00014321132
6446034833,6446034599,0.009207936,0.028002145,0.00015850489
6446036086,6446035845,0.009188107,0.02800285,0.00015776158
6446039859,6446039590,0.009219353,0.02770686,0.00015312055
6446046089,6446045832,0.009491224,0.028021341,0.00015279812
6446049864,6446049578,0.009650169,0.028095141,0.00015263262
6446057306,6446057068,0.010465423,0.028316272,0.0001549713
6446059793,6446059565,0.01062689,0.028326457,0.00015437971
6446067293,6446067056,0.010089581,0.028081058,0.00014766467
6446071033,6446070801,0.009766659,0.027927715,0.00014885535
6446077295,6446077043,0.009829474,0.02789477,0.000149
6446081039,6446080788,0.009830444,0.027644068,0.00015350358
6446084771,6446084534,0.009674484,0.027685758,0.00015969826
6446093510,6446093273,0.010724136,0.028339632,0.0001650311
6446095999,6446095770,0.010527544,0.028289314,0.00016342905
6446103493,6446103260,0.010183613,0.027909318,0.00015404994
6446106015,6446105758,0.010128109,0.028049098,0.00015687034
6446113518,6446113249,0.009839639,0.027868994,0.0001596291
6446115977,6446115745,0.009574155,0.027651643,0.00015771172
6446119718,6446119490,0.009910108,0.027746271,0.00015701038
6446127212,6446126981,0.010916633,0.027804933,0.00015728125
6446130959,6446130726,0.010602616,0.028056951,0.00015829921
6446137211,6446136969,0.0103449905,0.028100083,0.00016305082
6446140948,6446140714,0.010651547,0.027840154,0.00016230944
6446148449,6446148205,0.01136091,0.027894437,0.00016435231
6446150945,6446150702,0.011139057,0.028183758,0.00016601197
6446154683,6446154447,0.011016925,0.028446106,0.00016889928
6446162170,6446161938,0.010126889,0.028062128,0.00018057445
6446165937,6446165684,0.01015433,0.0275815,0.00018192179
6446173425,6446173174,0.01087245,0.027597299,0.00017535397
6446175900,6446175670,0.01129074,0.027955052,0.00017247754
6446183404,6446183161,0.011758668,0.028051341,0.00015981759
6446185894,6446185658,0.011365129,0.027941449,0.00015530111
6446189639,6446189403,0.010970846,0.027956491,0.00014844713
6446197133,6446196894,0.01058501,0.027519086,0.00013885023
6446200880,6446200639,0.010714724,0.02769463,0.00014400281
6446207113,6446206882,0.011075729,0.027987432,0.00015199352
6446210875,6446210628,0.011334477,0.027895626,0.00015802374
6446218374,6446218118,0.011768347,0.027884023,0.00016569125
6446223353,6446223112,0.011512853,0.027954534,0.00016887188
6446224597,6446224360,0.011482893,0.027842617,0.00017017506
6446233347,6446233100,0.0108539,0.027859772,0.00018825039
6446235829,6446235596,0.010888302,0.028007526,0.00019003435
6446243322,6446243087,0.011840432,0.028136162,0.00020115268
6446245819,6446245583,0.012030952,0.02805438,0.00020784406
6446254559,6446254325,0.011592855,0.027890308,0.0002094477
6446255833,6446255571,0.011596962,0.027855255,0.0002077785
6446259550,6446259316,0.011995505,0.02767374,0.00020223307
6446267040,6446266807,0.012078521,0.027979428,0.00019691186
6446270805,6446270556,0.011989348,0.027947549,0.00019824391
6446277028,6446276794,0.011427055,0.027973102,0.00020272759
6446280772,6446280540,0.011806873,0.027761225,0.00020494314
6446288277,6446288031,0.01163281,0.02758114,0.00021988267
6446290754,6446290528,0.011658395,0.027615393,0.00022614334
6446294513,6446294273,0.012075312,0.027590731,0.00023259215
6446303266,6446303012,0.013017272,0.027953055,0.00023787377
6446305744,6446305509,0.012867294,0.028038975,0.00023659453
6446313240,6446313000,0.012521285,0.027837086,0.00025026375
6446315792,6446315497,0.01221005,0.027877087,0.00025690952
6446323233,6446322988,0.011937563,0.027619695,0.00025354463
6446326968,6446326732,0.012234655,0.027697789,0.0002462308
6446329483,6446329244,0.012501553,0.02777518,0.0002442584
6446336957,6446336720,0.012762253,0.027935147,0.00024414822
6446340702,6446340465,0.012539122,0.027865952,0.0002489643
6446346941,6446346708,0.012098795,0.02770472,0.00025314107
6446350685,6446350453,0.011979236,0.027658653,0.00025299645
6446358177,6446357943,0.01323596,0.027661143,0.0002612205
6446363174,6446362938,0.013318189,0.028039964,0.00027321783
6446364419,6446364186,0.013290431,0.028144471,0.00027696622
6446373161,6446372925,0.013080447,0.027857311,0.00029801176
6446375657,6446375422,0.013147251,0.027730951,0.00029628666
6446383155,6446382913,0.013129735,0.027681574,0.00027493795
6446385637,6446385409,0.013494861,0.02796798,0.00026843103
6446393139,6446392900,0.013505961,0.02795492,0.0002631611
6446396879,6446396646,0.013284972,0.027918361,0.0002658791
6446399396,6446399143,0.013086619,0.027880313,0.0002707215
6446406864,6446406633,0.01217573,0.028168505,0.00028948204
6446410609,6446410378,0.012490194,0.02826731,0.0002919011
6446416850,6446416621,0.01310512,0.027623236,0.00029732863
6446420600,6446420366,0.013794526,0.027415065,0.00030034123
6446428102,6446427857,0.01450481,0.027436087,0.00029531703
6446433086,6446432850,0.0138177555,0.027481092,0.00027841885
6446434335,6446434099,0.013726611,0.02762398,0.00027536775
6446441818,6446441590,0.013139919,0.028025376,0.00026910673
6446445564,6446445335,0.013278224,0.027950902,0.00027071146
6446453066,6446452826,0.014275299,0.027740853,0.00026789942
6446455551,6446455322,0.014319851,0.027834056,0.0002677182
6446463052,6446462813,0.014285625,0.027574264,0.00026771228
6446466787,6446466558,0.014347843,0.027751781,0.00026617703
6446469293,6446469056,0.014292943,0.02772131,0.00026395314
6446476778,6446476546,0.014077827,0.027746541,0.00026321382
6446480547,6446480292,0.013996523,0.027919505,0.00026454648
6446486763,6446486534,0.014125549,0.027931478,0.00026408792
6446490510,6446490279,0.014385428,0.027630262,0.00026238943
6446498004,6446497770,0.014371594,0.027812487,0.00026008178
6446503000,6446502769,0.014406686,0.028068038,0.00025944464
6446505490,6446505260,0.014586371,0.028083062,0.00025991636
6446512991,6446512751,0.014917424,0.027994165,0.0002593343
6446515483,6446515248,0.014786703,0.027825655,0.0002624673
6446522972,6446522739,0.014795855,0.027918382,0.00026554498
6446525470,6446525238,0.014493721,0.027804632,0.0002669933
6446532966,6446532726,0.014338336,0.027870696,0.00027117945
6446536714,6446536472,0.014704141,0.027898654,0.00026664758
6446540459,6446540218,0.015366171,0.02770085,0.0002609528
6446546693,6446546460,0.015229107,0.027474744,0.00025785953
6446550435,6446550205,0.01513507,0.027606629,0.00026245162
6446557947,6446557696,0.015496792,0.02775272,0.00027256485
6446560425,6446560192,0.015184684,0.027713083,0.00027160754
6446567914,6446567683,0.014937488,0.027653815,0.00026785146
6446572928,6446572677,0.015510656,0.027769566,0.00026864957
6446575415,6446575173,0.015562255,0.027878543,0.0002651522
6446582898,6446582664,0.015646491,0.027955975,0.0002598211
6446585389,6446585161,0.015580775,0.027794555,0.00025932427
6446592896,6446592655,0.0151252495,0.0279176,0.0002531457
6446595381,6446595149,0.015233643,0.02787165,0.00024953554
6446602880,6446602639,0.01603143,0.027602054,0.0002358711
6446606627,6446606385,0.016109798,0.02760166,0.000238449
6446610373,6446610131,0.01596298,0.02755419,0.0002446533
6446616601,6446616372,0.015837796,0.027470993,0.0002577398
6446620354,6446620118,0.015812626,0.02740617,0.0002638329
6446627855,6446627608,0.01612967,0.02813808,0.00026839503
6446630361,6446630106,0.016231684,0.027980704,0.00027258118
6446637832,6446637598,0.01635725,0.027747866,0.00028190992
6446642822,6446642589,0.01645122,0.0276808,0.00027840692
6446645319,6446645086,0.016292762,0.027698088,0.0002787307
6446652807,6446652577,0.015606092,0.028067028,0.0002844436
6446655311,6446655074,0.015608277,0.02796762,0.0002859327
6446662807,6446662565,0.016719887,0.02736079,0.0002866055
6446665300,6446665066,0.017074252,0.027488314,0.00028444544
6446672793,6446672553,0.017012576,0.027643926,0.00028194956
6446676532,6446676298,0.0167123,0.027917106,0.0002849425
6446680284,6446680043,0.016167408,0.028026989,0.00028824693
6446686518,6446686285,0.016072579,0.027538529,0.00030017228
6446690269,6446690030,0.016397497,0.027309215,0.00030818445
6446697760,6446697524,0.01759306,0.02764445,0.00031056575
6446702751,6446702515,0.01755276,0.028052367,0.00031148014
6446703996,6446703763,0.017434936,0.028126953,0.00031144897
6446712736,6446712502,0.016517648,0.027617803,0.00030990143
6446715236,6446714999,0.016471146,0.027571158,0.0003082899
6446721496,6446721241,0.01693521,0.027445074,0.0003122291
6446725215,6446724987,0.017096704,0.027633363,0.00031526267
6446732714,6446732478,0.017452262,0.028353047,0.00031850988
6446736464,6446736223,0.017445873,0.028201556,0.00032226896
6446742698,6446742465,0.01753837,0.027525285,0.0003279269
6446746457,6446746211,0.017312538,0.027582014,0.00032944154
6446750187,6446749956,0.017239418,0.0274961,0.00033139452
6446756432,6446756198,0.017535308,0.027748019,0.00033407827
6446760180,6446759944,0.017849471,0.027577793,0.00033111608
6446767667,6446767434,0.017933618,0.027757436,0.00033602654
6446773920,6446773677,0.017374491,0.02775868,0.0003333551
6446777657,6446777421,0.017564915,0.027477544,0.00032801155
6446782649,6446782416,0.01803329,0.027626231,0.00032322493
6446785148,6446784913,0.017918305,0.027672047,0.00031898054
6446792634,6446792403,0.017917054,0.027416535,0.00031613474
6446795130,6446794901,0.017868238,0.027689388,0.00032016472
6446802624,6446802391,0.01781005,0.027596563,0.00032666457
6446806370,6446806136,0.017704759,0.0275994,0.0003279547
6446810137,6446809883,0.018157111,0.02759066,0.00032713366
6446816352,6446816124,0.01824972,0.02742368,0.00032359682
6446820103,6446819869,0.01826172,0.027549904,0.00032045736
6446826346,6446826111,0.018282654,0.027794665,0.00031192106
6446830090,6446829856,0.017920919,0.027930269,0.00030719984
6446837582,6446837347,0.017876543,0.027746474,0.00030945273
6446841330,6446841092,0.018419728,0.027617011,0.00031430522
6446847598,6446847335,0.018791884,0.027328555,0.00031445592
6446853809,6446853577,0.018843055,0.027321039,0.0003090701
6446855058,6446854826,0.018719485,0.027375909,0.0003076091
6446862547,6446862317,0.018363914,0.027596734,0.00030225518
6446865048,6446864813,0.018445967,0.027636357,0.00030269325
6446872543,6446872304,0.019044021,0.028181655,0.00030687446
6446876289,6446876049,0.019165456,0.027941333,0.00030232998
6446882525,6446882291,0.018766424,0.027717737,0.0002973915
6446886292,6446886037,0.01870452,0.027922155,0.0003006311
6446890016,6446889782,0.018658768,0.02783532,0.0003056697
6446896274,6446896026,0.01867095,0.027681008,0.00030937884
6446899999,6446899769,0.018947842,0.027567979,0.0003117478
6446907498,6446907261,0.019291338,0.02749976,0.00032052858
6446912497,6446912261,0.019279473,0.027691813,0.00032021198
6446917486,6446917248,0.018827165,0.027525686,0.0003241327
6446922478,6446922242,0.018379325,0.02762683,0.00032329923
6446924974,6446924738,0.01852551,0.027609015,0.000323379
6446932470,6446932229,0.019314403,0.027682863,0.0003331927
6446934959,6446934726,0.0194245,0.02785319,0.00033670053
6446942457,6446942217,0.019620264,0.027637545,0.00032748625
6446946207,6446945962,0.019630043,0.027613817,0.00031634688
6446949959,6446949707,0.019154565,0.027331721,0.00031000623
6446956181,6446955949,0.018949285,0.027416904,0.0003099459
6446959930,6446959695,0.018779086,0.027579162,0.0003110257
6446967441,6446967187,0.01922178,0.027857587,0.00030538952
6446969943,6446969683,0.019200804,0.027641159,0.00030340403
6446977411,6446977173,0.019695932,0.027785419,0.00031331007
6446982398,6446982167,0.019189635,0.027904075,0.00032494916
6446987396,6446987161,0.019065414,0.027873235,0.00032889337
6446992392,6446992155,0.019807203,0.027745916,0.00033777396
6446994885,6446994651,0.020021545,0.027561534,0.0003418603
6447003622,6447003390,0.019697465,0.027294863,0.00035587046
6447004878,6447004639,0.019608406,0.02738759,0.00035677917
6447012405,6447012130,0.019004235,0.027493373,0.0003587338
6447016103,6447015875,0.019277059,0.027774274,0.00035890407
6447022353,6447022117,0.019599797,0.027616318,0.0003637118
6447026097,6447025862,0.019674039,0.02738531,0.0003633651
6447029840,6447029608,0.019767586,0.027698299,0.00036642756
6447037341,6447037099,0.019436674,0.027647784,0.00038092482
6447039828,6447039596,0.019463105,0.02766179,0.0003878172
6447047325,6447047086,0.019356024,0.027782336,0.00040793835
6447052319,6447052080,0.019600576,0.027995525,0.00042107402
6447057313,6447057074,0.020188037,0.027828028,0.00042679775
6447062319,6447062067,0.020179028,0.027593458,0.000422668
6447064795,6447064565,0.020003526,0.027495092,0.0004188983
6447072327,6447072055,0.019506903,0.027392577,0.00040805538
6447074785,6447074552,0.019278308,0.027395213,0.0004052827
6447082281,6447082043,0.019660985,0.027880963,0.00039397724
6447086015,6447085788,0.019650385,0.027897196,0.0003895734
6447093516,6447093279,0.019962776,0.027562281,0.00038777597
6447096008,6447095775,0.019806674,0.027480818,0.00038599802
6447099753,6447099521,0.01962502,0.027273217,0.0003846819
6447107247,6447107011,0.019474635,0.02753181,0.00038698394
6447110997,6447110757,0.01973494,0.02773277,0.0003850568
6447117230,6447116999,0.020003404,0.027811488,0.00038587567
6447122236,6447121993,0.019741343,0.027897712,0.00038066693
6447128482,6447128235,0.019159257,0.027444554,0.00035827834
6447132213,6447131981,0.019153042,0.027283438,0.00034800533
6447134704,6447134477,0.019506374,0.02729402,0.00034329187
6447142205,6447141968,0.019957952,0.02773208,0.00034063024
6447145951,6447145713,0.019785909,0.027645484,0.00034833146
6447153437,6447153205,0.020080987,0.027622469,0.0003647745
6447155929,6447155701,0.019635959,0.027628971,0.00036804046
6447163435,6447163192,0.019040963,0.027974673,0.0003806817
6447165918,6447165689,0.018821599,0.027847556,0.0003830726
6447169681,6447169434,0.018721728,0.027626447,0.00038558678
6447177159,6447176925,0.01986154,0.027527507,0.0003763397
6447182159,6447181919,0.01966087,0.027716,0.00037325957
6447187148,6447186912,0.01956335,0.02801931,0.00037338317
6447192135,6447191906,0.019931255,0.027584042,0.00037454427
6447198381,6447198148,0.019622592,0.02761254,0.0003734374
6447202134,6447201897,0.019579543,0.027802581,0.00037362284
6447204620,6447204390,0.019463321,0.0276608,0.0003720157
6447212123,6447211881,0.019652557,0.027568357,0.00036484978
6447215855,6447215626,0.019122703,0.027608026,0.00036452583
6447223349,6447223117,0.019152401,0.028011179,0.00036593704
6447225840,6447225614,0.019120421,0.028108837,0.00036968163
6447233344,6447233105,0.019464443,0.027515197,0.00037785448
6447235839,6447235601,0.019638432,0.027540756,0.00037709952
6447239593,6447239347,0.019759394,0.027599558,0.00037471316
6447247075,6447246838,0.019064315,0.027584923,0.00036772405
6447252090,6447251831,0.018085925,0.027629772,0.00037026094
6447257069,6447256825,0.018353315,0.027734425,0.00037857197
6447262064,6447261819,0.019010559,0.02792139,0.00037943345
6447268296,6447268061,0.019876726,0.027877554,0.00038411163
6447272050,6447271807,0.019753903,0.02761501,0.0003894933
6447274534,6447274304,0.019582618,0.027358789,0.00039374272
6447282037,6447281794,0.019250708,0.0278406,0.00040534907
6447285771,6447285539,0.018771278,0.027875703,0.0004068967
6447292019,6447291782,0.018605694,0.027370714,0.00040972416
6447295756,6447295527,0.018936628,0.02747178,0.0004121396
6447303261,6447303017,0.01928105,0.027518503,0.0004081284
6447306998,6447306767,0.018944988,0.027450498,0.0004076468
6447309495,6447309260,0.01879639,0.027383767,0.0004092934
6447316993,6447316750,0.017920883,0.02782978,0.00041185124
6447320733,6447320496,0.018069487,0.028018689,0.00041044859
6447326973,6447326738,0.018550785,0.027831778,0.00040425785
6447331972,6447331732,0.018889405,0.027994586,0.0003965648
6447338203,6447337974,0.018859988,0.027696505,0.0003945656
6447341960,6447341720,0.018492086,0.027648795,0.00039639432
6447344450,6447344216,0.018235534,0.027700854,0.000398409
6447351945,6447351707,0.018025987,0.027996246,0.00038977666
6447355682,6447355452,0.018620037,0.02774215,0.00038723613
6447361938,6447361695,0.018604254,0.027317654,0.00038721674
6447365673,6447365440,0.018480852,0.027431069,0.00038633493
6447373163,6447372931,0.017972,0.027551776,0.00038988353
6447376916,6447376676,0.017405942,0.027476106,0.00039318643
6447379404,6447379173,0.01723539,0.027260963,0.00039211207
6447386901,6447386664,0.018046536,0.027704636,0.00038716051
6447391900,6447391658,0.01818705,0.027921708,0.0003848829
6447396924,6447396656,0.01795584,0.027966434,0.0003838299
6447401876,6447401645,0.017089581,0.027974587,0.00038424233
6447408116,6447407887,0.017089333,0.027801573,0.00039174408
6447411866,6447411632,0.017388487,0.027757647,0.00039436307
6447414359,6447414129,0.017546155,0.02764702,0.00039545336
6447421883,6447421620,0.01766668,0.027354639,0.00039500924
6447425597,6447425365,0.017783856,0.027777767,0.00039035222
6447431839,6447431608,0.017200284,0.028153654,0.00037649332
6447435590,6447435353,0.017082596,0.027868837,0.00036735032
6447443090,6447442843,0.017070737,0.027125888,0.00034389514
6447446821,6447446590,0.016983595,0.027607037,0.000334214
6447449332,6447449086,0.016989537,0.027875178,0.00033133948
6447456813,6447456577,0.017080132,0.027862933,0.00033344087
6447461801,6447461571,0.016660793,0.02755662,0.0003305086
6447466799,6447466564,0.016252937,0.027822686,0.00032427
6447470541,6447470310,0.016768046,0.02792627,0.00032458824
6447478034,6447477800,0.016889816,0.028075717,0.00033113535
6447481780,6447481546,0.017031673,0.027912222,0.00033142828
6447484278,6447484043,0.017020483,0.027696293,0.0003296543
6447491766,6447491533,0.016499609,0.027877307,0.00031753784
6447495507,6447495278,0.01654045,0.027899623,0.00030788462
6447503044,6447502769,0.015968114,0.027728442,0.00028976152
6447505499,6447505266,0.01613839,0.027796715,0.0002869793
6447512990,6447512757,0.016436549,0.027856423,0.0002896462
6447516735,6447516502,0.016276056,0.027814902,0.00029044447
6447521727,6447521496,0.015962467,0.027548376,0.00029073464
6447526731,6447526490,0.015421678,0.027922966,0.0002949442
6447531726,6447531484,0.015331262,0.027919888,0.00030190893
6447537961,6447537725,0.015532164,0.0276837,0.0003063383
6447541705,6447541471,0.015810868,0.027822223,0.00030397868
6447547941,6447547713,0.015686965,0.027742747,0.0003011665
6447551692,6447551459,0.015646836,0.027588814,0.00029801848
6447555448,6447555204,0.015366133,0.02786134,0.00029533738
6447561693,6447561446,0.015464576,0.028018186,0.0002864636
6447565423,6447565192,0.0154159125,0.028022597,0.00028945925
6447572929,6447572682,0.015538313,0.02822436,0.0003105518
6447575413,6447575179,0.0155478595,0.028221859,0.00031349013
6447582912,6447582670,0.015291541,0.027869672,0.00031111945
6447586650,6447586415,0.01521432,0.027726049,0.00031496794
6447591646,6447591409,0.01514743,0.027863251,0.0003210254
6447596639,6447596403,0.015170298,0.027632212,0.00031752745
6447602878,6447602646,0.015208711,0.02778035,0.00031814646
6447607877,6447607638,0.0150656225,0.02783132,0.00031816977
6447611626,6447611384,0.014388564,0.027775684,0.00031539533
6447617854,6447617626,0.013558582,0.028180547,0.00031624673
6447621623,6447621372,0.013853097,0.028278057,0.00032065465
6447625349,6447625117,0.013878235,0.02776888,0.00032352848
6447631598,6447631359,0.014831575,0.0274752,0.00032733765
6447635338,6447635105,0.014867412,0.027590433,0.00032628965
6447642830,6447642595,0.014510182,0.028258625,0.00031091826
6447645331,6447645092,0.0145579,0.028231697,0.00030576868
6447652820,6447652583,0.013762459,0.027825223,0.00030277364
6447656558,6447656328,0.013676352,0.027731089,0.0003008978
6447661557,6447661324,0.014185228,0.028001659,0.00029922376
6447666550,6447666316,0.014448406,0.027824825,0.00029457657
6447672794,6447672562,0.014008622,0.028199269,0.00027935102
6447677783,6447677552,0.01346378,0.028019145,0.0002771388
6447680289,6447680049,0.013283051,0.027932072,0.00027829641
6447687773,6447687539,0.013077265,0.028025633,0.00028683493
6447691520,6447691285,0.013182694,0.02806117,0.0002898263
6447695271,6447695030,0.013330994,0.027961712,0.00029505225
6447701503,6447701272,0.013478249,0.028274218,0.00030141964
6447705257,6447705017,0.013494683,0.027819086,0.0002968297
6447712738,6447712508,0.013109849,0.028079545,0.00027882823
6447716488,6447716255,0.01310124,0.027682072,0.0002689903
6447722725,6447722496,0.013203202,0.028023986,0.00025742795
6447726479,6447726241,0.012956658,0.028203579,0.0002561895
6447731478,6447731235,0.012664074,0.028032076,0.00026437873
6447736482,6447736229,0.012845632,0.027752297,0.00026811086
6447741463,6447741223,0.012546302,0.027540045,0.00026537295
6447747695,6447747464,0.012798905,0.028060578,0.00026279097
6447751452,6447751210,0.0128018325,0.028045006,0.00026575563
6447757681,6447757452,0.012429193,0.027940381,0.00027097116
6447761490,6447761204,0.012263485,0.027725685,0.00026758615
6447765175,6447764943,0.012222054,0.027766092,0.00026606576
6447771421,6447771185,0.011782595,0.02805064,0.0002730221
6447775166,6447774930,0.011531404,0.028280573,0.00027461385
6447782658,6447782421,0.012309833,0.027921135,0.00027051577
6447786411,6447786167,0.01256387,0.02797075,0.00027747755
6447792688,6447792409,0.012940319,0.02801096,0.00029717005
6447796389,6447796154,0.01238118,0.027808974,0.00030410622
6447801384,6447801148,0.011696792,0.02793732,0.00030444018
6447806382,6447806142,0.011291513,0.027846185,0.00030132444
6447811373,6447811136,0.011662749,0.0277805,0.00030106734
6447817606,6447817377,0.011958305,0.028089225,0.00030518952
6447821355,6447821123,0.011544188,0.028183533,0.00030559264
6447827592,6447827365,0.01107399,0.027924037,0.00029312712
6447831343,6447831111,0.011064145,0.02824285,0.00028471075
6447835086,6447834856,0.011350161,0.028313791,0.00028094283
6447841337,6447841098,0.011705528,0.028197879,0.00027976226
6447845087,6447844843,0.011747336,0.02817056,0.0002803724
6447852568,6447852334,0.011312165,0.027898112,0.00027550335
6447856323,6447856079,0.011034305,0.028031189,0.00027085235
6447862555,6447862323,0.011012887,0.02823145,0.00025569726
6447866311,6447866067,0.010915594,0.028262813,0.00024328055
6447871308,6447871061,0.011409964,0.028000858,0.00023627313
6447876297,6447876055,0.011467121,0.027946793,0.00024125101
6447881289,6447881049,0.011021435,0.027514689,0.0002513772
6447887543,6447887291,0.010551909,0.027970592,0.00025300088
6447891277,6447891036,0.010113581,0.028197706,0.0002502175
6447895011,6447894781,0.010045188,0.028174438,0.000248425
6447901264,6447901024,0.01043007,0.027907522,0.00024277247
6447904998,6447904769,0.010775478,0.027774276,0.00024535932
6447912505,6447912271,0.0107316645,0.028354906,0.00024247452
6447914988,6447914756,0.010749525,0.028261373,0.0002405541
6447922487,6447922248,0.010316137,0.028124884,0.00023431075
6447926226,6447925993,0.010271764,0.027866254,0.00023453023
6447931222,6447930987,0.010453417,0.028390191,0.00023500726
6447936216,6447935980,0.010612869,0.028183555,0.00023588279
6447941226,6447940975,0.010622776,0.028010672,0.00023235986
6447947467,6447947216,0.009924522,0.02821121,0.00021949247
6447951205,6447950962,0.009712436,0.028047305,0.00021038034
6447957431,6447957203,0.009965692,0.027699733,0.0002047057
6447961182,6447960949,0.01052665,0.027640522,0.00020594342
6447964948,6447964694,0.010855852,0.027680837,0.0002063992
6447972433,6447972185,0.01032265,0.028379587,0.0002031285
6447974926,6447974682,0.009794554,0.028308716,0.00020137941
6447982411,6447982173,0.008905143,0.028196396,0.00019238998
6447984901,6447984669,0.0092956545,0.028224243,0.00019025867
6447992398,6447992160,0.010226698,0.028193317,0.00018170693
6447996200,6447995905,0.010368051,0.027835619,0.00018159825
6448001137,6448000900,0.010171169,0.028263828,0.00018989178
6448006127,6448005893,0.0096205445,0.028556518,0.0001878179
6448011123,6448010887,0.009529044,0.028289288,0.00017782756
6448017380,6448017129,0.0097062625,0.02813075,0.00017823446
6448021119,6448020875,0.00980079,0.028024968,0.00018015767
6448027380,6448027118,0.009480551,0.02761982,0.00018369034
6448031102,6448030862,0.009702921,0.027666379,0.00018463274
6448034840,6448034608,0.009541666,0.027727196,0.00018386023
6448041093,6448040850,0.009232953,0.028194172,0.00017410905
6448044827,6448044595,0.009225627,0.028240202,0.0001693584
6448052318,6448052086,0.009738403,0.027888495,0.00017314179
6448054826,6448054583,0.00944006,0.02778807,0.00017526648
6448062320,6448062075,0.009360642,0.028108096,0.00017282386
6448066050,6448065818,0.0090077445,0.0283344,0.00016935515
6448071051,6448070813,0.009201629,0.028205743,0.0001689076
6448076044,6448075806,0.009756497,0.028223677,0.00016828185
6448081035,6448080800,0.009937821,0.028169852,0.00016113753
6448087286,6448087042,0.009930165,0.028224573,0.0001521375
6448091029,6448090788,0.009754413,0.028128693,0.00015064263
6448097291,6448097030,0.009002181,0.027939262,0.0001518055
6448101008,6448100775,0.008618929,0.028024374,0.00015135088
6448104754,6448104521,0.008906876,0.027840737,0.00015227574
6448112264,6448112011,0.009355059,0.02818426,0.00015581006
6448114740,6448114508,0.00969393,0.028198514,0.0001584087
6448122239,6448121999,0.009988572,0.028059259,0.00016560504
6448125975,6448125744,0.009407241,0.0280663,0.00016611045
6448132229,6448131986,0.00888242,0.02804885,0.0001680607
6448135962,6448135731,0.008848502,0.02827085,0.00017091216
6448140968,6448140725,0.009111107,0.028367013,0.00018062981
6448145962,6448145719,0.009680099,0.028291054,0.00018463438
6448150944,6448150713,0.009727514,0.028402295,0.00017800735
6448157187,6448156955,0.00921164,0.028295163,0.00017429561
6448160946,6448160701,0.009016265,0.028126212,0.00017433774
6448167172,6448166943,0.00880926,0.028142003,0.00017349653
6448170927,6448170688,0.009490165,0.028175952,0.00016739957
6448174660,6448174433,0.009588386,0.027816735,0.00016200365
6448180935,6448180677,0.009378185,0.027956178,0.00015200717
6448184656,6448184421,0.009092211,0.027991505,0.0001479234
6448192145,6448191912,0.009103614,0.027872108,0.00015389966
6448195897,6448195657,0.009038442,0.027892875,0.00016738455
6448202133,6448201899,0.0091440445,0.028221307,0.00018688157
6448205880,6448205646,0.009559742,0.028258026,0.0001916573
6448210889,6448210639,0.009879513,0.027767079,0.00018659995
6448215872,6448215632,0.0098210545,0.027995517,0.00017379143
6448220859,6448220626,0.0095738815,0.028256625,0.00015803611
6448227096,6448226868,0.008613013,0.028273158,0.00014071274
6448230916,6448230619,0.008771498,0.028260248,0.00013471828
6448237088,6448236856,0.009599831,0.028124673,0.00013175076
6448240833,6448240601,0.0100298645,0.028157266,0.00013202665
6448244580,6448244347,0.009839314,0.02815079,0.00013281057
6448250825,6448250589,0.009070311,0.028079282,0.00013148201
6448254566,6448254334,0.008591638,0.028102912,0.00013110985
6448262070,6448261825,0.009649558,0.027907671,0.00013644803
6448265801,6448265570,0.009773563,0.028053135,0.00014150084
6448272063,6448271813,0.009858769,0.028157683,0.0001445631
6448275792,6448275557,0.009685823,0.028114561,0.000143287
6448280785,6448280552,0.009286328,0.028190374,0.00014227732
6448285775,6448285545,0.009095401,0.02828756,0.00014211018
6448290816,6448290539,0.009252574,0.028119558,0.00014759901
6448297015,6448296781,0.010016627,0.027997326,0.00015306855
6448300762,6448300527,0.010131575,0.02799737,0.00016038463
6448306999,6448306768,0.0101291025,0.028455045,0.00016934512
6448310750,6448310514,0.009665118,0.02809854,0.00016865713
6448314511,6448314270,0.009184108,0.028028145,0.00016379896
6448322009,6448321750,0.009431224,0.028238254,0.00015441712
6448324487,6448324247,0.009520188,0.028149238,0.00015060832
6448331977,6448331738,0.010158481,0.02798798,0.00013374194
6448335719,6448335485,0.01005003,0.027918885,0.00012823913
6448340713,6448340477,0.009518054,0.027861759,0.00013263736
6448345707,6448345471,0.009553294,0.02787062,0.00014167369
6448350699,6448350465,0.009997431,0.02830723,0.00014608065
6448356945,6448356706,0.010261846,0.02819332,0.00015338835
6448360684,6448360452,0.010205729,0.02808698,0.0001568654
6448366927,6448366694,0.01008568,0.02864077,0.00016521811
6448370676,6448370440,0.009763158,0.028588198,0.00017003626
6448376976,6448376685,0.009853457,0.027801834,0.000183994
6448380663,6448380427,0.009872293,0.027622366,0.00019388073
6448388154,6448387918,0.010339703,0.028157244,0.00020533691
6448391900,6448391663,0.010924683,0.028553592,0.00019932572
6448394394,6448394160,0.01089148,0.028282115,0.00019345342
6448401884,6448401651,0.0102882935,0.027518049,0.00017627366
6448405635,6448405396,0.0102141565,0.027837707,0.00017175586
6448410625,6448410390,0.010173993,0.02824253,0.00016859098
6448415618,6448415384,0.010370813,0.028010715,0.00017278182
6448420613,6448420378,0.010886336,0.028050933,0.00017864868
6448426849,6448426619,0.010952492,0.028191866,0.00018805046
6448430605,6448430365,0.010566101,0.028342152,0.00019408476
6448436841,6448436611,0.01080562,0.028194979,0.00020934746
6448440592,6448440353,0.010872509,0.027776772,0.00022084545
6448446824,6448446595,0.010944369,0.027708853,0.00023003091
6448450572,6448450341,0.011066877,0.027799372,0.00023208553
6448458063,6448457831,0.010729113,0.028208613,0.00022007362
6448461808,6448461576,0.010481913,0.028200844,0.00021358459
6448464312,6448464073,0.010426401,0.028189456,0.00021031068
6448471828,6448471564,0.011335917,0.028252952,0.00021977378
6448475544,6448475309,0.011390362,0.028217621,0.00022480541
6448480536,6448480303,0.01149546,0.027924351,0.00022689908
6448485534,6448485297,0.011539548,0.027931105,0.00022551054
6448491774,6448491539,0.011088253,0.02771205,0.00023357042
6448496772,6448496532,0.010782944,0.027519424,0.00024349554
6448500516,6448500284,0.011142367,0.027936062,0.00024736344
6448506759,6448506520,0.01166957,0.02843733,0.00024869925
6448510501,6448510266,0.0119897295,0.028289303,0.00025541306
6448517986,6448517756,0.01175031,0.027680447,0.0002627268
6448520494,6448520261,0.011594226,0.027777512,0.00026264242
6448527984,6448527744,0.0113964565,0.028116977,0.00027080218
6448531721,6448531489,0.01184811,0.02822595,0.00028333158
6448535473,6448535234,0.012158443,0.028054839,0.0002911477
6448541723,6448541477,0.012499689,0.02782265,0.00028744247
6448545476,6448545222,0.012314532,0.027920105,0.0002806945
6448550454,6448550216,0.011897477,0.028315898,0.00027658136
6448555445,6448555210,0.011606078,0.028454466,0.00028222208
6448559185,6448558955,0.011522975,0.028282009,0.00028479265
6448566681,6448566446,0.012259396,0.027621653,0.00028674846
6448571673,6448571440,0.012691257,0.027532883,0.00028643233
6448576665,6448576433,0.012669383,0.0280611,0.00029222496
6448580475,6448580181,0.012519738,0.028264679,0.00029809555
6448587920,6448587669,0.012234932,0.02757872,0.0002972199
6448590402,6448590166,0.012270927,0.027534481,0.00029558528
6448597892,6448597657,0.013205538,0.028203169,0.0002937636
6448601633,6448601402,0.013492002,0.028101847,0.00029791077
6448605402,6448605148,0.013170777,0.02780796,0.00029938188
6448611657,6448611391,0.012479379,0.027736166,0.00029147754
6448615370,6448615136,0.012399166,0.027738124,0.00028624246
6448620365,6448620129,0.012381203,0.028309187,0.00027864936
6448625358,6448625123,0.012819277,0.027898476,0.00027603674
6448629106,6448628868,0.012987148,0.027657006,0.00027551746
6448636591,6448636359,0.01376152,0.027823698,0.00027738017
6448640338,6448640104,0.013339655,0.027847936,0.00027383163
6448646579,6448646346,0.0126933865,0.027899101,0.00026389112
6448650323,6448650092,0.012570011,0.027839366,0.00026256472
6448657808,6448657582,0.013709411,0.028008265,0.00026170976
6448660319,6448660080,0.013720348,0.02822381,0.00026444538
6448667801,6448667570,0.013808884,0.027983095,0.0002737435
6448671577,6448671316,0.013464625,0.027758498,0.00027977146
6448675305,6448675061,0.013621366,0.027644966,0.00028445123
6448681535,6448681303,0.013629018,0.028296916,0.00028374852
6448685291,6448685048,0.0136887785,0.028116938,0.00028153308
6448690281,6448690042,0.01433125,0.028069045,0.0002865767
6448695292,6448695036,0.014171542,0.027537953,0.00028523678
6448700269,6448700030,0.014055359,0.027582979,0.00027666922
6448706502,6448706272,0.013947506,0.027597258,0.0002693315
6448710261,6448710017,0.014042675,0.027949981,0.0002627709
6448716490,6448716259,0.014367338,0.027982162,0.00025924132
6448720238,6448720005,0.014731972,0.027896319,0.00026441514
6448727728,6448727496,0.014951104,0.027950475,0.00027940076
6448731479,6448731241,0.014364179,0.027667787,0.00028064757
6448737720,6448737483,0.01371084,0.027970936,0.00027536412
6448741471,6448741228,0.013691559,0.028115412,0.0002780739
6448745211,6448744974,0.01411833,0.027881032,0.00027850847
6448750200,6448749967,0.014824677,0.027453486,0.0002733821
6448755205,6448754961,0.015270465,0.02752732,0.00027684958
6448760195,6448759955,0.015445464,0.027988182,0.0002876296
6448766439,6448766197,0.014702588,0.028060919,0.00028986498
6448770175,6448769942,0.014579694,0.028002106,0.00028625608
6448776413,6448776185,0.014886245,0.027826164,0.0002819857
6448780166,6448779930,0.0151395565,0.027924495,0.0002915706
6448786405,6448786173,0.015469509,0.028227258,0.00030546513
6448791397,6448791166,0.015887646,0.0281225,0.00030371605
6448797639,6448797408,0.014907314,0.027778706,0.00031234408
6448801397,6448801154,0.014934534,0.02766284,0.00031675014
6448807628,6448807396,0.01546401,0.027761145,0.00031582775
6448811377,6448811141,0.015465755,0.02809989,0.00031265654
6448815154,6448814887,0.015480668,0.028065726,0.00030627623
6448820127,6448819880,0.015494427,0.027591327,0.00029913866
6448825110,6448824874,0.015539096,0.027166167,0.00029452983
6448830111,6448829874,0.015736345,0.027606681,0.00029187166
6448836345,6448836110,0.016195837,0.0278828,0.00028668332
6448840089,6448839855,0.01653971,0.027716197,0.00028155278
6448846351,6448846099,0.01622526,0.027939545,0.00027919107
6448850089,6448849843,0.01609561,0.0276688,0.00028101236
6448856319,6448856085,0.015367052,0.027814887,0.0002827676
6448860073,6448859831,0.01537845,0.028000204,0.0002849202
6448867553,6448867321,0.01599267,0.027783552,0.00028511308
6448871324,6448871067,0.016478812,0.027565114,0.00029084054
6448877555,6448877309,0.016640635,0.027482826,0.00030883303
6448881293,6448881054,0.016397163,0.027550152,0.0003122008
6448885035,6448884800,0.015927697,0.027843043,0.00030985076
6448890038,6448889793,0.015858905,0.028055388,0.00030513617
6448895027,6448894788,0.016243922,0.02791024,0.00031171777
6448900014,6448899781,0.016768876,0.027937228,0.00031884122
6448906260,6448906025,0.016787235,0.027539192,0.00032510736
6448910004,6448909769,0.016454834,0.027273843,0.00032503103
6448916241,6448916011,0.016501185,0.027481752,0.00032110995
6448919993,6448919756,0.016297063,0.027794136,0.00032092154
6448927490,6448927247,0.01678394,0.027561095,0.00032759804
6448929981,6448929748,0.016992267,0.02751916,0.00032923956
6448937489,6448937234,0.017342664,0.02782135,0.000335294
6448941216,6448940980,0.017449869,0.027689628,0.0003333325
6448944969,6448944725,0.016960517,0.027499903,0.00033060304
6448951197,6448950967,0.016426207,0.027716966,0.00033987753
6448954959,6448954713,0.016761743,0.027961764,0.0003454734
6448959939,6448959707,0.017297087,0.027971663,0.00034728402
6448964951,6448964700,0.017553028,0.027712261,0.00034856301
6448969957,6448969694,0.017240506,0.027641166,0.0003516137
6448976165,6448975936,0.016910985,0.027777174,0.0003461159
6448979926,6448979682,0.016883248,0.02754794,0.00034520912
6448986160,6448985924,0.01735732,0.027374692,0.00034731493
6448989911,6448989669,0.017623164,0.027645301,0.00034864605
6448997408,6448997160,0.017701477,0.027706165,0.00034297068
6448999900,6448999657,0.01772869,0.027633132,0.00034179274
6449007393,6449007147,0.017177895,0.027624669,0.0003552024
6449011126,6449010893,0.017305136,0.027623108,0.0003639505
6449014881,6449014638,0.017385527,0.027617801,0.0003694646
6449021114,6449020880,0.017974982,0.027563663,0.0003693113
6449024861,6449024625,0.017869499,0.02763987,0.0003688148
6449029861,6449029619,0.017932056,0.02760105,0.00036131014
6449034852,6449034613,0.017342227,0.027793871,0.0003559256
6449039847,6449039613,0.017066214,0.027602753,0.00035474377
6449046086,6449045849,0.01750197,0.027605418,0.00035647588
6449049843,6449049594,0.017733896,0.027931124,0.00035844135
6449056068,6449055837,0.018219486,0.027920382,0.0003636189
6449059828,6449059582,0.018176997,0.027805658,0.00036409547
6449067319,6449067073,0.017250698,0.027875463,0.00035612643
6449069806,6449069570,0.017069208,0.027905041,0.0003538179
6449077298,6449077061,0.017683256,0.027573818,0.00036157723
6449081042,6449080806,0.018095206,0.027688075,0.00036438915
6449087296,6449087048,0.018438185,0.02770656,0.00036380257
6449091031,6449090793,0.018668802,0.02754776,0.00036894987
6449094771,6449094539,0.018183002,0.028052576,0.00037879555
6449099767,6449099532,0.01762072,0.027721958,0.00038217442
6449106013,6449105774,0.017279383,0.027326824,0.00037304783
6449109756,6449109520,0.018089514,0.027354158,0.0003689062
6449115993,6449115762,0.018610561,0.027707659,0.00036899812
6449119741,6449119508,0.018638402,0.027649505,0.00036904652
6449125980,6449125749,0.01803312,0.028027324,0.00036413028
6449129732,6449129496,0.018293543,0.028216684,0.00035889234
6449137234,6449136986,0.018069413,0.028019385,0.00035830663
6449140975,6449140731,0.018238561,0.027828429,0.00035659652
6449147206,6449146973,0.018267283,0.027275728,0.00035686954
6449150955,6449150719,0.01815174,0.027007775,0.00035980865
6449159697,6449159459,0.017824942,0.027610743,0.00036550657
6449160950,6449160706,0.01783659,0.027745564,0.00036823808
6449164686,6449164452,0.017882293,0.027631162,0.00037604812
6449169677,6449169445,0.018043697,0.027517859,0.00038371558
6449175929,6449175687,0.018401695,0.027465468,0.0003925922
6449182155,6449181930,0.01836457,0.027710518,0.00038674887
6449185915,6449185675,0.018115772,0.027846353,0.0003832154
6449189653,6449189421,0.017557187,0.027731923,0.00037948458
6449195896,6449195663,0.01824812,0.027715279,0.00036349255
6449199644,6449199408,0.018606389,0.02769593,0.00035971677
6449207137,6449206899,0.019014567,0.027288502,0.00036228093
6449210880,6449210644,0.018897953,0.027281765,0.00036867676
6449217117,6449216886,0.018282173,0.027810564,0.00037764112
6449220869,6449220632,0.017905021,0.028024906,0.00038083026
6449229602,6449229371,0.017796792,0.027449856,0.0003669902
6449230858,6449230619,0.017827917,0.027419602,0.0003668388
6449234605,6449234365,0.01820481,0.027478462,0.00036849658
6449239593,6449239358,0.018515812,0.027338812,0.0003690357
6449245837,6449245600,0.018368997,0.027733414,0.00036317186
6449249593,6449249346,0.01808711,0.027828455,0.00036227316
6449255833,6449255588,0.017772937,0.02765134,0.00035866696
6449263317,6449263079,0.018508537,0.027617572,0.0003653403
6449265808,6449265576,0.018809497,0.027660828,0.0003666111
6449269559,6449269321,0.01885808,0.027731346,0.0003619394
6449277046,6449276812,0.01842682,0.027811421,0.0003361181
6449280789,6449280557,0.017835528,0.027782252,0.00033021747
6449287033,6449286799,0.017859383,0.02762594,0.0003329831
6449290785,6449290546,0.018165417,0.02772751,0.00033333636
6449298287,6449298035,0.018452596,0.02771751,0.0003306415
6449300764,6449300532,0.018450107,0.027656242,0.00032963054
6449304509,6449304278,0.01826162,0.027480666,0.00033122653
6449311999,6449311768,0.01778886,0.027963642,0.0003367433
6449315759,6449315517,0.01733057,0.028049901,0.00034400538
6449320745,6449320508,0.017562814,0.027897818,0.00035442473
6449325742,6449325509,0.01824162,0.027510818,0.00036352657
6449333225,6449332992,0.018329738,0.027800275,0.00036618306
6449336975,6449336737,0.018373229,0.027527714,0.00036586903
6449339531,6449339234,0.018024791,0.027254414,0.0003655803
6449346953,6449346725,0.017539123,0.027366485,0.00036343766
6449350710,6449350470,0.01779686,0.027336165,0.00036503834
6449356949,6449356712,0.018721784,0.02749203,0.00037037974
6449360692,6449360458,0.018683307,0.027641421,0.0003659945
6449369430,6449369197,0.017458232,0.02768893,0.0003497269
6449371942,6449371694,0.017519953,0.0275909,0.0003440769
6449374427,6449374191,0.01768043,0.027681079,0.0003389021
6449381913,6449381681,0.017818654,0.02775099,0.00033578894
6449385657,6449385427,0.017857334,0.027508598,0.00033775283
6449390658,6449390420,0.018135943,0.027723147,0.00034264656
6449395651,6449395414,0.017840955,0.027818501,0.00035257151
6449403141,6449402905,0.017006494,0.027506799,0.00036119425
6449406882,6449406650,0.017182114,0.027358472,0.00035796044
6449409380,6449409147,0.017499901,0.027278913,0.00035395898
6449416872,6449416638,0.01799344,0.027589705,0.0003392301
6449420616,6449420383,0.017755568,0.027622424,0.00033341447
6449426852,6449426625,0.017489633,0.027787037,0.00032501933
6449430604,6449430371,0.017121902,0.027993543,0.00031833307
6449438100,6449437861,0.017119095,0.027768916,0.00031119862
6449441837,6449441607,0.01743859,0.027532574,0.0003113384
6449444339,6449444104,0.017461961,0.02744607,0.0003107269
6449451828,6449451594,0.017234357,0.027519569,0.00031709153
6449455582,6449455340,0.017268676,0.027669525,0.00032597146
6449461809,6449461582,0.017094359,0.027791005,0.00034236434
6449465563,6449465327,0.016900908,0.027895646,0.00035237157
6449473049,6449472818,0.017251015,0.027694937,0.00035656863
6449476795,6449476563,0.017514804,0.027805367,0.00035860424
6449479304,6449479060,0.017663898,0.027647087,0.00036028784
6449486782,6449486551,0.016874645,0.027556924,0.00036878398
6449490528,6449490296,0.016426498,0.027311277,0.00036885697
6449499276,6449499035,0.01668305,0.027670715,0.00036538864
6449500535,6449500288,0.016658824,0.027706744,0.00036515918
6449509270,6449509024,0.016415454,0.027570087,0.0003615624
6449511763,6449511520,0.016535066,0.027428247,0.00035924892
6449515505,6449515265,0.016700603,0.027538886,0.00035726212
6449521734,6449521507,0.016126344,0.027838817,0.00036145828
6449525489,6449525255,0.016083952,0.028161388,0.00036058432
6449532986,6449532744,0.01660892,0.027837958,0.00034929803
6449535484,6449535247,0.01656456,0.027710635,0.00034881328
6449539223,6449538986,0.016505927,0.027457917,0.00035003325
6449546716,6449546476,0.01632006,0.027374174,0.00033720265
6449550464,6449550222,0.01585611,0.02755349,0.0003272379
6449556696,6449556464,0.015986051,0.0277392,0.0003134895
6449560446,6449560210,0.016316442,0.027757715,0.00031007305
6449569194,6449568948,0.01662358,0.02784138,0.00030512922
6449570432,6449570197,0.016593376,0.0278086,0.0003022375
6449579172,6449578936,0.015765334,0.02751623,0.00028282753
6449581662,6449581433,0.015732817,0.027592799,0.00027773573
6449585421,6449585178,0.015568104,0.027682703,0.00026628072
6449591648,6449591420,0.015431986,0.027553484,0.00025503096
6449595398,6449595166,0.015964735,0.027432397,0.00025474766
6449602892,6449602656,0.016248642,0.027713895,0.00026217863
6449605396,6449605153,0.015976544,0.027839,0.00026415725
6449610379,6449610147,0.014904169,0.027837012,0.0002644907
6449616618,6449616389,0.015041703,0.02769451,0.00025528265
6449620434,6449620142,0.015266621,0.027616858,0.00025303118
6449626610,6449626377,0.015361127,0.027611515,0.00025345501
6449630355,6449630122,0.015555605,0.027567685,0.00025534024
6449637861,6449637613,0.0155407805,0.028001035,0.0002548274
6449640348,6449640110,0.015123003,0.028164692,0.00025687885
6449649090,6449648849,0.014811058,0.028366221,0.00026719185
6449651573,6449651346,0.014933842,0.028073933,0.0002688165
6449655324,6449655091,0.01506426,0.027663074,0.00026767328
6449661562,6449661333,0.015252284,0.027450586,0.00026293658
6449665371,6449665083,0.014669257,0.027692905,0.00026034075
6449672876,6449672574,0.014306306,0.027609197,0.00024270976
6449675305,6449675066,0.0142102325,0.02760396,0.00023827047
6449682784,6449682557,0.014723798,0.027805176,0.00023043567
6449686547,6449686303,0.015281602,0.02803837,0.00022695758
6449690289,6449690048,0.015203875,0.02786996,0.00022698117
6449696527,6449696290,0.014647707,0.027577916,0.00022298587
6449700281,6449700036,0.014279615,0.027801342,0.00022221131
6449709006,6449708775,0.013581565,0.02758086,0.00023839941
6449710323,6449710028,0.0136733875,0.027525166,0.00023977514
6449717851,6449717516,0.014734895,0.027563559,0.00024433926
6449721491,6449721259,0.014716586,0.027551832,0.00024225863
6449725294,6449725004,0.014564186,0.027714655,0.00024451772
6449731479,6449731246,0.013689191,0.027650453,0.0002523064
6449735225,6449734992,0.013426129,0.027650995,0.0002474561
6449742714,6449742482,0.013807608,0.027889699,0.00023656654
6449746472,6449746228,0.0141072115,0.027887324,0.0002355807
6449752713,6449752470,0.014268172,0.02794583,0.00023852197
6449756447,6449756216,0.01428784,0.028233528,0.00024414717
6449760195,6449759961,0.013769753,0.028137067,0.0002482158
6449766438,6449766203,0.013132017,0.027776094,0.00025306712
6449770239,6449769948,0.013286063,0.02745912,0.0002521473
6449778932,6449778687,0.013942703,0.027534205,0.00025643333
6449781427,6449781184,0.013943031,0.027924929,0.00025870244
6449788923,6449788676,0.01314251,0.028094675,0.00026177085
6449791398,6449791172,0.012995899,0.02796153,0.00026476965
6449795149,6449794917,0.012616511,0.027703084,0.00026849925
6449801389,6449801159,0.013088401,0.027802505,0.00027182073
6449805141,6449804905,0.013362749,0.027937558,0.00027777013
6449812634,6449812396,0.013778819,0.027822325,0.0002817605
6449816376,6449816141,0.013487204,0.027865205,0.00028162793
6449822672,6449822383,0.012457897,0.028098388,0.00027837232
6449826360,6449826129,0.012061037,0.027794344,0.000274336
6449830152,6449829873,0.01225198,0.027939776,0.0002709368
6449836368,6449836116,0.0127368085,0.028183518,0.0002695733
6449840125,6449839861,0.013121505,0.028355058,0.00026822442
6449848835,6449848601,0.012841072,0.027560651,0.000261568
6449851328,6449851097,0.012624017,0.027432267,0.00025891425
6449858824,6449858588,0.012294369,0.027840398,0.0002475656
6449861329,6449861085,0.012197162,0.027876686,0.000245843
6449865060,6449864830,0.012430627,0.02792848,0.00024293485
6449871316,6449871072,0.012728772,0.028070135,0.0002481311
6449875097,6449874818,0.012838515,0.027912332,0.00024992542
6449882587,6449882309,0.0120378975,0.027783936,0.0002396864
6449886302,6449886056,0.011802149,0.027789176,0.00023681762
6449892533,6449892296,0.012494011,0.027967079,0.00024313584
6449896288,6449896041,0.012095375,0.028249456,0.00024722103
6449900020,6449899786,0.012050056,0.028333101,0.00025216606
6449906272,6449906029,0.012424998,0.028143175,0.0002616984
6449910015,6449909774,0.01238025,0.027742263,0.0002634548
6449917501,6449917265,0.01155057,0.027979353,0.00024614597
6449921322,6449921016,0.011439353,0.027980212,0.00024021593
6449928735,6449928501,0.011827974,0.027934507,0.00022915805
6449931235,6449930998,0.011712234,0.027888317,0.00022494816
6449935015,6449934743,0.011915187,0.027803227,0.00022126583
6449942505,6449942234,0.011748096,0.02794708,0.00022258583
6449944970,6449944731,0.01160086,0.027971324,0.00022106965
6449952499,6449952222,0.011300698,0.027961869,0.00021432966
6449956200,6449955967,0.011563595,0.02796735,0.00021342542
6449959952,6449959712,0.011930862,0.027855484,0.00021451114
6449966193,6449965954,0.011367298,0.027684025,0.00021066525
6449969932,6449969700,0.011075795,0.027898265,0.0002037872
6449978675,6449978439,0.011118496,0.027661653,0.00020381059
6449979976,6449979687,0.011054961,0.027677149,0.00020470253
6449988668,6449988426,0.011476457,0.028031642,0.00020632197
6449991155,6449990923,0.011322028,0.028073115,0.00020511002
6449997399,6449997166,0.011160346,0.02770788,0.00019989397
6450001147,6450000911,0.011122964,0.02773317,0.0002032198
6450004894,6450004656,0.010975969,0.027561095,0.00020498043
6450012402,6450012147,0.0108724525,0.028209602,0.0002077934
6450014877,6450014644,0.01086221,0.028409304,0.00020431483
6450022363,6450022135,0.011483381,0.027821006,0.0001906657
6450026116,6450025880,0.011347274,0.027831716,0.00018213117
6450032385,6450032124,0.010864752,0.027903514,0.00017121011
6450036100,6450035867,0.010496894,0.027769528,0.00017223459
6450039901,6450039613,0.010155251,0.027872682,0.00017497885
6450048597,6450048352,0.010882923,0.027995154,0.00018670583
6450049834,6450049600,0.01105029,0.027977189,0.00019007706
6450058576,6450058339,0.011018685,0.027803821,0.00019271708
6450061072,6450060836,0.010621319,0.027685873,0.000191284
6450068559,6450068327,0.009532108,0.027737709,0.0001900995
6450071065,6450070824,0.00943589,0.027889447,0.00018939504
6450074797,6450074569,0.009820895,0.028220644,0.0001884636
6450082293,6450082060,0.011108707,0.028045012,0.00018046616
6450084820,6450084557,0.011002129,0.028093921,0.0001740314
6450092321,6450092047,0.010417666,0.027999561,0.00016718359
6450096028,6450095793,0.010198092,0.028200682,0.00016049054
6450103519,6450103284,0.009815626,0.027832214,0.00015877133
6450106025,6450105780,0.00986003,0.027767465,0.00016193041
6450109759,6450109526,0.01013741,0.02769266,0.00017010553
6450118501,6450118265,0.0104151275,0.02787839,0.00018374632
6450120998,6450120762,0.010056565,0.027988378,0.00018837875
6450128506,6450128263,0.009885951,0.028335726,0.00019139236
6450130988,6450130749,0.009779054,0.028461045,0.00018750166
6450138482,6450138240,0.010134967,0.0280789,0.00019293521
6450140993,6450140737,0.010259234,0.028126867,0.00019845337
6450144738,6450144482,0.010422992,0.028190535,0.00020231288
6450152234,6450151973,0.009714398,0.02767601,0.00020815719
6450155998,6450155718,0.009655881,0.027914893,0.00021242711
6450162189,6450161961,0.009372553,0.0280668,0.00021009876
6450165937,6450165706,0.009333791,0.028080357,0.00020404004
6450169686,6450169451,0.009664382,0.028014775,0.00019984652
6450175937,6450175693,0.010585418,0.027811667,0.00018533804
6450179680,6450179439,0.010450432,0.027774243,0.00017695858
6450188417,6450188178,0.008867299,0.028112,0.00018302107
6450190917,6450190675,0.008961972,0.02833468,0.00018660008
6450197175,6450196917,0.009875527,0.028186917,0.00019843965
6450200891,6450200662,0.010078383,0.028042162,0.00020595864
6450209635,6450209402,0.009856808,0.028238202,0.00021195697
6450212183,6450211898,0.009489849,0.027860405,0.00021256179
6450214629,6450214396,0.009131247,0.027780745,0.00021211531
6450222114,6450221886,0.008679135,0.027924387,0.00020409185
6450225859,6450225631,0.009045691,0.027976496,0.0002004446
6450232102,6450231873,0.009825667,0.028109636,0.0001993777
6450235855,6450235619,0.010007174,0.027800588,0.00019942167
6450243357,6450243110,0.009774814,0.027833257,0.00018429213
6450245839,6450245606,0.009770529,0.027968517,0.0001810359
6450249650,6450249353,0.00948628,0.028035803,0.00018280516
6450258331,6450258091,0.009114128,0.027918134,0.00020673568
6450260820,6450260588,0.009373497,0.02788829,0.00021392363
6450268325,6450268079,0.009706054,0.028069504,0.00022544341
6450270804,6450270575,0.00939455,0.02826042,0.00022595387
6450278324,6450278066,0.0087233605,0.028135309,0.00022785044
6450280794,6450280563,0.008759162,0.027988017,0.00022928255
6450284539,6450284308,0.008970986,0.02776023,0.00022608136
6450292041,6450291799,0.009686581,0.027882425,0.00021890225
6450295776,6450295544,0.009816721,0.027986089,0.00021696472
6450302046,6450301786,0.009029329,0.028128674,0.00022298866
6450305769,6450305532,0.008465023,0.027894512,0.00023141268
6450313278,6450313023,0.008729192,0.02787971,0.00025040866
6450318264,6450318017,0.0088226,0.028189443,0.00024578517
6450319498,6450319265,0.009041101,0.028243048,0.00024316303
6450328243,6450328005,0.0096272575,0.028271068,0.00022180693
6450330730,6450330501,0.009481345,0.028120298,0.00021669408
6450338223,6450337991,0.008270543,0.028353142,0.00020893758
6450340729,6450340488,0.007813006,0.028193071,0.00020798492
6450348222,6450347979,0.008406584,0.027829917,0.0002055606
6450351959,6450351724,0.009434648,0.027693825,0.00021033324
6450354500,6450354222,0.0101390155,0.0276397,0.00021316527
6450361957,6450361712,0.009576416,0.028034676,0.00021668203
6450365687,6450365457,0.009146717,0.028335292,0.00022010578
6450371929,6450371699,0.008704702,0.028003694,0.00022697858
6450375678,6450375445,0.008560953,0.02808345,0.00022961317
6450383170,6450382936,0.009284667,0.027989218,0.00022543507
6450388166,6450387929,0.009423221,0.027787564,0.00022630801
6450389412,6450389178,0.009329313,0.027827935,0.00022744336
6450396905,6450396669,0.008703566,0.028227454,0.00022260634
6450400650,6450400414,0.008739135,0.028148007,0.00021853046
6450408145,6450407904,0.00877053,0.028208153,0.00022162452
6450410633,6450410401,0.009037804,0.028343786,0.00022228004
6450418128,6450417892,0.009296261,0.02814405,0.00022227016
6450421950,6450421637,0.009091346,0.027738336,0.00022827182
6450424365,6450424134,0.008992108,0.027698651,0.00023385008
6450431858,6450431625,0.008963363,0.027883232,0.0002481573
6450435604,6450435370,0.008985631,0.028356103,0.00024789752
6450441841,6450441612,0.0089594675,0.028248684,0.0002467503
6450445597,6450445358,0.009052695,0.02801726,0.00024291535
6450453112,6450452849,0.00922533,0.028247723,0.000223346
6450458089,6450457843,0.009232639,0.027912872,0.0002163762
6450459341,6450459096,0.009118873,0.027779985,0.00021672704
6450468071,6450467830,0.00877098,0.028078178,0.00021676946
6450470561,6450470327,0.009147268,0.028227901,0.00021570352
6450476857,6450476574,0.010088648,0.027926266,0.00021646215
6450480544,6450480314,0.010122622,0.027750343,0.00021954677
6450488046,6450487805,0.008792592,0.027934985,0.00022871514
6450491778,6450491550,0.008301119,0.02820872,0.00022562376
6450494300,6450494047,0.008460748,0.028194783,0.00022089433
6450501773,6450501538,0.009262165,0.028283408,0.00020380718
6450505523,6450505283,0.009466735,0.028046792,0.00020106116
6450511762,6450511526,0.009679415,0.0278202,0.00020391091
6450515501,6450515271,0.0092163915,0.027906377,0.00020712071
6450522992,6450522762,0.008742926,0.027827466,0.00021110733
6450526741,6450526507,0.009065411,0.027824275,0.00021177727
6450530491,6450530262,0.009587602,0.027964795,0.00021173364
6450537984,6450537743,0.009965487,0.028068233,0.00021554889
6450540478,6450540240,0.009991928,0.027947469,0.00021990658
6450547974,6450547731,0.009335028,0.028153628,0.00023663594
6450550469,6450550227,0.009115574,0.028225379,0.00024073562
6450557958,6450557718,0.008942698,0.02807818,0.00023604449
6450561709,6450561464,0.009590423,0.028333597,0.00023059569
6450565455,6450565209,0.0100533,0.027970467,0.00022602157
6450571697,6450571451,0.00967668,0.02812479,0.0002179706
6450575428,6450575197,0.00927267,0.028124826,0.00021438522
6450582926,6450582687,0.009282066,0.027951129,0.0002112337
6450585432,6450585184,0.009350484,0.02780481,0.00021293275
6450592942,6450592675,0.010083853,0.027926171,0.00020955646
6450597903,6450597668,0.0101045435,0.028185975,0.00020281372
6450600406,6450600165,0.010020215,0.028130345,0.00019916968
6450607908,6450607656,0.01015972,0.028432434,0.00019182367
6450610406,6450610153,0.0100510465,0.028340748,0.00019165072
6450617882,6450617643,0.009990289,0.027648862,0.00018839448
6450620371,6450620140,0.009858612,0.027571049,0.00018983513
6450627879,6450627631,0.010126338,0.028037304,0.00019357019
6450631605,6450631377,0.01009214,0.02797431,0.00019519508
6450635355,6450635122,0.0100713875,0.028056882,0.00019316874
6450641592,6450641364,0.009720495,0.028017547,0.00018753819
6450645341,6450645110,0.009586346,0.028077135,0.0001895614
6450652833,6450652600,0.010274417,0.028102705,0.00019898928
6450655340,6450655097,0.0104429955,0.028323123,0.00020060682
6450662826,6450662588,0.010972575,0.02793491,0.00020559797
6450666564,6450666333,0.010648178,0.028332159,0.00020329295
6450670320,6450670078,0.009933293,0.028184677,0.00019959225
6450677821,6450677569,0.009707702,0.027903536,0.00020210448
6450680302,6450680066,0.009751124,0.027803333,0.00020332185
6450687791,6450687557,0.011117037,0.02788956,0.00020949412
6450690288,6450690053,0.010968162,0.027905103,0.00021076601
6450697776,6450697544,0.010440334,0.027925365,0.00021670229
6450701522,6450701290,0.010170736,0.02811829,0.00021724841
6450705274,6450705035,0.010099177,0.028174704,0.00021412034
6450711510,6450711277,0.010362998,0.027861148,0.00020585215
6450715268,6450715026,0.010865611,0.028071228,0.0001971478
6450722751,6450722513,0.011441102,0.027747538,0.00019148248
6450727752,6450727507,0.011081075,0.027678048,0.00019024017
6450732741,6450732501,0.010432569,0.028266428,0.00019028739
6450737732,6450737494,0.010666912,0.028074171,0.0001976356
6450740233,6450739991,0.011003564,0.028079048,0.00020178396
6450747725,6450747484,0.011461985,0.027816497,0.00020316968
6450750211,6450749979,0.0114848735,0.027926788,0.00019973282
6450757708,6450757470,0.011189955,0.028332997,0.00019777531
6450761456,6450761215,0.010854915,0.02841611,0.00019637555
6450767698,6450767458,0.010983751,0.028144477,0.00019427782
6450771497,6450771207,0.011382925,0.02810554,0.00019645663
6450775181,6450774948,0.011548632,0.028045306,0.00019852458
6450781422,6450781192,0.0114878565,0.027776122,0.00019428301
6450785167,6450784936,0.01163191,0.027804412,0.00019315848
6450792659,6450792426,0.0114023555,0.028155481,0.00019396388
6450797671,6450797420,0.011229057,0.028204806,0.00019658952
6450802693,6450802414,0.011740638,0.02789839,0.00019794356
6450808898,6450808656,0.012471554,0.02798762,0.00020116482
6450810138,6450809905,0.012472296,0.027887668,0.00020174657
6450817627,6450817396,0.011700842,0.028162228,0.00020795134
6450820126,6450819892,0.0113660535,0.028128186,0.00020722106
6450827622,6450827383,0.011111076,0.028011933,0.00020089395
6450831365,6450831128,0.011647328,0.027972223,0.00019730785
6450837605,6450837370,0.012486361,0.027838632,0.00020100383
6450841366,6450841116,0.012531443,0.027779406,0.00020807015
6450845101,6450844861,0.012225326,0.02802061,0.0002075798
6450851334,6450851103,0.011802678,0.028256264,0.00020415883
6450855080,6450854848,0.011641661,0.028088816,0.00020738691
6450862572,6450862339,0.012464922,0.02776077,0.00022109263
6450867569,6450867333,0.013025296,0.027638154,0.00023022204
6450872582,6450872328,0.012526315,0.027875684,0.00024125316
6450877562,6450877320,0.01218349,0.027916437,0.0002489665
6450880056,6450879818,0.012069472,0.028074736,0.00025115287
6450887547,6450887309,0.012295786,0.028301204,0.00025287183
6450890045,6450889805,0.0124089625,0.028288068,0.0002519638
6450897534,6450897296,0.013475817,0.028165322,0.0002576459
6450901278,6450901041,0.013418936,0.027884735,0.00026112303
6450905019,6450904786,0.012939141,0.027852165,0.00026367334
6450911276,6450911029,0.012846816,0.028098077,0.00026599114
6450915003,6450914774,0.012712478,0.028010234,0.00026379182
6450922499,6450922265,0.012756707,0.02779654,0.00025481966
6450924996,6450924761,0.012818569,0.027805202,0.00025322562
6450932490,6450932255,0.013245309,0.028290497,0.0002558632
6450937497,6450937246,0.013200775,0.028197587,0.00025093736
6450939981,6450939743,0.01316498,0.02798208,0.00024600554
6450947475,6450947233,0.0127098095,0.027924303,0.00024213691
6450949961,6450949730,0.012723305,0.027713984,0.00024255778
6450957459,6450957222,0.014052706,0.027738255,0.00024341862
6450959948,6450959718,0.01404151,0.02764484,0.00024705008
6450967449,6450967209,0.013955775,0.02833666,0.00026205566
6450971202,6450970954,0.0133679,0.027969012,0.00026386877
6450977432,6450977197,0.01340658,0.027505424,0.00026463557
6450981172,6450980941,0.013650734,0.027686529,0.0002682132
6450984924,6450984687,0.013726488,0.02821959,0.0002712331
6450992426,6450992178,0.014081474,0.02739615,0.00027498056
6450994913,6450994674,0.013768788,0.027458705,0.00027847476
6451002398,6451002165,0.013721082,0.028360609,0.00028861835
6451007396,6451007159,0.013899325,0.028047523,0.00029773221
6451009900,6451009656,0.013956653,0.02765228,0.00030381468
6451017385,6451017147,0.0140358005,0.028067168,0.00032530443
6451019873,6451019643,0.014129887,0.028229823,0.00032947343
6451027366,6451027134,0.014750738,0.027874386,0.00033027114
6451029863,6451029631,0.014686042,0.027983049,0.00032694737
6451037399,6451037122,0.014649927,0.02782714,0.0003172117
6451041095,6451040867,0.014447535,0.028103665,0.00031283058
6451047344,6451047109,0.014510773,0.027876029,0.00031264452
6451051089,6451050855,0.014580604,0.027745524,0.00031203442
6451054832,6451054600,0.0141856605,0.027836826,0.00031744488
6451062331,6451062093,0.014128944,0.02803189,0.0003291776
6451064820,6451064587,0.014028539,0.027811527,0.00032437348
6451072318,6451072081,0.01454468,0.027908266,0.00030342492
6451077320,6451077072,0.014964819,0.02844611,0.0002971372
6451082306,6451082068,0.015326886,0.028086657,0.0003017599
6451087305,6451087060,0.015120135,0.027909499,0.0003113869
6451089783,6451089556,0.015189404,0.028015465,0.00031648888
6451097291,6451097047,0.015095943,0.027847325,0.0003283787
6451099780,6451099544,0.014863051,0.027856173,0.00033112633
6451107273,6451107035,0.0149720125,0.027844088,0.0003337443
6451111007,6451110780,0.0151692,0.02794859,0.00032941526
6451118505,6451118271,0.015416547,0.027815145,0.0003380938
6451120998,6451120768,0.015502743,0.027940486,0.0003440453
6451124747,6451124513,0.015297173,0.027922492,0.00035406958
6451132246,6451132004,0.014931599,0.027990311,0.00035825954
6451137259,6451136998,0.015741272,0.0277178,0.00035442715
6451142227,6451141991,0.016394157,0.027529094,0.00034943662
6451147221,6451146987,0.016138,0.02760783,0.00034107658
6451153478,6451153228,0.015423796,0.02771998,0.0003257817
6451157206,6451156973,0.015733574,0.02788986,0.00032156988
6451159698,6451159469,0.015811404,0.027930696,0.00032230647
6451167200,6451166961,0.015634304,0.02792891,0.0003277143
6451170945,6451170706,0.015996017,0.027710004,0.00032970382
6451177179,6451176948,0.016604323,0.027675014,0.00033771413
6451180933,6451180693,0.016809026,0.027709313,0.00034742526
6451188426,6451188184,0.015637634,0.028333351,0.00037208307
6451190913,6451190681,0.015609115,0.028255245,0.00038049524
6451194661,6451194426,0.015676863,0.028063104,0.00038660062
6451202151,6451201917,0.016538437,0.02760802,0.00038189726
6451207146,6451206910,0.016665434,0.027687022,0.0003785554
6451212141,6451211904,0.016323144,0.02782614,0.00037649323
6451217137,6451216898,0.016099313,0.027875697,0.00037423076
6451223372,6451223141,0.016291698,0.027930085,0.00036373112
6451227132,6451226886,0.016536139,0.027609538,0.0003571065
6451229622,6451229382,0.016693175,0.027714625,0.00035357132
6451237111,6451236874,0.016583228,0.027786935,0.0003530337
6451240907,6451240618,0.016690357,0.027600383,0.00035587483
6451247103,6451246861,0.016683811,0.027591422,0.000367341
6451250838,6451250606,0.016577903,0.02767358,0.00037298747
6451258330,6451258097,0.016847158,0.027634867,0.00037051985
6451262090,6451261842,0.017268874,0.027931778,0.00036857612
6451264568,6451264339,0.017352233,0.028024506,0.00036885604
6451272098,6451271830,0.01681742,0.028284445,0.00036182458
6451275805,6451275575,0.016751865,0.028155413,0.0003614876
6451282059,6451281817,0.016932497,0.02783248,0.0003693809
6451287056,6451286811,0.0175979,0.027756209,0.0003717248
6451293291,6451293053,0.017965091,0.027629402,0.0003701818
6451295786,6451295550,0.017982472,0.027789518,0.0003675087
6451299524,6451299295,0.01791023,0.027784862,0.00036693027
6451307028,6451306786,0.016999083,0.02796502,0.00036958946
6451310759,6451310532,0.01683327,0.027896676,0.00037072902
6451317006,6451316774,0.017425695,0.027661335,0.00038408887
6451320751,6451320519,0.017884307,0.027878521,0.0003917406
6451328284,6451328018,0.018315611,0.028063374,0.00039366208
6451331990,6451331755,0.018208507,0.027808089,0.00039835242
6451334488,6451334255,0.017860986,0.027635405,0.00040156074
6451341974,6451341743,0.017791707,0.02763379,0.00040603153
6451346974,6451346737,0.017771646,0.027599199,0.00041091497
6451351964,6451351730,0.018077781,0.027665343,0.00041538943
6451356967,6451356724,0.018095685,0.02794373,0.00041166
6451363198,6451362966,0.01804207,0.028096179,0.00040507436
6451366963,6451366712,0.01771613,0.028098453,0.00040098315
6451369438,6451369209,0.017862178,0.027872967,0.00039871136
6451376944,6451376699,0.018025452,0.027494723,0.00039940892
6451380676,6451380445,0.018192988,0.02754009,0.0004032772
6451388167,6451387935,0.018210294,0.02815411,0.00040838268
6451390668,6451390432,0.018002568,0.02807152,0.00040863035
6451398158,6451397923,0.018280715,0.027651165,0.00040112768
6451401911,6451401668,0.018290471,0.027642122,0.00039871506
6451404399,6451404165,0.018445568,0.027442934,0.0003974556
6451411894,6451411656,0.018902194,0.027682308,0.00040089645
6451416884,6451416649,0.01903239,0.027872814,0.0004049253
6451421880,6451421644,0.018715193,0.02802059,0.00040908196
6451425615,6451425389,0.018195255,0.028285807,0.00041548462
6451433109,6451432879,0.01820488,0.02759275,0.00042519724
6451436861,6451436625,0.01852267,0.027591882,0.0004248514
6451439352,6451439122,0.018563816,0.027651217,0.00042590528
6451446850,6451446612,0.0188782,0.027837645,0.000430623
6451450608,6451450358,0.01868688,0.027771851,0.00043260073
6451456834,6451456600,0.018364435,0.027752033,0.0004361976
6451460580,6451460346,0.018270755,0.02777894,0.0004359938
6451468077,6451467836,0.01882999,0.027391348,0.00044509998
6451471827,6451471586,0.019226898,0.027804995,0.0004458926
6451474318,6451474078,0.019329164,0.02786645,0.00044334604
6451481804,6451481569,0.01905395,0.028225899,0.00042993255
6451485542,6451485314,0.018761523,0.028195614,0.00042326475
6451493045,6451492805,0.018231466,0.02770881,0.00042488336
6451496784,6451496550,0.01827101,0.027778707,0.00042705788
6451503024,6451502792,0.018637246,0.027783524,0.00042655345
6451506766,6451506538,0.01928599,0.027927391,0.00042714438
6451509274,6451509035,0.019227546,0.027904285,0.00043038707
6451516763,6451516526,0.018762594,0.027771102,0.00044470522
6451520503,6451520271,0.018614674,0.027322289,0.0004455971
6451528014,6451527762,0.018562898,0.027508503,0.00044626006
6451530526,6451530258,0.018933019,0.027497249,0.00044466092
6451537980,6451537749,0.019542824,0.027577965,0.0004403837
6451541729,6451541494,0.019282874,0.027621899,0.0004352877
6451546729,6451546489,0.018592607,0.027830636,0.0004267494
6451551715,6451551482,0.018417532,0.027793314,0.00042385468
6451556712,6451556476,0.018541506,0.028128298,0.0004306786
6451562961,6451562718,0.019230453,0.028060865,0.00043976
6451566696,6451566463,0.019299401,0.0278514,0.0004383153
6451572944,6451572705,0.018989202,0.027624981,0.0004278678
6451576689,6451576451,0.018894924,0.027555777,0.0004225385
6451580431,6451580196,0.018985467,0.027682224,0.0004187718
6451586674,6451586439,0.018702976,0.027896905,0.0004146448
6451590416,6451590184,0.018735763,0.027679235,0.00040964608
6451597919,6451597675,0.019050986,0.027764639,0.00039414162
6451600398,6451600171,0.019313907,0.027758306,0.00038907392
6451607891,6451607662,0.019286582,0.028016884,0.00038784495
6451611641,6451611407,0.019243194,0.027915351,0.00038854757
6451616679,6451616401,0.018914733,0.027866744,0.00039208183
6451621629,6451621395,0.018869579,0.02749657,0.00040422237
6451627876,6451627638,0.018905288,0.027226,0.00040861542
6451632866,6451632632,0.019134868,0.027699051,0.000405787
6451635361,6451635128,0.01915168,0.027849581,0.00040520867
6451642847,6451642619,0.019086787,0.02776637,0.00040944188
6451646599,6451646364,0.019080251,0.028067866,0.00040817593
6451650341,6451650109,0.019378344,0.028010447,0.00040440445
6451656586,6451656351,0.019276412,0.027840942,0.00039096977
6451660331,6451660097,0.0191394,0.027980123,0.0003821984
6451667822,6451667587,0.018822605,0.027811743,0.00038733214
6451670335,6451670084,0.018883714,0.027873011,0.0003965866
6451677813,6451677575,0.01939087,0.027539045,0.0004243861
6451681554,6451681320,0.019218443,0.027470788,0.00044184123
6451686547,6451686314,0.019539826,0.027566623,0.0004521354
6451691547,6451691308,0.01922902,0.027716666,0.00044952476
6451696539,6451696302,0.018747918,0.027885806,0.00044089553
6451702824,6451702544,0.018522,0.027876217,0.00042784362
6451706527,6451706289,0.018613653,0.027591374,0.0004171414
6451712764,6451712532,0.019115515,0.02780457,0.00040711826
6451716510,6451716277,0.01899848,0.027797576,0.00040520716
6451720278,6451720025,0.019146526,0.02752927,0.00040158874
6451726504,6451726264,0.018565804,0.027418844,0.00039839649
6451730246,6451730010,0.018567188,0.027630787,0.00039893805
6451737753,6451737510,0.01911889,0.027857408,0.000407197
6451741501,6451741246,0.019256048,0.027794095,0.00041541556
6451747726,6451747491,0.019058524,0.027505355,0.00042574346
6451751474,6451751234,0.019040104,0.027254235,0.0004236051
6451755208,6451754979,0.018867837,0.027615564,0.0004202037
6451761456,6451761221,0.018151952,0.027827548,0.00042013216
6451766449,6451766215,0.018158566,0.027998215,0.00042069878
6451772692,6451772457,0.019104574,0.02768946,0.00040931057
6451776443,6451776202,0.019143846,0.027740173,0.00040356125
6451782674,6451782444,0.018830871,0.027582636,0.00040859744
6451786425,6451786190,0.018367434,0.02791883,0.00040892794
6451790168,6451789935,0.018131828,0.02811804,0.0004053558
6451796412,6451796178,0.01794971,0.027843747,0.00040466193
6451800154,6451799923,0.018302528,0.027541623,0.0004040861
6451807654,6451807413,0.01865661,0.027810156,0.00039861785
6451811402,6451811159,0.018813087,0.027961627,0.00039850987
6451817649,6451817401,0.018574005,0.027762204,0.00040057284
6451821382,6451821146,0.01850846,0.027533477,0.0003999723
6451826381,6451826140,0.018202912,0.028070182,0.0003998109
6451831375,6451831134,0.01811006,0.027750866,0.00040359452
6451836362,6451836129,0.017952986,0.02757794,0.00039650648
6451842605,6451842370,0.01800333,0.027783616,0.0003864269
6451846356,6451846115,0.017940694,0.027555166,0.00038810764
6451852589,6451852358,0.017901592,0.02773272,0.00040285834
6451856336,6451856103,0.018091727,0.027858594,0.00041113087
6451860082,6451859848,0.018190498,0.028128687,0.00041452577
6451866324,6451866091,0.018295938,0.028082449,0.00041278396
6451870074,6451869836,0.018391598,0.027800485,0.00041262622
6451877560,6451877327,0.017796772,0.027312342,0.00040705947
6451881315,6451881072,0.0176256,0.027631184,0.00040183074
6451887546,6451887314,0.017723614,0.028010173,0.0003937558
6451891299,6451891059,0.017625034,0.028182723,0.00039318416
6451896300,6451896053,0.01771155,0.027652565,0.00039703597
6451901288,6451901047,0.01807703,0.027889779,0.00040135742
6451905025,6451904792,0.018010609,0.027872441,0.0004060593
6451912517,6451912283,0.016875869,0.02783389,0.00041316476
6451916272,6451916028,0.016673326,0.028031468,0.0004149267
6451922502,6451922270,0.017408557,0.027755145,0.00041095415
6451926257,6451926016,0.017529847,0.02758184,0.00040482703
6451930009,6451929761,0.017757049,0.027693542,0.00040184305
6451937507,6451937263,0.017799752,0.027885897,0.0003982076
6451939982,6451939749,0.017742056,0.028028613,0.0003990948
6451947483,6451947240,0.017614532,0.02730152,0.00040494796
6451951227,6451950990,0.017558549,0.027546356,0.00040490233
6451956211,6451955979,0.017217236,0.02776802,0.00039658754
6451961207,6451960974,0.016724162,0.027980138,0.0003851687
6451966266,6451965971,0.016600374,0.027895587,0.00037664958
6451972450,6451972211,0.01690657,0.028074902,0.00037594236
6451976188,6451975954,0.017071754,0.027871663,0.00037791065
6451982427,6451982197,0.016878512,0.027996486,0.00037235307
6451986177,6451985941,0.017191103,0.027923862,0.00036695562
6451989937,6451989687,0.01745806,0.027884021,0.00036169405
6451996162,6451995929,0.01666803,0.027707001,0.00035173722
6451999913,6451999674,0.016053084,0.027649036,0.0003481503
6452007409,6452007165,0.015933525,0.027620994,0.00033530514
6452009889,6452009662,0.016103977,0.027780676,0.0003350662
6452017386,6452017154,0.017127717,0.028050162,0.0003386349
6452021154,6452020898,0.017249012,0.0281576,0.000344053
6452026127,6452025892,0.016840946,0.028153064,0.00035041873
6452031118,6452030885,0.01612534,0.027886014,0.00035060867
6452036111,6452035879,0.0156100765,0.027591527,0.00035450704
6452042349,6452042121,0.015981179,0.027524961,0.00036236766
6452046110,6452045867,0.016019043,0.027505152,0.0003621518
6452052353,6452052109,0.016362652,0.027779493,0.0003656953
6452056089,6452055855,0.016480675,0.028193496,0.00036959638
6452059842,6452059601,0.016119804,0.02822655,0.0003733787
6452066086,6452065842,0.015494659,0.028100403,0.00037463856
6452069816,6452069587,0.015429506,0.028006228,0.00037186584
6452077325,6452077078,0.016137518,0.027679944,0.00037147713
6452079807,6452079575,0.015873637,0.027788613,0.00037121223
6452087312,6452087066,0.015256408,0.027926013,0.00036628637
6452091043,6452090811,0.015502639,0.027873682,0.0003614188
6452094786,6452094556,0.015776478,0.028117815,0.00035802842
6452101038,6452100798,0.01501315,0.027905311,0.00035594753
6452106033,6452105793,0.015256729,0.028209563,0.00035190702
6452112286,6452112035,0.015841436,0.028066037,0.0003518793
6452116017,6452115780,0.015489465,0.027744345,0.00035094316
6452122269,6452122022,0.014949321,0.027968636,0.00034632452
6452126006,6452125768,0.014838214,0.028069638,0.0003485557
6452129744,6452129513,0.014786792,0.02801967,0.00035398066
6452135988,6452135755,0.014654702,0.027921943,0.0003568501
6452139777,6452139503,0.014916902,0.02769679,0.00035917622
6452147232,6452146991,0.015140471,0.027507672,0.00035992434
6452150969,6452150736,0.014646983,0.027958358,0.0003634151
6452157213,6452156979,0.01421862,0.028138543,0.00036734995
6452160965,6452160724,0.01421401,0.02782337,0.0003666299
6452165952,6452165718,0.014664162,0.027854325,0.0003699236
6452170952,6452170712,0.0147681665,0.028028177,0.00037436927
6452174688,6452174457,0.014944886,0.028441869,0.00037586899
6452182176,6452181947,0.01429374,0.028356869,0.00036562158
6452185945,6452185693,0.014116111,0.028294891,0.00035600358
6452192164,6452191935,0.014301642,0.028164502,0.00035146467
6452195918,6452195681,0.0143705495,0.02776825,0.00035585297
6452199659,6452199426,0.014152702,0.027359206,0.00036019343
6452205905,6452205668,0.013918821,0.02784312,0.0003587239
6452209655,6452209413,0.013981267,0.027971974,0.00035811155
6452217147,6452216904,0.013687934,0.02795551,0.0003505235
6452220896,6452220650,0.013443528,0.028101008,0.00034796467
6452227124,6452226892,0.014346606,0.027949825,0.00034621631
6452230884,6452230637,0.014093486,0.02778881,0.0003495884
6452234612,6452234382,0.013678184,0.027666656,0.0003543376
6452240854,6452240624,0.01323271,0.027965108,0.00035629718
6452245855,6452245619,0.01296386,0.02841848,0.00035081588
6452252100,6452251860,0.013168974,0.028072752,0.00034116153
6452255842,6452255606,0.013542517,0.027822552,0.0003336558
6452262086,6452261848,0.013609504,0.027921489,0.00032444324
6452265830,6452265594,0.013572768,0.028073292,0.0003192405
6452273322,6452273084,0.012781195,0.028365316,0.00032511135
6452275819,6452275581,0.012548782,0.028090915,0.0003257141
6452279563,6452279327,0.012661587,0.02773874,0.000321258
6452287056,6452286820,0.01295727,0.027722277,0.0003152974
6452290797,6452290562,0.013328467,0.02818703,0.00031592482
6452297045,6452296805,0.013242197,0.028081633,0.00031043438
6452300803,6452300550,0.012921675,0.027815778,0.00030645382
6452305779,6452305544,0.01241047,0.027914079,0.00030126623
6452312018,6452311786,0.012521606,0.02819989,0.0003073302
6452315766,6452315532,0.012759765,0.02812746,0.00031164766
6452322020,6452321773,0.0127066495,0.027921746,0.000318863
6452325750,6452325519,0.012305105,0.028036315,0.00032191104
6452331994,6452331761,0.011936887,0.027926598,0.00032047814
6452335741,6452335507,0.011739661,0.027925348,0.00031762818
6452343243,6452342997,0.01229295,0.027771492,0.00031553349
6452346971,6452346743,0.0125224795,0.027958917,0.0003202493
6452349531,6452349240,0.012612442,0.028094761,0.0003250183
6452356968,6452356730,0.011953807,0.027760522,0.00033508366
6452360710,6452360476,0.011458278,0.028192038,0.000338855
6452365706,6452365470,0.011362977,0.028313547,0.0003379086
6452370696,6452370463,0.01137293,0.028008316,0.0003263462
6452375690,6452375457,0.012022862,0.027832106,0.00032110786
6452381942,6452381699,0.012409515,0.027880646,0.0003225593
6452385682,6452385444,0.012190151,0.02805263,0.00032086088
6452391917,6452391686,0.011626402,0.028335022,0.00032317996
6452395667,6452395432,0.011372164,0.027931815,0.00032501275
6452401912,6452401674,0.011194484,0.027898883,0.00033323062
6452405652,6452405420,0.011249325,0.027852926,0.00034140263
6452413156,6452412910,0.01204461,0.028173964,0.0003595898
6452416897,6452416655,0.01186387,0.02818898,0.00036712296
6452419394,6452419154,0.011778733,0.028171716,0.0003699598
6452426872,6452426643,0.011201114,0.02810475,0.0003735664
6452430625,6452430390,0.01098979,0.02815877,0.00036870997
6452435667,6452435382,0.011149522,0.028069697,0.00036691062
6452440619,6452440376,0.011253463,0.027944474,0.00036398383
6452445605,6452445370,0.011201081,0.027920557,0.0003652577
6452451839,6452451612,0.010833059,0.028572503,0.00036576478
6452455592,6452455357,0.011032584,0.028640551,0.0003601088
6452461831,6452461600,0.010639897,0.028207932,0.00034066898
6452465579,6452465345,0.010392773,0.028392034,0.00033905212
6452471821,6452471587,0.010679067,0.028051825,0.00034188884
6452475566,6452475333,0.010997255,0.027862662,0.00034100015
6452479337,6452479078,0.011206421,0.02788219,0.00033985887
6452486800,6452486569,0.010399947,0.028093627,0.000326868
6452489299,6452489066,0.010212634,0.028199757,0.00032289905
6452496797,6452496556,0.010755647,0.028150262,0.00031695588
6452500537,6452500302,0.010800898,0.028328352,0.00031595048
6452504288,6452504047,0.010785022,0.028104696,0.00031605133
6452510527,6452510289,0.010757898,0.027875451,0.0003243147
6452515523,6452515283,0.01052708,0.027987074,0.00032842337
6452521817,6452521530,0.010416712,0.027983755,0.00033198015
6452526753,6452526522,0.010425499,0.028144846,0.00033627727
6452531747,6452531513,0.010994586,0.028075749,0.00033769087
6452535498,6452535263,0.011157592,0.028380793,0.00033549208
6452542985,6452542749,0.010211299,0.02850272,0.00032903047
6452545498,6452545246,0.010115054,0.028414922,0.00032967253
6452553011,6452552736,0.009794492,0.028186252,0.00032984835
6452556713,6452556482,0.009952922,0.02848271,0.00032724816
6452560460,6452560227,0.010252746,0.028267186,0.00032248636
6452566705,6452566472,0.0101305125,0.028345166,0.00031700006
6452570450,6452570215,0.010083513,0.028074032,0.00031565412
6452575444,6452575209,0.009929525,0.028259844,0.00031292063
6452580439,6452580203,0.009950967,0.028224405,0.00031693274
6452585437,6452585196,0.010113564,0.027775144,0.00032411955
6452591667,6452591438,0.0102563705,0.027851816,0.00033641822
6452595428,6452595183,0.010385155,0.02797425,0.00034641635
6452601659,6452601426,0.010178122,0.028111624,0.0003527478
6452605406,6452605171,0.009895614,0.028141502,0.00034517387
6452612903,6452612662,0.0093475515,0.028417261,0.00033217506
6452615392,6452615159,0.009076186,0.028578177,0.00032911563
6452622878,6452622649,0.010003727,0.028100662,0.00033271694
6452626635,6452626395,0.01018204,0.02824385,0.00033415618
6452630380,6452630140,0.010248432,0.028404344,0.0003267482
6452636620,6452636382,0.009695678,0.028258715,0.00031880118
6452640370,6452640128,0.009546419,0.028171208,0.00031820982
6452645354,6452645122,0.0099014,0.028047485,0.00031167385
6452650354,6452650116,0.009809239,0.0280359,0.00031215372
6452657836,6452657606,0.009485228,0.02825691,0.00031225375
6452661586,6452661352,0.009561878,0.028473906,0.00031339654
6452665337,6452665103,0.009422299,0.028432468,0.00031436756
6452671577,6452671341,0.009357302,0.028226066,0.0003186202
6452676565,6452676333,0.009475328,0.028150348,0.00032354196
6452682803,6452682575,0.00944275,0.028369922,0.00031639595
6452685316,6452685072,0.009465183,0.028349627,0.00031112076
6452692791,6452692562,0.009459055,0.028265538,0.00028975587
6452696565,6452696309,0.009651337,0.028175812,0.00028691877
6452700294,6452700053,0.009746509,0.02809701,0.00028702023
6452706542,6452706296,0.00986391,0.0281552,0.0002961177
6452710283,6452710041,0.009711878,0.028296882,0.00029868772
6452715276,6452715034,0.009746149,0.028181434,0.00029463257
6452720288,6452720028,0.009649967,0.028189536,0.0002862145
6452725321,6452725029,0.009328264,0.028246822,0.00027523984
6452731496,6452731264,0.008904511,0.028638888,0.00026892615
6452735248,6452735010,0.009305909,0.028410824,0.00026687997
6452741489,6452741255,0.009267084,0.027836403,0.00026468976
6452746490,6452746246,0.010049772,0.028046641,0.00025363968
6452752715,6452752488,0.010221278,0.027858403,0.00024249594
6452756509,6452756233,0.009521467,0.02833118,0.0002462053
6452762707,6452762475,0.008944092,0.028583735,0.000256841
6452766456,6452766221,0.009062361,0.028407445,0.0002674089
6452770205,6452769966,0.009232852,0.028440144,0.000276476
6452775197,6452774960,0.009356222,0.02835205,0.00027868853
6452780201,6452779954,0.009556299,0.028225541,0.00028200113
6452785187,6452784947,0.009673438,0.027887156,0.0002906316
6452791434,6452791190,0.009285269,0.028043604,0.00029482864
6452795178,6452794935,0.009272028,0.02801879,0.00029437375
6452801411,6452801177,0.009712812,0.02821596,0.00029668742
6452805159,6452804922,0.009997482,0.028366474,0.0003018738
6452811403,6452811165,0.009802715,0.028375344,0.00030514423
6452815147,6452814910,0.009522221,0.028373746,0.00030266037
6452822635,6452822401,0.009037773,0.027895177,0.00029915682
6452826377,6452826146,0.0092537915,0.02800036,0.00030090325
6452832625,6452832389,0.00931985,0.028171588,0.0002961126
6452836370,6452836139,0.0096301325,0.028145121,0.00028754552
6452840112,6452839879,0.009648792,0.027885959,0.00027621482
6452845108,6452844873,0.009706043,0.027695341,0.00026694132
6452850096,6452849867,0.009621873,0.027820216,0.00026975063
6452855103,6452854861,0.009514029,0.028587073,0.0002638454
6452861340,6452861103,0.009489303,0.02886358,0.00026992222
6452865085,6452864848,0.010069389,0.028294051,0.0002817638
6452871325,6452871090,0.010029501,0.02819035,0.0002943683
6452875079,6452874836,0.00984975,0.028574623,0.00029746225
6452881315,6452881078,0.0094895875,0.02824259,0.0003075817
6452885062,6452884823,0.009323327,0.02820054,0.00030997672
6452892547,6452892314,0.009409354,0.027657045,0.00030888166
6452896304,6452896060,0.009611874,0.028180458,0.000307059
6452900043,6452899804,0.009837052,0.028408218,0.0003016092
6452906285,6452906047,0.010157415,0.02834855,0.00029335846
6452910027,6452909792,0.010168048,0.028295582,0.00029258008
6452915019,6452914786,0.009600742,0.028447457,0.00030366424
6452920020,6452919780,0.009415695,0.028235786,0.0003129724
6452925008,6452924774,0.009789286,0.028406631,0.0003174605
6452931254,6452931015,0.00996493,0.027907487,0.00031522659
6452935000,6452934761,0.009948884,0.028027069,0.00031367436
6452941239,6452941003,0.009752134,0.028164465,0.00031316554
6452944988,6452944749,0.009800468,0.02817034,0.00031384442
6452952477,6452952240,0.010379496,0.02815817,0.00032216744
6452954973,6452954736,0.010345961,0.028190244,0.00032459505
6452962472,6452962227,0.009876804,0.028099732,0.00032867337
6452966212,6452965972,0.0097691305,0.028095791,0.0003305153
6452969960,6452969718,0.009812521,0.028155146,0.0003276785
6452976194,6452975960,0.009912437,0.028272418,0.00031103345
6452979959,6452979705,0.010313096,0.028348811,0.00030671095
6452987433,6452987196,0.010646165,0.028327016,0.0003065497
6452989937,6452989693,0.010391992,0.028178288,0.00030457097
6452994939,6452994687,0.0103323925,0.028061561,0.0003007978
6453001168,6453000929,0.010080281,0.0282101,0.00030160893
6453004916,6453004674,0.010165661,0.028352652,0.00030494353
6453011152,6453010917,0.010445953,0.028412392,0.00031583066
6453014899,6453014662,0.010542011,0.028640306,0.0003205085
6453022394,6453022152,0.010828428,0.028076144,0.0003199679
6453024885,6453024650,0.0107865585,0.028280789,0.00031793505
6453032379,6453032140,0.010048355,0.027872784,0.00030695726
6453036128,6453035891,0.010013504,0.02764042,0.00029523703
6453042359,6453042128,0.0105696,0.028056284,0.00028457848
6453046108,6453045873,0.0110353045,0.028651703,0.00028959152
6453049851,6453049618,0.011064802,0.028545719,0.00029584733
6453054849,6453054612,0.010660124,0.027952367,0.00031000114
6453059840,6453059606,0.010389026,0.02814031,0.00032558845
6453067324,6453067096,0.010575323,0.028307343,0.00032576057
6453071083,6453070842,0.010684043,0.028193139,0.00031984283
6453074829,6453074587,0.010956571,0.02792152,0.00031512446
6453081061,6453080829,0.011706982,0.028006833,0.0003129953
6453084811,6453084575,0.011686841,0.027842633,0.00031111928
6453092304,6453092065,0.010444363,0.028299943,0.00031145327
6453094806,6453094562,0.010228982,0.02844647,0.00031323594
6453102296,6453102055,0.011299724,0.028413376,0.00031165118
6453106093,6453105803,0.011872432,0.027965236,0.00030550943
6453112292,6453112041,0.011510137,0.027991887,0.00029712293
6453116023,6453115786,0.011271994,0.028331773,0.0002950466
6453119786,6453119531,0.010638171,0.028075242,0.00029011362
6453124759,6453124525,0.010649149,0.028129071,0.00028722605
6453130999,6453130767,0.010927453,0.028020673,0.00029061566
6453134747,6453134513,0.011499509,0.028107755,0.00029203354
6453140984,6453140755,0.011766479,0.028101038,0.00029526575
6453148483,6453148246,0.011685184,0.028515276,0.0002998534
6453150971,6453150742,0.011671269,0.028335152,0.00029757753
6453154729,6453154488,0.011667574,0.028125312,0.00029348093
6453162208,6453161978,0.011872102,0.028439844,0.0002830384
6453165961,6453165724,0.0122929225,0.028284155,0.0002828177
6453172198,6453171966,0.011904724,0.028082186,0.00028415528
6453175940,6453175711,0.011467917,0.027714541,0.00028335772
6453184687,6453184451,0.011592403,0.028125525,0.00028916626
6453185936,6453185699,0.011543831,0.028246721,0.0002903684
6453189679,6453189444,0.011459711,0.028016122,0.0002971167
6453194673,6453194438,0.011642647,0.028040465,0.0003053117
6453200920,6453200680,0.012461674,0.028290376,0.0003053359
6453204660,6453204425,0.012554647,0.028072625,0.00030408156
6453210900,6453210668,0.01218974,0.0280733,0.00030376116
6453218403,6453218159,0.012175384,0.028559765,0.00030670135
6453220891,6453220655,0.01261936,0.028621113,0.00030944834
6453224639,6453224401,0.012942807,0.028450714,0.00030734288
6453232128,6453231891,0.012822472,0.02800251,0.00030562427
6453235877,6453235637,0.012950281,0.0279982,0.00030470686
6453242109,6453241879,0.01244929,0.027920686,0.00030176254
6453245866,6453245624,0.01214091,0.028215876,0.00029936738
6453254642,6453254364,0.012780563,0.028121307,0.00028647544
6453255853,6453255612,0.012992554,0.028144464,0.00028516646
6453259596,6453259357,0.013470088,0.028098363,0.0002808055
6453267080,6453266848,0.013003863,0.027977638,0.00027707778
6453270822,6453270593,0.012656506,0.028012637,0.0002731703
6453275821,6453275588,0.012395903,0.028186854,0.0002712166
6453280812,6453280581,0.012371922,0.028195072,0.0002744306
6453288313,6453288072,0.013572656,0.028415613,0.00027684373
6453290795,6453290568,0.013894314,0.028493255,0.00027854042
6453294548,6453294314,0.013671276,0.028272107,0.00027734516
6453302051,6453301804,0.013090232,0.027797654,0.00027336893
6453305811,6453305550,0.012957863,0.027856614,0.0002717603
6453312034,6453311792,0.013333809,0.028121443,0.00027908466
6453315772,6453315538,0.013956752,0.028119167,0.00028547368
6453324512,6453324277,0.014315406,0.027916146,0.00028996056
6453325761,6453325525,0.014119082,0.027899826,0.00029120492
6453329511,6453329271,0.013422983,0.02826042,0.00029145982
6453336995,6453336761,0.012988603,0.028278273,0.00028651167
6453340740,6453340506,0.013480206,0.028010555,0.00028909638
6453346987,6453346749,0.014161559,0.027641008,0.00030032342
6453350723,6453350494,0.014285968,0.027887624,0.00030804818
6453358214,6453357984,0.013663652,0.0280687,0.0003176086
6453361971,6453361730,0.013812262,0.028123641,0.00032560443
6453364468,6453364227,0.013908203,0.028143534,0.00033291927
6453371996,6453371717,0.014112541,0.028181938,0.00035212914
6453375697,6453375463,0.014644405,0.02814521,0.00035702114
6453381943,6453381705,0.015147506,0.028135708,0.00035735115
6453385685,6453385451,0.015095041,0.027812287,0.0003550688
6453394424,6453394190,0.013850832,0.027763473,0.00036231277
6453396931,6453396686,0.013609334,0.027829148,0.00036311542
6453399429,6453399183,0.013775001,0.027930517,0.0003622724
6453406909,6453406674,0.014691696,0.028485216,0.0003645226
6453410650,6453410420,0.015239095,0.028154131,0.0003659501
6453416891,6453416662,0.014773532,0.027857946,0.00036848194
6453420638,6453420407,0.014517432,0.02807912,0.00036897216
6453428129,6453427898,0.014483268,0.028031815,0.00036719095
6453431875,6453431643,0.014861795,0.027973427,0.00036728504
6453434398,6453434140,0.015090969,0.027955921,0.00036705498
6453441862,6453441631,0.014826677,0.02822636,0.00036029067
6453445611,6453445376,0.014752648,0.02816487,0.00035431265
6453451851,6453451618,0.01510214,0.028039819,0.00034618043
6453455596,6453455364,0.015415121,0.02821209,0.00034546867
6453463086,6453462854,0.015558415,0.028161008,0.00036094355
6453466838,6453466599,0.015661733,0.028280703,0.00036791383
6453469333,6453469096,0.015616371,0.02831691,0.00036973553
6453476815,6453476587,0.015294105,0.027770644,0.00037388512
6453480562,6453480332,0.01539195,0.027604176,0.00037442817
6453486807,6453486574,0.0150252,0.027962154,0.00037326646
6453490552,6453490320,0.015187134,0.028106228,0.00037461135
6453498043,6453497810,0.01586473,0.027974103,0.00036891422
6453501795,6453501556,0.016300276,0.02824904,0.000361132
6453504309,6453504053,0.016470777,0.028191121,0.00035920332
6453511783,6453511544,0.015668219,0.028086938,0.00035296637
6453515523,6453515289,0.015245337,0.028063098,0.00034692112
6453521769,6453521532,0.0154642835,0.02803247,0.00034555196
6453525512,6453525278,0.015912648,0.027984213,0.00034880292
6453534258,6453534015,0.016560288,0.028161924,0.000368901
6453536742,6453536513,0.01655516,0.028072108,0.00037757822
6453540493,6453540258,0.016627258,0.0278613,0.00038546044
6453546737,6453546500,0.01606842,0.02806856,0.00038817513
6453550494,6453550246,0.015837459,0.028000847,0.00039264318
6453557975,6453557741,0.0164214,0.027713746,0.00038760595
6453560473,6453560234,0.01657801,0.027845731,0.00038545544
6453564215,6453563978,0.016929545,0.02766945,0.00037784746
6453571704,6453571469,0.015966943,0.028085625,0.0003661635
6453575460,6453575215,0.015930815,0.02798156,0.0003729716
6453581690,6453581457,0.016257888,0.02769505,0.00038660804
6453585437,6453585202,0.016800366,0.027894966,0.00038991697
6453594178,6453593941,0.017471531,0.028464898,0.00037546462
6453595423,6453595190,0.017388742,0.02842559,0.0003744656
6453604180,6453603929,0.016499678,0.027743597,0.0003799115
6453606717,6453606428,0.01630084,0.02751417,0.00037766414
6453610409,6453610171,0.0165895,0.027672246,0.00037686017
6453616639,6453616413,0.016569572,0.0281466,0.00037812444
6453620392,6453620159,0.016929803,0.028066617,0.00038048066
6453627877,6453627649,0.017843427,0.027972814,0.00038190535
6453630376,6453630146,0.01784771,0.027970131,0.00038067938
6453637925,6453637637,0.016946577,0.02777426,0.00039265785
6453641620,6453641382,0.016703747,0.027717413,0.00040502028
6453645361,6453645128,0.017076971,0.027784668,0.00041428677
6453651622,6453651371,0.017320618,0.027998826,0.00043254427
6453655350,6453655115,0.01738531,0.02809697,0.00043989878
6453662839,6453662606,0.017450694,0.027929889,0.0004502472
6453665336,6453665103,0.017186789,0.028112408,0.00045353483
6453674095,6453673842,0.01784367,0.027867919,0.00045453996
6453676565,6453676339,0.017794987,0.027686737,0.00045079293
6453680321,6453680084,0.018119399,0.02789695,0.00044707948
6453686559,6453686326,0.018154167,0.02809315,0.0004463969
6453690312,6453690072,0.017806277,0.028027575,0.0004457742
6453697801,6453697562,0.017636219,0.027804008,0.00044021304
6453700300,6453700059,0.017556954,0.027716627,0.00043689893
6453707781,6453707550,0.017927026,0.027792715,0.00043416172
6453711538,6453711299,0.018070512,0.02760496,0.00043177133
6453715281,6453715041,0.018334355,0.02763838,0.00042154363
6453721520,6453721283,0.018514179,0.027931241,0.00040948886
6453725271,6453725028,0.018343752,0.027979022,0.00040859234
6453734075,6453733776,0.017340943,0.028054528,0.00041552138
6453735276,6453735016,0.017454192,0.02791791,0.00041574388
6453743990,6453743755,0.01892244,0.028010888,0.00040581342
6453746508,6453746273,0.01902761,0.028167542,0.00040133498
6453750232,6453749997,0.01867667,0.028127989,0.00039535188
6453756538,6453756244,0.018105462,0.027473427,0.00039165624
6453760211,6453759984,0.01752416,0.027620714,0.00039178957
6453767706,6453767475,0.018245716,0.028154165,0.00039985194
6453770204,6453769972,0.018838586,0.028155716,0.00040545047
6453777691,6453777463,0.018906923,0.027983088,0.00042493685
6453781444,6453781209,0.018632215,0.027969753,0.00043455456
6453785185,6453784954,0.018146724,0.027905907,0.00043960512
6453791431,6453791196,0.018461464,0.027799418,0.00043544636
6453795178,6453794942,0.0186858,0.02782181,0.000435711
6453803920,6453803680,0.018971754,0.027992917,0.00045085204
6453806417,6453806177,0.018602235,0.028177468,0.00045518889
6453812654,6453812419,0.018296484,0.028127069,0.0004545437
6453816443,6453816165,0.018259794,0.027977303,0.00044995346
6453820141,6453819910,0.018489141,0.027833374,0.00044374468
6453826379,6453826152,0.019114755,0.027631016,0.000438396
6453830135,6453829898,0.01950008,0.027850848,0.0004352571
6453837624,6453837389,0.0192655,0.027952412,0.00043088905
6453841370,6453841134,0.018955866,0.027765807,0.0004302489
6453847607,6453847376,0.018449271,0.027906893,0.00043340537
6453851361,6453851121,0.01814875,0.027988981,0.0004378237
6453855101,6453854866,0.018154709,0.027751718,0.00044210008
6453861394,6453861109,0.018998398,0.027913464,0.00043980958
6453865094,6453864854,0.019587701,0.028073795,0.00043837714
6453873839,6453873593,0.018960126,0.02779028,0.0004344951
6453876371,6453876091,0.01856057,0.027587267,0.00043126234
6453883885,6453883581,0.018588992,0.027829846,0.00043989858
6453886321,6453886077,0.018708477,0.027512664,0.00044624542
6453890057,6453889823,0.018969052,0.027359234,0.00045348302
6453896307,6453896065,0.019480905,0.02809624,0.0004497988
6453900046,6453899810,0.01923523,0.028288463,0.0004449633
6453907533,6453907301,0.018360231,0.027867902,0.00044105176
6453911287,6453911047,0.01821264,0.028071815,0.00043819426
6453917531,6453917289,0.019003985,0.027682496,0.0004443158
6453921327,6453921034,0.01950831,0.027789008,0.0004543437
6453925013,6453924780,0.019715777,0.028004032,0.00046496492
6453933754,6453933519,0.01929567,0.028137138,0.00047693503
6453935025,6453934771,0.019203719,0.028139608,0.0004778827
6453943793,6453943506,0.018289125,0.027291002,0.00046239575
6453946239,6453946003,0.018604483,0.027217468,0.00045672237
6453953730,6453953494,0.019817373,0.028104465,0.0004575536
6453956225,6453955991,0.019837072,0.027976334,0.0004589485
6453959967,6453959736,0.019371184,0.027638244,0.00045987853
6453967482,6453967227,0.01839202,0.028012626,0.00045836496
6453969952,6453969723,0.018181453,0.028013771,0.00045926822
6453977449,6453977215,0.018751191,0.028129237,0.00046556146
6453981247,6453980959,0.019381657,0.028278949,0.00046547333
6453987435,6453987202,0.01957627,0.028139286,0.00047548377
6453991194,6453990947,0.01929477,0.027776469,0.00047838138
6453994940,6453994692,0.019138362,0.027854757,0.00047505263
6454003716,6454003432,0.018257294,0.02809797,0.00047031586
6454004926,6454004680,0.018225113,0.027969422,0.00047121392
6454013654,6454013419,0.019180648,0.027842412,0.00047037323
6454016150,6454015916,0.019364847,0.027857138,0.0004688153
6454023641,6454023407,0.019636165,0.027855167,0.0004739411
6454026176,6454025904,0.019014522,0.027750436,0.00047552644
6454029889,6454029649,0.01841562,0.027407613,0.00047399348
6454037381,6454037141,0.01841859,0.027880976,0.00047541832
6454039885,6454039637,0.018428452,0.028320223,0.00047508735
6454047362,6454047128,0.01894943,0.028171955,0.0004617831
6454051101,6454050872,0.01915258,0.02812004,0.00045348
6454057369,6454057115,0.019027418,0.02796336,0.0004421859
6454061096,6454060860,0.018633984,0.027746879,0.00043126885
6454064839,6454064606,0.018560745,0.02756641,0.00041999805
6454073582,6454073345,0.01924316,0.028049592,0.00041156297
6454074825,6454074593,0.01928367,0.028137613,0.0004116873
6454083567,6454083332,0.01873971,0.027782276,0.00041549365
6454086093,6454085832,0.018428378,0.02767086,0.00041472208
6454093607,6454093320,0.018552186,0.027578143,0.0004198596
6454096061,6454095817,0.018617656,0.027929345,0.00042642327
6454099793,6454099562,0.018901424,0.028109608,0.00043618746
6454107291,6454107053,0.019101443,0.0279453,0.0004420142
6454109783,6454109550,0.019083284,0.027884336,0.00043855375
6454117282,6454117041,0.018371552,0.02754207,0.00043441777
6454121017,6454120786,0.01789809,0.027438192,0.00043443355
6454127266,6454127028,0.01830939,0.028009469,0.0004421216
6454131046,6454130774,0.018630799,0.027961526,0.000446984
6454134750,6454134519,0.018793749,0.027662704,0.0004539494
6454143493,6454143258,0.018273732,0.028320761,0.00046008005
6454144758,6454144507,0.018223168,0.028336098,0.00045929756
6454152232,6454151997,0.017971607,0.027987344,0.00045790925
6454155972,6454155742,0.017860183,0.027903637,0.0004602958
6454164714,6454164482,0.018199518,0.028039666,0.00047086197
6454165964,6454165730,0.018261345,0.028026773,0.00047107058
6454169723,6454169475,0.018386971,0.028192127,0.00047129384
6454177209,6454176966,0.017981196,0.027784262,0.00047689813
6454180950,6454180711,0.017765995,0.027683515,0.0004772892
6454187185,6454186954,0.017719371,0.027560474,0.00047245
6454190967,6454190699,0.018146861,0.027863083,0.00046797388
6454197170,6454196941,0.018089712,0.028081404,0.00045569293
6454200930,6454200686,0.018112125,0.027915664,0.00045352613
6454204675,6454204432,0.018070115,0.027934175,0.00045338043
6454213436,6454213171,0.017063817,0.027989652,0.00045605516
6454215907,6454215667,0.01690518,0.027906865,0.0004555073
6454223398,6454223158,0.017644389,0.027691491,0.00044006718
6454225890,6454225655,0.018097231,0.0279986,0.00043372187
6454233383,6454233146,0.01827998,0.02801003,0.00042137734
6454235895,6454235643,0.018132593,0.027865214,0.0004152339
6454239620,6454239388,0.017685719,0.02787084,0.00040498548
6454247112,6454246879,0.017038263,0.028344873,0.00039576384
6454250904,6454250624,0.016898617,0.027932458,0.00039830766
6454257094,6454256866,0.017122691,0.027965067,0.00040458396
6454260841,6454260614,0.017550401,0.027870936,0.00040869144
6454268337,6454268103,0.01719956,0.027821993,0.0004154503
6454270845,6454270599,0.017023554,0.02794863,0.0004187553
6454274600,6454274345,0.016796792,0.028354147,0.00042540612
6454283320,6454283084,0.01699943,0.027920814,0.000436866
6454285815,6454285581,0.016931573,0.027734354,0.00043906388
6454293312,6454293071,0.016959382,0.027790496,0.00044568133
6454295838,6454295568,0.017087564,0.027978977,0.00044851642
6454303330,6454303059,0.01671968,0.027913919,0.0004427473
6454307037,6454306804,0.017009161,0.02812147,0.0004408968
6454309532,6454309301,0.016944684,0.028168425,0.00043913352
6454317027,6454316792,0.016633227,0.028082363,0.0004317319
6454320780,6454320537,0.016927976,0.028168222,0.00043271296
6454327020,6454326779,0.016271552,0.02794108,0.0004216648
6454330760,6454330525,0.016158992,0.027908932,0.00040771812
6454338259,6454338016,0.015953513,0.027860422,0.0003867621
6454343246,6454343010,0.016329754,0.028527329,0.00038169426
6454344503,6454344271,0.016579086,0.028532412,0.00038207264
6454353235,6454352997,0.01671105,0.027938945,0.00039654406
6454355744,6454355494,0.016381804,0.02777106,0.00039880155
6454363243,6454362986,0.015802884,0.02825597,0.00038753453
6454365710,6454365481,0.015750106,0.028515972,0.00038253653
6454373206,6454372972,0.015896406,0.02822881,0.00037375555
6454376961,6454376717,0.016155047,0.02801207,0.00037185734
6454379453,6454379214,0.016266443,0.028099172,0.00036866174
6454386940,6454386705,0.01589358,0.027968945,0.00037439636
6454390681,6454390450,0.015659705,0.027926344,0.00037445436
6454396931,6454396692,0.015856901,0.027929202,0.000366846
6454400697,6454400438,0.015523862,0.028001115,0.0003625987
6454408186,6454407929,0.0154883,0.02823674,0.00035365063
6454413155,6454412922,0.015450771,0.028228719,0.00034190444
6454414404,6454414171,0.015445529,0.028151952,0.0003394733
6454423157,6454422912,0.014901631,0.0279848,0.0003395673
6454425633,6454425407,0.014478294,0.028012667,0.0003428985
6454433178,6454432899,0.015325979,0.028188566,0.0003541011
6454435623,6454435394,0.015656708,0.028043056,0.00035901277
6454443121,6454442885,0.015634427,0.028252173,0.00036156853
6454446861,6454446630,0.015275823,0.028368969,0.00035866222
6454449359,6454449127,0.014866423,0.028354472,0.00035605414
6454456850,6454456618,0.014374158,0.0277742,0.00035392086
6454460605,6454460363,0.014328863,0.027949817,0.00035557387
6454466834,6454466605,0.014890859,0.028001184,0.0003618089
6454470591,6454470351,0.015368536,0.028225599,0.00036139647
6454478097,6454477842,0.014749294,0.028213872,0.00036432792
6454483088,6454482835,0.014379982,0.027760476,0.0003667744
6454484327,6454484084,0.014209254,0.027686493,0.0003667734
6454493060,6454492823,0.014345179,0.028026978,0.000368853
6454495553,6454495321,0.014486796,0.02823435,0.00037268823
6454503046,6454502811,0.014353262,0.028024573,0.00037654163
6454505548,6454505309,0.014112949,0.027964996,0.00037854386
6454513049,6454512799,0.013625933,0.028257169,0.00039539087
6454516782,6454516543,0.013658241,0.02821834,0.0004038916
6454519315,6454519040,0.0137750665,0.02810246,0.00040749882
6454526770,6454526531,0.014551019,0.028163396,0.0004251592
6454530510,6454530277,0.014677136,0.02836514,0.00042817346
6454538011,6454537767,0.013912182,0.027883576,0.0004194377
6454540501,6454540264,0.013390805,0.027989203,0.0004183261
6454547988,6454547755,0.013180684,0.02830112,0.00042015087
6454552990,6454552749,0.013520095,0.028463537,0.00041866172
6454555480,6454555245,0.013807992,0.028388066,0.00041729733
6454562976,6454562741,0.013806614,0.028212875,0.00041492344
6454565476,6454565233,0.01374302,0.028338779,0.0004115565
6454572981,6454572724,0.012850968,0.02797762,0.00040431618
6454575465,6454575220,0.01265664,0.028065559,0.0004037241
6454582953,6454582711,0.012834251,0.027789453,0.00040653092
6454586687,6454586456,0.013188657,0.027844828,0.0004128061
6454590435,6454590202,0.013799478,0.027868144,0.00041534507
6454596683,6454596445,0.013641417,0.028040301,0.00041249607
6454600436,6454600190,0.012965636,0.027928354,0.00040722018
6454607924,6454607680,0.012216411,0.02849578,0.00039781356
6454610435,6454610177,0.012102465,0.028671604,0.00039798813
6454617911,6454617668,0.012484043,0.028348463,0.00039411974
6454622899,6454622662,0.013055876,0.028156359,0.00038766005
6454625404,6454625158,0.012913541,0.028136335,0.00038552756
6454632891,6454632649,0.012464523,0.02830953,0.0003817585
6454635377,6454635146,0.012294417,0.02816963,0.00037786295
6454642878,6454642637,0.0119075645,0.028071703,0.00036454186
6454645362,6454645133,0.012025063,0.02811381,0.0003638865
6454652860,6454652625,0.012693183,0.02844487,0.0003601704
6454656605,6454656370,0.012402224,0.028313866,0.00035518137
6454660349,6454660116,0.011896393,0.028029034,0.0003505291
6454666590,6454666357,0.011440884,0.027868338,0.00033767897
6454670339,6454670103,0.011499747,0.02803983,0.0003321527
6454677832,6454677594,0.0124009475,0.028316379,0.00032852578
6454680330,6454680090,0.012721268,0.028105855,0.0003292447
6454687813,6454687581,0.012301769,0.028194671,0.00032256672
6454694067,6454693823,0.011794007,0.028629247,0.00032410634
6454695317,6454695071,0.01168676,0.028664203,0.00032373154
6454702799,6454702565,0.0112180915,0.028069794,0.00032327932
6454705290,6454705059,0.011331929,0.028115265,0.00032697475
6454712784,6454712550,0.011309425,0.027960643,0.00033588492
6454715288,6454715047,0.011450697,0.027999435,0.00033330367
6454722831,6454722537,0.011470469,0.02800852,0.0003269099
6454726522,6454726288,0.01103748,0.028080005,0.000332728
6454730312,6454730028,0.011076776,0.028128572,0.00033632852
6454736502,6454736271,0.011016274,0.028365476,0.00033717405
6454740257,6454740015,0.011137086,0.02833659,0.0003386821
6454747741,6454747506,0.011523583,0.028704131,0.00034276076
6454752731,6454752500,0.011258523,0.02852083,0.0003420446
6454757727,6454757494,0.010935109,0.028152574,0.00033651982
6454763969,6454763736,0.011011502,0.02786028,0.0003254106
6454765216,6454764984,0.010991526,0.027857369,0.00032337903
6454772712,6454772475,0.010832104,0.0283954,0.0003156802
6454775205,6454774974,0.010933024,0.02857416,0.00031622525
6454782699,6454782465,0.010725924,0.02821159,0.00032590644
6454786453,6454786208,0.010686274,0.028080082,0.00033198684
6454792684,6454792451,0.010593865,0.028513674,0.00032798774
6454796441,6454796199,0.010402591,0.0288074,0.00032089007
6454800170,6454799941,0.0106128175,0.028762892,0.00031779485
6454806429,6454806183,0.011035857,0.028035529,0.00030997206
6454810158,6454809928,0.010847988,0.028141046,0.0003042724
6454817661,6454817419,0.009843151,0.028314449,0.00028811293
6454822647,6454822414,0.009580654,0.02806844,0.0002790706
6454827647,6454827407,0.00999324,0.027811969,0.0002800221
6454833881,6454833649,0.010898707,0.028345106,0.00029013888
6454835125,6454834898,0.011029078,0.028261105,0.00029207714
6454842627,6454842388,0.010734124,0.028497018,0.00029670855
6454845118,6454844885,0.010323242,0.028381087,0.00030068154
6454852613,6454852376,0.009459313,0.028499577,0.00031250168
6454856355,6454856121,0.009449353,0.028561901,0.0003146495
6454862599,6454862363,0.009937316,0.02820479,0.00031383443
6454866350,6454866109,0.010149916,0.028320856,0.00031145537
6454870088,6454869854,0.010291361,0.02825549,0.0003091336
6454876329,6454876096,0.010288924,0.028345427,0.00030223737
6454880086,6454879844,0.009940086,0.028477475,0.0002980637
6454887565,6454887333,0.009409516,0.028101172,0.00029870952
6454892560,6454892326,0.009475297,0.0280035,0.0002960731
6454897562,6454897320,0.0095834965,0.028200787,0.0002889463
6454902610,6454902314,0.009470209,0.028426642,0.0002912623
6454905045,6454904810,0.009469102,0.028300822,0.00029335203
6454912535,6454912301,0.009118033,0.028070906,0.00028228946
6454915035,6454914798,0.009286362,0.027800987,0.00027796376
6454922523,6454922289,0.010061516,0.028208015,0.00027107145
6454926321,6454926034,0.00989234,0.028560843,0.00026964702
6454932507,6454932276,0.009403284,0.028644271,0.0002724903
6454936278,6454936026,0.009272377,0.02859871,0.00027542046
6454939998,6454939767,0.009142169,0.028375095,0.0002756997
6454947491,6454947260,0.009494372,0.02833795,0.0002774823
6454949983,6454949754,0.009653557,0.028430361,0.00027851085
6454957504,6454957246,0.009643254,0.028113844,0.00027972745
6454962481,6454962241,0.009528205,0.028303565,0.000277082
6454967472,6454967233,0.009210557,0.028480185,0.00027234835
6454972463,6454972227,0.008855635,0.02834407,0.00026920103
6454974956,6454974724,0.008981826,0.028271645,0.000270825
6454982456,6454982214,0.0088975,0.027994422,0.0002760691
6454984947,6454984711,0.009069494,0.028186169,0.00027368532
6454992432,6454992202,0.009467229,0.028740035,0.0002504783
6454996181,6454995947,0.009322555,0.028511258,0.00024154327
6455002425,6455002190,0.008951586,0.028201178,0.00023555731
6455006166,6455005935,0.00893928,0.028109059,0.00023727374
6455009908,6455009680,0.008977707,0.02831785,0.00023607835
6455017415,6455017171,0.009462723,0.028249007,0.00023499892
6455019897,6455019668,0.009303877,0.028257841,0.00023953702
6455027390,6455027159,0.008431673,0.028540261,0.0002503067
6455032385,6455032152,0.008787543,0.028462017,0.00025162866
6455037381,6455037148,0.0092266295,0.02854891,0.00025678021
6455042380,6455042140,0.009868927,0.0284006,0.00025573894
6455044876,6455044637,0.009680774,0.028100267,0.0002564044
6455052359,6455052127,0.008468339,0.02823625,0.000263194
6455054856,6455054624,0.008299514,0.02822081,0.00026824206
6455062351,6455062115,0.008750214,0.027830802,0.0002706914
6455066096,6455065860,0.008851122,0.028115157,0.00026599335
6455072349,6455072102,0.0091229165,0.02879091,0.00026249612
6455076086,6455075848,0.009570741,0.028730113,0.00026215994
6455079823,6455079593,0.009475038,0.02851656,0.00026360663
6455087336,6455087084,0.008253549,0.02844757,0.0002625362
6455089808,6455089581,0.007906882,0.028413745,0.00026221908
6455097317,6455097072,0.008794698,0.028063063,0.00026150758
6455102308,6455102065,0.00964501,0.028095305,0.00026343332
6455107307,6455107059,0.009590819,0.02810504,0.00026552335
6455112297,6455112054,0.008976941,0.028221218,0.00026703507
6455114781,6455114549,0.0085995905,0.028484477,0.0002670846
6455122279,6455122040,0.008198041,0.028314382,0.00025893888
6455126015,6455125786,0.008625136,0.028349096,0.00025685964
6455132273,6455132034,0.0095491605,0.02843297,0.00025323336
6455136004,6455135773,0.009609598,0.028491922,0.00025411337
6455143495,6455143264,0.008687731,0.028087523,0.0002570693
6455145996,6455145761,0.008464048,0.028081767,0.0002582038
6455149736,6455149506,0.008365012,0.028372817,0.00025671325
6455157232,6455156997,0.0090883635,0.02835419,0.00024265087
6455159747,6455159494,0.009240093,0.028180936,0.00023966761
6455167220,6455166984,0.009555405,0.02828238,0.00024535047
6455172211,6455171979,0.009417363,0.028026091,0.0002462522
6455178460,6455178220,0.008475011,0.028445968,0.00024018396
6455182200,6455181967,0.008056309,0.028657483,0.00023764624
6455184695,6455184462,0.008120269,0.028815888,0.00023744072
6455192202,6455191955,0.008999545,0.02819243,0.00024020435
6455195939,6455195699,0.009340747,0.028082082,0.00023840061
6455202175,6455201941,0.009251114,0.028256677,0.00023105356
6455205914,6455205686,0.008895376,0.02850065,0.00022873125
6455209660,6455209432,0.0087408945,0.028383747,0.00022569597
6455215911,6455215674,0.008728123,0.028425409,0.0002220664
6455219666,6455219420,0.009129672,0.02860062,0.00022205686
6455227143,6455226910,0.009309147,0.028564738,0.00021563048
6455230891,6455230655,0.009249746,0.02861239,0.0002119362
6455237140,6455236898,0.008836644,0.02782207,0.00020915254
6455242130,6455241891,0.008705964,0.02780953,0.00020404656
6455248368,6455248133,0.009318549,0.02815924,0.00019084575
6455252117,6455251879,0.009765197,0.028223684,0.00018453029
6455254608,6455254376,0.009734442,0.028301174,0.00018183285
6455262102,6455261867,0.009223322,0.02836356,0.00018206632
6455265846,6455265612,0.0090459455,0.028574225,0.00018227428
6455272100,6455271854,0.009028857,0.028684683,0.00017750537
6455275891,6455275601,0.009386393,0.028589806,0.00017405744
6455283322,6455283091,0.009275047,0.028455008,0.0001595827
6455285835,6455285587,0.009551269,0.028203556,0.00015635428
6455289567,6455289333,0.00973927,0.028059041,0.00015916559
6455297059,6455296823,0.009206017,0.028304981,0.00017320062
6455302063,6455301817,0.009115995,0.028256405,0.00017906122
6455307087,6455306813,0.008778564,0.028264891,0.00018019874
6455312053,6455311808,0.009404195,0.02813689,0.00017730937
6455318286,6455318047,0.010223548,0.028390273,0.00017894342
6455322026,6455321792,0.009806906,0.028220955,0.00017707534
6455324519,6455324289,0.009614232,0.028123965,0.00017598922
6455332016,6455331780,0.009464784,0.028357698,0.00017434315
6455335760,6455335526,0.00900261,0.028374312,0.00017429174
6455342003,6455341767,0.009741973,0.028534379,0.00017665705
6455345745,6455345513,0.010061666,0.028618403,0.00017610982
6455353268,6455353004,0.009830165,0.028381607,0.00017628897
6455356999,6455356749,0.009610073,0.028288377,0.00017268029
6455359482,6455359246,0.00949866,0.028241685,0.00017251895
6455366976,6455366736,0.009166468,0.028123943,0.00018080475
6455371976,6455371730,0.00975908,0.028377553,0.00018868016
6455376963,6455376724,0.010294645,0.028589202,0.00019252274
6455380700,6455380469,0.010429545,0.028389791,0.00019435608
6455388190,6455387960,0.00991653,0.028913885,0.00020335159
6455391953,6455391705,0.009754833,0.028433291,0.00020632456
6455394443,6455394202,0.0097173955,0.028002732,0.00020839172
6455401936,6455401693,0.010373362,0.028008303,0.00021577749
6455405666,6455405438,0.0104129845,0.02815761,0.00021739848
6455411915,6455411680,0.010485966,0.028408132,0.00022340682
6455415658,6455415426,0.010105044,0.028266408,0.00022746816
6455423150,6455422916,0.010078217,0.02818408,0.00023671491
6455426903,6455426662,0.010026898,0.028344369,0.00023583604
6455429393,6455429159,0.010169822,0.028266326,0.00023396121
6455436884,6455436649,0.010957999,0.028060095,0.00023939203
6455441873,6455441643,0.011223426,0.028170286,0.00023328581
6455446882,6455446637,0.011047809,0.028203744,0.00023208713
6455451869,6455451631,0.010533985,0.02836781,0.00023588266
6455458102,6455457873,0.010524867,0.02846772,0.00024713503
6455461853,6455461618,0.01062861,0.02817915,0.00025252477
6455464345,6455464115,0.010661428,0.028155588,0.00025691776
6455471839,6455471606,0.010617222,0.028046785,0.00027388995
6455475582,6455475351,0.010324105,0.027999865,0.00027526618
6455481830,6455481593,0.010961288,0.02795313,0.00027732813
6455485574,6455485339,0.011086166,0.028092971,0.00027843998
6455493065,6455492829,0.011406182,0.02832319,0.00028173754
6455496815,6455496575,0.011198892,0.028032696,0.00028718857
6455499311,6455499071,0.011125669,0.02790456,0.00028988748
6455506797,6455506562,0.011116685,0.02800746,0.00029475515
6455511795,6455511556,0.010809155,0.028598227,0.00030041934
6455516784,6455516550,0.011314283,0.02862434,0.00030048357
6455521782,6455521544,0.012055594,0.028214578,0.0003043061
6455528019,6455527787,0.011459508,0.028273167,0.00030714917
6455531764,6455531531,0.011468655,0.028387751,0.00031090959
6455534275,6455534028,0.011502865,0.028246904,0.00031383618
6455541776,6455541519,0.011158505,0.028035978,0.00031352637
6455545501,6455545269,0.011070952,0.028147051,0.0003155972
6455552996,6455552755,0.011344473,0.028292539,0.00031904771
6455555488,6455555255,0.011991352,0.02832594,0.00031499582
6455562977,6455562742,0.012322529,0.02826287,0.00029560103
6455566726,6455566489,0.012100958,0.028438874,0.0002887335
6455571717,6455571481,0.012115282,0.02816777,0.00027823195
6455576709,6455576475,0.012036215,0.028069425,0.0002622331
6455581707,6455581469,0.011938469,0.028346138,0.0002587774
6455587947,6455587711,0.012661942,0.028340448,0.00025442903
6455591688,6455591457,0.012706065,0.027972475,0.00025357644
6455597943,6455597699,0.012119993,0.028047143,0.00025735
6455601679,6455601444,0.011691837,0.028176531,0.00026138942
6455605436,6455605190,0.011445616,0.028071085,0.00026852617
6455611666,6455611432,0.012072448,0.028173162,0.00028168067
6455615405,6455615177,0.012352817,0.028044498,0.00028952124
6455622908,6455622667,0.013220805,0.028385406,0.00030649375
6455625398,6455625165,0.013123588,0.02821513,0.0003118407
6455632900,6455632655,0.012853028,0.028298961,0.0003195744
6455636638,6455636401,0.012421858,0.028209485,0.00032217207
6455641632,6455641394,0.012740832,0.028157499,0.0003200949
6455646628,6455646389,0.013580117,0.028017705,0.00031580168
6455650362,6455650133,0.013704984,0.027985988,0.0003188853
6455657854,6455657624,0.013060597,0.028159171,0.00032635801
6455662849,6455662618,0.012177447,0.02829611,0.0003236881
6455667845,6455667612,0.012479234,0.02792161,0.00031363568
6455671595,6455671357,0.012991153,0.027755685,0.00030517543
6455675338,6455675103,0.013476335,0.027693655,0.00030149388
6455681577,6455681345,0.014006256,0.028260095,0.0003001939
6455685323,6455685090,0.0139721185,0.028456325,0.0003034527
6455692816,6455692581,0.01343589,0.028233184,0.000304749
6455695330,6455695078,0.013223862,0.028083198,0.00030169907
6455702800,6455702568,0.013402079,0.028112542,0.00030318403
6455706551,6455706314,0.013472906,0.028263673,0.0003069011
6455711542,6455711308,0.013757662,0.028304063,0.0003089198
6455716538,6455716301,0.013849648,0.02804472,0.0003127606
6455721525,6455721295,0.013767066,0.027717302,0.0003106987
6455727766,6455727537,0.013880903,0.027857436,0.00031106564
6455731516,6455731283,0.0141793825,0.028263504,0.00031330797
6455737756,6455737525,0.014665233,0.027884157,0.0003205272
6455741502,6455741270,0.014842072,0.027903855,0.0003252607
6455745297,6455745016,0.014381292,0.028119942,0.00032765223
6455751490,6455751258,0.014181327,0.028361963,0.00032421298
6455755236,6455755003,0.013969145,0.028409692,0.00032275004
6455762730,6455762494,0.014589828,0.027744986,0.0003355698
6455766480,6455766240,0.015166912,0.02788288,0.00033949362
6455772723,6455772482,0.015077586,0.028109105,0.00033861722
6455776483,6455776227,0.014972744,0.028098578,0.00033610212
6455781461,6455781220,0.01488354,0.02792226,0.00033420048
6455786451,6455786215,0.014524738,0.027935669,0.00032973086
6455791446,6455791208,0.014580652,0.028171364,0.00032912617
6455797686,6455797450,0.01509873,0.028107943,0.00033149964
6455801440,6455801196,0.015478108,0.028173601,0.00032983403
6455807672,6455807438,0.015594153,0.028168283,0.0003300705
6455812667,6455812433,0.015326394,0.0277389,0.00033519082
6455815155,6455814929,0.015098911,0.027613118,0.0003380427
6455821404,6455821171,0.014909378,0.027662963,0.00034864887
6455825155,6455824916,0.015080346,0.02774911,0.00036075257
6455832642,6455832407,0.015684372,0.028095473,0.00038308807
6455836407,6455836159,0.015887363,0.028157163,0.00038758395
6455842633,6455842398,0.01596638,0.028109126,0.00038773534
6455846373,6455846140,0.01586589,0.028040033,0.00038948172
6455851369,6455851134,0.015825044,0.027818143,0.00039705847
6455856363,6455856128,0.016035354,0.028154599,0.0004011624
6455861358,6455861121,0.016350178,0.028394016,0.00039928197
6455867597,6455867363,0.016195377,0.02805383,0.00039741248
6455871344,6455871109,0.015832683,0.02798796,0.00039115798
6455877580,6455877351,0.015715174,0.028015727,0.00038418575
6455882580,6455882345,0.01592127,0.028218526,0.00038530605
6455885080,6455884841,0.016315136,0.028054234,0.00038865252
6455891318,6455891084,0.016876126,0.028130393,0.00039941957
6455895074,6455894829,0.016659273,0.028314173,0.00040457054
6455902553,6455902320,0.015815655,0.02766638,0.00039000376
6455906300,6455906065,0.016034069,0.027796365,0.0003797613
6455912542,6455912308,0.01644001,0.027690608,0.0003714681
6455916292,6455916053,0.016997514,0.027914193,0.00037131793
6455920034,6455919798,0.017147198,0.028204763,0.0003748652
6455926291,6455926041,0.017144347,0.02790129,0.00038146065
6455931278,6455931034,0.016748011,0.027950652,0.00038922534
6455937511,6455937276,0.016607197,0.027943505,0.0003929198
6455941266,6455941025,0.016361216,0.028097948,0.00038910116
6455945010,6455944767,0.016750695,0.02829558,0.00038961082
6455951244,6455951009,0.01702113,0.028204504,0.0004028019
6455954992,6455954755,0.017153347,0.027848491,0.00041341432
6455962493,6455962246,0.01727681,0.028050158,0.00042530324
6455964975,6455964742,0.017234527,0.02800954,0.00042629673
6455972474,6455972233,0.017406309,0.027970882,0.0004200893
6455976220,6455975978,0.017281396,0.027909297,0.00041308088
6455981210,6455980972,0.01743486,0.027886996,0.00040847133
6455986202,6455985966,0.017615074,0.02782397,0.00040977373
6455991198,6455990960,0.01745792,0.027962102,0.00041517246
6455997460,6455997202,0.01715321,0.027960973,0.0004230355
6456001188,6456000952,0.017366005,0.027810624,0.00042775925
6456007426,6456007190,0.018132038,0.028013567,0.0004257725
6456011188,6456010935,0.018236127,0.02817157,0.00042161424
6456014922,6456014680,0.01810598,0.027975697,0.0004209821
6456021158,6456020922,0.017799906,0.027864214,0.00042728498
6456024893,6456024668,0.017219039,0.027837787,0.00042634518
6456032402,6456032160,0.017372284,0.028040659,0.00041577467
6456034894,6456034655,0.01759222,0.02806074,0.00041221295
6456042380,6456042146,0.018586162,0.028064853,0.00041551047
6456046126,6456045891,0.018776622,0.027909571,0.00041592773
6456051120,6456050885,0.01816762,0.027501438,0.0004176562
6456056110,6456055879,0.017675841,0.027935417,0.00042277246
6456059861,6456059624,0.017522253,0.02780893,0.00042873848
6456067355,6456067115,0.01846584,0.027963981,0.00043505698
6456071103,6456070860,0.018327933,0.027887732,0.00043270632
6456077337,6456077103,0.018588817,0.027600462,0.0004152644
6456081084,6456080848,0.018625703,0.027631916,0.0004087093
6456087332,6456087090,0.018216344,0.027806405,0.0004138705
6456091071,6456090836,0.018123208,0.02796971,0.000417636
6456094828,6456094581,0.01864301,0.027667612,0.0004186777
6456102316,6456102071,0.018702803,0.02789688,0.000420389
6456104796,6456104568,0.018622883,0.0277604,0.0004231098
6456112312,6456112061,0.018259047,0.02776963,0.0004173926
6456116041,6456115806,0.017956395,0.028276036,0.00041662724
6456119790,6456119549,0.018131038,0.028150333,0.00042363346
6456126029,6456125792,0.018834049,0.02811367,0.0004250136
6456131019,6456130786,0.019284155,0.027672837,0.00042612743
6456137288,6456137028,0.018989082,0.027501205,0.00042801048
6456141018,6456140773,0.01882778,0.027641308,0.0004275885
6456147260,6456147015,0.018112417,0.02779119,0.00042367872
6456150994,6456150761,0.018189643,0.028178306,0.00042667004
6456158489,6456158255,0.018673824,0.02786816,0.0004352921
6456160993,6456160749,0.018839318,0.027509486,0.0004366478
6456164723,6456164494,0.019077279,0.027385963,0.000438324
6456172222,6456171984,0.018703947,0.027988346,0.00044225968
6456175968,6456175730,0.01851674,0.027980201,0.00044103205
6456182211,6456181972,0.01842629,0.027800249,0.00043861807
6456185951,6456185717,0.01858184,0.027882198,0.00043887662
6456190942,6456190711,0.019024441,0.02782703,0.00043990713
6456195953,6456195705,0.019206237,0.02820732,0.00043899752
6456199682,6456199450,0.019347154,0.02827788,0.00044088982
6456207174,6456206941,0.018591791,0.027628962,0.00044370553
6456210934,6456210686,0.018437255,0.027668012,0.00043823072
6456217161,6456216929,0.018557463,0.027366528,0.0004429168
6456220914,6456220674,0.01864542,0.027506644,0.00044986384
6456228405,6456228165,0.019451963,0.027891327,0.00045240187
6456230897,6456230662,0.019471869,0.028051445,0.00045169145
6456234642,6456234407,0.019127492,0.028026829,0.0004491812
6456242134,6456241898,0.018349065,0.027882753,0.0004421572
6456245907,6456245647,0.018336093,0.02782025,0.0004479519
6456252119,6456251886,0.019025777,0.027669577,0.00045264457
6456255864,6456255630,0.019109506,0.027847845,0.00045197213
6456260857,6456260624,0.019059952,0.027798804,0.0004477814
6456267103,6456266866,0.018471655,0.027961569,0.0004436458
6456270846,6456270612,0.018232528,0.028007584,0.00044612086
6456277085,6456276857,0.018531157,0.027894258,0.00044522056
6456280835,6456280600,0.018942328,0.027981335,0.0004444886
6456287082,6456286841,0.019515792,0.02771071,0.00045150545
6456290821,6456290587,0.019882174,0.027632557,0.00045753576
6456298324,6456298078,0.018215064,0.02785553,0.0004665237
6456300854,6456300574,0.01791209,0.028082773,0.0004675427
6456304560,6456304326,0.018048106,0.02803899,0.00046528675
6456312048,6456311811,0.018799266,0.02762926,0.0004681466
6456315786,6456315556,0.019112501,0.027945599,0.00046886236
6456322039,6456321798,0.019003877,0.028031036,0.0004630828
6456325775,6456325543,0.018678695,0.02781163,0.00046156638
6456330777,6456330537,0.018246144,0.02763862,0.00045817054
6456337012,6456336779,0.01852685,0.027822504,0.00045512858
6456340759,6456340525,0.01867071,0.027926525,0.00045364417
6456346995,6456346767,0.018763928,0.027778126,0.00045378582
6456350749,6456350513,0.018346086,0.02783318,0.00045354123
6456356984,6456356754,0.018062588,0.028049607,0.00046049073
6456360736,6456360500,0.018012984,0.028061038,0.00046297605
6456368225,6456367991,0.018737126,0.027649475,0.00045995024
6456371980,6456371736,0.019185428,0.027493456,0.00046047365
6456374472,6456374234,0.01909308,0.027575023,0.00046164767
6456381976,6456381724,0.018050719,0.028053265,0.00046746753
6456385702,6456385469,0.017891753,0.027774641,0.00047126372
6456390701,6456390463,0.017246673,0.027366687,0.00047466115
6456395694,6456395457,0.01757202,0.027720299,0.00047974667
6456400684,6456400451,0.018439978,0.027867677,0.00048672516
6456406937,6456406692,0.018676916,0.02803815,0.00047968412
6456410671,6456410438,0.018376825,0.027812054,0.00047620985
6456416909,6456416680,0.018005338,0.028046202,0.00047103476
6456420661,6456420426,0.017730532,0.028069144,0.00046927616
6456426900,6456426668,0.017308654,0.028448539,0.00047174926
6456430643,6456430413,0.017808255,0.02817127,0.00047712884
6456438134,6456437904,0.01815275,0.02741272,0.00048421376
6456441883,6456441649,0.017755512,0.027262133,0.00048205387
6456444379,6456444146,0.017808063,0.02762334,0.00047696024
6456451877,6456451636,0.017514426,0.02818105,0.00046400615
6456455617,6456455382,0.017384442,0.028088799,0.0004570286
6456460607,6456460376,0.017313825,0.02778339,0.00045419796
6456465607,6456465370,0.017586805,0.027676156,0.0004625699
6456470611,6456470364,0.017792264,0.027832245,0.00047161212
6456476833,6456476605,0.01717083,0.028206285,0.00047825894
6456480585,6456480351,0.016987884,0.02811607,0.00047699618
6456486825,6456486593,0.017171277,0.027629297,0.00047529387
6456490571,6456490339,0.01733613,0.027659731,0.00047466953
6456496811,6456496581,0.017355623,0.027926832,0.0004745189
6456500563,6456500326,0.017171768,0.028135886,0.0004753487
6456508064,6456507817,0.016755596,0.028298581,0.00048069094
6456511793,6456511562,0.01654953,0.028367255,0.00048156982
6456514297,6456514059,0.016796986,0.028225325,0.000482163
6456521785,6456521550,0.016798848,0.027882412,0.0004731555
6456525529,6456525295,0.01695362,0.027469547,0.00046710417
6456530527,6456530289,0.017202321,0.027517775,0.00046109591
6456535513,6456535283,0.017039256,0.027488085,0.00045650027
6456540514,6456540277,0.016555056,0.02751022,0.00045991168
6456546747,6456546518,0.015892982,0.027856879,0.0004614634
6456550496,6456550264,0.015816895,0.02777719,0.00045332615
6456556737,6456556506,0.016686158,0.0281556,0.0004458439
6456560489,6456560255,0.016585091,0.02839585,0.0004443361
6456567981,6456567742,0.016001832,0.028344614,0.0004398028
6456570495,6456570240,0.015835313,0.028306885,0.00043676287
6456577960,6456577730,0.015563691,0.02773775,0.0004340535
6456581710,6456581475,0.015701365,0.027819585,0.00043054353
6456585460,6456585220,0.01576428,0.028294994,0.0004263693
6456591698,6456591463,0.016077386,0.027901318,0.00042086578
6456595449,6456595208,0.015783302,0.027782954,0.00042640293
6456600437,6456600202,0.015529979,0.027883891,0.0004345558
6456605431,6456605195,0.015351219,0.028213097,0.0004350433
6456610420,6456610190,0.01563575,0.02800894,0.00043374454
6456616661,6456616431,0.015521709,0.027725572,0.00042811525
6456620432,6456620177,0.015498584,0.027797466,0.0004257695
6456626646,6456626419,0.015096045,0.027912108,0.00041791578
6456631647,6456631414,0.014484921,0.02808517,0.00040971884
6456637895,6456637655,0.014599166,0.027880823,0.00040413096
6456640405,6456640152,0.014796782,0.027778244,0.000406024
6456647870,6456647643,0.015274945,0.0281689,0.00041369218
6456651632,6456651389,0.015288741,0.028078884,0.0004108406
6456655368,6456655134,0.0151047325,0.027891321,0.00041107772
6456661614,6456661380,0.01415765,0.027882904,0.00041171935
6456665358,6456665122,0.013965699,0.028030885,0.0004125149
6456670346,6456670115,0.014598386,0.028080998,0.00040762994
6456675347,6456675109,0.014829593,0.028160224,0.00040107378
6456680335,6456680103,0.015215461,0.028394753,0.00039196495
6456686575,6456686345,0.014963821,0.028246742,0.00037889712
6456690328,6456690090,0.0142198885,0.028232647,0.00037874898
6456696564,6456696332,0.013592566,0.028169882,0.0003904021
6456700317,6456700078,0.01388343,0.028090367,0.0003998514
6456707798,6456707568,0.013958321,0.028057575,0.00040119016
6456710306,6456710066,0.0138412425,0.028039912,0.0004021194
6456717788,6456717556,0.013837021,0.028148742,0.0004049244
6456721536,6456721301,0.013614115,0.028232155,0.00040301096
6456725292,6456725047,0.013405965,0.027924478,0.00040308843
6456731525,6456731289,0.013764084,0.027801385,0.00040533804
6456735281,6456735037,0.013614065,0.028070537,0.0004022371
6456740268,6456740028,0.013571999,0.02796435,0.0003886681
6456746502,6456746270,0.013697037,0.02810844,0.00037618956
6456750260,6456750015,0.013349304,0.027966682,0.00037811568
6456756499,6456756258,0.013263546,0.027919352,0.00038601624
6456760242,6456760004,0.01312656,0.028084936,0.00038735973
6456766484,6456766246,0.0132859675,0.02819843,0.00038401136
6456770245,6456769991,0.013386253,0.0281706,0.00037455535
6456777727,6456777482,0.012807183,0.02795266,0.0003569949
6456781469,6456781228,0.012841297,0.028191516,0.00035201447
6456787704,6456787469,0.012435474,0.027885064,0.00035416186
6456791452,6456791215,0.012348264,0.02776369,0.000354456
6456795197,6456794960,0.012560395,0.027742082,0.00035453853
6456800195,6456799954,0.012882006,0.02808266,0.00035874665
6456805184,6456804947,0.012923097,0.027943265,0.00036599266
6456810176,6456809941,0.012675726,0.028181296,0.0003532885
6456816418,6456816183,0.0119166775,0.028256493,0.0003358683
6456822661,6456822425,0.011955479,0.027987385,0.0003341859
6456826404,6456826171,0.01232445,0.028026413,0.00033297949
6456830158,6456829918,0.012576881,0.02777136,0.00033371247
6456836392,6456836158,0.012579298,0.028036265,0.00032673945
6456840142,6456839904,0.011897275,0.027844546,0.0003193862
6456847627,6456847394,0.011749129,0.027945952,0.0003178371
6456851375,6456851140,0.011989957,0.028197117,0.00031551122
6456857619,6456857382,0.012229421,0.028154941,0.00030811722
6456861361,6456861128,0.011994721,0.028214304,0.00030583315
6456865102,6456864873,0.011650353,0.028163176,0.00030448486
6456871349,6456871115,0.0114626875,0.028090697,0.00030762074
6456875101,6456874860,0.011188467,0.02805919,0.00030899968
6456880087,6456879854,0.011030265,0.02786243,0.0003052858
6456886334,6456886096,0.011627653,0.027902776,0.00029786016
6456890088,6456889842,0.011830311,0.02810107,0.00029065777
6456896325,6456896084,0.012156531,0.028091522,0.00027291558
6456900072,6456899830,0.011763843,0.028124057,0.00025889842
6456906309,6456906072,0.010809786,0.028059259,0.00024723326
6456910055,6456909817,0.010669489,0.027958842,0.0002411463
6456917545,6456917308,0.01108427,0.02825358,0.00023598208
6456921298,6456921053,0.011675682,0.028521936,0.00024328358
6456927528,6456927295,0.011666713,0.028265035,0.0002593308
6456931279,6456931041,0.011050017,0.028294757,0.00027038023
6456935020,6456934786,0.010521295,0.028443009,0.00028303516
6456941269,6456941028,0.011219021,0.028047489,0.00029829383
6456945006,6456944774,0.01122471,0.027727047,0.00030281616
6456950005,6456949767,0.010906956,0.028181132,0.00031106573
6456956244,6456956009,0.011143631,0.028272232,0.00031718315
6456962491,6456962253,0.0110087,0.027969351,0.00031866273
6456966234,6456965997,0.010762063,0.027852947,0.00031690142
6456969995,6456969742,0.010685199,0.02774056,0.0003123726
6456977482,6456977233,0.011269996,0.0283608,0.0003040562
6456979965,6456979730,0.011335094,0.028381258,0.00030090043
6456987455,6456987221,0.0106409965,0.028267859,0.00030045037
6456991199,6456990966,0.010321838,0.028038276,0.0003046755
6456997442,6456997209,0.01030146,0.027722029,0.00030922302
6457001186,6457000954,0.010554336,0.027767533,0.00030765598
6457004957,6457004699,0.010955531,0.027740784,0.00030345432
6457012431,6457012189,0.011125292,0.028244896,0.00030299637
6457014918,6457014687,0.010779638,0.028247554,0.00030241784
6457019927,6457019680,0.0103930645,0.028288893,0.00029617167
6457026156,6457025922,0.010179469,0.028616302,0.00030212727
6457032397,6457032165,0.010245864,0.028319255,0.00032335488
6457036138,6457035910,0.010640961,0.028097479,0.00032913478
6457039899,6457039655,0.011026794,0.027918957,0.00032815398
6457047381,6457047146,0.0104949875,0.027649844,0.00031755905
6457049884,6457049643,0.010529972,0.027590115,0.00031278975
6457057371,6457057134,0.010177422,0.02798673,0.000317644
6457061113,6457060879,0.010139339,0.028141016,0.00032024187
6457067355,6457067121,0.010149885,0.028412187,0.00031348923
6457071114,6457070874,0.010319829,0.028598202,0.00030496
6457074849,6457074612,0.010729126,0.028557945,0.00029773382
6457081089,6457080854,0.010004708,0.028071001,0.00029490367
6457084833,6457084600,0.00977978,0.027910216,0.00029941753
6457092325,6457092093,0.010183052,0.028081607,0.00030231616
6457096068,6457095836,0.010406159,0.028163774,0.00029843333
6457099819,6457099581,0.0105798775,0.02828323,0.0002962519
6457106057,6457105823,0.010451176,0.028206946,0.0002950125
6457109802,6457109568,0.010202181,0.027953815,0.000297937
6457117296,6457117059,0.009703703,0.028351193,0.00030968504
6457121050,6457120804,0.009744103,0.028307477,0.00031324124
6457127285,6457127047,0.010860923,0.027610654,0.00031670625
6457131028,6457130792,0.01115389,0.027410213,0.00032323643
6457138520,6457138283,0.01075688,0.02823922,0.00032552262
6457141014,6457140780,0.010576327,0.028399318,0.00032417366
6457144762,6457144525,0.009889601,0.028623806,0.00032279332
6457149750,6457149519,0.009684609,0.028319336,0.0003240152
6457155992,6457155761,0.010314697,0.028070154,0.00032600394
6457162245,6457162003,0.010621082,0.02838097,0.00032961927
6457165977,6457165749,0.010603724,0.028290616,0.00033327728
6457173477,6457173240,0.010438275,0.027823094,0.00033814093
6457175970,6457175736,0.010196817,0.027865995,0.0003313321
6457179718,6457179482,0.010259441,0.027920391,0.00032173237
6457187205,6457186972,0.0106349,0.02834478,0.0003109093
6457190959,6457190717,0.01054112,0.028030746,0.000308641
6457197192,6457196960,0.010955814,0.02766138,0.0003094089
6457200945,6457200705,0.010911205,0.027850427,0.00031207388
6457209677,6457209444,0.010377437,0.028143506,0.0003080009
6457210933,6457210693,0.010303061,0.028188158,0.00030805686
6457214673,6457214438,0.010467929,0.028162993,0.00030859438
6457222162,6457221928,0.010847513,0.028068544,0.00030254104
6457225908,6457225674,0.010858464,0.028064612,0.00030109735
6457232147,6457231916,0.01016233,0.028086761,0.00029099948
6457235890,6457235661,0.01012082,0.02820593,0.0002842914
6457243397,6457243152,0.010577324,0.028412497,0.0002950378
6457245879,6457245649,0.01059564,0.028414356,0.0003010659
6457249629,6457249395,0.010937135,0.028381808,0.0003073863
6457257116,6457256885,0.011316732,0.028327739,0.00029758876
6457260877,6457260631,0.01155136,0.028105604,0.00029599527
6457267102,6457266873,0.0107628545,0.027717644,0.0003051857
6457270853,6457270618,0.010431604,0.027950263,0.000309122
6457278368,6457278109,0.01086686,0.02820242,0.00031994077
6457280837,6457280606,0.0110248,0.02827107,0.0003250561
6457284583,6457284351,0.011339362,0.028083669,0.00032945172
6457289580,6457289345,0.0113066,0.028076144,0.0003251982
6457295819,6457295587,0.010870725,0.028118972,0.00030994604
6457299565,6457299333,0.0106035145,0.028334279,0.00030468407
6457305802,6457305575,0.01080916,0.028054994,0.00030303845
6457313318,6457313065,0.010988122,0.028519824,0.00031107993
6457315789,6457315562,0.011395676,0.028339315,0.000317361
6457319555,6457319308,0.011570226,0.028143764,0.00032691978
6457327035,6457326798,0.011697561,0.027826602,0.00032912157
6457330774,6457330544,0.011435072,0.028009638,0.00032345488
6457337013,6457336786,0.011662589,0.027997121,0.00031088447
6457340773,6457340531,0.011806169,0.02783117,0.00030440986
6457349506,6457349270,0.011760453,0.028186753,0.0003027026
6457351999,6457351767,0.011756598,0.028256094,0.00030498896
6457354549,6457354267,0.011838944,0.028311912,0.00030828564
6457361984,6457361755,0.011576152,0.027712977,0.00031496602
6457365730,6457365500,0.011446048,0.02796453,0.00031623678
6457370729,6457370494,0.011505998,0.027899927,0.00031112222
6457375721,6457375487,0.012146293,0.02802788,0.00030424472
6457383210,6457382978,0.012236112,0.028136455,0.000307777
6457386963,6457386725,0.011700927,0.02809611,0.00031395393
6457389471,6457389221,0.011519794,0.028078968,0.0003192754
6457396951,6457396711,0.011375536,0.028321777,0.0003211886
6457400684,6457400457,0.012137399,0.028153233,0.00031672517
6457406931,6457406699,0.012736964,0.027947351,0.0003170034
6457410684,6457410445,0.012833529,0.027808165,0.0003181382
6457419424,6457419184,0.012718379,0.028188443,0.00031909137
6457421923,6457421680,0.012494754,0.028348442,0.00031558055
6457424412,6457424178,0.012200304,0.028327448,0.0003125776
6457431895,6457431668,0.01279196,0.02788116,0.00030476597
6457435650,6457435413,0.012823322,0.02808776,0.00030241127
6457441895,6457441655,0.012724051,0.028200328,0.0003020622
6457445632,6457445401,0.012441277,0.028021308,0.0003046418
6457453136,6457452891,0.012541749,0.027964106,0.0003182412
6457456872,6457456637,0.012896331,0.027897328,0.0003267485
6457460623,6457460382,0.013101372,0.027817253,0.00033658647
6457466855,6457466624,0.012936808,0.027857963,0.0003546512
6457470609,6457470370,0.013110008,0.02765413,0.00035473148
6457476838,6457476612,0.012849745,0.027940482,0.00034889128
6457480593,6457480357,0.012556709,0.028340336,0.00034443205
6457489331,6457489096,0.0133028375,0.028472532,0.0003433402
6457491826,6457491593,0.01377001,0.028225724,0.00034308937
6457494328,6457494093,0.01421863,0.027982058,0.0003431375
6457501808,6457501581,0.0139617175,0.027925536,0.00034416065
6457505563,6457505326,0.013523757,0.027852703,0.00034640278
6457511800,6457511568,0.013139708,0.027657835,0.0003433136
6457515541,6457515314,0.013176213,0.027747147,0.00033884987
6457520548,6457520308,0.013245986,0.028119829,0.0003387006
6457526817,6457526550,0.014025524,0.02802093,0.00034367206
6457529293,6457529047,0.014307108,0.027918376,0.00034600965
6457536768,6457536537,0.013927124,0.027916864,0.00035556237
6457540522,6457540283,0.013621954,0.027912354,0.00035644273
6457546756,6457546525,0.013313497,0.028081974,0.00036044462
6457550508,6457550270,0.013776282,0.027952066,0.00036616757
6457559256,6457559010,0.014367914,0.028234811,0.00036653344
6457561736,6457561506,0.014350183,0.028261092,0.00036315614
6457565483,6457565254,0.014185284,0.028181061,0.0003554524
6457571725,6457571494,0.013929069,0.028346788,0.00035283781
6457575478,6457575239,0.014140353,0.028226519,0.00035741445
6457582969,6457582730,0.014799977,0.027865482,0.00036512676
6457585469,6457585227,0.01495528,0.027681556,0.0003710284
6457592954,6457592717,0.014464194,0.027834896,0.0003869357
6457596695,6457596463,0.014739099,0.028034544,0.0003915621
6457600457,6457600208,0.014597479,0.027982604,0.00038865994
6457606697,6457606450,0.014721945,0.027724963,0.00037956986
6457610434,6457610196,0.014984894,0.02777984,0.00037439572
6457619184,6457618935,0.015205605,0.02740425,0.00037718445
6457620424,6457620184,0.015214461,0.027454542,0.00037904462
6457629156,6457628923,0.014989379,0.028092474,0.00038553312
6457631648,6457631419,0.014702054,0.027968159,0.00039031505
6457635407,6457635165,0.014640823,0.02804176,0.00039844398
6457641642,6457641407,0.015406243,0.02803776,0.00040249215
6457645389,6457645152,0.015477217,0.02784057,0.00040124374
6457652880,6457652643,0.015141664,0.028243134,0.00040457456
6457655375,6457655140,0.01513236,0.028121606,0.00040645275
6457662862,6457662630,0.015270503,0.027930744,0.00040802915
6457666609,6457666376,0.015642868,0.02797475,0.00041763263
6457670355,6457670122,0.01589679,0.027460393,0.0004293515
6457676593,6457676363,0.015477977,0.027560322,0.00044842466
6457680341,6457680111,0.01543801,0.02802185,0.00045202632
6457689088,6457688848,0.015994908,0.028340675,0.00045607213
6457690336,6457690097,0.016000472,0.028280402,0.00045561584
6457699074,6457698836,0.015879262,0.028383793,0.00044739718
6457701570,6457701333,0.016227944,0.028291108,0.0004449588
6457705319,6457705078,0.016610062,0.027995313,0.00044183226
6457711549,6457711320,0.016260443,0.027728109,0.00043130547
6457715298,6457715065,0.016069261,0.027656132,0.00042556718
6457722788,6457722556,0.015574215,0.027667651,0.00041991053
6457725291,6457725053,0.016038261,0.027816728,0.0004164482
6457732772,6457732544,0.016773986,0.028134212,0.00040528487
6457736530,6457736294,0.016773377,0.02829124,0.00040293936
6457740285,6457740034,0.016333843,0.028004725,0.00040076696
6457746510,6457746277,0.01614868,0.028087588,0.00040064898
6457750270,6457750023,0.0161016,0.028255498,0.00039643975
6457759004,6457758761,0.016694045,0.027814044,0.00039043088
6457760263,6457760010,0.01667535,0.027732393,0.00039016712
6457768991,6457768749,0.016512787,0.027664093,0.0003830765
6457771479,6457771245,0.016520077,0.027613025,0.00037916144
6457775223,6457774991,0.016507069,0.027908998,0.0003732859
6457781468,6457781233,0.016669763,0.027997322,0.0003700802
6457785206,6457784978,0.016596908,0.02775196,0.00037135306
6457792700,6457792469,0.016797544,0.027686207,0.00037338745
6457796457,6457796215,0.016940018,0.027614906,0.0003714474
6457802693,6457802457,0.017136078,0.027786441,0.0003693548
6457806447,6457806202,0.017040154,0.028036607,0.00037194233
6457810200,6457809948,0.017039396,0.028293518,0.00037602268
6457816423,6457816190,0.016970411,0.028238188,0.00038257398
6457820169,6457819935,0.017055172,0.028009102,0.000389389
6457828916,6457828675,0.016945165,0.027783131,0.00039261483
6457831412,6457831171,0.017151395,0.027848989,0.00039212342
6457838895,6457838662,0.017234959,0.027911147,0.0003943219
6457841394,6457841158,0.016996488,0.027685188,0.00039649312
6457845147,6457844904,0.0168046,0.027735556,0.0003996292
6457851374,6457851146,0.017485326,0.027552105,0.0004015375
6457855183,6457854896,0.01768824,0.027690334,0.00040305135
6457862683,6457862387,0.017662466,0.028202154,0.0004012067
6457866361,6457866128,0.017346492,0.027922738,0.0003941872
6457872632,6457872370,0.01666724,0.027352082,0.00038150715
6457876350,6457876115,0.017017428,0.027872099,0.00037870626
6457880102,6457879860,0.017701486,0.027883122,0.00037905312
6457886345,6457886107,0.017951628,0.027766796,0.00037561092
6457890086,6457889848,0.017672384,0.02772759,0.00037198138
6457898818,6457898587,0.017432578,0.028080871,0.00036980913
6457901325,6457901090,0.01725286,0.028153425,0.00036813028
6457908817,6457908575,0.017346624,0.027779633,0.0003813975
6457911319,6457911072,0.017224986,0.027662298,0.00038958038
6457915097,6457914817,0.017135588,0.027757708,0.0004026887
6457921304,6457921059,0.017555973,0.027856568,0.00041338635
6457925034,6457924805,0.01755323,0.027894456,0.0004141881
6457932529,6457932295,0.017408457,0.027673546,0.0004093502
6457936287,6457936041,0.01752193,0.02761238,0.0004089929
6457942510,6457942283,0.01768845,0.027847756,0.00041772216
6457946276,6457946028,0.018196106,0.027914096,0.00042469794
6457950010,6457949774,0.018348128,0.027965348,0.0004328434
6457958746,6457958513,0.017294703,0.028107177,0.00045431277
6457960053,6457959761,0.017329318,0.028213011,0.00045467884
6457970009,6457969749,0.017559085,0.027827866,0.00044311534
6457971238,6457970997,0.017655263,0.0277545,0.0004416454
6457977478,6457977240,0.018073898,0.028077777,0.00043136053
6457981216,6457980984,0.018114075,0.027953228,0.00042263872
6457984964,6457984730,0.017789572,0.02785697,0.0004141383
6457992459,6457992221,0.01696951,0.027673734,0.00041016476
6457994948,6457994718,0.016817829,0.027688801,0.00040962876
6458002445,6458002209,0.016915925,0.027755035,0.0004053511
6458006187,6458005954,0.017446779,0.0280742,0.0004032521
6458012502,6458012196,0.01812309,0.027782757,0.000408131
6458016171,6458015941,0.017959824,0.027903391,0.000409825
6458019977,6458019687,0.01785513,0.027871475,0.00041096855
6458027461,6458027177,0.016932042,0.027665745,0.00041316438
6458029915,6458029674,0.016919624,0.027766831,0.00041118963
6458038646,6458038413,0.017888585,0.028067667,0.0004095193
6458041165,6458040910,0.018046988,0.027801117,0.000409653
6458048634,6458048401,0.017410712,0.027746351,0.000404421
6458051132,6458050898,0.017242517,0.027897218,0.0004005013
6458054871,6458054643,0.016887013,0.028075712,0.00039425847
6458062365,6458062134,0.016894508,0.027900865,0.00039367046
6458064903,6458064631,0.017138222,0.027968843,0.00039583055
6458072396,6458072121,0.017873595,0.028107759,0.00039206972
6458076099,6458075866,0.017304761,0.027988117,0.00038791448
6458082347,6458082109,0.016527945,0.02814664,0.00038346992
6458086086,6458085854,0.016526585,0.028059386,0.00038670542
6458089833,6458089600,0.016908124,0.027736425,0.0003921741
6458097322,6458097090,0.017643822,0.027684696,0.0003958083
6458099831,6458099587,0.017862294,0.02776575,0.0003955116
6458108559,6458108326,0.017478526,0.027813874,0.00038283473
6458111066,6458110823,0.017096438,0.02765814,0.00037879212
6458118551,6458118314,0.016031025,0.028284194,0.00037559125
6458121054,6458120811,0.016068522,0.028332286,0.00037527946
6458124831,6458124556,0.016427334,0.027982634,0.00037813123
6458132324,6458132047,0.017563703,0.027484693,0.000377695
6458134774,6458134543,0.017337278,0.027631985,0.00037803565
6458142328,6458142038,0.016389962,0.027733415,0.0003795755
6458146007,6458145779,0.016273871,0.027726272,0.00037796906
6458152271,6458152026,0.016189443,0.027783966,0.0003718637
6458155997,6458155767,0.016583515,0.027899297,0.00036772605
6458159758,6458159513,0.016889632,0.028270315,0.0003656471
6458167237,6458167003,0.017017655,0.027852692,0.000363122
6458171001,6458170749,0.01634719,0.02761794,0.00035908242
6458178494,6458178240,0.016048085,0.027984459,0.00034722322
6458180974,6458180736,0.01615995,0.027983231,0.0003418571
6458188473,6458188227,0.016576728,0.02779784,0.0003257411
6458192279,6458191973,0.016642034,0.027923401,0.00032187946
6458194701,6458194469,0.016338835,0.027946796,0.00032091065
6458202187,6458201960,0.015260678,0.028107027,0.00031935252
6458205946,6458205705,0.01560962,0.027846538,0.00032546787
6458212175,6458211947,0.01616127,0.0278458,0.00034369066
6458215928,6458215693,0.016091503,0.027881265,0.0003496447
6458223429,6458223184,0.016147118,0.02799906,0.0003487714
6458225908,6458225680,0.016013201,0.027881334,0.00034673634
6458229701,6458229426,0.015898949,0.027777137,0.0003491763
6458238399,6458238165,0.015261452,0.028089045,0.0003518839
6458240901,6458240662,0.015409502,0.028119218,0.0003487254
6458247138,6458246904,0.01595326,0.0280085,0.00034803033
6458250879,6458250649,0.015985735,0.027972931,0.0003531764
6458258382,6458258140,0.015719585,0.02776066,0.00035971263
6458260873,6458260637,0.015382625,0.027750915,0.00036039262
6458264613,6458264382,0.014904252,0.027861947,0.00036071904
6458272103,6458271873,0.0152728325,0.027852755,0.0003694799
6458275860,6458275618,0.015064421,0.027885783,0.00037732554
6458282118,6458281860,0.0151084345,0.027996916,0.00038756503
6458285849,6458285606,0.0151587045,0.028094508,0.00038804242
6458293333,6458293097,0.014604584,0.027863223,0.0003945263
6458295822,6458295593,0.014351021,0.02806612,0.00039887262
6458299580,6458299339,0.014379314,0.02822335,0.00040330394
6458308318,6458308078,0.015201651,0.027828459,0.000403922
6458310803,6458310575,0.015127496,0.028028822,0.00040031018
6458318303,6458318065,0.014450959,0.028014509,0.0003890381
6458320797,6458320562,0.014068624,0.027884196,0.00039433126
6458328295,6458328054,0.013656474,0.02793206,0.00041012635
6458330780,6458330550,0.014033781,0.02797984,0.00041285064
6458334555,6458334295,0.014384785,0.028160997,0.0004125589
6458342056,6458341786,0.0152365295,0.027982706,0.0004051109
6458345768,6458345531,0.014808934,0.02781848,0.00039528648
6458352008,6458351777,0.013759291,0.027742455,0.0003913824
6458355746,6458355519,0.013308186,0.027668543,0.00039357666
6458363265,6458363010,0.013442144,0.027981063,0.0003868126
6458368237,6458368004,0.014481025,0.028339788,0.00037652874
6458369507,6458369270,0.014623902,0.028333059,0.00037354708
6458378234,6458377991,0.013703924,0.028013652,0.0003763708
6458380721,6458380488,0.013634123,0.028030826,0.00037918577
6458388213,6458387979,0.012976384,0.028019994,0.0003821835
6458390703,6458390475,0.013193509,0.028133502,0.00038303202
6458398208,6458397966,0.01384578,0.027683206,0.00039078886
6458401989,6458401711,0.014019367,0.027559865,0.00039532644
6458404442,6458404209,0.013789227,0.027625835,0.00039759948
6458411932,6458411699,0.013155101,0.027954843,0.00040757965
6458415673,6458415444,0.012755857,0.02798934,0.00041245087
6458421919,6458421687,0.012688325,0.02771686,0.00041696776
6458425660,6458425432,0.012922557,0.028092654,0.00041306097
6458433160,6458432923,0.013029942,0.028312791,0.00039998593
6458438153,6458437917,0.013512244,0.027894326,0.00039919905
6458439496,6458439165,0.013566831,0.027748302,0.0004003527
6458446908,6458446656,0.012278803,0.027762368,0.00039972633
6458450630,6458450401,0.011833217,0.028150806,0.00039569865
6458458131,6458457897,0.012559515,0.028251922,0.00039672057
6458460616,6458460388,0.013002764,0.028166458,0.00039697523
6458468113,6458467879,0.013605421,0.028096182,0.00040318395
6458471865,6458471625,0.013380618,0.02792196,0.00040165387
6458474350,6458474121,0.012925341,0.027753435,0.00039680497
6458481842,6458481612,0.012009277,0.02805413,0.00040151915
6458485597,6458485357,0.011914059,0.02796903,0.00040680254
6458491855,6458491600,0.012081693,0.02777778,0.0003970487
6458495582,6458495345,0.012407073,0.027895527,0.00038877502
6458503073,6458502836,0.012145603,0.028302303,0.0003813576
6458508065,6458507830,0.011722949,0.028509293,0.00038169298
6458509331,6458509078,0.011578678,0.028383244,0.00038109926
6458518058,6458517817,0.0113839945,0.02796744,0.00038449743
6458520544,6458520314,0.011779769,0.027807985,0.00038652835
6458528043,6458527805,0.012331647,0.028298939,0.00038851326
6458530546,6458530301,0.012290066,0.028043695,0.00039096767
6458538040,6458537792,0.012037769,0.02767797,0.00039183337
6458541770,6458541537,0.01191205,0.027964529,0.00038528861
6458544291,6458544034,0.011397017,0.02820378,0.00038038383
6458551779,6458551525,0.011355194,0.028027004,0.00036769855
6458555501,6458555271,0.011427354,0.028012246,0.0003682242
6458562996,6458562761,0.011611581,0.02811298,0.00037778393
6458565491,6458565258,0.011689642,0.028129147,0.00037762508
6458572986,6458572749,0.011345422,0.027868493,0.00037217798
6458576726,6458576494,0.011415163,0.02770676,0.00036117254
6458579223,6458578991,0.011141039,0.027883176,0.00035419935
6458587968,6458587730,0.011428688,0.028196083,0.0003450122
6458590465,6458590227,0.011453248,0.027999835,0.00034541142
6458597964,6458597721,0.011270859,0.027974416,0.00034248567
6458600444,6458600214,0.011001965,0.028105207,0.000343427
6458607946,6458607705,0.010928238,0.028141508,0.0003464069
6458611761,6458611452,0.011100598,0.028126048,0.00035021492
6458615435,6458615196,0.011281383,0.027970575,0.00035487994
6458621670,6458621438,0.011436045,0.027900042,0.0003590027
6458625416,6458625184,0.011156722,0.028124249,0.0003537085
6458632939,6458632674,0.010613416,0.027859468,0.000337774
6458635407,6458635171,0.010575455,0.027560784,0.00033680236
6458642913,6458642662,0.010463093,0.028031109,0.00033865566
6458646646,6458646407,0.010674107,0.02813497,0.00033459475
6458650380,6458650153,0.0108333165,0.028367145,0.00033131338
6458657875,6458657644,0.011079737,0.028042981,0.0003424149
6458660370,6458660140,0.011037223,0.02786784,0.00034927274
6458667867,6458667631,0.0104188,0.028469952,0.00036051232
6458670356,6458670128,0.01044218,0.028655704,0.00036239746
6458677853,6458677618,0.0107431505,0.028037988,0.0003505328
6458681597,6458681364,0.010597922,0.027812807,0.00033860814
6458685341,6458685109,0.010282531,0.027705705,0.0003235145
6458691586,6458691351,0.010752152,0.028408911,0.00030275105
6458695358,6458695097,0.010293851,0.028584525,0.00029889925
6458702824,6458702591,0.0105083715,0.028197657,0.0002973713
6458705321,6458705084,0.01049634,0.028402727,0.00029916075
6458712814,6458712575,0.010604537,0.028277114,0.00031352034
6458717803,6458717569,0.010068108,0.02782362,0.00031906302
6458720314,6458720066,0.009963512,0.027575728,0.00031853406
6458727789,6458727556,0.010692524,0.02779203,0.00032585976
6458730291,6458730053,0.011027566,0.027909957,0.00033278097
6458737778,6458737544,0.010743169,0.027822688,0.0003407438
6458740276,6458740041,0.010459744,0.02803083,0.00033958085
6458747766,6458747532,0.010331782,0.028229441,0.00034011368
6458751511,6458751277,0.010384238,0.02823534,0.0003381499
6458755268,6458755026,0.010165734,0.028111659,0.00033714485
6458761521,6458761265,0.010505859,0.02787343,0.00033306066
6458765243,6458765010,0.010846593,0.02779217,0.0003256353
6458772739,6458772501,0.010476733,0.028335022,0.00031079794
6458777736,6458777494,0.010287123,0.028252602,0.0003109213
6458782727,6458782488,0.0098939845,0.028121777,0.00031619746
6458787714,6458787482,0.009972717,0.028121488,0.0003157207
6458790213,6458789979,0.010211695,0.028150475,0.00031476116
6458797702,6458797469,0.010599736,0.028229602,0.0003172526
6458800199,6458799966,0.010620811,0.028160358,0.00032207812
6458807699,6458807457,0.01015473,0.02813197,0.00033291345
6458811445,6458811203,0.010028303,0.027969388,0.00033572392
6458817680,6458817445,0.01045062,0.028045557,0.00033121873
6458821428,6458821190,0.010663319,0.028157307,0.00032297862
6458825176,6458824935,0.010688651,0.028397648,0.00031681
6458831414,6458831178,0.010589974,0.027991777,0.0003230267
6458835154,6458834923,0.010402133,0.02786359,0.00032848687
6458842652,6458842414,0.010246166,0.028199382,0.00033754436
6458847646,6458847407,0.010077918,0.027959568,0.0003428799
6458852641,6458852401,0.010732805,0.028282644,0.00034912184
6458857628,6458857395,0.0109373005,0.028544722,0.00035319934
6458860122,6458859891,0.011030473,0.028402124,0.00034925042
6458867629,6458867382,0.010173493,0.027691158,0.0003351746
6458870112,6458869879,0.010011768,0.027572311,0.00033099588
6458877605,6458877370,0.010055731,0.028087799,0.0003225875
6458881348,6458881115,0.010721021,0.028076828,0.0003234369
6458887593,6458887358,0.011482929,0.02842878,0.00031810303
6458891338,6458891103,0.01117037,0.02807158,0.0003151124
6458895080,6458894848,0.010995399,0.027788796,0.00031567615
6458901337,6458901090,0.010049136,0.027823057,0.00032166735
6458905075,6458904836,0.0101060625,0.028081136,0.00032580207
6458912564,6458912327,0.010802976,0.028144157,0.00032634469
6458916311,6458916072,0.011088811,0.028097186,0.00031919772
6458922550,6458922314,0.011042938,0.027826382,0.00030746058
6458927545,6458927308,0.010268414,0.02832245,0.00029845594
6458930043,6458929805,0.010092443,0.028470337,0.0002953923
6458937533,6458937295,0.010709797,0.028230848,0.00029178715
6458940026,6458939792,0.010850581,0.028160678,0.00029021647
6458948765,6458948534,0.010994663,0.027830467,0.0002803355
6458951265,6458951028,0.011239911,0.028046632,0.00028168978
6458957510,6458957271,0.011137504,0.028078625,0.0002925608
6458961311,6458961016,0.010719573,0.028199824,0.00029465515
6458964997,6458964761,0.010451397,0.028230254,0.00029442427
6458972493,6458972255,0.010919167,0.027851531,0.0003017632
6458974980,6458974749,0.011106507,0.027994288,0.00030373796
6458982478,6458982240,0.011618724,0.02819586,0.0003049604
6458987484,6458987234,0.011108427,0.028278876,0.00030946563
6458992489,6458992227,0.011049287,0.027920803,0.00031130033
6458997457,6458997221,0.011276847,0.028084219,0.00030985422
6458999946,6458999718,0.011252994,0.028203044,0.00030716383
6459007453,6459007209,0.011520454,0.028248519,0.00030099825
6459009940,6459009705,0.011379418,0.028111918,0.0003019754
6459017435,6459017198,0.0111473445,0.027962731,0.00030335586
6459021171,6459020941,0.01115686,0.027948972,0.00030072453
6459027419,6459027184,0.0117470315,0.027960747,0.00029907178
6459031165,6459030929,0.011687312,0.028089471,0.0002940545
6459034913,6459034674,0.011803874,0.02808777,0.00029283855
6459042410,6459042165,0.01163055,0.027796872,0.00029432666
6459044891,6459044662,0.011488612,0.02803678,0.0002923693
6459052392,6459052153,0.011438201,0.028229294,0.0002892875
6459057386,6459057146,0.011915797,0.027848234,0.00028376663
6459062377,6459062140,0.012266881,0.027836516,0.00028054987
6459067367,6459067134,0.013064393,0.028173117,0.0002880605
6459069863,6459069631,0.013067739,0.0279043,0.00029221794
6459077361,6459077122,0.011940708,0.027617266,0.00029568764
6459079856,6459079618,0.011414229,0.02775314,0.00029640843
6459087347,6459087109,0.011493637,0.028099556,0.00030690408
6459091083,6459090855,0.011827883,0.02790737,0.00031347404
6459097337,6459097099,0.012574123,0.028206589,0.00031578104
6459101081,6459100842,0.012993542,0.028423123,0.00031603497
6459104815,6459104587,0.01289663,0.028108144,0.0003209598
6459112329,6459112079,0.01227048,0.027524043,0.00031562292
6459114807,6459114575,0.01224048,0.027489152,0.0003116672
6459122310,6459122066,0.012534319,0.028174272,0.00031407052
6459127306,6459127061,0.012790618,0.027925428,0.0003104467
6459132293,6459132056,0.012731775,0.027746286,0.0003047173
6459137301,6459137047,0.012720937,0.027959652,0.000307313
6459139771,6459139544,0.012470409,0.028220482,0.0003100361
6459147277,6459147035,0.013017858,0.027764615,0.00032654282
6459149760,6459149531,0.01295486,0.027654758,0.00033003406
6459157268,6459157025,0.013140828,0.028014889,0.0003400148
6459160998,6459160767,0.013516183,0.028112778,0.00034291839
6459168491,6459168258,0.013073226,0.028172852,0.0003451729
6459170986,6459170756,0.0127363745,0.02838847,0.00034609684
6459174735,6459174500,0.012812188,0.028145436,0.0003460938
6459182231,6459181991,0.0128937885,0.027573826,0.00034389537
6459187219,6459186985,0.013888072,0.027517697,0.0003477471
6459192213,6459191979,0.014285803,0.027699787,0.00035249
6459197212,6459196973,0.013889362,0.027842397,0.0003607817
6459202200,6459201967,0.013596809,0.02791565,0.00036191268
6459207195,6459206960,0.013521076,0.027842864,0.00034913237
6459209685,6459209457,0.013337771,0.027786825,0.00034073216
6459217181,6459216948,0.013997162,0.027681738,0.00033017548
6459220946,6459220693,0.014291482,0.028080564,0.00033743551
6459227192,6459226937,0.014233621,0.028441738,0.0003456903
6459230916,6459230684,0.013555866,0.028338106,0.00034733795
6459238413,6459238172,0.013671097,0.027963623,0.00034628014
6459240901,6459240668,0.013731094,0.02802289,0.00034682872
6459244646,6459244413,0.014476085,0.027708238,0.0003531886
6459252142,6459251904,0.015237423,0.027911326,0.00036953733
6459257141,6459256898,0.014818835,0.027885363,0.00036768542
6459262127,6459261892,0.013592787,0.02816642,0.00035595163
6459267122,6459266886,0.013702479,0.027978461,0.00035624614
6459273367,6459273128,0.014444709,0.027887113,0.0003655233
6459275861,6459275625,0.014600761,0.02774406,0.000370196
6459279607,6459279370,0.01501266,0.027668653,0.0003768923
6459287108,6459286861,0.015588727,0.02767724,0.00038562153
6459290840,6459290606,0.014973464,0.027892519,0.00038475898
6459297086,6459296849,0.014409744,0.027997326,0.00037924046
6459300821,6459300594,0.014314632,0.027988832,0.0003758655
6459308320,6459308085,0.015317526,0.027855733,0.00036833703
6459310813,6459310581,0.015615861,0.02785552,0.00036819524
6459314564,6459314327,0.015756479,0.027867654,0.0003685874
6459322075,6459321817,0.015285902,0.027783034,0.0003656884
6459327050,6459326811,0.014894388,0.027594188,0.00036487752
6459332053,6459331805,0.014863843,0.027862014,0.00036642744
6459337047,6459336799,0.015674574,0.02791488,0.00036910025
6459343278,6459343041,0.0160013,0.027683554,0.00037553822
6459347028,6459346786,0.01579422,0.02773593,0.00037868746
6459349510,6459349283,0.015609533,0.027831363,0.00038110896
6459357011,6459356774,0.015285066,0.027606823,0.0003857847
6459360748,6459360519,0.015564869,0.027511965,0.00038606435
6459366993,6459366761,0.0160793,0.02808147,0.00039237252
6459370741,6459370507,0.016206322,0.028402608,0.0003964938
6459378233,6459377997,0.016229082,0.02815032,0.0003932741
6459381975,6459381742,0.016108971,0.027889604,0.00038618495
6459384481,6459384240,0.015994886,0.02790121,0.0003800996
6459391965,6459391730,0.016224178,0.0276919,0.00036548835
6459395716,6459395475,0.016022194,0.027766522,0.0003642954
6459401956,6459401718,0.016522894,0.02765805,0.00036047923
6459406946,6459406712,0.01677176,0.027907243,0.00035757615
6459413194,6459412957,0.016718537,0.02796438,0.00036338772
6459416955,6459416699,0.016619107,0.027647974,0.00036810676
6459419435,6459419196,0.016354816,0.02776091,0.00037234795
6459426925,6459426690,0.016276758,0.027915858,0.00038832327
6459430699,6459430432,0.016575374,0.027971337,0.00039219155
6459436918,6459436674,0.016941097,0.02781365,0.00039528898
6459440650,6459440419,0.016893607,0.027848342,0.0003914933
6459448144,6459447910,0.016457161,0.028044116,0.00039661024
6459451902,6459451656,0.016788537,0.02814377,0.0004027569
6459454396,6459454153,0.017106576,0.028103659,0.00040463055
6459461889,6459461643,0.017718071,0.027764408,0.00040654678
6459466884,6459466637,0.017352488,0.02784642,0.00040898006
6459473110,6459472879,0.016759884,0.027936647,0.0004206587
6459475609,6459475376,0.016476028,0.027685786,0.00042335567
6459483096,6459482867,0.016723322,0.027501205,0.00042327677
6459486848,6459486612,0.017218467,0.027765874,0.00042641853
6459489344,6459489109,0.01722705,0.02791179,0.0004292719
6459496837,6459496600,0.01768675,0.028068766,0.00043662748
6459500573,6459500345,0.017555794,0.027974145,0.00043366817
6459506834,6459506595,0.017069532,0.02759414,0.0004290326
6459510572,6459510333,0.01693744,0.02784418,0.00042207332
6459518065,6459517824,0.017936787,0.027969722,0.00041745853
6459521803,6459521569,0.017870229,0.02795359,0.0004158188
6459524304,6459524066,0.017942986,0.027781818,0.00041555654
6459531786,6459531556,0.017033175,0.02751103,0.00042424517
6459536785,6459536550,0.016810335,0.02774784,0.00042034558
6459541782,6459541544,0.017244166,0.028056901,0.00042417785
6459546772,6459546538,0.018099101,0.027963927,0.00043066998
6459553009,6459552780,0.01845123,0.027813325,0.00043111338
6459556763,6459556526,0.018476363,0.027734132,0.00042933217
6459559256,6459559022,0.018188303,0.027823422,0.00042944014
6459566747,6459566513,0.017204922,0.02790578,0.00043046728
6459570489,6459570259,0.016899498,0.027883243,0.00042946986
6459577985,6459577749,0.017760357,0.027618857,0.00042409354
6459580497,6459580246,0.017970482,0.027630499,0.00041813048
6459587970,6459587736,0.017661681,0.027371861,0.00040954762
6459591730,6459591482,0.017758751,0.027211266,0.0004101795
6459596712,6459596476,0.017941013,0.02783045,0.00041713906
6459601707,6459601470,0.01773345,0.027908036,0.00042271876
6459606697,6459606464,0.017798226,0.027592652,0.00042207728
6459612951,6459612705,0.018551491,0.027464649,0.00041796122
6459617930,6459617700,0.018313864,0.02768216,0.0004202352
6459622933,6459622693,0.018366419,0.027974784,0.00042480705
6459626676,6459626438,0.018039871,0.028031647,0.00042828696
6459630424,6459630184,0.017805336,0.027900275,0.00042786993
6459636660,6459636426,0.017805023,0.027844014,0.00042478254
6459640398,6459640171,0.01798238,0.027834633,0.00042462774
6459647901,6459647662,0.01781793,0.027939232,0.00042064645
6459650392,6459650159,0.017587313,0.027967693,0.00041798205
6459657891,6459657650,0.017483871,0.027961172,0.0004177949
6459661634,6459661395,0.017714579,0.027939599,0.00041787582
6459666629,6459666389,0.018211097,0.027638007,0.00041250465
6459671617,6459671383,0.018575588,0.027737051,0.00040990973
6459675357,6459675128,0.018374342,0.027833719,0.00041397827
6459682846,6459682619,0.017629782,0.027519066,0.0004193586
6459687846,6459687613,0.017083155,0.027716024,0.00041881404
6459692834,6459692606,0.017250383,0.027706426,0.00041687035
6459696604,6459696352,0.017687129,0.027636182,0.0004200628
6459700329,6459700097,0.018223187,0.027767885,0.00041988614
6459706582,6459706339,0.018735345,0.027993744,0.0004142179
6459710329,6459710085,0.018549478,0.028005872,0.00041374948
6459717812,6459717575,0.017512655,0.027806984,0.00042124148
6459720320,6459720072,0.017425168,0.027820233,0.0004205125
6459727807,6459727565,0.017168697,0.027481481,0.00040987635
6459731544,6459731308,0.017993951,0.027438592,0.00040934727
6459736541,6459736302,0.01832519,0.027550967,0.00041272797
6459741534,6459741296,0.018319232,0.02769119,0.000412499
6459746523,6459746289,0.018202921,0.027848147,0.00040854316
6459752769,6459752531,0.017203582,0.028051,0.0003991985
6459756512,6459756277,0.017279403,0.027856441,0.00039867326
6459762751,6459762519,0.01793925,0.027900899,0.000391844
6459766501,6459766265,0.01818311,0.027576976,0.0003879835
6459770269,6459770025,0.017980762,0.027537912,0.00038456506
6459776489,6459776254,0.017705606,0.027679022,0.00038781777
6459780228,6459779998,0.017123595,0.027637858,0.000394593
6459787727,6459787488,0.017323988,0.028009918,0.00041344567
6459791475,6459791234,0.017521746,0.028040256,0.00042166474
6459797713,6459797476,0.017690293,0.027568614,0.0004287914
6459801457,6459801221,0.017616449,0.027342556,0.00042803763
6459806450,6459806215,0.01746127,0.027734142,0.0004206294
6459811485,6459811209,0.01735553,0.027896736,0.00041882286
6459815192,6459814954,0.017115897,0.02795336,0.00042339112
6459822677,6459822444,0.017093841,0.027767027,0.00043020878
6459826442,6459826190,0.017269015,0.027866641,0.00042970854
6459832662,6459832433,0.017316656,0.028160527,0.00042775317
6459836418,6459836178,0.017414385,0.028160881,0.0004234804
6459840151,6459839923,0.016928265,0.027975274,0.00042322028
6459846405,6459846166,0.016576918,0.027658837,0.00042139558
6459850141,6459849910,0.016880542,0.027808685,0.0004140755
6459857635,6459857401,0.017235735,0.027708745,0.0003982799
6459861382,6459861147,0.017458575,0.027710145,0.00038720883
6459867625,6459867391,0.016699212,0.027261892,0.00037284728
6459871372,6459871134,0.016668908,0.027447198,0.0003670817
6459876360,6459876128,0.016960394,0.02801139,0.00036920706
6459881359,6459881122,0.01716745,0.027944906,0.00037825858
6459886359,6459886116,0.016940048,0.02780427,0.00038116475
6459892586,6459892358,0.016808791,0.027561879,0.00037980045
6459896351,6459896103,0.01665408,0.027599571,0.00037911718
6459902575,6459902345,0.01633278,0.027592031,0.0003725005
6459907577,6459907342,0.016194064,0.02780583,0.00036666283
6459910067,6459909836,0.016643742,0.027790545,0.0003644486
6459916324,6459916078,0.0169683,0.027774306,0.00036513698
6459920072,6459919824,0.016993344,0.027932988,0.00036636676
6459927544,6459927314,0.016053095,0.028164592,0.00036681085
6459931315,6459931060,0.015655907,0.027806425,0.0003686396
6459936308,6459936055,0.015562934,0.027563872,0.00036477752
6459941292,6459941048,0.016013548,0.027661357,0.00037026705
6459945041,6459944796,0.01667168,0.027766567,0.00037632236
6459951271,6459951035,0.016170857,0.02759332,0.000381746
6459956271,6459956029,0.01586562,0.027854469,0.0003892843
6459962502,6459962271,0.015402009,0.028075235,0.00039372608
6459966258,6459966016,0.015440412,0.027895845,0.00039128342
6459972492,6459972259,0.015672028,0.027692623,0.0003843003
6459976245,6459976004,0.015607736,0.027665613,0.00038292704
6459979978,6459979749,0.015774542,0.028046226,0.00037995842
6459987488,6459987240,0.015445795,0.027804982,0.0003831265
6459989966,6459989737,0.01549205,0.027724432,0.000385924
6459997465,6459997228,0.015246804,0.027691279,0.00039028784
6460001209,6460000973,0.015599405,0.027937654,0.00038877857
6460004966,6460004718,0.015867442,0.027823228,0.00038477383
6460011196,6460010960,0.01519197,0.027772803,0.00038279023
6460016190,6460015954,0.014769717,0.027597327,0.00038686866
6460022453,6460022196,0.013967914,0.027411193,0.00038794754
6460026178,6460025942,0.014310848,0.027557654,0.0003904384
6460032416,6460032184,0.015394643,0.027861068,0.00039790524
6460036166,6460035930,0.0154714985,0.028069293,0.00040212818
6460039914,6460039674,0.015363425,0.027973643,0.00040352048
6460046156,6460045917,0.014849403,0.02794134,0.00040035424
6460049890,6460049662,0.014605638,0.02793216,0.0003950217
6460057386,6460057153,0.014178727,0.02790142,0.00038357577
6460059875,6460059650,0.014415654,0.0277191,0.00038307495
6460067377,6460067141,0.015143756,0.02799732,0.00037807194
6460071128,6460070886,0.014699361,0.02785895,0.00037629504
6460076109,6460075879,0.014652808,0.027758269,0.00037639323
6460081108,6460080873,0.014181937,0.02811544,0.00038736867
6460086104,6460085867,0.013806547,0.027896263,0.00039427014
6460092338,6460092109,0.014419677,0.027912706,0.00039624638
6460094837,6460094606,0.014318763,0.027880868,0.00039426304
6460102332,6460102098,0.014102793,0.028108131,0.0003877256
6460106086,6460105842,0.013643544,0.028207768,0.00039126832
6460112320,6460112084,0.013457233,0.027800879,0.00039994813
6460116064,6460115830,0.013701803,0.027709758,0.00040529075
6460119813,6460119575,0.014151767,0.027838852,0.00041227788
6460127310,6460127066,0.0141701745,0.028084086,0.00041738295
6460129799,6460129563,0.014039265,0.02811329,0.00041462106
6460137307,6460137054,0.013281672,0.027885657,0.00039803222
6460141053,6460140799,0.012814103,0.027621886,0.00039698408
6460146029,6460145793,0.0127148265,0.02765116,0.00039699048
6460151024,6460150786,0.013099923,0.027814446,0.00039465976
6460154760,6460154532,0.013565307,0.027780164,0.00038913754
6460162278,6460162025,0.013679536,0.027780922,0.00038529446
6460166004,6460165768,0.013163556,0.027778428,0.00038531743
6460172262,6460172010,0.012695515,0.027715977,0.000386528
6460175990,6460175755,0.012780046,0.0277287,0.0003885591
6460183488,6460183250,0.013163003,0.027758129,0.00039171957
6460185997,6460185743,0.013149536,0.027899368,0.00038909938
6460189725,6460189490,0.013429217,0.027940217,0.00038507258
6460197216,6460196980,0.012755434,0.027722778,0.00037852672
6460200971,6460200725,0.012315584,0.027782183,0.000381446
6460207200,6460206967,0.012327199,0.02771295,0.0003775648
6460210966,6460210712,0.012500462,0.027729446,0.00037028178
6460215943,6460215706,0.01242235,0.027790075,0.00036091945
6460220945,6460220699,0.01236841,0.028142827,0.00035375188
6460225978,6460225693,0.012364343,0.028151043,0.0003518557
6460232167,6460231936,0.012116743,0.028029304,0.0003522771
6460235926,6460235681,0.011970515,0.027982304,0.00035719638
6460242156,6460241923,0.012035439,0.027938347,0.00036508308
6460245907,6460245669,0.012219539,0.028083315,0.00036857298
6460253411,6460253159,0.012335255,0.027773052,0.0003774712
6460255899,6460255657,0.012257185,0.0276742,0.0003799474
6460259631,6460259401,0.012066193,0.027811073,0.00038631476
6460267123,6460266892,0.011467828,0.028273307,0.0003913387
6460270877,6460270637,0.011559997,0.028191892,0.0003907968
6460277118,6460276880,0.011924794,0.027748566,0.00038636295
6460280863,6460280625,0.012122263,0.027626725,0.00037751376
6460285861,6460285619,0.011683084,0.028040737,0.0003664564
6460290849,6460290612,0.011229905,0.028141182,0.00035898786
6460295842,6460295607,0.011217634,0.027798023,0.00035885224
6460302083,6460301848,0.011467829,0.028005041,0.00037024514
6460305832,6460305594,0.011797347,0.028015196,0.0003747385
6460312077,6460311836,0.011314129,0.028066672,0.00037441595
6460315820,6460315582,0.011124797,0.028206656,0.000372868
6460323313,6460323072,0.011329512,0.028021144,0.0003647557
6460325816,6460325569,0.011397163,0.028091388,0.0003613467
6460329557,6460329317,0.011316198,0.028247913,0.00035933303
6460337043,6460336805,0.011045687,0.02809537,0.0003575939
6460340794,6460340550,0.011261698,0.02732642,0.0003543867
6460347026,6460346793,0.011338261,0.027426094,0.00034833688
6460350767,6460350538,0.010637879,0.027871886,0.00034956323
6460355765,6460355532,0.010195556,0.028212504,0.00034662866
6460362006,6460361774,0.010782526,0.027943645,0.00034598686
6460364505,6460364271,0.010879635,0.02799883,0.00034262892
6460371992,6460371762,0.010917796,0.027760912,0.00033530316
6460375747,6460375507,0.011103519,0.027523626,0.00033347082
6460381989,6460381749,0.0102399355,0.028017713,0.00033294488
6460385727,6460385495,0.009799645,0.027878826,0.00033365155
6460393215,6460392985,0.010335455,0.02807052,0.00033243178
6460396978,6460396731,0.010760833,0.027891597,0.00033564842
6460399471,6460399228,0.011014328,0.02811967,0.0003387555
6460406958,6460406718,0.010945058,0.028266765,0.00034972257
6460410697,6460410463,0.010669388,0.027953515,0.00035430107
6460414451,6460414209,0.010020207,0.02792102,0.00034694848
6460420684,6460420451,0.009475378,0.028035067,0.00033926184
6460425681,6460425445,0.009952313,0.028225096,0.00033474978
6460431925,6460431687,0.010488557,0.028214606,0.0003341358
6460436933,6460436681,0.010571893,0.028050352,0.00033643516
6460441912,6460441675,0.010197675,0.027702786,0.00032790855
6460445656,6460445421,0.010004332,0.027708305,0.0003200888
6460451889,6460451662,0.009649084,0.02749723,0.0003209765
6460455645,6460455408,0.010025375,0.027519064,0.0003246867
6460463130,6460462898,0.010723198,0.028583957,0.00033371302
6460466877,6460466644,0.01024405,0.028351635,0.00033751188
6460469373,6460469141,0.010322804,0.028188543,0.00034026967
6460476859,6460476631,0.009966664,0.027927646,0.00034810478
6460480612,6460480376,0.009859251,0.028050257,0.0003513642
6460485606,6460485371,0.010019477,0.02794979,0.0003489839
6460490602,6460490365,0.010038332,0.02811348,0.0003395496
6460494340,6460494109,0.009878389,0.02775195,0.0003375665
6460501832,6460501600,0.009582027,0.027901536,0.0003471615
6460506826,6460506594,0.0090636825,0.027963653,0.0003454856
6460511819,6460511588,0.009069886,0.027829472,0.00033932214
6460515575,6460515333,0.009820959,0.02762318,0.00033440327
6460521803,6460521575,0.010174039,0.028130502,0.0003248115
6460525555,6460525321,0.010177386,0.028356178,0.0003203696
6460533047,6460532811,0.009725763,0.028292263,0.000315801
6460536792,6460536557,0.0094737355,0.028192285,0.00032017805
6460539298,6460539053,0.009355206,0.028077867,0.0003208207
6460546783,6460546545,0.009737161,0.027678978,0.00031993544
6460550527,6460550290,0.009957157,0.02774033,0.00031334083
6460556766,6460556532,0.0098856315,0.028292047,0.00030262728
6460560512,6460560277,0.009858898,0.02822699,0.00029556247
6460565504,6460565271,0.009279218,0.027654637,0.00028671193
6460571745,6460571513,0.009540394,0.027657723,0.00028298373
6460575492,6460575258,0.009821135,0.027875302,0.0002856271
6460581734,6460581506,0.009822309,0.028077519,0.00028326904
6460585497,6460585246,0.009884794,0.028163897,0.00028502825
6460592977,6460592737,0.009483687,0.028103307,0.00029334615
6460595477,6460595234,0.00945962,0.028070996,0.0002941501
6460602956,6460602724,0.009809706,0.028103583,0.00029534608
6460606714,6460606470,0.010248597,0.028085355,0.0002960237
6460610462,6460610215,0.010492344,0.02811871,0.0002962366
6460616691,6460616458,0.0101182815,0.027861483,0.00029636623
6460620447,6460620203,0.0095065385,0.027961938,0.00029488953
6460625430,6460625197,0.009270817,0.028132454,0.00028947234
6460630426,6460630190,0.0094410805,0.027833153,0.0002862681
6460637914,6460637681,0.010246867,0.027712218,0.00029073824
6460641660,6460641427,0.0104769785,0.02777093,0.00029208625
6460645417,6460645172,0.010487209,0.027938863,0.00029504707
6460651654,6460651414,0.010043328,0.027717285,0.00029958898
6460655391,6460655159,0.0097364485,0.027951228,0.00029952524
6460662877,6460662650,0.009460447,0.027803179,0.00028726464
6460665387,6460665147,0.009541108,0.027999062,0.00028224685
6460672874,6460672637,0.010592347,0.028058847,0.0002700149
6460676617,6460676383,0.010595709,0.028045958,0.0002703398
6460680381,6460680129,0.010408387,0.027842768,0.00027321125
6460686602,6460686371,0.009653473,0.028060958,0.00027430613
6460690364,6460690120,0.009503503,0.02808504,0.0002734416
6460695376,6460695111,0.009691166,0.027964268,0.00027660507
6460700340,6460700103,0.009907282,0.0275191,0.00028998213
6460705333,6460705097,0.010343707,0.028094996,0.00030958222
6460711569,6460711339,0.009925055,0.028095048,0.00031498176
6460715323,6460715086,0.009852538,0.02814882,0.00030821757
6460721561,6460721327,0.009751423,0.027959414,0.00030013282
6460725314,6460725072,0.010082814,0.027899537,0.00030295935
6460732792,6460732563,0.010712565,0.027592309,0.00031018464
6460735301,6460735060,0.010749116,0.027822528,0.00031587266
6460742782,6460742550,0.010399544,0.02829213,0.0003234358
6460746530,6460746297,0.010214485,0.028359894,0.0003181678
6460750286,6460750041,0.010252143,0.028127687,0.00031049986
6460755280,6460755035,0.010853524,0.028261,0.00030262797
6460760268,6460760029,0.011129043,0.027952608,0.00029947568
6460765263,6460765025,0.010684089,0.027557358,0.00029772884
6460771497,6460771265,0.0102331005,0.027795166,0.000292802
6460775254,6460775010,0.010317589,0.028057069,0.00029361757
6460781532,6460781254,0.010340605,0.028124586,0.00029133813
6460785235,6460784998,0.010378904,0.028161515,0.00028797216
6460791485,6460791240,0.01116453,0.027776763,0.00028295311
6460795219,6460794986,0.011473499,0.027568413,0.00027954727
6460802721,6460802476,0.010958604,0.027472425,0.0002715485
6460806465,6460806222,0.010585204,0.027952928,0.0002718384
6460812717,6460812464,0.010710174,0.028314762,0.0002701206
6460816443,6460816209,0.011188975,0.028113784,0.0002659723
6460820188,6460819955,0.011425285,0.02793976,0.00026190802
6460825183,6460824948,0.011512167,0.02820382,0.0002609352
6460830178,6460829942,0.011108937,0.027920142,0.0002583366
6460835170,6460834936,0.010737001,0.02776299,0.0002570389
6460841425,6460841178,0.011253233,0.027969617,0.00026494163
6460847652,6460847420,0.011593579,0.028093308,0.00027991447
6460851397,6460851166,0.011513966,0.028047325,0.00028245454
6460855165,6460854911,0.011675555,0.027786154,0.00028102906
6460861386,6460861153,0.011535926,0.027671615,0.00028014593
6460865141,6460864899,0.011505112,0.027920311,0.00028121716
6460872619,6460872389,0.011339239,0.028014474,0.00028879626
6460876373,6460876135,0.011588095,0.027686875,0.00029221564
6460882605,6460882377,0.012409407,0.027745398,0.00029772034
6460886361,6460886122,0.012523041,0.027761353,0.00030650682
6460890097,6460889867,0.012337399,0.027816206,0.00031403542
6460896344,6460896110,0.011531385,0.027514951,0.00031007265
6460900099,6460899855,0.01128577,0.027564175,0.00030404667
6460905085,6460904849,0.011705887,0.027447525,0.0002951006
6460911328,6460911091,0.01243639,0.027868656,0.00028585538
6460917559,6460917333,0.012495866,0.02817564,0.00029164122
6460921317,6460921079,0.012237751,0.02827842,0.0002953704
6460925060,6460924824,0.011985885,0.028031928,0.00029762514
6460931305,6460931066,0.0120974,0.027583824,0.0002984593
6460935050,6460934811,0.012497367,0.0274581,0.00029272572
6460942534,6460942302,0.013420809,0.02804294,0.00028579158
6460946293,6460946048,0.013220495,0.028086217,0.00028888075
6460952523,6460952290,0.012537554,0.028124342,0.00029810463
6460956273,6460956035,0.012371082,0.028324192,0.00030349276
6460960010,6460959780,0.0123270815,0.027883312,0.00030554953
6460966260,6460966022,0.012852271,0.027663026,0.0002978697
6460970006,6460969773,0.013173787,0.027659947,0.0002886223
6460977488,6460977258,0.013066541,0.02773023,0.00027912363
6460981238,6460981004,0.012655288,0.027597083,0.0002844406
6460985040,6460984751,0.012436625,0.027716624,0.00029362796
6460991223,6460990991,0.012563066,0.027700437,0.00030949773
6460994974,6460994737,0.013270602,0.027579883,0.00031380265
6461002481,6461002235,0.01386641,0.027678274,0.0003236046
6461004967,6461004725,0.0139369825,0.027749429,0.00032555353
6461012449,6461012215,0.013348724,0.027903253,0.0003227422
6461016224,6461015962,0.013070977,0.028147193,0.0003241335
6461022439,6461022203,0.013472599,0.027811835,0.00032696713
6461026184,6461025949,0.013903265,0.027946075,0.00033097804
6461029933,6461029693,0.014042175,0.028313287,0.00033700274
6461037429,6461037184,0.014032643,0.02781999,0.00034530577
6461039920,6461039681,0.013856269,0.027409347,0.00034999484
6461044916,6461044675,0.013566417,0.027523262,0.0003573799
6461051148,6461050917,0.01363719,0.028055571,0.00036312253
6461057391,6461057159,0.01422673,0.027853398,0.0003725222
6461061138,6461060904,0.014473542,0.027601529,0.0003788408
6461064887,6461064650,0.014569189,0.027707368,0.0003798837
6461072375,6461072144,0.014783347,0.027579175,0.00036280623
6461074883,6461074638,0.01465503,0.027861882,0.00035712318
6461082358,6461082129,0.014045662,0.027902469,0.00034653628
6461086121,6461085873,0.01405851,0.0277906,0.00034361033
6461092349,6461092116,0.014662588,0.027726565,0.00033795097
6461096106,6461095865,0.015183701,0.027895208,0.00033542252
6461099849,6461099610,0.015179526,0.028277103,0.00033776177
6461104835,6461104600,0.014563437,0.027786026,0.00034224085
6461111081,6461110842,0.014191129,0.027545374,0.00034188275
6461117323,6461117085,0.014594227,0.027396774,0.0003356075
6461121059,6461120830,0.015329725,0.027775062,0.0003359371
6461124824,6461124576,0.015697967,0.028009081,0.00033367414
6461131097,6461130817,0.015718356,0.02808455,0.0003315616
6461134798,6461134564,0.015218506,0.027983176,0.00033450857
6461142290,6461142056,0.014414388,0.02811028,0.00033491282
6461144788,6461144551,0.014493907,0.028164204,0.0003329322
6461152285,6461152041,0.015686031,0.027848806,0.00032068518
6461156024,6461155786,0.015734643,0.027806098,0.00032092596
6461162316,6461162034,0.015606744,0.027816193,0.00033506536
6461166008,6461165775,0.015462918,0.02790212,0.00034678547
6461169760,6461169521,0.015115648,0.028044648,0.00035673394
6461174750,6461174513,0.015314694,0.02771556,0.00036161012
6461180993,6461180756,0.015939943,0.028018182,0.00036092635
6461187233,6461186998,0.01609566,0.027800374,0.00035086458
6461190972,6461190743,0.015971582,0.02764998,0.00034522475
6461198485,6461198234,0.01580984,0.027650528,0.00033708822
6461200973,6461200731,0.015733179,0.027796734,0.0003342667
6461204715,6461204477,0.015483525,0.02789564,0.00033147572
6461212200,6461211967,0.016247282,0.02760262,0.00032596986
6461215953,6461215713,0.016441109,0.027524512,0.00031982764
6461222185,6461221955,0.016198851,0.027456433,0.00030889933
6461225937,6461225700,0.01596584,0.027761769,0.00030425892
6461234675,6461234439,0.01641172,0.027602907,0.00030239113
6461235925,6461235688,0.016438533,0.027524136,0.00030061012
6461239671,6461239433,0.016516758,0.027655268,0.00029866234
6461247157,6461246923,0.016640842,0.027647855,0.0003063655
6461250908,6461250668,0.016316747,0.027744386,0.00030959933
6461254649,6461254414,0.016522905,0.027777193,0.00031365533
6461260903,6461260656,0.016267274,0.028154714,0.00032210455
6461268380,6461268147,0.016265118,0.027514055,0.0003382733
6461270874,6461270644,0.016416088,0.027555073,0.00034125545
6461274622,6461274389,0.01677267,0.027509233,0.00034602318
6461282108,6461281880,0.016905313,0.027351206,0.00036594697
6461285858,6461285626,0.016490784,0.027486017,0.00037676524
6461292100,6461291867,0.017132737,0.027911803,0.00038423462
6461295848,6461295613,0.017062047,0.027935904,0.00038146068
6461303342,6461303104,0.017102836,0.027615609,0.0003652311
6461305830,6461305600,0.017127125,0.027566068,0.00036395344
6461309584,6461309346,0.017209291,0.027518997,0.00036736333
6461317068,6461316836,0.017023643,0.028010234,0.00038435342
6461320813,6461320582,0.016566077,0.02782078,0.00038809143
6461325809,6461325576,0.016403168,0.027954964,0.000392627
6461330797,6461330569,0.01676153,0.027671112,0.00039152693
6461338302,6461338061,0.017394183,0.027305193,0.00038362693
6461340787,6461340557,0.017127184,0.02737297,0.00038290137
6461344537,6461344302,0.017001241,0.027448716,0.00038184098
6461352034,6461351793,0.016943825,0.02743801,0.00039180354
6461355769,6461355538,0.016948089,0.027602144,0.00039998908
6461362019,6461361781,0.017258994,0.027972478,0.0004069291
6461365797,6461365526,0.017821098,0.027840896,0.00040511574
6461374501,6461374265,0.017805992,0.02768911,0.00039511238
6461375747,6461375514,0.017687105,0.027750395,0.00039447172
6461379503,6461379264,0.017301587,0.027561998,0.0003942562
6461386994,6461386749,0.017203804,0.027771335,0.00039977068
6461390725,6461390495,0.017843219,0.02750048,0.0003993133
6461396984,6461396737,0.018092433,0.027788313,0.00039331778
6461400715,6461400482,0.018021077,0.028137663,0.00038618356
6461405711,6461405477,0.017855614,0.027733263,0.00038327122
6461411962,6461411719,0.017326571,0.027396007,0.00039713038
6461414451,6461414216,0.017343359,0.027679391,0.00039954245
6461421938,6461421706,0.017043086,0.027776653,0.00040349478
6461425688,6461425451,0.017506594,0.027740618,0.00040596302
6461431928,6461431693,0.01775967,0.027613973,0.00039711068
6461435672,6461435439,0.017624106,0.02750456,0.00039048062
6461443159,6461442929,0.017607028,0.02766981,0.0003967412
6461446915,6461446675,0.017559594,0.027798468,0.00040156528
6461449406,6461449172,0.01745158,0.027821533,0.0004031357
6461456890,6461456662,0.017798034,0.027592123,0.00040088798
6461460641,6461460408,0.017641367,0.027792897,0.00039670378
6461466877,6461466650,0.01742063,0.027843881,0.00040571456
6461470628,6461470395,0.017542113,0.027771698,0.0004104537
6461474373,6461474141,0.017637348,0.027478997,0.00040626834
6461481857,6461481631,0.017675543,0.02738506,0.00039745765
6461484372,6461484129,0.017723802,0.027394181,0.00039655686
6461491852,6461491619,0.018258097,0.027814088,0.000393961
6461495601,6461495365,0.018217646,0.027979495,0.00039513444
6461501834,6461501607,0.017752254,0.027670877,0.00040069292
6461505582,6461505352,0.017374182,0.027882587,0.00040386475
6461513084,6461512842,0.01755319,0.027782151,0.00040433113
6461516816,6461516588,0.017436247,0.027763026,0.00040578403
6461519339,6461519086,0.017596537,0.027455918,0.000406838
6461526804,6461526575,0.017864186,0.027916577,0.00040291093
6461530560,6461530325,0.017647548,0.02764631,0.00040820352
6461536806,6461536563,0.017226007,0.02749156,0.00042089983
6461540545,6461540309,0.017448127,0.027287947,0.00042237766
6461548029,6461547799,0.017295763,0.027817527,0.00041929193
6461551777,6461551544,0.01706337,0.028095687,0.0004211858
6461555523,6461555290,0.01739371,0.027670452,0.0004234641
6461561765,6461561532,0.017496578,0.027310608,0.00042641337
6461565510,6461565278,0.017143335,0.027341865,0.00043026966
6461574258,6461574016,0.01743726,0.027449332,0.0004304361
6461575503,6461575265,0.017514661,0.027470453,0.00042887894
6461584238,6461584004,0.017802324,0.027846834,0.00042449633
6461586744,6461586501,0.017429257,0.027978135,0.0004241961
6461590489,6461590246,0.017262364,0.027779965,0.00042205595
6461596724,6461596489,0.017313646,0.027566642,0.00041684182
6461600507,6461600235,0.017000793,0.027477706,0.00041368336
6461607961,6461607725,0.017045764,0.027863966,0.0004179099
6461610454,6461610222,0.017336113,0.027913146,0.00042234216
6461617945,6461617712,0.01674437,0.02785345,0.0004292384
6461621687,6461621457,0.016296403,0.027487367,0.0004274659
6461625455,6461625203,0.01662201,0.027518863,0.00042774063
6461631687,6461631445,0.016810864,0.027567813,0.00043444554
6461635425,6461635191,0.017185204,0.027511831,0.00043088553
6461644167,6461643930,0.016794577,0.027427029,0.00042669973
6461645419,6461645178,0.016843181,0.02748146,0.00042689062
6461652902,6461652669,0.017395103,0.027788183,0.00042481328
6461656642,6461656414,0.016898753,0.027568424,0.0004229233
6461660403,6461660160,0.01623196,0.027616596,0.00041942458
6461666630,6461666401,0.016250044,0.027770322,0.00041760813
6461670378,6461670148,0.016586218,0.027595848,0.000416787
6461677874,6461677638,0.016953452,0.027684243,0.00041250445
6461680369,6461680139,0.016631084,0.027731365,0.00041088657
6461687864,6461687625,0.016099969,0.027844032,0.00041129842
6461691604,6461691371,0.016258001,0.027625449,0.00040735822
6461695356,6461695116,0.01639597,0.027649455,0.00040600882
6461701584,6461701358,0.01652351,0.027529484,0.00040876213
6461705378,6461705104,0.016610943,0.027403232,0.00040634937
6461714095,6461713843,0.015845038,0.02763003,0.00040237908
6461715331,6461715091,0.015787233,0.02771748,0.00040438466
6461724073,6461723830,0.016129961,0.027853701,0.00041251164
6461726564,6461726333,0.016511703,0.027747909,0.0004114983
6461730310,6461730073,0.016820453,0.027809104,0.00040723145
6461736544,6461736315,0.016583035,0.027826307,0.00040465215
6461740296,6461740060,0.016104229,0.027596474,0.00041167138
6461747783,6461747551,0.015541563,0.027659453,0.00043003727
6461750289,6461750048,0.015496587,0.027703278,0.0004307064
6461757768,6461757538,0.016003024,0.027951837,0.0004137074
6461761516,6461761284,0.016288027,0.027737878,0.00040291817
6461765271,6461765029,0.016036112,0.027969517,0.00039509722
6461771524,6461771274,0.015220231,0.027717028,0.00038512505
6461775261,6461775017,0.01467733,0.027534464,0.0003845128
6461783991,6461783756,0.014760209,0.027661502,0.00038496236
6461785239,6461785004,0.014997588,0.027740838,0.00038261578
6461792729,6461792495,0.01562252,0.027534615,0.00037280805
6461796500,6461796240,0.015652968,0.02758884,0.00037264958
6461800221,6461799985,0.01555283,0.027732197,0.0003731257
6461806465,6461806228,0.015317365,0.02739663,0.0003778871
6461810210,6461809974,0.015099335,0.027394613,0.0003822844
6461817693,6461817464,0.014729366,0.027887318,0.00038999872
6461821456,6461821213,0.014805245,0.02784444,0.00039651513
6461827689,6461827452,0.014955909,0.027963571,0.00040399714
6461831430,6461831197,0.014674851,0.027897624,0.0004063737
6461835186,6461834945,0.014343756,0.027937725,0.00041184758
6461841418,6461841185,0.014258562,0.027571963,0.0004165315
6461845186,6461844930,0.014440996,0.02754372,0.00041371307
6461853914,6461853669,0.014847063,0.02802089,0.0004127722
6461856406,6461856166,0.014942445,0.027865697,0.00041257188
6461863901,6461863657,0.0141771315,0.027533848,0.0004104309
6461866381,6461866153,0.013845051,0.027357403,0.00040715776
6461870145,6461869899,0.013722648,0.027191257,0.0004060967
6461876370,6461876141,0.014558797,0.02728337,0.0004081543
6461880116,6461879886,0.014482933,0.027575655,0.0004048005
6461887616,6461887377,0.013843303,0.027761225,0.00039936078
6461891366,6461891122,0.013553128,0.028109975,0.00039729787
6461895112,6461894868,0.013248185,0.028064506,0.0003947492
6461901349,6461901110,0.013309931,0.027894866,0.00039178788
6461905087,6461904855,0.0135881845,0.02760786,0.00038829225
6461911332,6461911098,0.013973663,0.027394153,0.000375393
6461915089,6461914843,0.0136538455,0.027611999,0.00037181398
6461923820,6461923582,0.01299358,0.027677082,0.00038225262
6461926311,6461926079,0.013207536,0.027591802,0.00038859833
6461933804,6461933570,0.01354477,0.027785841,0.00039349493
6461936312,6461936066,0.013504092,0.027969193,0.00038768115
6461940044,6461939812,0.0136934975,0.028008016,0.0003820038
6461946301,6461946054,0.013862954,0.02783618,0.000381146
6461950030,6461949799,0.013399103,0.027738068,0.0003876852
6461957524,6461957290,0.012513742,0.027715165,0.00039872425
6461961286,6461961036,0.012658233,0.027505761,0.00039546454
6461967508,6461967278,0.013096504,0.02770026,0.00038489816
6461971265,6461971026,0.01371923,0.028075488,0.0003873297
6461974998,6461974768,0.013592734,0.028003225,0.00038971024
6461983739,6461983508,0.012129989,0.02732056,0.00037601375
6461984993,6461984756,0.012147484,0.02723092,0.0003730004
6461993730,6461993495,0.012287635,0.027639193,0.00036027507
6461996222,6461995992,0.012352219,0.027777227,0.0003617748
6462003717,6462003482,0.01260158,0.02829739,0.00036438406
6462006210,6462005979,0.012953313,0.027980344,0.00036608265
6462009958,6462009725,0.012773609,0.027836813,0.00036847388
6462017460,6462017216,0.012445502,0.02781994,0.0003687618
6462019953,6462019712,0.012233793,0.02791837,0.0003688951
6462027437,6462027204,0.011835043,0.027816078,0.00037417287
6462031185,6462030948,0.0118727535,0.027414555,0.00037623942
6462037442,6462037191,0.012387623,0.027673474,0.00037585365
6462041166,6462040937,0.012333816,0.027865719,0.00036746918
6462044937,6462044683,0.011942581,0.027896916,0.00036151556
6462053657,6462053421,0.012125837,0.027815461,0.00034938357
6462054904,6462054669,0.012262239,0.0276955,0.00034745375
6462062395,6462062160,0.0123910215,0.028148357,0.0003494687
6462066137,6462065905,0.012343112,0.028178964,0.00035251817
6462073630,6462073396,0.01102855,0.027550222,0.0003450656
6462076123,6462075892,0.010879567,0.027640374,0.0003430207
6462079876,6462079638,0.011118129,0.027822072,0.00033741927
6462087364,6462087131,0.01202099,0.02798639,0.00033519667
6462089860,6462089625,0.011997203,0.027841052,0.00033695437
6462097370,6462097116,0.012282881,0.027801102,0.00034312153
6462101107,6462100861,0.011630855,0.027816067,0.0003429778
6462107341,6462107104,0.011042142,0.028080914,0.00034532565
6462111085,6462110849,0.0110412855,0.028177677,0.0003435956
6462114830,6462114595,0.010813283,0.028159311,0.00033887828
6462123569,6462123334,0.01159958,0.027489485,0.00032853032
6462124890,6462124584,0.01166508,0.027518211,0.00032729426
6462133558,6462133321,0.011343854,0.028252136,0.00031803318
6462136052,6462135818,0.010898515,0.028174216,0.00031367817
6462142300,6462142060,0.010750934,0.027757423,0.0003077392
6462146036,6462145806,0.011070398,0.027574997,0.00030716075
6462149784,6462149551,0.011286319,0.027516715,0.00030892613
6462157284,6462157042,0.011586067,0.02768674,0.00031230043
6462161018,6462160787,0.011556308,0.028066903,0.0003123102
6462167269,6462167029,0.011111898,0.028024694,0.00031046956
6462171006,6462170775,0.010828601,0.027864601,0.00030763712
6462178499,6462178265,0.011034313,0.027820349,0.00028923046
6462180990,6462180762,0.0110335,0.027796807,0.0002856702
6462184738,6462184507,0.010889197,0.027776033,0.00028053066
6462193495,6462193247,0.010742985,0.027948761,0.00027611674
6462195974,6462195743,0.01081732,0.02804449,0.00028157115
6462203480,6462203234,0.010193119,0.028034275,0.0002894352
6462205963,6462205731,0.010471639,0.02793615,0.00028962948
6462213465,6462213222,0.011562161,0.02750545,0.00028133896
6462215946,6462215719,0.011553036,0.027516032,0.00028001124
6462219700,6462219464,0.0115842745,0.027831085,0.00028150785
6462227184,6462226955,0.01089195,0.028163927,0.00028865514
6462230935,6462230700,0.010665868,0.02783212,0.0002874222
6462237174,6462236942,0.010419549,0.027966075,0.00028728542
6462240924,6462240687,0.010477485,0.02775583,0.0002866527
6462248421,6462248178,0.01114652,0.027605215,0.0002949565
6462250914,6462250675,0.011039253,0.02771362,0.0002967392
6462254659,6462254421,0.010927189,0.028090226,0.0002960845
6462262139,6462261911,0.010811643,0.028355679,0.00029847116
6462265891,6462265656,0.010362028,0.028267348,0.0003039634
6462273384,6462273147,0.010455693,0.027711054,0.00031346292
6462275878,6462275644,0.010839138,0.027620295,0.00031491628
6462283377,6462283135,0.0114792455,0.02747762,0.00031134867
6462285873,6462285632,0.011279429,0.027481973,0.00031104963
6462289612,6462289377,0.010687627,0.02747223,0.0003109815
6462297096,6462296868,0.010377694,0.027767725,0.0003092426
6462300841,6462300613,0.0106551945,0.027887762,0.00031249598
6462307092,6462306855,0.010850374,0.027931146,0.00031147274
6462310842,6462310601,0.011071022,0.028219672,0.00030666328
6462318331,6462318092,0.0105923405,0.02770199,0.00030822065
6462320825,6462320588,0.010731213,0.027846765,0.00031217936
6462324568,6462324334,0.01060724,0.027710257,0.00031806028
6462333345,6462333073,0.0106459,0.027659079,0.00032455486
6462335805,6462335570,0.010628017,0.027617387,0.00031829663
6462343303,6462343060,0.011041571,0.027731283,0.00029302674
6462345788,6462345557,0.011076604,0.027602412,0.00028764474
6462353300,6462353048,0.010513221,0.027693624,0.00028069285
6462355773,6462355545,0.010375144,0.027721113,0.00028229394
6462359527,6462359290,0.010437758,0.02771607,0.0002846067
6462367011,6462366781,0.011164047,0.027493503,0.000272918
6462370753,6462370526,0.011558821,0.027669473,0.00027046504
6462376997,6462376768,0.011427842,0.02821776,0.00026752998
6462380748,6462380514,0.01093508,0.028221643,0.0002678125
6462388248,6462388005,0.010775622,0.027567305,0.0002616915
6462393246,6462392998,0.010865868,0.027580036,0.00026096805
6462394487,6462394247,0.01095236,0.027631035,0.00026267892
6462401965,6462401737,0.011188667,0.02794702,0.00027681832
6462405714,6462405483,0.011270911,0.027799465,0.00027828474
6462413209,6462412973,0.011200801,0.027684648,0.00027840154
6462415701,6462415470,0.011252141,0.027597105,0.0002824817
6462423196,6462422961,0.011574781,0.0275724,0.0002923166
6462426952,6462426707,0.0116399415,0.027666057,0.0002924105
6462429440,6462429204,0.011580549,0.027925674,0.0002928316
6462436940,6462436694,0.011262761,0.028012473,0.0002999371
6462440675,6462440439,0.010825102,0.027795069,0.0003012532
6462446910,6462446681,0.011105293,0.027756413,0.00031005152
6462450702,6462450427,0.011611285,0.027700404,0.00031706458
6462458156,6462457918,0.0120234,0.027596224,0.00031151008
6462463153,6462462912,0.01200389,0.027761962,0.00030955352
6462464399,6462464160,0.011961884,0.027658787,0.00030850267
6462473135,6462472899,0.0110539235,0.02749611,0.0003019328
6462475628,6462475396,0.011199686,0.02758462,0.0003039321
6462483134,6462482887,0.012182803,0.027949069,0.00029450006
6462485636,6462485383,0.012502829,0.028160863,0.00029043815
6462493115,6462492875,0.0120653305,0.027754642,0.00028671723
6462496858,6462496620,0.011767914,0.027482152,0.00028805633
6462499349,6462499116,0.011669332,0.027635712,0.00028817198
6462506836,6462506607,0.011637381,0.02756615,0.00027894625
6462510585,6462510352,0.012311536,0.027626298,0.0002778544
6462516832,6462516595,0.012685534,0.027928455,0.00027452392
6462520571,6462520340,0.012430433,0.027995387,0.00027842098
6462528067,6462527831,0.012191105,0.027533665,0.00028575532
6462533068,6462532824,0.011523321,0.02738314,0.00028309604
6462534317,6462534073,0.011543649,0.027420249,0.00028199077
6462543051,6462542812,0.012806873,0.027909007,0.00027455296
6462545555,6462545309,0.0130266845,0.027878853,0.000274513
6462553041,6462552800,0.013076073,0.028060347,0.0002727638
6462555531,6462555296,0.012996817,0.028128812,0.00027628493
6462563028,6462562789,0.012328134,0.02751061,0.00029669603
6462566761,6462566532,0.012416511,0.027610993,0.00030454795
6462569291,6462569030,0.012673503,0.027606308,0.000306273
6462576755,6462576520,0.01336536,0.027845388,0.00030370156
6462580497,6462580265,0.013254456,0.027686967,0.00030314215
6462587994,6462587756,0.012789651,0.027476886,0.0003048652
6462590497,6462590255,0.012676154,0.027606215,0.00030574977
6462597995,6462597746,0.012653024,0.027702713,0.0003011771
6462602973,6462602737,0.0131093655,0.027575256,0.00029374385
6462605481,6462605234,0.013344199,0.027412787,0.00028770854
6462612972,6462612726,0.013557498,0.027737614,0.00027716398
6462615455,6462615222,0.013323695,0.027726498,0.00028236327
6462622958,6462622713,0.01303801,0.027699232,0.00030136164
6462625441,6462625209,0.013013732,0.02773843,0.000301518
6462632944,6462632700,0.013904944,0.0278006,0.00029316978
6462636678,6462636445,0.014290294,0.027442986,0.0002922599
6462640430,6462640191,0.014127397,0.02726772,0.00029427416
6462646667,6462646433,0.013537051,0.027537711,0.00030531295
6462650417,6462650178,0.013505863,0.027644936,0.0003148545
6462657923,6462657670,0.013568892,0.028321695,0.00031071375
6462660401,6462660167,0.013738868,0.028153466,0.0003070539
6462667893,6462667657,0.014180881,0.027447553,0.00029694758
6462674134,6462673899,0.014756037,0.027338417,0.0003004906
6462675401,6462675148,0.014815933,0.027311988,0.0003028117
6462682881,6462682638,0.014111859,0.027420603,0.00031337465
6462685378,6462685135,0.014151069,0.027515916,0.00031784075
6462692866,6462692627,0.014762922,0.027421154,0.0003225
6462695367,6462695126,0.014888579,0.027365161,0.00032061548
6462702907,6462702620,0.01430526,0.027750174,0.00032416746
6462706589,6462706359,0.014000523,0.02762661,0.00032866612
6462710411,6462710108,0.014276696,0.027632104,0.00033426285
6462716634,6462716346,0.0143917,0.027706122,0.0003463593
6462720329,6462720097,0.014602101,0.027552186,0.00035043104
6462727817,6462727582,0.01534225,0.027867984,0.00035688307
6462730318,6462730079,0.015419589,0.028094802,0.0003572916
6462737804,6462737570,0.014748234,0.027562967,0.00035547992
6462742806,6462742563,0.014402914,0.02757864,0.00035481324
6462745307,6462745060,0.014601843,0.027564503,0.0003556805
6462752791,6462752551,0.014876862,0.027729494,0.00036435327
6462755330,6462755048,0.014990401,0.02790613,0.00036720978
6462762831,6462762540,0.015596578,0.027865442,0.0003702793
6462766517,6462766284,0.015312334,0.027611014,0.000371281
6462772762,6462772526,0.014945824,0.027827175,0.0003678978
6462776501,6462776272,0.015151541,0.027873637,0.00036444064
6462780265,6462780017,0.015216579,0.027603274,0.0003674955
6462786503,6462786269,0.015539161,0.02738314,0.00037385352
6462790240,6462790005,0.015762776,0.027629545,0.00037235985
6462797733,6462797496,0.015600826,0.027580287,0.0003633099
6462802729,6462802489,0.015385265,0.027324036,0.00035576438
6462807770,6462807483,0.015462446,0.027512813,0.00035865055
6462812723,6462812477,0.01579651,0.027534636,0.00036616792
6462815260,6462814974,0.01581595,0.027454643,0.00037062026
6462822747,6462822465,0.016011896,0.02772331,0.0003812147
6462825193,6462824961,0.015947836,0.027537478,0.00037823248
6462832687,6462832452,0.015669476,0.027572127,0.00036978436
6462836439,6462836197,0.015379386,0.027544146,0.0003720015
6462842681,6462842440,0.01516229,0.027374825,0.00038113116
6462846423,6462846185,0.015628794,0.0274939,0.0003844199
6462850160,6462849930,0.016153164,0.027608138,0.00038317638
6462856397,6462856172,0.016689694,0.027700434,0.00037755325
6462860199,6462859918,0.016330805,0.027631897,0.0003735808
6462867688,6462867408,0.015048195,0.027986528,0.00036905298
6462872634,6462872402,0.015514933,0.027664911,0.00036910558
6462875187,6462874899,0.015867868,0.027601127,0.000367889
6462882671,6462882390,0.016759606,0.027767248,0.00037197996
6462885115,6462884887,0.016788226,0.027352775,0.00037660077
6462892620,6462892377,0.01581349,0.027547427,0.00037503033
6462895103,6462894874,0.0156081235,0.027579607,0.00037409298
6462902600,6462902365,0.015638795,0.027827982,0.00037932894
6462906350,6462906110,0.015777597,0.027990533,0.00038682818
6462912629,6462912353,0.016441602,0.027813068,0.00039966195
6462916331,6462916098,0.01668611,0.0276685,0.00040684067
6462920126,6462919843,0.016258046,0.027545892,0.00041461413
6462926320,6462926086,0.016328823,0.027466802,0.00041647666
6462930070,6462929831,0.01606002,0.027580803,0.00041078214
6462937557,6462937321,0.016440343,0.027762506,0.0004072322
6462942593,6462942315,0.016851274,0.027652223,0.00041774067
6462947547,6462947309,0.017113993,0.02759361,0.00042570525
6462952543,6462952303,0.016116817,0.027169557,0.00042415055
6462955035,6462954800,0.015595306,0.027344363,0.00042174407
6462962524,6462962291,0.0153494375,0.027822029,0.00041341086
6462965062,6462964787,0.015624333,0.027913703,0.0004062253
6462973764,6462973527,0.017314961,0.027415778,0.00039398146
6462976260,6462976023,0.017032972,0.0274224,0.00039540097
6462982507,6462982265,0.016300723,0.027600102,0.0003993656
6462986247,6462986011,0.016129293,0.027930753,0.000399677
6462989992,6462989756,0.015986282,0.02801723,0.00040106848
6462997485,6462997247,0.015816018,0.027565455,0.00039761898
6462999977,6462999744,0.016217377,0.027523829,0.00039295087
6463007488,6463007234,0.0168043,0.027763166,0.0003865063
6463012479,6463012229,0.016383842,0.027653338,0.0003784812
6463017506,6463017222,0.016024059,0.027697656,0.00037897637
6463022456,6463022219,0.01592907,0.027392361,0.00039390198
6463024992,6463024713,0.016172688,0.027304282,0.00040117156
6463032478,6463032203,0.01649031,0.027782395,0.00039884247
6463034928,6463034700,0.016386073,0.027884865,0.00039427934
6463043674,6463043441,0.01575284,0.027579335,0.00038293752
6463046170,6463045936,0.015854938,0.027564565,0.0003839071
6463052410,6463052179,0.015868733,0.027433617,0.0003796216
6463056159,6463055924,0.016185105,0.027544256,0.0003803062
6463059897,6463059669,0.016261542,0.027437346,0.00038389652
6463067406,6463067160,0.016087439,0.028006712,0.0003789758
6463069935,6463069660,0.015715422,0.027973555,0.00037597085
6463077439,6463077147,0.015410577,0.02773507,0.00037846412
6463082381,6463082142,0.015655955,0.027612505,0.000381117
6463087382,6463087136,0.016023843,0.027258951,0.0003799992
6463092396,6463092132,0.016394176,0.02737342,0.00036947647
6463094861,6463094626,0.016487675,0.0274097,0.00036418304
6463102351,6463102119,0.01556744,0.027418338,0.0003592876
6463104844,6463104613,0.015252297,0.027328392,0.0003625699
6463112341,6463112104,0.014966946,0.027851874,0.00038645894
6463116083,6463115849,0.015241112,0.02761928,0.00039213835
6463122354,6463122092,0.015515812,0.027515844,0.00038873372
6463126068,6463125837,0.015461372,0.027559303,0.0003841408
6463129838,6463129582,0.015371181,0.027747089,0.00038181647
6463137346,6463137073,0.015436275,0.027702218,0.00037968645
6463139808,6463139570,0.015550996,0.02772174,0.00037634527
6463147311,6463147061,0.0156131545,0.027784374,0.00037657536
6463152333,6463152055,0.01577056,0.027690154,0.00037962684
6463157289,6463157048,0.015428685,0.02773839,0.00038287736
6463162339,6463162042,0.014940786,0.027653426,0.0003871661
6463164773,6463164539,0.014793949,0.027703185,0.0003879845
6463172272,6463172035,0.015262933,0.02766198,0.00038568635
6463176008,6463175775,0.015381459,0.027601093,0.0003843588
6463182287,6463182017,0.015490214,0.02756634,0.00038777958
6463185994,6463185762,0.015388696,0.027666014,0.0003931382
6463193532,6463193254,0.0143261785,0.027688637,0.00039330218
6463195981,6463195750,0.014005787,0.02773681,0.00039862515
6463199734,6463199496,0.014162493,0.027906004,0.00040647
6463207222,6463206986,0.01493681,0.02799014,0.00041342253
6463212266,6463211980,0.014859387,0.027657785,0.00041329212
6463217209,6463216974,0.014846121,0.027922366,0.00041486465
6463222204,6463221968,0.0149732875,0.02758869,0.000425757
6463228452,6463228209,0.014529641,0.02734404,0.0004409821
6463232185,6463231956,0.014288698,0.027766636,0.00044424256
6463234707,6463234452,0.0140826255,0.027669633,0.00044270165
6463242199,6463241943,0.014846028,0.027471542,0.00044127624
6463245925,6463245688,0.015040905,0.027400792,0.00045105547
6463252169,6463251930,0.014969823,0.027774453,0.0004602987
6463255918,6463255677,0.014689531,0.027623711,0.00046186574
6463263408,6463263167,0.013846291,0.027429871,0.0004624729
6463265895,6463265663,0.013934973,0.027357012,0.00046507557
6463269656,6463269419,0.01376533,0.027324064,0.0004645112
6463277140,6463276899,0.0141353095,0.02745215,0.0004555844
6463282129,6463281893,0.013594967,0.027529454,0.00045210437
6463287183,6463286887,0.013555585,0.02797553,0.000450523
6463292112,6463291880,0.013430578,0.027756589,0.00044868886
6463298355,6463298123,0.013709982,0.02788057,0.00043877473
6463302132,6463301868,0.0140574565,0.02772903,0.00043819973
6463304596,6463304365,0.014468066,0.027598912,0.00044329834
6463312102,6463311856,0.0139440885,0.027737873,0.00045037543
6463315831,6463315601,0.013909253,0.027902447,0.00044970462
6463322100,6463321843,0.013326215,0.027932176,0.00044727657
6463325818,6463325589,0.0134890275,0.027744079,0.0004480578
6463333320,6463333079,0.013799595,0.027656995,0.00045000165
6463335807,6463335576,0.013637235,0.02768573,0.00045045203
6463339573,6463339323,0.013825892,0.027563347,0.00045001082
6463347065,6463346813,0.013293894,0.02772646,0.00044847946
6463352052,6463351806,0.012910038,0.027768502,0.000438696
6463357035,6463356800,0.013001625,0.027984248,0.0004306101
6463360776,6463360545,0.013606867,0.027959762,0.00042605493
6463368272,6463368036,0.013917291,0.02767656,0.0004192622
6463372017,6463371781,0.01336318,0.027732102,0.0004160498
6463374521,6463374278,0.013146817,0.027610615,0.00041232607
6463382008,6463381769,0.013042228,0.027819358,0.0004097907
6463385753,6463385514,0.012946451,0.027942764,0.00041564772
6463392011,6463391758,0.01363075,0.027703818,0.00042229082
6463395733,6463395502,0.013850845,0.027716067,0.00042112955
6463403224,6463402992,0.013588735,0.027687103,0.00041879434
6463407004,6463406738,0.013026379,0.027832976,0.00041960398
6463409475,6463409235,0.012664259,0.027741631,0.00041679334
6463416967,6463416725,0.0122862,0.02767918,0.00041301572
6463421967,6463421719,0.012912527,0.02757671,0.00040854415
6463426947,6463426713,0.013391074,0.027997894,0.00040443454
6463430699,6463430458,0.013376653,0.027736908,0.00040248453
6463438176,6463437949,0.012873375,0.027520105,0.00040740316
6463441941,6463441695,0.012357714,0.027633794,0.00041190075
6463444430,6463444191,0.012523037,0.02759544,0.00041614965
6463451935,6463451682,0.013172447,0.02744241,0.0004277579
6463455656,6463455427,0.013373234,0.027541142,0.00043373802
6463461921,6463461670,0.013250935,0.027935075,0.00043229506
6463465646,6463465415,0.0133103365,0.027993543,0.00042568386
6463473143,6463472905,0.012477192,0.027681818,0.00040641037
6463476885,6463476651,0.012541775,0.027611906,0.00039708545
6463479380,6463479148,0.012648142,0.027482681,0.00039338725
6463486877,6463486638,0.013134642,0.02778887,0.0003867815
6463493115,6463492881,0.013270071,0.02760313,0.00038113535
6463496867,6463496627,0.013103597,0.027667867,0.0003791864
6463501851,6463501620,0.012590446,0.027806446,0.00038220434
6463508098,6463507862,0.012657722,0.027582143,0.00038340376
6463511868,6463511608,0.013139955,0.027581692,0.00038605632
6463514336,6463514104,0.013286143,0.02786287,0.00039127414
6463521831,6463521595,0.012980256,0.028159788,0.00040394394
6463525573,6463525341,0.012791731,0.02783184,0.00040826987
6463531817,6463531583,0.012392953,0.027727526,0.0004056071
6463535561,6463535328,0.012426426,0.027772512,0.00040193697
6463543071,6463542819,0.0135225365,0.027710292,0.0004015628
6463546799,6463546564,0.013377877,0.027630635,0.0004018412
6463549311,6463549061,0.013328605,0.027734378,0.00039782934
6463556791,6463556552,0.012879888,0.027946096,0.00038498055
6463561781,6463561545,0.012380239,0.02783338,0.00037646582
6463568018,6463567787,0.012480431,0.027399631,0.0003697991
6463571771,6463571533,0.013031126,0.027584225,0.00036607415
6463578007,6463577775,0.013666369,0.028077165,0.00036368263
6463581768,6463581524,0.013802034,0.028012153,0.0003700352
6463585498,6463585266,0.013332078,0.027808072,0.00037563205
6463591744,6463591508,0.0127163865,0.027669787,0.00037762985
6463595491,6463595260,0.012485755,0.027930746,0.00037943316
6463602977,6463602744,0.013489159,0.027469112,0.00038662902
6463605481,6463605241,0.013832271,0.027425382,0.00038869923
6463612970,6463612732,0.01353217,0.027451944,0.0003994196
6463616714,6463616477,0.012978842,0.027862266,0.00040432654
6463621706,6463621471,0.012883337,0.028371938,0.0004083754
6463626698,6463626464,0.013054248,0.027940469,0.00040131496
6463631698,6463631460,0.0132820355,0.027809689,0.0003915438
6463637942,6463637701,0.013410792,0.0276163,0.00038481594
6463642933,6463642695,0.012904877,0.027634412,0.00038434335
6463647919,6463647688,0.013360051,0.0279191,0.00037744697
6463651670,6463651434,0.01324583,0.028028475,0.00037089142
6463655419,6463655179,0.013201466,0.027717803,0.0003646986
6463661659,6463661421,0.013895043,0.02744594,0.00035857168
6463665400,6463665167,0.014086488,0.027779672,0.00035765127
6463672901,6463672657,0.013910113,0.027575806,0.00035846818
6463675384,6463675154,0.013712601,0.027550932,0.00035689806
6463682873,6463682645,0.012923027,0.02790257,0.00034327837
6463686625,6463686390,0.013138412,0.027816573,0.0003396835
6463690368,6463690136,0.013509751,0.02753849,0.00034076947
6463696618,6463696378,0.014644208,0.027573418,0.00033980294
6463701610,6463701372,0.014656677,0.027683076,0.0003380859
6463707847,6463707613,0.013600361,0.0277067,0.00033582663
6463712840,6463712608,0.013382698,0.027757721,0.00033115543
6463717838,6463717601,0.013526289,0.027778389,0.0003311956
6463721579,6463721347,0.014012064,0.027803762,0.00032903548
6463725326,6463725092,0.014230369,0.02775902,0.00032282833
6463731576,6463731334,0.014374394,0.027863067,0.0003149268
6463735322,6463735079,0.014189154,0.027977351,0.00031968768
6463742804,6463742570,0.013709979,0.02770341,0.00033487778
6463745316,6463745067,0.013762375,0.027426232,0.0003359614
6463752789,6463752558,0.014396972,0.02736369,0.0003287678
6463756535,6463756303,0.01498308,0.027692406,0.00032579113
6463761537,6463761297,0.014869556,0.027863402,0.00032522946
6463766521,6463766291,0.014490793,0.028013155,0.00032157876
6463771521,6463771285,0.014352772,0.028077096,0.00032004633
6463777767,6463777526,0.014305207,0.027848633,0.00030904295
6463781500,6463781272,0.014470883,0.027717238,0.00030469932
6463787753,6463787514,0.015131575,0.027953561,0.00030188455
6463792741,6463792508,0.014841643,0.027664768,0.00030305906
6463795238,6463795005,0.0146890525,0.027536953,0.00030224043
6463801486,6463801247,0.014473049,0.027979478,0.0002980927
6463805224,6463804992,0.01449722,0.027750392,0.00030055593
6463812724,6463812484,0.01459431,0.027362451,0.00032054042
6463816487,6463816229,0.015335695,0.027243104,0.00031972956
6463822703,6463822471,0.015735216,0.027792906,0.00031826302
6463826446,6463826216,0.015235696,0.027905757,0.00032195152
6463831441,6463831210,0.014843615,0.02799832,0.0003271205
6463836445,6463836204,0.014761931,0.027829772,0.00032850014
6463841430,6463841198,0.014991011,0.027614957,0.00032634338
6463847674,6463847440,0.015652128,0.02781641,0.0003309911
6463851433,6463851185,0.015551038,0.027745586,0.00034139605
6463857661,6463857427,0.014473925,0.027632056,0.00035462843
6463862651,6463862422,0.014527125,0.027527964,0.00036259106
6463865156,6463864918,0.014860879,0.027418999,0.00036641242
6463871451,6463871165,0.01555486,0.028006446,0.00037628354
6463875140,6463874905,0.0155902635,0.02772291,0.0003740881
6463882630,6463882396,0.015646942,0.02750891,0.00035768482
6463886381,6463886142,0.015430131,0.02761156,0.00035677568
6463892619,6463892384,0.014757825,0.027621731,0.000364126
6463896370,6463896129,0.014804088,0.027915334,0.00036902004
6463900107,6463899874,0.015124191,0.0278189,0.00037215953
6463906351,6463906117,0.01599051,0.027416063,0.0003772845
6463911364,6463911111,0.015654849,0.027688175,0.00038004038
6463917581,6463917353,0.0154885985,0.027719965,0.0003825014
6463921341,6463921098,0.015292225,0.027604412,0.00038112796
6463927580,6463927340,0.015058416,0.02754232,0.00038440764
6463931327,6463931086,0.015318651,0.027557606,0.0003874209
6463935073,6463934831,0.01571472,0.027519194,0.00038594136
6463942554,6463942322,0.016252894,0.02777587,0.00037788018
6463945050,6463944819,0.016219057,0.027872046,0.0003791076
6463952555,6463952310,0.015478198,0.02808554,0.00039643364
6463956294,6463956055,0.015206083,0.027880179,0.00040682012
6463962529,6463962297,0.015333888,0.027125422,0.00041218277
6463966291,6463966042,0.015687801,0.027239595,0.00041027192
6463970032,6463969788,0.016025668,0.027286524,0.0004121017
6463977526,6463977279,0.01573591,0.027890109,0.0004103171
6463981264,6463981025,0.015796017,0.027858863,0.00040706288
6463987497,6463987266,0.015345457,0.02746083,0.0004078356
6463991254,6463991011,0.015676387,0.027663615,0.0004104874
6463994985,6463994756,0.016265307,0.027758528,0.00041348915
6464001235,6464000999,0.016442947,0.027752735,0.00041384398
6464004985,6464004744,0.016045008,0.027640317,0.0004089906
6464012478,6464012235,0.014811633,0.02772947,0.00039557225
6464014962,6464014732,0.014908611,0.027702024,0.00038893337
6464022464,6464022223,0.016003426,0.028041366,0.00038198452
6464026204,6464025968,0.016139843,0.027909158,0.00038405857
6464031197,6464030962,0.016091095,0.02755743,0.00038872278
6464036191,6464035956,0.015896294,0.02775284,0.00039387893
6464041180,6464040949,0.015207836,0.027924366,0.0003967082
6464047435,6464047192,0.015293428,0.0280024,0.00039141488
6464049917,6464049688,0.015427306,0.027683627,0.0003849215
6464057419,6464057179,0.015678477,0.027747195,0.0003625728
6464061166,6464060932,0.015744206,0.027663415,0.00036247872
6464064905,6464064669,0.016100597,0.027539669,0.00036620998
6464071148,6464070912,0.015756795,0.027513018,0.00037913042
6464074895,6464074657,0.015420502,0.027689995,0.00038413107
6464082405,6464082148,0.015165656,0.02798807,0.00038319372
6464084878,6464084645,0.01559389,0.02789689,0.00038084932
6464092368,6464092136,0.016121047,0.027938059,0.00038089283
6464096114,6464095881,0.016366132,0.027985776,0.0003785803
6464101112,6464100875,0.016021756,0.027680777,0.00037556567
6464106120,6464105869,0.014958681,0.027790047,0.0003771105
6464111104,6464110862,0.014935988,0.0279163,0.00037990863
6464117335,6464117105,0.015323148,0.027384898,0.00037402002
6464121088,6464120850,0.015509986,0.027551422,0.00037104497
6464127329,6464127092,0.01567993,0.027691307,0.00036922697
6464131075,6464130838,0.015488515,0.02796488,0.0003725985
6464137359,6464137080,0.014854198,0.02804684,0.00038141283
6464141064,6464140825,0.01495608,0.027826738,0.00038992034
6464144801,6464144570,0.014932037,0.027707828,0.00040346346
6464152320,6464152064,0.01594175,0.027331784,0.00042102134
6464156042,6464155807,0.01598658,0.02721014,0.00042203756
6464162308,6464162051,0.015302103,0.027275886,0.00041176475
6464166030,6464165794,0.014816546,0.027318772,0.00040471903
6464171017,6464170788,0.014410386,0.027666472,0.00040284192
6464176016,6464175782,0.014522808,0.027331503,0.00040763183
6464181010,6464180776,0.01521952,0.02769143,0.00040936636
6464187270,6464187017,0.015756728,0.028081236,0.00040916834
6464190996,6464190763,0.015339416,0.028116604,0.000409158
6464197237,6464197005,0.014620472,0.027699135,0.0003999591
6464200993,6464200751,0.014490326,0.02767512,0.00039148572
6464208479,6464208241,0.0147345625,0.027649758,0.00038224662
6464212222,6464211987,0.015329344,0.027917318,0.00037842672
6464214717,6464214485,0.01564558,0.027945537,0.00037565012
6464222209,6464221975,0.0150457015,0.027534226,0.00036724558
6464225960,6464225719,0.014382027,0.027367704,0.00036939958
6464232198,6464231962,0.013858596,0.027811632,0.00037911593
6464235940,6464235707,0.013901368,0.027809467,0.00038432004
6464242181,6464241950,0.014357571,0.027512858,0.00037741172
6464245933,6464245695,0.014476565,0.027659569,0.0003702568
6464250924,6464250689,0.014709618,0.027789634,0.00036543582
6464257160,6464256931,0.014081531,0.027740259,0.00037185327
6464260939,6464260676,0.013939974,0.02755661,0.00037310272
6464267152,6464266918,0.014096478,0.02786433,0.00038216307
6464270901,6464270664,0.014209019,0.027964938,0.00038466096
6464278410,6464278159,0.014483388,0.027945768,0.0003885411
6464280886,6464280651,0.014489291,0.027931115,0.0003903209
6464284631,6464284397,0.013970484,0.027728254,0.0003929009
6464292122,6464291887,0.013197149,0.027767383,0.00038550328
6464295871,6464295632,0.013679075,0.02740788,0.00038021084
6464302110,6464301875,0.014527571,0.027481811,0.00037770646
6464305851,6464305620,0.014727008,0.027621854,0.00037533077
6464312103,6464311863,0.014355527,0.027546626,0.00037273328
6464315843,6464315608,0.013736092,0.027605275,0.00037853915
6464320833,6464320602,0.013116052,0.027722869,0.0003824483
6464327084,6464326843,0.013197535,0.027771961,0.0003758979
6464330826,6464330589,0.013494291,0.027878907,0.00037493787
6464337064,6464336831,0.013888627,0.028030632,0.0003752906
6464340816,6464340577,0.014143341,0.028028252,0.00037054485
6464348320,6464348069,0.013847523,0.027797142,0.0003668419
6464350798,6464350564,0.013312109,0.027784724,0.00036546224
6464354543,6464354310,0.012834089,0.02767594,0.00036045883
6464362041,6464361800,0.013042931,0.027499972,0.00035565352
6464365781,6464365546,0.013260852,0.027804136,0.00035458547
6464372044,6464371788,0.0132934805,0.027823983,0.00035282582
6464375768,6464375533,0.013255984,0.02757913,0.0003547241
6464379513,6464379278,0.013211539,0.027375674,0.00035936985
6464386997,6464386769,0.012895998,0.027767027,0.00036489914
6464390749,6464390514,0.0133095225,0.027623076,0.00036647043
6464396987,6464396757,0.013132885,0.027556967,0.0003597991
6464400738,6464400502,0.012720527,0.027651917,0.00035691384
6464406970,6464406744,0.01248801,0.027813608,0.0003592495
6464410736,6464410493,0.012826625,0.02799445,0.0003639693
6464418212,6464417981,0.013222677,0.027967155,0.00037159258
6464421966,6464421731,0.013216904,0.027813615,0.00037134878
6464424457,6464424223,0.01315468,0.027649019,0.00036884504
6464431953,6464431714,0.012605265,0.027732108,0.00036271336
6464435700,6464435459,0.012210493,0.027749225,0.0003652238
6464440684,6464440452,0.012476347,0.027634723,0.00037096482
6464445686,6464445451,0.012551055,0.027439186,0.00037589608
6464449420,6464449192,0.012684581,0.02768129,0.0003802241
6464456918,6464456682,0.012525088,0.027897993,0.00036966742
6464460662,6464460428,0.012831315,0.028102385,0.0003617576
6464466907,6464466670,0.012406385,0.028037677,0.00036550223
6464470648,6464470415,0.012186755,0.028118119,0.00037277836
6464476892,6464476657,0.012426504,0.02803474,0.00037196497
6464480635,6464480403,0.012608411,0.027757775,0.0003659521
6464488123,6464487893,0.012420627,0.02714419,0.00035399795
6464491885,6464491642,0.012436131,0.027378337,0.00035531304
6464494367,6464494136,0.01235387,0.02763495,0.00035719082
6464501854,6464501626,0.012421196,0.027751563,0.000350415
6464505613,6464505372,0.012371601,0.027475279,0.00034255878
6464510598,6464510366,0.012500469,0.027591579,0.00033690874
6464515591,6464515360,0.012563048,0.027834352,0.00032584276
6464519336,6464519105,0.012415574,0.027870819,0.00031585773
6464526831,6464526597,0.012028153,0.027944839,0.00029687776
6464530572,6464530341,0.0119887795,0.027971901,0.0002934579
6464536821,6464536584,0.012289419,0.027865829,0.00029481252
6464540564,6464540328,0.012385134,0.027781505,0.00029131235
6464546803,6464546570,0.012126508,0.027434416,0.00028711438
6464550551,6464550316,0.012301359,0.027635502,0.00028639173
6464558039,6464557806,0.012420027,0.028090078,0.0003059823
6464561785,6464561552,0.01230911,0.028144378,0.00031582444
6464564296,6464564049,0.012247563,0.027947474,0.0003199108
6464571781,6464571540,0.0119454805,0.027601335,0.0003262659
6464575520,6464575285,0.012633091,0.02773655,0.0003202739
6464580518,6464580278,0.012935824,0.02776725,0.000310774
6464585511,6464585276,0.012765264,0.027850062,0.00030540294
6464590500,6464590266,0.012326526,0.027789908,0.00030341034
6464596739,6464596508,0.011784856,0.02740833,0.00030670743
6464600490,6464600255,0.012209036,0.027559392,0.00030880637
6464606729,6464606496,0.012572227,0.028042797,0.00030789291
6464610479,6464610241,0.012583326,0.027909929,0.0003080492
6464617969,6464617732,0.012114967,0.027964784,0.0003116256
6464620481,6464620229,0.012037134,0.027835272,0.00031243215
6464627959,6464627720,0.012494966,0.02763164,0.00032033143
6464631708,6464631465,0.012525655,0.027990652,0.00032181706
6464635451,6464635210,0.012631229,0.027982911,0.00032553254
6464641693,6464641453,0.012791775,0.027831065,0.0003268311
6464645435,6464645200,0.012577438,0.027972413,0.00032807334
6464650433,6464650192,0.012299515,0.027639208,0.00033137613
6464655422,6464655186,0.012184024,0.02747572,0.00033383234
6464660416,6464660179,0.0124474075,0.027785957,0.0003417236
6464666653,6464666422,0.013040782,0.027939463,0.00034974236
6464670414,6464670167,0.01302066,0.027825072,0.00035255557
6464676642,6464676409,0.012462722,0.027930876,0.00035337688
6464680388,6464680155,0.012378515,0.027760431,0.00034772247
6464687873,6464687645,0.012684288,0.027483033,0.00034379543
6464690386,6464690152,0.0129189,0.027476884,0.00034934958
6464697864,6464697632,0.013059471,0.027983043,0.0003634464
6464701618,6464701378,0.013305933,0.027672714,0.00036629938
6464705397,6464705124,0.012908096,0.027678717,0.00036963233
6464711599,6464711366,0.012524294,0.027619066,0.00038117348
6464715348,6464715111,0.012516693,0.027423842,0.00039343833
6464720338,6464720105,0.012853609,0.027645843,0.00039956463
6464725331,6464725099,0.013270864,0.028032502,0.0003966283
6464730332,6464730093,0.013077134,0.027755348,0.00039365533
6464736611,6464736336,0.012398483,0.027653916,0.00039600878
6464740319,6464740080,0.012514173,0.02761357,0.00039907426
6464746553,6464746322,0.013263865,0.027357003,0.00040632673
6464750308,6464750068,0.013796566,0.027611354,0.00040821405
6464757788,6464757558,0.013753063,0.027978873,0.00041004937
6464760296,6464760055,0.013667732,0.02808289,0.00040896045
6464767782,6464767547,0.012788008,0.02808621,0.00039537312
6464771529,6464771291,0.012769623,0.027627826,0.0003908237
6464775276,6464775037,0.012857701,0.027649019,0.00038498323
6464781513,6464781279,0.013411074,0.02722493,0.00037221468
6464785273,6464785025,0.013780589,0.027394606,0.00036184207
6464790259,6464790018,0.014040102,0.027858747,0.0003555284
6464796494,6464796260,0.013583762,0.027665922,0.0003519068
6464802748,6464802502,0.012955824,0.027162718,0.00034804453
6464806486,6464806248,0.0133546805,0.027164627,0.0003501138
6464810230,6464809993,0.013631662,0.027822305,0.00035615882
6464816468,6464816235,0.013723524,0.028063139,0.00036142638
6464820216,6464819980,0.013793246,0.028037801,0.00035711352
6464827714,6464827471,0.013895346,0.027832117,0.0003548047
6464831462,6464831217,0.013627382,0.027717916,0.0003517145
6464837688,6464837459,0.013746992,0.02794493,0.00035206584
6464841440,6464841204,0.014040408,0.027954437,0.00035225897
6464845186,6464844950,0.014004144,0.027577182,0.00035095212
6464850182,6464849943,0.014074433,0.027469737,0.00034787608
6464855178,6464854937,0.013710661,0.027609406,0.00034482192
6464860171,6464859931,0.0139498785,0.02801252,0.00034375576
6464866425,6464866173,0.01403311,0.027514914,0.00034560793
6464872645,6464872415,0.013922306,0.028035989,0.0003494205
6464876396,6464876161,0.014529467,0.027913753,0.00035353203
6464880147,6464879906,0.014698595,0.02779404,0.0003582178
6464886385,6464886148,0.013856624,0.027500724,0.00037038524
6464890133,6464889894,0.013550294,0.02757931,0.00037751204
6464897616,6464897385,0.0139727965,0.027851103,0.00038864446
6464901366,6464901130,0.014388801,0.027687917,0.0003877684
6464907600,6464907372,0.014647436,0.027705403,0.00038744896
6464911351,6464911118,0.014456653,0.027905297,0.00038560474
6464915101,6464914862,0.014457784,0.02773649,0.00037900923
6464920089,6464919857,0.014410035,0.027813032,0.0003639883
6464925093,6464924850,0.014320285,0.027919201,0.00035067138
6464932569,6464932341,0.01479618,0.027212858,0.00034296126
6464936333,6464936086,0.015203269,0.027527101,0.00034392302
6464940076,6464939832,0.015179613,0.027941138,0.0003419618
6464946316,6464946074,0.014427753,0.027847882,0.00033633012
6464950054,6464949819,0.0143416235,0.027597457,0.00033061855
6464956299,6464956061,0.014362381,0.027698543,0.0003199468
6464960048,6464959807,0.014402614,0.027735991,0.0003208689
6464967532,6464967298,0.0146917915,0.027581861,0.00033021971
6464971304,6464971050,0.01543679,0.027573466,0.00033134467
6464977518,6464977285,0.015219345,0.027828371,0.00033016733
6464981271,6464981031,0.014354117,0.027973158,0.00032712973
6464985010,6464984776,0.014336922,0.028017757,0.00032647222
6464990006,6464989770,0.0146681685,0.0280322,0.00033600678
6464994994,6464994763,0.015053056,0.027356768,0.00034721952
6465002543,6465002264,0.014942999,0.027907293,0.00034677493
6465006231,6465005999,0.014902877,0.027585391,0.00034689505
6465012486,6465012241,0.014735911,0.027774274,0.0003408922
6465016217,6465015987,0.014777498,0.027714796,0.00033830595
6465019971,6465019733,0.014552007,0.027726544,0.00034366798
6465027462,6465027223,0.014786988,0.027731394,0.00035420276
6465029957,6465029720,0.015075566,0.028012557,0.00035476274
6465037447,6465037211,0.014773549,0.027912032,0.0003598864
6465041190,6465040956,0.014501931,0.027248967,0.00036229563
6465047430,6465047199,0.014266845,0.02750486,0.00036366904
6465051180,6465050943,0.014399097,0.02754053,0.00036307878
6465054924,6465054692,0.014774619,0.027456129,0.00036247267
6465059920,6465059682,0.015111543,0.027778778,0.00036554382
6465064945,6465064677,0.015440018,0.027949274,0.00036913293
6465069905,6465069670,0.015399949,0.027943296,0.00037208135
6465076142,6465075912,0.014642797,0.027412593,0.0003859607
6465082387,6465082155,0.01469517,0.027815366,0.00038696977
6465086131,6465085900,0.0149519555,0.027771777,0.00038602398
6465089880,6465089645,0.015154407,0.027638996,0.00038386817
6465097382,6465097136,0.014577747,0.027789295,0.00038432045
6465099865,6465099633,0.014189472,0.027787322,0.0003836296
6465107352,6465107123,0.013949328,0.027508603,0.00037398885
6465111097,6465110869,0.014418332,0.027877754,0.00036952473
6465117345,6465117112,0.015008703,0.027805576,0.0003651024
6465121093,6465120856,0.015094027,0.02782991,0.00036669066
6465124835,6465124602,0.015068886,0.027578685,0.00036563782
6465129840,6465129596,0.014858138,0.02757538,0.0003709048
6465134834,6465134590,0.014167462,0.027641123,0.00037873356
6465142314,6465142082,0.014349518,0.027948506,0.00038351488
6465146058,6465145825,0.014506701,0.027907977,0.00037937923
6465152308,6465152070,0.014720274,0.027562639,0.0003743218
6465156076,6465155813,0.014689163,0.027350161,0.00037415285
6465159801,6465159563,0.014667819,0.027493194,0.0003735193
6465167287,6465167049,0.013742341,0.027876383,0.00037032447
6465169782,6465169546,0.013833798,0.028037976,0.00037448926
6465177282,6465177036,0.014532019,0.027846856,0.00038877656
6465181009,6465180782,0.014825506,0.02777261,0.00039213855
6465187274,6465187026,0.014937874,0.027631804,0.00039444465
6465191003,6465190769,0.014363752,0.027641656,0.00039423865
6465194753,6465194515,0.01382154,0.02763767,0.0003917362
6465199752,6465199509,0.013712808,0.027858019,0.00038464615
6465205991,6465205751,0.014112314,0.027490076,0.00038734428
6465210980,6465210745,0.01403251,0.027670788,0.00039115606
6465215971,6465215738,0.013891732,0.027808474,0.00039249918
6465223480,6465223229,0.013882247,0.027816957,0.00040014205
6465225955,6465225726,0.013907478,0.027879784,0.00039732078
6465229706,6465229472,0.014099965,0.027950434,0.00038941548
6465237198,6465236962,0.014110469,0.027626004,0.0003757691
6465240974,6465240708,0.0141178025,0.027546315,0.00037276602
6465247182,6465246949,0.01374234,0.027460637,0.0003721344
6465250937,6465250695,0.013857578,0.027794832,0.0003729183
6465259667,6465259434,0.0133524,0.027498212,0.0003684547
6465260923,6465260683,0.013321389,0.027296884,0.00036988786
6465264660,6465264428,0.013585663,0.027386364,0.00037452535
6465272147,6465271919,0.013844973,0.02818879,0.00038894924
6465275909,6465275667,0.0137278605,0.028258339,0.00039115787
6465279639,6465279409,0.013418497,0.027904304,0.00038969223
6465285904,6465285651,0.013257758,0.027482769,0.0003833249
6465293373,6465293142,0.013451706,0.02794675,0.00038185128
6465295879,6465295639,0.013602363,0.028174525,0.0003828519
6465299667,6465299384,0.013900307,0.028277997,0.00038957476
6465307105,6465306875,0.013736595,0.027486682,0.00040745936
6465310852,6465310620,0.013212153,0.027582034,0.00040967768
6465317101,6465316871,0.012899219,0.027677052,0.0004066441
6465320843,6465320608,0.012625745,0.02768827,0.00040518053
6465329583,6465329348,0.013098316,0.027841855,0.00041527147
6465330866,6465330596,0.013234204,0.027886575,0.0004160719
6465334578,6465334341,0.013388794,0.02793562,0.00041584653
6465342074,6465341831,0.0128730405,0.027834674,0.00041232145
6465345805,6465345577,0.012865876,0.027972583,0.0004171112
6465352064,6465351819,0.013288669,0.027708875,0.00042987437
6465355795,6465355565,0.013427539,0.027766807,0.00043561123
6465359548,6465359310,0.013282357,0.027709885,0.00043131466
6465365788,6465365552,0.013042222,0.027836671,0.0004218823
6465369530,6465369298,0.012429607,0.027716188,0.0004230064
6465377016,6465376788,0.0127917705,0.028057229,0.00042528755
6465380766,6465380534,0.012886542,0.028052662,0.00041594275
6465387009,6465386776,0.012933886,0.02780223,0.00040909371
6465390759,6465390521,0.01296614,0.027961545,0.00040746553
6465399491,6465399260,0.012475369,0.027667116,0.00041350556
6465400748,6465400509,0.012417728,0.02771227,0.00041365987
6465404491,6465404256,0.012048459,0.027722713,0.00041320978
6465411974,6465411745,0.012623316,0.027702259,0.0004095299
6465415718,6465415490,0.013060249,0.027704177,0.00040843096
6465421961,6465421732,0.0134576205,0.02770601,0.00040860474
6465425714,6465425477,0.013156044,0.028044075,0.0004067141
6465433203,6465432968,0.0125408275,0.02783477,0.00040929977
6465436955,6465436714,0.012253629,0.027796123,0.00041545407
6465439445,6465439211,0.012187338,0.027826088,0.00041616426
6465446930,6465446701,0.012267295,0.027726524,0.00040749984
6465450682,6465450447,0.012663724,0.027512867,0.0003966353
6465456930,6465456689,0.012422792,0.027383283,0.00038138134
6465460667,6465460434,0.012443558,0.027688418,0.00037485608
6465469409,6465469174,0.011868563,0.027678724,0.0003619264
6465471910,6465471670,0.011861504,0.027770495,0.0003609917
6465474411,6465474168,0.01222161,0.027715376,0.00036333757
6465481895,6465481658,0.013015847,0.02794623,0.00037450998
6465485637,6465485403,0.012805664,0.027929274,0.00037381562
6465491878,6465491645,0.012445754,0.027947297,0.00036878453
6465495623,6465495391,0.012333547,0.028018935,0.00036824352
6465503117,6465502882,0.012196276,0.027717177,0.00037403574
6465506855,6465506627,0.01266618,0.0276903,0.0003789719
6465510628,6465510373,0.012811769,0.02771551,0.00037748765
6465516842,6465516614,0.0125343,0.027731001,0.00037226544
6465520592,6465520360,0.011779692,0.027837133,0.00037082614
6465526831,6465526602,0.011734423,0.028084181,0.00036412003
6465530580,6465530347,0.012222155,0.028082468,0.0003577454
6465539327,6465539086,0.013046932,0.027891694,0.0003574796
6465541821,6465541583,0.012905017,0.028104806,0.00035911525
6465544333,6465544080,0.013051039,0.028141988,0.00036020446
6465551805,6465551571,0.012330366,0.027740171,0.00036752297
6465555549,6465555316,0.012000715,0.027712187,0.00036726467
6465561804,6465561558,0.012390746,0.027793286,0.0003634632
6465565589,6465565304,0.012611969,0.027695967,0.00035427487
6465573026,6465572795,0.01280974,0.02750272,0.00033938882
6465576768,6465576540,0.012681492,0.0277886,0.0003383642
6465580517,6465580285,0.012867369,0.028060913,0.00034295832
6465586766,6465586527,0.012531865,0.028027909,0.00035710025
6465590505,6465590273,0.012433833,0.027669566,0.0003601911
6465599259,6465599012,0.012821765,0.027491916,0.00035941243
6465600500,6465600260,0.013003134,0.027519673,0.00035954756
6465609233,6465609000,0.012806828,0.027742706,0.00035130273
6465611738,6465611496,0.012647186,0.028085811,0.00035145506
6465615480,6465615242,0.012281092,0.028292837,0.00035420808
6465621716,6465621484,0.012397084,0.027816938,0.0003570272
6465625473,6465625229,0.012569201,0.02746492,0.00036060857
6465632965,6465632720,0.013036076,0.027619516,0.00038105377
6465635450,6465635217,0.013266048,0.027641168,0.00038766544
6465642936,6465642707,0.012703703,0.027793473,0.0004045398
6465646687,6465646453,0.012187065,0.02797737,0.00041002876
6465650439,6465650199,0.0118019935,0.028323477,0.00041545436
6465656673,6465656440,0.012894658,0.028015265,0.00042061988
6465660427,6465660186,0.013497615,0.027736714,0.0004211328
6465669158,6465668925,0.013452472,0.027458899,0.0004324093
6465670430,6465670174,0.013279269,0.027473424,0.00043453774
6465679151,6465678913,0.012369179,0.027996223,0.00042654035
6465681637,6465681409,0.012589589,0.027862431,0.00042107535
6465685400,6465685155,0.013118235,0.027787317,0.00041331022
6465691629,6465691397,0.01367263,0.0279361,0.00040597512
6465695379,6465695147,0.013823872,0.027882827,0.00039925784
6465702868,6465702633,0.013114699,0.027874492,0.00038833628
6465705362,6465705130,0.013225239,0.027771572,0.0003877822
6465712848,6465712620,0.013117182,0.027892679,0.0003821046
6465716598,6465716366,0.012995711,0.027925065,0.00038154575
6465720353,6465720112,0.013568024,0.027859177,0.00038905328
6465726590,6465726354,0.013901803,0.027638666,0.00040723998
6465730338,6465730100,0.013452638,0.027685925,0.00040720683
6465739085,6465738838,0.012867519,0.027610943,0.00038691328
6465740326,6465740087,0.012969269,0.02776077,0.00038554712
6465749064,6465748826,0.013663535,0.02773129,0.00038163835
6465751553,6465751323,0.0137687605,0.027807292,0.0003766362
6465755320,6465755068,0.014106533,0.027836068,0.00036938873
6465761541,6465761310,0.013974354,0.02773077,0.0003654195
6465765294,6465765056,0.013614029,0.027939407,0.0003639992
6465772773,6465772546,0.013214202,0.02802266,0.00036545124
6465775296,6465775043,0.013317197,0.027930474,0.00036939178
6465782771,6465782534,0.014078503,0.02789535,0.00037090355
6465786514,6465786279,0.014283954,0.027824849,0.00036857312
6465790280,6465790024,0.014435658,0.027533036,0.00036725542
6465796498,6465796267,0.013626772,0.0276205,0.00037108164
6465800265,6465800016,0.013294194,0.02783907,0.00037429816
6465808992,6465808751,0.013965751,0.027829971,0.00037663718
6465811496,6465811248,0.01428212,0.028084926,0.00037818556
6465818969,6465818739,0.014462683,0.027979283,0.00037494706
6465821480,6465821235,0.0143341515,0.027591785,0.0003751388
6465825212,6465824981,0.013668225,0.02754497,0.0003776573
6465831453,6465831223,0.013539047,0.027809536,0.00037647015
6465835205,6465834968,0.014035966,0.02767821,0.00037281352
6465842696,6465842459,0.014582517,0.027936837,0.00036908992
6465846449,6465846205,0.014717071,0.028199263,0.00036897656
6465852692,6465852447,0.013876213,0.02803836,0.0003728501
6465856424,6465856192,0.013638168,0.027760563,0.000374783
6465860174,6465859938,0.013448665,0.02754369,0.0003768002
6465866416,6465866180,0.0137987025,0.027844276,0.00037466598
6465870176,6465869925,0.013822546,0.027974347,0.00036630107
6465878897,6465878664,0.0143644735,0.0278577,0.00034334423
6465881403,6465881161,0.014330532,0.02782943,0.0003404502
6465888889,6465888652,0.013692769,0.02749245,0.0003380465
6465891385,6465891149,0.0135752205,0.027411263,0.0003382689
6465895129,6465894894,0.013943744,0.02743997,0.0003423626
6465901364,6465901136,0.014546103,0.027540455,0.00035020863
6465905117,6465904882,0.015033919,0.027452316,0.0003498334
6465912603,6465912372,0.014336062,0.027664032,0.00035303872
6465916349,6465916118,0.014041802,0.02774309,0.00035120375
6465922596,6465922360,0.013784642,0.028078843,0.00035517444
6465926340,6465926105,0.013947027,0.028092932,0.00035192908
6465930094,6465929851,0.013878412,0.027767587,0.0003477033
6465936344,6465936093,0.014533485,0.027588109,0.0003413524
6465940082,6465939838,0.014686114,0.0275368,0.00033898436
6465948813,6465948577,0.01422845,0.027628241,0.0003471146
6465951315,6465951074,0.013729407,0.027683755,0.0003515926
6465958800,6465958565,0.013581941,0.027664643,0.00035090666
6465961305,6465961063,0.013751677,0.027740896,0.00034935962
6465965040,6465964807,0.014183157,0.027573282,0.0003479835
6465971290,6465971049,0.014906513,0.027793534,0.0003457862
6465975026,6465974795,0.014689352,0.027851604,0.00034676702
6465982517,6465982286,0.01382256,0.02779141,0.0003364107
6465986274,6465986031,0.013495655,0.027536195,0.0003290537
6465992504,6465992273,0.014439933,0.027716426,0.00032067293
6465996266,6465996018,0.014984503,0.027742565,0.00031980601
6466000053,6465999770,0.0146881,0.027789291,0.00032155053
6466007488,6466007254,0.013929349,0.027673336,0.0003266317
6466009986,6466009752,0.013609618,0.027875772,0.00032820218
6466018726,6466018490,0.01327457,0.02750718,0.0003307465
6466021217,6466020987,0.013377646,0.027325984,0.0003345653
6466028709,6466028478,0.014467649,0.027809551,0.00034996762
6466031204,6466030975,0.014525078,0.027918592,0.0003547002
6466034952,6466034720,0.01399622,0.028100133,0.00035623013
6466042450,6466042211,0.013546657,0.027946515,0.00035567724
6466044992,6466044711,0.013649326,0.027789067,0.0003562185
6466052512,6466052202,0.01454226,0.027444813,0.00036369753
6466056175,6466055944,0.0148905935,0.027460974,0.00036429163
6466062417,6466062186,0.014271922,0.027917182,0.0003655056
6466066164,6466065932,0.013950821,0.028200848,0.00037193325
6466069932,6466069677,0.013177579,0.028205037,0.0003763703
6466077405,6466077167,0.013261492,0.027794031,0.00039111756
6466079912,6466079665,0.013502685,0.02752453,0.0003962871
6466088635,6466088403,0.01378942,0.027490756,0.00038986953
6466091130,6466090901,0.013708204,0.027563043,0.00038696764
6466098629,6466098395,0.013436865,0.027881214,0.00038224345
6466101117,6466100888,0.012957065,0.027860194,0.0003829565
6466104925,6466104634,0.012728807,0.02794333,0.000381813
6466112417,6466112124,0.013429089,0.027905153,0.00036642817
6466114848,6466114621,0.013813275,0.02797033,0.0003637075
6466122343,6466122111,0.014024754,0.027773755,0.0003644164
6466126089,6466125857,0.013604952,0.027750092,0.0003696265
6466132330,6466132100,0.013170181,0.027807165,0.00038366308
6466136106,6466135844,0.012643202,0.027498903,0.0003892045
6466139829,6466139590,0.0127283875,0.02753954,0.0003963029
6466148566,6466148329,0.0137286605,0.027761778,0.00039507204
6466149866,6466149579,0.013911451,0.027798433,0.00039208442
6466158564,6466158316,0.01284118,0.028020876,0.000377603
6466161061,6466160813,0.012740213,0.027916813,0.0003732687
6466168537,6466168304,0.012888899,0.027905904,0.00036041206
6466171047,6466170806,0.012993039,0.027930522,0.00035633065
6466174778,6466174546,0.01349804,0.027920589,0.00035068305
6466182273,6466182037,0.013560593,0.027906852,0.0003427397
6466184761,6466184534,0.013296369,0.028054982,0.00034141858
6466192275,6466192031,0.012545565,0.028002946,0.0003501423
6466196051,6466195770,0.012612776,0.027882958,0.00035773197
6466203494,6466203263,0.013114801,0.027787454,0.00037870268
6466205990,6466205757,0.013184245,0.027773362,0.00038500727
6466209786,6466209503,0.012970309,0.027511097,0.00039023813
6466218487,6466218242,0.012399211,0.027648933,0.00039406825
6466220978,6466220739,0.01219701,0.027661432,0.0003914762
6466228478,6466228230,0.012408023,0.028076367,0.00038611208
6466230959,6466230726,0.012592414,0.02806048,0.00038817595
6466238461,6466238218,0.013435029,0.027904635,0.00040417633
6466240956,6466240714,0.01340503,0.027904127,0.00040920655
6466244690,6466244459,0.013091745,0.028046235,0.0004115997
6466252175,6466251950,0.012313897,0.027541062,0.00038892988
6466255946,6466255696,0.012147681,0.027562207,0.00037823548
6466262225,6466261938,0.012281705,0.027929151,0.00037836662
6466265912,6466265683,0.012795064,0.027867375,0.00037833062
6466273417,6466273174,0.01301912,0.027780939,0.00038087432
6466275905,6466275670,0.012910121,0.027694633,0.00038097275
6466279654,6466279416,0.0125888195,0.027744446,0.00038470747
6466287139,6466286907,0.011656068,0.02774769,0.00039379497
6466290884,6466290652,0.011861551,0.027923051,0.00039671094
6466298376,6466298143,0.012526221,0.02777129,0.0003919723
6466300884,6466300639,0.01277306,0.027827393,0.00039012203
6466308371,6466308130,0.012243658,0.027593603,0.00038651485
6466310858,6466310627,0.011809871,0.027943723,0.00038306543
6466314643,6466314372,0.011878161,0.028144574,0.00037755686
6466322146,6466321869,0.012172206,0.027881427,0.00037068265
6466325843,6466325608,0.012254805,0.027569233,0.0003670207
6466332088,6466331850,0.012601156,0.027369669,0.00036390786
6466335841,6466335596,0.012373372,0.02761529,0.00036357378
6466343332,6466343087,0.011945114,0.028039247,0.0003686354
6466345820,6466345584,0.011930558,0.028088478,0.00037142902
6466349567,6466349330,0.012252299,0.028025722,0.00037159197
6466358309,6466358068,0.012691856,0.027881328,0.00036933622
6466360802,6466360565,0.012543735,0.027792353,0.00036702357
6466368298,6466368056,0.011793759,0.027692035,0.00035556237
6466370797,6466370553,0.011627588,0.027843123,0.00035954698
6466378288,6466378043,0.011696332,0.027583543,0.00037064136
6466380776,6466380541,0.011522776,0.02777552,0.00036588608
6466384514,6466384285,0.011870321,0.028000182,0.0003562368
6466392025,6466391790,0.012720948,0.02804195,0.0003447578
6466395750,6466395521,0.012523816,0.027876375,0.00034011912
6466401993,6466401764,0.011943621,0.027820874,0.00033099944
6466405741,6466405509,0.011842504,0.027718056,0.00033371296
6466413244,6466413000,0.0120998705,0.027589062,0.00034130138
6466416985,6466416745,0.012240751,0.027839573,0.0003460712
6466419521,6466419245,0.012626717,0.02784333,0.0003489655
6466428222,6466427982,0.0125760455,0.027931072,0.00035268918
6466430709,6466430478,0.012537768,0.027952317,0.0003513458
6466436959,6466436720,0.011804877,0.027866399,0.00035135535
6466440697,6466440466,0.012118549,0.027846716,0.00035784568
6466448190,6466447957,0.01222382,0.027907295,0.00036448016
6466451936,6466451702,0.012360019,0.027837727,0.00036612502
6466454433,6466454198,0.012382414,0.027683051,0.00036388324
6466461919,6466461689,0.0125497095,0.028016394,0.00035986572
6466465680,6466465434,0.01235685,0.027976688,0.00036313292
6466471933,6466471677,0.0124392705,0.02770493,0.0003709897
6466475653,6466475422,0.012509223,0.027821833,0.00037383402
6466483148,6466482913,0.0126762455,0.02785366,0.00037427983
6466488149,6466487907,0.012591106,0.027914869,0.0003660379
6466489390,6466489155,0.012418115,0.027934574,0.00036509376
6466496878,6466496646,0.011971686,0.027721707,0.000366911
6466500633,6466500391,0.011982184,0.027571708,0.00036849637
6466508112,6466507882,0.012799483,0.027971147,0.00035351072
6466510614,6466510379,0.012948411,0.027947137,0.00034632406
6466518113,6466517870,0.012753582,0.027887011,0.00034896645
6466521844,6466521615,0.012295194,0.02777561,0.0003571933
6466524374,6466524112,0.012097259,0.027656838,0.00036273882
6466531918,6466531602,0.012097456,0.027981881,0.000366784
6466535585,6466535348,0.012609071,0.028059343,0.0003679608
6466541823,6466541590,0.013295287,0.027917843,0.00037390064
6466545570,6466545336,0.013399334,0.02768369,0.0003738272
6466553063,6466552826,0.012490369,0.02767667,0.00037302764
6466558058,6466557820,0.012376233,0.027968766,0.00037482436
6466559311,6466559069,0.0122782625,0.027929269,0.00037525393
6466566790,6466566559,0.012580416,0.02750318,0.00036930476
6466570540,6466570304,0.013095797,0.027788335,0.00037295415
6466578037,6466577795,0.013610654,0.027922038,0.0003761148
6466580524,6466580292,0.013293656,0.027704855,0.00037305348
6466588037,6466587791,0.012651859,0.027618501,0.00035636534
6466591791,6466591528,0.012577135,0.027881881,0.00035097482
6466595510,6466595273,0.012774844,0.02777953,0.00035126077
6466601744,6466601515,0.013585239,0.027937358,0.0003494381
6466605522,6466605274,0.013866059,0.027943132,0.0003458217
6466613003,6466612752,0.013393835,0.027828924,0.00033676822
6466615490,6466615248,0.013126618,0.027484672,0.00033365478
6466622977,6466622739,0.012973692,0.027430005,0.0003250844
6466629238,6466628982,0.01349487,0.028217115,0.00032408585
6466630477,6466630230,0.0136199435,0.028269203,0.00032429205
6466636725,6466636472,0.013555228,0.0277672,0.00033140046
6466640450,6466640217,0.013695928,0.027547585,0.000336788
6466647948,6466647708,0.013595266,0.027663127,0.00033997206
6466650439,6466650205,0.0133286035,0.027754944,0.00034476322
6466657936,6466657696,0.013916492,0.02770296,0.00035359297
6466661673,6466661441,0.01412642,0.027727442,0.0003572015
6466665430,6466665187,0.0143086165,0.027714968,0.0003600224
6466671677,6466671435,0.013852792,0.027916895,0.00036359305
6466675413,6466675174,0.013471026,0.027933495,0.00036199312
6466682912,6466682664,0.013481709,0.02785139,0.0003645855
6466685395,6466685162,0.013688622,0.027630704,0.00036696726
6466692887,6466692652,0.014018889,0.027736442,0.0003584218
6466697885,6466697646,0.013946059,0.027783861,0.00034407547
6466700384,6466700143,0.013999876,0.027723894,0.00033710027
6466706637,6466706385,0.013944953,0.027624348,0.00033098395
6466710361,6466710130,0.013864196,0.027729692,0.00033379503
6466717854,6466717621,0.014158958,0.028214475,0.00034257944
6466720352,6466720118,0.014343987,0.028135797,0.0003416626
6466727850,6466727609,0.0146804135,0.027610641,0.00034216951
6466731587,6466731355,0.014417955,0.027585039,0.00033813805
6466735345,6466735099,0.014122804,0.027708266,0.00033409963
6466741584,6466741342,0.014027664,0.027704189,0.00033549377
6466745334,6466745087,0.014104126,0.027805462,0.0003381328
6466752820,6466752577,0.014560538,0.02767969,0.00035005965
6466755326,6466755075,0.014616373,0.02775309,0.00035215425
6466762797,6466762565,0.015016122,0.027440958,0.0003492727
6466767797,6466767559,0.0143841095,0.028056107,0.00034907638
6466770300,6466770056,0.01421206,0.028181897,0.00035228897
6466777780,6466777547,0.014098877,0.028128086,0.00036538328
6466780286,6466780044,0.014398427,0.027785942,0.0003690524
6466787772,6466787534,0.01508208,0.027518885,0.00038011823
6466790266,6466790031,0.014948994,0.027522178,0.00037815844
6466797762,6466797522,0.013972482,0.027483428,0.00037151462
6466801507,6466801269,0.0143114,0.027438473,0.000368878
6466805255,6466805013,0.014509296,0.027652781,0.0003668733
6466811491,6466811259,0.014578179,0.027744021,0.0003662337
6466815235,6466815000,0.01501491,0.028081309,0.00036165674
6466822723,6466822491,0.014805645,0.027696911,0.00035920326
6466827717,6466827485,0.01422203,0.027505472,0.00036006243
6466832720,6466832478,0.014771763,0.027568072,0.0003644705
6466836452,6466836224,0.01509549,0.027374344,0.00036892842
6466840204,6466839969,0.015248228,0.027390948,0.00037099427
6466847698,6466847459,0.015489731,0.027585581,0.00037379668
6466850188,6466849957,0.015083888,0.02745387,0.0003739622
6466857687,6466857447,0.014534779,0.027647814,0.00037364216
6466861462,6466861195,0.014785035,0.027648415,0.0003774652
6466867670,6466867435,0.01458592,0.027518233,0.00037291297
6466871415,6466871181,0.014841782,0.027796168,0.000368189
6466875155,6466874925,0.01529642,0.027826425,0.0003586837
6466881402,6466881168,0.015336702,0.027621303,0.00034040783
6466885157,6466884921,0.01510303,0.027814088,0.00033861303
6466892644,6466892404,0.014479932,0.02763031,0.00035059423
6466897630,6466897398,0.014486634,0.027793704,0.0003578124
6466902631,6466902392,0.014771942,0.027529547,0.00036264793
6466907624,6466907385,0.0148336645,0.027525889,0.0003672832
6466910119,6466909882,0.014925906,0.027611865,0.0003702351
6466916360,6466916124,0.015164356,0.027473222,0.00036533058
6466920097,6466919869,0.015142342,0.027777014,0.0003627943
6466927593,6466927360,0.015113942,0.027856154,0.00036713306
6466931336,6466931105,0.015282568,0.028001526,0.00036959993
6466937587,6466937348,0.015021328,0.02807434,0.00037219256
6466941326,6466941093,0.014801299,0.027746286,0.00037894977
6466945078,6466944839,0.014629484,0.02768977,0.00039039322
6466951369,6466951081,0.014715196,0.027504629,0.00040340394
6466955067,6466954826,0.015212048,0.02783274,0.00040937104
6466962551,6466962317,0.015727844,0.027799973,0.00041035318
6466966307,6466966062,0.015527604,0.02754089,0.00041644348
6466972539,6466972305,0.01472152,0.027743334,0.00041947633
6466977534,6466977298,0.014272709,0.027783535,0.00042255578
6466980027,6466979795,0.014300602,0.027810331,0.00042574797
6466987521,6466987286,0.014451076,0.027755434,0.00043160847
6466990014,6466989783,0.014609016,0.02766053,0.00043452127
6466997509,6466997273,0.015496033,0.027663901,0.0004369695
6467001254,6467001019,0.015312402,0.027634945,0.0004341398
6467007496,6467007261,0.014551265,0.028096182,0.0004342823
6467011241,6467011007,0.014245549,0.027588088,0.00043600626
6467014985,6467014751,0.014182144,0.02752117,0.00043414635
6467022482,6467022242,0.01538664,0.02776826,0.00042842334
6467024976,6467024739,0.015397933,0.027848296,0.00042727854
6467032471,6467032231,0.014334133,0.027960524,0.0004325836
6467036207,6467035975,0.014142025,0.027675878,0.00043293458
6467042454,6467042218,0.014229341,0.027554326,0.0004332437
6467047452,6467047211,0.014445799,0.027787633,0.0004303857
6467049947,6467049708,0.0144718755,0.028199252,0.00042791525
6467057446,6467057199,0.014725054,0.028232392,0.00042713014
6467059932,6467059696,0.014585408,0.027869673,0.0004291548
6467067420,6467067187,0.014027053,0.02747308,0.00042369973
6467071169,6467070932,0.013568464,0.027581964,0.00042076746
6467077413,6467077174,0.0144993905,0.027654381,0.00043345732
6467081156,6467080927,0.014600831,0.027656797,0.00044257645
6467084891,6467084664,0.014389254,0.02800483,0.0004449057
6467092396,6467092155,0.014517715,0.027940702,0.00042862556
6467094891,6467094652,0.014521712,0.027927078,0.00042401094
6467102381,6467102143,0.013962192,0.027698398,0.00041521608
6467106126,6467105891,0.013936021,0.027432634,0.00041098832
6467112372,6467112131,0.014045047,0.027473718,0.00040939785
6467117363,6467117125,0.014247703,0.02761119,0.00041133582
6467119851,6467119621,0.014292778,0.027714234,0.00041268725
6467127350,6467127112,0.013747319,0.028067352,0.0004189216
6467131090,6467130857,0.013602306,0.027724782,0.00041785714
6467137334,6467137100,0.01358525,0.027714899,0.000416116
6467141084,6467140845,0.014007479,0.027601995,0.00041946038
6467147325,6467147087,0.013878443,0.027774729,0.00041696883
6467151061,6467150832,0.013575065,0.028182628,0.0004105613
6467154813,6467154578,0.013335302,0.028359503,0.00040607495
6467162361,6467162070,0.01363281,0.028355524,0.00040503248
6467164797,6467164565,0.013443772,0.02815733,0.00040617047
6467172297,6467172056,0.013818156,0.027402448,0.00040847738
6467176035,6467175801,0.014098938,0.027404943,0.00041512513
6467182289,6467182046,0.013761547,0.02796074,0.00042464468
6467187276,6467187037,0.013241547,0.027721433,0.000414925
6467189764,6467189534,0.013035597,0.027632121,0.00040870858
6467197267,6467197025,0.013290595,0.027651086,0.00039260383
6467201002,6467200773,0.013754446,0.027598096,0.0003868898
6467207258,6467207013,0.014150549,0.02739404,0.00038446265
6467210988,6467210758,0.01389592,0.027261512,0.00038496856
6467218487,6467218249,0.012784373,0.027712677,0.00038535806
6467222242,6467221994,0.012620965,0.027707582,0.00038268938
6467224778,6467224491,0.012633795,0.027611995,0.00038090596
6467232211,6467231982,0.013415699,0.02785918,0.00038564682
6467237228,6467236975,0.013699759,0.028166585,0.000390474
6467242203,6467241969,0.013549807,0.027976464,0.0003876262
6467247199,6467246964,0.013381523,0.027799439,0.00038128882
6467253447,6467253205,0.012356536,0.027728446,0.0003742989
6467257193,6467256951,0.012085454,0.027689185,0.0003757966
6467259682,6467259447,0.012448924,0.02781558,0.0003777822
6467267180,6467266938,0.0130326,0.027801538,0.00037980557
6467270925,6467270687,0.013397858,0.027798848,0.00037506744
6467277161,6467276926,0.012888043,0.02775808,0.00036763513
6467280897,6467280671,0.01266197,0.027699094,0.0003621598
6467288406,6467288162,0.012449269,0.027862862,0.0003598056
6467290902,6467290660,0.012915934,0.028134547,0.00035682676
6467294636,6467294407,0.013301346,0.028033538,0.00035399303
6467302127,6467301895,0.013471746,0.027431114,0.0003592213
6467307127,6467306889,0.013133806,0.02746006,0.0003644082
6467312138,6467311882,0.012860564,0.027983565,0.00037399074
6467317110,6467316876,0.012546569,0.02764415,0.00037637303
6467323370,6467323119,0.01287859,0.027918583,0.00038439757
6467327104,6467326870,0.013359575,0.027829263,0.00039239027
6467329592,6467329360,0.013479259,0.0276744,0.00039702124
6467337093,6467336852,0.012773933,0.027839204,0.00039547394
6467340822,6467340596,0.012253397,0.027736891,0.00038988102
6467347075,6467346839,0.012236411,0.027763959,0.00037854153
6467350814,6467350584,0.012631051,0.027674722,0.00037644306
6467358315,6467358075,0.013034064,0.02788041,0.00038766337
6467362061,6467361820,0.013216666,0.027719185,0.0003895055
6467364550,6467364317,0.013283962,0.02770848,0.0003855661
6467372047,6467371808,0.012727676,0.02781255,0.00036796439
6467378291,6467378050,0.012530802,0.027930422,0.00036186664
6467382049,6467381795,0.012684605,0.02761621,0.00036051328
6467385784,6467385541,0.012984221,0.027551185,0.0003626982
6467393266,6467393031,0.012961954,0.027909722,0.00036643437
6467397016,6467396777,0.013067065,0.028120985,0.00036772122
6467399503,6467399273,0.012932187,0.028188057,0.00036914108
6467406997,6467406764,0.013031008,0.027682558,0.0003798729
6467410740,6467410509,0.013094668,0.027718931,0.00038406585
6467416994,6467416752,0.012715636,0.027875984,0.00038370898
6467420728,6467420497,0.0127121555,0.02801025,0.00038355376
6467428220,6467427988,0.013113498,0.027615521,0.00038926324
6467431977,6467431737,0.013198647,0.02763573,0.00038899298
6467434472,6467434234,0.012843256,0.027676428,0.00038756733
6467441955,6467441721,0.012789846,0.02790452,0.00038565788
6467446956,6467446714,0.013415249,0.027712608,0.00039134748
6467451944,6467451709,0.013604555,0.027482731,0.00039262036
6467456944,6467456702,0.013155229,0.02766554,0.00038557162
6467463173,6467462944,0.012805662,0.02809902,0.0003668765
6467466959,6467466691,0.012677827,0.027738484,0.00035799816
6467469437,6467469201,0.012850118,0.02767936,0.00035356233
6467476930,6467476677,0.0136234695,0.027708229,0.00034454427
6467480660,6467480425,0.01384623,0.027803618,0.00033892767
6467486918,6467486666,0.013369742,0.028064704,0.00033463055
6467490646,6467490411,0.012904568,0.02793213,0.00034350398
6467498173,6467497901,0.0128086815,0.027164688,0.00035841914
6467501901,6467501646,0.013101035,0.027170915,0.00035455916
6467504374,6467504143,0.01326351,0.027481144,0.0003498308
6467511865,6467511634,0.013890443,0.027947776,0.00035076324
6467516864,6467516628,0.0133406855,0.028158147,0.00034971713
6467521859,6467521622,0.012880015,0.028418662,0.00035276797
6467526849,6467526615,0.013026403,0.02782819,0.00035047124
6467533088,6467532857,0.013709785,0.027521204,0.00033855365
6467536837,6467536603,0.014007564,0.027497116,0.00033143308
6467539330,6467539100,0.014000182,0.027518263,0.00032762802
6467546827,6467546591,0.013778939,0.027771618,0.00032506394
6467550567,6467550336,0.01354199,0.027654676,0.00032392688
6467558060,6467557827,0.0132589275,0.028161084,0.00031198774
6467560571,6467560323,0.013396984,0.028310262,0.0003097084
6467568054,6467567814,0.01437083,0.027980981,0.00030965463
6467571814,6467571560,0.014255252,0.027804649,0.00031191256
6467574294,6467574059,0.014063971,0.027619667,0.00031278454
6467581780,6467581547,0.013425179,0.028007073,0.00030405034
6467586777,6467586541,0.013751261,0.027815336,0.000302651
6467593023,6467592783,0.01393832,0.027960164,0.00031946218
6467596762,6467596528,0.014046864,0.027956858,0.00032815078
6467602998,6467602771,0.014394828,0.02788525,0.00033123253
6467606748,6467606516,0.014309216,0.027945478,0.00032726495
6467609247,6467609013,0.013926061,0.027813114,0.00032618636
6467616736,6467616504,0.01383582,0.027519895,0.0003297846
6467620509,6467620249,0.0141731575,0.027664844,0.00033121492
6467627972,6467627739,0.014725558,0.027681975,0.0003333174
6467630474,6467630237,0.0145067945,0.0277365,0.00033200954
6467637964,6467637730,0.013967063,0.027581763,0.00033164228
6467641708,6467641472,0.013756997,0.027629435,0.0003307715
6467645468,6467645218,0.013896349,0.02794362,0.00032525448
6467651695,6467651460,0.01445062,0.02810669,0.00031234682
6467656693,6467656454,0.01501224,0.027823105,0.00030872715
6467662940,6467662696,0.014762695,0.027499435,0.00031444227
6467666678,6467666441,0.014864812,0.027916385,0.0003202163
6467672923,6467672683,0.014196995,0.028189525,0.00033605195
6467676663,6467676429,0.013898835,0.028086301,0.00034937268
6467680418,6467680175,0.014218811,0.027703358,0.0003592103
6467686660,6467686423,0.014756281,0.026988702,0.0003685883
6467690397,6467690163,0.015195416,0.027178492,0.00036963378
6467697896,6467697652,0.014690645,0.027913863,0.00036677968
6467700383,6467700150,0.014674127,0.027840422,0.0003698264
6467707878,6467707640,0.014213776,0.02788484,0.00037136872
6467711622,6467711386,0.014126983,0.02784644,0.00036894044
6467716610,6467716379,0.014443667,0.027959498,0.00037118327
6467721607,6467721373,0.015168058,0.02788754,0.0003775665
6467725357,6467725118,0.015425634,0.027901,0.00038340577
6467732839,6467732609,0.014721174,0.02767452,0.00039345486
6467736595,6467736358,0.014580653,0.027694648,0.0003939613
6467742826,6467742597,0.0146472715,0.02787952,0.00038491213
6467746575,6467746342,0.015150805,0.02799149,0.00038530203
6467750319,6467750087,0.015650054,0.0280226,0.00039229947
6467756565,6467756330,0.015672022,0.027880063,0.00040089822
6467760326,6467760075,0.015452915,0.027564006,0.00040774827
6467767793,6467767566,0.014011466,0.027429374,0.00042196194
6467770303,6467770063,0.01387678,0.027442096,0.0004252503
6467777789,6467777553,0.014945344,0.027627483,0.00042002482
6467781536,6467781303,0.015769033,0.027488723,0.00041706505
6467786527,6467786293,0.015780628,0.027485896,0.0004118118
6467791521,6467791286,0.014929987,0.0279506,0.00040542296
6467796515,6467796280,0.014552003,0.028156638,0.00039658928
6467802778,6467802522,0.014732941,0.027675372,0.00039635805
6467806505,6467806268,0.015421031,0.02728765,0.00039717325
6467812744,6467812510,0.016116973,0.02719043,0.0004018261
6467816488,6467816255,0.016043,0.027533276,0.00040680726
6467820231,6467820000,0.015387755,0.028005848,0.00041143483
6467826487,6467826243,0.01451938,0.028019449,0.00041921044
6467830222,6467829988,0.014402167,0.027627686,0.00042247638
6467837722,6467837479,0.015347989,0.027268868,0.0004333314
6467841467,6467841224,0.015616012,0.027590176,0.00043615224
6467847704,6467847466,0.016014284,0.02826084,0.00043849924
6467851447,6467851212,0.015765376,0.02796441,0.00043899773
6467855187,6467854957,0.015296471,0.027691586,0.00043844554
6467861433,6467861199,0.01440635,0.028105685,0.0004373206
6467866435,6467866193,0.014665577,0.027881684,0.00043356876
6467872680,6467872440,0.014972793,0.027912948,0.00043120002
6467876428,6467876181,0.015078154,0.027848072,0.00043277006
6467882659,6467882423,0.01519283,0.027499773,0.00042423012
6467886405,6467886169,0.015012149,0.02721233,0.00042246224
6467890150,6467889913,0.015082847,0.02732041,0.00041941516
6467896398,6467896156,0.015086253,0.02754746,0.00041864268
6467900135,6467899901,0.0153032215,0.027797094,0.0004236981
6467907627,6467907394,0.015339973,0.027673423,0.00042697767
6467911372,6467911137,0.0151733905,0.027456084,0.00042581122
6467917609,6467917380,0.014855264,0.028083658,0.00041968987
6467921359,6467921125,0.014963835,0.028239924,0.00041682654
6467926353,6467926119,0.014578783,0.02765976,0.00041937074
6467931347,6467931112,0.015040319,0.027636789,0.0004253485
6467935094,6467934858,0.015376127,0.027510582,0.00042107812
6467942579,6467942348,0.014627686,0.027603999,0.0004109681
6467946327,6467946094,0.014442949,0.027767915,0.00040914095
6467952570,6467952336,0.014164711,0.027807394,0.00039558654
6467956321,6467956082,0.014323173,0.02800469,0.00038734364
6467960064,6467959827,0.0147162555,0.028081013,0.00038058378
6467966305,6467966069,0.014871213,0.027646009,0.00038389285
6467970060,6467969814,0.015026933,0.027456662,0.00038854915
6467977536,6467977305,0.014388459,0.027738476,0.0003927229
6467981289,6467981050,0.013933196,0.02777677,0.0003921593
6467987525,6467987293,0.014359921,0.027850298,0.00039152295
6467991276,6467991038,0.014847924,0.02791084,0.00039076048
6467996272,6467996031,0.014960671,0.02785531,0.00039417238
6468002506,6468002274,0.014743702,0.027298246,0.00040167288
6468006264,6468006020,0.014305739,0.027256973,0.00040527203
6468012495,6468012262,0.014001687,0.02765729,0.00041386264
6468016246,6468016007,0.014017412,0.027727619,0.00041316342
6468019993,6468019752,0.014327197,0.027672492,0.0004097786
6468026230,6468025994,0.014117427,0.027986333,0.00040557512
6468029972,6468029740,0.014187514,0.02799294,0.00040188644
6468037477,6468037231,0.013665804,0.027708488,0.00038611036
6468039978,6468039727,0.013526507,0.027676402,0.00038337574
6468047458,6468047218,0.014209973,0.027928831,0.00038155288
6468051196,6468050963,0.014426107,0.027935894,0.0003787561
6468056192,6468055957,0.014573619,0.027360644,0.0003807665
6468061192,6468060951,0.014045401,0.02722441,0.0003776677
6468066182,6468065945,0.013349506,0.027303444,0.0003719567
6468072423,6468072187,0.012982697,0.027704628,0.00038760595
6468076189,6468075932,0.013353633,0.027797686,0.00039957033
6468082416,6468082175,0.013954755,0.027644373,0.00041058572
6468086158,6468085920,0.01418561,0.027685242,0.0004126649
6468089907,6468089665,0.014207289,0.027558351,0.0004127627
6468096145,6468095908,0.013611724,0.0276781,0.00040995248
6468099886,6468099652,0.013384624,0.028031234,0.00040953734
6468107376,6468107144,0.013527381,0.027994776,0.00039987089
6468109880,6468109640,0.013732864,0.027915617,0.00039926748
6468117366,6468117131,0.013890978,0.027611528,0.0004097858
6468121111,6468120876,0.013914871,0.027664823,0.00041240946
6468126110,6468125870,0.013048141,0.027725564,0.00041550145
6468131107,6468130871,0.012752223,0.02743419,0.00041315405
6468134837,6468134609,0.012882994,0.02731984,0.0004096184
6468142329,6468142100,0.013306623,0.02730073,0.00040230766
6468146093,6468145845,0.0139424475,0.027484598,0.00039431668
6468152319,6468152087,0.013819915,0.027738906,0.0004037398
6468156072,6468155833,0.013038331,0.027784972,0.00041305908
6468159814,6468159578,0.012809696,0.027777242,0.00041587974
6468166055,6468165820,0.012419176,0.02743996,0.0004121885
6468169806,6468169566,0.013180884,0.0274476,0.00041244214
6468177296,6468177057,0.01433706,0.027920349,0.00041566667
6468179788,6468179555,0.014028325,0.02801088,0.00041513867
6468187300,6468187044,0.012688585,0.027501365,0.00040015051
6468191095,6468190789,0.012431079,0.027187653,0.0003900327
6468197277,6468197032,0.012080737,0.027463073,0.00038445133
6468201010,6468200777,0.012561325,0.027527018,0.0003867349
6468206006,6468205771,0.013337995,0.027430302,0.0003862506
6468212262,6468212013,0.013610353,0.02778496,0.00038359096
6468215992,6468215758,0.013027309,0.02796867,0.00037798777
6468222283,6468222000,0.012421141,0.027815575,0.0003690024
6468225980,6468225746,0.012496643,0.027619543,0.0003625431
6468233480,6468233240,0.01293064,0.028188366,0.00035598635
6468235966,6468235734,0.012608012,0.028169727,0.0003545095
6468239708,6468239479,0.012654656,0.027570685,0.00035558714
6468247203,6468246970,0.012741091,0.027490882,0.00035988897
6468250958,6468250715,0.012143557,0.027362728,0.00036225756
6468257192,6468256957,0.012335647,0.027296966,0.00036475871
6468260969,6468260707,0.012510224,0.027279686,0.00036803554
6468265934,6468265696,0.013136264,0.027907338,0.0003720751
6468270930,6468270690,0.013142175,0.0279854,0.00036650058
6468274665,6468274435,0.012624388,0.027846707,0.00036201737
6468282159,6468281926,0.011782123,0.027858114,0.00037916403
6468285932,6468285673,0.012049508,0.027524393,0.00038709614
6468292141,6468291914,0.012782648,0.027573176,0.00038840284
6468295907,6468295659,0.0131337885,0.027802832,0.00039053836
6468303383,6468303150,0.013269188,0.027444435,0.00038058814
6468305879,6468305647,0.0129581895,0.027506078,0.00037948895
6468309625,6468309392,0.01232117,0.027689323,0.00038059062
6468317120,6468316883,0.011713152,0.027703833,0.00038230338
6468320866,6468320628,0.012505719,0.02762206,0.00038039093
6468327104,6468326870,0.01274682,0.027505081,0.0003714788
6468330847,6468330616,0.012772638,0.027489325,0.000371183
6468335847,6468335609,0.01281057,0.02767972,0.00038178355
6468340869,6468340603,0.012567424,0.027582949,0.00038832446
6468345841,6468345597,0.012216842,0.027570069,0.00037996247
6468352077,6468351839,0.01284736,0.027351037,0.00036523808
6468355821,6468355585,0.013064674,0.02724459,0.00036081692
6468362064,6468361827,0.013094439,0.027695777,0.00035636043
6468365805,6468365572,0.013168834,0.027973518,0.00035965786
6468373300,6468373063,0.012435404,0.027969867,0.00036997354
6468377044,6468376808,0.012455558,0.027739808,0.0003751244
6468379548,6468379305,0.012677214,0.027599275,0.00038016375
6468387030,6468386796,0.013283434,0.027402358,0.00039047434
6468390777,6468390541,0.013142694,0.027512534,0.0003897101
6468397028,6468396784,0.0125934165,0.027542992,0.00038504324
6468400767,6468400529,0.012404115,0.027720118,0.00037751408
6468405759,6468405523,0.012055223,0.027786627,0.0003691987
6468411994,6468411765,0.0130776055,0.02758656,0.00037073635
6468416989,6468416759,0.013898423,0.027903108,0.00036248507
6468421992,6468421752,0.013686374,0.02795923,0.00035489415
6468425733,6468425498,0.013173244,0.027846588,0.0003526759
6468431976,6468431740,0.012245112,0.027546419,0.00035282355
6468435723,6468435485,0.012130961,0.027338782,0.00035327923
6468443210,6468442976,0.01317805,0.02718899,0.00036685535
6468446966,6468446721,0.01351136,0.027169693,0.00037403483
6468449449,6468449218,0.013522235,0.027299061,0.00037753017
6468456952,6468456709,0.013786997,0.027961833,0.00037229803
6468460698,6468460454,0.013571646,0.027747963,0.00036409782
6468465688,6468465448,0.013036435,0.027753385,0.0003579419
6468470678,6468470442,0.013030792,0.027711382,0.00036398607
6468475670,6468475436,0.013317521,0.027543403,0.000370488
6468481935,6468481678,0.013504783,0.027794784,0.00036779925
6468485663,6468485424,0.013636263,0.027362073,0.00036997304
6468491899,6468491665,0.013730055,0.02756353,0.00037161278
6468495647,6468495411,0.013528476,0.02785012,0.00036933468
6468501887,6468501653,0.013397602,0.027800223,0.00036699942
6468505636,6468505399,0.01355212,0.028058287,0.0003698127
6468513131,6468512889,0.0138072,0.027960613,0.00036661563
6468516866,6468516634,0.013952052,0.027581133,0.0003636138
6468519429,6468519131,0.013863548,0.027407574,0.00036164912
6468526852,6468526622,0.013714002,0.027606275,0.0003606368
6468530610,6468530367,0.013860199,0.027535561,0.00036572627
6468536849,6468536609,0.01391272,0.027330177,0.00038104592
6468540599,6468540355,0.013925467,0.027620984,0.00038371686
6468545586,6468545349,0.014148395,0.027734753,0.00038474184
6468551829,6468551591,0.0139401825,0.02784499,0.00038384605
6468554331,6468554088,0.013660716,0.027875809,0.00038638595
6468561809,6468561579,0.013816908,0.027679233,0.00039718236
6468566806,6468566572,0.014590894,0.027138758,0.0004067101
6468571797,6468571566,0.01413477,0.027294299,0.00040997236
6468575546,6468575311,0.013964756,0.027355427,0.00040454417
6468583039,6468582802,0.01399974,0.027760811,0.0004008285
6468586786,6468586548,0.014096569,0.02768856,0.00039856991
6468589290,6468589044,0.014413901,0.027611218,0.00039426435
6468596767,6468596535,0.014725585,0.027469484,0.0003873761
6468600519,6468600280,0.0146525195,0.027696338,0.0003873074
6468605520,6468605274,0.014312372,0.0277919,0.00038645876
6468610509,6468610268,0.013866287,0.027699258,0.00038663932
6468615499,6468615261,0.013941149,0.02787934,0.0003882361
6468621732,6468621504,0.01451019,0.027812326,0.0003913599
6468625489,6468625249,0.014654426,0.027523313,0.00039625284
6468631727,6468631491,0.014596429,0.027803026,0.00040421716
6468635474,6468635237,0.014426879,0.027715456,0.00040322318
6468642963,6468642727,0.014315147,0.02772622,0.00040414077
6468645467,6468645224,0.01432851,0.02764326,0.00040580667
6468652952,6468652715,0.014566688,0.027430687,0.00039817643
6468656695,6468656461,0.014843429,0.027722545,0.00039881887
6468660463,6468660210,0.014648761,0.02735178,0.00040411
6468666679,6468666448,0.014532586,0.027237853,0.00041577278
6468670428,6468670193,0.014404782,0.027589219,0.00041918326
6468675423,6468675187,0.014408385,0.027769389,0.00041850063
6468680423,6468680181,0.0142472405,0.027813181,0.0004151836
6468685409,6468685175,0.014660359,0.027505785,0.00041595637
6468691650,6468691417,0.0149505995,0.027349243,0.00041230762
6468695408,6468695162,0.014959971,0.02742594,0.00041108837
6468701637,6468701404,0.014396686,0.027826639,0.00040602539
6468705385,6468705150,0.013724142,0.027791854,0.0004061959
6468712877,6468712640,0.014581973,0.027476849,0.00041603515
6468715378,6468715137,0.014862731,0.027464708,0.00041850738
6468722859,6468722628,0.015335548,0.0277961,0.00043489964
6468726606,6468726374,0.015166078,0.027744373,0.00044565648
6468730404,6468730121,0.014679999,0.027926287,0.00044795123
6468736607,6468736361,0.014590677,0.027668105,0.00044441115
6468740352,6468740107,0.014776108,0.02756799,0.00043855427
6468745340,6468745106,0.014566212,0.027351376,0.0004353395
6468750333,6468750098,0.014748698,0.02727984,0.00043253365
6468755320,6468755088,0.014851171,0.027181726,0.00042638063
6468761589,6468761330,0.01433384,0.027691202,0.00042198825
6468765317,6468765076,0.014441965,0.028012432,0.0004217081
6468771552,6468771318,0.014531137,0.027701225,0.00042401935
6468775305,6468775063,0.01485185,0.027453795,0.00042679362
6468782785,6468782554,0.01531726,0.027661465,0.00042291725
6468786539,6468786299,0.015145109,0.027417457,0.00041901701
6468792781,6468792544,0.014380835,0.02787889,0.00041471698
6468796522,6468796287,0.014250448,0.028064528,0.00041065807
6468800278,6468800032,0.014064287,0.027996972,0.00040328255
6468806518,6468806274,0.014742385,0.027655818,0.00038974013
6468810272,6468810019,0.015137534,0.027393796,0.00038680097
6468817737,6468817510,0.014908349,0.027286809,0.00038169778
6468821500,6468821268,0.01450427,0.027381925,0.0003721944
6468825241,6468825001,0.014137845,0.027441787,0.0003625828
6468831486,6468831244,0.014325095,0.02758373,0.0003448833
6468835224,6468834988,0.014151696,0.0277091,0.0003428449
6468841474,6468841231,0.014525998,0.027442986,0.00033791608
6468845214,6468844976,0.014799556,0.027436525,0.00033797763
6468852710,6468852467,0.014321154,0.027812807,0.00033678135
6468856468,6468856215,0.014027555,0.0278116,0.00033691913
6468862689,6468862461,0.014255717,0.027752647,0.00034582693
6468866433,6468866200,0.01456453,0.02766749,0.00035233755
6468870191,6468869945,0.014947747,0.027163614,0.00036111462
6468876420,6468876188,0.0146216545,0.027147973,0.00036566082
6468880172,6468879932,0.01413003,0.027338676,0.000362476
6468885160,6468884926,0.013663546,0.027782848,0.00035763
6468891410,6468891169,0.013691819,0.027666034,0.0003580752
6468895147,6468894914,0.01416516,0.027557725,0.00036651283
6468901396,6468901157,0.0146173155,0.027078439,0.00037891726
6468905147,6468904902,0.014188533,0.027224354,0.0003878772
6468911389,6468911144,0.013372391,0.027546069,0.00039601754
6468915125,6468914889,0.01338879,0.027929684,0.00039836587
6468922608,6468922380,0.013790821,0.02785509,0.00040694946
6468926362,6468926125,0.014162086,0.027502183,0.0004111119
6468932600,6468932368,0.01480908,0.027283838,0.00041223617
6468936347,6468936113,0.014777384,0.027175216,0.00040699364
6468940110,6468939869,0.01429867,0.027243972,0.0004028598
6468945087,6468944852,0.013535295,0.027446592,0.00040066993
6468950089,6468949846,0.013483903,0.027468592,0.00039963322
6468957566,6468957336,0.013806853,0.027539618,0.00039598672
6468961337,6468961082,0.01419378,0.027711282,0.00039441953
6468965065,6468964827,0.014463499,0.02753103,0.00039006004
6468971309,6468971069,0.014363192,0.027586076,0.00037913755
6468975056,6468974815,0.013774628,0.027902912,0.00037791944
6468981294,6468981058,0.013012063,0.027772356,0.0003837049
6468985042,6468984803,0.01331315,0.027774356,0.00038386777
6468992528,6468992293,0.013861294,0.027441686,0.0003802892
6468996290,6468996038,0.014037578,0.027684974,0.00038105037
6469002513,6469002281,0.014043744,0.02750578,0.00038785586
6469006277,6469006026,0.01362657,0.027464556,0.00039383103
6469010008,6469009771,0.013338811,0.027589262,0.00039586754
6469016248,6469016013,0.013921609,0.027083116,0.00040150338
6469019997,6469019759,0.0142268,0.027148018,0.00040083323
6469024993,6469024753,0.014618311,0.027562443,0.00039495577
6469031227,6469030995,0.013740406,0.027778685,0.00039517847
6469037485,6469037237,0.012959503,0.027664708,0.00040326922
6469041214,6469040982,0.0130699035,0.027622063,0.00040463547
6469044971,6469044728,0.013529628,0.027335366,0.00040597864
6469052461,6469052218,0.0145524135,0.027435973,0.00040250403
6469054951,6469054719,0.0146154845,0.027683787,0.00039558802
6469062440,6469062206,0.013733211,0.027724965,0.00038079615
6469066189,6469065951,0.013176625,0.027538842,0.0003811467
6469072434,6469072194,0.012900402,0.027517145,0.00038225786
6469076172,6469075939,0.013523004,0.027468273,0.00038423
6469079924,6469079684,0.014173203,0.027550891,0.0003864005
6469084918,6469084678,0.013984088,0.027438007,0.0003915931
6469089967,6469089678,0.014115588,0.027432846,0.00039708824
6469094899,6469094666,0.013504215,0.027895726,0.00039485548
6469101147,6469100908,0.013039259,0.028047495,0.0003971918
6469107380,6469107152,0.01359647,0.027336778,0.00040026108
6469111123,6469110895,0.013887974,0.027319385,0.00040506118
6469114882,6469114641,0.014282452,0.027415933,0.00040655036
6469122371,6469122131,0.013719109,0.027997406,0.0004093325
6469124864,6469124628,0.013662335,0.027975611,0.0004123804
6469132353,6469132119,0.013291422,0.02756466,0.0004095181
6469136115,6469135871,0.013770858,0.02765558,0.00040816545
6469142344,6469142107,0.014556218,0.02750475,0.00040587437
6469146085,6469145852,0.014470389,0.027531352,0.0004062496
6469149829,6469149597,0.014051022,0.027283533,0.00040690124
6469157316,6469157088,0.013582233,0.027269514,0.00040060002
6469159823,6469159585,0.013491296,0.027766898,0.00039744627
6469166067,6469165828,0.0135651985,0.027666314,0.00039170447
6469171056,6469170821,0.014071084,0.027039664,0.0003924166
6469177309,6469177063,0.014561701,0.027525805,0.00038803866
6469181044,6469180808,0.014395491,0.027430393,0.00038571854
6469184795,6469184554,0.013745325,0.027549617,0.00038705746
6469192283,6469192044,0.013312757,0.027739475,0.00038824958
6469196025,6469195790,0.013572458,0.02772761,0.00038501722
6469202280,6469202036,0.01401911,0.027335448,0.0003764976
6469206005,6469205777,0.014593118,0.027560594,0.00036769733
6469212273,6469212020,0.014328975,0.02754852,0.00036261044
6469216005,6469215765,0.013953776,0.027571842,0.00036123634
6469219753,6469219512,0.013830277,0.027481683,0.0003604809
6469227235,6469227001,0.013945792,0.027733512,0.00036739605
6469230974,6469230746,0.014413199,0.027767414,0.00036563992
6469235975,6469235741,0.014629007,0.027766686,0.0003557226
6469240973,6469240734,0.014267679,0.027305005,0.00035293915
6469248463,6469248225,0.014347241,0.027457843,0.0003640637
6469250949,6469250721,0.01414649,0.027431475,0.00037192597
6469254703,6469254467,0.0139344325,0.027314525,0.00038210937
6469262188,6469261958,0.014650088,0.027782165,0.0003826904
6469265942,6469265703,0.014689443,0.02800625,0.00037769965
6469272232,6469271945,0.014588162,0.027669394,0.00036751147
6469275925,6469275691,0.014451772,0.027513951,0.00036561655
6469284667,6469284430,0.014118885,0.027467966,0.00037333186
6469285920,6469285678,0.014254999,0.02749842,0.0003759249
6469289663,6469289428,0.014672606,0.027638517,0.00038501158
6469297154,6469296921,0.015325627,0.02774316,0.00039943543
6469300895,6469300659,0.015258783,0.027634025,0.00039850216
6469307135,6469306905,0.014760809,0.027275776,0.00038570605
6469310875,6469310647,0.01405093,0.027434077,0.0003746886
6469314631,6469314392,0.014045971,0.027353033,0.00036981632
6469320864,6469320634,0.014267987,0.027440384,0.00037207862
6469324613,6469324380,0.014938764,0.027375158,0.00037570688
6469332100,6469331871,0.014974168,0.027715521,0.0003853386
6469335861,6469335620,0.014986615,0.027690513,0.00038834065
6469342098,6469341858,0.015019047,0.027650632,0.00038478978
6469345837,6469345604,0.0147678945,0.027813628,0.00037953258
6469354576,6469354343,0.015337115,0.027413912,0.0003811124
6469355826,6469355591,0.015335556,0.027366804,0.00038186193
6469359581,6469359336,0.014998805,0.02732709,0.00038236825
6469367063,6469366827,0.014466802,0.027689794,0.00037836665
6469370803,6469370577,0.014642882,0.0278673,0.00037756853
6469377047,6469376815,0.014878564,0.027887465,0.00036993765
6469380789,6469380560,0.015196083,0.027727602,0.00036957973
6469384541,6469384305,0.015774416,0.027684897,0.00037087788
6469390776,6469390548,0.015626546,0.027222395,0.00037656628
6469394541,6469394294,0.015034135,0.027406909,0.00038108593
6469402014,6469401784,0.014269642,0.02774443,0.0003879136
6469405766,6469405529,0.014414898,0.027741516,0.000389315
6469412004,6469411771,0.014924918,0.02753533,0.00038922342
6469415749,6469415517,0.015306818,0.027193153,0.00039290325
6469424492,6469424256,0.015128234,0.027685381,0.0004053251
6469426991,6469426753,0.015074107,0.027854323,0.00040583336
6469429502,6469429252,0.014882498,0.027771218,0.00040497043
6469436977,6469436740,0.014665472,0.027589487,0.00040019953
6469440715,6469440485,0.014698113,0.027497733,0.00039922292
6469446958,6469446728,0.015389946,0.027440516,0.00039965726
6469450700,6469450473,0.015486121,0.027455213,0.00040088955
6469458196,6469457964,0.015278852,0.027607597,0.00040505268
6469461949,6469461709,0.014896961,0.0272537,0.00040567268
6469464441,6469464206,0.014987431,0.027123434,0.00040862756
6469471949,6469471697,0.014935942,0.027743759,0.00041998597
6469475681,6469475443,0.014906695,0.027629126,0.00042440425
6469481914,6469481684,0.015159871,0.027346803,0.00043216615
6469485668,6469485431,0.015220834,0.027241867,0.00043263406
6469493162,6469492928,0.01514923,0.027595352,0.00043443713
6469496906,6469496666,0.014895842,0.027907409,0.00043670522
6469499398,6469499163,0.014687302,0.027744498,0.00043764015
6469506890,6469506653,0.015233303,0.027347554,0.000443372
6469510629,6469510398,0.015136802,0.027206378,0.00044048278
6469516878,6469516641,0.0146291,0.027519252,0.00043252375
6469520619,6469520387,0.014909843,0.027386019,0.00043075933
6469528113,6469527878,0.015100592,0.027650986,0.00042540475
6469531852,6469531622,0.015345272,0.027847033,0.00042408513
6469535609,6469535368,0.0153141,0.027704293,0.0004229117
6469541839,6469541610,0.014919953,0.027658133,0.0004185385
6469545617,6469545355,0.014392863,0.02751236,0.00041442792
6469551826,6469551597,0.014667836,0.027445756,0.00040070064
6469555579,6469555343,0.014778405,0.027427295,0.00039656193
6469563068,6469562833,0.014314039,0.027175572,0.00039145257
6469566806,6469566579,0.0147965895,0.027477872,0.00038848046
6469570560,6469570324,0.015044351,0.027755996,0.00038501387
6469576817,6469576566,0.014804047,0.027631808,0.00038363098
6469580551,6469580312,0.014587064,0.027238213,0.00038512397
6469586784,6469586554,0.014637361,0.027309503,0.00038680344
6469590527,6469590299,0.014648802,0.027393384,0.0003926953
6469598018,6469597790,0.015069346,0.027232643,0.00041050967
6469601774,6469601536,0.015006075,0.027327813,0.00040866484
6469605515,6469605281,0.0142642995,0.027489364,0.00040377036
6469611755,6469611523,0.014205683,0.028024798,0.000398213
6469615501,6469615269,0.0142104635,0.027784444,0.00039881715
6469624246,6469624007,0.014454089,0.026685024,0.0004011866
6469625493,6469625256,0.014575407,0.026743243,0.0004006743
6469634238,6469633995,0.0150342975,0.027678978,0.00040783692
6469636720,6469636492,0.014787984,0.02777441,0.00040786745
6469640488,6469640239,0.013865919,0.027643794,0.0004121852
6469646707,6469646479,0.013412089,0.02741556,0.00042287124
6469650453,6469650225,0.0136372,0.027178532,0.000428261
6469657956,6469657715,0.014667567,0.027671853,0.00043677483
6469660447,6469660213,0.014699829,0.027704695,0.00043993784
6469667930,6469667703,0.0145353805,0.027608141,0.000452227
6469671686,6469671448,0.014191202,0.027473621,0.00046055287
6469675435,6469675194,0.013753937,0.027484506,0.00046772003
6469681667,6469681436,0.013649971,0.027378606,0.00046803898
6469685416,6469685182,0.01380257,0.027311055,0.00046515986
6469694229,6469693920,0.01444673,0.027383218,0.00047300482
6469695406,6469695169,0.014280917,0.02737029,0.0004751924
6469702915,6469702660,0.0137036815,0.02759743,0.00047650462
6469706640,6469706405,0.013802411,0.027872259,0.00047359787
6469710385,6469710151,0.013826776,0.027894685,0.00047193066
6469716625,6469716392,0.013872128,0.027914433,0.00047325005
6469720374,6469720138,0.0141695095,0.027699865,0.00047355564
6469727862,6469727628,0.014064252,0.027867695,0.0004697275
6469730362,6469730126,0.013747276,0.027904732,0.00047317188
6469737846,6469737616,0.013062518,0.027301358,0.00049163104
6469741597,6469741361,0.013029181,0.02717376,0.0004951301
6469745337,6469745107,0.013397664,0.027460556,0.0004942868
6469751579,6469751349,0.014115113,0.027622892,0.00047649868
6469755325,6469755094,0.013633995,0.027616898,0.00046583728
6469764067,6469763834,0.013866583,0.027390461,0.0004349596
6469765318,6469765082,0.013825617,0.02738199,0.00043191877
6469772807,6469772573,0.013839457,0.027329177,0.00043473596
6469776552,6469776318,0.014076689,0.0272533,0.00043527613
6469780304,6469780064,0.013869605,0.027249174,0.00042755404
6469786540,6469786306,0.013943757,0.02735204,0.00041682564
6469790290,6469790051,0.013739426,0.027514592,0.0004136463
6469797769,6469797541,0.0133605255,0.027500227,0.00040713785
6469800277,6469800039,0.013444921,0.027507707,0.00040734012
6469807767,6469807529,0.0140303895,0.027567307,0.00040697533
6469811512,6469811275,0.013997088,0.027572935,0.00040911726
6469815263,6469815020,0.013796074,0.027661847,0.00040894008
6469821499,6469821262,0.013179742,0.027669266,0.00039420286
6469825240,6469825008,0.013347022,0.02752337,0.00038956414
6469833987,6469833746,0.013550289,0.027409296,0.00038479426
6469836495,6469836244,0.013991222,0.02755996,0.00037923956
6469843988,6469843734,0.013599259,0.02764025,0.00036639388
6469846471,6469846231,0.0133958645,0.027612807,0.00037179928
6469850232,6469849979,0.013050614,0.027500747,0.00038183597
6469856453,6469856219,0.01341889,0.027405098,0.00038763217
6469860193,6469859964,0.0138301,0.02733459,0.00038337495
6469867688,6469867455,0.014245215,0.027711824,0.00037998328
6469871442,6469871200,0.014057026,0.02785008,0.0003801724
6469877673,6469877442,0.013371063,0.02757616,0.00039159934
6469881429,6469881189,0.013360501,0.027289985,0.0003939806
6469885166,6469884933,0.013212103,0.02733932,0.00039478295
6469891409,6469891176,0.013522657,0.027701598,0.00039991242
6469895153,6469894921,0.013705715,0.027523492,0.0004003201
6469903919,6469903660,0.014012659,0.027631152,0.00040226371
6469906408,6469906157,0.0139626125,0.027346702,0.0003989921
6469913887,6469913647,0.0134172235,0.02747636,0.00038190902
6469916377,6469916144,0.013164108,0.027478686,0.00037858283
6469920119,6469919890,0.012711612,0.027723987,0.0003708288
6469926371,6469926132,0.013278203,0.027948959,0.0003648219
6469930108,6469929877,0.014155488,0.027607601,0.0003675885
6469937600,6469937368,0.014505311,0.0278096,0.00036868258
6469941349,6469941113,0.014269499,0.027654693,0.00037013117
6469947597,6469947356,0.0136447195,0.027714811,0.00037093155
6469951332,6469951101,0.013652724,0.027680576,0.00037643005
6469955103,6469954853,0.013931702,0.02764182,0.0003843909
6469961324,6469961088,0.014055612,0.027530799,0.00039471363
6469965069,6469964833,0.014006035,0.027145196,0.00039778635
6469973809,6469973573,0.013520183,0.027707662,0.00040187337
6469976310,6469976070,0.013395271,0.027788803,0.0003977922
6469985045,6469984809,0.0145233525,0.027481785,0.00039468805
6469986313,6469986057,0.014491104,0.02744663,0.00039613486
6469990031,6469989802,0.014264728,0.02729402,0.00039774616
6469996298,6469996045,0.014100073,0.027471052,0.0003976051
6470000025,6469999790,0.0136701455,0.027399817,0.00039452163
6470007516,6470007282,0.013330945,0.027508307,0.0003803776
6470011274,6470011026,0.0138872685,0.027442932,0.00038055214
6470017516,6470017273,0.014429331,0.027828816,0.00038330292
6470021271,6470021014,0.01493023,0.02772373,0.00038068966
6470024992,6470024759,0.014901532,0.02757353,0.00037524692
6470033742,6470033506,0.014343507,0.027473528,0.00037058615
6470034989,6470034754,0.014192223,0.027393237,0.00036992348
6470043720,6470043486,0.014242007,0.027491331,0.00036016398
6470046221,6470045983,0.014327829,0.027508127,0.00035218813
6470053713,6470053473,0.014297178,0.027602995,0.00033567753
6470056204,6470055970,0.01438539,0.027656164,0.0003307358
6470059944,6470059715,0.014659199,0.02775731,0.00032686093
6470067448,6470067207,0.013955477,0.0277872,0.00033279645
6470069935,6470069703,0.013851973,0.027669283,0.00033767702
6470077427,6470077194,0.014770441,0.027526267,0.00034623477
6470081171,6470080939,0.015246593,0.02762717,0.00034932786
6470087418,6470087182,0.014836859,0.027588006,0.00035588784
6470091214,6470090932,0.014821405,0.02767425,0.0003582285
6470094923,6470094672,0.014601676,0.02766266,0.00035485692
6470103651,6470103411,0.014888819,0.027223758,0.0003355165
6470104916,6470104660,0.014792068,0.027137514,0.00033085496
6470112381,6470112151,0.014364043,0.027653316,0.00030836268
6470116129,6470115896,0.01434801,0.027674396,0.00030703444
6470123649,6470123387,0.014204893,0.02761367,0.0003094043
6470126114,6470125883,0.014448608,0.027679773,0.00031120793
6470129856,6470129629,0.014640278,0.027638521,0.00031290756
6470137349,6470137119,0.014977146,0.027455393,0.00032001035
6470139859,6470139617,0.015036838,0.0273074,0.00032453635
6470147399,6470147112,0.014888582,0.026926722,0.0003333967
6470151143,6470150855,0.014895524,0.02716018,0.00033455988
6470157338,6470157095,0.014472427,0.028009076,0.00033553643
6470162320,6470162090,0.014300719,0.027788276,0.00034116305
6470164823,6470164587,0.0147399455,0.02740686,0.00034399796
6470173619,6470173327,0.0152190225,0.027441999,0.0003519431
6470174809,6470174573,0.015225139,0.027433287,0.0003514385
6470183546,6470183312,0.014457442,0.0275611,0.0003463961
6470186040,6470185809,0.014227532,0.027582772,0.00034461264
6470193535,6470193300,0.014055969,0.027935972,0.00035701907
6470196086,6470195796,0.014135196,0.028247664,0.00036304555
6470199770,6470199542,0.0148209715,0.027943436,0.0003744979
6470207279,6470207033,0.015541695,0.027151793,0.00038167127
6470209815,6470209530,0.015111171,0.027271,0.0003803307
6470217261,6470217020,0.014320483,0.027397502,0.00037830317
6470221002,6470220765,0.014218384,0.027536139,0.0003786877
6470228497,6470228263,0.014697525,0.027947094,0.00037944157
6470230982,6470230753,0.014754536,0.027801378,0.0003834261
6470234730,6470234498,0.015297242,0.02733699,0.00038820837
6470242224,6470241989,0.015223831,0.027230088,0.000400153
6470245977,6470245734,0.014811392,0.027508581,0.00040678986
6470253469,6470253225,0.014451729,0.02754917,0.00040626538
6470255998,6470255722,0.01462478,0.027581124,0.00040637565
6470263508,6470263213,0.015149997,0.027677702,0.00040553612
6470265941,6470265709,0.015535546,0.027576081,0.00040241436
6470269686,6470269455,0.015561151,0.027698735,0.00039782957
6470277177,6470276945,0.014078435,0.027804293,0.0003975381
6470280930,6470280691,0.013982187,0.027745513,0.0003983789
6470287166,6470286933,0.014207386,0.027403992,0.00039400277
6470290923,6470290678,0.014674938,0.027684119,0.00039505374
6470298415,6470298169,0.015042294,0.02763181,0.0004115386
6470300947,6470300666,0.015025805,0.02746269,0.00041448712
6470304650,6470304411,0.0146518955,0.027267957,0.0004174469
6470313386,6470313151,0.014219996,0.026920997,0.0004040892
6470315942,6470315647,0.014293917,0.027073175,0.0004016041
6470322121,6470321890,0.014650109,0.02745181,0.00039941297
6470325862,6470325635,0.0148405805,0.027602883,0.0003917183
6470333357,6470333126,0.014027201,0.02768544,0.0003769181
6470335856,6470335622,0.013860569,0.027588978,0.00037347068
6470339607,6470339368,0.014007831,0.027414657,0.00037028227
6470347089,6470346858,0.014334965,0.027625032,0.00036970875
6470350834,6470350604,0.014528776,0.02759696,0.00037087884
6470357090,6470356846,0.014407567,0.02775577,0.00036639255
6470360862,6470360591,0.013875583,0.027789256,0.00036792184
6470368359,6470368082,0.013132426,0.027054273,0.0003693142
6470370812,6470370579,0.0134535385,0.027189996,0.00036873447
6470374558,6470374325,0.014172169,0.027364936,0.00036561803
6470383341,6470383064,0.014203393,0.027791888,0.00036957487
6470385790,6470385560,0.014259016,0.027886197,0.00037612824
6470393292,6470393052,0.014117865,0.027342068,0.00038751893
6470395777,6470395548,0.013852401,0.027345568,0.00038786684
6470403286,6470403039,0.013801915,0.027598435,0.00038373633
6470405809,6470405536,0.013717616,0.027692234,0.0003836343
6470409508,6470409281,0.013752966,0.027535591,0.00038302428
6470417004,6470416771,0.014055367,0.027589984,0.000376036
6470420860,6470420517,0.01374031,0.02755996,0.0003733649
6470426997,6470426759,0.013404587,0.027152298,0.00036738848
6470430736,6470430504,0.013779035,0.027293658,0.0003683446
6470438229,6470437995,0.01399738,0.027482368,0.00036853802
6470441967,6470441741,0.01409481,0.027444433,0.00037021318
6470444493,6470444237,0.014036109,0.027457543,0.00037169206
6470453213,6470452977,0.013585831,0.027571818,0.00037534066
6470455700,6470455473,0.013524761,0.027708296,0.0003789438
6470463196,6470462965,0.013397951,0.027688477,0.0003832851
6470465735,6470465461,0.013332122,0.027528714,0.00038367553
6470473224,6470472952,0.013378041,0.027518509,0.0003712137
6470476954,6470476697,0.013482363,0.02760637,0.0003650727
6470479424,6470479194,0.013417482,0.027449701,0.00036115744
6470486915,6470486685,0.013369494,0.027795117,0.00035755843
6470490662,6470490430,0.012958243,0.027994914,0.00036621568
6470496908,6470496672,0.013371804,0.02777834,0.00037674836
6470500649,6470500417,0.013893533,0.027799623,0.00038036518
6470508140,6470507908,0.013764032,0.027329369,0.00038228644
6470513147,6470512904,0.013702369,0.027187651,0.00038473157
6470514385,6470514151,0.013527018,0.027248308,0.000384956
6470523127,6470522890,0.012918121,0.027749667,0.00039722453
6470525649,6470525387,0.012880524,0.027737018,0.00040270036
6470533143,6470532878,0.013471242,0.027589958,0.00041240692
6470535607,6470535374,0.013497446,0.027632734,0.00041284537
6470543145,6470542869,0.01344447,0.027552826,0.00041363426
6470546855,6470546610,0.013088988,0.02754211,0.00040919177
6470549344,6470549108,0.012973571,0.027539192,0.0004043363
6470556832,6470556598,0.012935857,0.027509676,0.00039159792
6470560575,6470560343,0.013239765,0.027565962,0.0003930103
6470566820,6470566585,0.013431736,0.027846863,0.00040253586
6470570594,6470570331,0.013746493,0.027700672,0.00040413064
6470578092,6470577822,0.013713765,0.027514515,0.0004018244
6470583053,6470582815,0.013344854,0.0272882,0.00039911212
6470584304,6470584064,0.0132679185,0.027332803,0.00039852207
6470593072,6470592803,0.013626802,0.027816992,0.00039383283
6470595528,6470595300,0.013621776,0.027804108,0.0003939186
6470603028,6470602791,0.013608753,0.027253095,0.0003869897
6470605566,6470605289,0.013384596,0.027219562,0.0003846288
6470613010,6470612778,0.012766983,0.027832795,0.00038102642
6470616760,6470616523,0.012943815,0.02766682,0.0003767132
6470620499,6470620269,0.013073683,0.027479935,0.00037199067
6470626745,6470626511,0.013654754,0.027695216,0.00037062372
6470630513,6470630256,0.01362413,0.027623147,0.00036696726
6470638014,6470637747,0.01336442,0.027450297,0.00035917404
6470640473,6470640244,0.013436495,0.027491875,0.00036025507
6470647976,6470647735,0.01339922,0.027696058,0.00036321132
6470652986,6470652728,0.013695088,0.02767292,0.0003685213
6470655462,6470655225,0.013678928,0.027569106,0.00036794672
6470662955,6470662716,0.013593868,0.02742855,0.0003622397
6470665442,6470665213,0.013255705,0.027519329,0.00036304607
6470672954,6470672704,0.013051268,0.0274636,0.00036268702
6470675447,6470675200,0.013230831,0.027416976,0.00036067647
6470682939,6470682691,0.013577242,0.027403396,0.00036058004
6470686666,6470686436,0.013701392,0.027657535,0.00036108922
6470690439,6470690182,0.013661401,0.027563013,0.00036562234
6470696652,6470696424,0.0135506205,0.027866175,0.0003686659
6470700406,6470700169,0.013387064,0.02798674,0.00036604996
6470707903,6470707660,0.01395402,0.027607724,0.00035267748
6470710390,6470710157,0.013929819,0.027398612,0.0003469053
6470717886,6470717648,0.014057293,0.0277457,0.0003428568
6470722937,6470722645,0.013910967,0.02755546,0.00034384115
6470725375,6470725139,0.013841056,0.02764479,0.0003472465
6470734115,6470733878,0.0133059975,0.02758574,0.00035073736
6470735383,6470735126,0.013256161,0.027482895,0.00035138038
6470742870,6470742617,0.014018979,0.027812432,0.00035463972
6470745344,6470745113,0.014651895,0.027702168,0.0003573054
6470752859,6470752609,0.0145775005,0.027544195,0.00037480495
6470756580,6470756349,0.013967735,0.027568111,0.000386118
6470760322,6470760095,0.01331883,0.02754204,0.0003947833
6470766566,6470766337,0.013444821,0.027761236,0.00039262426
6470770323,6470770082,0.013912873,0.02732227,0.00038554214
6470777826,6470777573,0.014550459,0.027335728,0.00037252015
6470780322,6470780071,0.014261754,0.027436752,0.0003713027
6470787806,6470787562,0.014004055,0.027561963,0.0003700326
6470792788,6470792555,0.013889752,0.02735053,0.00037199105
6470795309,6470795052,0.013849036,0.027489316,0.00037105355
6470802794,6470802542,0.014316381,0.027563486,0.00036991728
6470805284,6470805039,0.014388462,0.027491208,0.0003714629
6470812769,6470812530,0.014274415,0.027805073,0.00038435688
6470815260,6470815026,0.014447773,0.027875766,0.00038401378
6470822750,6470822517,0.013904769,0.027752044,0.0003783509
6470826501,6470826263,0.013921218,0.027622085,0.00037194925
6470830237,6470830008,0.014133773,0.027214691,0.0003638519
6470836501,6470836267,0.015118993,0.02752533,0.000364965
6470840246,6470839999,0.015166596,0.027329877,0.00037083338
6470847792,6470847488,0.014179103,0.027342698,0.0003753416
6470852724,6470852480,0.013934026,0.027843978,0.00037224538
6470857706,6470857474,0.014418186,0.027838921,0.00036675442
6470862708,6470862469,0.014425579,0.027845744,0.0003628979
6470865193,6470864964,0.014449446,0.027708188,0.00036311176
6470872690,6470872456,0.014804721,0.027866604,0.00036484931
6470875181,6470874952,0.014554497,0.028041473,0.00036676746
6470883924,6470883691,0.014094882,0.027492275,0.00037269443
6470886429,6470886188,0.014090591,0.027362704,0.00037162539
6470892684,6470892432,0.014241504,0.027493553,0.0003725142
6470896409,6470896176,0.014744646,0.027417822,0.00037161724
6470900165,6470899921,0.015208718,0.027690452,0.00037257888
6470906397,6470906164,0.0147573445,0.027587736,0.000381341
6470910146,6470909909,0.014514914,0.027794039,0.00038130372
6470917646,6470917400,0.01413794,0.027662901,0.00037643773
6470922633,6470922393,0.014486612,0.027631208,0.00037532498
6470927620,6470927387,0.01495909,0.02728154,0.00035967576
6470932633,6470932381,0.014918452,0.027208889,0.00034752264
6470935106,6470934877,0.015014718,0.027447961,0.00034667907
6470942620,6470942368,0.014515837,0.027819753,0.00035325662
6470945112,6470944870,0.014343875,0.027705716,0.00035560798
6470952596,6470952356,0.014459491,0.028033463,0.00035513318
6470956334,6470956101,0.014975671,0.028111914,0.0003533098
6470962584,6470962344,0.014837009,0.027712787,0.0003490671
6470966327,6470966089,0.0142788,0.027707173,0.00034447678
6470970071,6470969836,0.01424765,0.027476072,0.00034154157
6470976309,6470976076,0.014230849,0.027616834,0.00033881425
6470980055,6470979822,0.014389213,0.027104862,0.0003393244
6470987545,6470987313,0.015297686,0.027405823,0.00033469405
6470992540,6470992306,0.015447837,0.027577179,0.00033560785
6470997550,6470997301,0.014684829,0.027879965,0.00034412375
6471002526,6471002294,0.013781679,0.027659953,0.00035121126
6471005029,6471004791,0.013679873,0.027504876,0.00035706448
6471012525,6471012282,0.014545831,0.027274866,0.0003745452
6471015012,6471014778,0.014627661,0.027210899,0.00038200108
6471022504,6471022269,0.014967421,0.027514592,0.00039277188
6471026267,6471026014,0.014694355,0.02775195,0.00038659084
6471033738,6471033505,0.014078359,0.02768936,0.00038109932
6471036235,6471036002,0.0140157975,0.027683238,0.00038293752
6471039977,6471039747,0.0140388515,0.027642516,0.00038656508
6471047482,6471047238,0.014661782,0.027572578,0.0003924792
6471049966,6471049738,0.015179238,0.027421832,0.0003941681
6471057472,6471057226,0.015224746,0.02720177,0.00039706784
6471062459,6471062219,0.014526666,0.02725516,0.0004048077
6471067453,6471067213,0.0138767455,0.027482696,0.00040849653
6471072443,6471072207,0.013888384,0.027540928,0.0004011716
6471074935,6471074703,0.0142655475,0.027700916,0.000399621
6471082440,6471082194,0.0148496125,0.027709104,0.00040820896
6471084932,6471084696,0.014733337,0.027666315,0.00041078567
6471092422,6471092182,0.01376999,0.027471727,0.0004031828
6471096160,6471095927,0.013665777,0.027386867,0.0003940048
6471102400,6471102170,0.014213063,0.027685655,0.00038295274
6471106145,6471105915,0.014387079,0.027372012,0.00038410435
6471109899,6471109663,0.014489351,0.027247781,0.0003862124
6471117384,6471117155,0.0138651645,0.027220149,0.0003715183
6471119901,6471119648,0.013766978,0.02720815,0.0003629911
6471127380,6471127141,0.013630016,0.027645327,0.00035031917
6471132366,6471132135,0.0136169605,0.028158544,0.0003483408
6471137362,6471137126,0.014240509,0.0281329,0.00035181627
6471141107,6471140871,0.014372391,0.027912425,0.0003516684
6471144850,6471144617,0.013950823,0.027376037,0.00034773728
6471152351,6471152108,0.013878992,0.027092857,0.00034069692
6471154834,6471154605,0.013736305,0.027260428,0.0003435062
6471162338,6471162095,0.013774637,0.02788742,0.00035236854
6471166073,6471165840,0.014110236,0.027721774,0.00035611985
6471172323,6471172083,0.0137753105,0.027223881,0.00034640045
6471176063,6471175828,0.01348913,0.027352337,0.0003353682
6471179814,6471179574,0.013547342,0.027472535,0.00033298822
6471187324,6471187065,0.013307827,0.027662372,0.00034533656
6471192300,6471192060,0.013181127,0.02791691,0.00035066498
6471197307,6471197052,0.013543498,0.027820136,0.0003544465
6471201035,6471200797,0.013613291,0.027714211,0.00035906877
6471207344,6471207042,0.013408992,0.027707547,0.00036262424
6471213517,6471213282,0.013493391,0.02770871,0.00035305318
6471214812,6471214530,0.013428893,0.027653098,0.0003508836
6471222266,6471222021,0.013623034,0.027654974,0.00034920583
6471225999,6471225766,0.013662782,0.027625775,0.0003490895
6471232260,6471232008,0.013521928,0.027566014,0.00035147765
6471235996,6471235753,0.013544691,0.027756656,0.00035024722
6471243480,6471243244,0.01336036,0.027914716,0.00036459308
6471245975,6471245741,0.013483819,0.027786978,0.00036804113
6471249727,6471249488,0.013525174,0.027631834,0.00036625724
6471257215,6471256977,0.013397002,0.027649662,0.00036330835
6471262208,6471261971,0.01324482,0.027433852,0.0003595708
6471267197,6471266965,0.013459715,0.027574962,0.00034751423
6471272191,6471271959,0.012960413,0.027727488,0.00033652573
6471278442,6471278201,0.012908312,0.027673572,0.00033747393
6471282174,6471281946,0.013085639,0.027769154,0.00033876597
6471284674,6471284443,0.013028506,0.027792064,0.00033974566
6471292173,6471291934,0.012885734,0.027617328,0.00033426934
6471295912,6471295679,0.01278592,0.027645053,0.00033471483
6471302162,6471301922,0.013023255,0.02764515,0.0003274115
6471305913,6471305666,0.013311941,0.027571706,0.00032551985
6471313405,6471313157,0.0134693375,0.027428864,0.00033920532
6471315881,6471315654,0.013295564,0.027498255,0.00034848257
6471319629,6471319400,0.013413033,0.027553335,0.00036378426
6471327122,6471326890,0.013252789,0.027566718,0.0003825352
6471333369,6471333133,0.012447913,0.02745755,0.00037935554
6471337111,6471336877,0.012754058,0.028043212,0.0003785102
6471342101,6471341872,0.013200375,0.028199004,0.0003823257
6471348342,6471348113,0.01312598,0.027331267,0.00038084382
6471350848,6471350611,0.013366783,0.027426327,0.00037709626
6471354588,6471354356,0.013689885,0.027559968,0.00037175528
6471362097,6471361847,0.0132382205,0.027513321,0.0003658307
6471365825,6471365592,0.012896094,0.027728545,0.0003646984
6471372078,6471371834,0.012641016,0.027653215,0.0003666912
6471375806,6471375579,0.013011026,0.02780453,0.00036407655
6471383309,6471383071,0.01301057,0.028035976,0.0003547768
6471385808,6471385567,0.012873646,0.028051471,0.0003481831
6471389546,6471389313,0.012716746,0.028132211,0.0003374011
6471397041,6471396803,0.012848858,0.027347768,0.00032121464
6471402036,6471401797,0.013161085,0.027402047,0.00031558488
6471407039,6471406791,0.013495332,0.027620852,0.00031345597
6471412025,6471411785,0.013605803,0.027503172,0.00031549332
6471418312,6471418027,0.012981748,0.027533012,0.00031953616
6471422010,6471421772,0.013443841,0.02766798,0.0003202878
6471424498,6471424269,0.013523091,0.027818624,0.00032149896
6471431991,6471431760,0.013550071,0.027578542,0.00032718974
6471435731,6471435505,0.013469125,0.027361436,0.00032934127
6471441985,6471441747,0.013142076,0.02750633,0.00033909516
6471445721,6471445492,0.013269178,0.027460033,0.00034266722
6471453219,6471452983,0.013077859,0.027952041,0.00034410617
6471456969,6471456729,0.013149751,0.027744003,0.00034830705
6471459466,6471459226,0.013186965,0.027648147,0.00035305272
6471466952,6471466716,0.013501433,0.027382694,0.00036375187
6471470693,6471470461,0.013655798,0.027448537,0.00036611402
6471476945,6471476704,0.013811416,0.027550017,0.0003681322
6471483178,6471482946,0.013287563,0.027545389,0.0003663103
6471488171,6471487943,0.013645776,0.027661953,0.0003654427
6471491924,6471491685,0.013762059,0.0279053,0.00036655075
6471494414,6471494183,0.013638252,0.027802607,0.00036579877
6471501909,6471501673,0.014066521,0.027548453,0.00035857555
6471505647,6471505418,0.013666231,0.027567683,0.0003512602
6471511934,6471511661,0.013551502,0.027829017,0.00033945986
6471515635,6471515406,0.013403276,0.027603824,0.00033326403
6471523125,6471522896,0.013367775,0.027878227,0.00033112415
6471526885,6471526642,0.013786244,0.027623512,0.00033150497
6471529369,6471529139,0.014087672,0.027188316,0.0003284354
6471536876,6471536630,0.014432759,0.027672121,0.00031355463
6471541869,6471541623,0.0137155885,0.027732221,0.0003002748
6471546853,6471546617,0.013231067,0.027480513,0.00029594812
6471551842,6471551610,0.0140121,0.027665379,0.00029626559
6471558082,6471557853,0.014516283,0.02763555,0.00029645034
6471561835,6471561598,0.014300244,0.027628053,0.0002946725
6471564326,6471564095,0.014146722,0.027729684,0.0002913292
6471571823,6471571586,0.013583381,0.027587976,0.0002944051
6471575564,6471575331,0.013850083,0.02761286,0.00030484883
6471581811,6471581574,0.01417584,0.027761674,0.00032001457
6471585551,6471585319,0.0144849345,0.027858106,0.00032548863
6471593053,6471592810,0.014957054,0.027763095,0.0003415391
6471596788,6471596555,0.015117524,0.027572708,0.00034532655
6471599295,6471599052,0.014847461,0.027561126,0.00034674193
6471606795,6471606543,0.013660968,0.027846329,0.0003539734
6471611777,6471611536,0.013628688,0.027550105,0.00036139193
6471616765,6471616530,0.014104195,0.027317915,0.00036370908
6471621759,6471621524,0.014488997,0.027191179,0.00036283932
6471627996,6471627766,0.015056911,0.027501868,0.00035889167
6471631750,6471631511,0.014861323,0.027452681,0.0003625937
6471635501,6471635267,0.014249739,0.027478889,0.00036482714
6471641737,6471641499,0.013906769,0.027510164,0.00036492074
6471645501,6471645244,0.0141849555,0.027643368,0.00036612793
6471652986,6471652735,0.014763073,0.027856357,0.0003606937
6471655486,6471655232,0.0145353265,0.027618134,0.00035907948
6471662957,6471662723,0.014328416,0.027676262,0.00036333624
6471666708,6471666468,0.014036206,0.027800407,0.00036770685
6471671697,6471671462,0.013966738,0.027709384,0.00036676924
6471676690,6471676455,0.014255759,0.027515354,0.00035911807
6471681686,6471681452,0.014367024,0.027604697,0.0003497342
6471687926,6471687691,0.015152109,0.027809594,0.00034499794
6471691690,6471691437,0.014877862,0.027538478,0.00034533942
6471697921,6471697679,0.014088915,0.027283516,0.00034744447
6471701668,6471701425,0.013880234,0.027470361,0.00035587302
6471705405,6471705170,0.014311252,0.027623665,0.00036355978
6471711655,6471711412,0.015102455,0.027691241,0.00035438026
6471715390,6471715158,0.015526763,0.027669493,0.00034283745
6471722880,6471722648,0.015212761,0.02770035,0.0003343884
6471725384,6471725145,0.014793823,0.02754161,0.0003339412
6471732871,6471732636,0.0143401595,0.027456569,0.00033700324
6471736629,6471736381,0.014222157,0.027445082,0.00033524848
6471740364,6471740126,0.014295924,0.027351178,0.00033405123
6471746600,6471746369,0.01475796,0.02769081,0.00033328243
6471751634,6471751362,0.014351783,0.027453871,0.00033363933
6471757831,6471757605,0.014308663,0.027552675,0.00033154548
6471761581,6471761350,0.014441075,0.027861664,0.00033190573
6471767821,6471767592,0.0147896595,0.028011808,0.00033589266
6471771591,6471771337,0.014883523,0.027779784,0.00033698563
6471775314,6471775083,0.014844282,0.027876748,0.00033930395
6471781567,6471781325,0.0146821225,0.028054636,0.00033947814
6471785316,6471785070,0.01427142,0.027775664,0.00034070743
6471792796,6471792561,0.01427166,0.027447049,0.0003496107
6471795304,6471795058,0.014418825,0.027478017,0.00035175055
6471802784,6471802549,0.015026882,0.027524356,0.00034326199
6471806529,6471806294,0.014869774,0.027714089,0.00034092995
6471811524,6471811288,0.014228494,0.027483677,0.00034312828
6471816515,6471816281,0.0138763925,0.027258564,0.00035078605
6471820275,6471820027,0.013723509,0.027566954,0.00034671492
6471827750,6471827518,0.014170648,0.027486071,0.00032946383
6471831502,6471831263,0.014714152,0.027443727,0.000329573
6471837740,6471837505,0.014871206,0.027377546,0.00033674206
6471841490,6471841255,0.014887852,0.027596062,0.00033854507
6471845225,6471844996,0.014726644,0.027768783,0.0003412144
6471852726,6471852487,0.013632533,0.027887883,0.0003469363
6471855217,6471854983,0.013501793,0.027991427,0.00034734776
6471862707,6471862474,0.014068486,0.02740622,0.00035349114
6471866464,6471866220,0.014624826,0.027560636,0.0003575654
6471872699,6471872462,0.014718182,0.028058356,0.00036212572
6471876439,6471876207,0.014306168,0.02777885,0.00035907456
6471881432,6471881201,0.013901227,0.027567225,0.00035780264
6471886432,6471886196,0.013722495,0.027341189,0.00036082792
6471891423,6471891189,0.013996594,0.027249856,0.0003584829
6471897659,6471897430,0.014618772,0.027557347,0.00034721987
6471901425,6471901176,0.014625535,0.027609596,0.00034207883
6471907648,6471907419,0.01410491,0.027669096,0.00034566733
6471911406,6471911164,0.013722604,0.027711704,0.00035085375
6471915140,6471914909,0.013681368,0.02770295,0.00035873413
6471921386,6471921151,0.0140895955,0.027457697,0.00036949027
6471925135,6471924896,0.014726506,0.027605081,0.00037368745
6471932629,6471932388,0.014191549,0.027540619,0.0003685692
6471936367,6471936133,0.013650222,0.027785676,0.00036790903
6471942604,6471942375,0.013460746,0.02768279,0.0003618053
6471946358,6471946120,0.01375761,0.027818494,0.00036061404
6471951354,6471951114,0.014138796,0.027677337,0.00036534067
6471956342,6471956108,0.014234999,0.027701316,0.00037065343
6471961335,6471961101,0.014139444,0.027539875,0.00037396286
6471967569,6471967344,0.013504442,0.02766921,0.00037490623
6471971326,6471971089,0.012922188,0.027444247,0.00037011024
6471977560,6471977331,0.01282846,0.02770387,0.00036105004
6471981317,6471981077,0.01379302,0.027622007,0.00036131585
6471985055,6471984822,0.014562533,0.02742904,0.0003622838
6471991305,6471991064,0.014735902,0.027414847,0.00036514134
6471995050,6471994810,0.014431208,0.027681405,0.00036801113
6472002539,6472002303,0.013386418,0.027608864,0.0003781968
6472006300,6472006046,0.013533122,0.027622404,0.0003784213
6472011292,6472011040,0.013147913,0.02790684,0.00037266873
6472016272,6472016033,0.013505829,0.027561828,0.0003719163
6472021275,6472021027,0.01379012,0.027749924,0.0003728654
6472027510,6472027269,0.013799517,0.027934236,0.00037283121
6472031258,6472031015,0.013579754,0.027938513,0.00036978425
6472037510,6472037263,0.01365691,0.027206013,0.00035874452
6472041241,6472041003,0.013914378,0.027243145,0.00035727507
6472044984,6472044747,0.014067833,0.027708994,0.00035859752
6472051231,6472050990,0.01373491,0.027454974,0.0003643507
6472054964,6472054735,0.013624945,0.027627552,0.00036766854
6472062472,6472062226,0.013454733,0.027411202,0.00037808588
6472064960,6472064723,0.013186705,0.027183803,0.00038231755
6472072453,6472072215,0.013689276,0.02779333,0.00039550933
6472076193,6472075959,0.013878521,0.027600836,0.0003966333
6472079984,6472079704,0.014131722,0.027436793,0.00039036621
6472086178,6472085946,0.01418961,0.027269898,0.0003806601
6472091174,6472090940,0.0134595195,0.027585838,0.00037170394
6472097444,6472097183,0.013153253,0.027848762,0.00036306895
6472101172,6472100928,0.013221449,0.027938504,0.0003568718
6472107402,6472107170,0.014058149,0.027833596,0.00035040017
6472111181,6472110917,0.014532377,0.027606498,0.0003487459
6472114902,6472114660,0.014599352,0.027672749,0.00034731868
6472121144,6472120903,0.013452338,0.027564198,0.00034688247
6472124880,6472124648,0.012816517,0.027432168,0.0003465844
6472132400,6472132139,0.01337868,0.027419198,0.00033759384
6472134870,6472134636,0.013908669,0.027670493,0.0003357063
6472142378,6472142127,0.014351675,0.027728349,0.00033634872
6472146107,6472145872,0.013778295,0.027830588,0.0003419939
6472151099,6472150869,0.013563752,0.027683338,0.00033969482
6472156093,6472155859,0.014044646,0.027219016,0.00033489882
6472161091,6472160853,0.013969563,0.02753466,0.0003269447
6472167324,6472167095,0.014227246,0.02758687,0.00032136502
6472171080,6472170841,0.013990859,0.02749503,0.00032131988
6472177315,6472177083,0.01389063,0.027522583,0.00032264288
6472181065,6472180830,0.013927578,0.027214613,0.00032552655
6472184805,6472184573,0.01358544,0.02723461,0.00032572652
6472191056,6472190816,0.013522664,0.027308991,0.0003237922
6472194808,6472194561,0.0141301965,0.027295494,0.00032642347
6472202300,6472202052,0.014686092,0.027866537,0.00034266437
6472204795,6472204549,0.014570513,0.027693694,0.00034938485
6472212277,6472212042,0.013833564,0.027546195,0.00035605254
6472216019,6472215785,0.013657005,0.027856175,0.0003519111
6472221018,6472220779,0.0138159795,0.027870528,0.00034729132
6472226005,6472225773,0.0145241935,0.027625648,0.0003428963
6472231000,6472230766,0.014682114,0.027578652,0.0003488005
6472237242,6472237008,0.014450985,0.02753258,0.00035911845
6472241008,6472240754,0.013931234,0.02760981,0.00036081078
6472247225,6472246996,0.013806505,0.027919907,0.00036143788
6472250976,6472250742,0.013726271,0.027736131,0.000364242
6472258471,6472258232,0.01447478,0.02757291,0.00036330518
6472260977,6472260729,0.014926656,0.02781209,0.00036401235
6472264710,6472264474,0.01508038,0.027778015,0.00036611862
6472272198,6472271965,0.014876891,0.027615892,0.00036842522
6472275949,6472275710,0.014495095,0.027795766,0.00036966725
6472282184,6472281953,0.013683148,0.02771381,0.0003684196
6472285935,6472285698,0.014098353,0.027346462,0.00036529737
6472290949,6472290692,0.014549107,0.027200202,0.00036260468
6472295926,6472295686,0.014568561,0.027456082,0.000357013
6472300917,6472300679,0.0144655835,0.027747028,0.000352379
6472307151,6472306922,0.01415706,0.027635824,0.00034782538
6472310911,6472310667,0.014168848,0.027416296,0.00034016726
6472317150,6472316909,0.014771411,0.027457017,0.00032807371
6472320889,6472320654,0.01498426,0.027610699,0.00032488687
6472328380,6472328145,0.014738608,0.027946858,0.00032569843
6472330880,6472330642,0.014298211,0.027985312,0.00032629262
6472334629,6472334393,0.014053124,0.028090913,0.00033043415
6472342115,6472341878,0.014214116,0.027505254,0.00034292234
6472345857,6472345623,0.014748375,0.027291192,0.00034570714
6472352104,6472351873,0.015198767,0.027666008,0.00035020805
6472355845,6472355611,0.015043888,0.027644927,0.00035706928
6472359588,6472359356,0.014835689,0.02780315,0.00036572624
6472365830,6472365598,0.014277577,0.027854765,0.00036806794
6472370826,6472370592,0.014196614,0.027547067,0.00036541172
6472377073,6472376834,0.014551039,0.027354138,0.0003541295
6472380818,6472380580,0.014746674,0.02770351,0.0003465821
6472387069,6472386822,0.014551906,0.028147124,0.00034187848
6472390802,6472390568,0.014881702,0.027998213,0.0003492179
6472398299,6472398062,0.014616162,0.027774777,0.00036196472
6472400789,6472400555,0.014625109,0.027551703,0.00036724284
6472404531,6472404300,0.014750613,0.02736808,0.0003718232
6472412035,6472411791,0.014851918,0.027349364,0.00036935665
6472415771,6472415536,0.014602021,0.027347736,0.00036354718
6472422039,6472421779,0.014395046,0.027315022,0.00036028694
6472425758,6472425524,0.014142909,0.027435873,0.00036334203
6472430761,6472430519,0.014142165,0.027541691,0.00037136956
6472436997,6472436760,0.015054908,0.028089376,0.00038087004
6472440748,6472440506,0.0154402265,0.027873741,0.0003827163
6472446977,6472446748,0.014769991,0.02735628,0.0003805378
6472450726,6472450493,0.014417277,0.02735364,0.00037434069
6472456972,6472456735,0.013875393,0.027620038,0.0003634362
6472460721,6472460482,0.013997842,0.027766736,0.0003594774
6472468199,6472467971,0.0145409005,0.027487207,0.0003509389
6472471967,6472471717,0.01482643,0.02770475,0.0003523173
6472474447,6472474214,0.014854958,0.02785896,0.0003524533
6472481936,6472481704,0.014388709,0.02752882,0.00034686178
6472485700,6472485450,0.014379136,0.027307937,0.00034963372
6472490683,6472490443,0.014534518,0.027608495,0.00035492962
6472495668,6472495437,0.014575089,0.027594764,0.0003469647
6472500664,6472500431,0.014414694,0.027687266,0.00034259766
6472506910,6472506673,0.014326556,0.027775586,0.00034501668
6472509401,6472509170,0.014257171,0.027708404,0.0003444901
6472516894,6472516661,0.014225253,0.027675763,0.00033416162
6472520644,6472520406,0.014070672,0.027702129,0.0003265549
6472526892,6472526648,0.014126976,0.027602447,0.00031793857
6472530628,6472530394,0.014425978,0.027769662,0.00031917504
6472538115,6472537885,0.013997633,0.028089777,0.00031724543
6472541863,6472541630,0.013463747,0.027998077,0.0003109297
6472544361,6472544127,0.013366373,0.027957395,0.00030513504
6472551852,6472551617,0.014022947,0.027462583,0.00029327028
6472555595,6472555363,0.014254887,0.027129138,0.00029222472
6472559347,6472559109,0.014310723,0.026952332,0.00029647726
6472565588,6472565350,0.014630857,0.027297398,0.00030807295
6472570579,6472570344,0.014272557,0.027654104,0.00031821878
6472576818,6472576586,0.013342606,0.027556317,0.00032744903
6472579316,6472579083,0.013186992,0.02749468,0.0003316001
6472586814,6472586574,0.013472074,0.027216021,0.00033500677
6472590554,6472590319,0.01397816,0.027348164,0.000334354
6472598047,6472597810,0.01439946,0.027852975,0.0003403033
6472600539,6472600307,0.014212924,0.027768278,0.00034204067
6472608030,6472607797,0.013192146,0.027726438,0.00034103688
6472611780,6472611543,0.013076838,0.027813837,0.00033353164
6472614287,6472614040,0.013307858,0.027920881,0.00033163265
6472621763,6472621530,0.013580811,0.027652819,0.00034189003
6472625513,6472625278,0.013688431,0.027657168,0.0003506705
6472630502,6472630269,0.013794566,0.027511125,0.00036071966
6472635520,6472635269,0.013674539,0.027354948,0.00036591527
6472640496,6472640257,0.013186063,0.027443873,0.00036984115
6472646734,6472646499,0.013173542,0.027989049,0.00037997862
6472650490,6472650245,0.013663072,0.027662989,0.00038547345
6472656713,6472656487,0.013736051,0.027753595,0.00038747134
6472660473,6472660233,0.012959958,0.02770633,0.00038797778
6472667960,6472667723,0.012389387,0.027992463,0.00039268853
6472670457,6472670220,0.0127668325,0.027938068,0.00039100193
6472677940,6472677710,0.013827658,0.02753173,0.00038107357
6472681692,6472681456,0.013959162,0.02724539,0.00037146517
6472685460,6472685201,0.013798773,0.027466606,0.0003630587
6472691677,6472691443,0.013098827,0.027599566,0.0003571593
6472695421,6472695189,0.01307485,0.027747205,0.0003581257
6472700419,6472700183,0.01271442,0.027847847,0.00035609902
6472705410,6472705177,0.013117036,0.027885668,0.00035388864
6472710403,6472710170,0.013262051,0.027721426,0.00035095843
6472716643,6472716412,0.013517164,0.027591996,0.0003492554
6472720400,6472720158,0.013351515,0.027508676,0.00034764846
6472726636,6472726400,0.012323539,0.02805212,0.0003379423
6472730379,6472730146,0.012394469,0.02816111,0.00032575554
6472737869,6472737636,0.012764412,0.02775843,0.0003107744
6472740369,6472740133,0.012872237,0.027651886,0.00031187863
6472747851,6472747623,0.013419268,0.027582575,0.00031597685
6472751603,6472751372,0.012839116,0.0275686,0.00031299205
6472755351,6472755114,0.012233244,0.027534751,0.00030653414
6472761603,6472761357,0.012861823,0.027775338,0.00029330692
6472765338,6472765102,0.013022027,0.027564732,0.00028563925
6472770333,6472770096,0.013090676,0.027606616,0.00029274644
6472775324,6472775089,0.012823334,0.027591044,0.000306508
6472780317,6472780083,0.01303191,0.027865198,0.00031691755
6472786555,6472786325,0.012402529,0.028034277,0.00031129402
6472790312,6472790071,0.012318229,0.028073031,0.00030240894
6472796550,6472796319,0.01244399,0.027759753,0.00029660476
6472800299,6472800058,0.01304572,0.027512738,0.00029355352
6472807778,6472807549,0.013237345,0.027781464,0.00028558858
6472810287,6472810046,0.013128183,0.027700456,0.00028692483
6472817765,6472817537,0.012529703,0.02759664,0.00029808472
6472821517,6472821283,0.012774104,0.02767891,0.00030701293
6472825269,6472825030,0.013158248,0.027771603,0.00031417952
6472830266,6472830023,0.012980277,0.02770362,0.00031649641
6472835314,6472835019,0.013004433,0.027646428,0.00031289816
6472840246,6472840009,0.013275165,0.027239796,0.00031619676
6472846486,6472846251,0.012619059,0.02786976,0.00031794686
6472850227,6472849996,0.012461423,0.027980851,0.00031547935
6472856472,6472856238,0.012495248,0.027851045,0.0003201939
6472860222,6472859984,0.012661246,0.027671888,0.00032538598
6472866522,6472866226,0.013084483,0.02759722,0.00032417208
6472870215,6472869972,0.01310892,0.027498553,0.00031904713
6472877693,6472877462,0.013199002,0.02732222,0.0003211814
6472881447,6472881208,0.012829913,0.027507734,0.00032346396
6472887684,6472887450,0.012689947,0.02793823,0.0003196672
6472891429,6472891195,0.012618103,0.027958067,0.00032057246
6472895179,6472894940,0.013097329,0.028057769,0.00031841683
6472900181,6472899935,0.013162057,0.027826143,0.0003127071
6472905169,6472904928,0.012907247,0.027634831,0.00030923847
6472912647,6472912419,0.012666437,0.027346715,0.00030861044
6472916405,6472916164,0.013087714,0.026999747,0.00030600035
6472920142,6472919910,0.013512536,0.026990687,0.00030657486
6472926384,6472926152,0.013756137,0.027647603,0.00031343775
6472930150,6472929897,0.013547202,0.027996762,0.0003122212
6472936373,6472936140,0.012683583,0.027861299,0.00030256793
6472940121,6472939884,0.012376554,0.027773425,0.00030225277
6472947614,6472947375,0.013150932,0.027736582,0.00031164673
6472951354,6472951121,0.013603312,0.027882183,0.0003081559
6472957597,6472957363,0.013792729,0.027555814,0.00030424693
6472961346,6472961108,0.013689402,0.027354011,0.0003104964
6472965094,6472964854,0.013424983,0.027442636,0.00031637677
6472971329,6472971096,0.01305418,0.027573133,0.0003206533
6472975072,6472974841,0.013230632,0.027574532,0.00031970046
6472982564,6472982332,0.013792021,0.02769293,0.0003331725
6472986331,6472986077,0.014054045,0.027746877,0.00033461806
6472990059,6472989823,0.014325274,0.027717384,0.00032851187
6472996299,6472996065,0.013854093,0.027457792,0.00032484822
6473000050,6472999810,0.013033709,0.027746828,0.00032790657
6473006295,6473006053,0.012664487,0.027744252,0.00033583416
6473010034,6473009798,0.01334087,0.027795907,0.0003354939
6473017532,6473017289,0.014342506,0.02747796,0.00033194586
6473021273,6473021034,0.014042111,0.027842252,0.00032830224
6473027508,6473027276,0.013915667,0.027725877,0.000331164
6473031261,6473031022,0.01367895,0.027789135,0.0003387673
6473035009,6473034766,0.013770886,0.02793605,0.00034633116
6473041244,6473041009,0.013913707,0.02757172,0.00036309427
6473044991,6473044754,0.014149358,0.027743496,0.00037181837
6473049980,6473049748,0.014570522,0.027591176,0.00037894817
6473056221,6473055990,0.013947174,0.027718049,0.00037951456
6473062474,6473062232,0.013469311,0.027571008,0.00037818388
6473066206,6473065978,0.013693236,0.027298504,0.00037526735
6473069958,6473069723,0.013994972,0.027626725,0.00037253025
6473077465,6473077214,0.014265845,0.027728144,0.0003644846
6473079953,6473079718,0.014370431,0.027635446,0.0003635541
6473087434,6473087202,0.014038081,0.027534451,0.0003577111
6473091182,6473090947,0.014045121,0.02766895,0.0003577743
6473097427,6473097189,0.014067683,0.02759405,0.00035161662
6473101170,6473100938,0.01421495,0.027518095,0.00034690168
6473104937,6473104680,0.014491934,0.027759427,0.00034477757
6473109910,6473109674,0.014485951,0.027828185,0.00034032707
6473114900,6473114667,0.014376153,0.027927475,0.00033645658
6473119904,6473119661,0.014368143,0.027907547,0.00033235026
6473126136,6473125903,0.014686632,0.027665092,0.00033245358
6473129884,6473129649,0.01456199,0.027677631,0.0003361368
6473136119,6473135891,0.01435777,0.027655862,0.00034102233
6473139871,6473139636,0.014416696,0.02763239,0.0003401142
6473147372,6473147127,0.0138674965,0.027554708,0.00032514735
6473149860,6473149624,0.013869559,0.027648082,0.0003228117
6473157347,6473157115,0.013992663,0.027662238,0.0003273752
6473161090,6473160860,0.014508378,0.027424645,0.0003373917
6473167339,6473167102,0.015033557,0.027347023,0.00035272137
6473171093,6473170847,0.0148406,0.027369568,0.0003533668
6473174835,6473174593,0.014383726,0.02755411,0.00035409717
6473182318,6473182083,0.014469849,0.027348079,0.00036027748
6473184811,6473184580,0.014393021,0.027541308,0.00035744274
6473189808,6473189574,0.014653992,0.027541477,0.0003516683
6473196053,6473195816,0.014727266,0.028037038,0.0003433803
6473202303,6473202059,0.014660775,0.0277606,0.00033995506
6473206035,6473205804,0.014669705,0.027799677,0.0003411917
6473209795,6473209549,0.014616278,0.027782373,0.00033509784
6473217284,6473217040,0.013751239,0.027864052,0.00031322223
6473221016,6473220785,0.0138069615,0.027711162,0.00031131046
6473227278,6473227027,0.014775734,0.027404612,0.00031936122
6473231020,6473230773,0.0144646345,0.027684752,0.00031945098
6473238502,6473238264,0.014326586,0.02764185,0.0003112106
6473241005,6473240761,0.014066204,0.027715271,0.00031316112
6473244737,6473244506,0.01404096,0.02776894,0.00031937138
6473249738,6473249500,0.0145853,0.027662259,0.0003309726
6473255970,6473255742,0.014463806,0.027705561,0.0003365674
6473262217,6473261984,0.014536448,0.027690584,0.00033927473
6473265959,6473265729,0.014254775,0.02771833,0.00034331778
6473269716,6473269474,0.01367477,0.027588146,0.0003459023
6473275951,6473275717,0.0142573565,0.027512254,0.00034594815
6473279702,6473279463,0.014408911,0.027351456,0.00034380745
6473287183,6473286953,0.014721494,0.027772887,0.00033467566
6473290942,6473290698,0.015018569,0.027818782,0.0003264264
6473297174,6473296941,0.014347786,0.027828515,0.00031362305
6473300927,6473300686,0.013542475,0.027689414,0.0003061911
6473309657,6473309425,0.013652696,0.027855169,0.0003083994
6473312161,6473311928,0.013786123,0.027882487,0.00031242403
6473314653,6473314419,0.0141723,0.027738193,0.00031759273
6473322141,6473321909,0.014424876,0.02777827,0.00032856312
6473325897,6473325655,0.01436268,0.027885865,0.00033026343
6473332128,6473331897,0.013632633,0.027842997,0.00034508118
6473335896,6473335642,0.01355674,0.027706653,0.00035099575
6473340870,6473340637,0.0134836035,0.02779091,0.00035362196
6473345863,6473345630,0.013932499,0.027834322,0.00035479944
6473349610,6473349376,0.014145656,0.02750544,0.00035959386
6473357098,6473356871,0.013829993,0.027489591,0.00037339248
6473360859,6473360612,0.013764213,0.027260995,0.00037912105
6473367091,6473366853,0.014031439,0.027762303,0.0003872854
6473370832,6473370599,0.013879121,0.027895201,0.0003891596
6473378324,6473378090,0.01416771,0.02781051,0.00038441797
6473380819,6473380587,0.014345847,0.027687272,0.00038342355
6473384566,6473384332,0.014047249,0.027492495,0.00038379512
6473392061,6473391822,0.0131593095,0.027928311,0.00038198612
6473395799,6473395568,0.013293475,0.027395068,0.0003797622
6473402056,6473401810,0.01344881,0.027598338,0.00038020237
6473405788,6473405556,0.01380048,0.027584655,0.0003777462
6473413284,6473413046,0.014197457,0.027706018,0.00038558923
6473417018,6473416791,0.013824406,0.027773798,0.0003877222
6473419523,6473419288,0.013473595,0.027924616,0.00038831244
6473427007,6473426779,0.012822922,0.027709961,0.00037691146
6473430776,6473430525,0.013034163,0.027916506,0.00037304024
6473436998,6473436767,0.013275109,0.027649019,0.0003751801
6473440758,6473440512,0.013773869,0.027741974,0.00037918173
6473449490,6473449254,0.013399166,0.027976742,0.000385959
6473450759,6473450507,0.013374363,0.02792571,0.00038607875
6473454493,6473454245,0.0131529225,0.027733808,0.00038512333
6473461966,6473461735,0.012746448,0.027693389,0.00037996363
6473465712,6473465481,0.01302619,0.02762603,0.0003763477
6473471956,6473471723,0.0133893555,0.027623145,0.00036876395
6473475700,6473475468,0.013304645,0.027779175,0.00037032057
6473483220,6473482959,0.013108504,0.027972968,0.00036686505
6473486948,6473486704,0.013206489,0.027911521,0.00035737452
6473489434,6473489202,0.012964565,0.02774568,0.00035276567
6473496929,6473496692,0.012915121,0.027632603,0.00035288197
6473500671,6473500437,0.013157054,0.02755264,0.00035960323
6473506914,6473506680,0.013173244,0.02769156,0.0003686559
6473510660,6473510425,0.012886537,0.028020753,0.00037147553
6473519398,6473519166,0.013005504,0.0276901,0.00036840828
6473521896,6473521661,0.013067952,0.02757015,0.00036993972
6473524392,6473524158,0.013093693,0.027805356,0.00037112605
6473531881,6473531649,0.013247311,0.02773286,0.0003692526
6473535647,6473535394,0.013524926,0.027427504,0.0003684547
6473541863,6473541636,0.012929019,0.02768236,0.00036384718
6473545643,6473545382,0.012141582,0.027451046,0.0003580358
6473553101,6473552872,0.01248389,0.027717385,0.0003483927
6473556849,6473556618,0.013017498,0.027941171,0.00034893534
6473559357,6473559115,0.0133374315,0.027975831,0.00034999626
6473566833,6473566605,0.013464773,0.0275036,0.00035094007
6473570588,6473570351,0.013005709,0.027467068,0.00035088952
6473576860,6473576593,0.012386293,0.027805978,0.0003444579
6473580573,6473580339,0.012484397,0.027911905,0.00034124378
6473589319,6473589078,0.0124471905,0.027510455,0.00034200674
6473591801,6473591574,0.012723369,0.027468668,0.00034211966
6473594319,6473594071,0.012872425,0.02745091,0.0003402051
6473601796,6473601562,0.013112428,0.027915442,0.00033247634
6473605543,6473605307,0.012892597,0.027836869,0.00033072854
6473611779,6473611549,0.0128005585,0.027874721,0.00032581296
6473615525,6473615295,0.013033331,0.027849924,0.00032441193
6473623011,6473622785,0.013065601,0.027782498,0.0003170761
6473626762,6473626531,0.012772795,0.027796334,0.00031962438
6473630509,6473630276,0.012641591,0.02758097,0.0003227881
6473636747,6473636518,0.01254869,0.027602816,0.00032222213
6473640508,6473640264,0.012767748,0.027469797,0.00031955726
6473649240,6473649003,0.012620177,0.02771069,0.0003218889
6473650498,6473650255,0.012663739,0.027919266,0.00032185117
6473659226,6473658991,0.012428845,0.027991936,0.00032625237
6473661716,6473661487,0.012319033,0.027872287,0.00032935658
6473665473,6473665233,0.012407293,0.027873954,0.00033211597
6473671709,6473671475,0.012697688,0.027961174,0.00032912896
6473675456,6473675221,0.013058556,0.027708732,0.0003210998
6473682952,6473682711,0.013248589,0.027614718,0.00030563603
6473685447,6473685208,0.013349439,0.027654957,0.00030307702
6473692945,6473692699,0.012676506,0.02768546,0.00029385084
6473696685,6473696444,0.012151785,0.027666055,0.00029146828
6473700435,6473700190,0.012387292,0.027704205,0.0002850964
6473706671,6473706432,0.013351814,0.027778145,0.00026817346
6473710413,6473710177,0.013853383,0.02760027,0.0002594232
6473719153,6473718916,0.013517835,0.027582642,0.00027521452
6473720394,6473720164,0.0134055605,0.027684215,0.00027897477
6473729150,6473728903,0.012664771,0.027645467,0.00030291997
6473731629,6473731400,0.012750498,0.027868576,0.0003082002
6473735380,6473735146,0.0126921935,0.028113244,0.00031650966
6473741620,6473741388,0.013308484,0.028057592,0.0003243794
6473745366,6473745133,0.013552885,0.027721364,0.00032984404
6473752857,6473752624,0.0129037425,0.027601864,0.00034082
6473755356,6473755121,0.012595303,0.027696095,0.00034488083
6473762849,6473762612,0.01310254,0.02778353,0.00034956768
6473766589,6473766357,0.013639207,0.027587218,0.00034525205
6473770345,6473770102,0.014186945,0.027620994,0.000342071
6473776574,6473776344,0.01346362,0.027892381,0.00034090827
6473780330,6473780090,0.013277444,0.027883096,0.000339663
6473789070,6473788829,0.0130345,0.027427997,0.0003441511
6473791560,6473791326,0.0129931355,0.027480857,0.00034582135
6473799055,6473798817,0.013374497,0.027438125,0.00034281638
6473801541,6473801313,0.013769971,0.027650492,0.0003407849
6473805297,6473805059,0.0141153345,0.02765089,0.00033576248
6473811532,6473811301,0.013777918,0.027952561,0.00033021133
6473815286,6473815046,0.0133834,0.027719833,0.00033427103
6473822782,6473822537,0.013062812,0.02739942,0.00033014794
6473825272,6473825034,0.013313999,0.027376926,0.00032692763
6473832753,6473832525,0.014061436,0.027658552,0.0003124903
6473836499,6473836270,0.0141466735,0.027922777,0.00030653202
6473840257,6473840015,0.014119428,0.028010072,0.00030017894
6473846492,6473846258,0.014133441,0.027682139,0.00029089765
6473850304,6473850010,0.013831228,0.027673384,0.00028769215
6473858979,6473858742,0.014068074,0.027855592,0.0003031032
6473861475,6473861239,0.014424131,0.02799993,0.0003061586
6473868972,6473868730,0.0144162625,0.027891617,0.00030807697
6473871464,6473871226,0.014004005,0.027950048,0.00031029605
6473875210,6473874972,0.013745334,0.027769705,0.00031640913
6473881496,6473881214,0.0137470765,0.027500883,0.00032891677
6473885193,6473884959,0.014077396,0.02758121,0.00033087152
6473892685,6473892450,0.014529088,0.027702384,0.00031646065
6473896436,6473896196,0.0148706,0.028003553,0.00031621687
6473902671,6473902438,0.014193907,0.027856903,0.00031998582
6473906422,6473906183,0.013682424,0.027914189,0.0003176488
6473910179,6473909937,0.013346255,0.027762344,0.0003101872
6473916405,6473916171,0.014170369,0.027595153,0.0003040058
6473920151,6473919916,0.014846512,0.027492577,0.0003061407
6473928891,6473928655,0.015293851,0.027570501,0.00031535453
6473931381,6473931152,0.015125386,0.027567245,0.00031624138
6473938885,6473938643,0.013676139,0.027978586,0.00031759767
6473941377,6473941140,0.013471543,0.027978601,0.00031742107
6473945118,6473944885,0.013593531,0.028039427,0.00031824142
6473951361,6473951127,0.014595479,0.027780127,0.00030995457
6473955103,6473954873,0.014978077,0.02763594,0.00030263004
6473962598,6473962364,0.014667541,0.027739163,0.00029151718
6473966346,6473966109,0.014562693,0.027714469,0.00029050768
6473972649,6473972351,0.014483867,0.027737431,0.00028283516
6473976330,6473976096,0.014483463,0.027754782,0.00027838812
6473980081,6473979842,0.014229123,0.027764186,0.00028026258
6473986321,6473986084,0.014720149,0.027651846,0.00029623532
6473990065,6473989829,0.014600425,0.027303018,0.00030603123
6473998803,6473998568,0.0144048175,0.027901685,0.00031939056
6474001297,6474001065,0.014432814,0.027737258,0.0003217084
6474008788,6474008556,0.01496577,0.02705401,0.00032635007
6474011306,6474011053,0.014970011,0.02723578,0.00032672862
6474015031,6474014798,0.0151322745,0.027868,0.0003237193
6474021289,6474021040,0.0148526095,0.028142078,0.00032238092
6474025018,6474024786,0.014347222,0.028005281,0.00033112685
6474032511,6474032276,0.013741385,0.028179988,0.0003455584
6474036281,6474036026,0.014012801,0.027847061,0.00034562184
6474042499,6474042264,0.0146810375,0.027503252,0.00033762722
6474046241,6474046009,0.01482733,0.027338885,0.00033814396
6474049986,6474049755,0.015256934,0.027461218,0.00034237947
6474058733,6474058494,0.013980818,0.027500125,0.00035658886
6474059977,6474059743,0.013897809,0.027561458,0.00035689079
6474068717,6474068481,0.01403291,0.027622359,0.00036684744
6474071210,6474070978,0.014433116,0.027646482,0.00036925182
6474077474,6474077220,0.014835006,0.027816469,0.00037481578
6474081195,6474080966,0.014750851,0.027681261,0.0003743473
6474084953,6474084711,0.014680664,0.027465444,0.00036987854
6474089943,6474089705,0.014609692,0.027643694,0.00035976202
6474094935,6474094699,0.0138467895,0.028025793,0.00035279783
6474102421,6474102192,0.014379108,0.028004192,0.00035533178
6474106166,6474105935,0.014722799,0.027851846,0.00035681375
6474112405,6474112177,0.014120859,0.027802669,0.00035348083
6474116156,6474115922,0.013594371,0.027780164,0.00034892367
6474119904,6474119668,0.013426421,0.027540762,0.0003453724
6474128659,6474128407,0.014388784,0.027680257,0.00032300432
6474129900,6474129656,0.014413051,0.02764731,0.00032039787
6474137386,6474137146,0.014580557,0.027451636,0.00032897116
6474141135,6474140891,0.014425095,0.027439944,0.00033561283
6474148624,6474148382,0.013583306,0.027593024,0.0003430627
6474151109,6474150879,0.013526938,0.02792754,0.00034151154
6474154855,6474154624,0.013784094,0.028063655,0.0003388206
6474162346,6474162115,0.014030749,0.027508138,0.00032924736
6474164841,6474164611,0.014052191,0.027491631,0.00032551627
6474172332,6474172102,0.014563805,0.027171427,0.00031968995
6474176088,6474175848,0.014191082,0.027339576,0.000314477
6474182387,6474182094,0.013770679,0.027629474,0.00030438227
6474186070,6474185835,0.013787159,0.027887562,0.00030231383
6474189872,6474189586,0.014098717,0.028014539,0.00029772325
6474198549,6474198320,0.014061147,0.027818147,0.00029213305
6474199805,6474199568,0.014169702,0.027764115,0.0002926057
6474208544,6474208307,0.013990086,0.027476273,0.00029332598
6474211034,6474210804,0.0138654,0.027277168,0.00029436083
6474218530,6474218295,0.013249995,0.02728604,0.000304337
6474221020,6474220792,0.013336857,0.027433129,0.00031060696
6474224765,6474224537,0.013298119,0.027902164,0.0003172755
6474232270,6474232036,0.013854551,0.028009433,0.00032333695
6474236002,6474235773,0.013864107,0.028028129,0.00032353704
6474242318,6474242017,0.013580349,0.027588299,0.00031815
6474246003,6474245761,0.013356406,0.027711587,0.00031684063
6474253509,6474253264,0.013302319,0.028031105,0.00032590405
6474255976,6474255748,0.013528752,0.028166842,0.0003282499
6474259742,6474259494,0.013450872,0.028064344,0.00032592283
6474268471,6474268233,0.013193606,0.02757906,0.0003167851
6474270960,6474270730,0.013087852,0.027436264,0.0003154629
6474278455,6474278221,0.013377213,0.027998792,0.00030952864
6474280956,6474280717,0.013381892,0.027835539,0.00030891283
6474288460,6474288210,0.0138449455,0.027542062,0.00030086812
6474290932,6474290705,0.0136484895,0.027859246,0.00030009192
6474294736,6474294450,0.013347408,0.027828807,0.00030330874
6474302232,6474301942,0.012868382,0.027702423,0.00030873693
6474305928,6474305686,0.012532119,0.027573505,0.0003081026
6474312158,6474311928,0.013080392,0.027599934,0.0003014467
6474315900,6474315674,0.013332387,0.027725356,0.0002972048
6474323405,6474323165,0.01386042,0.028112268,0.00029595953
6474325908,6474325662,0.013417333,0.028172184,0.00029394345
6474329642,6474329407,0.012841294,0.028109105,0.00029260214
6474337138,6474336897,0.012786764,0.027546177,0.00029148147
6474340894,6474340643,0.013118846,0.027639374,0.0002881066
6474348378,6474348134,0.013302112,0.027524523,0.00028174758
6474350858,6474350630,0.013176955,0.027720032,0.00027501275
6474358358,6474358121,0.01287966,0.02775341,0.00026525185
6474362161,6474361870,0.012715854,0.027499188,0.00026535918
6474364597,6474364363,0.012624339,0.02751259,0.0002668143
6474372101,6474371854,0.01336928,0.027812427,0.00026640864
6474375829,6474375599,0.013484775,0.027764238,0.00026053598
6474382077,6474381841,0.013602697,0.028005593,0.00025177968
6474385816,6474385587,0.013523203,0.027985813,0.00024895123
6474393322,6474393078,0.013066428,0.027752772,0.000252945
6474395810,6474395575,0.013008461,0.027962439,0.00025896254
6474399610,6474399321,0.013101736,0.02782234,0.000270707
6474408301,6474408059,0.01330389,0.02754859,0.00028826634
6474410789,6474410556,0.013436435,0.027584793,0.00029112125
6474417031,6474416798,0.0130324485,0.027781332,0.00029339336
6474420773,6474420543,0.013104643,0.027830707,0.00028792044
6474428280,6474428034,0.013414647,0.028003516,0.00028831104
6474430770,6474430533,0.01337496,0.028021803,0.0002862319
6474434513,6474434276,0.0130699,0.027889762,0.00028331592
6474441993,6474441767,0.013504361,0.027522339,0.0002821187
6474445765,6474445512,0.013244691,0.027748235,0.000286812
6474452048,6474451755,0.013393069,0.027669229,0.0002927122
6474455729,6474455500,0.013340616,0.027591798,0.00029738568
6474463224,6474462991,0.01305184,0.027444787,0.00030649334
6474468227,6474467985,0.013312478,0.027601292,0.0003107694
6474469479,6474469234,0.013342199,0.027725462,0.00031035265
6474476963,6474476723,0.013719099,0.027858889,0.000303006
6474480697,6474480469,0.013413882,0.027738689,0.00029636343
6474488192,6474487960,0.012981541,0.027764056,0.00030150468
6474490697,6474490456,0.01279527,0.027605327,0.00030369335
6474498187,6474497947,0.013687849,0.027787557,0.00031203276
6474501928,6474501693,0.013717653,0.02773711,0.00031585025
6474504463,6474504190,0.013574103,0.027608113,0.00031875502
6474511962,6474511680,0.014098409,0.027544893,0.00032000543
6474515659,6474515425,0.013994508,0.027725445,0.0003224283
6474521898,6474521668,0.01353427,0.027978288,0.00032536197
6474525648,6474525413,0.0135272145,0.027942587,0.00032295327
6474533146,6474532905,0.013699463,0.027857436,0.0003215337
6474539385,6474539146,0.013769614,0.027788447,0.0003184265
6474543135,6474542891,0.013998885,0.027619524,0.00031209926
6474548117,6474547885,0.014043517,0.02796251,0.00030796815
6474550617,6474550382,0.014140491,0.027979977,0.0003083461
6474556889,6474556624,0.013781272,0.027849216,0.00031808723
6474560609,6474560370,0.0137007395,0.02724625,0.00031955165
6474568096,6474567861,0.014565899,0.027520245,0.00031197575
6474571870,6474571606,0.014064811,0.027502919,0.00031729628
6474574335,6474574103,0.013913511,0.02745346,0.00032329952
6474581826,6474581593,0.014204395,0.027296783,0.0003207209
6474585571,6474585339,0.014318808,0.027489383,0.00031808202
6474591812,6474591581,0.013690795,0.028003387,0.00033016154
6474595565,6474595326,0.013416395,0.02809175,0.00033627948
6474603059,6474602817,0.0144260125,0.02784304,0.00033089652
6474608044,6474607811,0.014179086,0.027697966,0.00033153978
6474609325,6474609059,0.014192635,0.027603835,0.0003322975
6474616808,6474616550,0.0145986015,0.027800092,0.00033983376
6474620538,6474620298,0.0141804265,0.027765997,0.00034060987
6474628019,6474627786,0.014479101,0.02778288,0.0003347933
6474630515,6474630283,0.014628771,0.027696665,0.00033071157
6474638014,6474637774,0.0144749945,0.027615773,0.00033009236
6474641749,6474641519,0.014384607,0.027715193,0.00033059454
6474645496,6474645264,0.014655869,0.027931247,0.00032673642
6474651737,6474651506,0.0147416005,0.027834926,0.00031960203
6474655506,6474655267,0.014683108,0.027698305,0.0003171391
6474662982,6474662743,0.014263596,0.027822774,0.00031773848
6474665490,6474665247,0.014217243,0.02764842,0.0003203107
6474672974,6474672730,0.01445046,0.027821636,0.0003209371
6474677965,6474677724,0.014973076,0.027641749,0.00031850763
6474680456,6474680220,0.015045446,0.027580746,0.00031265695
6474687948,6474687711,0.014965373,0.02785578,0.00029661975
6474690437,6474690208,0.014760734,0.027786361,0.00029401944
6474697945,6474697699,0.014692304,0.027783733,0.00028949062
6474700428,6474700196,0.014823607,0.02769917,0.00029154567
6474707930,6474707686,0.015040078,0.027426496,0.00030386745
6474711664,6474711432,0.014976428,0.027709687,0.00031191544
6474715420,6474715177,0.014679211,0.027718898,0.00031769183
6474721678,6474721420,0.014651713,0.027929237,0.0003128432
6474725399,6474725165,0.014473662,0.027805408,0.00031008682
6474732902,6474732656,0.014955464,0.027490536,0.0003112732
6474735382,6474735152,0.014643413,0.027535906,0.0003169412
6474742881,6474742643,0.015255919,0.02761637,0.00033151798
6474747872,6474747637,0.015415249,0.027755942,0.00033685783
6474750364,6474750134,0.015415879,0.027933868,0.000333648
6474757856,6474757624,0.014269837,0.027976364,0.00032547012
6474760362,6474760121,0.014292406,0.027937895,0.00032222865
6474767854,6474767612,0.015099535,0.027553381,0.0003179915
6474770350,6474770109,0.015281206,0.02754337,0.00031698114
6474777833,6474777600,0.015267994,0.027976604,0.0003225819
6474781597,6474781345,0.014743057,0.027856417,0.0003227102
6474785333,6474785090,0.014130532,0.027592756,0.00032122672
6474791566,6474791333,0.014596858,0.027593546,0.00031765408
6474795329,6474795078,0.015483123,0.027848743,0.00031199207
6474802805,6474802569,0.015365666,0.027840033,0.00028606638
6474805309,6474805066,0.015168391,0.027844824,0.00028132307
6474812795,6474812556,0.014319529,0.028002718,0.00028318432
6474817783,6474817550,0.014393594,0.02790304,0.00028837897
6474820302,6474820047,0.014410271,0.027918933,0.000291002
6474826547,6474826289,0.015017608,0.027853442,0.00029571762
6474830270,6474830034,0.01522341,0.027819347,0.00029939215
6474837758,6474837525,0.014902,0.027966691,0.00030891466
6474840271,6474840025,0.014973049,0.027894523,0.0003115416
6474847747,6474847513,0.014249653,0.027839694,0.00032440101
6474851491,6474851258,0.01438923,0.02752224,0.0003323189
6474855311,6474855007,0.014891458,0.027526231,0.00034072413
6474861502,6474861246,0.0153526915,0.027453441,0.0003457917
6474865228,6474864991,0.01542489,0.027586574,0.00034625354
6474872736,6474872485,0.014192277,0.02800632,0.00034340954
6474877717,6474877476,0.014051763,0.027668623,0.0003482624
6474882703,6474882469,0.01404272,0.027473345,0.00034538552
6474886519,6474886214,0.014596145,0.027424606,0.0003359971
6474890189,6474889960,0.014944311,0.027405433,0.0003248949
6474897684,6474897451,0.014670513,0.027985953,0.00032071638
6474900179,6474899947,0.01426865,0.028256116,0.00032444246
6474908941,6474908687,0.014180853,0.02770747,0.00034126983
6474911423,6474911183,0.014353442,0.027681094,0.00034084657
6474917705,6474917426,0.014804447,0.027489558,0.000333192
6474921407,6474921171,0.014697305,0.027513385,0.00033076905
6474925154,6474924920,0.01442933,0.027713163,0.00032616445
6474931407,6474931159,0.014043661,0.027990904,0.00032158013
6474935139,6474934904,0.014056211,0.028280849,0.00032302097
6474942631,6474942395,0.014080903,0.028120764,0.00033509504
6474946403,6474946143,0.014606815,0.027874019,0.00033930448
6474952622,6474952383,0.014659806,0.027671887,0.0003435494
6474957613,6474957376,0.014293466,0.027832353,0.00034054313
6474960103,6474959873,0.013878168,0.027635328,0.00034106072
6474967604,6474967364,0.013392181,0.027789902,0.00035382074
6474970101,6474969860,0.013642021,0.02793215,0.00035867604
6474977599,6474977351,0.014465484,0.028019069,0.0003663288
6474981336,6474981097,0.014384395,0.028034734,0.0003681395
6474987571,6474987339,0.014319217,0.027597811,0.00035755365
6474991324,6474991084,0.014225598,0.027678918,0.00035189197
6474995063,6474994830,0.013723805,0.027754545,0.0003511036
6475001318,6475001072,0.013223539,0.027628837,0.00035289477
6475005056,6475004817,0.013095202,0.027700175,0.0003601335
6475012549,6475012308,0.013812141,0.02794806,0.00036541815
6475017537,6475017302,0.014016042,0.028296193,0.00035754562
6475022535,6475022296,0.013695177,0.02827821,0.0003551196
6475027534,6475027290,0.013408835,0.027677631,0.00035759277
6475030025,6475029786,0.013264751,0.027629217,0.00035808064
6475037517,6475037277,0.013435155,0.02779559,0.0003528368
6475040006,6475039773,0.013459002,0.027852654,0.0003472293
6475047502,6475047264,0.013754264,0.027799472,0.00034028332
6475051257,6475051010,0.013894214,0.027631517,0.00033476538
6475057486,6475057254,0.013269785,0.027926566,0.0003161739
6475061240,6475061003,0.013082985,0.028294945,0.00031454125
6475064978,6475064742,0.013149582,0.0280524,0.00032094523
6475072474,6475072233,0.013078611,0.027710525,0.00034019683
6475074965,6475074730,0.013064504,0.027837588,0.0003412137
6475082458,6475082221,0.013233575,0.027704153,0.00032766644
6475087450,6475087215,0.012802231,0.027753485,0.0003176146
6475092444,6475092209,0.0131385485,0.027753124,0.00031482888
6475097491,6475097202,0.013509907,0.027654165,0.00031271795
6475099936,6475099699,0.0134908585,0.027621873,0.000311569
6475107437,6475107190,0.013566741,0.027802188,0.00031205433
6475109914,6475109687,0.013351533,0.027910141,0.00031420105
6475117412,6475117178,0.013049975,0.028357118,0.00032700464
6475121159,6475120928,0.012846805,0.028145285,0.00033346954
6475127409,6475127165,0.012843477,0.027962048,0.00032377214
6475131150,6475130910,0.013196989,0.027645105,0.00031417183
6475134892,6475134655,0.01329942,0.027619436,0.00030468876
6475142383,6475142146,0.013031355,0.027515907,0.00028946533
6475144883,6475144643,0.012847162,0.027661154,0.00028861975
6475152374,6475152134,0.01280802,0.027808713,0.00029713695
6475157414,6475157128,0.013148986,0.027689382,0.00030870034
6475162356,6475162122,0.013224104,0.027810562,0.0003143816
6475167355,6475167115,0.013126295,0.027509654,0.0003148197
6475169841,6475169612,0.013040542,0.027632367,0.00031416575
6475177351,6475177103,0.012765586,0.0280558,0.00032378334
6475179831,6475179600,0.012641417,0.027983207,0.00032958476
6475187341,6475187091,0.012943004,0.027999353,0.00032871598
6475191067,6475190836,0.013219248,0.027557328,0.00031995933
6475198563,6475198327,0.0128448885,0.027380288,0.00030783977
6475201054,6475200823,0.012598333,0.027718972,0.0003063965
6475204799,6475204568,0.012421499,0.02795824,0.00030910838
6475212306,6475212061,0.012715101,0.027824568,0.00030771684
6475214783,6475214556,0.012909327,0.027674763,0.00030492683
6475222285,6475222047,0.012992326,0.027717695,0.00029815274
6475227292,6475227041,0.0130073195,0.027790703,0.00029948849
6475232286,6475232040,0.012869432,0.027921211,0.00029999984
6475236018,6475235780,0.012448603,0.02788924,0.00029677118
6475239758,6475239525,0.0125979725,0.028048497,0.00029198124
6475247264,6475247016,0.013175046,0.027930321,0.00028794637
6475249742,6475249513,0.013503864,0.027755342,0.0002835973
6475257242,6475257004,0.013373037,0.02765471,0.0002678152
6475260993,6475260749,0.012898927,0.027837634,0.00025904144
6475268477,6475268240,0.012522901,0.028226579,0.00025853323
6475270966,6475270736,0.012453419,0.028159479,0.00026215147
6475274716,6475274482,0.012676373,0.028264377,0.00026783836
6475282213,6475281973,0.01314918,0.027621996,0.00029106915
6475287202,6475286967,0.013835093,0.027673617,0.00029720957
6475292199,6475291960,0.013354024,0.027857495,0.00030004978
6475297192,6475296954,0.012593942,0.027612591,0.00030788284
6475303434,6475303196,0.01268273,0.027704215,0.0003122318
6475307184,6475306941,0.012961453,0.027416576,0.00031327843
6475309665,6475309438,0.013170517,0.027266525,0.00031289208
6475317165,6475316931,0.013907109,0.027581783,0.0003176476
6475320909,6475320675,0.013993715,0.027760703,0.00031964108
6475327153,6475326917,0.013123231,0.027946914,0.00031834416
6475330899,6475330662,0.012688996,0.028092934,0.00031269275
6475338401,6475338153,0.012878248,0.028058028,0.00029652627
6475340889,6475340649,0.0131333,0.028091978,0.00029299327
6475344630,6475344395,0.013704692,0.028077677,0.00029265677
6475352138,6475351886,0.013585955,0.027902571,0.00029716623
6475357114,6475356879,0.013145184,0.02775714,0.00029766234
6475362112,6475361873,0.013005869,0.02789671,0.00029672668
6475367107,6475366871,0.013174314,0.027735833,0.00029907643
6475373339,6475373109,0.014018918,0.027563833,0.0002891845
6475377091,6475376855,0.01425261,0.027829716,0.00028578
6475379583,6475379351,0.0141154295,0.028031897,0.00028608565
6475387078,6475386842,0.013684258,0.027723182,0.0003008494
6475390824,6475390587,0.013442744,0.027713332,0.00030145326
6475397072,6475396830,0.013159333,0.027786372,0.0002828476
6475400819,6475400575,0.0134928655,0.02778108,0.0002707628
6475408305,6475408066,0.014200911,0.027307892,0.00027150364
6475412067,6475411811,0.014047296,0.027569734,0.00027149814
6475414539,6475414308,0.013920126,0.027672244,0.00027164238
6475422040,6475421798,0.013729864,0.028069189,0.0002765058
6475427035,6475426792,0.013610771,0.027940035,0.00027648627
6475432024,6475431786,0.014023276,0.02807402,0.00027590166
6475437013,6475436780,0.014147655,0.027699567,0.00028041293
6475443259,6475443022,0.013709171,0.027668348,0.0002935189
6475447004,6475446768,0.013815494,0.02802758,0.00029961887
6475449499,6475449264,0.013569583,0.027930876,0.0003027652
6475456997,6475456755,0.013700355,0.027864004,0.00029035204
6475460732,6475460500,0.01430772,0.028103977,0.00028010312
6475466984,6475466743,0.014892539,0.02762066,0.00028006584
6475470717,6475470488,0.0148819275,0.02767561,0.00028335684
6475478209,6475477979,0.013945016,0.027828714,0.00028266702
6475481962,6475481724,0.013638989,0.027745029,0.00027464025
6475484453,6475484221,0.013766856,0.027864728,0.000270802
6475491943,6475491712,0.014107074,0.027847584,0.0002649474
6475495692,6475495457,0.014258734,0.027963474,0.00026209623
6475501941,6475501699,0.014642413,0.027746966,0.0002604782
6475508172,6475507942,0.014472165,0.027690567,0.00025556327
6475513170,6475512937,0.01390312,0.027788501,0.0002550126
6475516942,6475516681,0.013921653,0.027662495,0.00026038988
6475519411,6475519177,0.014188877,0.027679339,0.00026446758
6475526914,6475526668,0.01453454,0.02765844,0.00027378002
6475530644,6475530414,0.014747315,0.027445782,0.00027512168
6475536898,6475536656,0.014470261,0.027729627,0.00027662347
6475540652,6475540401,0.014368594,0.028042458,0.00028003132
6475548186,6475547897,0.014297032,0.028262073,0.000282253
6475551866,6475551637,0.014103623,0.027914282,0.00027905937
6475554367,6475554134,0.014255469,0.027731221,0.00027653843
6475561857,6475561625,0.0141444,0.02760699,0.00026812282
6475566854,6475566619,0.014109113,0.0278375,0.0002675888
6475571850,6475571612,0.014108722,0.027944168,0.00027020113
6475576853,6475576606,0.014254001,0.02813664,0.00027318468
6475583095,6475582848,0.014431066,0.027721502,0.00026891934
6475586827,6475586595,0.015026243,0.027716974,0.00026797687
6475589323,6475589091,0.01500211,0.027724858,0.000268599
6475596815,6475596581,0.0143461535,0.027903438,0.00026383175
6475600571,6475600326,0.014361272,0.0278998,0.00026292398
6475606805,6475606569,0.014125087,0.02762069,0.0002680195
6475610593,6475610314,0.014079355,0.027576402,0.0002718943
6475618035,6475617805,0.014791192,0.027830152,0.00027589145
6475621786,6475621551,0.014701166,0.02816949,0.00027081036
6475624285,6475624047,0.014491284,0.028118595,0.00026841724
6475631774,6475631538,0.013862221,0.028144358,0.0002676976
6475636768,6475636532,0.013739555,0.028026288,0.0002650623
6475643026,6475642774,0.014697411,0.028173996,0.00025925887
6475646761,6475646520,0.014916073,0.027872235,0.00025571662
6475652993,6475652761,0.014876854,0.027649114,0.00025210466
6475656738,6475656507,0.014470669,0.0278139,0.00024085821
6475660496,6475660267,0.0140884165,0.02771361,0.00023052758
6475666733,6475666494,0.014097776,0.027509205,0.00023554603
6475670485,6475670242,0.014222197,0.02794288,0.00024391153
6475677961,6475677730,0.0150492815,0.028059306,0.0002477509
6475680506,6475680228,0.014840071,0.027952721,0.00024861447
6475687948,6475687718,0.013581714,0.027813395,0.00024089967
6475691699,6475691463,0.013366056,0.02798616,0.00023901172
6475695446,6475695209,0.013421776,0.027889708,0.00024348951
6475701683,6475701451,0.013955616,0.027769497,0.00024583522
6475706681,6475706445,0.014522196,0.027312657,0.00024090869
6475712928,6475712687,0.014314338,0.027458047,0.00024097181
6475716664,6475716432,0.014124706,0.02746802,0.00024781964
6475722901,6475722674,0.013574501,0.027963515,0.00025388293
6475726652,6475726420,0.013645194,0.027922165,0.0002540029
6475730404,6475730165,0.013562967,0.02769111,0.00025117552
6475736652,6475736408,0.014560642,0.027571559,0.00024386172
6475740384,6475740153,0.014578122,0.027774442,0.00024649032
6475747889,6475747644,0.013641889,0.027623475,0.0002640594
6475750372,6475750141,0.013370544,0.027597962,0.00027063763
6475757865,6475757631,0.013512443,0.027831992,0.00028290227
6475761620,6475761377,0.013524733,0.02813852,0.0002829525
6475766617,6475766374,0.013584675,0.028207177,0.00028680026
6475771600,6475771364,0.013802591,0.02771312,0.0002928875
6475776592,6475776358,0.01384928,0.027495915,0.00029604902
6475782830,6475782600,0.013635654,0.027906975,0.00030506696
6475785328,6475785097,0.013373728,0.027902192,0.00030643758
6475792817,6475792588,0.013791857,0.027971908,0.00030420846
6475796569,6475796333,0.013675962,0.028146671,0.00030768994
6475800316,6475800078,0.0136630405,0.028114473,0.00031458604
6475806556,6475806320,0.01356933,0.028130203,0.0003199465
6475810313,6475810066,0.013482934,0.02770541,0.00032040576
6475817789,6475817556,0.013082809,0.027400672,0.00031488054
6475820303,6475820053,0.013360474,0.027497165,0.00031441194
6475827778,6475827544,0.013436778,0.027857639,0.00031774084
6475831525,6475831289,0.0133227855,0.027948229,0.0003140303
6475835282,6475835035,0.013210478,0.027600039,0.00031032125
6475841512,6475841277,0.013922442,0.027537815,0.00029943706
6475846508,6475846272,0.013310607,0.027737783,0.00029566858
6475852778,6475852513,0.012838401,0.027750656,0.00028630937
6475856493,6475856259,0.012927117,0.027694803,0.00028011028
6475862732,6475862500,0.01317927,0.02755993,0.00026310404
6475866486,6475866246,0.013241752,0.027828008,0.0002587485
6475870223,6475869991,0.012927942,0.027825369,0.0002622977
6475876481,6475876234,0.012790027,0.027922384,0.00026870868
6475880211,6475879979,0.013041293,0.028128175,0.00027200778
6475887705,6475887470,0.013449731,0.027688954,0.00028097272
6475891457,6475891215,0.013441033,0.02742342,0.0002792247
6475897693,6475897459,0.013248318,0.027772088,0.00027846097
6475901446,6475901207,0.012792238,0.02760321,0.00028145468
6475905179,6475904948,0.01249803,0.027745679,0.0002896566
6475911426,6475911190,0.012556583,0.02791671,0.00029846487
6475916423,6475916184,0.013213787,0.027751302,0.00029218843
6475922654,6475922426,0.013084869,0.027753705,0.00028137918
6475926417,6475926172,0.013090373,0.027877115,0.00027497933
6475932644,6475932413,0.012641634,0.027952516,0.0002617869
6475936398,6475936159,0.012369052,0.027979864,0.0002550849
6475940137,6475939905,0.012716961,0.027615046,0.0002511936
6475946383,6475946147,0.01320992,0.027566241,0.0002542836
6475950120,6475949892,0.013203322,0.027614633,0.00025573483
6475957629,6475957389,0.012972645,0.027724274,0.00025606027
6475961367,6475961128,0.012730362,0.027739642,0.000254305
6475967607,6475967372,0.012248879,0.027759176,0.0002492619
6475971355,6475971116,0.01228788,0.027861595,0.00024407967
6475976344,6475976110,0.012635587,0.027945928,0.00023990366
6475981340,6475981103,0.01299799,0.028086951,0.0002342596
6475986331,6475986097,0.013206259,0.027816266,0.00023318877
6475992569,6475992339,0.012984521,0.027588435,0.00023887212
6475996323,6475996085,0.012628813,0.027751753,0.00024259175
6476002562,6476002328,0.012537891,0.027858311,0.00024577897
6476006312,6476006072,0.012656823,0.027776478,0.00024069812
6476010052,6476009818,0.012716947,0.028041687,0.00023171856
6476016297,6476016060,0.012977254,0.02812114,0.00022052867
6476020040,6476019805,0.013103641,0.02789015,0.00021715148
6476027531,6476027296,0.012515355,0.027931139,0.00022456626
6476031284,6476031041,0.01248745,0.027860448,0.00022403183
6476037518,6476037284,0.012834909,0.02733592,0.00022684486
6476041265,6476041029,0.013067373,0.02721954,0.00023028076
6476045008,6476044774,0.013041001,0.027762692,0.00023544572
6476052503,6476052268,0.012677738,0.028056124,0.00024347374
6476056261,6476056014,0.0126248505,0.028235288,0.00024775736
6476062493,6476062253,0.012822284,0.027972829,0.00025125634
6476066236,6476065998,0.012688621,0.027509257,0.00024891703
6476069973,6476069743,0.012924841,0.027859673,0.0002457899
6476076224,6476075985,0.013349991,0.028308626,0.0002512166
6476079963,6476079730,0.013337552,0.027900942,0.00025227971
6476087519,6476087229,0.012826103,0.027517602,0.00025629104
6476089950,6476089718,0.012865588,0.027710378,0.00025844498
6476097442,6476097209,0.013148694,0.027992342,0.00026976512
6476101194,6476100954,0.013489942,0.027877647,0.00026846188
6476107427,6476107197,0.013628147,0.02783457,0.00026225866
6476111178,6476110942,0.013423251,0.027672525,0.00025738965
6476116172,6476115936,0.013058962,0.027609974,0.0002464584
6476122414,6476122178,0.012656114,0.027751572,0.00023999151
6476126159,6476125927,0.012940242,0.027605684,0.00024447657
6476132400,6476132166,0.013528865,0.027640529,0.00025969965
6476136147,6476135911,0.013707404,0.02782103,0.00026896255
6476139896,6476139656,0.013710364,0.027925322,0.00027444746
6476146135,6476145898,0.013397247,0.027931713,0.00027544558
6476149903,6476149644,0.01293381,0.027977755,0.00027174267
6476157367,6476157137,0.013126733,0.027967125,0.00025713132
6476159861,6476159632,0.013429017,0.027823487,0.00025196542
6476167364,6476167124,0.013937326,0.02788253,0.00024302035
6476171108,6476170873,0.013874327,0.027790911,0.000244136
6476176098,6476175861,0.013506712,0.027927343,0.0002559205
6476181094,6476180855,0.013548361,0.027652495,0.00026691283
6476186094,6476185851,0.014218382,0.027436553,0.00027158303
6476192323,6476192093,0.014067208,0.02803485,0.00027147072
6476196071,6476195836,0.013858429,0.02813649,0.000267611
6476202317,6476202078,0.013358943,0.028144456,0.00027039027
6476206063,6476205824,0.013398941,0.027988238,0.00026711347
6476209802,6476209569,0.013678392,0.027741976,0.0002564574
6476216049,6476215812,0.013821376,0.027834548,0.0002512551
6476219801,6476219559,0.014116378,0.027900925,0.00025123602
6476227303,6476227048,0.0140840225,0.028043695,0.00025404387
6476231030,6476230793,0.0142525835,0.027871216,0.00025917808
6476237287,6476237035,0.014260633,0.02812585,0.0002711205
6476241016,6476240781,0.013988489,0.027923249,0.00027222984
6476246010,6476245774,0.014028836,0.027723184,0.0002695581
6476250998,6476250768,0.014162796,0.02756664,0.00026639499
6476255995,6476255762,0.014618873,0.027575757,0.00026573762
6476262245,6476262004,0.014797979,0.027779289,0.00025984304
6476265982,6476265749,0.014503146,0.027744256,0.00025647995
6476272223,6476271992,0.01395182,0.02795982,0.00025708828
6476275978,6476275737,0.013662631,0.027765797,0.000259946
6476283468,6476283228,0.014263252,0.027822332,0.00026123645
6476285964,6476285725,0.014428382,0.027927252,0.0002603639
6476289696,6476289470,0.014541562,0.02792436,0.00025642812
6476297206,6476296960,0.014730443,0.027790125,0.0002500527
6476300957,6476300706,0.014968257,0.028173568,0.0002485837
6476307185,6476306948,0.014945382,0.02759003,0.00024850274
6476310931,6476310695,0.014940792,0.027435392,0.00024739534
6476315923,6476315687,0.014967001,0.027737023,0.00024419496
6476320936,6476320681,0.014846824,0.027961973,0.00024940094
6476325908,6476325675,0.0145363705,0.028077442,0.00025588673
6476332153,6476331917,0.014310157,0.02785865,0.0002647381
6476335906,6476335663,0.014447125,0.027802767,0.00026833217
6476342134,6476341905,0.014879225,0.027539026,0.00027442176
6476345891,6476345650,0.015126024,0.02785406,0.00027402234
6476353376,6476353141,0.01484773,0.02790396,0.0002647405
6476355870,6476355637,0.014755862,0.027844707,0.00026557277
6476359646,6476359387,0.014806052,0.027799966,0.0002688477
6476367109,6476366874,0.01472388,0.027702887,0.00028258865
6476370854,6476370619,0.0149142835,0.027684007,0.00028714593
6476377094,6476376862,0.015190458,0.027816415,0.0002884052
6476380845,6476380606,0.015246809,0.027829224,0.0002841195
6476384583,6476384352,0.015114166,0.027746195,0.00028143087
6476390828,6476390594,0.015093646,0.027538612,0.00028568256
6476395823,6476395588,0.014813384,0.027723465,0.00029060387
6476402071,6476401830,0.014973913,0.027926825,0.00029596293
6476405809,6476405575,0.015283676,0.028099896,0.00029967062
6476412062,6476411818,0.014786234,0.027770776,0.00030198132
6476415804,6476415563,0.014684539,0.02772048,0.00030517209
6476423293,6476423054,0.0146624865,0.027859239,0.00030408884
6476425790,6476425551,0.014883166,0.028086284,0.0003040579
6476429530,6476429296,0.0152625255,0.028118648,0.00030315062
6476437016,6476436787,0.015677745,0.027619896,0.00030054664
6476440777,6476440537,0.015568713,0.027659362,0.00029783472
6476447010,6476446774,0.014820269,0.027277647,0.00029654332
6476450749,6476450519,0.014310615,0.027723132,0.00029521884
6476454497,6476454266,0.014293611,0.028063416,0.00029514282
6476461994,6476461755,0.015192997,0.028139014,0.0002973452
6476465733,6476465501,0.015322897,0.028011296,0.0002967619
6476471976,6476471743,0.015494042,0.027660778,0.00029611593
6476475777,6476475488,0.014999541,0.02763352,0.00029642292
6476481961,6476481731,0.0145993475,0.027735576,0.0002975161
6476485719,6476485476,0.014767272,0.027845204,0.00029117617
6476493199,6476492967,0.014754067,0.027679306,0.000268161
6476496965,6476496712,0.014730989,0.027807746,0.00026516063
6476499436,6476499209,0.014885814,0.027877714,0.00026640232
6476506981,6476506700,0.014856284,0.02765476,0.00026027288
6476510681,6476510445,0.015145118,0.027756669,0.00025378386
6476515676,6476515439,0.014970853,0.027702885,0.00024188234
6476520670,6476520433,0.0149105145,0.02775909,0.0002323985
6476525660,6476525427,0.014714097,0.027722534,0.00023395619
6476531911,6476531669,0.0147735905,0.028030103,0.00024230777
6476534396,6476534166,0.014771315,0.027930269,0.00024887925
6476541890,6476541658,0.014580867,0.027806303,0.00026291393
6476545632,6476545402,0.014541521,0.027742617,0.00026553843
6476551882,6476551644,0.015033662,0.028076053,0.00026671047
6476555623,6476555389,0.015086553,0.028066712,0.0002695408
6476563112,6476562880,0.014283697,0.028086383,0.00027384714
6476566859,6476566625,0.013859749,0.027930507,0.00027188365
6476569379,6476569124,0.013721364,0.027635083,0.00027070154
6476576843,6476576613,0.013785823,0.027381964,0.00027312027
6476580592,6476580358,0.01433149,0.027780307,0.00027115134
6476585589,6476585352,0.01510888,0.02824159,0.00027068506
6476590580,6476590346,0.015102318,0.028180603,0.00027075355
6476595575,6476595339,0.014598523,0.028019726,0.0002712485
6476601816,6476601582,0.013856629,0.02719664,0.0002739519
6476605564,6476605327,0.013644155,0.027626619,0.0002747876
6476611807,6476611569,0.013904355,0.028098999,0.00027854415
6476615552,6476615315,0.014238809,0.027681507,0.00027957238
6476621789,6476621557,0.01478975,0.027717084,0.00027370447
6476625542,6476625302,0.014202405,0.027658558,0.0002706937
6476633030,6476632793,0.013920848,0.028150158,0.00026295864
6476636773,6476636538,0.01391851,0.028012712,0.00025910753
6476640520,6476640284,0.013852638,0.027814725,0.00025569013
6476646759,6476646526,0.014236588,0.0283479,0.00025237462
6476650508,6476650271,0.014165649,0.027809653,0.00025544653
6476657993,6476657762,0.013905611,0.027323205,0.0002608192
6476660493,6476660259,0.014067449,0.027288841,0.00026006473
6476665489,6476665254,0.014197268,0.027587956,0.00026489605
6476671727,6476671495,0.014090973,0.028254587,0.0002693236
6476675480,6476675240,0.013984659,0.027907504,0.0002718082
6476681715,6476681482,0.01442938,0.027648972,0.00027891615
6476685478,6476685228,0.014260627,0.027666356,0.00028296452
6476692961,6476692718,0.014195848,0.028075535,0.0002909568
6476695450,6476695215,0.013852718,0.027966263,0.000290432
6476702948,6476702706,0.0136912,0.027941374,0.0002856214
6476706692,6476706451,0.014024092,0.027950466,0.00027960318
6476710440,6476710197,0.0140545,0.02774647,0.0002712478
6476716681,6476716439,0.014175329,0.027622022,0.00025865203
6476720429,6476720185,0.0135566825,0.027889537,0.00025805246
6476725412,6476725178,0.013045244,0.027621252,0.00026034605
6476730411,6476730172,0.013094092,0.02774337,0.0002562946
6476735399,6476735166,0.013386414,0.028190613,0.0002516586
6476741650,6476741408,0.013941208,0.028331717,0.00024114165
6476745407,6476745153,0.013993551,0.028167766,0.0002377618
6476751623,6476751396,0.01368274,0.027727302,0.00023308027
6476755379,6476755141,0.013509555,0.027425678,0.00023121004
6476762866,6476762631,0.013585195,0.027811054,0.00023455532
6476765365,6476765129,0.0137243075,0.027722236,0.00023489514
6476772850,6476772619,0.013549566,0.027930075,0.00023347775
6476776602,6476776365,0.013634146,0.02817805,0.0002332227
6476780356,6476780109,0.013599743,0.02827655,0.00023407064
6476786584,6476786352,0.013566981,0.02789418,0.00023823105
6476790333,6476790097,0.013840626,0.027864823,0.00024549305
6476795330,6476795091,0.013948542,0.027886203,0.00025950454
6476800324,6476800086,0.013927812,0.027608206,0.00026296423
6476807804,6476807575,0.013622014,0.027896592,0.00026240983
6476811561,6476811321,0.013510328,0.027834656,0.0002605635
6476815309,6476815066,0.013424896,0.027653417,0.00025838922
6476821541,6476821308,0.013801152,0.027830476,0.00025664025
6476825293,6476825054,0.013725915,0.028072922,0.0002520839
6476832773,6476832544,0.013437284,0.027672082,0.00023926883
6476835297,6476835042,0.013512923,0.027672641,0.00023404253
6476842763,6476842533,0.013252092,0.028009828,0.00022256699
6476846514,6476846281,0.013391825,0.027732162,0.00021879644
6476850265,6476850027,0.014017669,0.027919758,0.00021746206
6476856497,6476856265,0.014116584,0.027954552,0.00021725219
6476860268,6476860011,0.014142185,0.027813846,0.0002185658
6476865238,6476865004,0.01381101,0.02780048,0.00021591868
6476871495,6476871247,0.013653323,0.027688032,0.00021060035
6476875227,6476874992,0.013654589,0.027753098,0.00020898912
6476881470,6476881234,0.014019305,0.027705763,0.00021045578
6476885213,6476884980,0.014214193,0.027791942,0.00021343431
6476891457,6476891222,0.013820143,0.02787109,0.00021530795
6476895204,6476894967,0.013927936,0.028013844,0.00021929551
6476902712,6476902457,0.01337635,0.028088791,0.00022105467
6476906451,6476906203,0.013373733,0.027903154,0.00021829888
6476912683,6476912445,0.013841254,0.027351491,0.00021357511
6476916423,6476916191,0.013995652,0.027257148,0.00021227216
6476920191,6476919936,0.014465492,0.027338987,0.00020563052
6476926414,6476926178,0.014426251,0.027904779,0.00019818204
6476930161,6476929923,0.013997289,0.02817191,0.0002023843
6476937645,6476937414,0.013634425,0.028060915,0.00020855978
6476941402,6476941160,0.01379579,0.028194243,0.00021409946
6476945164,6476944905,0.014346631,0.02781868,0.00022085095
6476951380,6476951147,0.01466991,0.027871037,0.00023766758
6476955127,6476954893,0.014547854,0.027928015,0.0002473193
6476961372,6476961135,0.013586165,0.027658522,0.0002574369
6476965123,6476964880,0.013386731,0.027614674,0.00025672684
6476972610,6476972371,0.014270214,0.027814774,0.00025915433
6476976355,6476976121,0.014584365,0.027895052,0.00026221163
6476982591,6476982358,0.015120464,0.027828319,0.00026725762
6476986335,6476986103,0.014593827,0.027584106,0.00026830728
6476990094,6476989849,0.01390234,0.027710028,0.0002664113
6476995082,6476994843,0.013447398,0.027792327,0.00026238916
6477000074,6476999836,0.01405351,0.027610287,0.0002631495
6477005085,6477004838,0.0140648475,0.027638633,0.00027213828
6477011328,6477011073,0.014577725,0.027911654,0.00027633258
6477015121,6477014823,0.014583444,0.027891643,0.00027986662
6477021307,6477021060,0.014322703,0.027722739,0.00027510733
6477025046,6477024806,0.014233021,0.02798183,0.0002673899
6477032532,6477032296,0.014362665,0.028149212,0.0002729924
6477035035,6477034793,0.014852575,0.02791865,0.00027921202
6477042520,6477042285,0.0148308445,0.027713273,0.00028613253
6477046319,6477046029,0.0148422485,0.027485672,0.00028561728
6477052506,6477052272,0.014430418,0.02750558,0.00027732443
6477056258,6477056016,0.014232445,0.027672343,0.0002762997
6477059994,6477059762,0.013952549,0.027993297,0.00027689553
6477064999,6477064756,0.014374697,0.028142607,0.00027852564
6477070004,6477069750,0.015293834,0.027885476,0.00028353964
6477076228,6477075992,0.015046677,0.027894054,0.0002841193
6477081218,6477080986,0.0143919345,0.027784063,0.00027135236
6477084969,6477084731,0.014381462,0.027988775,0.000265489
6477091202,6477090973,0.014070068,0.028059265,0.0002661317
6477094954,6477094719,0.014058981,0.027750418,0.00026791813
6477102448,6477102209,0.014954172,0.027977422,0.00026302034
6477104951,6477104706,0.015303074,0.027783297,0.0002627274
6477112434,6477112197,0.014677433,0.027631965,0.0002559517
6477116173,6477115945,0.014810522,0.027627587,0.0002487706
6477122419,6477122186,0.014679421,0.027765732,0.00023870466
6477126185,6477125930,0.014567074,0.027774958,0.00023787911
6477129910,6477129675,0.014550138,0.02772129,0.00023866587
6477134906,6477134669,0.014786867,0.027887076,0.0002387919
6477139923,6477139663,0.014778245,0.0279096,0.00024472948
6477144893,6477144656,0.014743077,0.027934002,0.0002521201
6477151127,6477150898,0.014618643,0.027827708,0.00025280096
6477157373,6477157142,0.014608371,0.027608631,0.00023340026
6477161121,6477160887,0.014899793,0.0273798,0.0002261455
6477164870,6477164632,0.015200978,0.027234709,0.0002259002
6477172357,6477172122,0.014843984,0.028153667,0.00023105169
6477174854,6477174619,0.014436725,0.028207866,0.00022769792
6477182342,6477182110,0.014480866,0.028162435,0.00021671792
6477186095,6477185856,0.014738004,0.027912341,0.00021218823
6477192330,6477192099,0.014908764,0.027575022,0.00021596278
6477196082,6477195843,0.015142286,0.02760449,0.00021873967
6477199829,6477199588,0.014911537,0.027695742,0.000223321
6477207312,6477207079,0.0140162995,0.027713396,0.00023085355
6477209813,6477209576,0.013982305,0.027855894,0.00023232716
6477214805,6477214569,0.014134361,0.027670193,0.00023226875
6477221048,6477220811,0.014808283,0.027837064,0.00022791236
6477226085,6477225806,0.015111888,0.028422596,0.00022243467
6477231031,6477230799,0.015290703,0.027841575,0.00021758283
6477234781,6477234545,0.01465169,0.027611604,0.00021533463
6477242272,6477242036,0.013758333,0.02774002,0.00022223993
6477246013,6477245781,0.014081505,0.027441548,0.00022375931
6477252280,6477252025,0.014678153,0.027718384,0.00022101517
6477255997,6477255768,0.014678619,0.028326739,0.00022045577
6477264737,6477264508,0.014172986,0.02780011,0.00022855304
6477265993,6477265756,0.014192181,0.02760867,0.0002288089
6477269739,6477269501,0.014186251,0.027202094,0.00022936851
6477277222,6477276992,0.014709464,0.027752122,0.00022899351
6477280990,6477280737,0.014748138,0.027745882,0.00022903545
6477287219,6477286980,0.014252888,0.028042873,0.00023613851
6477290956,6477290725,0.01382687,0.028199974,0.00024269929
6477298459,6477298216,0.013903051,0.02788851,0.00025336066
6477300950,6477300712,0.0140194325,0.027747443,0.00025348656
6477304702,6477304458,0.014384551,0.027659558,0.00025235178
6477312182,6477311948,0.014636903,0.027888948,0.00025118762
6477315933,6477315694,0.01443765,0.0280515,0.0002523559
6477322172,6477321936,0.014142351,0.027825948,0.0002536567
6477325924,6477325682,0.013639355,0.027652279,0.000250681
6477334657,6477334421,0.013200177,0.027641116,0.00024251566
6477335903,6477335669,0.013306667,0.0274918,0.0002437441
6477339660,6477339414,0.013977069,0.027263068,0.00024969954
6477347137,6477346908,0.014925485,0.027984478,0.00025130645
6477350878,6477350650,0.0144939115,0.027956322,0.00024916662
6477357134,6477356893,0.013720527,0.027970346,0.00024624835
6477360867,6477360638,0.013766452,0.0282911,0.00024239524
6477368370,6477368129,0.013902673,0.027799327,0.00022726774
6477370881,6477370626,0.014002985,0.027675321,0.00022294481
6477374646,6477374371,0.014024064,0.027656384,0.00022089823
6477382102,6477381862,0.01383032,0.027372055,0.00022194369
6477385839,6477385607,0.013561829,0.027703784,0.00023050417
6477392099,6477391849,0.013529271,0.02778236,0.0002445971
6477395827,6477395595,0.013767446,0.027972361,0.00024841056
6477403326,6477403085,0.014138963,0.028032843,0.00023436113
6477405843,6477405582,0.014111981,0.027925262,0.00022753695
6477409558,6477409327,0.014177626,0.027900504,0.00021787192
6477417048,6477416818,0.013722027,0.02787728,0.00020461272
6477420792,6477420564,0.013745644,0.028030204,0.0002012358
6477427035,6477426805,0.0144797675,0.027750444,0.0001928704
6477430786,6477430551,0.014394476,0.027306665,0.00018321595
6477438294,6477438042,0.013768932,0.027830925,0.00016869421
6477440768,6477440538,0.01384394,0.028010102,0.0001708221
6477445769,6477445533,0.013844706,0.028053734,0.00017501795
6477452008,6477451775,0.013250286,0.0278218,0.00016534094
6477455753,6477455520,0.0135337645,0.028045114,0.00016446698
6477461996,6477461762,0.013886683,0.028174618,0.00016804034
6477465763,6477465508,0.014094079,0.028060388,0.00016661259
6477474486,6477474247,0.013575703,0.027659558,0.00018675711
6477476983,6477476743,0.013664937,0.027723877,0.00019385641
6477479502,6477479241,0.013890921,0.027743528,0.00019710921
6477486960,6477486731,0.0140006,0.027738078,0.00020679687
6477490707,6477490476,0.013779704,0.027688742,0.00021073886
6477496978,6477496719,0.013417326,0.027689159,0.0002156028
6477500693,6477500464,0.013596431,0.027894424,0.00022163375
6477508185,6477507955,0.014220895,0.027632367,0.00022502517
6477511945,6477511700,0.014243106,0.027658802,0.00021909986
6477514437,6477514197,0.0141852945,0.027605336,0.00021754284
6477521920,6477521688,0.013883338,0.027814168,0.0002271545
6477525677,6477525433,0.013635746,0.02799282,0.00022850613
6477531907,6477531675,0.013852985,0.027828744,0.00023148613
6477535654,6477535421,0.013889522,0.02790714,0.00023213585
6477544402,6477544160,0.013763551,0.027939385,0.00023503759
6477546897,6477546656,0.0136145465,0.0278348,0.00023662683
6477549391,6477549154,0.013715032,0.027503893,0.0002385331
6477556881,6477556644,0.013595017,0.027534775,0.00023823106
6477560628,6477560390,0.0138407275,0.027826343,0.0002358209
6477566861,6477566632,0.014020243,0.027881404,0.00023646421
6477570609,6477570377,0.01403485,0.02803902,0.00023523706
6477578100,6477577871,0.013744504,0.027768442,0.00023575369
6477581840,6477581613,0.013550484,0.027973535,0.00023540565
6477584347,6477584110,0.013718964,0.028076194,0.00023495076
6477591833,6477591601,0.014354064,0.027776089,0.0002384629
6477595578,6477595346,0.014050571,0.027426472,0.00024389243
6477601822,6477601588,0.013996599,0.027861482,0.00024145863
6477605566,6477605335,0.013865892,0.027733747,0.00023580798
6477614356,6477614073,0.013499479,0.027701722,0.00022594233
6477616800,6477616569,0.0134724155,0.027750306,0.00022752104
6477619339,6477619068,0.0137004955,0.027832437,0.0002315048
6477626784,6477626557,0.01360407,0.027560877,0.0002455384
6477630542,6477630302,0.013348891,0.02796067,0.00024233993
6477638028,6477637793,0.014052231,0.028155014,0.000240478
6477640527,6477640290,0.014304391,0.028065097,0.00024688945
6477648012,6477647781,0.0142679885,0.027919171,0.00026222866
6477651761,6477651527,0.014095863,0.027974423,0.00026864963
6477655506,6477655271,0.013996561,0.027894873,0.0002733613
6477661751,6477661514,0.014116267,0.027344365,0.00027983426
6477665493,6477665259,0.014161669,0.027461013,0.0002802158
6477674234,6477673998,0.01475334,0.028029753,0.0002849318
6477675485,6477675247,0.014556758,0.028044438,0.00028477286
6477682972,6477682737,0.013858581,0.027782483,0.00028094742
6477686713,6477686482,0.01360496,0.02762229,0.00028173893
6477690460,6477690228,0.013793452,0.027536962,0.0002860761
6477696701,6477696470,0.01405074,0.028151672,0.0002850597
6477700451,6477700215,0.013792247,0.028094362,0.00028209615
6477707946,6477707707,0.014121704,0.02752642,0.0002872553
6477710437,6477710204,0.014077218,0.027465979,0.00028735056
6477717920,6477717694,0.013449903,0.028160546,0.00028358027
6477721671,6477721439,0.013410157,0.028140143,0.0002866959
6477725428,6477725185,0.013841056,0.027938524,0.0002858376
6477731712,6477731427,0.013979337,0.027582536,0.00028116826
6477735417,6477735172,0.013853183,0.027818058,0.00028091655
6477745393,6477745161,0.014242712,0.027801912,0.00026874585
6477749142,6477748906,0.014072667,0.0277536,0.00026766633
6477752885,6477752651,0.013993735,0.02781401,0.00026469017
6477756642,6477756396,0.013888148,0.027888712,0.00026047428
6477764135,6477763893,0.013962218,0.02779398,0.0002531876
6477766613,6477766383,0.014036163,0.027817026,0.0002516156
6477770361,6477770129,0.013923941,0.027952872,0.00024914736
6477777851,6477777620,0.013547631,0.027810829,0.00023773327
6477780349,6477780117,0.01350961,0.02738893,0.0002324504
6477787836,6477787607,0.01379483,0.027750954,0.00022460209
6477791587,6477791352,0.01414281,0.02786914,0.00022429966
6477795338,6477795098,0.014579689,0.027844822,0.00022584939
6477801571,6477801340,0.014305212,0.027896686,0.00022861615
6477805324,6477805085,0.013619969,0.027818944,0.00023173509
6477814065,6477813824,0.013069287,0.027825747,0.00022578127
6477815312,6477815073,0.0132388165,0.027807306,0.00022439344
6477824047,6477823812,0.01436723,0.027878303,0.00021414709
6477826545,6477826309,0.014528397,0.028073488,0.00021121086
6477834046,6477833800,0.013977203,0.027819347,0.00020595262
6477836527,6477836296,0.013566254,0.027732076,0.00020270595
6477840280,6477840042,0.013124939,0.027810693,0.00019652108
6477847762,6477847532,0.0134018855,0.028077506,0.00019560446
6477850267,6477850029,0.013461636,0.027989421,0.00019859622
6477857752,6477857520,0.013928521,0.027703015,0.00020581273
6477861503,6477861266,0.013582146,0.027695952,0.00020909798
6477868999,6477868756,0.013028364,0.027894493,0.0002079642
6477871490,6477871255,0.013183808,0.027939849,0.00020427475
6477875235,6477874998,0.013631429,0.02775028,0.0002016975
6477883978,6477883738,0.014205224,0.028233884,0.00019656048
6477886476,6477886234,0.014093603,0.028130552,0.00019528618
6477893981,6477893725,0.013150198,0.027817048,0.00018325796
6477896452,6477896222,0.013012789,0.027969576,0.00018003577
6477903956,6477903713,0.013137933,0.027425194,0.0001810298
6477906451,6477906211,0.0136578595,0.02728106,0.00018514889
6477910184,6477909955,0.014306336,0.027453313,0.00019311577
6477917676,6477917445,0.013939783,0.02792265,0.00020597334
6477921437,6477921191,0.013917091,0.027838742,0.0002132866
6477927666,6477927433,0.013045779,0.02776849,0.00022423171
6477931414,6477931179,0.012506015,0.02781781,0.00022474228
6477938920,6477938669,0.013110779,0.027834222,0.00023286435
6477941402,6477941166,0.013514885,0.02793502,0.00023485578
6477945152,6477944911,0.013941714,0.02802225,0.00023386454
6477953888,6477953651,0.0135743385,0.027322123,0.00023666795
6477956375,6477956147,0.013382481,0.027397526,0.00023951985
6477963878,6477963638,0.013329263,0.027890751,0.00024829415
6477966373,6477966135,0.013540333,0.028047463,0.00025020572
6477973892,6477973626,0.013527151,0.027927814,0.00023805856
6477976353,6477976122,0.013425863,0.027825847,0.00022886717
6477980098,6477979869,0.013539455,0.027848473,0.00021817471
6477987591,6477987359,0.013432905,0.027922269,0.00021428226
6477991338,6477991104,0.013112333,0.027750943,0.00021771122
6477997594,6477997346,0.013258541,0.027378421,0.00022575958
6478001325,6478001092,0.013324443,0.027789164,0.00022605387
6478008812,6478008582,0.013806014,0.027747845,0.0002207739
6478011335,6478011079,0.014046891,0.027824372,0.00022070763
6478015071,6478014825,0.013958611,0.02801376,0.00022138972
6478023798,6478023564,0.01312113,0.027955376,0.00022130032
6478026297,6478026060,0.012859624,0.027984707,0.00022003798
6478032531,6478032303,0.013322848,0.027674848,0.00021967848
6478036296,6478036048,0.013932081,0.02775827,0.0002198506
6478045025,6478044788,0.013954718,0.027505668,0.00022645794
6478046276,6478046036,0.013799214,0.027568635,0.00022707153
6478050008,6478049781,0.0134248175,0.027856171,0.00022753768
6478057520,6478057272,0.012846543,0.02780896,0.00021750505
6478061279,6478061017,0.0130837,0.027870746,0.00021428849
6478067499,6478067259,0.013858582,0.027973032,0.00021018348
6478071244,6478071004,0.014235695,0.028013306,0.00021712993
6478078737,6478078495,0.0141209485,0.028076462,0.00023030624
6478082479,6478082241,0.013683941,0.027919542,0.00023344804
6478084972,6478084737,0.013388972,0.028013652,0.00023764245
6478093727,6478093477,0.013090183,0.027536934,0.0002513339
6478096200,6478095973,0.013441771,0.027524248,0.00025458785
6478102450,6478102216,0.013969006,0.02763936,0.00026373242
6478106192,6478105961,0.014026231,0.027741445,0.000259776
6478113685,6478113452,0.013595456,0.028079337,0.0002492588
6478117433,6478117197,0.013545284,0.027979495,0.00024598202
6478119929,6478119694,0.013826534,0.02787821,0.00024258747
6478127426,6478127185,0.013860856,0.027770963,0.00023797888
6478131165,6478130930,0.014071295,0.027943641,0.00023417098
6478137405,6478137173,0.01399185,0.027735388,0.00022878258
6478141150,6478140919,0.013455149,0.027939308,0.00023561271
6478148643,6478148408,0.012845121,0.028100401,0.00024254268
6478152385,6478152154,0.013218498,0.028085724,0.00024584337
6478154887,6478154650,0.013899487,0.028034255,0.0002475762
6478163628,6478163390,0.014794861,0.02754313,0.00024968592
6478166118,6478165887,0.014239059,0.027545922,0.0002534991
6478173621,6478173378,0.013033229,0.027874297,0.00026792104
6478176107,6478175874,0.013183138,0.027986068,0.00027016498
6478183604,6478183365,0.013886952,0.02758244,0.00027098198
6478187342,6478187110,0.014525032,0.027687073,0.0002712132
6478189840,6478189607,0.014709019,0.027496532,0.00027155995
6478197329,6478197098,0.014475724,0.027919758,0.00026056854
6478201075,6478200843,0.0141585395,0.02800904,0.0002547625
6478207324,6478207086,0.013320559,0.02759019,0.00024631998
6478211068,6478210833,0.013378865,0.027451305,0.000245942
6478218560,6478218322,0.014053662,0.028154781,0.00025423037
6478223548,6478223315,0.01462429,0.027764643,0.00026654697
6478224808,6478224564,0.014613652,0.02769722,0.0002681715
6478232292,6478232055,0.013963747,0.027678179,0.00026389072
6478236036,6478235799,0.013721529,0.027876649,0.00026386254
6478243548,6478243291,0.01391187,0.028111905,0.0002674377
6478246018,6478245787,0.013796553,0.027950464,0.00026816817
6478253515,6478253278,0.014167347,0.027789896,0.00027011655
6478257262,6478257026,0.013977217,0.027769268,0.00026237543
6478261012,6478260769,0.013970029,0.027585603,0.00025819617
6478267239,6478267011,0.014161597,0.027739758,0.0002535728
6478271028,6478270756,0.013980626,0.0276787,0.00025224756
6478278508,6478278249,0.0140207,0.027824003,0.00024325718
6478281045,6478280748,0.014504291,0.027988449,0.00024256596
6478288532,6478288239,0.014534883,0.028279241,0.00023884083
6478293470,6478293228,0.013647083,0.027695557,0.00023618824
6478294720,6478294477,0.013575017,0.02759972,0.00023572195
6478302221,6478301968,0.013284776,0.027418058,0.00024396615
6478305943,6478305713,0.013771747,0.027414864,0.00024845745
6478313445,6478313204,0.014861591,0.027927373,0.00024872544
6478315934,6478315700,0.014602438,0.028067611,0.00024543295
6478323425,6478323191,0.01409979,0.028066745,0.0002282669
6478327199,6478326936,0.013802536,0.0279768,0.0002232997
6478330933,6478330681,0.013285139,0.02757683,0.0002240253
6478337157,6478336927,0.013606614,0.027593225,0.0002327232
6478340956,6478340669,0.014008887,0.02769467,0.00023892763
6478348458,6478348161,0.014692868,0.027607208,0.00024430366
6478350888,6478350657,0.01435887,0.02769671,0.0002430548
6478358388,6478358152,0.013782426,0.027837103,0.00022944564
6478362125,6478361893,0.013915651,0.027918844,0.00022891483
6478365869,6478365638,0.014110737,0.02805291,0.00023331158
6478373364,6478373129,0.013936932,0.027650388,0.00023167652
6478375873,6478375626,0.013689869,0.027655417,0.00022528936
6478383350,6478383117,0.013515675,0.027556926,0.00021024223
6478385891,6478385614,0.0133777,0.027558984,0.00020981191
6478393391,6478393104,0.013676976,0.027505802,0.00021519775
6478397095,6478396849,0.0139942635,0.027573442,0.00021950268
6478400874,6478400595,0.013900995,0.027882708,0.00022139931
6478407067,6478406837,0.014109583,0.027411424,0.00022141842
6478410811,6478410582,0.01388299,0.02741069,0.00022212765
6478418318,6478418073,0.0134285,0.027892705,0.00022123157
6478420812,6478420570,0.013333941,0.027808538,0.00022298329
6478428318,6478428061,0.013788942,0.027371382,0.0002225838
6478433291,6478433054,0.013964617,0.0276809,0.00022563775
6478435781,6478435551,0.013836175,0.02780397,0.00022666193
6478443296,6478443045,0.013265149,0.02787641,0.00021054456
6478445815,6478445539,0.013211444,0.028099954,0.00020284996
6478453327,6478453030,0.013441438,0.027710114,0.0002030901
6478457004,6478456775,0.013798684,0.027668897,0.00020610403
6478463268,6478463020,0.013377358,0.027862096,0.0002075752
6478466990,6478466762,0.013378873,0.027795352,0.00020838606
6478470739,6478470508,0.013312853,0.027576854,0.00020874079
6478476982,6478476750,0.0129991295,0.027481874,0.00021077503
6478480721,6478480495,0.01311102,0.027388124,0.00021740553
6478488222,6478487986,0.01354441,0.027850913,0.00021742666
6478493214,6478492980,0.013898729,0.028112236,0.0002058472
6478498279,6478497974,0.013749023,0.027979793,0.00020272486
6478503220,6478502968,0.013071079,0.027952785,0.00021604114
6478505756,6478505464,0.01302657,0.027673373,0.00022470258
6478513272,6478512957,0.013339112,0.027714878,0.0002330714
6478515684,6478515452,0.0134111075,0.027800167,0.0002344997
6478523177,6478522943,0.013037707,0.0278358,0.00023813226
6478526927,6478526688,0.0127917165,0.027965372,0.00023863284
6478533166,6478532930,0.0125303995,0.027969105,0.00024118632
6478536909,6478536675,0.012570055,0.027637402,0.0002422239
6478540652,6478540421,0.01267535,0.027523434,0.00023992486
6478546917,6478546663,0.01331567,0.027768439,0.00022615654
6478550684,6478550409,0.013491302,0.027739953,0.0002213403
6478558167,6478557899,0.013826854,0.027586646,0.00023287156
6478564374,6478564142,0.013066253,0.028044676,0.00023809506
6478568137,6478567887,0.012697492,0.028014064,0.00023688731
6478573169,6478572881,0.012526486,0.028336769,0.00022895221
6478575605,6478575378,0.0127196135,0.028268365,0.00022534822
6478583102,6478582870,0.012971186,0.027598854,0.00022015751
6478585595,6478585365,0.013059868,0.027445268,0.00022078442
6478593093,6478592856,0.012633005,0.027551694,0.00021732594
6478596826,6478596601,0.012553748,0.027146792,0.00020818354
6478603131,6478602844,0.012524296,0.027633267,0.0001966332
6478606816,6478606589,0.0127300965,0.027651565,0.00019056098
6478610614,6478610334,0.01338946,0.027503565,0.00018860615
6478616805,6478616576,0.01347072,0.02784798,0.00019257021
6478620558,6478620322,0.013214993,0.027761752,0.00019281633
6478628112,6478627818,0.012549009,0.027988626,0.00019341991
6478633081,6478632808,0.012491087,0.027949579,0.000199708
6478638038,6478637800,0.013388073,0.028119247,0.00020543666
6478643028,6478642794,0.0138814105,0.027582344,0.00020415452
6478645525,6478645290,0.013603326,0.027506305,0.00020111348
6478653026,6478652782,0.012740345,0.02754377,0.00018869998
6478655545,6478655278,0.012414197,0.027643237,0.00018453656
6478663045,6478662769,0.012589931,0.027814707,0.00017526376
6478666741,6478666514,0.012926171,0.027891628,0.0001672253
6478672992,6478672759,0.013526469,0.027507395,0.00016202341
6478676730,6478676501,0.013398976,0.027877478,0.00016107663
6478680477,6478680247,0.013047317,0.027728708,0.0001601372
6478687996,6478687738,0.012703628,0.02777568,0.00015748628
6478690511,6478690235,0.012834798,0.02780437,0.00015511195
6478697966,6478697725,0.013121533,0.02753035,0.00014958114
6478702970,6478702719,0.013165158,0.027692104,0.00013959207
6478705451,6478705216,0.013302194,0.027773736,0.00013586042
6478712946,6478712707,0.012947049,0.027834302,0.00013221403
6478715471,6478715204,0.012849666,0.028050842,0.00013404257
6478722965,6478722696,0.0131975785,0.02793262,0.0001336023
6478725421,6478725191,0.013463909,0.027710758,0.00013021291
6478732938,6478732682,0.013503773,0.027622027,0.00013296645
6478736666,6478736427,0.013225296,0.02759303,0.00014138845
6478742907,6478742672,0.012831366,0.02759441,0.00014444729
6478746646,6478746415,0.012768063,0.02761912,0.00014588152
6478750395,6478750160,0.012890472,0.027838023,0.0001509632
6478757913,6478757651,0.014014898,0.028024448,0.00016281617
6478760404,6478760148,0.0142904185,0.028024636,0.00016512889
6478767892,6478767638,0.013777591,0.027476104,0.00016010806
6478772874,6478772632,0.013135181,0.027433485,0.00015436953
6478777889,6478777626,0.0127588175,0.02758729,0.0001476034
6478782874,6478782620,0.012727718,0.02781329,0.00014576384
6478785354,6478785117,0.012918568,0.0277821,0.0001461478
6478792844,6478792607,0.013776836,0.027608396,0.00015108002
6478795343,6478795104,0.013930868,0.027724968,0.00015182029
6478802838,6478802595,0.013504135,0.027898645,0.00014994881
6478806567,6478806340,0.013590356,0.027893703,0.00014902886
6478812836,6478812583,0.013139785,0.0276594,0.00014814749
6478816565,6478816328,0.01328856,0.027675783,0.00015197726
6478820333,6478820073,0.013555487,0.027716788,0.0001603613
6478827820,6478827564,0.013785438,0.02768855,0.00018174172
6478830299,6478830061,0.013835071,0.027757764,0.00018607867
6478837792,6478837552,0.013486937,0.027832719,0.00019075396
6478842800,6478842546,0.013525615,0.027461423,0.00019357022
6478847775,6478847539,0.013888989,0.027658405,0.00019389324
6478852777,6478852533,0.013964771,0.027914643,0.0001877497
6478855270,6478855030,0.014220137,0.027978128,0.00018466463
6478862755,6478862520,0.01377654,0.027795397,0.00018312206
6478866500,6478866266,0.0134870885,0.027691333,0.0001786025
6478872761,6478872508,0.013063507,0.027950004,0.00017489505
6478876483,6478876254,0.013246582,0.027902551,0.00017230776
6478883975,6478883744,0.013826974,0.02765745,0.00017846296
6478886487,6478886245,0.013928466,0.02768921,0.00017824821
6478890220,6478889986,0.014033064,0.027547784,0.0001793291
6478897723,6478897477,0.013524706,0.027826302,0.00018829871
6478902725,6478902471,0.012878027,0.027803801,0.00018382186
6478907700,6478907465,0.013221297,0.027935123,0.00018443564
6478912694,6478912459,0.013833449,0.027730884,0.00019007848
6478918942,6478918700,0.014656656,0.027432995,0.00018994813
6478922686,6478922446,0.014841813,0.027662018,0.00018941796
6478925201,6478924943,0.014636596,0.027663453,0.00018804561
6478932746,6478932434,0.01348158,0.027567744,0.00018806198
6478936437,6478936179,0.013435634,0.027576368,0.00019235993
6478942657,6478942421,0.013611614,0.02792023,0.00019961003
6478946401,6478946167,0.013894356,0.028041827,0.00020250406
6478950146,6478949912,0.013939046,0.028077593,0.0002059951
6478956396,6478956155,0.0133117195,0.027855603,0.00020049287
6478960133,6478959899,0.012883385,0.027564025,0.00019522702
6478967625,6478967390,0.013130048,0.02766872,0.0001915875
6478972623,6478972384,0.013810186,0.02796197,0.0001884002
6478977631,6478977378,0.014647856,0.027800303,0.00018365271
6478982606,6478982372,0.014522846,0.02787229,0.00018050362
6478988850,6478988613,0.013653131,0.027858565,0.00017785904
6478992613,6478992359,0.013120443,0.027674453,0.00018039739
6478995089,6478994856,0.0129325325,0.027474966,0.00018367633
6479002578,6479002347,0.013688998,0.02740153,0.0001862776
6479006332,6479006092,0.013926679,0.027329875,0.00018800565
6479013815,6479013583,0.013962051,0.027765693,0.00019501593
6479016315,6479016079,0.0135328695,0.02787448,0.00019728838
6479023804,6479023570,0.01304407,0.027702766,0.00021181583
6479026304,6479026067,0.012827514,0.027976055,0.00021441303
6479030066,6479029815,0.013069182,0.028273491,0.00021182963
6479037563,6479037303,0.013800552,0.027907062,0.00019246337
6479042531,6479042297,0.014286357,0.027873743,0.00018920933
6479047527,6479047291,0.0133795515,0.027668778,0.00019535837
6479052539,6479052284,0.013070292,0.02754871,0.00020058706
6479058755,6479058526,0.013007914,0.027724383,0.00021073717
6479062514,6479062272,0.013686793,0.027837936,0.00021161707
6479064998,6479064769,0.013812233,0.027737604,0.0002107951
6479072495,6479072260,0.013490342,0.027791772,0.0002030553
6479076246,6479076005,0.013225297,0.027491767,0.00019625737
6479082501,6479082249,0.01305336,0.02784008,0.00019011468
6479086229,6479085992,0.012749777,0.028208867,0.00018935953
6479093716,6479093483,0.013413712,0.027819078,0.00019434378
6479097474,6479097229,0.013826351,0.027644185,0.00019535008
6479099957,6479099725,0.013788737,0.02751708,0.00019505277
6479107457,6479107216,0.013350033,0.027493592,0.00019134356
6479112510,6479112210,0.012788327,0.027626425,0.00019154207
6479117440,6479117204,0.012618381,0.027787654,0.00019124169
6479122434,6479122198,0.01304917,0.027678825,0.0001830099
6479128669,6479128440,0.013960989,0.02789988,0.00017926175
6479132432,6479132185,0.013965718,0.028259035,0.00017935419
6479134924,6479134683,0.0139104435,0.02819846,0.00017663803
6479142407,6479142173,0.012437107,0.027535297,0.00017117038
6479146153,6479145918,0.012145253,0.027572542,0.00016627472
6479152393,6479152160,0.012662395,0.027678028,0.00015774908
6479156139,6479155908,0.013470484,0.027854256,0.00015184519
6479163629,6479163398,0.013860315,0.027828012,0.00014887987
6479167424,6479167142,0.013485835,0.027813744,0.00015942864
6479169867,6479169638,0.013200904,0.027892694,0.0001664338
6479177364,6479177129,0.012370438,0.027934318,0.00017458263
6479182355,6479182123,0.012843545,0.027826954,0.0001813214
6479187354,6479187117,0.013080698,0.027438916,0.0001885894
6479192344,6479192111,0.013483027,0.0274902,0.00019958886
6479198601,6479198355,0.013105776,0.02765325,0.00020697268
6479202339,6479202098,0.012766714,0.02773781,0.00020553422
6479204822,6479204595,0.012648727,0.027552499,0.00020624789
6479212329,6479212086,0.012594229,0.027846113,0.0002207143
6479216066,6479215831,0.01304595,0.027909663,0.00022786543
6479222315,6479222073,0.0132800015,0.027838858,0.0002308811
6479226058,6479225818,0.012886297,0.02796751,0.00022568101
6479233555,6479233310,0.012257955,0.028003765,0.00021469791
6479237296,6479237055,0.012008612,0.02784828,0.00021191263
6479239802,6479239552,0.012419216,0.027554467,0.00020899849
6479247286,6479247043,0.013746767,0.027417935,0.00020259563
6479252279,6479252036,0.013829462,0.027537808,0.00020528934
6479257269,6479257030,0.013593802,0.02776118,0.00020304616
6479262279,6479262025,0.012855194,0.0274312,0.00019390816
6479268504,6479268267,0.012435273,0.027721265,0.00017795716
6479272267,6479272012,0.012895741,0.02786729,0.00016986634
6479275992,6479275757,0.013630055,0.028038856,0.00016247244
6479282246,6479281999,0.013751103,0.027816936,0.00015856294
6479285981,6479285744,0.013425436,0.027685706,0.00016429125
6479293487,6479293235,0.012547363,0.027381355,0.00017904965
6479295962,6479295732,0.012428535,0.027363235,0.00018353963
6479303465,6479303223,0.012661382,0.027332902,0.00019568665
6479307228,6479306994,0.013522369,0.0275468,0.00019876516
6479313444,6479313210,0.01387574,0.027734572,0.00019799924
6479317190,6479316955,0.013893035,0.027729714,0.00019677746
6479322178,6479321950,0.0133825755,0.027778171,0.00019443169
6479328430,6479328191,0.013022093,0.027532762,0.00019947266
6479332172,6479331937,0.01326755,0.027656699,0.0002008866
6479334673,6479334440,0.013633838,0.027765524,0.00020078271
6479342156,6479341924,0.013455099,0.027622737,0.00020235649
6479345911,6479345669,0.012950963,0.02767091,0.00020302972
6479352143,6479351912,0.012552632,0.027473627,0.00020678405
6479355892,6479355657,0.012455098,0.027498228,0.00020457375
6479363384,6479363148,0.013360128,0.027776474,0.00019119232
6479365883,6479365645,0.013685258,0.028069783,0.00018655723
6479373372,6479373136,0.014090912,0.027972098,0.00018579468
6479377122,6479376881,0.014268768,0.027880259,0.00018794976
6479383361,6479383125,0.013421932,0.027570482,0.00019589355
6479387110,6479386871,0.0131389,0.027688643,0.00020110907
6479392102,6479391862,0.01301935,0.027586393,0.00020725513
6479398342,6479398104,0.012999638,0.027694277,0.00022263022
6479402126,6479401850,0.013435097,0.02748672,0.00022985153
6479408320,6479408092,0.014232788,0.027467767,0.0002325438
6479412080,6479411838,0.01391872,0.027448833,0.0002291189
6479415815,6479415583,0.013750048,0.027571041,0.00022633195
6479422078,6479421825,0.013708822,0.027730346,0.0002236647
6479425800,6479425570,0.013950008,0.02777959,0.00022777886
6479433324,6479433061,0.014041061,0.027623577,0.00023437534
6479435794,6479435558,0.013998947,0.027629534,0.00023332618
6479443293,6479443049,0.013527097,0.027826745,0.00023836727
6479447032,6479446794,0.013431016,0.027867865,0.00024970734
6479452034,6479451788,0.013460163,0.027667379,0.0002679661
6479457018,6479456782,0.013772097,0.027774679,0.0002796052
6479462008,6479461775,0.014279342,0.027749643,0.00028036744
6479468249,6479468018,0.013786319,0.027546901,0.00027272888
6479472004,6479471763,0.013731121,0.0273973,0.00026352677
6479478242,6479478005,0.013898021,0.027554486,0.00025783613
6479481989,6479481751,0.014079765,0.027645044,0.00025616272
6479485730,6479485496,0.014176292,0.027713584,0.00024956293
6479491976,6479491741,0.014432011,0.02748997,0.0002411309
6479495721,6479495484,0.014108075,0.027922425,0.00023529837
6479503228,6479502974,0.013517633,0.027681056,0.00022445085
6479506977,6479506720,0.013339671,0.027439578,0.00022314435
6479513197,6479512962,0.01340583,0.027543558,0.00022112571
6479516944,6479516707,0.013949864,0.027546626,0.00021906653
6479521937,6479521701,0.014797183,0.027698673,0.00021995997
6479526927,6479526695,0.014281173,0.027636845,0.00022496533
6479533182,6479532937,0.013521078,0.02753561,0.0002300343
6479538163,6479537930,0.0136799095,0.027481252,0.00022750534
6479541917,6479541676,0.013919654,0.027434155,0.00022152287
6479548152,6479547918,0.014251993,0.027851682,0.00021058063
6479551911,6479551664,0.014604649,0.028063206,0.00020553077
6479555664,6479555418,0.0143971285,0.027776066,0.00020323701
6479561886,6479561653,0.013486561,0.027287893,0.00020601276
6479565630,6479565398,0.012958412,0.027239125,0.00020817177
6479573123,6479572888,0.014026495,0.027333198,0.0001998712
6479576869,6479576633,0.014636063,0.027645478,0.00019510275
6479583111,6479582875,0.014677391,0.027856294,0.0001817197
6479586854,6479586620,0.013919294,0.02782975,0.00017377581
6479591846,6479591614,0.013526457,0.027772829,0.00015545671
6479596853,6479596608,0.013239242,0.027384356,0.00013526104
6479601838,6479601602,0.013483491,0.02729343,0.00012749794
6479608079,6479607844,0.014650401,0.02776829,0.00013459362
6479611821,6479611589,0.014765773,0.027761955,0.0001413105
6479618064,6479617831,0.013985232,0.027840964,0.00014792733
6479621809,6479621577,0.013307001,0.027738452,0.00014865234
6479625557,6479625322,0.013237182,0.027498296,0.00014802525
6479633052,6479632813,0.013881948,0.027411152,0.00014561218
6479635543,6479635310,0.014157584,0.027328616,0.00015010532
6479643036,6479642800,0.013872299,0.027687026,0.00017136597
6479646781,6479646545,0.013833547,0.027733421,0.00017445639
6479653028,6479652788,0.013397942,0.027663806,0.00017631227
6479656771,6479656534,0.012927844,0.027611377,0.00018395059
6479660512,6479660279,0.012853601,0.027708085,0.0001950042
6479666753,6479666522,0.01358372,0.027664682,0.00019337828
6479671748,6479671514,0.014045926,0.027726665,0.00018672035
6479677986,6479677757,0.014239914,0.027637456,0.00018831158
6479681733,6479681502,0.013707342,0.027787492,0.00019069611
6479685482,6479685247,0.013570947,0.027717134,0.00018651836
6479691727,6479691490,0.014057129,0.027072461,0.00016598863
6479695487,6479695235,0.014150813,0.027466219,0.0001626588
6479702963,6479702726,0.014032617,0.028069157,0.00018273786
6479705481,6479705223,0.013950028,0.02804382,0.00018867537
6479712954,6479712713,0.013056611,0.027657207,0.00018952938
6479716693,6479716458,0.012746112,0.027596187,0.00018494696
6479721686,6479721453,0.012882017,0.027350191,0.00018483282
6479726678,6479726446,0.013456619,0.027288513,0.00019255272
6479731682,6479731440,0.013581974,0.027668403,0.0001920791
6479737926,6479737685,0.013729854,0.027765643,0.00018614637
6479741659,6479741428,0.01367409,0.027759748,0.00017958907
6479747897,6479747670,0.013093121,0.027655585,0.0001760492
6479751653,6479751415,0.013025689,0.02759737,0.00017953225
6479755399,6479755160,0.0134186465,0.027772633,0.00018504959
6479761667,6479761403,0.013760496,0.027241278,0.0001879306
6479765385,6479765148,0.013931749,0.027258402,0.00018641033
6479772878,6479772639,0.013725157,0.027554946,0.00018060557
6479775368,6479775136,0.013439062,0.027817208,0.0001815094
6479782860,6479782626,0.013019657,0.0274117,0.00019030408
6479786608,6479786372,0.013120479,0.027201105,0.00019201692
6479791613,6479791365,0.013416011,0.02781158,0.00018980735
6479796598,6479796359,0.013537754,0.02836303,0.00019168294
6479801585,6479801353,0.013104046,0.027863503,0.0001962076
6479807826,6479807595,0.012450227,0.027302582,0.00020671615
6479810335,6479810092,0.012435022,0.027279813,0.00021064488
6479817814,6479817583,0.013073741,0.027714556,0.0002131259
6479821601,6479821328,0.013418694,0.027519528,0.00020954126
6479825318,6479825074,0.014056617,0.02770523,0.00020931507
6479832807,6479832565,0.01409056,0.02771111,0.00021750235
6479835304,6479835061,0.013599927,0.02774401,0.00021903183
6479842784,6479842552,0.01281664,0.027636454,0.00021289616
6479845288,6479845049,0.012949232,0.02742204,0.00021426566
6479852801,6479852540,0.013287624,0.027679922,0.00023784723
6479856522,6479856287,0.013820775,0.027518371,0.00024382387
6479860281,6479860030,0.0139662195,0.027355801,0.00023935424
6479866507,6479866272,0.013313819,0.027342828,0.00022449617
6479871503,6479871266,0.013056446,0.027545037,0.00021827318
6479877746,6479877508,0.012683819,0.027873144,0.0002264793
6479881489,6479881255,0.012993432,0.028002374,0.00022803254
6479887728,6479887496,0.0138708465,0.02762502,0.00022347887
6479891493,6479891245,0.014074345,0.027825585,0.00022481996
6479895221,6479894986,0.013453063,0.027892884,0.00022203167
6479901470,6479901229,0.013004509,0.027681563,0.00020815601
6479905205,6479904974,0.013378031,0.027622478,0.00019693821
6479912698,6479912465,0.013330082,0.027256364,0.00018146935
6479916461,6479916211,0.013712045,0.02741287,0.00018147068
6479922688,6479922453,0.014027091,0.027764296,0.00018896266
6479926437,6479926198,0.013615832,0.027660115,0.00019137292
6479931426,6479931192,0.013649663,0.027680626,0.00019116413
6479936420,6479936186,0.013032451,0.028031725,0.00019693865
6479941412,6479941179,0.013023904,0.027889114,0.00021278765
6479947657,6479947421,0.0133853825,0.027145132,0.0002245906
6479951407,6479951167,0.013785729,0.027189571,0.00022576771
6479957646,6479957410,0.013696958,0.027792035,0.00022590107
6479961388,6479961155,0.0136018675,0.027680524,0.00022348513
6479965136,6479964900,0.013553556,0.02747364,0.00022334457
6479971382,6479971142,0.013859254,0.027633786,0.00021916309
6479975130,6479974888,0.013859421,0.027666345,0.00021663401
6479982618,6479982378,0.013729097,0.027591523,0.00022025575
6479986359,6479986124,0.013664199,0.027691774,0.00021776275
6479992600,6479992366,0.013598804,0.027787441,0.00020204647
6479996355,6479996111,0.01361177,0.027514566,0.00019774123
6480000085,6479999856,0.013558838,0.027702074,0.00019702931
6480006344,6480006099,0.013837952,0.027899023,0.00018567253
6480011329,6480011093,0.014026516,0.0278733,0.00018129342
6480017579,6480017335,0.013770193,0.027607745,0.00017984147
6480021328,6480021080,0.013584258,0.027603118,0.00017887227
6480027559,6480027322,0.013862402,0.02748824,0.000175081
6480031305,6480031067,0.013954733,0.02756175,0.000171311
6480035052,6480034813,0.014289636,0.027773881,0.00016905504
6480041295,6480041056,0.014239219,0.027398294,0.0001671226
6480045035,6480044800,0.0135344295,0.02728154,0.00016545392
6480052525,6480052291,0.013601254,0.027576094,0.00017982101
6480056279,6480056037,0.014468261,0.027221866,0.00018090066
6480062511,6480062279,0.014382353,0.027661411,0.00017748213
6480066270,6480066027,0.014424888,0.027912954,0.00017790847
6480070003,6480069770,0.014104758,0.027813293,0.0001778497
6480077508,6480077260,0.013855174,0.028057633,0.00017631866
6480081244,6480081005,0.014076253,0.027797963,0.00018056552
6480087499,6480087248,0.014267775,0.02731961,0.00018458677
6480091237,6480090993,0.014559785,0.027438875,0.0001848894
6480097473,6480097235,0.014391643,0.027817734,0.00018952157
6480101215,6480100981,0.014332697,0.02798703,0.00019031303
6480104964,6480104726,0.013593165,0.02796092,0.00018567844
6480112461,6480112217,0.013457154,0.027339192,0.0001823095
6480114943,6480114713,0.014045568,0.027271478,0.00018441518
6480122438,6480122204,0.014620056,0.027822303,0.00018581879
6480126186,6480125949,0.014842257,0.027742738,0.00018702753
6480132431,6480132193,0.014658807,0.027520875,0.00019851446
6480136174,6480135937,0.014021373,0.027417662,0.00020555644
6480141170,6480140931,0.013592949,0.027617108,0.00020860811
6480147421,6480147173,0.014269994,0.027555572,0.00020305079
6480151160,6480150918,0.014382142,0.027387612,0.00019889596
6480157398,6480157161,0.014240233,0.027397765,0.00019616754
6480161142,6480160906,0.014377122,0.027468193,0.0001969529
6480167382,6480167148,0.014055184,0.027923359,0.00019318226
6480171129,6480170894,0.013462634,0.027678354,0.00019047424
6480178618,6480178384,0.013927955,0.027237434,0.00019051273
6480182365,6480182130,0.014526048,0.027238764,0.00018887283
6480184870,6480184627,0.014938384,0.027515193,0.00018739572
6480192354,6480192117,0.014591271,0.027696721,0.00018772962
6480196092,6480195862,0.013835669,0.027684977,0.00018574714
6480201091,6480200857,0.013533663,0.027675679,0.00017784974
6480206088,6480205850,0.013534895,0.027875578,0.00017346919
6480212344,6480212094,0.014647148,0.02750177,0.00016256471
6480217321,6480217086,0.014792307,0.027406534,0.00015747464
6480219813,6480219583,0.014575333,0.027575264,0.0001561249
6480227317,6480227074,0.0136234285,0.027732043,0.00015233684
6480231060,6480230819,0.0134679135,0.027810603,0.00015694324
6480237321,6480237064,0.013300985,0.027437275,0.0001623787
6480241051,6480240807,0.013826108,0.027610706,0.0001602235
6480248532,6480248298,0.014918508,0.027941927,0.0001487613
6480252290,6480252043,0.014760934,0.027676981,0.00014681154
6480254773,6480254539,0.014189838,0.02780109,0.00014575431
6480262274,6480262037,0.013156139,0.027720138,0.000144276
6480266006,6480265775,0.012891388,0.027635884,0.00014524553
6480271004,6480270770,0.013617219,0.027439771,0.00014727245
6480276005,6480275763,0.014029464,0.027354004,0.0001454157
6480282248,6480282007,0.014730647,0.02750376,0.00013534636
6480287241,6480286999,0.014368649,0.027425483,0.00013364828
6480290981,6480290745,0.013785467,0.027630495,0.00014195056
6480297220,6480296987,0.0135699315,0.028046746,0.00013791826
6480300973,6480300732,0.013854538,0.028037157,0.00013541763
6480308466,6480308226,0.014479001,0.02749686,0.00014902599
6480310954,6480310720,0.0144326035,0.027342826,0.00015297771
6480318448,6480318211,0.01369091,0.027239475,0.00015186679
6480322190,6480321956,0.0137094455,0.02743766,0.00015010253
6480325944,6480325701,0.013453235,0.027547225,0.00015497085
6480332177,6480331945,0.013513952,0.027523166,0.0001670407
6480335922,6480335689,0.014073215,0.027646683,0.000165651
6480340930,6480340683,0.014056398,0.027565422,0.00016013
6480345911,6480345676,0.013767913,0.027747788,0.00015304629
6480350909,6480350671,0.012731805,0.027706495,0.00014724699
6480357158,6480356920,0.012326683,0.02769273,0.0001480257
6480362144,6480361907,0.013059292,0.027530644,0.00015346715
6480367129,6480366900,0.014194196,0.027535861,0.00015615586
6480370886,6480370645,0.014525223,0.027747296,0.00015755663
6480378369,6480378137,0.013489668,0.028085394,0.00016217979
6480380868,6480380633,0.013165777,0.02802659,0.00016012389
6480388361,6480388124,0.012737632,0.027706722,0.00016173894
6480392105,6480391869,0.012969719,0.027601456,0.00016140196
6480395848,6480395614,0.013732248,0.02749466,0.00016190957
6480402097,6480401857,0.014164512,0.027826874,0.0001712436
6480405836,6480405602,0.013893639,0.027871855,0.00017483787
6480410829,6480410596,0.01308175,0.027916295,0.00017640242
6480415880,6480415589,0.0123778,0.027687112,0.00017644727
6480419566,6480419335,0.01290161,0.027776303,0.00017183373
6480427059,6480426825,0.013666762,0.027644172,0.00016718406
6480430798,6480430571,0.014053208,0.027670503,0.00017378437
6480437046,6480436813,0.0138372425,0.027393186,0.0001818249
6480440794,6480440558,0.013005311,0.027455814,0.00018672063
6480448293,6480448049,0.012357223,0.027715068,0.00019205744
6480452037,6480451794,0.0129190935,0.0276738,0.00018803179
6480458277,6480458037,0.013750537,0.027595628,0.00018622928
6480462041,6480461782,0.014081941,0.027427627,0.00018933605
6480465760,6480465527,0.013862244,0.027303077,0.00019335632
6480472005,6480471770,0.013033268,0.02740682,0.00019395335
6480475750,6480475516,0.0128840525,0.027570855,0.00019548007
6480480745,6480480509,0.012730098,0.028067823,0.00019343707
6480486986,6480486751,0.013265279,0.02771687,0.0001778105
6480490728,6480490496,0.013456349,0.027335353,0.0001686946
6480496972,6480496738,0.013534539,0.027610296,0.00015792882
6480500720,6480500484,0.013258147,0.027946219,0.00015073958
6480506954,6480506726,0.01265063,0.027846681,0.00014318927
6480511955,6480511720,0.013121528,0.027767481,0.00013842115
6480518195,6480517962,0.01411477,0.027925944,0.00013019815
6480521948,6480521707,0.013955096,0.02784618,0.0001229985
6480528179,6480527950,0.013056544,0.027639056,0.000117791256
6480531930,6480531695,0.01250446,0.027719783,0.00011488557
6480535672,6480535440,0.012452606,0.027474478,0.000114086324
6480539423,6480539185,0.012845339,0.027279291,0.00011541449
6480545669,6480545428,0.013911034,0.027508782,0.000113610644
6480550653,6480550422,0.013823713,0.027743397,0.000107770626
6480556900,6480556664,0.013451368,0.02774762,0.0001008167
6480560646,6480560409,0.013153805,0.02783329,9.917972e-05
6480566880,6480566651,0.013235263,0.027490783,0.000100729856
6480570632,6480570397,0.013452069,0.027451241,0.000104908846
6480576868,6480576639,0.013731306,0.027685301,0.00010838331
6480580617,6480580385,0.013896019,0.027541935,0.000109098444
6480588104,6480587875,0.013898484,0.027550265,0.00012232669
6480591855,6480591621,0.0131000765,0.027660508,0.00012578732
6480598096,6480597862,0.012743087,0.027289178,0.0001158203
6480601835,6480601608,0.013347909,0.027246138,0.00011255039
6480605591,6480605354,0.013927122,0.027404312,0.00011233611
6480610576,6480610347,0.014013621,0.027753752,0.00011605616
6480615577,6480615341,0.0140717635,0.027927166,0.000116703384
6480620574,6480620335,0.013872081,0.027798546,0.00011930248
6480626828,6480626577,0.013016589,0.027756676,0.000117654454
6480633056,6480632819,0.0130443,0.027871722,0.00011892345
6480636797,6480636564,0.013541393,0.02764776,0.00012788859
6480640548,6480640310,0.014269508,0.027913678,0.0001358587
6480646782,6480646552,0.014531195,0.02765787,0.00014399177
6480651781,6480651546,0.013854833,0.027748141,0.00015296834
6480658042,6480657788,0.013633652,0.027509667,0.00016556602
6480661767,6480661534,0.013301866,0.027407955,0.00017094612
6480668009,6480667776,0.014042881,0.027558165,0.00017514468
6480671757,6480671521,0.0143753495,0.027595852,0.00017860612
6480675502,6480675267,0.014072891,0.027780956,0.00018144277
6480680495,6480680260,0.013762088,0.028142525,0.00017851655
6480685499,6480685266,0.013784398,0.027985897,0.0001706595
6480692987,6480692745,0.013713772,0.027702454,0.00016978751
6480696718,6480696490,0.0139555745,0.027686458,0.00017291392
6480700472,6480700236,0.014332693,0.027318642,0.00017571113
6480706707,6480706477,0.014562268,0.027752021,0.00017058331
6480710468,6480710223,0.01396773,0.027588777,0.00016787765
6480717953,6480717713,0.013668896,0.02765858,0.00015897882
6480720459,6480720211,0.013651555,0.027733898,0.00015748078
6480727940,6480727702,0.014348365,0.027761009,0.00015565322
6480731686,6480731451,0.01463787,0.027833277,0.00015739046
6480735434,6480735192,0.015054627,0.02767942,0.00015407112
6480741683,6480741434,0.0145681035,0.027700264,0.00014229528
6480745418,6480745180,0.014018573,0.027858177,0.0001396942
6480752918,6480752670,0.013883546,0.027389599,0.00015089358
6480755409,6480755167,0.014056788,0.027452005,0.000156559
6480760396,6480760161,0.014636086,0.027486864,0.00015922297
6480766630,6480766403,0.014629105,0.027748596,0.00016082285
6480770395,6480770149,0.014395949,0.027796553,0.00016455942
6480776622,6480776390,0.013840204,0.02782976,0.00016814852
6480780373,6480780136,0.013823559,0.028181905,0.00016869746
6480787860,6480787627,0.014227742,0.027475107,0.00015910466
6480790357,6480790124,0.014311035,0.027337855,0.00016144151
6480797843,6480797614,0.014634619,0.027568411,0.00016180424
6480801593,6480801362,0.014590066,0.027705792,0.00016025611
6480807840,6480807602,0.014050556,0.027558126,0.00016778796
6480811582,6480811347,0.013833544,0.027420446,0.00017218976
6480815329,6480815093,0.0141365025,0.027308336,0.00017114052
6480822812,6480822583,0.015043591,0.027906796,0.00016845514
6480825321,6480825086,0.0149131995,0.027678626,0.00017005175
6480830318,6480830074,0.013891751,0.027372364,0.00017327863
6480836546,6480836316,0.01329193,0.027887868,0.00017532478
6480840302,6480840062,0.013549193,0.0278419,0.00017535148
6480846534,6480846304,0.014263267,0.027427642,0.00016903435
6480850289,6480850049,0.014725988,0.027358515,0.0001656283
6480857785,6480857541,0.015078853,0.027563386,0.00016163255
6480860285,6480860037,0.014818857,0.027668564,0.00016133631
6480867769,6480867528,0.013804184,0.027938448,0.00016203926
6480871506,6480871274,0.013626281,0.027762756,0.00016285306
6480875260,6480875018,0.01349117,0.02755121,0.00016493941
6480881500,6480881264,0.01401399,0.027251486,0.00016971615
6480885243,6480885005,0.014393897,0.027536876,0.00017026933
6480892764,6480892496,0.0146010835,0.027813394,0.00016492368
6480896492,6480896242,0.01416268,0.027832763,0.00016325888
6480900219,6480899987,0.013656022,0.027725624,0.00016491427
6480906470,6480906230,0.01334792,0.027702946,0.00017506891
6480910209,6480909975,0.01389687,0.027831748,0.00018111836
6480916455,6480916222,0.01440873,0.02775374,0.00018579561
6480920198,6480919963,0.014166956,0.027770469,0.00018459199
6480927686,6480927453,0.013950131,0.027714266,0.0001760029
6480931438,6480931198,0.013508229,0.027647655,0.00017656312
6480937672,6480937440,0.014357083,0.027661836,0.00018524937
6480941419,6480941186,0.014943236,0.027548315,0.00018798141
6480950215,6480949927,0.01405372,0.027522936,0.0001840032
6480951416,6480951175,0.013842772,0.027521621,0.00018395558
6480955153,6480954919,0.013310231,0.027687682,0.00018231932
6480962640,6480962410,0.013945742,0.027755916,0.00018047626
6480966396,6480966155,0.013843058,0.027804682,0.00017842806
6480972624,6480972397,0.014199349,0.027886668,0.000174682
6480976379,6480976143,0.013996452,0.0277686,0.00017814412
6480983861,6480983633,0.013792946,0.027651345,0.00019104547
6480986362,6480986130,0.013650129,0.027481757,0.00019807553
6480990111,6480989876,0.013265829,0.027358262,0.0002037441
6480997600,6480997366,0.0129449675,0.027800668,0.00019968358
6481001345,6481001111,0.01352514,0.027513158,0.00020178707
6481007588,6481007354,0.014543122,0.027536761,0.00020672833
6481011335,6481011099,0.014365693,0.02746754,0.00020912135
6481020072,6481019838,0.013488035,0.027908854,0.00020971226
6481021321,6481021087,0.013497465,0.02793173,0.0002099945
6481025069,6481024832,0.013458117,0.028145347,0.00020846912
6481030061,6481029825,0.013652466,0.027716653,0.00020056682
6481036318,6481036068,0.01385507,0.027427642,0.00020439843
6481042541,6481042310,0.013506991,0.02768525,0.00021449606
6481046290,6481046055,0.013693842,0.027700895,0.00021649324
6481053786,6481053546,0.013541264,0.02736477,0.0002136747
6481056277,6481056043,0.013570715,0.02727444,0.00021557898
6481060029,6481059789,0.013549368,0.027531577,0.00022173977
6481067518,6481067279,0.013651739,0.028126556,0.00023421374
6481071278,6481071024,0.013743114,0.028106825,0.0002351441
6481077500,6481077267,0.01344034,0.02768856,0.00023320747
6481081246,6481081012,0.013069802,0.027611623,0.00023070509
6481089985,6481089751,0.013475929,0.027673148,0.00024024172
6481092483,6481092248,0.013679995,0.027474875,0.0002449845
6481094979,6481094745,0.0137038855,0.027550818,0.00024722336
6481099974,6481099738,0.013858045,0.0276872,0.00024815716
6481106219,6481105981,0.013798511,0.027407376,0.00025029187
6481112451,6481112223,0.013734204,0.027453635,0.00024687697
6481116200,6481115968,0.013543152,0.027593393,0.00024038875
6481123703,6481123459,0.01347713,0.027604427,0.00022231025
6481127449,6481127206,0.013645142,0.027785528,0.00021053993
6481129986,6481129702,0.013649638,0.027789397,0.00020298606
6481137423,6481137192,0.013631779,0.027853565,0.00019674361
6481141171,6481140939,0.013403969,0.027754175,0.00019881826
6481147414,6481147180,0.013454048,0.027400644,0.00019706973
6481151160,6481150925,0.013822698,0.027343065,0.00019928096
6481159916,6481159664,0.01391584,0.027893491,0.00021194477
6481162407,6481162161,0.014016194,0.02771125,0.00021423756
6481164894,6481164658,0.013906447,0.027517846,0.0002142138
6481172381,6481172150,0.013329403,0.027497703,0.00021157107
6481176131,6481175894,0.013396028,0.02752945,0.00020977466
6481182365,6481182136,0.013836697,0.027671883,0.00020475689
6481186112,6481185881,0.013993924,0.027721968,0.00019839547
6481193610,6481193377,0.013947045,0.027687592,0.00019197886
6481197357,6481197118,0.013593527,0.02762754,0.00019067677
6481199847,6481199615,0.0134302,0.027678294,0.00018936244
6481207348,6481207105,0.012998648,0.027505288,0.000196152
6481211098,6481210851,0.013635481,0.027507402,0.0002041429
6481217328,6481217093,0.014584385,0.027739998,0.00020462049
6481221084,6481220838,0.014472832,0.027937109,0.00020041395
6481229813,6481229577,0.013625973,0.027443402,0.000189574
6481232309,6481232074,0.013293178,0.027575323,0.00019209256
6481234819,6481234571,0.013108132,0.027602825,0.0001954398
6481242315,6481242061,0.014179903,0.027902247,0.00020288273
6481246036,6481245807,0.014579329,0.027816257,0.00020453075
6481253533,6481253298,0.01424728,0.027598139,0.00021418456
6481256028,6481255794,0.01401769,0.027510626,0.00021689154
6481263517,6481263285,0.013965346,0.027539738,0.00021609991
6481267269,6481267031,0.014352847,0.027324555,0.0002222474
6481271010,6481270776,0.0145634925,0.02724061,0.00023125696
6481277260,6481277018,0.014699474,0.027945379,0.00024057127
6481280996,6481280763,0.014214484,0.02790977,0.00024172524
6481289745,6481289503,0.013470942,0.027754445,0.00023414395
6481290987,6481290751,0.013424853,0.027651735,0.0002345886
6481299726,6481299490,0.014451645,0.02771548,0.00023415143
6481302217,6481301987,0.014801807,0.02762844,0.00023195281
6481305961,6481305732,0.014993825,0.027687816,0.00023114389
6481312208,6481311975,0.014555646,0.027684608,0.00021679566
6481315947,6481315720,0.014201149,0.027549593,0.00020982856
6481323447,6481323211,0.0137480935,0.027351283,0.00020417132
6481325946,6481325708,0.013788776,0.027350847,0.00020425383
6481333436,6481333199,0.014616194,0.027627438,0.00020051956
6481337176,6481336944,0.014979547,0.027508952,0.00020027648
6481340962,6481340689,0.015193512,0.027564231,0.00019437654
6481347176,6481346931,0.014692564,0.027653588,0.00018294214
6481350908,6481350677,0.014177026,0.027431166,0.00017902425
6481359658,6481359416,0.0142487455,0.027476488,0.00019900635
6481360906,6481360664,0.0142930085,0.027492356,0.00020314836
6481368396,6481368155,0.015072727,0.027348276,0.00020620498
6481372130,6481371900,0.015382352,0.027715445,0.00020167617
6481375881,6481375645,0.015268687,0.02799899,0.00019772294
6481382119,6481381888,0.014305858,0.027637292,0.00019875518
6481385865,6481385633,0.014090661,0.02752397,0.00020379739
6481393360,6481393124,0.014666741,0.027652483,0.00019778611
6481395894,6481395621,0.015157633,0.027897106,0.00019514868
6481403345,6481403111,0.015331085,0.028022889,0.00019311791
6481407090,6481406857,0.014587333,0.027658634,0.00019776657
6481410834,6481410602,0.01447159,0.02763238,0.00020137243
6481417076,6481416844,0.014680465,0.027368488,0.00019789854
6481420823,6481420590,0.0146997245,0.027613899,0.00019363358
6481429566,6481429329,0.015111952,0.027809734,0.00018799407
6481430814,6481430578,0.01501556,0.02789205,0.00018719975
6481439554,6481439317,0.013835751,0.027699929,0.00018580488
6481442054,6481441814,0.013867396,0.027760528,0.0001830086
6481445792,6481445559,0.014526196,0.027758414,0.00018028406
6481452050,6481451801,0.015201136,0.027231198,0.00017356289
6481455777,6481455546,0.015391888,0.027370052,0.00017391179
6481463275,6481463037,0.015166558,0.02776735,0.00017513907
6481465761,6481465534,0.014859481,0.028007539,0.00017713702
6481473273,6481473028,0.013789669,0.027683321,0.0001856275
6481476997,6481476770,0.013817407,0.027546879,0.00018762545
6481480752,6481480519,0.014205497,0.027983546,0.00018868888
6481486989,6481486757,0.015163961,0.02791625,0.00018769671
6481490741,6481490503,0.0154888425,0.027592136,0.00018846312
6481499487,6481499242,0.014584017,0.027409567,0.00018966508
6481501981,6481501739,0.014351518,0.027401946,0.00018705607
6481509469,6481509230,0.014239749,0.027759999,0.00018196458
6481511958,6481511726,0.014227761,0.027864547,0.00017911059
6481515700,6481515472,0.014524075,0.02757367,0.00017367322
6481521948,6481521714,0.015421671,0.027361514,0.00016466713
6481525685,6481525459,0.015435962,0.027182287,0.00015939637
6481533180,6481532950,0.01441827,0.027792118,0.00016498506
6481536933,6481536695,0.014082104,0.027801264,0.00016718227
6481543168,6481542937,0.013945433,0.027579036,0.00017157289
6481546916,6481546683,0.014309514,0.027697843,0.00017690459
6481550664,6481550429,0.0148359,0.02762461,0.00018204718
6481556898,6481556670,0.014881411,0.027648952,0.00019205056
6481560651,6481560416,0.014301911,0.027369441,0.00019148104
6481569391,6481569155,0.014275268,0.02777916,0.00017710649
6481571884,6481571652,0.014276736,0.02772742,0.00017400896
6481578148,6481577894,0.014846377,0.027747907,0.00016692416
6481581870,6481581639,0.01521235,0.02798126,0.00016749748
6481585614,6481585385,0.014942176,0.028149154,0.0001718818
6481591855,6481591627,0.014217825,0.027716408,0.00017895701
6481595608,6481595372,0.013790303,0.027472591,0.00018672357
6481603106,6481602863,0.014379969,0.027408374,0.00019942543
6481606845,6481606609,0.014960308,0.027445938,0.00019922105
6481613095,6481612851,0.015135533,0.02782789,0.0001930575
6481616831,6481616596,0.014635107,0.027855638,0.00019621509
6481620578,6481620342,0.014280347,0.02775216,0.00020456764
6481626817,6481626584,0.013834713,0.027679095,0.00022469937
6481630568,6481630329,0.014078672,0.027656883,0.000227262
6481639315,6481639068,0.014613196,0.027753538,0.0002215373
6481641808,6481641565,0.014792163,0.027762951,0.00021898147
6481649293,6481649056,0.014365151,0.027521212,0.00022930936
6481651783,6481651552,0.014026212,0.027475819,0.00023491081
6481655527,6481655298,0.013986686,0.027705645,0.00023758417
6481661828,6481661541,0.014583861,0.027813492,0.00023251676
6481665529,6481665289,0.014608601,0.027936278,0.00022455551
6481673010,6481672776,0.014795805,0.027560784,0.00020628769
6481676749,6481676521,0.0144032445,0.027554411,0.00019562429
6481682995,6481682764,0.013786249,0.02778408,0.00018434534
6481686740,6481686509,0.013658315,0.02758849,0.00018191252
6481690492,6481690256,0.013747855,0.027520843,0.00017805604
6481699227,6481698994,0.014509541,0.027731461,0.00016249956
6481700484,6481700243,0.0146471,0.027729452,0.00016098334
6481709216,6481708981,0.014343284,0.02766716,0.00015823754
6481711721,6481711478,0.014059468,0.027840786,0.00015804908
6481717953,6481717720,0.01351516,0.027862215,0.0001527048
6481721702,6481721465,0.013884107,0.027532188,0.00014958017
6481725452,6481725212,0.014230691,0.027704809,0.00014900835
6481732945,6481732701,0.014476406,0.027890561,0.00014592848
6481735427,6481735198,0.014464309,0.02780016,0.00014544713
6481742919,6481742689,0.014464953,0.02769165,0.00015791111
6481746662,6481746435,0.014438742,0.027679864,0.00016503863
6481752932,6481752677,0.0141070485,0.02761689,0.00017172142
6481756659,6481756422,0.014093181,0.0278085,0.00017526635
6481760406,6481760168,0.014404871,0.02791028,0.0001746444
6481769146,6481768907,0.014739443,0.027931413,0.00017081607
6481770389,6481770155,0.014661437,0.027835483,0.00017029901
6481779132,6481778894,0.014338962,0.027649887,0.000157852
6481781623,6481781391,0.014112484,0.02776571,0.00015476857
6481789125,6481788882,0.014473137,0.027447416,0.00014431044
6481791605,6481791378,0.014673247,0.027283423,0.00014332497
6481795358,6481795124,0.014564476,0.027411437,0.00013763369
6481802849,6481802614,0.013852491,0.027958997,0.00013934173
6481805352,6481805112,0.013978401,0.027796185,0.00014138174
6481812830,6481812602,0.014514183,0.027651457,0.00014257316
6481816581,6481816348,0.014627023,0.027843628,0.00014409574
6481822821,6481822590,0.0146423,0.027822552,0.00014674943
6481826569,6481826335,0.014680079,0.027734173,0.0001493023
6481830321,6481830081,0.014614608,0.027885094,0.000154237
6481839054,6481838820,0.014178554,0.02746521,0.00016971775
6481840314,6481840068,0.01407833,0.027414244,0.00017099228
6481850297,6481850056,0.014515638,0.02773071,0.00018210581
6481851537,6481851304,0.014565525,0.027622866,0.00018389974
6481859033,6481858796,0.014682266,0.027732002,0.00020003018
6481861520,6481861292,0.0146985045,0.027796013,0.00020713107
6481865275,6481865037,0.014500803,0.027656883,0.00021340868
6481872780,6481872528,0.014285692,0.027588466,0.00021732946
6481875258,6481875024,0.014462661,0.027728394,0.00021630448
6481882753,6481882520,0.014869946,0.027818536,0.00021148524
6481886503,6481886270,0.014683011,0.027586227,0.00021141735
6481893990,6481893751,0.014775821,0.02794358,0.00021841348
6481896492,6481896248,0.014819056,0.027800601,0.00021953991
6481900237,6481899994,0.014745379,0.027631981,0.00021757392
6481907718,6481907484,0.014850573,0.027597025,0.00021949055
6481911477,6481911230,0.014857564,0.027527543,0.00022367381
6481918958,6481918720,0.014412291,0.027941523,0.00021584092
6481921456,6481921217,0.014298271,0.02797054,0.00021147575
6481928960,6481928708,0.014522089,0.027235616,0.00020410882
6481931438,6481931205,0.014530533,0.02724746,0.0002047062
6481935182,6481934950,0.014747828,0.027471907,0.00020437616
6481942673,6481942442,0.014933126,0.027741654,0.00020280508
6481946429,6481946186,0.015068134,0.027572952,0.00020368103
6481952675,6481952429,0.015114717,0.027497638,0.00020484357
6481956407,6481956174,0.014634954,0.027994817,0.0002078455
6481963905,6481963664,0.014206063,0.028053118,0.00020566092
6481966393,6481966162,0.014331557,0.027789023,0.00020151267
6481970146,6481969907,0.014492652,0.0275543,0.00019560022
6481977643,6481977399,0.014999372,0.028020341,0.00019578582
6481981373,6481981143,0.015531804,0.027932672,0.00019353192
6481988871,6481988634,0.014525686,0.02739517,0.00019295496
6481991365,6481991130,0.014156659,0.027386121,0.00019719516
6481998858,6481998621,0.0144860335,0.027643805,0.00020866194
6482001353,6482001118,0.014675329,0.02793268,0.00020818866
6482005090,6482004863,0.015161675,0.028021658,0.00020678347
6482012588,6482012354,0.014614182,0.027976986,0.00019436599
6482016331,6482016100,0.014291204,0.02775175,0.00018813122
6482022580,6482022342,0.014378456,0.02745084,0.00018302289
6482026328,6482026087,0.01468083,0.027520442,0.00018553257
6482033807,6482033577,0.015064611,0.027733969,0.00018749626
6482036320,6482036074,0.014942716,0.027939739,0.00018540485
6482040061,6482039824,0.014406822,0.028369369,0.00017984734
6482048794,6482048560,0.013569256,0.027684068,0.00018662469
6482051318,6482051056,0.013941705,0.02775734,0.00018675918
6482058781,6482058547,0.014755709,0.027707256,0.00019158273
6482061290,6482061043,0.015091434,0.027656963,0.0001939973
6482068770,6482068534,0.015191392,0.02746673,0.00019243419
6482071274,6482071031,0.0144760115,0.027335387,0.0001873604
6482075006,6482074776,0.013768958,0.027382452,0.00018146788
6482082500,6482082267,0.01410633,0.02779505,0.0001717914
6482086248,6482086012,0.014476368,0.027637694,0.00016736041
6482092488,6482092255,0.01479809,0.027552778,0.00016819943
6482096236,6482096000,0.01452975,0.027572189,0.00016432426
6482103728,6482103491,0.014415043,0.027937304,0.00014322187
6482106227,6482105987,0.0143563915,0.02800485,0.00014554124
6482109966,6482109733,0.013933832,0.027889516,0.0001526333
6482118709,6482118472,0.014368745,0.027814504,0.00016677058
6482121201,6482120969,0.014507599,0.027625173,0.00017162126
6482128695,6482128460,0.01429942,0.027886346,0.0001765294
6482131186,6482130956,0.014070251,0.02797987,0.00017080118
6482138684,6482138447,0.013708478,0.027568651,0.00015992453
6482142430,6482142193,0.013859087,0.027484136,0.00015995884
6482144931,6482144689,0.013802263,0.027636066,0.00015942636
6482152412,6482152180,0.014935789,0.027621973,0.00015177512
6482156157,6482155925,0.015086428,0.027489476,0.00014455237
6482162401,6482162168,0.014434923,0.02789098,0.00013552126
6482166143,6482165913,0.013835484,0.027903628,0.00013428852
6482173639,6482173404,0.013443025,0.02795534,0.00013634056
6482177381,6482177149,0.013919278,0.027627898,0.00013812678
6482179896,6482179651,0.013974877,0.027623814,0.00013972892
6482188618,6482188385,0.014421465,0.027578488,0.00014161531
6482191112,6482190882,0.014183288,0.027804758,0.0001400734
6482198635,6482198373,0.013327406,0.027793469,0.00014354172
6482201103,6482200872,0.013410883,0.027580671,0.00014813301
6482208595,6482208362,0.013887161,0.027702708,0.00015301582
6482212336,6482212106,0.014172625,0.027705606,0.0001514685
6482214834,6482214603,0.014039197,0.02795344,0.00014856315
6482222326,6482222093,0.013922964,0.027478412,0.00012936632
6482226069,6482225838,0.013719428,0.027588291,0.00012763284
6482232318,6482232081,0.013441935,0.028026327,0.00013134727
6482236057,6482235826,0.013167546,0.028005758,0.00013459813
6482243552,6482243317,0.0136585105,0.028053742,0.00012885209
6482248546,6482248311,0.013705016,0.027885677,0.0001199202
6482249794,6482249559,0.013666259,0.027820027,0.000116612166
6482258530,6482258298,0.013839728,0.027528528,0.00010773218
6482261027,6482260795,0.013775683,0.027767867,0.00011032804
6482268526,6482268286,0.013963623,0.027987674,0.000114264214
6482271017,6482270782,0.013967038,0.027853478,0.00011804193
6482278512,6482278273,0.013087324,0.027803184,0.00013165719
6482282263,6482282018,0.013070624,0.02780213,0.00013742183
6482285999,6482285764,0.013283657,0.028060565,0.00014429347
6482292246,6482292006,0.013424023,0.027967038,0.00015403345
6482295981,6482295752,0.013144195,0.027962271,0.00015040566
6482303495,6482303243,0.013247493,0.027964793,0.000142135
6482305969,6482305739,0.013355259,0.027875686,0.00014022672
6482313474,6482313230,0.0138725005,0.027886387,0.00013149707
6482318463,6482318224,0.013668423,0.027557123,0.00013084392
6482320966,6482320720,0.013632668,0.02748061,0.00013198455
6482328445,6482328211,0.013373477,0.027885582,0.00012929019
6482330939,6482330708,0.013246764,0.027870463,0.00012631714
6482338450,6482338199,0.013860642,0.028074747,0.00012321534
6482340933,6482340696,0.0139770135,0.027887627,0.00012263418
6482348425,6482348187,0.013305323,0.027290268,0.00013096495
6482352163,6482351932,0.013041293,0.02764308,0.00013432471
6482355914,6482355677,0.013051909,0.02800834,0.0001368109
6482362151,6482361919,0.013615268,0.027714022,0.00013204187
6482365902,6482365664,0.013631697,0.027678186,0.00013042137
6482373400,6482373155,0.013693502,0.027899597,0.0001300478
6482375884,6482375652,0.013698917,0.027868781,0.00012858496
6482383380,6482383143,0.01350492,0.027812192,0.00012979952
6482387122,6482386888,0.013512064,0.027741235,0.00012949613
6482390866,6482390633,0.014008609,0.027643805,0.00012757124
6482398359,6482398124,0.013904556,0.027859109,0.00012559204
6482400850,6482400621,0.01384835,0.027926657,0.00012304765
6482408348,6482408112,0.013100124,0.027543131,0.000116867675
6482410845,6482410608,0.013104656,0.027386826,0.00012071165
6482418339,6482418099,0.013695518,0.027770987,0.0001346944
6482422086,6482421845,0.013513043,0.027868666,0.00013769757
6482425818,6482425590,0.013500897,0.028037481,0.00014394875
6482432072,6482431832,0.013456792,0.02790132,0.00015641247
6482435809,6482435578,0.013253728,0.027638227,0.00015739106
6482443312,6482443069,0.013737523,0.027402375,0.00015663785
6482445793,6482445565,0.01380563,0.027473621,0.00015839281
6482453302,6482453056,0.013883947,0.027931927,0.00016639601
6482458293,6482458050,0.013723047,0.027971948,0.0001774053
6482460775,6482460547,0.013700194,0.027895868,0.00018186531
6482468294,6482468038,0.013512102,0.027586581,0.00018200086
6482470763,6482470534,0.013368609,0.027622677,0.00017801524
6482478269,6482478025,0.013588142,0.02765358,0.00017666168
6482482000,6482481770,0.013921375,0.02772724,0.00017414217
6482488263,6482488013,0.014000643,0.027919855,0.00016299216
6482491992,6482491758,0.0137223555,0.027695285,0.00015780078
6482495749,6482495503,0.01342797,0.02748261,0.0001561014
6482501976,6482501745,0.013311475,0.027870849,0.00015675907
6482505717,6482505490,0.013445501,0.027938133,0.00015228962
6482513216,6482512982,0.013976076,0.027961466,0.00014854035
6482518207,6482517975,0.014330364,0.027906762,0.00015887975
6482523204,6482522969,0.01389696,0.027667146,0.00016211125
6482526951,6482526714,0.013825182,0.027604898,0.00016142406
6482530689,6482530459,0.013622159,0.027842332,0.00016020783
6482538186,6482537950,0.013954141,0.027979737,0.0001710917
6482540676,6482540447,0.014013634,0.027824577,0.0001769681
6482548178,6482547938,0.01384602,0.027967203,0.00018916416
6482551940,6482551683,0.013654873,0.027792437,0.00019176732
6482558158,6482557926,0.013209971,0.028070476,0.00018484781
6482561905,6482561671,0.012941645,0.028241137,0.00018366837
6482565649,6482565417,0.013128687,0.027771506,0.00018638646
6482571890,6482571658,0.014117801,0.027756564,0.0001836058
6482575643,6482575404,0.014061533,0.02790965,0.0001787308
6482583137,6482582894,0.013989186,0.027746247,0.0001817385
6482588119,6482587888,0.01381838,0.027740592,0.00017768622
6482593119,6482592882,0.0134608485,0.02750079,0.00017277154
6482599358,6482599125,0.013530328,0.027857024,0.00017015406
6482600612,6482600373,0.013854427,0.027906818,0.00016946867
6482606852,6482606615,0.014313396,0.027946828,0.00016584195
6482610593,6482610360,0.014185558,0.027778156,0.00015956396
6482618091,6482617851,0.014282125,0.027771045,0.00015293558
6482621829,6482621596,0.013406343,0.027875043,0.0001563003
6482628082,6482627839,0.013394388,0.028181225,0.00017091236
6482631816,6482631584,0.013810645,0.028011939,0.00017937233
6482635565,6482635329,0.014090301,0.027820062,0.00018379538
6482641807,6482641571,0.014346264,0.027781533,0.00018404827
6482645555,6482645317,0.0139861675,0.02751354,0.00018096664
6482653044,6482652807,0.012744132,0.027859656,0.00016462446
6482658046,6482657802,0.012801658,0.027978469,0.00015327317
6482663032,6482662795,0.013085129,0.028100563,0.00014269244
6482669296,6482669038,0.014711997,0.027684083,0.00014083086
6482670519,6482670286,0.014849732,0.027650842,0.0001404909
6482678010,6482677777,0.014088581,0.027854187,0.00013784412
6482680507,6482680273,0.013788153,0.027854145,0.00013738549
6482688008,6482687764,0.0128255375,0.027413595,0.00013470647
6482691742,6482691509,0.013189434,0.027643103,0.00013442973
6482697988,6482697752,0.013878766,0.02800134,0.00013856697
6482701733,6482701497,0.013816652,0.028219325,0.00014340326
6482705481,6482705247,0.013592883,0.028156856,0.00014485604
6482712977,6482712733,0.01322872,0.028042287,0.00013660199
6482715466,6482715230,0.013130007,0.027770156,0.00013421586
6482722959,6482722721,0.0132808145,0.027689053,0.0001306757
6482727951,6482727715,0.013875489,0.02795619,0.00013828719
6482732956,6482732709,0.013857178,0.02812608,0.00013590549
6482737941,6482737702,0.013552889,0.027890345,0.00012738719
6482740434,6482740199,0.013323697,0.027746389,0.00012576541
6482747943,6482747689,0.0128517505,0.0276308,0.0001317005
6482750418,6482750186,0.0131470105,0.02758867,0.000133791
6482757917,6482757677,0.013339545,0.027769884,0.0001304998
6482761683,6482761423,0.013355503,0.027916772,0.000132304
6482767905,6482767665,0.0131891845,0.02805404,0.00012481242
6482771645,6482771410,0.013147187,0.028178712,0.0001194909
6482775389,6482775156,0.013403792,0.027960328,0.000117458556
6482782887,6482782646,0.01298274,0.027824365,0.00012248129
6482785382,6482785143,0.01317422,0.027705645,0.00012724995
6482792885,6482792637,0.013710371,0.027607456,0.00013872364
6482796610,6482796379,0.0131985685,0.02766079,0.00014243291
6482802858,6482802622,0.012550847,0.027918518,0.0001419012
6482807852,6482807615,0.012884082,0.027971383,0.00013838772
6482810350,6482810112,0.013197654,0.028069906,0.00013825893
6482817843,6482817602,0.013160375,0.027878689,0.00014506052
6482820332,6482820100,0.013154826,0.027885336,0.0001494094
6482827825,6482827590,0.012734251,0.02774378,0.00015849974
6482831565,6482831336,0.012834534,0.027879763,0.00016347405
6482837815,6482837578,0.013343839,0.02798456,0.00017683204
6482841561,6482841323,0.013411856,0.027856726,0.0001881391
6482845323,6482845069,0.0130988695,0.02786802,0.00019042165
6482852800,6482852559,0.012883727,0.027923195,0.00018245891
6482855291,6482855056,0.012773142,0.027843673,0.00017702594
6482862781,6482862547,0.012193061,0.027893692,0.00017072832
6482867781,6482867541,0.012771652,0.027860958,0.00016748904
6482872768,6482872534,0.0131998435,0.027681822,0.00016586669
6482877763,6482877528,0.012993119,0.02793299,0.00016826614
6482880263,6482880025,0.012860104,0.027898826,0.0001707392
6482887751,6482887516,0.012704432,0.027916066,0.0001753032
6482891494,6482891261,0.012390866,0.027923856,0.00017544926
6482898988,6482898752,0.012770964,0.027838359,0.00016972068
6482901483,6482901248,0.013056786,0.027779443,0.00016880907
6482908984,6482908739,0.013050577,0.02803469,0.00017467163
6482911501,6482911252,0.013038608,0.027900564,0.00017859177
6482915214,6482914982,0.012957641,0.02790365,0.00018020603
6482922708,6482922472,0.011934859,0.027611326,0.00017416132
6482927715,6482927466,0.012432692,0.028005036,0.00016450809
6482932697,6482932461,0.012898002,0.027987232,0.00015332503
6482936444,6482936205,0.013169721,0.027855458,0.0001473146
6482943936,6482943696,0.012963234,0.027836464,0.00014424468
6482947674,6482947441,0.012515275,0.027980324,0.0001453066
6482950171,6482949938,0.012234906,0.02786294,0.0001480542
6482957668,6482957429,0.012340729,0.027963428,0.0001570763
6482961418,6482961174,0.012746276,0.028340075,0.00014952935
6482967653,6482967416,0.013144092,0.02785184,0.00013321446
6482971399,6482971162,0.013156226,0.027779136,0.00013409114
6482978901,6482978653,0.013305816,0.027853327,0.00014468163
6482981386,6482981150,0.013247871,0.02809406,0.00014677561
6482985132,6482984894,0.012547795,0.028154053,0.00014764829
6482992619,6482992386,0.012607247,0.028162932,0.00014778035
6482997630,6482997379,0.013124231,0.027860839,0.0001466697
6483002624,6483002373,0.013253541,0.027955864,0.00013955707
6483007600,6483007367,0.012697653,0.0282274,0.00013073141
6483013841,6483013609,0.012029683,0.027765151,0.00012643497
6483016343,6483016106,0.012267403,0.027479667,0.000121486366
6483020089,6483019851,0.01286453,0.027625848,0.00011701791
6483027635,6483027342,0.013695984,0.027758172,0.00011937139
6483031324,6483031087,0.013737496,0.02788301,0.000115035225
6483037565,6483037330,0.013363865,0.028122906,0.0001084834
6483041313,6483041075,0.012558691,0.027999047,0.000107493
6483048801,6483048566,0.0123912515,0.028101122,0.00011406419
6483051306,6483051070,0.012463399,0.02800674,0.00011303404
6483055045,6483054807,0.012669474,0.027764454,0.00011047659
6483062538,6483062298,0.013797065,0.02767972,9.50408e-05
6483067529,6483067293,0.013831649,0.027755152,9.015488e-05
6483072525,6483072286,0.012804872,0.02807389,8.8508175e-05
6483077536,6483077280,0.0123904,0.02805568,9.655989e-05
6483083814,6483083528,0.012818458,0.027792223,0.00010230891
6483087507,6483087267,0.013256552,0.02778038,0.000102157705
6483090017,6483089764,0.013426964,0.02782776,9.9469136e-05
6483097485,6483097255,0.013934117,0.028000923,9.3106086e-05
6483101236,6483101000,0.013849062,0.027723366,9.985352e-05
6483107488,6483107243,0.013033382,0.027981134,0.0001111652
6483111241,6483110988,0.012657118,0.028044548,0.00011750603
6483118713,6483118479,0.013385078,0.027787767,0.00012769223
6483122471,6483122224,0.013707496,0.027933663,0.00013174706
6483124970,6483124721,0.013406505,0.027635612,0.00013467972
6483132449,6483132212,0.013086151,0.027821206,0.00013114973
6483137443,6483137205,0.012879103,0.028034085,0.00012593728
6483142456,6483142204,0.013493434,0.027653921,0.0001283304
6483146177,6483145944,0.013513656,0.027975887,0.00013579316
6483153677,6483153435,0.0138880685,0.0282277,0.00014608394
6483157426,6483157181,0.013802412,0.027777473,0.00015009292
6483159912,6483159677,0.013587206,0.02766102,0.00015366677
6483167404,6483167168,0.012836877,0.028033985,0.00016130475
6483171148,6483170917,0.0127993915,0.028128093,0.00016742118
6483177391,6483177156,0.013685776,0.028204592,0.00017855286
6483181197,6483180901,0.013862786,0.028137153,0.00018454691
6483188686,6483188392,0.0136218965,0.028110418,0.00019407515
6483192371,6483192137,0.013334352,0.027708156,0.00019112944
6483194865,6483194634,0.013346061,0.027649896,0.0001878202
6483202357,6483202124,0.013199316,0.028024819,0.00017915697
6483207408,6483207119,0.013607507,0.028260937,0.00017453094
6483212353,6483212112,0.013992173,0.027792985,0.00017592919
6483217338,6483217106,0.013937268,0.027555453,0.00017944249
6483223579,6483223348,0.013017589,0.027840225,0.00017659886
6483227339,6483227094,0.012986882,0.02815098,0.00017361708
6483229818,6483229590,0.013409425,0.028267642,0.00017132632
6483237323,6483237081,0.014032056,0.028074011,0.00016863238
6483241101,6483240826,0.013718197,0.028252643,0.0001683472
6483247322,6483247069,0.013682442,0.02774807,0.00016906355
6483251052,6483250814,0.013690226,0.027600704,0.00016964716
6483258550,6483258305,0.012883711,0.027784562,0.00016527607
6483262294,6483262051,0.013147774,0.02805119,0.00016423898
6483267286,6483267044,0.013530644,0.027893258,0.00016108781
6483272284,6483272038,0.013606241,0.028101033,0.00015078977
6483276031,6483275783,0.013844856,0.027986037,0.00014328223
6483283507,6483283274,0.014033483,0.027837453,0.00013936388
6483287272,6483287019,0.013344219,0.027857322,0.00013658984
6483293558,6483293268,0.013342363,0.028102623,0.00013782422
6483297243,6483297007,0.013606152,0.028014008,0.00014409542
6483301036,6483300752,0.013719554,0.027960936,0.00015215095
6483307233,6483306994,0.013612829,0.027573861,0.0001565421
6483310970,6483310739,0.013694265,0.02750714,0.00015398093
6483318482,6483318231,0.013101734,0.027895667,0.00015008173
6483320962,6483320727,0.012761319,0.028026722,0.0001508468
6483328452,6483328218,0.013250872,0.02795095,0.00015405596
6483332202,6483331963,0.013689652,0.027997624,0.00015113137
6483337189,6483336957,0.013745564,0.027943969,0.00014351025
6483342184,6483341950,0.01363391,0.028089322,0.0001443012
6483347182,6483346944,0.013231045,0.027348418,0.00014730998
6483353481,6483353187,0.0136221135,0.027823828,0.00015056788
6483355922,6483355683,0.01397167,0.027929587,0.00015244026
6483363409,6483363175,0.0139073655,0.028064921,0.00015802761
6483367155,6483366920,0.013708076,0.027795644,0.00015607115
6483370906,6483370665,0.013668648,0.027740004,0.00015161511
6483377152,6483376907,0.013294314,0.028245253,0.00014288936
6483380879,6483380652,0.012941989,0.02798913,0.00014075839
6483388378,6483388143,0.013258887,0.027857691,0.000141552
6483390898,6483390643,0.013674271,0.02781542,0.00014486219
6483398405,6483398131,0.013742777,0.027635664,0.0001551631
6483402113,6483401876,0.013496678,0.028031265,0.0001608289
6483407110,6483406870,0.01302055,0.02796797,0.00015698814
6483412122,6483411864,0.012605683,0.027899558,0.00015531026
6483417098,6483416857,0.01278194,0.027815351,0.00016514014
6483423331,6483423100,0.013349396,0.02774064,0.00016686872
6483425830,6483425597,0.013667103,0.027849268,0.00016266356
6483433321,6483433087,0.013442644,0.027909238,0.00015895252
6483437076,6483436833,0.012876654,0.027944503,0.00016299424
6483440804,6483440578,0.012920924,0.02797445,0.00017371989
6483447095,6483446820,0.013317655,0.02770803,0.00019174413
6483450833,6483450565,0.013016314,0.027888855,0.00019438956
6483458326,6483458056,0.013524181,0.027788712,0.00018365023
6483460785,6483460553,0.013280411,0.027758367,0.00018263522
6483468285,6483468044,0.01310127,0.027628742,0.00016790033
6483472036,6483471792,0.013234197,0.027780544,0.00016482479
6483477018,6483476783,0.013074804,0.028033433,0.00016409048
6483482017,6483481777,0.013274629,0.027950358,0.00016686518
6483487004,6483486770,0.013499557,0.027568385,0.0001662141
6483493247,6483493013,0.012780519,0.02760566,0.00015699411
6483497000,6483496758,0.0125916125,0.027980704,0.000155028
6483503279,6483503000,0.012504087,0.028371315,0.00016054166
6483506983,6483506746,0.012670724,0.028033886,0.00016580362
6483510753,6483510491,0.013254345,0.028017046,0.00016900711
6483516975,6483516734,0.013517809,0.027450267,0.00017086923
6483520712,6483520479,0.013057768,0.027633687,0.00017682316
6483528205,6483527970,0.012945878,0.028110666,0.0001823039
6483531961,6483531715,0.0131443385,0.028357571,0.00018560298
6483538193,6483537957,0.013151288,0.027714442,0.00017713528
6483541942,6483541702,0.013295723,0.027671434,0.00016656867
6483546930,6483546696,0.013261973,0.027488837,0.00015560414
6483551924,6483551690,0.012858595,0.027692065,0.00015903365
6483555690,6483555435,0.012541158,0.02779752,0.00016479252
6483563186,6483562926,0.013046753,0.027864406,0.00016059224
6483566917,6483566671,0.012748753,0.027846297,0.00014836804
6483573157,6483572921,0.012937241,0.028076673,0.0001327371
6483576894,6483576659,0.013551006,0.027984373,0.00012857898
6483580633,6483580404,0.013696252,0.02804938,0.000121660276
6483586893,6483586647,0.013023696,0.027902449,0.000117619435
6483590624,6483590392,0.012550887,0.027797183,0.00012265275
6483598125,6483597883,0.012944864,0.028196426,0.00013013025
6483601889,6483601628,0.013494461,0.027927926,0.0001329476
6483608128,6483607873,0.013279573,0.027759152,0.00014055424
6483611853,6483611615,0.012982078,0.027762385,0.0001515045
6483616851,6483616609,0.0128642,0.027917698,0.00016506974
6483621841,6483621603,0.012749144,0.027847001,0.000177007
6483626880,6483626597,0.012931724,0.027798325,0.00018089107
6483633072,6483632839,0.013521271,0.02769284,0.00018407936
6483636817,6483636584,0.013740966,0.02778773,0.00018454772
6483643060,6483642827,0.012907557,0.027853923,0.00017259031
6483646811,6483646572,0.013004225,0.027845912,0.00016389578
6483650552,6483650317,0.013116656,0.028093107,0.00015963143
6483656795,6483656560,0.01291396,0.027669657,0.00015989988
6483660557,6483660305,0.013155119,0.027731339,0.00016162856
6483668053,6483667796,0.013747443,0.027742032,0.00016067222
6483671772,6483671541,0.013658781,0.027909316,0.00015256119
6483676780,6483676535,0.013268403,0.027811872,0.00014607958
6483681765,6483681528,0.0129104145,0.027878998,0.0001521944
6483686758,6483686523,0.013006264,0.027824307,0.00015499146
6483693000,6483692764,0.013517349,0.028041124,0.00016632958
6483696746,6483696510,0.013601472,0.028215624,0.00017534518
6483702983,6483702752,0.013604216,0.028276613,0.00017436966
6483706733,6483706498,0.013431922,0.028297244,0.00017235316
6483710482,6483710243,0.013187413,0.027996264,0.00016820905
6483717967,6483717734,0.01366245,0.027381893,0.00015702209
6483720548,6483720235,0.013905503,0.02754202,0.00015519292
6483727983,6483727721,0.013934795,0.027901987,0.00015780632
6483730458,6483730218,0.013965328,0.027647791,0.00016030736
6483737968,6483737715,0.013654991,0.027665183,0.0001681418
6483741688,6483741454,0.013077037,0.028011344,0.0001684684
6483746686,6483746448,0.012933347,0.028228972,0.00016561523
6483751685,6483751442,0.013330289,0.027884549,0.0001627284
6483756671,6483756435,0.014114263,0.027745612,0.00016722367
6483762916,6483762677,0.014001358,0.027480224,0.00017254964
6483766661,6483766423,0.013837911,0.027517218,0.00017249357
6483772943,6483772665,0.01330385,0.027701521,0.00016916914
6483776661,6483776410,0.013187777,0.02765702,0.00016420393
6483780428,6483780156,0.013537395,0.027902726,0.00015966821
6483786631,6483786398,0.01448113,0.027995763,0.00015340252
6483790372,6483790143,0.014182522,0.027895976,0.00014961041
6483797867,6483797634,0.014009443,0.027543224,0.0001432703
6483800359,6483800131,0.014060976,0.027361032,0.00014235282
6483807858,6483807621,0.013853735,0.027850214,0.00014370886
6483811604,6483811367,0.013680401,0.027760468,0.00014338084
6483816599,6483816361,0.013852469,0.027531138,0.00014835365
6483821589,6483821355,0.01414504,0.027819477,0.00016133657
6483826585,6483826348,0.014123359,0.028122509,0.00016862182
6483832837,6483832594,0.014100952,0.027974324,0.00017645524
6483836571,6483836336,0.0135725215,0.027840793,0.00018084077
6483842811,6483842578,0.013648009,0.02822178,0.00017545234
6483846559,6483846324,0.014223587,0.02810437,0.00016839986
6483850309,6483850069,0.014327422,0.028040567,0.00016101036
6483856546,6483856311,0.013777346,0.027620377,0.00015164264
6483860302,6483860057,0.013666202,0.027589526,0.00014633092
6483867787,6483867548,0.013358544,0.027963238,0.00015163195
6483870299,6483870045,0.013228344,0.027842069,0.00015293324
6483877786,6483877537,0.014320907,0.02762008,0.00014909284
6483881515,6483881280,0.014926495,0.027625885,0.00014142838
6483885273,6483885027,0.014980259,0.027782694,0.00013074491
6483891501,6483891269,0.013769563,0.027770696,0.0001224466
6483896497,6483896261,0.013132267,0.027529255,0.000117546915
6483902734,6483902503,0.013434308,0.027746504,0.00011807508
6483906496,6483906249,0.013825938,0.027621172,0.00012215914
6483912731,6483912491,0.014697469,0.02774096,0.0001280318
6483916475,6483916237,0.014757431,0.027659131,0.00013336327
6483923961,6483923727,0.013825199,0.027930466,0.00013323901
6483926474,6483926224,0.013470895,0.028034143,0.00012917587
6483930203,6483929970,0.012809284,0.028159333,0.00012508173
6483937703,6483937460,0.013332865,0.028063461,0.00012192595
6483941449,6483941206,0.013951054,0.027825488,0.0001193718
6483947681,6483947448,0.0141896345,0.027830709,0.00012538093
6483951423,6483951193,0.014040345,0.02766803,0.0001319278
6483956426,6483956187,0.013584807,0.027938925,0.00013907308
6483961418,6483961181,0.013393482,0.027569233,0.00014234049
6483966408,6483966175,0.0137475375,0.02764716,0.00013661761
6483972646,6483972416,0.014151806,0.027749607,0.00014136113
6483976405,6483976162,0.014215353,0.02807808,0.00014831833
6483982635,6483982405,0.013159265,0.02779601,0.00014620877
6483986435,6483986150,0.013366293,0.027758323,0.00014541962
6483993876,6483993645,0.013544639,0.027650844,0.00015321803
6483996372,6483996138,0.013413443,0.027516667,0.00015983585
6484000110,6483999882,0.013604005,0.027581953,0.00016827455
6484007607,6484007374,0.013669875,0.028319797,0.00017051582
6484011354,6484011119,0.013707644,0.028155414,0.00017017173
6484017625,6484017363,0.013055209,0.027771726,0.00016923966
6484021351,6484021106,0.013064919,0.027718948,0.00016309346
6484026340,6484026100,0.013377151,0.027659325,0.00015375104
6484031330,6484031094,0.013806679,0.027702522,0.0001497227
6484036329,6484036088,0.01392418,0.027677873,0.00014334996
6484042559,6484042330,0.013426678,0.028011864,0.00014253122
6484046315,6484046075,0.013096465,0.027939511,0.00014450385
6484052552,6484052318,0.013295146,0.027839433,0.00014962658
6484056299,6484056063,0.013158476,0.027980065,0.00015088175
6484063797,6484063554,0.013554258,0.027805107,0.00015344149
6484066294,6484066050,0.013531257,0.027885176,0.0001519343
6484070037,6484069795,0.013347928,0.028176514,0.00014600575
6484077531,6484077286,0.013050705,0.028164495,0.00015011946
6484081274,6484081032,0.013127858,0.027933119,0.00015188246
6484086264,6484086025,0.013459195,0.027659176,0.00015153259
6484091263,6484091019,0.013236154,0.027676681,0.00015122052
6484094996,6484094766,0.013413076,0.027625063,0.00014992322
6484102491,6484102263,0.01312036,0.027665727,0.00014195286
6484106237,6484106001,0.01287496,0.027872391,0.00014462012
6484112483,6484112243,0.013251002,0.027747577,0.0001523863
6484116221,6484115988,0.012960856,0.027769767,0.0001590465
6484122473,6484122236,0.01296011,0.02762706,0.00016157368
6484126209,6484125976,0.01301702,0.027770648,0.0001582645
6484133702,6484133470,0.012880087,0.028029116,0.00016011877
6484137456,6484137215,0.012695557,0.028167814,0.00016350449
6484139935,6484139709,0.012470723,0.028046846,0.0001662975
6484147433,6484147204,0.01254268,0.027645765,0.00017657262
6484151179,6484150945,0.012897513,0.027647585,0.00017638752
6484156174,6484155939,0.013076405,0.027717568,0.00016817145
6484161186,6484160933,0.013222824,0.027890224,0.00016480757
6484166198,6484165926,0.012784467,0.028154768,0.00016078922
6484172408,6484172168,0.012701819,0.027676607,0.00015746611
6484176152,6484175914,0.012540029,0.02784162,0.00016076578
6484182384,6484182156,0.01251895,0.027850486,0.00016360341
6484186148,6484185901,0.012489108,0.027837504,0.0001668877
6484192372,6484192145,0.012751718,0.027995843,0.00016341172
6484196123,6484195889,0.01213308,0.02804352,0.000158616
6484203614,6484203380,0.012290913,0.027326308,0.0001429477
6484207358,6484207127,0.012802118,0.027484579,0.00014323433
6484211107,6484210872,0.012903899,0.027600795,0.00014239937
6484217354,6484217113,0.012732008,0.027871082,0.00013411767
6484221097,6484220858,0.012254047,0.027835375,0.00012975272
6484226094,6484225852,0.011762759,0.027866192,0.00012360883
6484231081,6484230845,0.011511599,0.028302724,0.00012350346
6484236072,6484235839,0.012007792,0.028139325,0.00012442817
6484242319,6484242082,0.012847523,0.027953185,0.00012566579
6484244809,6484244578,0.0126308575,0.027899543,0.00012540685
6484252321,6484252069,0.012191015,0.028218227,0.0001250812
6484256054,6484255814,0.011831852,0.0277966,0.00012551522
6484262298,6484262057,0.011845398,0.027875092,0.0001297268
6484266039,6484265802,0.011602436,0.027913267,0.00012617695
6484273529,6484273293,0.012415469,0.027552087,0.00011595085
6484277294,6484277038,0.012255912,0.027577862,0.00011500109
6484281019,6484280783,0.0119340075,0.027876941,0.00011658195
6484287276,6484287028,0.011830755,0.028227983,0.000118379314
6484291001,6484290771,0.011728294,0.028340729,0.00011598918
6484295998,6484295765,0.011902812,0.027639708,0.00010583622
6484300994,6484300760,0.011940524,0.027940968,0.00010299628
6484304764,6484304504,0.011720049,0.028331367,0.00010161379
6484312222,6484311994,0.011767471,0.028208539,0.00010605902
6484315990,6484315740,0.011766442,0.027810507,0.000111498724
6484322212,6484321982,0.012196507,0.027584722,0.00011987316
6484325964,6484325727,0.012039908,0.027618323,0.00011872793
6484333461,6484333220,0.012010371,0.027787954,0.000104933824
6484335949,6484335715,0.011813002,0.028105877,0.00010369914
6484343439,6484343206,0.011671073,0.028064208,0.000116060604
6484347197,6484346951,0.011484724,0.028050227,0.000121525314
6484350942,6484350696,0.011569452,0.027916724,0.0001227491
6484357167,6484356939,0.012035514,0.027715944,0.00012303016
6484360937,6484360684,0.012249096,0.027799934,0.00012816188
6484365915,6484365678,0.0118733905,0.028055675,0.0001346807
6484372147,6484371920,0.01096537,0.028299708,0.0001366542
6484375907,6484375666,0.010718121,0.02808047,0.00012894363
6484382139,6484381908,0.011403745,0.027656747,0.00011483081
6484385896,6484385653,0.011686985,0.027660534,0.000110202265
6484392122,6484391895,0.012268244,0.027951129,0.000108305154
6484395878,6484395641,0.01200235,0.028258586,0.00011161224
6484403366,6484403132,0.011277214,0.027850578,0.00010573299
6484405861,6484405628,0.0112246405,0.02783176,0.00010185321
6484413354,6484413119,0.01138249,0.028098483,0.000101164704
6484417093,6484416864,0.0118256835,0.027993798,0.00010179114
6484420844,6484420609,0.011978854,0.028036628,9.895545e-05
6484427095,6484426852,0.0114429705,0.027735487,8.9813315e-05
6484430831,6484430597,0.010964393,0.028006224,8.376958e-05
6484438315,6484438088,0.010935397,0.028120583,8.57046e-05
6484440823,6484440585,0.011425494,0.02812193,8.402083e-05
6484445820,6484445578,0.012028872,0.028054362,8.461324e-05
6484452064,6484451825,0.011700715,0.027621366,8.317292e-05
6484455816,6484455566,0.011631888,0.02782912,7.622543e-05
6484462047,6484461809,0.010672241,0.027624875,6.914119e-05
6484465789,6484465554,0.01072053,0.02770297,7.243165e-05
6484473295,6484473044,0.011372392,0.027810194,6.57936e-05
6484477020,6484476790,0.01161783,0.028001428,5.711568e-05
6484483266,6484483032,0.011822837,0.028224109,4.88593e-05
6484487011,6484486777,0.011537672,0.02803608,4.682145e-05
6484490758,6484490523,0.011100347,0.027794916,4.947575e-05
6484495753,6484495516,0.010868634,0.027829709,5.3575634e-05
6484500751,6484500510,0.011008828,0.028117852,5.1040188e-05
6484505741,6484505504,0.010860561,0.028042182,4.901791e-05
6484511982,6484511750,0.01171619,0.028065128,5.062317e-05
6484515736,6484515500,0.0116915405,0.027934443,5.0132006e-05
6484521961,6484521734,0.011616243,0.02785954,5.2833122e-05
6484525717,6484525479,0.011108293,0.027951267,5.115413e-05
6484531959,6484531721,0.010603175,0.02793109,4.6830915e-05
6484535700,6484535467,0.010979494,0.028060308,4.8951984e-05
6484543190,6484542957,0.011882267,0.028021468,5.335384e-05
6484546942,6484546703,0.011652448,0.027862817,5.0143262e-05
6484553183,6484552945,0.011313282,0.02827534,3.5786943e-05
6484556934,6484556691,0.011257187,0.0281821,3.1852785e-05
6484560671,6484560436,0.011455089,0.028123794,3.7027676e-05
6484565666,6484565429,0.011155823,0.02792747,4.4684955e-05
6484570660,6484570423,0.011079605,0.027653413,4.4594202e-05
6484578168,6484577914,0.011573028,0.028167924,5.53629e-05
6484581896,6484581659,0.01171644,0.028020907,6.1229075e-05
6484585659,6484585405,0.0113751525,0.027960118,6.0644696e-05
6484591881,6484591647,0.010711735,0.027714867,5.0553346e-05
6484595637,6484595393,0.010958153,0.027853603,4.8426027e-05
6484601865,6484601634,0.01145013,0.028003097,5.9559232e-05
6484605614,6484605380,0.011691371,0.02807358,6.891115e-05
6484613104,6484612872,0.011248246,0.02784465,6.730218e-05
6484616863,6484616618,0.010918485,0.027660685,6.868339e-05
6484623090,6484622858,0.010718117,0.02775385,7.261782e-05
6484626832,6484626603,0.01084033,0.027629113,7.869966e-05
6484630583,6484630349,0.011141527,0.027927285,8.6475105e-05
6484635579,6484635343,0.011582066,0.027874704,9.8946904e-05
6484640644,6484640342,0.011473722,0.027871924,0.00011088433
6484648056,6484647828,0.010696832,0.02807581,0.00011626287
6484651803,6484651572,0.01061253,0.02803186,0.00011364435
6484655552,6484655318,0.010852368,0.027842777,0.0001096624
6484661789,6484661560,0.011370465,0.02797126,0.00010755651
6484665542,6484665305,0.011775113,0.027864514,0.00010325311
6484673035,6484672796,0.011620694,0.0278639,9.948063e-05
6484675528,6484675293,0.011218763,0.027875833,9.583133e-05
6484683014,6484682783,0.010484684,0.027978407,8.536013e-05
6484686759,6484686533,0.010840256,0.02790877,8.801585e-05
6484692999,6484692771,0.011961995,0.02781693,0.000105840816
6484696749,6484696516,0.0118062645,0.027983043,0.000117219446
6484700492,6484700262,0.011523992,0.028105246,0.00012153149
6484705495,6484705255,0.01115021,0.027721167,0.00012814447
6484710488,6484710250,0.0107688755,0.027957711,0.0001424267
6484717970,6484717740,0.011414916,0.02840134,0.00014524054
6484721717,6484721485,0.011673446,0.028354218,0.00014531732
6484727973,6484727727,0.011760534,0.027959876,0.00014983426
6484731705,6484731473,0.011363987,0.027986092,0.00014906692
6484735457,6484735218,0.010874259,0.027919076,0.00014789397
6484742947,6484742709,0.010793929,0.028130438,0.00015335105
6484745443,6484745206,0.010786642,0.02804362,0.00015613483
6484752936,6484752696,0.011422351,0.028090183,0.00016174388
6484756678,6484756442,0.011521882,0.02791633,0.0001599312
6484762920,6484762684,0.011193109,0.027766235,0.00015885409
6484766668,6484766429,0.011205533,0.02759239,0.00016250617
6484770410,6484770175,0.011135852,0.027798012,0.00016669469
6484777917,6484777665,0.011466266,0.02804991,0.00016864296
6484780407,6484780163,0.01146803,0.028016506,0.00016985621
6484785395,6484785157,0.011791613,0.027840918,0.00017080178
6484791625,6484791398,0.011708179,0.027930489,0.0001669488
6484797874,6484797641,0.0109485835,0.027996417,0.0001708839
6484801616,6484801386,0.010830506,0.028005859,0.00016551437
6484805365,6484805132,0.011124722,0.027801411,0.00015857875
6484812854,6484812622,0.011456793,0.02817295,0.00015542729
6484815356,6484815119,0.011536962,0.028496025,0.00015858262
6484822840,6484822609,0.01197648,0.028229129,0.00017726464
6484826589,6484826355,0.011581643,0.028072434,0.00018701715
6484832829,6484832597,0.011080171,0.027733408,0.00019367108
6484836573,6484836343,0.0110584125,0.027856747,0.00018878069
6484840333,6484840088,0.011039538,0.027978465,0.00017943021
6484847806,6484847578,0.012215595,0.027916064,0.00016530608
6484850312,6484850075,0.012211349,0.028139124,0.0001668803
6484857796,6484857566,0.01150978,0.027954122,0.00017639456
6484861539,6484861311,0.011371503,0.028103976,0.00017186356
6484867790,6484867553,0.010848372,0.028085021,0.00015738141
6484871529,6484871299,0.011084368,0.027969,0.00015656136
6484875286,6484875045,0.011699893,0.028165145,0.00015777716
6484882818,6484882537,0.012140515,0.027737552,0.00015239739
6484886517,6484886281,0.011773774,0.027687745,0.00014855758
6484892756,6484892522,0.011393577,0.028342504,0.0001443137
6484896500,6484896268,0.011242856,0.028135367,0.00014320533
6484905243,6484905007,0.011428673,0.027772425,0.00013468986
6484906489,6484906256,0.011600561,0.027818026,0.00013404053
6484914033,6484913746,0.012020078,0.02794927,0.00013152199
6484917718,6484917491,0.011975718,0.02776258,0.00012768223
6484921473,6484921237,0.011636714,0.02738895,0.00012606157
6484927708,6484927479,0.0115330145,0.027920237,0.000127234
6484931456,6484931224,0.011934901,0.028358867,0.00013167108
6484938963,6484938715,0.012045116,0.028160864,0.00014428904
6484941444,6484941212,0.012147234,0.028140614,0.00014771319
6484948940,6484948703,0.011633378,0.02769051,0.0001493442
6484952679,6484952448,0.011380015,0.027581356,0.00014842555
6484956435,6484956194,0.011397235,0.027760852,0.00015000049
6484962669,6484962436,0.011705398,0.02837127,0.00015282555
6484966416,6484966181,0.012121333,0.02831828,0.00015126969
6484975159,6484974924,0.011801022,0.027979229,0.00013156554
6484976435,6484976169,0.011574368,0.02796521,0.00012907884
6484986389,6484986158,0.011488349,0.027858498,0.00011140821
6484987641,6484987405,0.01155099,0.027798565,0.000110536304
6484995130,6484994896,0.012650979,0.027753284,0.00011359188
6484997622,6484997392,0.012597659,0.02765394,0.000114273724
6485001366,6485001138,0.012189653,0.027756996,0.00011312244
6485008859,6485008628,0.011934002,0.028210197,0.000112658054
6485011366,6485011125,0.011891727,0.028111728,0.00011557435
6485018848,6485018616,0.011744833,0.02797838,0.00011985809
6485022594,6485022361,0.0116806375,0.028071864,0.00012402693
6485028845,6485028604,0.011953944,0.028036097,0.00013883247
6485032583,6485032349,0.012161549,0.027966844,0.00014500965
6485036332,6485036094,0.012115529,0.027743783,0.00014549219
6485045072,6485044834,0.011905486,0.028164163,0.00013503476
6485046321,6485046082,0.011800392,0.02829708,0.0001334693
6485055060,6485054821,0.012173642,0.027593434,0.00012605039
6485057550,6485057318,0.012254872,0.027838897,0.00012414479
6485065049,6485064809,0.011990781,0.02810043,0.00012633875
6485067537,6485067305,0.0119104,0.027925601,0.00012804709
6485071295,6485071051,0.012034231,0.027626947,0.000128727
6485078778,6485078541,0.012149133,0.027978055,0.00012876399
6485081276,6485081038,0.012042357,0.02810734,0.00012940812
6485088758,6485088529,0.012063335,0.028003389,0.00013048222
6485092504,6485092274,0.011990754,0.027838273,0.00013088503
6485100000,6485099765,0.011762643,0.027729483,0.00012924972
6485102502,6485102272,0.0116339205,0.028032774,0.00012853666
6485106247,6485106007,0.011720422,0.028077427,0.00013026621
6485114984,6485114746,0.012376513,0.02775359,0.00013725313
6485117478,6485117243,0.012526618,0.027581386,0.00014211598
6485125008,6485124734,0.012673494,0.028028639,0.00014737155
6485127482,6485127231,0.012490383,0.028175617,0.00014559244
6485134963,6485134721,0.012028315,0.027740847,0.00013447799
6485137450,6485137218,0.011925,0.027763259,0.0001336562
6485141197,6485140964,0.012009928,0.027808072,0.00013892307
6485148679,6485148454,0.012325984,0.027977109,0.00015665067
6485152439,6485152200,0.012734178,0.028085291,0.0001525395
6485158671,6485158443,0.012721855,0.028050302,0.00013742952
6485162420,6485162188,0.012349405,0.02796401,0.00013199486
6485169915,6485169678,0.01183732,0.027880916,0.00013252186
6485172409,6485172175,0.012070721,0.02761805,0.00013183207
6485176164,6485175920,0.012235887,0.027567547,0.00013160051
6485184900,6485184665,0.0125029655,0.02791654,0.00012370218
6485187408,6485187158,0.012461249,0.028029965,0.000121000994
6485194892,6485194647,0.012637251,0.02809865,0.000111453075
6485197375,6485197144,0.012437636,0.02791373,0.00010731955
6485204872,6485204635,0.01281876,0.028069578,9.493961e-05
6485207365,6485207131,0.012895571,0.02802104,8.8547175e-05
6485211109,6485210877,0.012687853,0.0279704,8.018583e-05
6485218624,6485218368,0.012781019,0.027693134,7.959824e-05
6485222344,6485222113,0.012699068,0.027875615,8.402733e-05
6485228589,6485228355,0.0124721555,0.027673382,9.8207885e-05
6485232331,6485232100,0.012238329,0.027942078,0.00010596769
6485239825,6485239591,0.012947867,0.028172765,0.00011279274
6485242324,6485242088,0.012957928,0.027999979,0.00011730396
6485246074,6485245834,0.01265777,0.027684232,0.00012266955
6485253556,6485253324,0.012686635,0.027975949,0.00013165626
6485257304,6485257069,0.012344073,0.028149705,0.00013434351
6485264794,6485264560,0.0126023395,0.027657997,0.00013274152
6485267295,6485267057,0.01246124,0.027761871,0.00012898883
6485274793,6485274548,0.012872676,0.0279582,0.00012694522
6485277288,6485277044,0.012854951,0.027847096,0.00012978486
6485281019,6485280790,0.012829964,0.027839568,0.00013327031
6485288510,6485288281,0.01261493,0.027655095,0.00013137002
6485292269,6485292026,0.012618406,0.027469754,0.00013098934
6485298504,6485298270,0.012598796,0.027602991,0.00012545235
6485302259,6485302013,0.012927754,0.027577626,0.00011878353
6485309743,6485309504,0.013058161,0.02837578,0.000108712535
6485314737,6485314498,0.012175478,0.028180068,0.000113987786
6485315979,6485315747,0.011995895,0.02808414,0.000115257775
6485323471,6485323237,0.012504436,0.027975023,0.00011599029
6485327214,6485326983,0.012945706,0.02798074,0.00011364724
6485334705,6485334473,0.013452305,0.027877165,0.0001243462
6485337204,6485336970,0.01332766,0.027799957,0.00012365419
6485344696,6485344461,0.013040556,0.027985204,0.00013036389
6485348452,6485348206,0.012570315,0.028269758,0.00013328942
6485350933,6485350703,0.012359298,0.0284209,0.00013554627
6485358422,6485358193,0.013103193,0.027682913,0.00014947297
6485362167,6485361939,0.0130921155,0.027415374,0.00015432468
6485368430,6485368182,0.013251519,0.027202258,0.00015522409
6485372157,6485371927,0.013090237,0.027589304,0.00015492697
6485379657,6485379417,0.012658345,0.027798347,0.00014884838
6485383403,6485383163,0.012639463,0.028134625,0.00014573635
6485385892,6485385659,0.012667759,0.028113017,0.00014207407
6485394639,6485394399,0.013099316,0.027859012,0.00012684814
6485397151,6485396898,0.013214303,0.028057113,0.00012584343
6485403372,6485403138,0.013219874,0.02798751,0.00013310736
6485407112,6485406883,0.013379674,0.027658863,0.00014127768
6485414610,6485414374,0.012777349,0.028181793,0.00014746879
6485418365,6485418120,0.013200908,0.027987834,0.00015235133
6485420845,6485420616,0.013402207,0.02785839,0.00015613782
6485428339,6485428108,0.0131648965,0.028033623,0.00015091599
6485432097,6485431852,0.012821762,0.028078333,0.00014323811
6485438326,6485438094,0.012958172,0.027820233,0.00012898383
6485442079,6485441840,0.012993249,0.027873814,0.00012640386
6485449565,6485449330,0.013283151,0.027411835,0.00012444046
6485453356,6485453078,0.0135598285,0.027422322,0.00012559521
6485455806,6485455573,0.013575358,0.027522098,0.00012276853
6485464547,6485464312,0.012859406,0.028288007,0.00011293535
6485467040,6485466808,0.012578888,0.028295584,0.00011481954
6485474535,6485474299,0.012898584,0.02784043,0.00013107384
6485477035,6485476796,0.0130240265,0.02768017,0.00013330461
6485484544,6485484287,0.013993981,0.027347138,0.00013057093
6485488268,6485488032,0.013871334,0.027833156,0.00013239546
6485492007,6485491778,0.01373352,0.028081862,0.0001407686
6485498262,6485498020,0.012983444,0.027814884,0.00014528335
6485501995,6485501765,0.012736365,0.027848272,0.0001445194
6485509495,6485509256,0.013328368,0.027593834,0.00013823848
6485511984,6485511752,0.013514513,0.027450213,0.00013463579
6485519500,6485519246,0.013419096,0.02776234,0.00013174134
6485524478,6485524237,0.013262117,0.027853876,0.00013224065
6485526961,6485526734,0.013238724,0.027744077,0.00013096213
6485534464,6485534225,0.013354944,0.027711513,0.00012260748
6485536962,6485536721,0.013395852,0.027550602,0.00011655992
6485544464,6485544212,0.013704479,0.027833344,0.000108855
6485546936,6485546709,0.013603209,0.028147263,0.00010992241
6485554433,6485554200,0.01311758,0.02794727,0.00011129082
6485558178,6485557945,0.013227137,0.027972812,0.000111372494
6485561928,6485561691,0.0133815985,0.027833324,0.00011782968
6485568164,6485567933,0.013731134,0.027541304,0.00012677786
6485571912,6485571678,0.014161886,0.027573692,0.00012467086
6485579421,6485579169,0.013530941,0.02815907,0.0001275925
6485581911,6485581666,0.01311415,0.027974455,0.00013047826
6485589395,6485589157,0.012410246,0.027621238,0.00012890252
6485593153,6485592902,0.01270085,0.027453272,0.0001279487
6485596882,6485596647,0.013380735,0.0275815,0.0001273163
6485604376,6485604138,0.014214181,0.027892541,0.0001386169
6485606880,6485606634,0.014139806,0.027595807,0.00014517223
6485614358,6485614125,0.01302176,0.02776863,0.00014862051
6485616848,6485616622,0.013045564,0.02766547,0.00014210587
6485624350,6485624113,0.013856921,0.027689513,0.000112240166
6485628091,6485627858,0.014208519,0.02767553,0.00010346445
6485631832,6485631603,0.014131446,0.027512478,0.00010120177
6485638076,6485637846,0.013731279,0.027745694,0.000107375185
6485641818,6485641591,0.013390195,0.028391328,0.00011132206
6485649322,6485649082,0.013869227,0.028228434,0.000116031035
6485651808,6485651579,0.01379824,0.028086945,0.000114680464
6485659317,6485659069,0.013712966,0.027872257,0.00011267107
6485664303,6485664063,0.013888794,0.027558777,0.000122026635
6485666789,6485666560,0.013840881,0.027546443,0.00012623554
6485674291,6485674055,0.013246359,0.027828783,0.00014191875
6485676777,6485676548,0.0130092995,0.027897872,0.00014346329
6485684279,6485684039,0.013373917,0.02757232,0.00014559839
6485686767,6485686535,0.013599808,0.0275723,0.0001489107
6485694282,6485694026,0.014077446,0.028014405,0.00015173042
6485698001,6485697771,0.014063887,0.028113322,0.00015707308
6485701748,6485701517,0.01386634,0.027763678,0.0001630143
6485707990,6485707759,0.013181853,0.02786799,0.00016509011
6485711743,6485711505,0.013222888,0.028229287,0.00016262686
6485719254,6485718995,0.01406671,0.02785145,0.00015851257
6485724236,6485723992,0.013915901,0.027845223,0.00014984887
6485729221,6485728983,0.01412476,0.027865583,0.00013850145
6485734213,6485733981,0.013900354,0.028025834,0.00013227435
6485736707,6485736473,0.013529965,0.027707517,0.00013181551
6485744199,6485743964,0.013734762,0.02757143,0.0001435724
6485746689,6485746461,0.013959264,0.027632328,0.00014858608
6485754194,6485753952,0.014201167,0.027798627,0.00015761038
6485757933,6485757697,0.014126025,0.027879827,0.00015577674
6485764174,6485763939,0.013856783,0.027885716,0.00014317202
6485767924,6485767684,0.013474113,0.027745955,0.0001375619
6485771659,6485771430,0.0133911325,0.027755607,0.00014069409
6485777901,6485777672,0.013851399,0.027932923,0.00015058975
6485781650,6485781417,0.013878087,0.027863877,0.000154187
6485789153,6485788910,0.014186673,0.027770909,0.000162225
6485794136,6485793902,0.014197085,0.027453648,0.00016457768
6485799132,6485798896,0.014119886,0.027543535,0.0001612783
6485804123,6485803889,0.013727745,0.027692072,0.00015454399
6485806620,6485806386,0.013591813,0.027723895,0.00015117443
6485814122,6485813877,0.013884836,0.027689254,0.00014583897
6485816604,6485816374,0.0139190275,0.0276938,0.00014446086
6485824100,6485823865,0.013883617,0.028062792,0.00014217917
6485827842,6485827610,0.01414608,0.027999679,0.00014006226
6485834110,6485833853,0.013812554,0.027513348,0.0001337692
6485837833,6485837598,0.013762935,0.027634587,0.00012573444
6485841589,6485841345,0.013959031,0.027655367,0.000125415
6485847814,6485847585,0.014425742,0.027772639,0.00013210748
6485851564,6485851331,0.014914925,0.02774003,0.00013262536
6485859066,6485858827,0.014084436,0.027304556,0.00012892458
6485864050,6485863815,0.013716533,0.027698219,0.00013161414
6485869046,6485868809,0.013517412,0.027814671,0.00013896347
6485874059,6485873803,0.013973717,0.027924433,0.00014949935
6485876528,6485876299,0.014043859,0.027826969,0.00015282366
6485884028,6485883790,0.014428225,0.027736433,0.00015717348
6485886517,6485886288,0.014213547,0.027830087,0.00015846266
6485894019,6485893778,0.013978804,0.02771267,0.00015506144
6485897760,6485897523,0.013972856,0.027504124,0.00015290585
6485901503,6485901268,0.014426126,0.0274097,0.00015597472
6485907743,6485907511,0.01462399,0.027764812,0.00015800711
6485911496,6485911264,0.014328087,0.028130628,0.00015714407
6485918989,6485918747,0.014248707,0.027927795,0.00015526202
6485921479,6485921243,0.014178304,0.028179359,0.00015444821
6485928978,6485928734,0.013874541,0.028006122,0.00015689367
6485932709,6485932479,0.0139863575,0.02762569,0.00016129903
6485938959,6485938722,0.014470384,0.027330762,0.00016524506
6485943950,6485943716,0.014114672,0.028047586,0.00016445534
6485946445,6485946213,0.013837129,0.027831888,0.00016639185
6485953954,6485953703,0.013537997,0.027275791,0.00017397493
6485956429,6485956200,0.013796429,0.027308146,0.00017290372
6485963926,6485963691,0.014130647,0.027760187,0.00017568565
6485967672,6485967436,0.014488311,0.027749477,0.00018096807
6485973917,6485973679,0.014604537,0.027801374,0.00017953575
6485977664,6485977424,0.014272954,0.02791306,0.00017349605
6485981402,6485981169,0.014323727,0.027792614,0.00016954505
6485988899,6485988659,0.014512488,0.028052034,0.00016577778
6485991399,6485991157,0.014575574,0.02794281,0.00016642794
6485998904,6485998648,0.014247844,0.027685836,0.00018162664
6486003876,6486003641,0.014042409,0.027967935,0.00018689557
6486006374,6486006138,0.01408003,0.027968436,0.00018305719
6486012613,6486012381,0.014243949,0.027710924,0.00017282873
6486016351,6486016125,0.01422994,0.028034149,0.0001736678
6486023854,6486023617,0.01417747,0.027575102,0.00017795057
6486026345,6486026113,0.013863487,0.027602376,0.00017940463
6486035092,6486034853,0.013897122,0.02765208,0.00017546148
6486037582,6486037349,0.013984395,0.027585037,0.0001735292
6486043843,6486043592,0.014093521,0.027585154,0.0001743709
6486047571,6486047337,0.014284588,0.027475618,0.00017914231
6486051330,6486051082,0.014509687,0.027447276,0.00018525774
6486058826,6486058573,0.014899136,0.027597867,0.00020353172
6486061316,6486061070,0.014938301,0.027607778,0.00020626035
6486068811,6486068560,0.014096948,0.027905483,0.00020445374
6486073795,6486073554,0.013928323,0.027984463,0.00018622405
6486080029,6486079796,0.013884434,0.027729314,0.00016682672
6486083773,6486083542,0.01429621,0.027847283,0.00016217068
6486086285,6486086039,0.014828139,0.027728872,0.00015959995
6486093773,6486093529,0.014919752,0.027659377,0.00015091323
6486096269,6486096027,0.014571287,0.027607892,0.00014853182
6486103759,6486103517,0.013861458,0.027639575,0.00014453485
6486107527,6486107264,0.013626145,0.02769838,0.000149218
6486114986,6486114754,0.014091931,0.027602136,0.00015948967
6486117488,6486117255,0.014048019,0.027639141,0.0001641561
6486121234,6486120995,0.014152895,0.028029729,0.00016835857
6486128722,6486128486,0.0140564395,0.028057752,0.00017349093
6486132469,6486132231,0.014029413,0.02814568,0.0001729514
6486138730,6486138474,0.014456819,0.027762592,0.00016759544
6486143713,6486143467,0.014903601,0.02730332,0.00017207276
6486149953,6486149709,0.014968991,0.027691063,0.00017910574
6486152438,6486152206,0.015055282,0.02770931,0.00018102113
6486156184,6486155951,0.014920329,0.027624508,0.00018009798
6486163690,6486163442,0.013820639,0.027716134,0.00017389176
6486167427,6486167188,0.01381476,0.027750378,0.00017257879
6486174915,6486174679,0.01478954,0.027240098,0.0001765995
6486177410,6486177182,0.01475686,0.027367186,0.00017853186
6486184900,6486184666,0.014555864,0.027998894,0.00018474956
6486187397,6486187163,0.014537149,0.028142953,0.00018633228
6486191140,6486190910,0.013996946,0.02794517,0.00018488271
6486198643,6486198399,0.014014973,0.027696826,0.00017975704
6486202378,6486202146,0.014208435,0.027883507,0.00018063275
6486208619,6486208386,0.0149933025,0.027765464,0.00017953913
6486213617,6486213380,0.014977955,0.027558696,0.00017867533
6486219854,6486219622,0.014355215,0.027685657,0.0001853936
6486223614,6486223368,0.014116782,0.027857326,0.00019018812
6486226098,6486225865,0.0139100095,0.027795345,0.00019080838
6486233592,6486233355,0.01424033,0.027700096,0.00017988327
6486237332,6486237101,0.014600457,0.027882483,0.00017678837
6486243586,6486243343,0.01506814,0.027747015,0.00017551982
6486247320,6486247088,0.014843358,0.027659971,0.0001787163
6486254817,6486254580,0.014151648,0.027544688,0.00018121304
6486257317,6486257076,0.014127542,0.027687281,0.00017999769
6486261058,6486260821,0.01428781,0.027990349,0.00017760186
6486268552,6486268312,0.014653975,0.027290797,0.00017770364
6486273540,6486273306,0.014219425,0.02744766,0.00018476826
6486278535,6486278300,0.014167683,0.027867913,0.00019613547
6486283533,6486283293,0.014001099,0.027912369,0.00019533419
6486289764,6486289535,0.014643243,0.027768679,0.00017553882
6486293523,6486293281,0.015056304,0.027628524,0.00016107623
6486296009,6486295778,0.0150761,0.027555112,0.00015713391
6486303503,6486303268,0.015029703,0.027737968,0.00015462436
6486307266,6486307014,0.01466198,0.027930634,0.0001578978
6486313496,6486313256,0.013492128,0.027801236,0.00015889756
6486317236,6486317001,0.013386181,0.027527984,0.00015573285
6486324733,6486324492,0.014443163,0.027610788,0.00014986441
6486328497,6486328238,0.015039059,0.02751271,0.00014467753
6486330962,6486330734,0.015103431,0.02743328,0.00014286605
6486338488,6486338225,0.014593003,0.027939728,0.00014215904
6486343483,6486343219,0.014165967,0.02806538,0.00014312111
6486348449,6486348213,0.013925836,0.027921831,0.00014039666
6486353445,6486353207,0.014129549,0.027681606,0.0001387071
6486359689,6486359449,0.014846792,0.027515527,0.000133206
6486363437,6486363194,0.015134942,0.027586771,0.00013066382
6486365928,6486365691,0.015088186,0.027722508,0.00012960735
6486373433,6486373182,0.014587833,0.027647786,0.00012916807
6486377174,6486376928,0.01423686,0.027808748,0.00013115295
6486383415,6486383170,0.014470697,0.027702564,0.00013529937
6486387146,6486386914,0.014632544,0.02753061,0.00013401077
6486394638,6486394405,0.014532317,0.02744594,0.00014036456
6486398413,6486398155,0.014818556,0.02769949,0.00014992974
6486400880,6486400647,0.014789819,0.027879944,0.0001547258
6486408371,6486408138,0.014563034,0.027875574,0.00015794739
6486413378,6486413132,0.014768664,0.027485102,0.00015942316
6486418418,6486418132,0.014545691,0.027263934,0.00016059079
6486423357,6486423119,0.014777231,0.02761891,0.00016753716
6486429597,6486429362,0.014594629,0.027793866,0.00016200297
6486433409,6486433113,0.014624692,0.027924685,0.00015383218
6486435833,6486435604,0.014561479,0.028123273,0.00014996534
6486443329,6486443095,0.014660045,0.027670534,0.00014245241
6486447070,6486446840,0.014604816,0.02747016,0.00014219536
6486453321,6486453082,0.014732392,0.027112335,0.000155709
6486457057,6486456827,0.0146462945,0.027438665,0.00015903368
6486464553,6486464318,0.014123964,0.028103432,0.00015893743
6486468320,6486468064,0.014058382,0.027947055,0.00015689913
6486470853,6486470563,0.014180046,0.027797027,0.00015661231
6486478343,6486478053,0.015310227,0.02790376,0.0001589827
6486483292,6486483045,0.015319213,0.027900785,0.00015978036
6486488278,6486488039,0.015042756,0.027587013,0.00015472164
6486493328,6486493036,0.014903449,0.027719414,0.00015300824
6486499506,6486499275,0.014435418,0.027739335,0.00015230653
6486503268,6486503020,0.014091319,0.02757401,0.00014798043
6486506994,6486506765,0.014239817,0.027783511,0.00014048138
6486513246,6486513011,0.014882767,0.027866153,0.00013627739
6486516985,6486516753,0.015157892,0.027837789,0.00013308911
6486524482,6486524243,0.014160934,0.027862176,0.00013360594
6486526988,6486526741,0.014146492,0.027984101,0.00013532603
6486534472,6486534234,0.014207771,0.027676461,0.00013761233
6486538293,6486537977,0.014699283,0.027682923,0.0001418672
6486543209,6486542971,0.0145678185,0.027531348,0.00015242763
6486548201,6486547965,0.014179204,0.02752852,0.00015873152
6486553243,6486552958,0.014316961,0.02768106,0.00016108356
6486559445,6486559204,0.014689252,0.027677726,0.00016041518
6486563183,6486562946,0.015364289,0.027635522,0.00016067173
6486569434,6486569188,0.015618857,0.027792782,0.00016156978
6486573165,6486572933,0.015843736,0.027724715,0.00015720604
6486576962,6486576679,0.015330969,0.027717993,0.00015932733
6486583205,6486582921,0.013921725,0.027778188,0.00016496395
6486586911,6486586666,0.013451995,0.027755363,0.00016539113
6486594401,6486594157,0.012776387,0.027564319,0.00017038778
6486596883,6486596654,0.0129638165,0.027769897,0.00017285386
6486604379,6486604144,0.015964074,0.027593246,0.00017324346
6486608147,6486607890,0.016667336,0.02776431,0.00016411146
6486613165,6486612883,0.016098622,0.027886067,0.00016003972
6486618116,6486617878,0.014411386,0.027797107,0.0001587402
6486623102,6486622871,0.013157029,0.027780883,0.00016126786
6486629354,6486629114,0.013974225,0.027421474,0.00016503425
6486633107,6486632859,0.015063907,0.027602546,0.00017300808
6486639341,6486639101,0.015893558,0.027630094,0.00018188842
6486643145,6486642846,0.015866164,0.027770774,0.00018351157
6486646820,6486646592,0.014733246,0.027816663,0.00018376893
6486653085,6486652834,0.012727246,0.028095566,0.00018274423
6486656805,6486656579,0.012916206,0.027682154,0.00018304055
6486664314,6486664070,0.014926475,0.027474966,0.00018584586
6486666797,6486666567,0.015565566,0.02729526,0.0001827678
6486674300,6486674058,0.015980644,0.027760211,0.0001793755
6486678037,6486677803,0.014645554,0.02817144,0.00018419085
6486683041,6486682797,0.013296667,0.027927656,0.00017904268
6486688072,6486687790,0.013547368,0.027798431,0.0001757919
6486693025,6486692785,0.014601888,0.027906422,0.00017301756
6486699264,6486699026,0.015906269,0.027738346,0.00017149786
6486703050,6486702772,0.01597499,0.027614536,0.00017386819
6486709254,6486709014,0.014886746,0.027565563,0.000177025
6486712999,6486712760,0.013966019,0.027689233,0.00018115836
6486716736,6486716505,0.013397564,0.027719261,0.00018329608
6486722981,6486722747,0.014176049,0.027426187,0.00017919911
6486726733,6486726492,0.015340681,0.027484037,0.0001757632
6486734219,6486733983,0.015840797,0.027858352,0.00016216704
6486737987,6486737728,0.015543567,0.027806338,0.00015527343
6486744204,6486743970,0.014358633,0.028078346,0.00014783729
6486747979,6486747718,0.013974158,0.0279865,0.00014677085
6486752956,6486752710,0.013986403,0.02784686,0.00014752017
6486757950,6486757704,0.013810459,0.02799233,0.0001514275
6486762972,6486762698,0.013721416,0.027700769,0.00015119153
6486769185,6486768939,0.014606354,0.027965678,0.00015883727
6486774167,6486773933,0.014926971,0.02790727,0.00017316593
6486779164,6486778927,0.01476302,0.027995272,0.00017226132
6486782908,6486782672,0.014831638,0.0277043,0.00016770115
6486786653,6486786418,0.015716244,0.027601024,0.00017009862
6486792929,6486792661,0.01562918,0.027830089,0.00018044614
6486796640,6486796405,0.015013774,0.02806381,0.00018899835
6486804133,6486803896,0.0139115,0.027854787,0.00019912804
6486807913,6486807641,0.013978633,0.02761781,0.00020667694
6486814122,6486813883,0.014448814,0.027327405,0.00021948974
6486817881,6486817629,0.0149028,0.02744607,0.00021744186
6486822887,6486822624,0.015109303,0.027784387,0.00021093487
6486827873,6486827616,0.01470384,0.027649568,0.00020709657
6486832847,6486832611,0.014228196,0.027843712,0.00020107724
6486839094,6486838852,0.014330826,0.027860614,0.0001946198
6486842833,6486842599,0.015045496,0.02768809,0.00019112443
6486849075,6486848840,0.01522491,0.027631877,0.0001867248
6486854077,6486853834,0.015348418,0.02789342,0.00019314807
6486856556,6486856331,0.015022463,0.027868856,0.00019349698
6486862804,6486862573,0.015160849,0.027774813,0.00019043192
6486866551,6486866319,0.015055017,0.02793188,0.00018588519
6486874070,6486873809,0.014383837,0.027526744,0.00016947824
6486877788,6486877554,0.0140060475,0.027687851,0.00016154439
6486884041,6486883798,0.013672146,0.027570361,0.00016116373
6486887776,6486887542,0.013799347,0.027518833,0.00016193057
6486892771,6486892536,0.014292208,0.02768626,0.0001622974
6486899009,6486898778,0.015107558,0.027878867,0.00015730887
6486902779,6486902523,0.015618165,0.027759349,0.00015565596
6486908997,6486908765,0.014971484,0.027805313,0.00016067964
6486912770,6486912511,0.014729454,0.027958207,0.00016066458
6486916490,6486916256,0.014487404,0.0279765,0.0001568354
6486922736,6486922498,0.014368698,0.027836343,0.00015506362
6486926491,6486926244,0.014629082,0.0276696,0.00015213393
6486933980,6486933735,0.015249728,0.027794046,0.0001473775
6486936483,6486936232,0.015078769,0.027892455,0.00014672753
6486943959,6486943722,0.0149390595,0.027635274,0.00015056781
6486947703,6486947467,0.014709858,0.027862977,0.00014678834
6486952698,6486952461,0.014604123,0.028020633,0.00013377327
6486957765,6486957456,0.014380715,0.027623171,0.000118735144
6486962683,6486962449,0.014323376,0.027699213,0.00011274902
6486968943,6486968691,0.014351961,0.027562743,0.00010684947
6486972687,6486972437,0.014443603,0.027649324,0.00010209885
6486978908,6486978679,0.014521738,0.027846316,8.982704e-05
6486982663,6486982424,0.014500865,0.02783328,8.8317734e-05
6486986411,6486986170,0.014795046,0.027786238,9.4745104e-05
6486992648,6486992412,0.015140409,0.02791044,0.00011097505
6486996401,6486996157,0.01489244,0.027816502,0.0001140441
6487003900,6487003648,0.014690914,0.027916726,0.000109961096
6487006376,6487006145,0.014379052,0.02797198,0.00010953437
6487013869,6487013635,0.014319571,0.027869498,0.0001125357
6487017633,6487017380,0.014511931,0.027685165,0.00011602891
6487022610,6487022375,0.014783028,0.027804175,0.00012494026
6487027603,6487027369,0.0147216935,0.02793569,0.00012642868
6487032624,6487032362,0.0148945395,0.027482217,0.00012557856
6487038829,6487038604,0.014775734,0.02773725,0.00012799926
6487042582,6487042350,0.014527245,0.027912129,0.00013091751
6487048826,6487048591,0.013931652,0.028157538,0.00013918534
6487052576,6487052337,0.014401943,0.027809646,0.00014309923
6487056323,6487056082,0.014789527,0.02757667,0.00014096632
6487062573,6487062325,0.015423961,0.027399616,0.00013987283
6487066307,6487066070,0.014848743,0.027477704,0.00014397872
6487073794,6487073561,0.014354441,0.027623273,0.00015896322
6487076306,6487076057,0.014256237,0.027464509,0.0001609276
6487083789,6487083548,0.014772208,0.027929377,0.00015620592
6487087528,6487087294,0.015233743,0.028019553,0.00015605966
6487092543,6487092290,0.015069686,0.02817072,0.00015503583
6487097520,6487097281,0.01468825,0.027995288,0.00014450132
6487102517,6487102275,0.014356672,0.027682545,0.00013547906
6487108748,6487108517,0.014556963,0.027537035,0.00013473562
6487112498,6487112263,0.014700839,0.027613565,0.00013468508
6487118743,6487118505,0.01489221,0.02779598,0.00013764948
6487122508,6487122252,0.014704681,0.027710076,0.00013694049
6487126248,6487125995,0.014323276,0.027917355,0.0001392231
6487132479,6487132238,0.014295157,0.027697766,0.00015048041
6487136215,6487135983,0.01485032,0.027519368,0.00015272778
6487143707,6487143474,0.015000958,0.02765608,0.00014512664
6487147460,6487147219,0.015194985,0.027647424,0.00014081116
6487153704,6487153461,0.014907305,0.027929472,0.00013548903
6487157445,6487157207,0.014656548,0.027909417,0.00013587257
6487162435,6487162201,0.014295013,0.027914196,0.00013899303
6487167442,6487167199,0.014605093,0.027890187,0.00014215687
6487172425,6487172188,0.014805082,0.027840821,0.00014515953
6487178662,6487178430,0.015045092,0.028081289,0.00014064409
6487182430,6487182179,0.014714774,0.027777677,0.00014288072
6487188644,6487188418,0.014381139,0.027707895,0.00014890818
6487192442,6487192163,0.014086895,0.027731244,0.0001555418
6487196139,6487195908,0.013824503,0.027772572,0.0001634732
6487202406,6487202151,0.01444686,0.02808472,0.00017206983
6487206130,6487205896,0.014958887,0.02778459,0.00017305641
6487213627,6487213387,0.014545488,0.027566573,0.00016783408
6487217368,6487217132,0.014587131,0.027495729,0.00016723188
6487223633,6487223374,0.014780305,0.027662596,0.00016841742
6487227378,6487227120,0.015098279,0.028460346,0.00017071654
6487232347,6487232114,0.008426834,0.02864675,0.00017860925
6487237341,6487237107,0.008595831,0.028405406,0.00018478457
6487242343,6487242101,0.008115054,0.028269518,0.00019340128
6487248573,6487248343,0.023002565,0.027525473,0.0002055369
6487252328,6487252089,0.028212752,0.02748783,0.00021017581
6487258562,6487258331,0.03349752,0.027594982,0.00021488818
6487262328,6487262077,0.026572686,0.028257616,0.00021430639
6487266057,6487265821,0.011808203,0.02888631,0.00021384643
6487273555,6487273312,-0.00600716,0.02894178,0.0002141159
6487276040,6487275809,-0.0074707805,0.028824948,0.00021333042
6487283540,6487283300,0.006227507,0.027851483,0.00020534321
6487287293,6487287045,0.014702891,0.027546605,0.00020243092
6487293521,6487293288,0.028249992,0.027007272,0.00021321629
6487297271,6487297033,0.030352766,0.026696885,0.00021902559
6487303514,6487303278,0.025774473,0.027526306,0.00022141174
6487308501,6487308269,0.014056748,0.028904306,0.00022928508
6487312267,6487312014,0.0060936697,0.029721022,0.00024139423
6487318497,6487318267,-0.0006111486,0.029699672,0.0002600554
6487322257,6487322002,0.004479204,0.028718384,0.0002662909
6487328492,6487328244,0.021184295,0.026976567,0.0002543818
6487332225,6487331990,0.0289943,0.026365822,0.00024827753
6487339721,6487339480,0.028695382,0.026793117,0.0002359094
6487343476,6487343226,0.017431216,0.027542429,0.00022998065
6487345952,6487345722,0.008909607,0.02816715,0.00022473978
6487353465,6487353213,-0.0045073414,0.028205736,0.00020070645
6487357194,6487356958,-0.0008699933,0.027891861,0.00019612184
6487362187,6487361952,0.011335284,0.02772199,0.00019399673
6487367180,6487366946,0.020541629,0.027402489,0.00019484301
6487373428,6487373188,0.02080378,0.02763396,0.0002086335
6487378456,6487378182,0.015144508,0.027559947,0.00022105193
6487382161,6487381928,0.012995382,0.027662734,0.00023085225
6487388401,6487388169,0.01593646,0.027742032,0.00023936285
6487392150,6487391915,0.020197447,0.02802484,0.00023965267
6487398390,6487398157,0.022776935,0.028681496,0.00023366294
6487402138,6487401903,0.019687975,0.029010754,0.00023223422
6487409632,6487409394,0.007602121,0.028495863,0.00024180734
6487413378,6487413141,0.0058316435,0.027828587,0.00025076742
6487415870,6487415635,0.007129579,0.0271328,0.00025929598
6487423365,6487423127,0.020410595,0.026211817,0.0002778996
6487427111,6487426872,0.025932793,0.026861245,0.0002827713
6487432101,6487431865,0.024103569,0.027754605,0.00028454687
6487437095,6487436864,0.013587284,0.028624304,0.00027578656
6487443334,6487443101,-0.00025844842,0.028364604,0.0002587739
6487448325,6487448095,-0.00083794835,0.027909739,0.00024247488
6487452085,6487451843,0.0051038032,0.027793033,0.00022982637
6487458346,6487458084,0.01885703,0.027906036,0.00021165081
6487462076,6487461828,0.024466181,0.028393164,0.00020023095
6487468313,6487468070,0.025374021,0.028333407,0.00019381348
6487472063,6487471816,0.021315623,0.027897913,0.00019341419
6487479542,6487479308,0.011486176,0.027512286,0.00019927963
6487483295,6487483051,0.009484838,0.027532432,0.00020647689
6487487033,6487486797,0.010511559,0.02755678,0.00021467608
6487493278,6487493039,0.015393524,0.027618917,0.00022378894
6487497050,6487496785,0.018007446,0.027555656,0.00022360343
6487502011,6487501778,0.018461566,0.027828256,0.00021253317
6487507012,6487506772,0.01599245,0.02757014,0.00019523036
6487511997,6487511766,0.011729164,0.027202163,0.0001798677
6487518271,6487518008,0.008457459,0.027667966,0.00016797263
6487521994,6487521753,0.008636982,0.027928602,0.00016928339
6487528228,6487527996,0.013385187,0.028381867,0.00016623705
6487531976,6487531741,0.017000765,0.028203823,0.00016190969
6487539484,6487539232,0.020120319,0.02794319,0.00016017188
6487541961,6487541729,0.019703595,0.027975941,0.00016712822
6487549453,6487549221,0.014332259,0.028082028,0.00018443612
6487553201,6487552965,0.011418437,0.028232716,0.00019083978
6487556955,6487556710,0.0101075,0.028297298,0.00019496639
6487563187,6487562953,0.013032515,0.02840164,0.00019714978
6487566929,6487566697,0.015881002,0.028053718,0.00019757116
6487571923,6487571693,0.017988358,0.027711838,0.00019252501
6487576938,6487576685,0.017150616,0.027655713,0.00018210382
6487581912,6487581679,0.014415429,0.028076144,0.00017016962
6487588153,6487587921,0.01175163,0.027726015,0.00015273322
6487593153,6487592922,0.012578059,0.027315345,0.00013986415
6487598148,6487597909,0.01498589,0.027473483,0.00013320876
6487601890,6487601654,0.01650316,0.027668152,0.00013077624
6487609376,6487609145,0.016538441,0.027662892,0.00012211132
6487611882,6487611641,0.015479684,0.027776994,0.0001154321
6487619365,6487619133,0.012872935,0.027842257,0.00010348846
6487623107,6487622877,0.012781538,0.027922276,0.000106608175
6487626862,6487626623,0.01332199,0.028154086,0.00011588118
6487633108,6487632865,0.014189436,0.028210606,0.00013326829
6487636839,6487636610,0.014425224,0.028482689,0.00013570052
6487641840,6487641604,0.014463486,0.02847692,0.00014150697
6487646830,6487646598,0.01499886,0.02787842,0.00014523648
6487651828,6487651592,0.015610847,0.027563242,0.00014321324
6487658066,6487657834,0.015844926,0.02724495,0.00013740947
6487661811,6487661580,0.016043875,0.027633151,0.00013296811
6487668054,6487667822,0.014581721,0.027959593,0.00012971406
6487671814,6487671567,0.013630776,0.028415093,0.0001332816
6487679297,6487679058,0.013851893,0.028071692,0.00013454388
6487681798,6487681555,0.014317134,0.027896501,0.00013268355
6487689289,6487689046,0.014640075,0.027989741,0.00012970564
6487693078,6487692790,0.014618136,0.028112477,0.0001356136
6487696773,6487696536,0.014315006,0.028169382,0.00014637107
6487703012,6487702778,0.014147324,0.027824743,0.00016800285
6487706763,6487706524,0.014075457,0.027577586,0.00017694222
6487711757,6487711522,0.014719108,0.027710272,0.00018538159
6487717990,6487717759,0.015220849,0.027681166,0.00018768013
6487721739,6487721505,0.014966492,0.027648067,0.00018270036
6487727977,6487727747,0.014119547,0.027849,0.00016457555
6487731729,6487731492,0.013516273,0.028028933,0.0001573124
6487737966,6487737735,0.013280748,0.027878419,0.00015723819
6487742964,6487742731,0.014186323,0.027782517,0.00015392042
6487749203,6487748971,0.015231082,0.027834062,0.00015556804
6487752975,6487752716,0.016156,0.027925085,0.00015568567
6487759189,6487758958,0.016272552,0.028257234,0.00015028409
6487762938,6487762704,0.015544576,0.028042872,0.00014512744
6487766679,6487766449,0.014550392,0.027972342,0.00014391362
6487772931,6487772691,0.014475354,0.028047254,0.00014445434
6487776674,6487776437,0.0147468345,0.028110985,0.00014542167
6487781660,6487781430,0.014890563,0.027993932,0.0001494323
6487787916,6487787672,0.013514143,0.028025024,0.00015729979
6487791652,6487791418,0.012320287,0.028379116,0.00016077318
6487797888,6487797660,0.012551627,0.028011933,0.00016446844
6487801640,6487801406,0.013559678,0.027590398,0.00015934861
6487807882,6487807648,0.016211675,0.027755272,0.0001468421
6487811632,6487811393,0.014870046,0.028118292,0.00014914275
6487819117,6487818884,0.011309197,0.028014565,0.00016769534
6487822874,6487822633,0.012353958,0.027676413,0.00017065633
6487829104,6487828872,0.020694867,0.027149953,0.00016665824
6487832850,6487832617,0.024801202,0.027531754,0.00016155222
6487836597,6487836362,0.022898618,0.028363988,0.00015520777
6487841624,6487841359,0.013554002,0.028837254,0.00013993816
6487846583,6487846350,0.0037032324,0.028327381,0.00012317667
6487851579,6487851344,0.002358889,0.027477898,0.000113911876
6487857813,6487857586,0.015308172,0.026657742,0.00010491086
6487864060,6487863828,0.026233228,0.027643291,8.661054e-05
6487867804,6487867573,0.025168162,0.02828592,7.7118195e-05
6487871548,6487871319,0.017983496,0.028399955,7.44259e-05
6487877791,6487877561,0.0056142993,0.02807425,7.9053505e-05
6487881543,6487881306,0.004763184,0.027765734,8.41494e-05
6487889028,6487888797,0.015204805,0.028035875,8.993924e-05
6487892774,6487892543,0.019854186,0.028096162,9.384355e-05
6487899012,6487898785,0.01920152,0.02835662,9.71147e-05
6487902762,6487902531,0.015559317,0.028296793,9.3785966e-05
6487906510,6487906275,0.012292917,0.028099366,9.588472e-05
6487911503,6487911269,0.011430051,0.027520485,0.00010641861
6487916496,6487916263,0.013331592,0.027185243,0.00011460634
6487921495,6487921256,0.016151907,0.027622757,0.00012294638
6487927788,6487927501,0.017594626,0.027946748,0.00012904042
6487931483,6487931245,0.016196838,0.027937504,0.00013284634
6487937716,6487937486,0.011843028,0.027823698,0.00014367122
6487941471,6487941232,0.010152074,0.027610222,0.00014035274
6487948963,6487948722,0.01346947,0.027430654,0.00013110017
6487951455,6487951220,0.015453371,0.027567687,0.00012632339
6487958941,6487958710,0.018398132,0.027722193,0.00011797158
6487962697,6487962456,0.01742157,0.027606606,0.00011436295
6487968932,6487968697,0.013229057,0.0280726,0.00011463537
6487972677,6487972443,0.010534681,0.02792552,0.00011818971
6487976421,6487976189,0.009524365,0.027920716,0.0001236619
6487983914,6487983679,0.013393396,0.0278545,0.0001347806
6487986411,6487986176,0.015452368,0.027705118,0.00013404994
6487991400,6487991170,0.018455252,0.027607737,0.00012944223
6487997640,6487997412,0.017386395,0.02798211,0.00012976193
6488001398,6488001157,0.014932375,0.028052224,0.00013501964
6488007632,6488007399,0.011375016,0.028011654,0.00013455593
6488011381,6488011145,0.0114131365,0.02820163,0.00013590233
6488018918,6488018635,0.015143983,0.02803254,0.00013218878
6488021369,6488021132,0.016375337,0.027946288,0.00012662983
6488028853,6488028623,0.016715812,0.027846266,0.0001086586
6488032603,6488032368,0.015526146,0.027996747,0.0001015444
6488038835,6488038610,0.013503906,0.027726993,0.00010185463
6488042597,6488042356,0.01314806,0.02777425,0.00011219366
6488046338,6488046102,0.013669779,0.027729314,0.00012450243
6488051337,6488051095,0.0141665675,0.0277122,0.00014390584
6488056326,6488056089,0.014403338,0.02784513,0.00015664221
6488063807,6488063579,0.013663962,0.027888082,0.00016043197
6488067558,6488067325,0.013512814,0.027897842,0.00015412243
6488071315,6488071070,0.01397987,0.027951106,0.00014353865
6488077543,6488077312,0.015027576,0.027615665,0.00012744045
6488081315,6488081058,0.014820659,0.02740596,0.00012219239
6488088781,6488088549,0.013840273,0.02791427,0.000106058935
6488091289,6488091046,0.012971944,0.027916998,0.000102240214
6488098782,6488098536,0.013926612,0.027861184,0.000110111876
6488102514,6488102282,0.014818252,0.028071772,0.00011762047
6488108750,6488108523,0.01685641,0.027929636,0.00013235988
6488112516,6488112269,0.016182333,0.027882997,0.00013024491
6488116248,6488116014,0.016373508,0.027887423,0.00012068845
6488122500,6488122257,0.013227105,0.02782396,0.00010843724
6488127492,6488127262,0.011855303,0.027749473,9.583085e-05
6488133721,6488133493,0.013007345,0.027446682,7.857004e-05
6488137485,6488137238,0.01511399,0.027502878,8.0625265e-05
6488141218,6488140984,0.016548814,0.027442206,8.910366e-05
6488147461,6488147225,0.015391574,0.028092362,0.00010117974
6488151203,6488150971,0.014032986,0.0281321,0.00011166715
6488158700,6488158462,0.012014994,0.027837692,0.00012060409
6488162452,6488162208,0.012760347,0.027686825,0.00012253132
6488168686,6488168449,0.015449439,0.027597249,0.00012911446
6488172430,6488172195,0.016501905,0.027881127,0.00013355094
6488179933,6488179685,0.0156677,0.028336955,0.00014079761
6488182414,6488182182,0.01505925,0.02831719,0.00014392714
6488186157,6488185928,0.013911004,0.027902888,0.00014527634
6488192401,6488192170,0.013480595,0.027607473,0.00014307351
6488197404,6488197164,0.0141414115,0.02774974,0.00015288532
6488203634,6488203405,0.015934292,0.027790798,0.00015843372
6488207380,6488207151,0.016093984,0.0278188,0.00015607296
6488211132,6488210897,0.015342105,0.027802283,0.00015299681
6488217371,6488217139,0.013316014,0.027483184,0.00013804827
6488221122,6488220885,0.012202225,0.02760758,0.00013154764
6488228609,6488228375,0.011655675,0.027545797,0.00013153447
6488232353,6488232120,0.013002008,0.027765682,0.00013190683
6488238590,6488238362,0.015948527,0.028007722,0.00013205918
6488242356,6488242108,0.016641976,0.028130839,0.00012596096
6488249833,6488249598,0.014785002,0.028242318,0.00011348941
6488252326,6488252095,0.013736359,0.028323824,0.00011166362
6488256075,6488255840,0.01289107,0.028039563,0.00011075266
6488263564,6488263331,0.013608409,0.027411956,0.00010125448
6488267323,6488267077,0.015339514,0.027373321,0.00010020224
6488272309,6488272070,0.01711937,0.027898986,0.00010846521
6488277310,6488277064,0.016655037,0.02774833,0.00011844633
6488284815,6488284555,0.012916502,0.028255757,0.00012702866
6488287291,6488287052,0.011736286,0.02822782,0.00012733418
6488291033,6488290797,0.011248792,0.028075688,0.00012274378
6488298518,6488298288,0.013607512,0.028011948,0.00011511546
6488302286,6488302037,0.015381801,0.027823985,0.000111397116
6488308511,6488308275,0.016003838,0.027714292,0.00011333232
6488312269,6488312026,0.014731194,0.0279022,0.000115557006
6488319746,6488319513,0.012572401,0.027878039,0.000118363874
6488323485,6488323257,0.012589063,0.027533527,0.00012004311
6488325986,6488325753,0.013250952,0.027638687,0.00012093163
6488330981,6488330747,0.015357065,0.027882569,0.00012076339
6488337219,6488336989,0.017129276,0.027847836,0.00012289693
6488342217,6488341984,0.016385058,0.02793678,0.00013257116
6488347206,6488346977,0.014244097,0.027937807,0.00013390268
6488354704,6488354468,0.01313086,0.028034111,0.00014214897
6488358451,6488358214,0.013902593,0.027895443,0.00014919446
6488360951,6488360710,0.014143171,0.027789952,0.00015327404
6488368436,6488368202,0.015117001,0.02770056,0.00016196303
6488372185,6488371946,0.015218163,0.027729452,0.00015839326
6488378418,6488378188,0.014294906,0.027553191,0.0001449304
6488382167,6488381934,0.013570046,0.027405828,0.00013476839
6488390909,6488390673,0.012929226,0.027759003,0.00011954022
6488393408,6488393170,0.013176762,0.027863484,0.00011796439
6488395905,6488395667,0.013576503,0.02781592,0.00012053791
6488403401,6488403158,0.01522857,0.027583415,0.00013576527
6488407134,6488406907,0.015774608,0.027992979,0.00013531935
6488413378,6488413145,0.014915987,0.02794166,0.00013874563
6488417120,6488416890,0.013638549,0.027884508,0.00014019456
6488424607,6488424381,0.012768599,0.02836252,0.00013862875
6488428368,6488428126,0.014503466,0.02787007,0.0001324428
6488432100,6488431871,0.016009651,0.027582502,0.00012564275
6488438366,6488438115,0.015939185,0.027653582,0.00012292305
6488442098,6488441859,0.014781562,0.027807852,0.000123641
6488448334,6488448102,0.012979058,0.027551817,0.000120836106
6488452090,6488451847,0.01331301,0.027839476,0.00012218751
6488460818,6488460586,0.014724553,0.027980553,0.00013313716
6488463318,6488463083,0.015193796,0.028041095,0.00013456168
6488465819,6488465580,0.015471896,0.02793817,0.00013448625
6488473312,6488473070,0.014471178,0.027879102,0.00013612141
6488477050,6488476815,0.013597446,0.02759257,0.00013866578
6488483301,6488483059,0.013173782,0.027459659,0.00014342039
6488487032,6488486803,0.014070149,0.027559845,0.0001460178
6488490787,6488490548,0.015631936,0.027795067,0.00015008732
6488498295,6488498039,0.014390693,0.02769681,0.00015227616
6488502015,6488501784,0.013994629,0.0278226,0.00015437978
6488508272,6488508027,0.013695639,0.027833378,0.00016151796
6488512007,6488511772,0.014122069,0.02789443,0.00016373082
6488518262,6488518014,0.01454235,0.027626012,0.00016571739
6488521991,6488521760,0.014194616,0.027686829,0.000170418
6488530738,6488530499,0.014413655,0.027986655,0.0001783162
6488533227,6488532996,0.014465355,0.0279021,0.00017884061
6488536983,6488536741,0.014164905,0.027748188,0.00017514286
6488543223,6488542987,0.013043479,0.027780388,0.00016880759
6488546962,6488546729,0.013337545,0.027718218,0.00017205691
6488554471,6488554220,0.015334367,0.027771892,0.00017655989
6488556952,6488556716,0.015610873,0.027849378,0.00017516201
6488564437,6488564207,0.0137858,0.02790183,0.00017035726
6488568187,6488567953,0.013491544,0.027852805,0.00017029785
6488571945,6488571698,0.013976821,0.027565898,0.00016529553
6488578171,6488577940,0.014882254,0.027961703,0.00015891976
6488581923,6488581685,0.01482837,0.028048538,0.00015642875
6488590656,6488590424,0.0143352365,0.028138518,0.00015635208
6488591914,6488591673,0.014352811,0.02807177,0.00015475115
6488600648,6488600412,0.014202375,0.027651124,0.00015314024
6488603142,6488602909,0.014187509,0.027499273,0.00015556977
6488606896,6488606654,0.014171023,0.027624715,0.00015893807
6488613133,6488612896,0.0139499465,0.027689628,0.0001556927
6488616870,6488616642,0.014170937,0.027599098,0.00015237159
6488624367,6488624133,0.0147191575,0.028322801,0.00016343704
6488628108,6488627878,0.014604084,0.028202942,0.00016927546
6488634359,6488634120,0.013915143,0.027566653,0.0001708136
6488638111,6488637866,0.013136504,0.02791599,0.00016939522
6488641857,6488641611,0.013080788,0.02799173,0.00016541399
6488648087,6488647853,0.015715385,0.027554398,0.00015452554
6488651829,6488651599,0.01625794,0.027531277,0.0001500501
6488660572,6488660338,0.012462923,0.0279222,0.00014605593
6488661819,6488661586,0.012416698,0.027865937,0.00014508655
6488670566,6488670325,0.014066228,0.027484877,0.000133813
6488673055,6488672822,0.01485006,0.027375279,0.00013352913
6488676800,6488676567,0.0153841935,0.027490027,0.00013567369
6488683039,6488682809,0.015547268,0.027884275,0.00013224926
6488686785,6488686555,0.014772276,0.027923292,0.00012547613
6488694298,6488694046,0.011988016,0.027797354,0.00011649777
6488696772,6488696542,0.011887829,0.02782902,0.00011504847
6488704274,6488704033,0.013922886,0.027955363,0.000110579036
6488708004,6488707778,0.015318297,0.027512526,0.000112814065
6488711758,6488711524,0.01591992,0.027460236,0.00011561321
6488717997,6488717766,0.014188697,0.027757887,0.000116909
6488721752,6488721512,0.013277192,0.027996857,0.00011173693
6488729235,6488729002,0.013683374,0.028118905,0.00010046177
6488732983,6488732747,0.014426176,0.027721353,9.795759e-05
6488740475,6488740238,0.014776522,0.02794054,0.00012072512
6488742973,6488742735,0.014492957,0.02793454,0.00012942101
6488746718,6488746480,0.014615379,0.027978858,0.00013883506
6488752961,6488752722,0.014418868,0.027958024,0.0001393835
6488756697,6488756468,0.013459812,0.02807049,0.00013415507
6488764191,6488763958,0.014000723,0.027657636,0.000116852934
6488767940,6488767704,0.014476817,0.027551671,0.000110970876
6488774176,6488773946,0.0147674605,0.028337628,0.0001077547
6488777921,6488777691,0.014490806,0.028050395,0.000105884
6488781669,6488781437,0.014123421,0.027608251,0.000104301944
6488787912,6488787679,0.014070888,0.027604094,0.00010934408
6488791660,6488791425,0.013481232,0.027462393,0.000116475596
6488800399,6488800164,0.014544986,0.02806992,0.00012821938
6488802903,6488802661,0.014752998,0.027968831,0.00012609335
6488810392,6488810151,0.01444297,0.027849218,0.00013096539
6488812887,6488812648,0.013986122,0.027811158,0.00013497745
6488816653,6488816394,0.013614042,0.028017176,0.00013800446
6488822863,6488822636,0.014229687,0.027857214,0.00014622908
6488826615,6488826383,0.014515134,0.027593112,0.00015144046
6488834111,6488833872,0.0138274245,0.02804189,0.00015457331
6488837844,6488837617,0.013373548,0.028154293,0.00015728251
6488844103,6488843859,0.014443438,0.02799406,0.00015282334
6488847847,6488847606,0.01500395,0.027563965,0.00014459305
6488851583,6488851350,0.015047423,0.027325189,0.00013412013
6488857821,6488857592,0.014303709,0.028004752,0.00012179769
6488861574,6488861338,0.014219657,0.02770918,0.00011616045
6488870335,6488870077,0.014145448,0.027872099,0.00011020179
6488872806,6488872573,0.0139582455,0.027916312,0.0001119282
6488880308,6488880064,0.0139397355,0.02758424,0.00011999383
6488882788,6488882561,0.014513616,0.02753942,0.00012175915
6488886536,6488886307,0.014723242,0.027789727,0.00012174119
6488894040,6488893797,0.014195146,0.02801539,0.00012100262
6488896526,6488896294,0.013946017,0.027970722,0.00012226941
6488904017,6488903785,0.014162772,0.027957788,0.0001207808
6488907761,6488907530,0.014140593,0.027924811,0.0001166777
6488914011,6488913772,0.014088803,0.027739506,0.000114050745
6488917754,6488917518,0.013917844,0.027766652,0.000114805116
6488921500,6488921263,0.014017996,0.027472101,0.00011145829
6488930241,6488930002,0.014580594,0.027858794,8.488034e-05
6488931503,6488931263,0.014512351,0.027851926,8.039691e-05
6488940223,6488939990,0.013970935,0.02786739,6.7140725e-05
6488942719,6488942487,0.014019602,0.027928906,6.70611e-05
6488950213,6488949978,0.014227449,0.02776733,6.980011e-05
6488952705,6488952474,0.014641432,0.02748399,7.383009e-05
6488956450,6488956219,0.014917624,0.027686648,7.787302e-05
6488963957,6488963719,0.014645084,0.027697802,8.544535e-05
6488966444,6488966207,0.014316983,0.027791686,9.132538e-05
6488973928,6488973698,0.013402527,0.027939567,0.00011258016
6488977682,6488977443,0.013150211,0.02805334,0.00012250847
6488981433,6488981189,0.013404509,0.027837617,0.00013187288
6488987662,6488987431,0.014452973,0.027808636,0.00013974706
6488991411,6488991176,0.015113422,0.027656758,0.00014003707
6489000151,6488999915,0.01406976,0.02782914,0.00015619551
6489001398,6489001164,0.013892812,0.027833253,0.00015961613
6489010147,6489009903,0.013662449,0.027904235,0.00016051598
6489012641,6489012400,0.0141377775,0.027862988,0.0001568665
6489020126,6489019890,0.014647698,0.02799968,0.0001499785
6489022619,6489022387,0.014508464,0.027968787,0.0001488263
6489026370,6489026133,0.014537862,0.027990669,0.00014539495
6489033865,6489033629,0.013551027,0.027893307,0.00013944277
6489036349,6489036120,0.012885957,0.027756251,0.00013637204
6489043844,6489043611,0.013688933,0.027692355,0.00012957628
6489047583,6489047356,0.014728856,0.0276424,0.00012983399
6489053827,6489053598,0.016076269,0.02760335,0.0001308061
6489057584,6489057348,0.014922831,0.0279408,0.00012790735
6489061333,6489061089,0.013582119,0.02800728,0.00012345666
6489070063,6489069828,0.013271432,0.02755106,0.0001099297
6489071324,6489071077,0.013785173,0.027483493,0.00010959624
6489080055,6489079816,0.015178674,0.027856827,0.00011785549
6489082589,6489082313,0.014856394,0.028000206,0.00012117411
6489091291,6489091052,0.013181941,0.027721487,0.00013212409
6489092530,6489092300,0.012877627,0.02766624,0.00013282901
6489096279,6489096046,0.012284519,0.027267009,0.0001330023
6489103767,6489103536,0.013511786,0.027705757,0.0001401176
6489106268,6489106033,0.014630717,0.027995683,0.00014336835
6489113792,6489113524,0.015772391,0.027799489,0.00014151595
6489117511,6489117271,0.0145658925,0.028084991,0.0001429686
6489125001,6489124760,0.0130555965,0.02810955,0.00013919699
6489127515,6489127264,0.012953356,0.028025335,0.00013702425
6489131241,6489131002,0.013188207,0.027803313,0.00013125545
6489139977,6489139742,0.014808924,0.027135229,0.00011417264
6489141226,6489140990,0.014792241,0.02719818,0.00011132824
6489149958,6489149729,0.014827247,0.027676074,0.00010789284
6489152466,6489152226,0.014756922,0.027907368,0.000107942535
6489159958,6489159717,0.013745846,0.028109558,0.00010253021
6489162444,6489162213,0.0133834025,0.027816448,0.000103376165
6489166190,6489165959,0.013551402,0.027738696,0.000107877626
6489173711,6489173450,0.014659502,0.027412714,0.00011479398
6489177436,6489177195,0.014921424,0.027718244,0.000114898976
6489183671,6489183437,0.014142478,0.028099691,0.00010992578
6489187415,6489187183,0.0134865595,0.027920928,0.000107318905
6489194917,6489194673,0.013715268,0.027833043,0.00010684618
6489197406,6489197170,0.013796354,0.027618269,0.00010673733
6489201154,6489200921,0.014020367,0.027636811,0.00010627091
6489209895,6489209654,0.014386233,0.027973866,0.00010414864
6489212380,6489212152,0.014794163,0.028004237,0.00010568676
6489219872,6489219642,0.014189462,0.028108938,9.979105e-05
6489222370,6489222139,0.014085381,0.027827216,9.825606e-05
6489229878,6489229630,0.013669123,0.027712844,0.00010647141
6489232355,6489232127,0.013516536,0.027729763,0.00010666928
6489236112,6489235873,0.014028567,0.027735932,0.000109524415
6489243592,6489243363,0.01476658,0.027442014,0.00012057872
6489247334,6489247108,0.014465983,0.027842944,0.00013297689
6489253582,6489253350,0.013020439,0.027919699,0.00015365359
6489257329,6489257097,0.0129867485,0.027876059,0.00016187478
6489264815,6489264586,0.014389561,0.028165052,0.00016101147
6489267320,6489267084,0.014831534,0.02800476,0.00015988218
6489271067,6489270828,0.015375368,0.0275013,0.00015848542
6489278552,6489278319,0.014342771,0.02774476,0.00015042372
6489282294,6489282064,0.013431632,0.028176408,0.0001444828
6489289787,6489289555,0.01362193,0.02763597,0.00013194073
6489292305,6489292052,0.014077941,0.027579715,0.00012845112
6489299778,6489299543,0.014603762,0.027768709,0.00012336532
6489302291,6489302041,0.014400565,0.027953075,0.00012227436
6489306019,6489305785,0.014080973,0.028008971,0.00011712326
6489313511,6489313276,0.014293433,0.027817942,0.00010684296
6489317261,6489317021,0.014024173,0.027628543,0.000101671794
6489323503,6489323264,0.013435685,0.02770118,9.6326345e-05
6489327248,6489327008,0.0137331905,0.027670588,9.8359924e-05
6489334733,6489334499,0.014159736,0.027404519,0.000107745334
6489339727,6489339493,0.014069475,0.027698345,0.00011107817
6489340983,6489340741,0.014044096,0.027727665,0.000112096815
6489349718,6489349481,0.01386376,0.02769489,0.00011853667
6489352208,6489351977,0.013804747,0.027745092,0.00012155202
6489359704,6489359468,0.013953887,0.028036041,0.00012878506
6489362193,6489361965,0.013735888,0.028169831,0.00012979246
6489369688,6489369456,0.013822246,0.027939936,0.00013853179
6489373441,6489373201,0.014183692,0.027646149,0.00013294967
6489375925,6489375698,0.014346148,0.027555527,0.00012633411
6489383422,6489383189,0.014589988,0.02769982,0.00011350242
6489387168,6489386934,0.014227094,0.027917247,0.000114440336
6489393419,6489393176,0.0136914,0.027890965,0.0001254846
6489397150,6489396921,0.013496443,0.027816113,0.00013566596
6489404661,6489404412,0.013723531,0.027751554,0.00015275013
6489408452,6489408158,0.0140866125,0.02771723,0.00015779347
6489410887,6489410654,0.014092836,0.027708545,0.0001560893
6489419631,6489419394,0.014679443,0.028035812,0.00013478394
6489422122,6489421891,0.014322536,0.027818743,0.00013047399
6489428366,6489428133,0.013681061,0.027391512,0.00013190995
6489432108,6489431878,0.013797971,0.027513735,0.00013446496
6489439645,6489439369,0.0140790865,0.028004715,0.00013784823
6489443366,6489443114,0.014572056,0.027809013,0.00013698016
6489445841,6489445611,0.014714493,0.02770643,0.00013685731
6489453336,6489453102,0.014334161,0.027929872,0.00013369694
6489457081,6489456847,0.0138110155,0.027928993,0.00012894254
6489463322,6489463089,0.013161764,0.027797872,0.000126132
6489467065,6489466834,0.013571109,0.027837893,0.0001290418
6489474559,6489474325,0.0143614495,0.027728586,0.0001296998
6489479554,6489479319,0.014736372,0.027855288,0.000126289
6489480800,6489480567,0.014827386,0.027842723,0.00012583662
6489488299,6489488058,0.01428559,0.027414052,0.00012424243
6489492039,6489491803,0.014019489,0.027575834,0.00012670826
6489499528,6489499294,0.013395299,0.02790831,0.00014353065
6489502039,6489501793,0.013784465,0.028073736,0.00014678693
6489509513,6489509282,0.014436848,0.027616013,0.00015043351
6489513267,6489513027,0.014873427,0.027442254,0.0001465121
6489515754,6489515524,0.014879425,0.02755036,0.00014059566
6489523248,6489523015,0.013435322,0.02789978,0.00012474609
6489526993,6489526760,0.0134557,0.027483474,0.00012469878
6489534492,6489534255,0.01362155,0.027480792,0.00012697527
6489536985,6489536747,0.013963537,0.027461367,0.00012651576
6489544495,6489544239,0.014970553,0.027778827,0.0001265561
6489549484,6489549233,0.014211393,0.027917905,0.000119168784
6489551959,6489551729,0.013808102,0.027934745,0.0001137649
6489559455,6489559220,0.013490901,0.027772285,9.752915e-05
6489561948,6489561716,0.013639296,0.027732007,9.562935e-05
6489569452,6489569208,0.014943233,0.027855013,9.857881e-05
6489571934,6489571704,0.015086715,0.027944868,0.000102311824
6489579427,6489579195,0.0140245,0.027961874,0.000106326144
6489583171,6489582940,0.013559371,0.027955659,0.00010333866
6489586933,6489586687,0.013148463,0.027737454,0.000101762744
6489593160,6489592928,0.014645464,0.027336612,0.00010609605
6489596901,6489596673,0.014649749,0.02775672,0.0001060031
6489604409,6489604164,0.014123952,0.027494248,9.895691e-05
6489606893,6489606661,0.01403101,0.027544666,0.000101439415
6489614388,6489614153,0.01363511,0.027945256,0.000106066465
6489619410,6489619146,0.014191842,0.02791733,0.00010387404
6489621872,6489621642,0.014374939,0.027833495,0.000104360086
6489629370,6489629133,0.014631474,0.02765067,0.00010542884
6489631861,6489631629,0.0143075595,0.02770096,0.00010877119
6489639352,6489639121,0.012869516,0.028056582,0.000115109
6489641844,6489641617,0.012894165,0.028054856,0.00011423446
6489649341,6489649108,0.014110519,0.027859384,0.000108100685
6489653093,6489652853,0.014808407,0.027852915,0.00010788467
6489656826,6489656599,0.014818055,0.028145457,0.00010904984
6489663073,6489662841,0.014124681,0.027937539,0.000110298584
6489666819,6489666586,0.013490391,0.02797476,0.00011168435
6489674369,6489674083,0.013324565,0.027882373,0.00012476886
6489676807,6489676574,0.013539103,0.027565548,0.00012718583
6489684301,6489684064,0.014728858,0.027434872,0.00013379256
6489689295,6489689058,0.014577254,0.027701814,0.00014054189
6489691792,6489691555,0.014586833,0.027725486,0.00014373849
6489699294,6489699046,0.014251969,0.027888881,0.00015054227
6489701777,6489701542,0.014018749,0.028110307,0.00015172036
6489709289,6489709034,0.014016297,0.027509125,0.0001465707
6489713019,6489712779,0.014371058,0.027580312,0.00014577704
6489719272,6489719021,0.014026668,0.028017882,0.00014471014
6489722994,6489722766,0.013924529,0.027803518,0.00014178867
6489726745,6489726512,0.014053632,0.0279339,0.00013782822
6489732990,6489732754,0.014040181,0.027669813,0.00013943402
6489736756,6489736499,0.013782071,0.027710257,0.0001432041
6489744222,6489743990,0.013781822,0.028147282,0.00014766035
6489749219,6489748984,0.0136472015,0.027840499,0.0001498839
6489754217,6489753984,0.013364457,0.027717387,0.00015127535
6489759204,6489758972,0.013673882,0.027948575,0.00014957352
6489761703,6489761468,0.0136916535,0.028078765,0.00014813997
6489769201,6489768959,0.014456244,0.027649144,0.00014683147
6489771686,6489771456,0.014635977,0.027463589,0.00014666622
6489779181,6489778947,0.014526495,0.027791126,0.0001478545
6489782935,6489782696,0.0143597005,0.02783354,0.00015035889
6489789165,6489788934,0.014251714,0.02787591,0.00015392562
6489792919,6489792679,0.014035416,0.027675584,0.00014837111
6489796656,6489796425,0.013848912,0.027478913,0.0001404985
6489802902,6489802667,0.0143043725,0.027327823,0.00012902915
6489806645,6489806413,0.014266344,0.027271966,0.00012296709
6489814134,6489813903,0.013701139,0.028216906,0.00011331788
6489819130,6489818897,0.013281066,0.028168999,0.00011572582
6489824133,6489823891,0.013453711,0.027866717,0.00011670726
6489829127,6489828885,0.013874335,0.028034687,0.00011852936
6489831615,6489831381,0.014009544,0.027937308,0.00011588862
6489839106,6489838872,0.014118415,0.027894666,0.00010973303
6489841607,6489841369,0.014075089,0.028064497,0.00010652856
6489849092,6489848860,0.013781225,0.028016772,9.8200275e-05
6489852839,6489852605,0.013545889,0.02765222,9.786131e-05
6489859088,6489858847,0.014132054,0.02767889,9.093865e-05
6489862822,6489862592,0.01431843,0.02752441,8.436136e-05
6489866571,6489866338,0.014083692,0.027590193,7.962171e-05
6489872814,6489872580,0.014467987,0.027687963,8.415398e-05
6489876556,6489876325,0.014493976,0.02759194,9.011968e-05
6489884055,6489883816,0.014301145,0.027749771,9.891374e-05
6489889050,6489888810,0.013775979,0.027942158,0.00010575316
6489894046,6489893804,0.013849238,0.028117314,0.00011561804
6489899034,6489898798,0.013125528,0.028315332,0.00012674043
6489901526,6489901294,0.013070152,0.02803935,0.00012896604
6489909025,6489908785,0.01646314,0.027604066,0.00013096599
6489911518,6489911282,0.015487135,0.027727064,0.00013018171
6489919008,6489918773,0.011695575,0.028137792,0.00014104956
6489922753,6489922518,0.011497168,0.027733104,0.00015158551
6489929001,6489928760,0.0144559555,0.027331483,0.00016429597
6489932737,6489932505,0.0149544105,0.02770486,0.00016853987
6489936491,6489936255,0.015140821,0.028141307,0.0001708583
6489943980,6489943741,0.014456814,0.028211456,0.00018605113
6489946489,6489946239,0.014302266,0.02811656,0.00018910781
6489953969,6489953729,0.011878137,0.027352681,0.00018061059
6489958964,6489958723,0.0122123035,0.027533691,0.00016810973
6489963951,6489963717,0.015502893,0.027559066,0.00016436257
6489968964,6489968711,0.01708142,0.027470082,0.00016480316
6489971452,6489971207,0.016371425,0.027659599,0.00016383367
6489978944,6489978698,0.012547587,0.027745338,0.00016879011
6489981429,6489981195,0.012067637,0.027792439,0.00017335791
6489988937,6489988686,0.013628494,0.027775388,0.0001876587
6489992658,6489992431,0.014704366,0.027632218,0.00018945255
6489998909,6489998674,0.01522843,0.028066663,0.00019219756
6490002706,6490002420,0.015264032,0.028034313,0.00019426097
6490006411,6490006164,0.014289929,0.028147811,0.00019872133
6490013899,6490013655,0.011654639,0.027509259,0.00019437211
6490016385,6490016152,0.011559419,0.027633883,0.00018990919
6490023879,6490023642,0.0142009165,0.027921492,0.0001792737
6490028870,6490028636,0.01619371,0.027712815,0.00017197413
6490033925,6490033632,0.015149451,0.027829537,0.00016211292
6490037608,6490037375,0.013889109,0.02807939,0.00015139564
6490041348,6490041121,0.012953443,0.028038505,0.00014262556
6490048848,6490048611,0.013532719,0.027756477,0.00014690589
6490051338,6490051108,0.014246611,0.02788971,0.00014923136
6490058831,6490058599,0.015181156,0.027879423,0.00015272899
6490062576,6490062344,0.014864727,0.027791899,0.00015588301
6490068823,6490068587,0.014089855,0.027378798,0.00016678103
6490072572,6490072332,0.013589625,0.027690316,0.00017130247
6490076325,6490076077,0.013485171,0.027989676,0.0001725336
6490083801,6490083568,0.014257194,0.02794481,0.00017011554
6490086315,6490086065,0.014474199,0.027753485,0.00017092127
6490093791,6490093555,0.0142199425,0.027951183,0.00016906015
6490098794,6490098549,0.013643824,0.028024638,0.00016592653
6490103780,6490103547,0.013537965,0.027896365,0.00016156971
6490108771,6490108537,0.013108793,0.027760895,0.00016066404
6490111278,6490111034,0.0132769495,0.027800072,0.00015944366
6490118760,6490118524,0.014583525,0.0277241,0.00014963059
6490122502,6490122270,0.0149110705,0.027723648,0.00014969741
6490128751,6490128512,0.014003449,0.027736833,0.0001545698
6490132492,6490132257,0.01361766,0.027441198,0.00016050391
6490139986,6490139748,0.014061415,0.027986117,0.00017443075
6490142485,6490142245,0.014624712,0.027997186,0.00017516933
6490146224,6490145990,0.015204901,0.027885228,0.00017104948
6490153723,6490153481,0.0142200235,0.027772203,0.00015164263
6490157462,6490157226,0.013366656,0.027762938,0.0001428173
6490163715,6490163468,0.012776311,0.027131421,0.00013314051
6490168719,6490168462,0.01329564,0.027742019,0.00012921734
6490174950,6490174704,0.014331043,0.027819775,0.00011960416
6490178685,6490178450,0.014576837,0.027940925,0.00011488267
6490181177,6490180947,0.014504655,0.027884064,0.000112508475
6490188674,6490188437,0.0137316305,0.028161263,0.00012071359
6490192424,6490192183,0.013088181,0.027978,0.00012898093
6490198663,6490198425,0.013161106,0.027755573,0.00013330608
6490202423,6490202170,0.014085626,0.027691035,0.00013045719
6490209932,6490209661,0.015311328,0.027828164,0.00014695134
6490212399,6490212158,0.015281401,0.02809009,0.00015487401
6490216138,6490215903,0.0145408595,0.028428154,0.00015654849
6490223630,6490223394,0.013007662,0.028100288,0.00015842912
6490228623,6490228389,0.013527811,0.027260626,0.00016164672
6490233619,6490233382,0.014561981,0.027511762,0.00015875862
6490238610,6490238376,0.014891716,0.027639532,0.00015250928
6490244868,6490244617,0.0145277325,0.027999965,0.00015187214
6490248606,6490248363,0.0137002915,0.028265435,0.00015061241
6490251090,6490250859,0.013145952,0.02816683,0.00014736163
6490258586,6490258350,0.01383221,0.027747488,0.00014608078
6490262335,6490262099,0.014624768,0.027633067,0.000152839
6490268583,6490268338,0.014811607,0.0275099,0.00015722282
6490272319,6490272085,0.014176757,0.027600272,0.00015566596
6490279807,6490279574,0.013265925,0.02818728,0.00013858677
6490282307,6490282073,0.013029637,0.02814264,0.00013585604
6490286052,6490285816,0.013125425,0.027980983,0.00013444536
6490293553,6490293307,0.013739638,0.027614797,0.0001385819
6490298539,6490298301,0.014339929,0.027850645,0.00015304954
6490303541,6490303295,0.014300356,0.02775343,0.00015540699
6490307282,6490307040,0.013888396,0.027870435,0.0001471091
6490314766,6490314530,0.013519841,0.028100828,0.0001287769
6490318517,6490318276,0.013707261,0.028083809,0.0001244134
6490321001,6490320773,0.01368159,0.028050344,0.00012389547
6490328510,6490328264,0.014371875,0.027938718,0.00013034182
6490332246,6490332009,0.01429609,0.027833628,0.00012673123
6490338504,6490338255,0.01363639,0.027694475,0.00011644234
6490342234,6490341996,0.013665442,0.027984742,0.00011491741
6490349731,6490349487,0.013604351,0.027982984,0.0001213801
6490353484,6490353233,0.01384521,0.027639296,0.0001261045
6490355965,6490355729,0.01411347,0.02770636,0.0001295635
6490363471,6490363220,0.014431583,0.027645972,0.00014192182
6490368467,6490368214,0.014194724,0.02777924,0.00014453608
6490373458,6490373208,0.013826479,0.028020877,0.00013894353
6490377206,6490376953,0.013585565,0.028199064,0.0001356534
6490384675,6490384443,0.013541417,0.0279283,0.00013620716
6490388440,6490388189,0.013776583,0.02776321,0.00013517258
6490390971,6490390686,0.014057729,0.027679328,0.00013535602
6490398419,6490398177,0.014603922,0.027417824,0.00013724231
6490402168,6490401922,0.014772424,0.02760328,0.00013761915
6490408411,6490408165,0.013600482,0.027806122,0.00013276693
6490412152,6490411910,0.0131546175,0.02791175,0.00012907613
6490419656,6490419400,0.013986257,0.027765017,0.00012916613
6490423410,6490423150,0.014488425,0.027893243,0.00012959717
6490425883,6490425643,0.0146177495,0.02797093,0.0001299122
6490433391,6490433133,0.0136141535,0.027872762,0.00012869164
6490438370,6490438127,0.012964071,0.027618064,0.00012878982
6490443388,6490443121,0.013377032,0.027421743,0.00012523368
6490448360,6490448119,0.013957463,0.027637135,0.00011760717
6490454594,6490454356,0.014435008,0.027561389,0.00010683545
6490458348,6490458102,0.014339523,0.027648598,0.00010572282
6490460833,6490460599,0.014437598,0.02784896,0.00010839537
6490468341,6490468090,0.013804541,0.027813163,0.00011456479
6490472086,6490471835,0.013491125,0.027851023,0.00010904497
6490478344,6490478078,0.013936258,0.028283,0.000106971915
6490482065,6490481822,0.014499033,0.028222224,0.000108032364
6490489558,6490489313,0.014312963,0.027799884,0.00011426784
6490493310,6490493059,0.013990631,0.027705757,0.00012264085
6490495797,6490495556,0.0135905435,0.02763892,0.00012645734
6490503302,6490503046,0.013737015,0.027829135,0.00013468912
6490509594,6490509297,0.013832957,0.028021738,0.00013787627
6490514525,6490514282,0.0141765755,0.028007241,0.00013199211
6490518284,6490518027,0.014123489,0.027941208,0.00012984971
6490524570,6490524275,0.01339384,0.0277632,0.00013225105
6490528273,6490528015,0.013506062,0.027847389,0.00013996549
6490530745,6490530512,0.01380145,0.027970469,0.00014641181
6490538257,6490538006,0.014006742,0.027642967,0.00015331386
6490541980,6490541748,0.014075562,0.027991643,0.00015011616
6490549493,6490549239,0.014237311,0.027815642,0.00013725941
6490551971,6490551736,0.014042906,0.027477846,0.00013212688
6490559491,6490559226,0.013243649,0.027789645,0.00012645953
6490563220,6490562972,0.013724678,0.027976004,0.00012416203
6490568209,6490567966,0.014363006,0.02802854,0.00012526264
6490573201,6490572959,0.014741303,0.027739083,0.00012901955
6490579442,6490579201,0.014214584,0.027881179,0.00013345665
6490584497,6490584200,0.013591451,0.027817903,0.00013272195
6490588193,6490587941,0.013368412,0.027762033,0.00012939305
6490594416,6490594183,0.013107758,0.027807582,0.000123821
6490598169,6490597928,0.013906236,0.02753078,0.00011962356
6490601947,6490601677,0.014276958,0.027583474,0.00011512156
6490608163,6490607916,0.014303696,0.028209716,0.00010382979
6490611895,6490611661,0.013958706,0.028192937,9.795488e-05
6490619419,6490619159,0.013522965,0.02749356,8.916511e-05
6490621949,6490621649,0.013863605,0.027756548,9.149777e-05
6490629440,6490629141,0.014871795,0.028047252,0.0001025186
6490633156,6490632885,0.015434053,0.027858412,0.00010463976
6490638131,6490637879,0.0151922135,0.028119428,0.000103636026
6490643133,6490642874,0.0145194465,0.027737847,0.000100430334
6490648108,6490647867,0.013231819,0.027844992,9.3774404e-05
6490654363,6490654108,0.012080015,0.027820064,9.235517e-05
6490659398,6490659103,0.012664369,0.028002689,9.4631316e-05
6490664344,6490664097,0.013628659,0.028270654,9.564408e-05
6490668106,6490667841,0.013928048,0.028074106,9.0853704e-05
6490671818,6490671587,0.014323414,0.027833335,8.190763e-05
6490678075,6490677829,0.013867741,0.02760633,7.2016555e-05
6490681858,6490681574,0.013875009,0.027696824,7.418743e-05
6490689364,6490689065,0.013472342,0.027932243,8.686057e-05
6490691794,6490691561,0.01340255,0.027946154,9.134051e-05
6490699304,6490699052,0.01405654,0.028242916,9.681057e-05
6490703038,6490702798,0.014560824,0.027758244,9.684227e-05
6490708036,6490707792,0.014977688,0.0278273,8.8180124e-05
6490713042,6490712786,0.014783883,0.027645878,9.1416994e-05
6490718020,6490717779,0.014178825,0.027848369,9.297634e-05
6490724262,6490724023,0.013672864,0.027503727,9.057229e-05
6490728009,6490727766,0.013049996,0.027578814,9.2183494e-05
6490734307,6490734009,0.012620011,0.02768921,9.941924e-05
6490737997,6490737754,0.013200081,0.027705146,0.00010202029
6490741774,6490741499,0.01379656,0.027974356,0.000104683495
6490747983,6490747742,0.014931191,0.027933974,0.00011469957
6490751730,6490751487,0.0146604255,0.02788951,0.00011681148
6490759215,6490758978,0.013659489,0.028246814,0.00010265354
6490762983,6490762732,0.013267077,0.028144073,0.00010247893
6490769220,6490768965,0.013703163,0.027766896,0.00010301087
6490772968,6490772711,0.014627105,0.02770027,0.00010107223
6490777943,6490777705,0.014523714,0.027605226,9.120332e-05
6490782946,6490782699,0.014135672,0.027832087,8.344168e-05
6490787940,6490787693,0.013118512,0.028171862,8.905014e-05
6490794226,6490793934,0.013115412,0.02826563,0.000106824984
6490797932,6490797680,0.013738432,0.027806174,0.000116101735
6490804160,6490803922,0.015836934,0.027494172,0.00012681905
6490809210,6490808919,0.015919669,0.027563285,0.00012396465
6490811650,6490811412,0.014883743,0.027560554,0.0001186325
6490817907,6490817658,0.012402511,0.027623862,0.00010721679
6490821645,6490821400,0.011226408,0.027768932,0.00010617317
6490829135,6490828891,0.012745311,0.027713027,0.00011000829
6490832897,6490832636,0.014520898,0.027987229,0.00011368038
6490839159,6490838878,0.015437123,0.028080722,0.000113728456
6490842868,6490842625,0.015000897,0.028087063,0.00011410633
6490847876,6490847618,0.014234368,0.027971197,0.00011786955
6490852873,6490852612,0.012628947,0.02791335,0.00012632017
6490857850,6490857605,0.012389326,0.027614037,0.00012787996
6490864080,6490863847,0.013780815,0.027834177,0.00012769754
6490867878,6490867593,0.015576121,0.027700663,0.00012780153
6490871583,6490871338,0.01594042,0.02765443,0.00012243063
6490877830,6490877580,0.014134988,0.02797175,0.000115335984
6490881587,6490881326,0.012994861,0.028020505,0.00011419904
6490889067,6490888816,0.012530093,0.027698128,0.00010820233
6490891580,6490891317,0.012984853,0.02770928,0.00010196981
6490899120,6490898804,0.014824856,0.027772225,8.4163745e-05
6490902795,6490902550,0.015375702,0.027878707,7.5506854e-05
6490909036,6490908792,0.014452084,0.027737072,7.6443976e-05
6490912783,6490912537,0.013443025,0.027789865,8.395175e-05
6490917776,6490917531,0.012608156,0.027764538,9.5197676e-05
6490924011,6490923773,0.013431861,0.027908778,9.900718e-05
6490927775,6490927519,0.014523113,0.027692422,9.7674965e-05
6490934002,6490933760,0.015627509,0.028064936,0.00010132795
6490937753,6490937506,0.015097471,0.02815964,0.000107516025
6490941490,6490941254,0.013883362,0.027983587,0.000112636415
6490947747,6490947493,0.012568773,0.02809907,0.00011398216
6490951526,6490951243,0.012344275,0.02771935,0.000114446404
6490959007,6490958734,0.013829554,0.028112788,0.00012752066
6490961486,6490961226,0.01462415,0.02808112,0.00012989424
6490968964,6490968717,0.0151828695,0.027765969,0.00013859176
6490972720,6490972462,0.014540659,0.028006515,0.00014305915
6490976456,6490976208,0.013736034,0.027981488,0.00014478093
6490982696,6490982450,0.013487855,0.028111624,0.00014783026
6490987687,6490987444,0.013383067,0.028119402,0.00015419746
6490993937,6490993686,0.014088155,0.027440855,0.00015708478
6490997680,6490997431,0.014571057,0.027356999,0.00016034163
6491003934,6491003673,0.014489472,0.028004376,0.00016268094
6491007661,6491007419,0.013854585,0.028206114,0.00016483908
6491011443,6491011166,0.0131474,0.028000154,0.00016265505
6491017651,6491017407,0.01175994,0.028015992,0.00014132174
6491021393,6491021152,0.011568998,0.027972633,0.00012767078
6491028902,6491028642,0.015659016,0.027669098,0.00012822544
6491031371,6491031139,0.017997991,0.027660705,0.00013114556
6491038894,6491038630,0.018557908,0.027589774,0.00012304135
6491042633,6491042375,0.014606572,0.028280383,0.00011428801
6491047638,6491047369,0.007604754,0.028606754,9.87851e-05
6491052599,6491052363,0.005483484,0.027920049,8.745868e-05
6491057607,6491057357,0.011384245,0.0276094,8.840273e-05
6491063871,6491063599,0.021946015,0.027372696,9.577036e-05
6491067592,6491067344,0.02404094,0.02773676,9.5739306e-05
6491073823,6491073586,0.015034024,0.028593507,9.261093e-05
6491077574,6491077332,0.006640083,0.028557954,9.020069e-05
6491081325,6491081077,0.0022027262,0.028171735,8.851404e-05
6491087566,6491087320,0.008788302,0.027302515,9.035472e-05
6491091312,6491091065,0.017805738,0.027557021,9.3442286e-05
6491098799,6491098555,0.026456904,0.027766217,9.5909774e-05
6491101312,6491101052,0.023800675,0.027960451,9.245818e-05
6491108810,6491108544,0.008355973,0.028329015,8.391026e-05
6491112533,6491112289,0.004101381,0.027869271,8.1684935e-05
6491117524,6491117282,0.0060904208,0.027465804,8.360579e-05
6491122521,6491122276,0.014066402,0.027608288,8.748524e-05
6491127512,6491127270,0.020867981,0.027798526,8.83285e-05
6491133816,6491133512,0.018636007,0.027834136,7.357271e-05
6491137498,6491137257,0.013528225,0.027789608,6.166527e-05
6491143736,6491143499,0.007435451,0.027172804,5.1386345e-05
6491147498,6491147245,0.007611257,0.027471198,4.5180364e-05
6491151228,6491150990,0.010444422,0.0278032,3.9810857e-05
6491157481,6491157233,0.01660436,0.027855908,3.9622628e-05
6491161243,6491160978,0.018740198,0.027995024,4.0291205e-05
6491168730,6491168469,0.016071614,0.028164962,5.1596664e-05
6491172461,6491172214,0.012508741,0.0283518,6.0093025e-05
6491178712,6491178458,0.008974304,0.028060213,7.1303046e-05
6491182445,6491182202,0.010158262,0.027907768,7.344494e-05
6491187437,6491187195,0.0151160965,0.02789764,7.94756e-05
6491192444,6491192189,0.019459521,0.027798958,8.349307e-05
6491196188,6491195934,0.020059638,0.027919233,8.988672e-05
6491203657,6491203425,0.01459461,0.027947787,0.00010272388
6491207427,6491207170,0.0109203,0.027730362,0.00011012209
6491213665,6491213413,0.008016384,0.027939577,0.000116921095
6491217402,6491217158,0.009967643,0.027713522,0.00011548375
6491221171,6491220905,0.014011123,0.027676629,0.00011940626
6491227397,6491227150,0.018406147,0.02815414,0.00012380655
6491231133,6491230891,0.018181583,0.028072884,0.00011942298
6491238634,6491238381,0.012334808,0.02785768,0.0001075516
6491242367,6491242127,0.009707651,0.027936338,0.00010731637
6491248622,6491248375,0.010262272,0.027897729,0.000110616405
6491252365,6491252115,0.012827829,0.02775564,0.000116007024
6491257347,6491257108,0.017198278,0.027657624,0.00012232557
6491262346,6491262103,0.019514067,0.027759712,0.0001253275
6491267341,6491267096,0.017443376,0.028091725,0.00012611199
6491273580,6491273340,0.012764267,0.02759727,0.00012311459
6491277341,6491277084,0.010607264,0.027800038,0.000120436365
6491283565,6491283326,0.010775002,0.027957028,0.00010329667
6491287318,6491287071,0.012475767,0.027647763,9.567497e-05
6491291058,6491290816,0.014061991,0.027879478,9.140228e-05
6491297311,6491297062,0.0153009,0.027963705,8.912888e-05
6491301043,6491300804,0.014871385,0.027714051,8.1198e-05
6491308539,6491308295,0.012170542,0.027911711,5.4740685e-05
6491312298,6491312040,0.01202896,0.028163595,5.0586816e-05
6491318562,6491318287,0.014058551,0.028028525,5.9455324e-05
6491322281,6491322028,0.015652182,0.027761683,6.921857e-05
6491327294,6491327025,0.01586053,0.027772607,8.0447564e-05
6491333512,6491333264,0.014156911,0.028285556,8.633711e-05
