timestamp,timestamp_sample,position[0],position[1],position[2],q[0],q[1],q[2],q[3],velocity[0],velocity[1],velocity[2],angular_velocity[0],angular_velocity[1],angular_velocity[2],position_variance[0],position_variance[1],position_variance[2],orientation_variance[0],orientation_variance[1],orientation_variance[2],velocity_variance[0],velocity_variance[1],velocity_variance[2],pose_frame,velocity_frame,reset_counter,quality
5696514564,5696514559,-0.17147744,0.06376511,-0.47557068,0.017436707,-0.050814,0.032157086,-0.998038,nan,nan,nan,nan,nan,nan,0.0,0.0,0.0,0.0,0.0,0.0,nan,nan,nan,1,0,0,0
5696530671,5696530667,-0.17135516,0.06516837,-0.47949812,0.013952389,-0.058288388,0.036426686,-0.9975375,nan,nan,nan,nan,nan,nan,0.0,0.0,0.0,0.0,0.0,0.0,nan,nan,nan,1,0,0,0
5696538295,5696538290,-0.17149752,0.06478708,-0.48057625,0.012061064,-0.0611597,0.033442687,-0.9974947,nan,nan,nan,nan,nan,nan,0.0,0.0,0.0,0.0,0.0,0.0,nan,nan,nan,1,0,0,0
5696546075,5696546070,-0.17177989,0.06328387,-0.48064864,0.017464453,-0.046559684,0.03275718,-0.99822545,nan,nan,nan,nan,nan,nan,0.0,0.0,0.0,0.0,0.0,0.0,nan,nan,nan,1,0,0,0
5696555508,5696555502,-0.1718597,0.06326873,-0.48189873,0.017069103,-0.046989545,0.032062203,-0.9982348,nan,nan,nan,nan,nan,nan,0.0,0.0,0.0,0.0,0.0,0.0,nan,nan,nan,1,0,0,0
5696564760,5696564754,-0.17191236,0.063263655,-0.48307002,0.016658846,-0.046606638,0.03214488,-0.998257,nan,nan,nan,nan,nan,nan,0.0,0.0,0.0,0.0,0.0,0.0,nan,nan,nan,1,0,0,0
5696571295,5696571289,-0.17198475,0.06377211,-0.4844814,0.01571896,-0.050247,0.032553177,-0.99808234,nan,nan,nan,nan,nan,nan,0.0,0.0,0.0,0.0,0.0,0.0,nan,nan,nan,1,0,0,0
5696580305,5696580299,-0.17179325,0.064639054,-0.48636475,0.0121426685,-0.058614124,0.029143741,-0.9977814,nan,nan,nan,nan,nan,nan,0.0,0.0,0.0,0.0,0.0,0.0,nan,nan,nan,1,0,0,0
5696587304,5696587298,-0.17197633,0.06420999,-0.48701617,0.013759546,-0.053261466,0.02756868,-0.9981051,nan,nan,nan,nan,nan,nan,0.0,0.0,0.0,0.0,0.0,0.0,nan,nan,nan,1,0,0,0
5696598303,5696598297,-0.17209077,0.0639561,-0.48768795,0.0150540825,-0.050709434,0.029233696,-0.998172,nan,nan,nan,nan,nan,nan,0.0,0.0,0.0,0.0,0.0,0.0,nan,nan,nan,1,0,0,0
5696604297,5696604291,-0.17220409,0.06350342,-0.48830986,0.015608378,-0.047456756,0.031630177,-0.99825037,nan,nan,nan,nan,nan,nan,0.0,0.0,0.0,0.0,0.0,0.0,nan,nan,nan,1,0,0,0
5696614194,5696614188,-0.17228363,0.06348128,-0.4890857,0.015378551,-0.046912998,0.031790473,-0.9982745,nan,nan,nan,nan,nan,nan,0.0,0.0,0.0,0.0,0.0,0.0,nan,nan,nan,1,0,0,0
5696622330,5696622290,-0.17240982,0.063436106,-0.48980343,0.014912837,-0.047346544,0.03213733,-0.99825,nan,nan,nan,nan,nan,nan,0.0,0.0,0.0,0.0,0.0,0.0,nan,nan,nan,1,0,0,0
5696630357,5696630352,-0.17239979,0.06329919,-0.49043682,0.014605984,-0.046583284,0.032420926,-0.9982813,nan,nan,nan,nan,nan,nan,0.0,0.0,0.0,0.0,0.0,0.0,nan,nan,nan,1,0,0,0
5696637359,5696637354,-0.17231083,0.06415702,-0.49167308,0.012039217,-0.054960657,0.028578836,-0.9980069,nan,nan,nan,nan,nan,nan,0.0,0.0,0.0,0.0,0.0,0.0,nan,nan,nan,1,0,0,0
5696646541,5696646536,-0.17233707,0.06417988,-0.49223724,0.011946744,-0.054181192,0.028928999,-0.9980405,nan,nan,nan,nan,nan,nan,0.0,0.0,0.0,0.0,0.0,0.0,nan,nan,nan,1,0,0,0
5696655368,5696655363,-0.1725097,0.0633451,-0.49207395,0.014005391,-0.04617222,0.033571783,-0.9982709,nan,nan,nan,nan,nan,nan,0.0,0.0,0.0,0.0,0.0,0.0,nan,nan,nan,1,0,0,0
5696663986,5696663980,-0.172482,0.06336978,-0.4924776,0.013712863,-0.046147093,0.03306218,-0.9982932,nan,nan,nan,nan,nan,nan,0.0,0.0,0.0,0.0,0.0,0.0,nan,nan,nan,1,0,0,0
5696671462,5696671433,-0.17240664,0.0634219,-0.49275702,0.013854045,-0.04605138,0.032697376,-0.9983077,nan,nan,nan,nan,nan,nan,0.0,0.0,0.0,0.0,0.0,0.0,nan,nan,nan,1,0,0,0
5696679471,5696679466,-0.17242034,0.06341184,-0.4929625,0.013802443,-0.046279542,0.032868408,-0.9982922,nan,nan,nan,nan,nan,nan,0.0,0.0,0.0,0.0,0.0,0.0,nan,nan,nan,1,0,0,0
5696689291,5696689286,-0.17243624,0.06337819,-0.4930998,0.013955813,-0.0463415,0.032919303,-0.9982855,nan,nan,nan,nan,nan,nan,0.0,0.0,0.0,0.0,0.0,0.0,nan,nan,nan,1,0,0,0
5696696414,5696696408,-0.17241713,0.06336473,-0.49318066,0.013948327,-0.046498813,0.03303128,-0.99827456,nan,nan,nan,nan,nan,nan,0.0,0.0,0.0,0.0,0.0,0.0,nan,nan,nan,1,0,0,0
5696708292,5696708286,-0.17238396,0.0633694,-0.49320862,0.014111214,-0.046565533,0.03321694,-0.99826306,nan,nan,nan,nan,nan,nan,0.0,0.0,0.0,0.0,0.0,0.0,nan,nan,nan,1,0,0,0
5696714294,5696714288,-0.17228256,0.06331627,-0.49313298,0.014608543,-0.046899535,0.03362575,-0.9982266,nan,nan,nan,nan,nan,nan,0.0,0.0,0.0,0.0,0.0,0.0,nan,nan,nan,1,0,0,0
5696721378,5696721372,-0.17226401,0.06331433,-0.4931202,0.014704039,-0.04702233,0.033895034,-0.9982103,nan,nan,nan,nan,nan,nan,0.0,0.0,0.0,0.0,0.0,0.0,nan,nan,nan,1,0,0,0
5696729317,5696729311,-0.1723132,0.0634082,-0.49307314,0.014877513,-0.047870234,0.034051437,-0.9981621,nan,nan,nan,nan,nan,nan,0.0,0.0,0.0,0.0,0.0,0.0,nan,nan,nan,1,0,0,0
5696738298,5696738293,-0.17233007,0.0634098,-0.49304026,0.014758855,-0.047939785,0.03426637,-0.9981532,nan,nan,nan,nan,nan,nan,0.0,0.0,0.0,0.0,0.0,0.0,nan,nan,nan,1,0,0,0
5696745764,5696745758,-0.17226227,0.06381974,-0.4933391,0.014036375,-0.050164204,0.03440928,-0.9980494,nan,nan,nan,nan,nan,nan,0.0,0.0,0.0,0.0,0.0,0.0,nan,nan,nan,1,0,0,0
5696755303,5696755298,-0.17225873,0.06379304,-0.4933009,0.014213201,-0.049642593,0.034440856,-0.99807185,nan,nan,nan,nan,nan,nan,0.0,0.0,0.0,0.0,0.0,0.0,nan,nan,nan,1,0,0,0
5696763576,5696763571,-0.17245892,0.06333379,-0.49305072,0.014175069,-0.04743881,0.034412295,-0.99818057,nan,nan,nan,nan,nan,nan,0.0,0.0,0.0,0.0,0.0,0.0,nan,nan,nan,1,0,0,0
5696772295,5696772289,-0.1723198,0.063318685,-0.49297658,0.01480978,-0.047107317,0.034355164,-0.998189,nan,nan,nan,nan,nan,nan,0.0,0.0,0.0,0.0,0.0,0.0,nan,nan,nan,1,0,0,0
5696781859,5696781854,-0.1724575,0.06331923,-0.49301735,0.014295355,-0.047423705,0.034591496,-0.9981734,nan,nan,nan,nan,nan,nan,0.0,0.0,0.0,0.0,0.0,0.0,nan,nan,nan,1,0,0,0
5696788306,5696788299,-0.17244582,0.063332945,-0.4930306,0.01435051,-0.047448166,0.034597635,-0.99817127,nan,nan,nan,nan,nan,nan,0.0,0.0,0.0,0.0,0.0,0.0,nan,nan,nan,1,0,0,0
5696796298,5696796291,-0.17242654,0.06331741,-0.49301472,0.014434663,-0.0474752,0.03467774,-0.9981659,nan,nan,nan,nan,nan,nan,0.0,0.0,0.0,0.0,0.0,0.0,nan,nan,nan,1,0,0,0
5696805292,5696805287,-0.17240278,0.06331543,-0.49302384,0.014626161,-0.04744477,0.034547776,-0.9981692,nan,nan,nan,nan,nan,nan,0.0,0.0,0.0,0.0,0.0,0.0,nan,nan,nan,1,0,0,0
5696813875,5696813870,-0.1723741,0.06325286,-0.492974,0.014909325,-0.04719113,0.03493963,-0.99816334,nan,nan,nan,nan,nan,nan,0.0,0.0,0.0,0.0,0.0,0.0,nan,nan,nan,1,0,0,0
5696821306,5696821300,-0.17235652,0.06326434,-0.4929852,0.015210213,-0.047162544,0.034932114,-0.99816036,nan,nan,nan,nan,nan,nan,0.0,0.0,0.0,0.0,0.0,0.0,nan,nan,nan,1,0,0,0
5696830300,5696830294,-0.17232181,0.06324696,-0.49299052,0.01547529,-0.047226105,0.0348793,-0.9981551,nan,nan,nan,nan,nan,nan,0.0,0.0,0.0,0.0,0.0,0.0,nan,nan,nan,1,0,0,0
5696838713,5696838708,-0.17230107,0.06326237,-0.49300045,0.015845995,-0.046922408,0.034826685,-0.9981654,nan,nan,nan,nan,nan,nan,0.0,0.0,0.0,0.0,0.0,0.0,nan,nan,nan,1,0,0,0
5696846311,5696846305,-0.17228346,0.06325124,-0.49303627,0.016134208,-0.047016952,0.03478816,-0.99815774,nan,nan,nan,nan,nan,nan,0.0,0.0,0.0,0.0,0.0,0.0,nan,nan,nan,1,0,0,0
5696855307,5696855302,-0.17227238,0.06325218,-0.49303028,0.016385237,-0.04703275,0.03478685,-0.99815303,nan,nan,nan,nan,nan,nan,0.0,0.0,0.0,0.0,0.0,0.0,nan,nan,nan,1,0,0,0
5696863498,5696863492,-0.17226972,0.063255735,-0.4930113,0.016549153,-0.046942182,0.03470933,-0.9981572,nan,nan,nan,nan,nan,nan,0.0,0.0,0.0,0.0,0.0,0.0,nan,nan,nan,1,0,0,0
5696871296,5696871291,-0.17218474,0.06382299,-0.49343094,0.015292443,-0.05108702,0.03455074,-0.99797916,nan,nan,nan,nan,nan,nan,0.0,0.0,0.0,0.0,0.0,0.0,nan,nan,nan,1,0,0,0
5696879178,5696879172,-0.17226617,0.063256465,-0.49303645,0.01654405,-0.047039658,0.034727875,-0.998152,nan,nan,nan,nan,nan,nan,0.0,0.0,0.0,0.0,0.0,0.0,nan,nan,nan,1,0,0,0
5696888299,5696888293,-0.1722825,0.06327506,-0.49304205,0.016518448,-0.047074597,0.0347033,-0.99815166,nan,nan,nan,nan,nan,nan,0.0,0.0,0.0,0.0,0.0,0.0,nan,nan,nan,1,0,0,0
5696896296,5696896289,-0.1721349,0.06376013,-0.49334276,0.016073316,-0.049450345,0.03401555,-0.99806774,nan,nan,nan,nan,nan,nan,0.0,0.0,0.0,0.0,0.0,0.0,nan,nan,nan,1,0,0,0
5696905287,5696905281,-0.17231195,0.06325573,-0.49304152,0.016361153,-0.047053438,0.034738444,-0.99815404,nan,nan,nan,nan,nan,nan,0.0,0.0,0.0,0.0,0.0,0.0,nan,nan,nan,1,0,0,0
5696914107,5696914102,-0.17233823,0.063267685,-0.49303555,0.016284116,-0.047005314,0.034682557,-0.9981595,nan,nan,nan,nan,nan,nan,0.0,0.0,0.0,0.0,0.0,0.0,nan,nan,nan,1,0,0,0
5696924349,5696924344,-0.1723694,0.063266315,-0.49302468,0.016195089,-0.046997346,0.034547895,-0.99816597,nan,nan,nan,nan,nan,nan,0.0,0.0,0.0,0.0,0.0,0.0,nan,nan,nan,1,0,0,0
5696930302,5696930297,-0.17224295,0.06329074,-0.49298763,0.016679063,-0.046683196,0.034360807,-0.9981792,nan,nan,nan,nan,nan,nan,0.0,0.0,0.0,0.0,0.0,0.0,nan,nan,nan,1,0,0,0
5696938340,5696938334,-0.17226717,0.06330027,-0.49298623,0.016562836,-0.04669811,0.03429642,-0.9981827,nan,nan,nan,nan,nan,nan,0.0,0.0,0.0,0.0,0.0,0.0,nan,nan,nan,1,0,0,0
5696945578,5696945572,-0.17228472,0.063302144,-0.49297416,0.01647757,-0.04645924,0.03422244,-0.9981978,nan,nan,nan,nan,nan,nan,0.0,0.0,0.0,0.0,0.0,0.0,nan,nan,nan,1,0,0,0
5696955315,5696955309,-0.17228393,0.06335208,-0.49301744,0.016284725,-0.0469264,0.033879884,-0.99819076,nan,nan,nan,nan,nan,nan,0.0,0.0,0.0,0.0,0.0,0.0,nan,nan,nan,1,0,0,0
5696963859,5696963854,-0.17244852,0.06334804,-0.49307132,0.015501475,-0.047368992,0.034145784,-0.99817324,nan,nan,nan,nan,nan,nan,0.0,0.0,0.0,0.0,0.0,0.0,nan,nan,nan,1,0,0,0
5696971296,5696971290,-0.17246632,0.063341424,-0.49308115,0.015368558,-0.047266763,0.034089055,-0.9981821,nan,nan,nan,nan,nan,nan,0.0,0.0,0.0,0.0,0.0,0.0,nan,nan,nan,1,0,0,0
5696979805,5696979800,-0.17248602,0.063345015,-0.49307027,0.015232129,-0.04728281,0.034034923,-0.99818534,nan,nan,nan,nan,nan,nan,0.0,0.0,0.0,0.0,0.0,0.0,nan,nan,nan,1,0,0,0
5696988308,5696988301,-0.17251591,0.06335565,-0.49307063,0.015116696,-0.04727035,0.034087874,-0.9981858,nan,nan,nan,nan,nan,nan,0.0,0.0,0.0,0.0,0.0,0.0,nan,nan,nan,1,0,0,0
5696997736,5696997731,-0.1724013,0.06335169,-0.4930176,0.015462686,-0.04700246,0.033906635,-0.9981994,nan,nan,nan,nan,nan,nan,0.0,0.0,0.0,0.0,0.0,0.0,nan,nan,nan,1,0,0,0
5697004295,5697004289,-0.17240731,0.063370615,-0.4930218,0.015388402,-0.04693462,0.033959463,-0.9982019,nan,nan,nan,nan,nan,nan,0.0,0.0,0.0,0.0,0.0,0.0,nan,nan,nan,1,0,0,0
5697014239,5697014233,-0.17241861,0.06335972,-0.49301168,0.015241764,-0.046965916,0.034005184,-0.9982012,nan,nan,nan,nan,nan,nan,0.0,0.0,0.0,0.0,0.0,0.0,nan,nan,nan,1,0,0,0
5697021304,5697021299,-0.17242151,0.06335571,-0.49301797,0.015192068,-0.047069263,0.034021214,-0.99819654,nan,nan,nan,nan,nan,nan,0.0,0.0,0.0,0.0,0.0,0.0,nan,nan,nan,1,0,0,0
5697030293,5697030288,-0.17241317,0.06336436,-0.49301448,0.015223775,-0.047029793,0.03401462,-0.9981981,nan,nan,nan,nan,nan,nan,0.0,0.0,0.0,0.0,0.0,0.0,nan,nan,nan,1,0,0,0
5697038471,5697038293,-0.17241383,0.06335591,-0.49300444,0.015250139,-0.0469981,0.033965964,-0.99820083,nan,nan,nan,nan,nan,nan,0.0,0.0,0.0,0.0,0.0,0.0,nan,nan,nan,1,0,0,0
5697046078,5697046072,-0.17241564,0.0633379,-0.49301252,0.015279173,-0.04707436,0.034081735,-0.99819285,nan,nan,nan,nan,nan,nan,0.0,0.0,0.0,0.0,0.0,0.0,nan,nan,nan,1,0,0,0
5697055299,5697055291,-0.17239852,0.06334367,-0.49301764,0.015281657,-0.047153573,0.03408614,-0.99818885,nan,nan,nan,nan,nan,nan,0.0,0.0,0.0,0.0,0.0,0.0,nan,nan,nan,1,0,0,0
5697063768,5697063762,-0.1723921,0.0633379,-0.49302822,0.015314453,-0.047217026,0.034021486,-0.9981876,nan,nan,nan,nan,nan,nan,0.0,0.0,0.0,0.0,0.0,0.0,nan,nan,nan,1,0,0,0
5697071297,5697071291,-0.17238177,0.06335334,-0.4930146,0.0153620485,-0.047180988,0.034132745,-0.99818486,nan,nan,nan,nan,nan,nan,0.0,0.0,0.0,0.0,0.0,0.0,nan,nan,nan,1,0,0,0
5697080228,5697080223,-0.17249788,0.06333883,-0.49304363,0.014875804,-0.047464468,0.03431725,-0.99817234,nan,nan,nan,nan,nan,nan,0.0,0.0,0.0,0.0,0.0,0.0,nan,nan,nan,1,0,0,0
5697087561,5697087554,-0.17249969,0.06325567,-0.49299118,0.015001356,-0.047152437,0.03492196,-0.9981645,nan,nan,nan,nan,nan,nan,0.0,0.0,0.0,0.0,0.0,0.0,nan,nan,nan,1,0,0,0
5697097705,5697097700,-0.17246401,0.06325156,-0.49297637,0.015198203,-0.047090977,0.03501519,-0.998161,nan,nan,nan,nan,nan,nan,0.0,0.0,0.0,0.0,0.0,0.0,nan,nan,nan,1,0,0,0
5697104332,5697104327,-0.17244066,0.06325378,-0.49294814,0.01531496,-0.047210563,0.035188545,-0.9981475,nan,nan,nan,nan,nan,nan,0.0,0.0,0.0,0.0,0.0,0.0,nan,nan,nan,1,0,0,0
5697114168,5697114163,-0.17241952,0.06322834,-0.4929179,0.015437709,-0.047399353,0.035438333,-0.9981278,nan,nan,nan,nan,nan,nan,0.0,0.0,0.0,0.0,0.0,0.0,nan,nan,nan,1,0,0,0
5697123376,5697123371,-0.17231102,0.063804075,-0.4933006,0.014262453,-0.05153924,0.035583947,-0.99793494,nan,nan,nan,nan,nan,nan,0.0,0.0,0.0,0.0,0.0,0.0,nan,nan,nan,1,0,0,0
5697130298,5697130292,-0.17229311,0.06378359,-0.4932462,0.014449867,-0.05142319,0.035863537,-0.9979282,nan,nan,nan,nan,nan,nan,0.0,0.0,0.0,0.0,0.0,0.0,nan,nan,nan,1,0,0,0
5697138378,5697138373,-0.17236349,0.06313844,-0.49276724,0.01610101,-0.046633605,0.036376286,-0.9981196,nan,nan,nan,nan,nan,nan,0.0,0.0,0.0,0.0,0.0,0.0,nan,nan,nan,1,0,0,0
5697146574,5697146568,-0.17226312,0.0637704,-0.49317652,0.014673977,-0.05148443,0.036568947,-0.99789613,nan,nan,nan,nan,nan,nan,0.0,0.0,0.0,0.0,0.0,0.0,nan,nan,nan,1,0,0,0
5697155307,5697155301,-0.17233218,0.06312374,-0.49269542,0.016377652,-0.046749488,0.037012704,-0.99808633,nan,nan,nan,nan,nan,nan,0.0,0.0,0.0,0.0,0.0,0.0,nan,nan,nan,1,0,0,0
5697163931,5697163925,-0.17231867,0.06311203,-0.49265134,0.016551783,-0.046730787,0.03720259,-0.9980773,nan,nan,nan,nan,nan,nan,0.0,0.0,0.0,0.0,0.0,0.0,nan,nan,nan,1,0,0,0
5697171297,5697171291,-0.17230444,0.06309785,-0.49261418,0.016646313,-0.04677645,0.03737662,-0.998067,nan,nan,nan,nan,nan,nan,0.0,0.0,0.0,0.0,0.0,0.0,nan,nan,nan,1,0,0,0
5697179540,5697179534,-0.17231113,0.06310715,-0.4926058,0.016573427,-0.046874866,0.037478875,-0.9980598,nan,nan,nan,nan,nan,nan,0.0,0.0,0.0,0.0,0.0,0.0,nan,nan,nan,1,0,0,0
5697188323,5697188318,-0.17222042,0.06377679,-0.49307165,0.0147641,-0.0523082,0.037583932,-0.9978143,nan,nan,nan,nan,nan,nan,0.0,0.0,0.0,0.0,0.0,0.0,nan,nan,nan,1,0,0,0
5697196293,5697196287,-0.17231756,0.06311063,-0.49257126,0.01640108,-0.046883736,0.037780583,-0.9980508,nan,nan,nan,nan,nan,nan,0.0,0.0,0.0,0.0,0.0,0.0,nan,nan,nan,1,0,0,0
5697205292,5697205286,-0.17224854,0.0637732,-0.49300665,0.014625148,-0.052003644,0.037646174,-0.99782985,nan,nan,nan,nan,nan,nan,0.0,0.0,0.0,0.0,0.0,0.0,nan,nan,nan,1,0,0,0
5697214121,5697214116,-0.17229475,0.063117206,-0.49249685,0.016229004,-0.046550665,0.037637115,-0.9980747,nan,nan,nan,nan,nan,nan,0.0,0.0,0.0,0.0,0.0,0.0,nan,nan,nan,1,0,0,0
5697223289,5697223283,-0.17232488,0.06313919,-0.49249002,0.015933733,-0.046436872,0.037589785,-0.9980865,nan,nan,nan,nan,nan,nan,0.0,0.0,0.0,0.0,0.0,0.0,nan,nan,nan,1,0,0,0
5697229472,5697229302,-0.17235422,0.063153565,-0.49250352,0.015619934,-0.04648053,0.037569825,-0.99809027,nan,nan,nan,nan,nan,nan,0.0,0.0,0.0,0.0,0.0,0.0,nan,nan,nan,1,0,0,0
5697238499,5697238492,-0.17238675,0.06314836,-0.4925246,0.0152653195,-0.04641642,0.037292335,-0.99810916,nan,nan,nan,nan,nan,nan,0.0,0.0,0.0,0.0,0.0,0.0,nan,nan,nan,1,0,0,0
5697246487,5697246481,-0.17231007,0.063752435,-0.4929976,0.013850269,-0.050655093,0.03706529,-0.997932,nan,nan,nan,nan,nan,nan,0.0,0.0,0.0,0.0,0.0,0.0,nan,nan,nan,1,0,0,0
5697255306,5697255300,-0.1723034,0.06370871,-0.49301222,0.013979182,-0.05025721,0.036509026,-0.9979708,nan,nan,nan,nan,nan,nan,0.0,0.0,0.0,0.0,0.0,0.0,nan,nan,nan,1,0,0,0
5697265455,5697265449,-0.17229182,0.06372726,-0.4930887,0.014127861,-0.050396655,0.03624981,-0.9979712,nan,nan,nan,nan,nan,nan,0.0,0.0,0.0,0.0,0.0,0.0,nan,nan,nan,1,0,0,0
5697273343,5697273338,-0.17229716,0.063259624,-0.49281624,0.015447297,-0.04775053,0.03607505,-0.9980882,nan,nan,nan,nan,nan,nan,0.0,0.0,0.0,0.0,0.0,0.0,nan,nan,nan,1,0,0,0
5697278711,5697278705,-0.17240843,0.06324368,-0.49293324,0.015333176,-0.047776315,0.035737097,-0.9981008,nan,nan,nan,nan,nan,nan,0.0,0.0,0.0,0.0,0.0,0.0,nan,nan,nan,1,0,0,0
5697289486,5697289480,-0.1723621,0.063282356,-0.49304408,0.015618601,-0.047919057,0.0355112,-0.9980976,nan,nan,nan,nan,nan,nan,0.0,0.0,0.0,0.0,0.0,0.0,nan,nan,nan,1,0,0,0
5697296324,5697296318,-0.17217426,0.06326765,-0.49307784,0.01669169,-0.047567677,0.035060976,-0.998113,nan,nan,nan,nan,nan,nan,0.0,0.0,0.0,0.0,0.0,0.0,nan,nan,nan,1,0,0,0
5697305361,5697305356,-0.17211026,0.06334094,-0.49323365,0.017156513,-0.047952615,0.034685142,-0.99809974,nan,nan,nan,nan,nan,nan,0.0,0.0,0.0,0.0,0.0,0.0,nan,nan,nan,1,0,0,0
5697313509,5697313503,-0.17222334,0.06334443,-0.49343407,0.017286344,-0.048500687,0.03495937,-0.9980615,nan,nan,nan,nan,nan,nan,0.0,0.0,0.0,0.0,0.0,0.0,nan,nan,nan,1,0,0,0
5697321305,5697321300,-0.17219222,0.06331097,-0.49353653,0.018024752,-0.04862915,0.034851674,-0.9980459,nan,nan,nan,nan,nan,nan,0.0,0.0,0.0,0.0,0.0,0.0,nan,nan,nan,1,0,0,0
5697329363,5697329358,-0.1721642,0.06332752,-0.49367642,0.0188101,-0.048750274,0.034870543,-0.9980248,nan,nan,nan,nan,nan,nan,0.0,0.0,0.0,0.0,0.0,0.0,nan,nan,nan,1,0,0,0
5697338295,5697338289,-0.17216009,0.06327328,-0.493741,0.019666227,-0.04848822,0.035058677,-0.9980145,nan,nan,nan,nan,nan,nan,0.0,0.0,0.0,0.0,0.0,0.0,nan,nan,nan,1,0,0,0
5697345746,5697345740,-0.17213657,0.06330162,-0.49383602,0.02025333,-0.048549406,0.03504779,-0.99800026,nan,nan,nan,nan,nan,nan,0.0,0.0,0.0,0.0,0.0,0.0,nan,nan,nan,1,0,0,0
5697354426,5697354421,-0.17212576,0.06332799,-0.49393374,0.020629216,-0.04875782,0.03472388,-0.9979936,nan,nan,nan,nan,nan,nan,0.0,0.0,0.0,0.0,0.0,0.0,nan,nan,nan,1,0,0,0
5697363298,5697363293,-0.17211513,0.063343875,-0.49398628,0.020921279,-0.048842773,0.034574047,-0.99798864,nan,nan,nan,nan,nan,nan,0.0,0.0,0.0,0.0,0.0,0.0,nan,nan,nan,1,0,0,0
5697375292,5697375286,-0.17211105,0.063359134,-0.49401775,0.021146279,-0.048898924,0.034524232,-0.99798286,nan,nan,nan,nan,nan,nan,0.0,0.0,0.0,0.0,0.0,0.0,nan,nan,nan,1,0,0,0
5697379589,5697379583,-0.17210591,0.06334438,-0.49402112,0.021250669,-0.04884891,0.03454055,-0.99798244,nan,nan,nan,nan,nan,nan,0.0,0.0,0.0,0.0,0.0,0.0,nan,nan,nan,1,0,0,0
5697388299,5697388294,-0.17209756,0.06335265,-0.4940237,0.02122647,-0.048908703,0.034512196,-0.9979811,nan,nan,nan,nan,nan,nan,0.0,0.0,0.0,0.0,0.0,0.0,nan,nan,nan,1,0,0,0
5697395294,5697395289,-0.17209879,0.06335196,-0.49402922,0.021209573,-0.048952423,0.03454966,-0.99797803,nan,nan,nan,nan,nan,nan,0.0,0.0,0.0,0.0,0.0,0.0,nan,nan,nan,1,0,0,0
5697406408,5697406402,-0.17210871,0.06333863,-0.494017,0.021195201,-0.049095053,0.03458476,-0.99797016,nan,nan,nan,nan,nan,nan,0.0,0.0,0.0,0.0,0.0,0.0,nan,nan,nan,1,0,0,0
5697413304,5697413299,-0.17211233,0.063355684,-0.49402204,0.02116258,-0.048953045,0.034584668,-0.9979778,nan,nan,nan,nan,nan,nan,0.0,0.0,0.0,0.0,0.0,0.0,nan,nan,nan,1,0,0,0
5697421314,5697421308,-0.17213377,0.06329221,-0.49396068,0.021234673,-0.04856097,0.034981955,-0.9979816,nan,nan,nan,nan,nan,nan,0.0,0.0,0.0,0.0,0.0,0.0,nan,nan,nan,1,0,0,0
5697429297,5697429291,-0.17208728,0.063705385,-0.4942987,0.020397268,-0.050218295,0.034009255,-0.9979507,nan,nan,nan,nan,nan,nan,0.0,0.0,0.0,0.0,0.0,0.0,nan,nan,nan,1,0,0,0
5697438295,5697438289,-0.17209199,0.0637075,-0.4942761,0.020311175,-0.050252356,0.034109514,-0.9979473,nan,nan,nan,nan,nan,nan,0.0,0.0,0.0,0.0,0.0,0.0,nan,nan,nan,1,0,0,0
5697446359,5697446353,-0.17210396,0.06369766,-0.49425957,0.020305218,-0.050249293,0.034126543,-0.997947,nan,nan,nan,nan,nan,nan,0.0,0.0,0.0,0.0,0.0,0.0,nan,nan,nan,1,0,0,0
5697455482,5697455477,-0.17216636,0.063291445,-0.49391133,0.020984748,-0.048661117,0.03530776,-0.9979705,nan,nan,nan,nan,nan,nan,0.0,0.0,0.0,0.0,0.0,0.0,nan,nan,nan,1,0,0,0
5697464301,5697464295,-0.17213231,0.06364179,-0.4941859,0.020172661,-0.05000635,0.034543995,-0.99794745,nan,nan,nan,nan,nan,nan,0.0,0.0,0.0,0.0,0.0,0.0,nan,nan,nan,1,0,0,0
5697474313,5697474307,-0.17218712,0.06329023,-0.49387237,0.020810908,-0.048578024,0.035475917,-0.9979722,nan,nan,nan,nan,nan,nan,0.0,0.0,0.0,0.0,0.0,0.0,nan,nan,nan,1,0,0,0
5697479809,5697479804,-0.17219771,0.063268326,-0.49386498,0.020714613,-0.04861577,0.035530154,-0.99797046,nan,nan,nan,nan,nan,nan,0.0,0.0,0.0,0.0,0.0,0.0,nan,nan,nan,1,0,0,0
5697488302,5697488296,-0.1721459,0.06366628,-0.4941888,0.019957077,-0.050059415,0.0345929,-0.99794745,nan,nan,nan,nan,nan,nan,0.0,0.0,0.0,0.0,0.0,0.0,nan,nan,nan,1,0,0,0
5697496297,5697496291,-0.17220782,0.06328866,-0.49385676,0.020636108,-0.04846029,0.035528667,-0.9979797,nan,nan,nan,nan,nan,nan,0.0,0.0,0.0,0.0,0.0,0.0,nan,nan,nan,1,0,0,0
5697504342,5697504336,-0.17222083,0.0632709,-0.49384522,0.020536676,-0.048576,0.03555774,-0.9979751,nan,nan,nan,nan,nan,nan,0.0,0.0,0.0,0.0,0.0,0.0,nan,nan,nan,1,0,0,0
5697513891,5697513886,-0.17222208,0.06329298,-0.4938511,0.020546032,-0.04851605,0.035554986,-0.9979779,nan,nan,nan,nan,nan,nan,0.0,0.0,0.0,0.0,0.0,0.0,nan,nan,nan,1,0,0,0
5697521326,5697521320,-0.17222002,0.06327739,-0.4938408,0.020509863,-0.048663963,0.03561663,-0.9979692,nan,nan,nan,nan,nan,nan,0.0,0.0,0.0,0.0,0.0,0.0,nan,nan,nan,1,0,0,0
5697530373,5697530367,-0.17222178,0.063280486,-0.49384424,0.020516817,-0.048548676,0.03567951,-0.9979724,nan,nan,nan,nan,nan,nan,0.0,0.0,0.0,0.0,0.0,0.0,nan,nan,nan,1,0,0,0
5697537291,5697537286,-0.17221612,0.06328586,-0.49383864,0.02053947,-0.04854943,0.035600446,-0.9979748,nan,nan,nan,nan,nan,nan,0.0,0.0,0.0,0.0,0.0,0.0,nan,nan,nan,1,0,0,0
5697546959,5697546954,-0.17221974,0.063278325,-0.49384692,0.020545127,-0.048597578,0.03561436,-0.99797183,nan,nan,nan,nan,nan,nan,0.0,0.0,0.0,0.0,0.0,0.0,nan,nan,nan,1,0,0,0
5697558299,5697558294,-0.17220399,0.06328669,-0.49387375,0.020517277,-0.048557606,0.03554838,-0.99797666,nan,nan,nan,nan,nan,nan,0.0,0.0,0.0,0.0,0.0,0.0,nan,nan,nan,1,0,0,0
5697563344,5697563337,-0.17220387,0.063289635,-0.49385634,0.020567372,-0.048564017,0.035507146,-0.9979768,nan,nan,nan,nan,nan,nan,0.0,0.0,0.0,0.0,0.0,0.0,nan,nan,nan,1,0,0,0
5697573293,5697573287,-0.17220505,0.06328681,-0.49387684,0.020619282,-0.048532557,0.03540663,-0.99798083,nan,nan,nan,nan,nan,nan,0.0,0.0,0.0,0.0,0.0,0.0,nan,nan,nan,1,0,0,0
5697579647,5697579642,-0.17213716,0.06370535,-0.4942364,0.019792726,-0.050446954,0.034428913,-0.99793684,nan,nan,nan,nan,nan,nan,0.0,0.0,0.0,0.0,0.0,0.0,nan,nan,nan,1,0,0,0
5697588302,5697588296,-0.17219253,0.063302115,-0.49387714,0.020616751,-0.048578773,0.03523838,-0.99798465,nan,nan,nan,nan,nan,nan,0.0,0.0,0.0,0.0,0.0,0.0,nan,nan,nan,1,0,0,0
5697597299,5697597292,-0.17218494,0.06332948,-0.49392503,0.020660667,-0.04886356,0.03502604,-0.99797726,nan,nan,nan,nan,nan,nan,0.0,0.0,0.0,0.0,0.0,0.0,nan,nan,nan,1,0,0,0
5697605500,5697605495,-0.17197248,0.064548515,-0.49495894,0.022033473,-0.04728291,0.024548523,-0.99833673,nan,nan,nan,nan,nan,nan,0.0,0.0,0.0,0.0,0.0,0.0,nan,nan,nan,1,0,0,0
5697613299,5697613293,-0.17208241,0.063739575,-0.49429592,0.022700546,-0.041001026,0.028907076,-0.9984828,nan,nan,nan,nan,nan,nan,0.0,0.0,0.0,0.0,0.0,0.0,nan,nan,nan,1,0,0,0
5697623550,5697623545,-0.17195964,0.064569734,-0.49498048,0.022098402,-0.047230214,0.024378,-0.998342,nan,nan,nan,nan,nan,nan,0.0,0.0,0.0,0.0,0.0,0.0,nan,nan,nan,1,0,0,0
5697629489,5697629454,-0.17208569,0.06373777,-0.49433625,0.022760842,-0.040987883,0.02884978,-0.9984836,nan,nan,nan,nan,nan,nan,0.0,0.0,0.0,0.0,0.0,0.0,nan,nan,nan,1,0,0,0
5697638506,5697638501,-0.17208566,0.063747905,-0.49432853,0.022757363,-0.0410402,0.028868169,-0.998481,nan,nan,nan,nan,nan,nan,0.0,0.0,0.0,0.0,0.0,0.0,nan,nan,nan,1,0,0,0
5697645970,5697645965,-0.17207368,0.06376078,-0.49434635,0.02274347,-0.041115142,0.028743882,-0.99848187,nan,nan,nan,nan,nan,nan,0.0,0.0,0.0,0.0,0.0,0.0,nan,nan,nan,1,0,0,0
5697655298,5697655293,-0.17206797,0.06375394,-0.49434566,0.022812156,-0.04115765,0.028650368,-0.9984812,nan,nan,nan,nan,nan,nan,0.0,0.0,0.0,0.0,0.0,0.0,nan,nan,nan,1,0,0,0
5697663312,5697663307,-0.17205906,0.06377281,-0.4943515,0.02288536,-0.041069873,0.028573513,-0.9984854,nan,nan,nan,nan,nan,nan,0.0,0.0,0.0,0.0,0.0,0.0,nan,nan,nan,1,0,0,0
5697672896,5697672891,-0.17206112,0.06376386,-0.49434653,0.022863757,-0.041140188,0.028588055,-0.9984826,nan,nan,nan,nan,nan,nan,0.0,0.0,0.0,0.0,0.0,0.0,nan,nan,nan,1,0,0,0
5697679041,5697679035,-0.17204703,0.06375731,-0.49436393,0.022971468,-0.04097382,0.028607551,-0.99848634,nan,nan,nan,nan,nan,nan,0.0,0.0,0.0,0.0,0.0,0.0,nan,nan,nan,1,0,0,0
5697689296,5697689290,-0.17204925,0.06375511,-0.49436405,0.022959912,-0.041216902,0.028591456,-0.9984771,nan,nan,nan,nan,nan,nan,0.0,0.0,0.0,0.0,0.0,0.0,nan,nan,nan,1,0,0,0
5697696854,5697696849,-0.17192088,0.06456097,-0.49502215,0.022357516,-0.04739564,0.02419229,-0.9983329,nan,nan,nan,nan,nan,nan,0.0,0.0,0.0,0.0,0.0,0.0,nan,nan,nan,1,0,0,0
5697705292,5697705285,-0.17203577,0.06374153,-0.4943441,0.023068724,-0.04115681,0.028718093,-0.99847347,nan,nan,nan,nan,nan,nan,0.0,0.0,0.0,0.0,0.0,0.0,nan,nan,nan,1,0,0,0
5697714915,5697714910,-0.17202888,0.06374927,-0.4943319,0.023081357,-0.041189972,0.02874432,-0.998471,nan,nan,nan,nan,nan,nan,0.0,0.0,0.0,0.0,0.0,0.0,nan,nan,nan,1,0,0,0
5697723163,5697723157,-0.17202252,0.06374235,-0.49433213,0.023144284,-0.04118048,0.028880706,-0.998466,nan,nan,nan,nan,nan,nan,0.0,0.0,0.0,0.0,0.0,0.0,nan,nan,nan,1,0,0,0
5697730315,5697730309,-0.17189865,0.064560354,-0.49497887,0.02257715,-0.047177076,0.024351377,-0.9983344,nan,nan,nan,nan,nan,nan,0.0,0.0,0.0,0.0,0.0,0.0,nan,nan,nan,1,0,0,0
5697738290,5697738285,-0.17202866,0.06374152,-0.4943257,0.023187293,-0.041172814,0.02879685,-0.9984678,nan,nan,nan,nan,nan,nan,0.0,0.0,0.0,0.0,0.0,0.0,nan,nan,nan,1,0,0,0
5697745828,5697745822,-0.17190178,0.06455436,-0.49498174,0.022499274,-0.0472474,0.024363915,-0.9983325,nan,nan,nan,nan,nan,nan,0.0,0.0,0.0,0.0,0.0,0.0,nan,nan,nan,1,0,0,0
5697754298,5697754292,-0.17190468,0.06456226,-0.4949969,0.022504235,-0.047438733,0.024387961,-0.9983227,nan,nan,nan,nan,nan,nan,0.0,0.0,0.0,0.0,0.0,0.0,nan,nan,nan,1,0,0,0
5697764329,5697764324,-0.1719044,0.06454063,-0.49498275,0.022514878,-0.047190595,0.024376543,-0.9983346,nan,nan,nan,nan,nan,nan,0.0,0.0,0.0,0.0,0.0,0.0,nan,nan,nan,1,0,0,0
5697773595,5697773590,-0.17202899,0.063742794,-0.4943372,0.023171658,-0.041189294,0.028849782,-0.9984659,nan,nan,nan,nan,nan,nan,0.0,0.0,0.0,0.0,0.0,0.0,nan,nan,nan,1,0,0,0
5697780055,5697780050,-0.17190184,0.06454348,-0.49498916,0.022503845,-0.04733093,0.024386732,-0.9983279,nan,nan,nan,nan,nan,nan,0.0,0.0,0.0,0.0,0.0,0.0,nan,nan,nan,1,0,0,0
5697789290,5697789284,-0.17202523,0.06375087,-0.49433163,0.023147196,-0.04120279,0.02877956,-0.9984679,nan,nan,nan,nan,nan,nan,0.0,0.0,0.0,0.0,0.0,0.0,nan,nan,nan,1,0,0,0
5697796620,5697796615,-0.17190214,0.06455708,-0.49497563,0.02245887,-0.047211103,0.024421211,-0.9983338,nan,nan,nan,nan,nan,nan,0.0,0.0,0.0,0.0,0.0,0.0,nan,nan,nan,1,0,0,0
5697805289,5697805282,-0.17202486,0.063748725,-0.494327,0.023125065,-0.04116228,0.028932074,-0.9984657,nan,nan,nan,nan,nan,nan,0.0,0.0,0.0,0.0,0.0,0.0,nan,nan,nan,1,0,0,0
5697812991,5697812985,-0.17203346,0.06373377,-0.49432677,0.023093984,-0.041171294,0.028875984,-0.9984677,nan,nan,nan,nan,nan,nan,0.0,0.0,0.0,0.0,0.0,0.0,nan,nan,nan,1,0,0,0
5697822245,5697822240,-0.17204037,0.06373164,-0.49432147,0.023085983,-0.04113989,0.028857436,-0.9984697,nan,nan,nan,nan,nan,nan,0.0,0.0,0.0,0.0,0.0,0.0,nan,nan,nan,1,0,0,0
5697829297,5697829291,-0.17190818,0.06454694,-0.49497592,0.022465445,-0.04724761,0.024411319,-0.99833214,nan,nan,nan,nan,nan,nan,0.0,0.0,0.0,0.0,0.0,0.0,nan,nan,nan,1,0,0,0
5697838292,5697838286,-0.17205055,0.0636934,-0.49430126,0.023113096,-0.040867556,0.029254274,-0.9984687,nan,nan,nan,nan,nan,nan,0.0,0.0,0.0,0.0,0.0,0.0,nan,nan,nan,1,0,0,0
5697845620,5697845614,-0.17191726,0.06452614,-0.49497566,0.022482784,-0.04711384,0.02439451,-0.9983385,nan,nan,nan,nan,nan,nan,0.0,0.0,0.0,0.0,0.0,0.0,nan,nan,nan,1,0,0,0
5697855294,5697855288,-0.17192177,0.06452804,-0.4949774,0.022430066,-0.046982516,0.024467053,-0.99834406,nan,nan,nan,nan,nan,nan,0.0,0.0,0.0,0.0,0.0,0.0,nan,nan,nan,1,0,0,0
5697863290,5697863284,-0.17203999,0.06373438,-0.49434173,0.022970375,-0.04125608,0.028956601,-0.9984647,nan,nan,nan,nan,nan,nan,0.0,0.0,0.0,0.0,0.0,0.0,nan,nan,nan,1,0,0,0
5697872584,5697872576,-0.17204474,0.06373944,-0.4943611,0.022912333,-0.041190952,0.028911216,-0.99847007,nan,nan,nan,nan,nan,nan,0.0,0.0,0.0,0.0,0.0,0.0,nan,nan,nan,1,0,0,0
5697879148,5697879142,-0.17203444,0.06373906,-0.49438316,0.022859154,-0.041205596,0.028917573,-0.9984704,nan,nan,nan,nan,nan,nan,0.0,0.0,0.0,0.0,0.0,0.0,nan,nan,nan,1,0,0,0
5697888293,5697888287,-0.1719099,0.06455234,-0.4950544,0.022262076,-0.047203388,0.024459168,-0.99833757,nan,nan,nan,nan,nan,nan,0.0,0.0,0.0,0.0,0.0,0.0,nan,nan,nan,1,0,0,0
5697896567,5697896561,-0.172036,0.06372487,-0.4944281,0.022871384,-0.04120111,0.028962662,-0.99846905,nan,nan,nan,nan,nan,nan,0.0,0.0,0.0,0.0,0.0,0.0,nan,nan,nan,1,0,0,0
5697904287,5697904282,-0.17203929,0.06372751,-0.494466,0.022865111,-0.04118308,0.028896928,-0.9984719,nan,nan,nan,nan,nan,nan,0.0,0.0,0.0,0.0,0.0,0.0,nan,nan,nan,1,0,0,0
5697913357,5697913351,-0.17204194,0.06373471,-0.494483,0.022847658,-0.041268762,0.028904922,-0.99846846,nan,nan,nan,nan,nan,nan,0.0,0.0,0.0,0.0,0.0,0.0,nan,nan,nan,1,0,0,0
5697923140,5697923134,-0.172046,0.063733965,-0.49451274,0.022837829,-0.04120774,0.028905023,-0.99847126,nan,nan,nan,nan,nan,nan,0.0,0.0,0.0,0.0,0.0,0.0,nan,nan,nan,1,0,0,0
5697930299,5697930293,-0.17204995,0.063736595,-0.4945452,0.022794526,-0.041199878,0.028855678,-0.998474,nan,nan,nan,nan,nan,nan,0.0,0.0,0.0,0.0,0.0,0.0,nan,nan,nan,1,0,0,0
5697939288,5697939283,-0.17205766,0.0637366,-0.49457276,0.022737972,-0.041278824,0.028891841,-0.99847096,nan,nan,nan,nan,nan,nan,0.0,0.0,0.0,0.0,0.0,0.0,nan,nan,nan,1,0,0,0
5697946825,5697946819,-0.17206202,0.06373514,-0.494575,0.022674544,-0.0412961,0.028972749,-0.99846935,nan,nan,nan,nan,nan,nan,0.0,0.0,0.0,0.0,0.0,0.0,nan,nan,nan,1,0,0,0
5697954300,5697954294,-0.17206919,0.06373331,-0.49458995,0.022544999,-0.04123385,0.028992996,-0.9984742,nan,nan,nan,nan,nan,nan,0.0,0.0,0.0,0.0,0.0,0.0,nan,nan,nan,1,0,0,0
5697963299,5697963293,-0.17207715,0.06371925,-0.49462447,0.022530856,-0.041033246,0.028915996,-0.9984851,nan,nan,nan,nan,nan,nan,0.0,0.0,0.0,0.0,0.0,0.0,nan,nan,nan,1,0,0,0
5697972974,5697972969,-0.17194606,0.06453712,-0.4953156,0.021729568,-0.047260866,0.024552774,-0.9983443,nan,nan,nan,nan,nan,nan,0.0,0.0,0.0,0.0,0.0,0.0,nan,nan,nan,1,0,0,0
5697979845,5697979839,-0.1720814,0.06373272,-0.4946696,0.022342106,-0.041043475,0.028884178,-0.99848986,nan,nan,nan,nan,nan,nan,0.0,0.0,0.0,0.0,0.0,0.0,nan,nan,nan,1,0,0,0
5697988300,5697988294,-0.17195459,0.06453835,-0.49532777,0.021520168,-0.047343228,0.0246134,-0.99834347,nan,nan,nan,nan,nan,nan,0.0,0.0,0.0,0.0,0.0,0.0,nan,nan,nan,1,0,0,0
5697997291,5697997286,-0.17194548,0.06456165,-0.495356,0.021419711,-0.047438685,0.024689289,-0.99833924,nan,nan,nan,nan,nan,nan,0.0,0.0,0.0,0.0,0.0,0.0,nan,nan,nan,1,0,0,0
5698004288,5698004282,-0.17195423,0.064545885,-0.49532077,0.021357942,-0.04734426,0.024727505,-0.9983441,nan,nan,nan,nan,nan,nan,0.0,0.0,0.0,0.0,0.0,0.0,nan,nan,nan,1,0,0,0
5698013235,5698013229,-0.17193918,0.06454698,-0.49531358,0.021392127,-0.047241554,0.024822919,-0.99834585,nan,nan,nan,nan,nan,nan,0.0,0.0,0.0,0.0,0.0,0.0,nan,nan,nan,1,0,0,0
5698024346,5698024340,-0.17193471,0.06453422,-0.4952968,0.021369273,-0.04730515,0.024851626,-0.99834263,nan,nan,nan,nan,nan,nan,0.0,0.0,0.0,0.0,0.0,0.0,nan,nan,nan,1,0,0,0
5698030308,5698030303,-0.17193355,0.06453085,-0.49528223,0.021475544,-0.04734723,0.024820447,-0.99833906,nan,nan,nan,nan,nan,nan,0.0,0.0,0.0,0.0,0.0,0.0,nan,nan,nan,1,0,0,0
5698037293,5698037288,-0.17193082,0.06455766,-0.49529856,0.021404358,-0.047468353,0.025036631,-0.9983294,nan,nan,nan,nan,nan,nan,0.0,0.0,0.0,0.0,0.0,0.0,nan,nan,nan,1,0,0,0
5698046421,5698046415,-0.17192933,0.06453654,-0.49529582,0.021413008,-0.047313005,0.025001636,-0.9983375,nan,nan,nan,nan,nan,nan,0.0,0.0,0.0,0.0,0.0,0.0,nan,nan,nan,1,0,0,0
5698055291,5698055286,-0.17193069,0.0645265,-0.4952958,0.021412395,-0.04731976,0.024957368,-0.99833834,nan,nan,nan,nan,nan,nan,0.0,0.0,0.0,0.0,0.0,0.0,nan,nan,nan,1,0,0,0
5698063442,5698063437,-0.17193578,0.0645351,-0.49529895,0.021367988,-0.047345404,0.024979226,-0.9983375,nan,nan,nan,nan,nan,nan,0.0,0.0,0.0,0.0,0.0,0.0,nan,nan,nan,1,0,0,0
5698072652,5698072647,-0.17193377,0.06455509,-0.49529105,0.02138524,-0.047461744,0.024954285,-0.99833226,nan,nan,nan,nan,nan,nan,0.0,0.0,0.0,0.0,0.0,0.0,nan,nan,nan,1,0,0,0
5698079664,5698079659,-0.17207886,0.06371148,-0.49461043,0.022007499,-0.041179992,0.029387916,-0.9984769,nan,nan,nan,nan,nan,nan,0.0,0.0,0.0,0.0,0.0,0.0,nan,nan,nan,1,0,0,0
5698088445,5698088439,-0.17195222,0.06452829,-0.49526572,0.02135816,-0.047243293,0.025086006,-0.9983399,nan,nan,nan,nan,nan,nan,0.0,0.0,0.0,0.0,0.0,0.0,nan,nan,nan,1,0,0,0
5698096300,5698096294,-0.1719658,0.06452693,-0.49525663,0.021218965,-0.047381163,0.025282497,-0.9983314,nan,nan,nan,nan,nan,nan,0.0,0.0,0.0,0.0,0.0,0.0,nan,nan,nan,1,0,0,0
5698104289,5698104284,-0.17209817,0.06370847,-0.49459013,0.021757137,-0.041224264,0.02973052,-0.9984705,nan,nan,nan,nan,nan,nan,0.0,0.0,0.0,0.0,0.0,0.0,nan,nan,nan,1,0,0,0
5698112428,5698112423,-0.17210934,0.0636803,-0.4945519,0.0217358,-0.041165277,0.029975893,-0.998466,nan,nan,nan,nan,nan,nan,0.0,0.0,0.0,0.0,0.0,0.0,nan,nan,nan,1,0,0,0
5698122664,5698122659,-0.17197019,0.06452928,-0.4952441,0.021056427,-0.047390625,0.025273668,-0.9983346,nan,nan,nan,nan,nan,nan,0.0,0.0,0.0,0.0,0.0,0.0,nan,nan,nan,1,0,0,0
5698129328,5698129322,-0.17209934,0.063711844,-0.4945889,0.021684574,-0.041221507,0.029756412,-0.99847144,nan,nan,nan,nan,nan,nan,0.0,0.0,0.0,0.0,0.0,0.0,nan,nan,nan,1,0,0,0
5698138376,5698138369,-0.1719644,0.06454524,-0.49525166,0.020988878,-0.04749659,0.025266098,-0.9983312,nan,nan,nan,nan,nan,nan,0.0,0.0,0.0,0.0,0.0,0.0,nan,nan,nan,1,0,0,0
5698146414,5698146409,-0.17196994,0.064522035,-0.49525568,0.021099392,-0.047248907,0.025239192,-0.99834126,nan,nan,nan,nan,nan,nan,0.0,0.0,0.0,0.0,0.0,0.0,nan,nan,nan,1,0,0,0
5698155299,5698155293,-0.17196591,0.064547025,-0.4952615,0.02109678,-0.047403973,0.025134724,-0.9983366,nan,nan,nan,nan,nan,nan,0.0,0.0,0.0,0.0,0.0,0.0,nan,nan,nan,1,0,0,0
5698163319,5698163313,-0.17196059,0.06455583,-0.49527052,0.021051038,-0.047405288,0.025105964,-0.9983382,nan,nan,nan,nan,nan,nan,0.0,0.0,0.0,0.0,0.0,0.0,nan,nan,nan,1,0,0,0
5698172417,5698172411,-0.17209162,0.063716136,-0.49461222,0.021756997,-0.041108694,0.029594945,-0.99847925,nan,nan,nan,nan,nan,nan,0.0,0.0,0.0,0.0,0.0,0.0,nan,nan,nan,1,0,0,0
5698179546,5698179541,-0.17195347,0.06453256,-0.49527502,0.021150911,-0.047398858,0.025179606,-0.9983345,nan,nan,nan,nan,nan,nan,0.0,0.0,0.0,0.0,0.0,0.0,nan,nan,nan,1,0,0,0
5698188327,5698188322,-0.17195705,0.06451839,-0.49525142,0.021177951,-0.047316015,0.025200611,-0.9983374,nan,nan,nan,nan,nan,nan,0.0,0.0,0.0,0.0,0.0,0.0,nan,nan,nan,1,0,0,0
5698196304,5698196297,-0.17208567,0.06371261,-0.49458697,0.021754852,-0.04124291,0.02978363,-0.9984683,nan,nan,nan,nan,nan,nan,0.0,0.0,0.0,0.0,0.0,0.0,nan,nan,nan,1,0,0,0
5698205338,5698205332,-0.17209288,0.06370355,-0.49456114,0.021779716,-0.041183114,0.029749494,-0.9984711,nan,nan,nan,nan,nan,nan,0.0,0.0,0.0,0.0,0.0,0.0,nan,nan,nan,1,0,0,0
5698213764,5698213759,-0.1719551,0.06454517,-0.49521744,0.021041,-0.047492042,0.025431741,-0.99832606,nan,nan,nan,nan,nan,nan,0.0,0.0,0.0,0.0,0.0,0.0,nan,nan,nan,1,0,0,0
5698222300,5698222294,-0.17208344,0.06370147,-0.4945263,0.021712,-0.04119265,0.02996867,-0.99846566,nan,nan,nan,nan,nan,nan,0.0,0.0,0.0,0.0,0.0,0.0,nan,nan,nan,1,0,0,0
5698229298,5698229292,-0.17208908,0.063717395,-0.49453846,0.021672482,-0.041302744,0.029965177,-0.9984621,nan,nan,nan,nan,nan,nan,0.0,0.0,0.0,0.0,0.0,0.0,nan,nan,nan,1,0,0,0
5698238291,5698238285,-0.17197509,0.06454284,-0.49519283,0.021013238,-0.04744949,0.02542133,-0.9983289,nan,nan,nan,nan,nan,nan,0.0,0.0,0.0,0.0,0.0,0.0,nan,nan,nan,1,0,0,0
5698246046,5698246040,-0.17210817,0.06370923,-0.49454153,0.021597086,-0.04108156,0.029791497,-0.99847794,nan,nan,nan,nan,nan,nan,0.0,0.0,0.0,0.0,0.0,0.0,nan,nan,nan,1,0,0,0
5698255303,5698255297,-0.17210984,0.06369804,-0.49455878,0.021654148,-0.041053437,0.029794415,-0.9984778,nan,nan,nan,nan,nan,nan,0.0,0.0,0.0,0.0,0.0,0.0,nan,nan,nan,1,0,0,0
5698263343,5698263336,-0.17197388,0.06455189,-0.4952478,0.020923508,-0.04781216,0.025239455,-0.9983181,nan,nan,nan,nan,nan,nan,0.0,0.0,0.0,0.0,0.0,0.0,nan,nan,nan,1,0,0,0
5698272290,5698272285,-0.17195994,0.06455506,-0.49525172,0.021034194,-0.047483094,0.025063396,-0.998336,nan,nan,nan,nan,nan,nan,0.0,0.0,0.0,0.0,0.0,0.0,nan,nan,nan,1,0,0,0
5698278635,5698278630,-0.17196453,0.06454703,-0.4952376,0.021074886,-0.047281988,0.025206888,-0.998341,nan,nan,nan,nan,nan,nan,0.0,0.0,0.0,0.0,0.0,0.0,nan,nan,nan,1,0,0,0
5698289501,5698289495,-0.17208967,0.06373013,-0.49458382,0.021675205,-0.04124913,0.029566556,-0.9984761,nan,nan,nan,nan,nan,nan,0.0,0.0,0.0,0.0,0.0,0.0,nan,nan,nan,1,0,0,0
5698296292,5698296286,-0.17209469,0.063710146,-0.49458212,0.021756267,-0.04111417,0.029555704,-0.9984802,nan,nan,nan,nan,nan,nan,0.0,0.0,0.0,0.0,0.0,0.0,nan,nan,nan,1,0,0,0
5698305321,5698305285,-0.17208616,0.063718274,-0.49459708,0.02177012,-0.04114041,0.02951858,-0.99847984,nan,nan,nan,nan,nan,nan,0.0,0.0,0.0,0.0,0.0,0.0,nan,nan,nan,1,0,0,0
5698312209,5698312203,-0.17196052,0.06454139,-0.49526593,0.021166591,-0.04731832,0.024949335,-0.9983438,nan,nan,nan,nan,nan,nan,0.0,0.0,0.0,0.0,0.0,0.0,nan,nan,nan,1,0,0,0
5698321953,5698321858,-0.1720906,0.06371367,-0.4946018,0.021765461,-0.041268412,0.029384736,-0.99847865,nan,nan,nan,nan,nan,nan,0.0,0.0,0.0,0.0,0.0,0.0,nan,nan,nan,1,0,0,0
5698330323,5698330318,-0.17207778,0.063719735,-0.49461257,0.021812666,-0.041157495,0.029450042,-0.99848026,nan,nan,nan,nan,nan,nan,0.0,0.0,0.0,0.0,0.0,0.0,nan,nan,nan,1,0,0,0
5698338354,5698338349,-0.17207451,0.063710935,-0.49459052,0.0218056,-0.04117981,0.029512692,-0.9984777,nan,nan,nan,nan,nan,nan,0.0,0.0,0.0,0.0,0.0,0.0,nan,nan,nan,1,0,0,0
5698346305,5698346299,-0.17207408,0.06371995,-0.49460042,0.021819506,-0.04126509,0.029561946,-0.9984724,nan,nan,nan,nan,nan,nan,0.0,0.0,0.0,0.0,0.0,0.0,nan,nan,nan,1,0,0,0
5698355301,5698355296,-0.17207801,0.06371321,-0.4945757,0.021783046,-0.041233942,0.029638264,-0.9984722,nan,nan,nan,nan,nan,nan,0.0,0.0,0.0,0.0,0.0,0.0,nan,nan,nan,1,0,0,0
5698365298,5698365293,-0.17208247,0.06371051,-0.49456605,0.0217859,-0.04112777,0.029700154,-0.9984747,nan,nan,nan,nan,nan,nan,0.0,0.0,0.0,0.0,0.0,0.0,nan,nan,nan,1,0,0,0
5698383822,5698383816,-0.17210406,0.06369103,-0.49454987,0.021701349,-0.041060753,0.029892055,-0.99847364,nan,nan,nan,nan,nan,nan,0.0,0.0,0.0,0.0,0.0,0.0,nan,nan,nan,1,0,0,0
5698389299,5698389294,-0.17197576,0.0645248,-0.49520856,0.02096107,-0.047368877,0.025321044,-0.9983365,nan,nan,nan,nan,nan,nan,0.0,0.0,0.0,0.0,0.0,0.0,nan,nan,nan,1,0,0,0
5698397303,5698397295,-0.17212468,0.06370057,-0.49452808,0.021542383,-0.041122198,0.029843632,-0.998476,nan,nan,nan,nan,nan,nan,0.0,0.0,0.0,0.0,0.0,0.0,nan,nan,nan,1,0,0,0
5698405291,5698405285,-0.17214347,0.063695274,-0.49452406,0.021310523,-0.040997982,0.029841896,-0.99848604,nan,nan,nan,nan,nan,nan,0.0,0.0,0.0,0.0,0.0,0.0,nan,nan,nan,1,0,0,0
5698413408,5698413401,-0.17216022,0.06370124,-0.4945076,0.021086937,-0.041047376,0.029845227,-0.99848866,nan,nan,nan,nan,nan,nan,0.0,0.0,0.0,0.0,0.0,0.0,nan,nan,nan,1,0,0,0
5698421521,5698421514,-0.17203185,0.064557746,-0.49515146,0.020021174,-0.04734683,0.025370777,-0.9983555,nan,nan,nan,nan,nan,nan,0.0,0.0,0.0,0.0,0.0,0.0,nan,nan,nan,1,0,0,0
5698431841,5698430299,-0.17219059,0.06371705,-0.49445048,0.020311559,-0.041029435,0.02984093,-0.99850565,nan,nan,nan,nan,nan,nan,0.0,0.0,0.0,0.0,0.0,0.0,nan,nan,nan,1,0,0,0
5698439291,5698439285,-0.17206194,0.064575665,-0.4950985,0.019230954,-0.047373105,0.025181808,-0.9983746,nan,nan,nan,nan,nan,nan,0.0,0.0,0.0,0.0,0.0,0.0,nan,nan,nan,1,0,0,0
5698446297,5698446291,-0.17221598,0.06371123,-0.49438137,0.01948516,-0.040883232,0.029729769,-0.99853134,nan,nan,nan,nan,nan,nan,0.0,0.0,0.0,0.0,0.0,0.0,nan,nan,nan,1,0,0,0
5698455889,5698455884,-0.17208965,0.06457721,-0.49503857,0.018296938,-0.04744299,0.025275908,-0.9983864,nan,nan,nan,nan,nan,nan,0.0,0.0,0.0,0.0,0.0,0.0,nan,nan,nan,1,0,0,0
5698463301,5698463295,-0.17225468,0.06371679,-0.49426895,0.018695084,-0.04073458,0.02973333,-0.9985525,nan,nan,nan,nan,nan,nan,0.0,0.0,0.0,0.0,0.0,0.0,nan,nan,nan,1,0,0,0
5698472290,5698472285,-0.17232046,0.06335512,-0.49385026,0.016432337,-0.048481226,0.03541104,-0.99806094,nan,nan,nan,nan,nan,nan,0.0,0.0,0.0,0.0,0.0,0.0,nan,nan,nan,1,0,0,0
5698479779,5698479774,-0.17225169,0.063718565,-0.4941,0.018306583,-0.040603407,0.029535646,-0.99857086,nan,nan,nan,nan,nan,nan,0.0,0.0,0.0,0.0,0.0,0.0,nan,nan,nan,1,0,0,0
5698488295,5698488289,-0.17224692,0.06372068,-0.49395937,0.018282605,-0.040634546,0.029536275,-0.99857,nan,nan,nan,nan,nan,nan,0.0,0.0,0.0,0.0,0.0,0.0,nan,nan,nan,1,0,0,0
5698496296,5698496290,-0.17229778,0.063348405,-0.4934912,0.01639485,-0.04834722,0.035280336,-0.99807274,nan,nan,nan,nan,nan,nan,0.0,0.0,0.0,0.0,0.0,0.0,nan,nan,nan,1,0,0,0
5698504290,5698504285,-0.17223027,0.06367757,-0.49364504,0.018641606,-0.04024539,0.029655486,-0.9985756,nan,nan,nan,nan,nan,nan,0.0,0.0,0.0,0.0,0.0,0.0,nan,nan,nan,1,0,0,0
5698513101,5698513096,-0.1722082,0.06368332,-0.49347112,0.018767463,-0.040201932,0.029573826,-0.9985774,nan,nan,nan,nan,nan,nan,0.0,0.0,0.0,0.0,0.0,0.0,nan,nan,nan,1,0,0,0
5698522298,5698522292,-0.17218241,0.06369043,-0.49326417,0.018883292,-0.04020404,0.02952521,-0.99857664,nan,nan,nan,nan,nan,nan,0.0,0.0,0.0,0.0,0.0,0.0,nan,nan,nan,1,0,0,0
5698531848,5698531843,-0.17216912,0.063598305,-0.492973,0.01914098,-0.03921635,0.029631559,-0.9986079,nan,nan,nan,nan,nan,nan,0.0,0.0,0.0,0.0,0.0,0.0,nan,nan,nan,1,0,0,0
5698539292,5698539286,-0.17188208,0.065858506,-0.4932641,0.018045072,-0.059673492,0.021038832,-0.997833,nan,nan,nan,nan,nan,nan,0.0,0.0,0.0,0.0,0.0,0.0,nan,nan,nan,1,0,0,0
5698548695,5698548689,-0.17191993,0.06518194,-0.4934668,0.016111584,-0.0529879,0.024142908,-0.99817324,nan,nan,nan,nan,nan,nan,0.0,0.0,0.0,0.0,0.0,0.0,nan,nan,nan,1,0,0,0
5698554300,5698554295,-0.17189965,0.065190755,-0.49314195,0.016082829,-0.052820068,0.024041882,-0.99818504,nan,nan,nan,nan,nan,nan,0.0,0.0,0.0,0.0,0.0,0.0,nan,nan,nan,1,0,0,0
5698563304,5698563298,-0.17210566,0.063774824,-0.49169734,0.019143451,-0.040476073,0.029453048,-0.99856275,nan,nan,nan,nan,nan,nan,0.0,0.0,0.0,0.0,0.0,0.0,nan,nan,nan,1,0,0,0
5698571862,5698571857,-0.17209361,0.06375589,-0.49129805,0.01870171,-0.04124614,0.028896544,-0.9985559,nan,nan,nan,nan,nan,nan,0.0,0.0,0.0,0.0,0.0,0.0,nan,nan,nan,1,0,0,0
5698579175,5698579170,-0.17217834,0.063362285,-0.49058875,0.016560372,-0.048429396,0.033811774,-0.99811685,nan,nan,nan,nan,nan,nan,0.0,0.0,0.0,0.0,0.0,0.0,nan,nan,nan,1,0,0,0
5698588290,5698588284,-0.17215998,0.063395135,-0.4901661,0.016057987,-0.048321594,0.033118326,-0.99815345,nan,nan,nan,nan,nan,nan,0.0,0.0,0.0,0.0,0.0,0.0,nan,nan,nan,1,0,0,0
5698596299,5698596294,-0.17211163,0.063468784,-0.48969245,0.015849119,-0.048527084,0.032842502,-0.99815595,nan,nan,nan,nan,nan,nan,0.0,0.0,0.0,0.0,0.0,0.0,nan,nan,nan,1,0,0,0
5698604329,5698604324,-0.17195205,0.06390827,-0.48949608,0.01764289,-0.04121955,0.027272297,-0.99862194,nan,nan,nan,nan,nan,nan,0.0,0.0,0.0,0.0,0.0,0.0,nan,nan,nan,1,0,0,0
5698621706,5698621701,-0.17198488,0.063581586,-0.48857322,0.015189989,-0.049096435,0.032605883,-0.99814606,nan,nan,nan,nan,nan,nan,0.0,0.0,0.0,0.0,0.0,0.0,nan,nan,nan,1,0,0,0
5698624299,5698624293,-0.17179005,0.06402541,-0.4882558,0.017424779,-0.04128613,0.026139803,-0.99865335,nan,nan,nan,nan,nan,nan,0.0,0.0,0.0,0.0,0.0,0.0,nan,nan,nan,1,0,0,0
5698631262,5698631255,-0.17173937,0.06398294,-0.4875062,0.016910996,-0.041001428,0.026851697,-0.998655,nan,nan,nan,nan,nan,nan,0.0,0.0,0.0,0.0,0.0,0.0,nan,nan,nan,1,0,0,0
5698638291,5698638285,-0.17155723,0.06478485,-0.48744524,0.0149007235,-0.049018126,0.021447279,-0.9984565,nan,nan,nan,nan,nan,nan,0.0,0.0,0.0,0.0,0.0,0.0,nan,nan,nan,1,0,0,0
5698646190,5698646185,-0.17150877,0.06478219,-0.4866674,0.014511385,-0.04858373,0.021472493,-0.9984829,nan,nan,nan,nan,nan,nan,0.0,0.0,0.0,0.0,0.0,0.0,nan,nan,nan,1,0,0,0
5698659313,5698659307,-0.17153409,0.065283775,-0.4861042,0.014564907,-0.04945044,0.025677014,-0.99834025,nan,nan,nan,nan,nan,nan,0.0,0.0,0.0,0.0,0.0,0.0,nan,nan,nan,1,0,0,0
5698664296,5698664290,-0.17158902,0.065024495,-0.48444718,0.015356815,-0.051250063,0.02195489,-0.9983264,nan,nan,nan,nan,nan,nan,0.0,0.0,0.0,0.0,0.0,0.0,nan,nan,nan,1,0,0,0
5698671690,5698671685,-0.17167123,0.06386836,-0.48310325,0.016092846,-0.041756675,0.027789498,-0.9986116,nan,nan,nan,nan,nan,nan,0.0,0.0,0.0,0.0,0.0,0.0,nan,nan,nan,1,0,0,0
5698681202,5698681195,-0.17167003,0.06383135,-0.48204094,0.016270433,-0.04093437,0.027367825,-0.9986544,nan,nan,nan,nan,nan,nan,0.0,0.0,0.0,0.0,0.0,0.0,nan,nan,nan,1,0,0,0
5698688300,5698688294,-0.17161708,0.06388136,-0.48104233,0.016166009,-0.04103155,0.027569197,-0.9986466,nan,nan,nan,nan,nan,nan,0.0,0.0,0.0,0.0,0.0,0.0,nan,nan,nan,1,0,0,0
5698696458,5698696452,-0.1714703,0.064680554,-0.48078638,0.013994743,-0.049061634,0.021754647,-0.99846077,nan,nan,nan,nan,nan,nan,0.0,0.0,0.0,0.0,0.0,0.0,nan,nan,nan,1,0,0,0
5698705608,5698705602,-0.17145662,0.064636424,-0.47969392,0.013238129,-0.04924674,0.021648744,-0.9984643,nan,nan,nan,nan,nan,nan,0.0,0.0,0.0,0.0,0.0,0.0,nan,nan,nan,1,0,0,0
5698713916,5698713883,-0.1714648,0.06483808,-0.4786857,0.013506064,-0.04673833,0.023826616,-0.99853164,nan,nan,nan,nan,nan,nan,0.0,0.0,0.0,0.0,0.0,0.0,nan,nan,nan,1,0,0,0
5698721686,5698721656,-0.17144588,0.06492141,-0.47734132,0.012308699,-0.051447425,0.022648318,-0.998343,nan,nan,nan,nan,nan,nan,0.0,0.0,0.0,0.0,0.0,0.0,nan,nan,nan,1,0,0,0
5698729293,5698729287,-0.17146628,0.06473072,-0.47603995,0.011785926,-0.04956001,0.024353743,-0.99840456,nan,nan,nan,nan,nan,nan,0.0,0.0,0.0,0.0,0.0,0.0,nan,nan,nan,1,0,0,0
5698738288,5698738283,-0.17147829,0.06378581,-0.47419658,0.013025042,-0.041077666,0.02854604,-0.9986632,nan,nan,nan,nan,nan,nan,0.0,0.0,0.0,0.0,0.0,0.0,nan,nan,nan,1,0,0,0
5698746026,5698745989,-0.1714923,0.06381943,-0.4728805,0.008853036,-0.052971493,0.030300114,-0.99809694,nan,nan,nan,nan,nan,nan,0.0,0.0,0.0,0.0,0.0,0.0,nan,nan,nan,1,0,0,0
5698755454,5698755449,-0.17153195,0.06399804,-0.47171798,0.0105252415,-0.043395743,0.025260592,-0.9986831,nan,nan,nan,nan,nan,nan,0.0,0.0,0.0,0.0,0.0,0.0,nan,nan,nan,1,0,0,0
5698762297,5698762292,-0.17136076,0.06378476,-0.47040108,0.011029806,-0.041571386,0.02760992,-0.99869305,nan,nan,nan,nan,nan,nan,0.0,0.0,0.0,0.0,0.0,0.0,nan,nan,nan,1,0,0,0
5698771986,5698771980,-0.17136112,0.06382374,-0.4690899,0.010337366,-0.041025642,0.027146308,-0.9987357,nan,nan,nan,nan,nan,nan,0.0,0.0,0.0,0.0,0.0,0.0,nan,nan,nan,1,0,0,0
5698779498,5698779492,-0.17148554,0.06338017,-0.4672944,0.00739703,-0.049540546,0.032945484,-0.9982012,nan,nan,nan,nan,nan,nan,0.0,0.0,0.0,0.0,0.0,0.0,nan,nan,nan,1,0,0,0
5698788302,5698788296,-0.17106022,0.06549106,-0.46762377,0.007462868,-0.047147635,0.03071211,-0.9983878,nan,nan,nan,nan,nan,nan,0.0,0.0,0.0,0.0,0.0,0.0,nan,nan,nan,1,0,0,0
5698796360,5698796354,-0.171288,0.06365506,-0.4647095,0.008769986,-0.040227544,0.027239148,-0.99878067,nan,nan,nan,nan,nan,nan,0.0,0.0,0.0,0.0,0.0,0.0,nan,nan,nan,1,0,0,0
5698805530,5698805525,-0.17121649,0.06457975,-0.4640207,0.0069902823,-0.047625016,0.020715622,-0.998626,nan,nan,nan,nan,nan,nan,0.0,0.0,0.0,0.0,0.0,0.0,nan,nan,nan,1,0,0,0
5698812988,5698812983,-0.17145094,0.06330854,-0.461397,0.0062304223,-0.04736028,0.031962484,-0.9983469,nan,nan,nan,nan,nan,nan,0.0,0.0,0.0,0.0,0.0,0.0,nan,nan,nan,1,0,0,0
5698822288,5698822282,-0.17141876,0.0631968,-0.45979732,0.005622718,-0.047643546,0.032608572,-0.99831617,nan,nan,nan,nan,nan,nan,0.0,0.0,0.0,0.0,0.0,0.0,nan,nan,nan,1,0,0,0
5698831395,5698831390,-0.17111532,0.06530552,-0.45969838,0.001833909,-0.058010235,0.037597854,-0.99760604,nan,nan,nan,nan,nan,nan,0.0,0.0,0.0,0.0,0.0,0.0,nan,nan,nan,1,0,0,0
5698838406,5698838372,-0.1713433,0.06372816,-0.4569762,0.0034108302,-0.050787184,0.03304818,-0.99815667,nan,nan,nan,nan,nan,nan,0.0,0.0,0.0,0.0,0.0,0.0,nan,nan,nan,1,0,0,0
5698846503,5698846498,-0.17115112,0.06438171,-0.45586345,-8.5407104e-05,-0.059967875,0.028531626,-0.9977924,nan,nan,nan,nan,nan,nan,0.0,0.0,0.0,0.0,0.0,0.0,nan,nan,nan,1,0,0,0
5698854301,5698854296,-0.17106254,0.064541236,-0.45442438,-0.0014553401,-0.061024126,0.030890407,-0.9976571,nan,nan,nan,nan,nan,nan,0.0,0.0,0.0,0.0,0.0,0.0,nan,nan,nan,1,0,0,0
5698863292,5698863286,-0.1713148,0.06305485,-0.45149675,0.0037255813,-0.047037408,0.033169072,-0.9983353,nan,nan,nan,nan,nan,nan,0.0,0.0,0.0,0.0,0.0,0.0,nan,nan,nan,1,0,0,0
5698871371,5698871366,-0.17126468,0.0631049,-0.4498147,0.0030995237,-0.04797429,0.032944728,-0.9983003,nan,nan,nan,nan,nan,nan,0.0,0.0,0.0,0.0,0.0,0.0,nan,nan,nan,1,0,0,0
5698881471,5698881466,-0.17101379,0.06411308,-0.44891685,0.0015900001,-0.053697966,0.030073158,-0.998103,nan,nan,nan,nan,nan,nan,0.0,0.0,0.0,0.0,0.0,0.0,nan,nan,nan,1,0,0,0
5698889328,5698889322,-0.17102955,0.06391749,-0.44696057,0.00088425266,-0.055424295,0.029640531,-0.99802244,nan,nan,nan,nan,nan,nan,0.0,0.0,0.0,0.0,0.0,0.0,nan,nan,nan,1,0,0,0
5698897398,5698897392,-0.17112032,0.06314432,-0.44456545,0.0036206234,-0.048946995,0.033326473,-0.9982386,nan,nan,nan,nan,nan,nan,0.0,0.0,0.0,0.0,0.0,0.0,nan,nan,nan,1,0,0,0
5698905305,5698905300,-0.17107758,0.063153856,-0.44284898,0.0033550104,-0.04911406,0.032865927,-0.9982466,nan,nan,nan,nan,nan,nan,0.0,0.0,0.0,0.0,0.0,0.0,nan,nan,nan,1,0,0,0
5698912823,5698912817,-0.17096815,0.0630303,-0.4410605,0.0034890892,-0.04884863,0.033504307,-0.9982379,nan,nan,nan,nan,nan,nan,0.0,0.0,0.0,0.0,0.0,0.0,nan,nan,nan,1,0,0,0
5698921301,5698921296,-0.17080237,0.06414931,-0.4400072,0.00033795438,-0.059040856,0.030292196,-0.9977959,nan,nan,nan,nan,nan,nan,0.0,0.0,0.0,0.0,0.0,0.0,nan,nan,nan,1,0,0,0
5698931580,5698931575,-0.17081803,0.06380548,-0.4379576,0.0019668643,-0.054860275,0.02950836,-0.998056,nan,nan,nan,nan,nan,nan,0.0,0.0,0.0,0.0,0.0,0.0,nan,nan,nan,1,0,0,0
5698938336,5698938331,-0.17082866,0.06377456,-0.43603125,0.00251103,-0.05581986,0.0287906,-0.9980225,nan,nan,nan,nan,nan,nan,0.0,0.0,0.0,0.0,0.0,0.0,nan,nan,nan,1,0,0,0
5698946331,5698946326,-0.17093071,0.0629211,-0.43357614,0.0047844322,-0.048216317,0.03355422,-0.9982617,nan,nan,nan,nan,nan,nan,0.0,0.0,0.0,0.0,0.0,0.0,nan,nan,nan,1,0,0,0
5698954302,5698954296,-0.17085494,0.06365877,-0.43229625,0.003602553,-0.053679682,0.03521606,-0.9979306,nan,nan,nan,nan,nan,nan,0.0,0.0,0.0,0.0,0.0,0.0,nan,nan,nan,1,0,0,0
5698963302,5698963297,-0.17081226,0.06354584,-0.43036652,0.0055443877,-0.048960343,0.02953394,-0.9983486,nan,nan,nan,nan,nan,nan,0.0,0.0,0.0,0.0,0.0,0.0,nan,nan,nan,1,0,0,0
5698971316,5698971311,-0.170811,0.0637772,-0.428798,0.0044802674,-0.052637145,0.027590487,-0.9982224,nan,nan,nan,nan,nan,nan,0.0,0.0,0.0,0.0,0.0,0.0,nan,nan,nan,1,0,0,0
5698979199,5698979194,-0.17092699,0.062955715,-0.4262888,0.006626824,-0.04711878,0.03295159,-0.99832356,nan,nan,nan,nan,nan,nan,0.0,0.0,0.0,0.0,0.0,0.0,nan,nan,nan,1,0,0,0
5698988293,5698988288,-0.17065492,0.063764006,-0.4251361,0.0044399733,-0.053467914,0.029092247,-0.9981358,nan,nan,nan,nan,nan,nan,0.0,0.0,0.0,0.0,0.0,0.0,nan,nan,nan,1,0,0,0
5698996296,5698996291,-0.17051515,0.06367413,-0.42325616,0.0041309474,-0.054389227,0.028352587,-0.9981086,nan,nan,nan,nan,nan,nan,0.0,0.0,0.0,0.0,0.0,0.0,nan,nan,nan,1,0,0,0
5699004317,5699004312,-0.17039524,0.06368844,-0.4214221,0.0041112103,-0.053913146,0.028802408,-0.9981216,nan,nan,nan,nan,nan,nan,0.0,0.0,0.0,0.0,0.0,0.0,nan,nan,nan,1,0,0,0
5699013303,5699013297,-0.17044678,0.063301206,-0.41917145,0.005456503,-0.048924036,0.030280787,-0.9983284,nan,nan,nan,nan,nan,nan,0.0,0.0,0.0,0.0,0.0,0.0,nan,nan,nan,1,0,0,0
5699023298,5699023292,-0.17019397,0.063706845,-0.4176306,0.0054411963,-0.052464534,0.027963622,-0.9982163,nan,nan,nan,nan,nan,nan,0.0,0.0,0.0,0.0,0.0,0.0,nan,nan,nan,1,0,0,0
5699031172,5699031167,-0.17020234,0.063107625,-0.41532326,0.0065896283,-0.047487374,0.03246129,-0.9983225,nan,nan,nan,nan,nan,nan,0.0,0.0,0.0,0.0,0.0,0.0,nan,nan,nan,1,0,0,0
5699039298,5699039293,-0.16984163,0.06430041,-0.41439736,0.002079169,-0.05885881,0.031934552,-0.99775326,nan,nan,nan,nan,nan,nan,0.0,0.0,0.0,0.0,0.0,0.0,nan,nan,nan,1,0,0,0
5699046170,5699046164,-0.1699316,0.06340558,-0.41189557,0.005611261,-0.05059424,0.031377915,-0.9982105,nan,nan,nan,nan,nan,nan,0.0,0.0,0.0,0.0,0.0,0.0,nan,nan,nan,1,0,0,0
5699055295,5699055290,-0.17000274,0.06295248,-0.40970075,0.007729076,-0.04535753,0.034794893,-0.99833477,nan,nan,nan,nan,nan,nan,0.0,0.0,0.0,0.0,0.0,0.0,nan,nan,nan,1,0,0,0
5699063483,5699063477,-0.16959034,0.06420776,-0.40880266,0.0021199787,-0.06100085,0.03206236,-0.9976204,nan,nan,nan,nan,nan,nan,0.0,0.0,0.0,0.0,0.0,0.0,nan,nan,nan,1,0,0,0
5699071291,5699071285,-0.16973034,0.06342871,-0.4062314,0.006389854,-0.050666437,0.032000892,-0.99818236,nan,nan,nan,nan,nan,nan,0.0,0.0,0.0,0.0,0.0,0.0,nan,nan,nan,1,0,0,0
5699080651,5699080645,-0.1692506,0.06436301,-0.4050226,0.002074481,-0.06116457,0.031779684,-0.99761945,nan,nan,nan,nan,nan,nan,0.0,0.0,0.0,0.0,0.0,0.0,nan,nan,nan,1,0,0,0
5699089296,5699089290,-0.16942872,0.06358359,-0.4025635,0.005969516,-0.05227277,0.031539124,-0.99811685,nan,nan,nan,nan,nan,nan,0.0,0.0,0.0,0.0,0.0,0.0,nan,nan,nan,1,0,0,0
5699096303,5699096297,-0.16922507,0.06433281,-0.40134418,0.002800978,-0.05949285,0.03096516,-0.99774444,nan,nan,nan,nan,nan,nan,0.0,0.0,0.0,0.0,0.0,0.0,nan,nan,nan,1,0,0,0
5699106287,5699106282,-0.16954203,0.0631342,-0.39862785,0.006862741,-0.04762642,0.031679973,-0.9983391,nan,nan,nan,nan,nan,nan,0.0,0.0,0.0,0.0,0.0,0.0,nan,nan,nan,1,0,0,0
5699112575,5699112570,-0.16944231,0.06351147,-0.39699084,0.005318046,-0.05445353,0.02779982,-0.99811506,nan,nan,nan,nan,nan,nan,0.0,0.0,0.0,0.0,0.0,0.0,nan,nan,nan,1,0,0,0
5699122294,5699122288,-0.16938671,0.06358208,-0.3951609,0.0054526054,-0.05371888,0.028360808,-0.99813837,nan,nan,nan,nan,nan,nan,0.0,0.0,0.0,0.0,0.0,0.0,nan,nan,nan,1,0,0,0
5699129322,5699129316,-0.1693191,0.06360443,-0.39329934,0.0058328607,-0.053463217,0.027403532,-0.99817663,nan,nan,nan,nan,nan,nan,0.0,0.0,0.0,0.0,0.0,0.0,nan,nan,nan,1,0,0,0
5699138387,5699138382,-0.16931953,0.06267925,-0.39068672,0.0085620405,-0.044892997,0.030512147,-0.998489,nan,nan,nan,nan,nan,nan,0.0,0.0,0.0,0.0,0.0,0.0,nan,nan,nan,1,0,0,0
5699145989,5699145983,-0.16929065,0.063278265,-0.38916227,0.007767213,-0.049515255,0.029976992,-0.99829316,nan,nan,nan,nan,nan,nan,0.0,0.0,0.0,0.0,0.0,0.0,nan,nan,nan,1,0,0,0
5699155300,5699155294,-0.16921192,0.06297681,-0.38693747,0.009008913,-0.045562945,0.031079462,-0.9984373,nan,nan,nan,nan,nan,nan,0.0,0.0,0.0,0.0,0.0,0.0,nan,nan,nan,1,0,0,0
5699162445,5699162440,-0.16911526,0.06350959,-0.38524166,0.007215449,-0.05214019,0.02869063,-0.99820143,nan,nan,nan,nan,nan,nan,0.0,0.0,0.0,0.0,0.0,0.0,nan,nan,nan,1,0,0,0
5699171292,5699171287,-0.16930759,0.06261598,-0.38259667,0.008289915,-0.04515498,0.03435161,-0.99835473,nan,nan,nan,nan,nan,nan,0.0,0.0,0.0,0.0,0.0,0.0,nan,nan,nan,1,0,0,0
5699182325,5699182318,-0.1692446,0.06262991,-0.3807189,0.007694188,-0.046790354,0.033983547,-0.9982969,nan,nan,nan,nan,nan,nan,0.0,0.0,0.0,0.0,0.0,0.0,nan,nan,nan,1,0,0,0
5699188340,5699188334,-0.16892947,0.06339884,-0.37936634,0.0047340533,-0.054980095,0.028085623,-0.99808115,nan,nan,nan,nan,nan,nan,0.0,0.0,0.0,0.0,0.0,0.0,nan,nan,nan,1,0,0,0
5699196321,5699196315,-0.16872749,0.06355678,-0.37755102,0.003994584,-0.05626287,0.028080683,-0.99801314,nan,nan,nan,nan,nan,nan,0.0,0.0,0.0,0.0,0.0,0.0,nan,nan,nan,1,0,0,0
5699205314,5699205308,-0.16864622,0.062940404,-0.37517223,0.005841333,-0.04738122,0.03134972,-0.99836767,nan,nan,nan,nan,nan,nan,0.0,0.0,0.0,0.0,0.0,0.0,nan,nan,nan,1,0,0,0
5699213083,5699213077,-0.16856942,0.06371462,-0.37360364,0.00559593,-0.047891673,0.032153044,-0.9983192,nan,nan,nan,nan,nan,nan,0.0,0.0,0.0,0.0,0.0,0.0,nan,nan,nan,1,0,0,0
5699222293,5699222288,-0.16872412,0.06313505,-0.37106788,0.0035328495,-0.05016413,0.030453682,-0.99827033,nan,nan,nan,nan,nan,nan,0.0,0.0,0.0,0.0,0.0,0.0,nan,nan,nan,1,0,0,0
5699231371,5699231365,-0.16834109,0.064310424,-0.369717,0.0002554732,-0.06015139,0.031424653,-0.99769443,nan,nan,nan,nan,nan,nan,0.0,0.0,0.0,0.0,0.0,0.0,nan,nan,nan,1,0,0,0
5699238361,5699238355,-0.16863619,0.063429266,-0.36695325,0.002649983,-0.05509214,0.027145509,-0.99810874,nan,nan,nan,nan,nan,nan,0.0,0.0,0.0,0.0,0.0,0.0,nan,nan,nan,1,0,0,0
5699245951,5699245945,-0.16865472,0.06337708,-0.36471346,0.0033970703,-0.0533751,0.031517092,-0.99807125,nan,nan,nan,nan,nan,nan,0.0,0.0,0.0,0.0,0.0,0.0,nan,nan,nan,1,0,0,0
5699254814,5699254809,-0.16868138,0.06311404,-0.3623698,0.0045794416,-0.049797814,0.029719569,-0.9983066,nan,nan,nan,nan,nan,nan,0.0,0.0,0.0,0.0,0.0,0.0,nan,nan,nan,1,0,0,0
5699263305,5699263299,-0.16823113,0.06502681,-0.3613827,0.0029746513,-0.05580716,0.039400242,-0.9976594,nan,nan,nan,nan,nan,nan,0.0,0.0,0.0,0.0,0.0,0.0,nan,nan,nan,1,0,0,0
5699272294,5699272288,-0.16831952,0.06412119,-0.35853994,0.0012260431,-0.058597427,0.029860353,-0.9978343,nan,nan,nan,nan,nan,nan,0.0,0.0,0.0,0.0,0.0,0.0,nan,nan,nan,1,0,0,0
5699278783,5699278777,-0.16839018,0.0639877,-0.35597834,-0.00038770022,-0.06135899,0.03160839,-0.99761504,nan,nan,nan,nan,nan,nan,0.0,0.0,0.0,0.0,0.0,0.0,nan,nan,nan,1,0,0,0
5699288301,5699288295,-0.16832528,0.063899904,-0.35359848,-0.00022966915,-0.06078965,0.031434514,-0.9976555,nan,nan,nan,nan,nan,nan,0.0,0.0,0.0,0.0,0.0,0.0,nan,nan,nan,1,0,0,0
5699297317,5699297312,-0.16826071,0.06402031,-0.3512665,-0.00084625365,-0.061157625,0.032491874,-0.9975988,nan,nan,nan,nan,nan,nan,0.0,0.0,0.0,0.0,0.0,0.0,nan,nan,nan,1,0,0,0
5699306292,5699306287,-0.168446,0.06316378,-0.34836483,0.0035777194,-0.047041558,0.034053374,-0.9983059,nan,nan,nan,nan,nan,nan,0.0,0.0,0.0,0.0,0.0,0.0,nan,nan,nan,1,0,0,0
5699312278,5699312273,-0.16815983,0.06401135,-0.34646806,0.0021690603,0.06293795,-0.03214184,0.9974974,nan,nan,nan,nan,nan,nan,0.0,0.0,0.0,0.0,0.0,0.0,nan,nan,nan,1,0,0,0
5699321301,5699321295,-0.16841908,0.06292828,-0.3432817,0.00108264,-0.051260497,0.029411586,-0.99825156,nan,nan,nan,nan,nan,nan,0.0,0.0,0.0,0.0,0.0,0.0,nan,nan,nan,1,0,0,0
5699331542,5699331507,-0.16815078,0.06422971,-0.34155837,0.0023935263,0.061144613,-0.035050817,0.9975104,nan,nan,nan,nan,nan,nan,0.0,0.0,0.0,0.0,0.0,0.0,nan,nan,nan,1,0,0,0
5699338328,5699338310,-0.16836679,0.06308741,-0.33818308,0.0005240867,-0.052987993,0.030887479,-0.9981172,nan,nan,nan,nan,nan,nan,0.0,0.0,0.0,0.0,0.0,0.0,nan,nan,nan,1,0,0,0
5699345147,5699345142,-0.16839102,0.06293716,-0.33537093,0.0007992809,-0.052565064,0.03182786,-0.9981099,nan,nan,nan,nan,nan,nan,0.0,0.0,0.0,0.0,0.0,0.0,nan,nan,nan,1,0,0,0
5699354715,5699354710,-0.16807473,0.063951515,-0.3335255,0.0036645152,0.06274663,-0.031965356,0.99751073,nan,nan,nan,nan,nan,nan,0.0,0.0,0.0,0.0,0.0,0.0,nan,nan,nan,1,0,0,0
5699362295,5699362289,-0.16802421,0.06481492,-0.33134142,-0.0011617471,-0.056595344,0.03975037,-0.9976049,nan,nan,nan,nan,nan,nan,0.0,0.0,0.0,0.0,0.0,0.0,nan,nan,nan,1,0,0,0
5699371294,5699371288,-0.16813219,0.06426973,-0.32841435,-0.00015441464,-0.053787388,0.023535969,-0.99827504,nan,nan,nan,nan,nan,nan,0.0,0.0,0.0,0.0,0.0,0.0,nan,nan,nan,1,0,0,0
5699380358,5699380353,-0.16841964,0.0625824,-0.32433596,-8.666522e-05,-0.053948913,0.026514577,-0.99819165,nan,nan,nan,nan,nan,nan,0.0,0.0,0.0,0.0,0.0,0.0,nan,nan,nan,1,0,0,0
5699388298,5699388292,-0.16800882,0.064805634,-0.32283804,-0.0012519248,-0.05661667,0.039109305,-0.9976289,nan,nan,nan,nan,nan,nan,0.0,0.0,0.0,0.0,0.0,0.0,nan,nan,nan,1,0,0,0
5699396306,5699396300,-0.16815989,0.06395176,-0.31927016,0.0044283583,0.062186435,-0.0312601,0.9975651,nan,nan,nan,nan,nan,nan,0.0,0.0,0.0,0.0,0.0,0.0,nan,nan,nan,1,0,0,0
5699405334,5699405329,-0.1682496,0.06384445,-0.3163448,0.00392936,0.059879716,-0.030609304,0.9977284,nan,nan,nan,nan,nan,nan,0.0,0.0,0.0,0.0,0.0,0.0,nan,nan,nan,1,0,0,0
5699414656,5699414651,-0.1682839,0.06411337,-0.3135319,0.00087943755,-0.05164009,0.024525285,-0.9983642,nan,nan,nan,nan,nan,nan,0.0,0.0,0.0,0.0,0.0,0.0,nan,nan,nan,1,0,0,0
5699421296,5699421290,-0.1683101,0.063788034,-0.30997688,0.0034135163,0.06050129,-0.033275194,0.9976076,nan,nan,nan,nan,nan,nan,0.0,0.0,0.0,0.0,0.0,0.0,nan,nan,nan,1,0,0,0
5699430578,5699430573,-0.16828716,0.063573025,-0.30675793,-0.00067341974,-0.05437549,0.0348796,-0.9979109,nan,nan,nan,nan,nan,nan,0.0,0.0,0.0,0.0,0.0,0.0,nan,nan,nan,1,0,0,0
5699437293,5699437287,-0.16814749,0.063881405,-0.30412513,0.00096599717,-0.052296065,0.025471538,-0.9983063,nan,nan,nan,nan,nan,nan,0.0,0.0,0.0,0.0,0.0,0.0,nan,nan,nan,1,0,0,0
5699446264,5699446258,-0.16794796,0.06445503,-0.30110294,-0.0001364767,-0.055998534,0.0419598,-0.9975487,nan,nan,nan,nan,nan,nan,0.0,0.0,0.0,0.0,0.0,0.0,nan,nan,nan,1,0,0,0
5699455494,5699455489,-0.16801457,0.06342767,-0.29747507,0.002793969,0.059879426,-0.033353522,0.99764436,nan,nan,nan,nan,nan,nan,0.0,0.0,0.0,0.0,0.0,0.0,nan,nan,nan,1,0,0,0
5699463296,5699463291,-0.16800176,0.06364127,-0.29462978,0.0012358046,-0.05182561,0.025625069,-0.99832654,nan,nan,nan,nan,nan,nan,0.0,0.0,0.0,0.0,0.0,0.0,nan,nan,nan,1,0,0,0
5699472289,5699472284,-0.16793515,0.06347117,-0.2910425,0.0022491503,0.06097138,-0.035355628,0.9975107,nan,nan,nan,nan,nan,nan,0.0,0.0,0.0,0.0,0.0,0.0,nan,nan,nan,1,0,0,0
5699481100,5699481094,-0.16820352,0.062039852,-0.28695777,0.003001142,-0.047576938,0.034295686,-0.9982741,nan,nan,nan,nan,nan,nan,0.0,0.0,0.0,0.0,0.0,0.0,nan,nan,nan,1,0,0,0
5699498138,5699498133,-0.1681238,0.06251265,-0.28413892,0.0022656026,-0.05063182,0.033395097,-0.99815637,nan,nan,nan,nan,nan,nan,0.0,0.0,0.0,0.0,0.0,0.0,nan,nan,nan,1,0,0,0
5699500757,5699500752,-0.16775742,0.06425717,-0.28219438,0.0018607042,-0.054942857,0.042438824,-0.9975855,nan,nan,nan,nan,nan,nan,0.0,0.0,0.0,0.0,0.0,0.0,nan,nan,nan,1,0,0,0
5699504559,5699504554,-0.16812593,0.062403247,-0.2778876,0.0033426033,-0.0488633,0.032351382,-0.99827576,nan,nan,nan,nan,nan,nan,0.0,0.0,0.0,0.0,0.0,0.0,nan,nan,nan,1,0,0,0
5699512998,5699512993,-0.16771646,0.0641403,-0.27594987,0.0025569394,-0.05436802,0.041484058,-0.9976556,nan,nan,nan,nan,nan,nan,0.0,0.0,0.0,0.0,0.0,0.0,nan,nan,nan,1,0,0,0
5699521327,5699521322,-0.16773333,0.06337126,-0.27235597,-0.00061581103,-0.059927836,0.033284582,-0.99764746,nan,nan,nan,nan,nan,nan,0.0,0.0,0.0,0.0,0.0,0.0,nan,nan,nan,1,0,0,0
5699530523,5699530517,-0.16761462,0.06343984,-0.2695372,0.0036438673,-0.051328994,0.025180114,-0.99835765,nan,nan,nan,nan,nan,nan,0.0,0.0,0.0,0.0,0.0,0.0,nan,nan,nan,1,0,0,0
5699538298,5699538292,-0.16754398,0.06344372,-0.26635525,0.0035938076,-0.05114416,0.025914136,-0.99834853,nan,nan,nan,nan,nan,nan,0.0,0.0,0.0,0.0,0.0,0.0,nan,nan,nan,1,0,0,0
5699546234,5699546229,-0.16745988,0.063219614,-0.2628607,-0.0005883838,-0.059867878,0.03348391,-0.99764436,nan,nan,nan,nan,nan,nan,0.0,0.0,0.0,0.0,0.0,0.0,nan,nan,nan,1,0,0,0
5699554584,5699554579,-0.16737214,0.063423574,-0.2601722,0.0036923748,-0.050757553,0.026203021,-0.9983604,nan,nan,nan,nan,nan,nan,0.0,0.0,0.0,0.0,0.0,0.0,nan,nan,nan,1,0,0,0
5699563320,5699563315,-0.16723064,0.064225584,-0.25745475,0.00502593,-0.047441784,0.03524661,-0.9982393,nan,nan,nan,nan,nan,nan,0.0,0.0,0.0,0.0,0.0,0.0,nan,nan,nan,1,0,0,0
5699571309,5699571304,-0.16731395,0.06327515,-0.2538379,0.0036616006,-0.05087304,0.02559981,-0.9983703,nan,nan,nan,nan,nan,nan,0.0,0.0,0.0,0.0,0.0,0.0,nan,nan,nan,1,0,0,0
5699580095,5699580089,-0.16723676,0.063161895,-0.2507025,0.0037227632,-0.051130146,0.026261624,-0.9983397,nan,nan,nan,nan,nan,nan,0.0,0.0,0.0,0.0,0.0,0.0,nan,nan,nan,1,0,0,0
5699588292,5699588286,-0.16726996,0.062853366,-0.24713598,0.0052738786,-0.048809152,0.02536286,-0.99847215,nan,nan,nan,nan,nan,nan,0.0,0.0,0.0,0.0,0.0,0.0,nan,nan,nan,1,0,0,0
5699597328,5699597323,-0.16712746,0.06308488,-0.24445796,0.003695983,-0.051029053,0.02623964,-0.9983456,nan,nan,nan,nan,nan,nan,0.0,0.0,0.0,0.0,0.0,0.0,nan,nan,nan,1,0,0,0
5699605316,5699605310,-0.16708696,0.06273885,-0.2409423,-0.00026333882,-0.05958287,0.03426612,-0.99763507,nan,nan,nan,nan,nan,nan,0.0,0.0,0.0,0.0,0.0,0.0,nan,nan,nan,1,0,0,0
5699613198,5699613193,-0.16696781,0.06391232,-0.23870026,0.005405051,-0.04762321,0.03695694,-0.99816686,nan,nan,nan,nan,nan,nan,0.0,0.0,0.0,0.0,0.0,0.0,nan,nan,nan,1,0,0,0
5699622295,5699622290,-0.16699669,0.06322523,-0.23503247,0.0020868683,-0.052687477,0.046814933,-0.9975109,nan,nan,nan,nan,nan,nan,0.0,0.0,0.0,0.0,0.0,0.0,nan,nan,nan,1,0,0,0
5699631110,5699631100,-0.16695535,0.06362376,-0.23261258,0.0052985926,-0.04595407,0.03796412,-0.99820775,nan,nan,nan,nan,nan,nan,0.0,0.0,0.0,0.0,0.0,0.0,nan,nan,nan,1,0,0,0
5699640344,5699640312,-0.16705202,0.06262428,-0.22878025,-0.00039728332,-0.058641,0.035141844,-0.9976603,nan,nan,nan,nan,nan,nan,0.0,0.0,0.0,0.0,0.0,0.0,nan,nan,nan,1,0,0,0
5699646038,5699646032,-0.16708325,0.06274675,-0.22605056,0.0043290225,-0.049423292,0.025336144,-0.9984472,nan,nan,nan,nan,nan,nan,0.0,0.0,0.0,0.0,0.0,0.0,nan,nan,nan,1,0,0,0
5699655290,5699655285,-0.16703919,0.062837444,-0.22334951,0.0031688933,-0.04949409,0.02806567,-0.998375,nan,nan,nan,nan,nan,nan,0.0,0.0,0.0,0.0,0.0,0.0,nan,nan,nan,1,0,0,0
5699663298,5699663292,-0.16730087,0.061655566,-0.21939084,0.0025303434,-0.048288696,0.035562508,-0.99819696,nan,nan,nan,nan,nan,nan,0.0,0.0,0.0,0.0,0.0,0.0,nan,nan,nan,1,0,0,0
5699671650,5699671644,-0.16685057,0.063656725,-0.21826261,0.0034434388,-0.04589367,0.037000615,-0.9982549,nan,nan,nan,nan,nan,nan,0.0,0.0,0.0,0.0,0.0,0.0,nan,nan,nan,1,0,0,0
5699679934,5699679928,-0.16674358,0.06288273,-0.21499346,0.0003318929,-0.050823808,0.028171051,-0.9983102,nan,nan,nan,nan,nan,nan,0.0,0.0,0.0,0.0,0.0,0.0,nan,nan,nan,1,0,0,0
5699688297,5699688292,-0.16661401,0.06335686,-0.21259877,0.0010894736,-0.046066348,0.03781191,-0.9982219,nan,nan,nan,nan,nan,nan,0.0,0.0,0.0,0.0,0.0,0.0,nan,nan,nan,1,0,0,0
5699696492,5699696487,-0.16664915,0.06276793,-0.20948894,0.0018702119,0.050731506,-0.027229328,0.9983393,nan,nan,nan,nan,nan,nan,0.0,0.0,0.0,0.0,0.0,0.0,nan,nan,nan,1,0,0,0
5699704344,5699704339,-0.16648626,0.063451715,-0.20714019,-0.0013086473,-0.04629841,0.037712805,-0.9982146,nan,nan,nan,nan,nan,nan,0.0,0.0,0.0,0.0,0.0,0.0,nan,nan,nan,1,0,0,0
5699712375,5699712370,-0.16657557,0.06341865,-0.20435059,-0.00161476,-0.046858374,0.037029583,-0.9982137,nan,nan,nan,nan,nan,nan,0.0,0.0,0.0,0.0,0.0,0.0,nan,nan,nan,1,0,0,0
5699723303,5699723298,-0.16667733,0.06327003,-0.20155549,0.0019970362,0.04487691,-0.037855297,0.9982731,nan,nan,nan,nan,nan,nan,0.0,0.0,0.0,0.0,0.0,0.0,nan,nan,nan,1,0,0,0
5699730103,5699730098,-0.16668725,0.06333209,-0.19881816,0.002348975,0.046013076,-0.03735551,0.99823934,nan,nan,nan,nan,nan,nan,0.0,0.0,0.0,0.0,0.0,0.0,nan,nan,nan,1,0,0,0
5699738288,5699738283,-0.16676512,0.06316811,-0.19600445,0.0020883845,0.044691086,-0.03736823,0.99829954,nan,nan,nan,nan,nan,nan,0.0,0.0,0.0,0.0,0.0,0.0,nan,nan,nan,1,0,0,0
5699745248,5699745242,-0.16682175,0.06313282,-0.19328852,0.0026675533,0.045136232,-0.03766419,0.99826694,nan,nan,nan,nan,nan,nan,0.0,0.0,0.0,0.0,0.0,0.0,nan,nan,nan,1,0,0,0
5699758293,5699758287,-0.1668911,0.06301025,-0.19047402,0.00278287,0.044540063,-0.036806207,0.99832547,nan,nan,nan,nan,nan,nan,0.0,0.0,0.0,0.0,0.0,0.0,nan,nan,nan,1,0,0,0
5699762298,5699762292,-0.16683002,0.063085005,-0.18765609,0.0028470075,0.0449817,-0.037887625,0.99826497,nan,nan,nan,nan,nan,nan,0.0,0.0,0.0,0.0,0.0,0.0,nan,nan,nan,1,0,0,0
5699772289,5699772283,-0.16694279,0.062085986,-0.1840893,0.0039105914,0.048328336,-0.026556704,0.9984707,nan,nan,nan,nan,nan,nan,0.0,0.0,0.0,0.0,0.0,0.0,nan,nan,nan,1,0,0,0
5699780621,5699780615,-0.16694905,0.062019657,-0.18132435,0.0042277956,0.04837229,-0.0266171,0.9984658,nan,nan,nan,nan,nan,nan,0.0,0.0,0.0,0.0,0.0,0.0,nan,nan,nan,1,0,0,0
5699788301,5699788295,-0.1668397,0.06218575,-0.1786673,0.0060377633,0.048247077,-0.029105045,0.998393,nan,nan,nan,nan,nan,nan,0.0,0.0,0.0,0.0,0.0,0.0,nan,nan,nan,1,0,0,0
5699798292,5699798286,-0.16682628,0.06221333,-0.17599885,0.0062620956,0.04738994,-0.027327076,0.99848294,nan,nan,nan,nan,nan,nan,0.0,0.0,0.0,0.0,0.0,0.0,nan,nan,nan,1,0,0,0
5699805351,5699805346,-0.16691661,0.061624426,-0.17280604,0.008136366,0.051082637,-0.03764949,0.99795127,nan,nan,nan,nan,nan,nan,0.0,0.0,0.0,0.0,0.0,0.0,nan,nan,nan,1,0,0,0
5699814330,5699814325,-0.16684951,0.062017236,-0.17066298,0.0061382735,0.04832364,-0.025726868,0.99848145,nan,nan,nan,nan,nan,nan,0.0,0.0,0.0,0.0,0.0,0.0,nan,nan,nan,1,0,0,0
5699822301,5699822295,-0.16673817,0.06210664,-0.1681136,0.00761981,0.04897419,-0.025070494,0.99845624,nan,nan,nan,nan,nan,nan,0.0,0.0,0.0,0.0,0.0,0.0,nan,nan,nan,1,0,0,0
5699830298,5699830292,-0.16683471,0.06138741,-0.1647591,0.009316094,0.052175023,-0.034930736,0.9979834,nan,nan,nan,nan,nan,nan,0.0,0.0,0.0,0.0,0.0,0.0,nan,nan,nan,1,0,0,0
5699838289,5699838284,-0.16676387,0.06189943,-0.16261522,0.0073159654,0.046826005,-0.025735846,0.99854463,nan,nan,nan,nan,nan,nan,0.0,0.0,0.0,0.0,0.0,0.0,nan,nan,nan,1,0,0,0
5699847033,5699847028,-0.16670737,0.061978426,-0.1599699,0.008475832,0.0468188,-0.027604593,0.9984859,nan,nan,nan,nan,nan,nan,0.0,0.0,0.0,0.0,0.0,0.0,nan,nan,nan,1,0,0,0
5699854365,5699854358,-0.16674094,0.061857816,-0.15713058,0.0081593385,0.046649177,-0.028142098,0.99848145,nan,nan,nan,nan,nan,nan,0.0,0.0,0.0,0.0,0.0,0.0,nan,nan,nan,1,0,0,0
5699863293,5699863288,-0.16688986,0.061829474,-0.15444058,0.007098476,0.047114175,-0.027024118,0.9984987,nan,nan,nan,nan,nan,nan,0.0,0.0,0.0,0.0,0.0,0.0,nan,nan,nan,1,0,0,0
5699871292,5699871287,-0.16680506,0.06168617,-0.1517231,0.006458633,0.046156373,-0.028292282,0.9985126,nan,nan,nan,nan,nan,nan,0.0,0.0,0.0,0.0,0.0,0.0,nan,nan,nan,1,0,0,0
5699881836,5699881831,-0.16674258,0.06177699,-0.14913286,0.0071786726,0.048730843,-0.027269838,0.99841374,nan,nan,nan,nan,nan,nan,0.0,0.0,0.0,0.0,0.0,0.0,nan,nan,nan,1,0,0,0
5699888296,5699888290,-0.16654482,0.06190196,-0.14666264,0.008316047,0.04823776,-0.027635919,0.9984188,nan,nan,nan,nan,nan,nan,0.0,0.0,0.0,0.0,0.0,0.0,nan,nan,nan,1,0,0,0
5699897504,5699897496,-0.16658928,0.061997086,-0.1442305,0.007890089,0.047515016,-0.027967436,0.9984478,nan,nan,nan,nan,nan,nan,0.0,0.0,0.0,0.0,0.0,0.0,nan,nan,nan,1,0,0,0
5699904292,5699904287,-0.16665323,0.061902635,-0.14165644,0.0077027353,0.04617735,-0.026872877,0.998542,nan,nan,nan,nan,nan,nan,0.0,0.0,0.0,0.0,0.0,0.0,nan,nan,nan,1,0,0,0
5699912765,5699912760,-0.1667009,0.061821938,-0.13910125,0.0058126207,0.04676698,-0.025807893,0.9985554,nan,nan,nan,nan,nan,nan,0.0,0.0,0.0,0.0,0.0,0.0,nan,nan,nan,1,0,0,0
5699921419,5699921414,-0.16668974,0.061812043,-0.13643126,0.0061372234,0.04715336,-0.02527908,0.9985489,nan,nan,nan,nan,nan,nan,0.0,0.0,0.0,0.0,0.0,0.0,nan,nan,nan,1,0,0,0
5699931124,5699931118,-0.16672467,0.061700493,-0.13390833,0.005152689,0.04603932,-0.026051296,0.9985866,nan,nan,nan,nan,nan,nan,0.0,0.0,0.0,0.0,0.0,0.0,nan,nan,nan,1,0,0,0
5699937357,5699937352,-0.16674468,0.061786402,-0.13137776,0.0046606762,0.04702254,-0.025017919,0.9985696,nan,nan,nan,nan,nan,nan,0.0,0.0,0.0,0.0,0.0,0.0,nan,nan,nan,1,0,0,0
5699946309,5699946304,-0.16667286,0.061772894,-0.12881948,0.0052982327,0.045115616,-0.027478822,0.9985897,nan,nan,nan,nan,nan,nan,0.0,0.0,0.0,0.0,0.0,0.0,nan,nan,nan,1,0,0,0
5699954325,5699954320,-0.16674066,0.061825786,-0.12622075,0.0056817145,0.04614236,-0.026644848,0.99856335,nan,nan,nan,nan,nan,nan,0.0,0.0,0.0,0.0,0.0,0.0,nan,nan,nan,1,0,0,0
5699963334,5699963329,-0.16675667,0.06163901,-0.12353472,0.003567578,0.046006713,-0.025682982,0.9986046,nan,nan,nan,nan,nan,nan,0.0,0.0,0.0,0.0,0.0,0.0,nan,nan,nan,1,0,0,0
5699971292,5699971287,-0.16673216,0.06154782,-0.12094838,0.003224301,0.045335766,-0.026832985,0.99860615,nan,nan,nan,nan,nan,nan,0.0,0.0,0.0,0.0,0.0,0.0,nan,nan,nan,1,0,0,0
5699980040,5699980035,-0.16674829,0.061617646,-0.11838226,0.0035679655,0.04661583,-0.025309114,0.9985858,nan,nan,nan,nan,nan,nan,0.0,0.0,0.0,0.0,0.0,0.0,nan,nan,nan,1,0,0,0
5699990079,5699990074,-0.166623,0.061523926,-0.115802936,0.002812957,0.045399778,-0.02706412,0.9985983,nan,nan,nan,nan,nan,nan,0.0,0.0,0.0,0.0,0.0,0.0,nan,nan,nan,1,0,0,0
5699996296,5699996290,-0.16652977,0.061597917,-0.11327673,0.0035896895,0.045218784,-0.02708896,0.9986032,nan,nan,nan,nan,nan,nan,0.0,0.0,0.0,0.0,0.0,0.0,nan,nan,nan,1,0,0,0
5700004286,5700004281,-0.16655321,0.06154943,-0.11055827,0.00319319,0.045613825,-0.027690083,0.9985702,nan,nan,nan,nan,nan,nan,0.0,0.0,0.0,0.0,0.0,0.0,nan,nan,nan,1,0,0,0
5700012720,5700012715,-0.16651884,0.06145658,-0.1078475,0.002881802,0.046256226,-0.027661158,0.9985424,nan,nan,nan,nan,nan,nan,0.0,0.0,0.0,0.0,0.0,0.0,nan,nan,nan,1,0,0,0
5700023295,5700023289,-0.16644152,0.061478835,-0.105175875,0.0020907125,0.044904836,-0.027577223,0.99860835,nan,nan,nan,nan,nan,nan,0.0,0.0,0.0,0.0,0.0,0.0,nan,nan,nan,1,0,0,0
5700030291,5700030286,-0.16637206,0.061410952,-0.10258554,-0.00043247818,-0.047335744,0.027538875,-0.9984992,nan,nan,nan,nan,nan,nan,0.0,0.0,0.0,0.0,0.0,0.0,nan,nan,nan,1,0,0,0
5700040069,5700040064,-0.16635425,0.061262775,-0.099712044,0.00042905446,-0.04575495,0.02702014,-0.99858713,nan,nan,nan,nan,nan,nan,0.0,0.0,0.0,0.0,0.0,0.0,nan,nan,nan,1,0,0,0
5700046152,5700046147,-0.16604955,0.061386906,-0.097133815,2.4216613e-05,-0.047592606,0.02794872,-0.9984757,nan,nan,nan,nan,nan,nan,0.0,0.0,0.0,0.0,0.0,0.0,nan,nan,nan,1,0,0,0
5700054302,5700054297,-0.1660541,0.061372697,-0.09449392,0.0011624777,-0.04648515,0.029217374,-0.9984909,nan,nan,nan,nan,nan,nan,0.0,0.0,0.0,0.0,0.0,0.0,nan,nan,nan,1,0,0,0
5700063857,5700063852,-0.16598138,0.06147278,-0.09193119,0.0014971467,-0.047144555,0.028773332,-0.9984725,nan,nan,nan,nan,nan,nan,0.0,0.0,0.0,0.0,0.0,0.0,nan,nan,nan,1,0,0,0
5700071291,5700071286,-0.16593671,0.061287172,-0.08914695,0.0018050415,-0.04679251,0.028528329,-0.9984956,nan,nan,nan,nan,nan,nan,0.0,0.0,0.0,0.0,0.0,0.0,nan,nan,nan,1,0,0,0
5700080339,5700080334,-0.16584821,0.06134654,-0.086729154,0.0010384289,-0.046514653,0.026753765,-0.99855876,nan,nan,nan,nan,nan,nan,0.0,0.0,0.0,0.0,0.0,0.0,nan,nan,nan,1,0,0,0
5700089939,5700089933,-0.16589427,0.061677203,-0.0840108,0.0041417573,-0.050973,0.02447257,-0.99839157,nan,nan,nan,nan,nan,nan,0.0,0.0,0.0,0.0,0.0,0.0,nan,nan,nan,1,0,0,0
5700097291,5700097285,-0.16575404,0.061784547,-0.08150742,0.0035156144,-0.048089974,0.026353193,-0.99848914,nan,nan,nan,nan,nan,nan,0.0,0.0,0.0,0.0,0.0,0.0,nan,nan,nan,1,0,0,0
5700104291,5700104285,-0.16556899,0.06192876,-0.07923881,0.003101789,-0.051370516,0.025237292,-0.9983559,nan,nan,nan,nan,nan,nan,0.0,0.0,0.0,0.0,0.0,0.0,nan,nan,nan,1,0,0,0
5700112462,5700112456,-0.16546912,0.061966687,-0.07671721,0.0033219021,-0.05051881,0.025321085,-0.9983965,nan,nan,nan,nan,nan,nan,0.0,0.0,0.0,0.0,0.0,0.0,nan,nan,nan,1,0,0,0
5700121299,5700121293,-0.16541852,0.061933465,-0.07414792,0.0031929153,-0.050887816,0.024225632,-0.99840534,nan,nan,nan,nan,nan,nan,0.0,0.0,0.0,0.0,0.0,0.0,nan,nan,nan,1,0,0,0
5700129396,5700129389,-0.16535828,0.061890315,-0.07152895,0.0035944995,-0.052009843,0.02352741,-0.9983629,nan,nan,nan,nan,nan,nan,0.0,0.0,0.0,0.0,0.0,0.0,nan,nan,nan,1,0,0,0
5700139740,5700139734,-0.16527824,0.06183736,-0.06889655,0.0038759788,-0.051848356,0.022372935,-0.9983968,nan,nan,nan,nan,nan,nan,0.0,0.0,0.0,0.0,0.0,0.0,nan,nan,nan,1,0,0,0
5700146011,5700146005,-0.16514695,0.061949607,-0.06635362,0.0028235475,-0.051532578,0.026292918,-0.99832106,nan,nan,nan,nan,nan,nan,0.0,0.0,0.0,0.0,0.0,0.0,nan,nan,nan,1,0,0,0
5700155301,5700155295,-0.16508599,0.061784897,-0.063721575,0.0030191618,-0.05096435,0.02524798,-0.99837667,nan,nan,nan,nan,nan,nan,0.0,0.0,0.0,0.0,0.0,0.0,nan,nan,nan,1,0,0,0
5700162311,5700162306,-0.16503341,0.06180691,-0.0611508,0.0028205926,-0.051693227,0.025122037,-0.99834293,nan,nan,nan,nan,nan,nan,0.0,0.0,0.0,0.0,0.0,0.0,nan,nan,nan,1,0,0,0
5700171292,5700171286,-0.16508035,0.061651535,-0.058541972,0.0031143895,-0.05283672,0.023865249,-0.9983131,nan,nan,nan,nan,nan,nan,0.0,0.0,0.0,0.0,0.0,0.0,nan,nan,nan,1,0,0,0
5700180124,5700180119,-0.16491467,0.061827626,-0.05615206,0.0018722487,-0.05175658,0.025798405,-0.9983247,nan,nan,nan,nan,nan,nan,0.0,0.0,0.0,0.0,0.0,0.0,nan,nan,nan,1,0,0,0
5700189328,5700189323,-0.16484134,0.06176987,-0.053567626,0.0013223584,-0.05220612,0.025864704,-0.9983005,nan,nan,nan,nan,nan,nan,0.0,0.0,0.0,0.0,0.0,0.0,nan,nan,nan,1,0,0,0
5700197297,5700197291,-0.16478534,0.061731268,-0.05105842,0.00076477753,-0.05236149,0.024647214,-0.9983237,nan,nan,nan,nan,nan,nan,0.0,0.0,0.0,0.0,0.0,0.0,nan,nan,nan,1,0,0,0
5700205293,5700205288,-0.16476347,0.06178427,-0.048663694,0.00045927838,-0.05213652,0.025165625,-0.99832267,nan,nan,nan,nan,nan,nan,0.0,0.0,0.0,0.0,0.0,0.0,nan,nan,nan,1,0,0,0
5700212692,5700212687,-0.16473989,0.061715562,-0.046121415,-0.00028146338,-0.052303493,0.02483805,-0.9983222,nan,nan,nan,nan,nan,nan,0.0,0.0,0.0,0.0,0.0,0.0,nan,nan,nan,1,0,0,0
5700221344,5700221339,-0.1647719,0.061687097,-0.04366752,0.0003309211,-0.053538524,0.02321759,-0.9982958,nan,nan,nan,nan,nan,nan,0.0,0.0,0.0,0.0,0.0,0.0,nan,nan,nan,1,0,0,0
5700230488,5700230482,-0.16474837,0.061695073,-0.041221276,-0.0004297164,-0.052449297,0.023865335,-0.9983383,nan,nan,nan,nan,nan,nan,0.0,0.0,0.0,0.0,0.0,0.0,nan,nan,nan,1,0,0,0
5700240292,5700240286,-0.16479352,0.062035393,-0.03923744,-0.0006232873,-0.051624373,0.02758792,-0.9982853,nan,nan,nan,nan,nan,nan,0.0,0.0,0.0,0.0,0.0,0.0,nan,nan,nan,1,0,0,0
5700245812,5700245807,-0.16486514,0.061731752,-0.03645005,-0.00080936844,-0.051573377,0.023764974,-0.9983861,nan,nan,nan,nan,nan,nan,0.0,0.0,0.0,0.0,0.0,0.0,nan,nan,nan,1,0,0,0
5700254439,5700254433,-0.16486159,0.061864868,-0.034169577,-0.00076819246,-0.052268796,0.024096271,-0.99834204,nan,nan,nan,nan,nan,nan,0.0,0.0,0.0,0.0,0.0,0.0,nan,nan,nan,1,0,0,0
5700263760,5700263755,-0.16487333,0.061711624,-0.03169972,0.001342473,0.05190809,-0.023235787,0.9983806,nan,nan,nan,nan,nan,nan,0.0,0.0,0.0,0.0,0.0,0.0,nan,nan,nan,1,0,0,0
5700271290,5700271284,-0.16487016,0.061730128,-0.029275008,0.0017009812,0.05277293,-0.02350375,0.9983284,nan,nan,nan,nan,nan,nan,0.0,0.0,0.0,0.0,0.0,0.0,nan,nan,nan,1,0,0,0
5700279546,5700279541,-0.164931,0.061592948,-0.0269574,0.0013674585,0.053290226,-0.021628568,0.9983439,nan,nan,nan,nan,nan,nan,0.0,0.0,0.0,0.0,0.0,0.0,nan,nan,nan,1,0,0,0
5700289180,5700289175,-0.16481647,0.06171635,-0.02465059,0.0036138864,0.05334174,-0.023214066,0.99829984,nan,nan,nan,nan,nan,nan,0.0,0.0,0.0,0.0,0.0,0.0,nan,nan,nan,1,0,0,0
5700297354,5700297348,-0.1647954,0.0619751,-0.02270833,0.004653476,0.05269818,-0.027167592,0.99823004,nan,nan,nan,nan,nan,nan,0.0,0.0,0.0,0.0,0.0,0.0,nan,nan,nan,1,0,0,0
5700305362,5700305357,-0.16492885,0.06155203,-0.019984215,0.005078414,0.055281583,-0.021522574,0.9982259,nan,nan,nan,nan,nan,nan,0.0,0.0,0.0,0.0,0.0,0.0,nan,nan,nan,1,0,0,0
5700312847,5700312842,-0.16473934,0.061582793,-0.017824622,0.008212512,0.053654432,-0.02406661,0.99823576,nan,nan,nan,nan,nan,nan,0.0,0.0,0.0,0.0,0.0,0.0,nan,nan,nan,1,0,0,0
5700321415,5700321409,-0.16478765,0.0613421,-0.0159502,0.0106441425,0.050677836,-0.024204312,0.998365,nan,nan,nan,nan,nan,nan,0.0,0.0,0.0,0.0,0.0,0.0,nan,nan,nan,1,0,0,0
5700330439,5700330434,-0.16485304,0.06129326,-0.013751704,0.011489568,0.05022072,-0.025304927,0.9983514,nan,nan,nan,nan,nan,nan,0.0,0.0,0.0,0.0,0.0,0.0,nan,nan,nan,1,0,0,0
5700339126,5700339121,-0.16498017,0.061605945,-0.011870431,0.011493613,0.049629804,-0.028081635,0.99830663,nan,nan,nan,nan,nan,nan,0.0,0.0,0.0,0.0,0.0,0.0,nan,nan,nan,1,0,0,0
5700346306,5700346300,-0.16507652,0.061244544,-0.009453665,0.013730997,0.05030388,-0.025038,0.9983255,nan,nan,nan,nan,nan,nan,0.0,0.0,0.0,0.0,0.0,0.0,nan,nan,nan,1,0,0,0
5700354461,5700354383,-0.1652016,0.061230443,-0.007351173,0.014354203,0.05007743,-0.025104085,0.99832654,nan,nan,nan,nan,nan,nan,0.0,0.0,0.0,0.0,0.0,0.0,nan,nan,nan,1,0,0,0
5700366339,5700366333,-0.1653564,0.06119034,-0.0053030434,0.015912648,0.05020454,-0.025423596,0.9982886,nan,nan,nan,nan,nan,nan,0.0,0.0,0.0,0.0,0.0,0.0,nan,nan,nan,1,0,0,0
5700371290,5700371285,-0.16552815,0.06123405,-0.003298706,0.015919937,0.05064108,-0.024542091,0.9982884,nan,nan,nan,nan,nan,nan,0.0,0.0,0.0,0.0,0.0,0.0,nan,nan,nan,1,0,0,0
5700380292,5700380287,-0.16567692,0.061476093,-0.0015936187,0.01587457,0.049769517,-0.02825742,0.99823475,nan,nan,nan,nan,nan,nan,0.0,0.0,0.0,0.0,0.0,0.0,nan,nan,nan,1,0,0,0
5700389343,5700389338,-0.16579027,0.06105781,0.0005991012,0.016754253,0.051186133,-0.023516586,0.99827164,nan,nan,nan,nan,nan,nan,0.0,0.0,0.0,0.0,0.0,0.0,nan,nan,nan,1,0,0,0
5700397292,5700397287,-0.16586065,0.061466414,0.0023666956,0.018108714,0.049877826,-0.028150525,0.99819434,nan,nan,nan,nan,nan,nan,0.0,0.0,0.0,0.0,0.0,0.0,nan,nan,nan,1,0,0,0
5700404310,5700404305,-0.16591586,0.061454717,0.0041900706,0.018147111,0.049114168,-0.028231246,0.9982292,nan,nan,nan,nan,nan,nan,0.0,0.0,0.0,0.0,0.0,0.0,nan,nan,nan,1,0,0,0
5700413568,5700413562,-0.16611451,0.061128903,0.0065384526,0.01864546,0.048396092,-0.030877018,0.9981767,nan,nan,nan,nan,nan,nan,0.0,0.0,0.0,0.0,0.0,0.0,nan,nan,nan,1,0,0,0
5700421289,5700421283,-0.16630521,0.06067242,0.008825152,0.019726967,0.04620395,-0.026877617,0.9983755,nan,nan,nan,nan,nan,nan,0.0,0.0,0.0,0.0,0.0,0.0,nan,nan,nan,1,0,0,0
5700430299,5700430294,-0.16623122,0.061041072,0.010056922,0.020341342,0.04868979,-0.03115856,0.99812055,nan,nan,nan,nan,nan,nan,0.0,0.0,0.0,0.0,0.0,0.0,nan,nan,nan,1,0,0,0
5700437294,5700437289,-0.16650584,0.060617033,0.01229534,0.020298162,0.047346152,-0.026060095,0.9983322,nan,nan,nan,nan,nan,nan,0.0,0.0,0.0,0.0,0.0,0.0,nan,nan,nan,1,0,0,0
5700446176,5700446171,-0.16642755,0.060998697,0.013222239,0.022249993,0.050586075,-0.023829307,0.9981874,nan,nan,nan,nan,nan,nan,0.0,0.0,0.0,0.0,0.0,0.0,nan,nan,nan,1,0,0,0
5700455431,5700455425,-0.16657369,0.060607478,0.015370265,0.023968956,0.047843475,-0.026357511,0.99821925,nan,nan,nan,nan,nan,nan,0.0,0.0,0.0,0.0,0.0,0.0,nan,nan,nan,1,0,0,0
5700463345,5700463340,-0.16662344,0.06112781,0.0164277,0.02297695,0.048317216,-0.031159405,0.99808145,nan,nan,nan,nan,nan,nan,0.0,0.0,0.0,0.0,0.0,0.0,nan,nan,nan,1,0,0,0
5700471291,5700471285,-0.16681601,0.06065887,0.018318268,0.024050258,0.046473175,-0.027143572,0.998261,nan,nan,nan,nan,nan,nan,0.0,0.0,0.0,0.0,0.0,0.0,nan,nan,nan,1,0,0,0
5700479644,5700479638,-0.16673802,0.060996726,0.019180719,0.02549596,0.050519355,-0.024965761,0.9980854,nan,nan,nan,nan,nan,nan,0.0,0.0,0.0,0.0,0.0,0.0,nan,nan,nan,1,0,0,0
5700489291,5700489286,-0.16689658,0.06110336,0.020607006,0.02435969,0.048064683,-0.030961337,0.998067,nan,nan,nan,nan,nan,nan,0.0,0.0,0.0,0.0,0.0,0.0,nan,nan,nan,1,0,0,0
5700496296,5700496291,-0.16694054,0.06105094,0.02182123,0.025557442,0.04849837,-0.03162293,0.9979954,nan,nan,nan,nan,nan,nan,0.0,0.0,0.0,0.0,0.0,0.0,nan,nan,nan,1,0,0,0
5700504290,5700504285,-0.16699691,0.060519546,0.023481451,0.027655829,0.04822942,-0.027251173,0.99808145,nan,nan,nan,nan,nan,nan,0.0,0.0,0.0,0.0,0.0,0.0,nan,nan,nan,1,0,0,0
5700512469,5700512464,-0.1670976,0.06054847,0.024523916,0.029038163,0.0477891,-0.026893651,0.99807304,nan,nan,nan,nan,nan,nan,0.0,0.0,0.0,0.0,0.0,0.0,nan,nan,nan,1,0,0,0
5700522299,5700522294,-0.16725247,0.060609214,0.025515834,0.029185789,0.047054116,-0.027514355,0.9980867,nan,nan,nan,nan,nan,nan,0.0,0.0,0.0,0.0,0.0,0.0,nan,nan,nan,1,0,0,0
5700530434,5700530429,-0.16731721,0.060559917,0.026429055,0.02954835,0.047745537,-0.027774194,0.998036,nan,nan,nan,nan,nan,nan,0.0,0.0,0.0,0.0,0.0,0.0,nan,nan,nan,1,0,0,0
5700538800,5700538794,-0.16723724,0.061247293,0.026311358,0.030182084,0.050991967,-0.029285735,0.9978133,nan,nan,nan,nan,nan,nan,0.0,0.0,0.0,0.0,0.0,0.0,nan,nan,nan,1,0,0,0
5700546105,5700546100,-0.16731101,0.06123058,0.026990343,0.030307045,0.050077774,-0.029448252,0.99785095,nan,nan,nan,nan,nan,nan,0.0,0.0,0.0,0.0,0.0,0.0,nan,nan,nan,1,0,0,0
5700555342,5700555337,-0.16751665,0.060849477,0.027887441,0.030786868,0.05027358,-0.025143526,0.9979441,nan,nan,nan,nan,nan,nan,0.0,0.0,0.0,0.0,0.0,0.0,nan,nan,nan,1,0,0,0
5700563301,5700563296,-0.16761807,0.06086124,0.02839322,0.030425897,0.050420407,-0.024488552,0.99796414,nan,nan,nan,nan,nan,nan,0.0,0.0,0.0,0.0,0.0,0.0,nan,nan,nan,1,0,0,0
5700572291,5700572286,-0.16771595,0.061243426,0.028513435,0.029483108,0.048751876,-0.028865842,0.9979583,nan,nan,nan,nan,nan,nan,0.0,0.0,0.0,0.0,0.0,0.0,nan,nan,nan,1,0,0,0
5700579081,5700579052,-0.16782233,0.06124409,0.028866183,0.029329896,0.048655603,-0.028779622,0.99797004,nan,nan,nan,nan,nan,nan,0.0,0.0,0.0,0.0,0.0,0.0,nan,nan,nan,1,0,0,0
5700589307,5700589302,-0.16791914,0.06126414,0.02912518,0.029204322,0.04846353,-0.028612623,0.99798787,nan,nan,nan,nan,nan,nan,0.0,0.0,0.0,0.0,0.0,0.0,nan,nan,nan,1,0,0,0
5700596296,5700596290,-0.16803445,0.061271053,0.02929662,0.029680401,0.04827183,-0.028482296,0.9979868,nan,nan,nan,nan,nan,nan,0.0,0.0,0.0,0.0,0.0,0.0,nan,nan,nan,1,0,0,0
5700605340,5700605335,-0.1680751,0.061282873,0.029444307,0.030085461,0.048543047,-0.02840508,0.99796367,nan,nan,nan,nan,nan,nan,0.0,0.0,0.0,0.0,0.0,0.0,nan,nan,nan,1,0,0,0
5700612309,5700612303,-0.16808467,0.061316796,0.02952801,0.030570108,0.048685342,-0.028613323,0.9979361,nan,nan,nan,nan,nan,nan,0.0,0.0,0.0,0.0,0.0,0.0,nan,nan,nan,1,0,0,0
5700622289,5700622284,-0.16809261,0.061321817,0.029557254,0.030795084,0.048889782,-0.028215764,0.9979305,nan,nan,nan,nan,nan,nan,0.0,0.0,0.0,0.0,0.0,0.0,nan,nan,nan,1,0,0,0
5700629297,5700629292,-0.16809288,0.061328225,0.029542796,0.030926215,0.0489695,-0.028237624,0.99792194,nan,nan,nan,nan,nan,nan,0.0,0.0,0.0,0.0,0.0,0.0,nan,nan,nan,1,0,0,0
5700637293,5700637288,-0.16809575,0.06134392,0.029519085,0.03102409,0.048882827,-0.028107865,0.9979268,nan,nan,nan,nan,nan,nan,0.0,0.0,0.0,0.0,0.0,0.0,nan,nan,nan,1,0,0,0
5700645821,5700645815,-0.16809589,0.061343435,0.029503193,0.030958995,0.04894473,-0.027944367,0.9979304,nan,nan,nan,nan,nan,nan,0.0,0.0,0.0,0.0,0.0,0.0,nan,nan,nan,1,0,0,0
5700655340,5700655335,-0.1680967,0.061350144,0.029463373,0.030997425,0.04889201,-0.027829956,0.99793494,nan,nan,nan,nan,nan,nan,0.0,0.0,0.0,0.0,0.0,0.0,nan,nan,nan,1,0,0,0
5700663296,5700663291,-0.16808234,0.06134971,0.02942878,0.030972023,0.049089666,-0.027715705,0.9979292,nan,nan,nan,nan,nan,nan,0.0,0.0,0.0,0.0,0.0,0.0,nan,nan,nan,1,0,0,0
5700671427,5700671422,-0.16804501,0.06137502,0.029370002,0.030726397,0.048900224,-0.027610425,0.997949,nan,nan,nan,nan,nan,nan,0.0,0.0,0.0,0.0,0.0,0.0,nan,nan,nan,1,0,0,0
5700679418,5700679413,-0.16802809,0.061418086,0.029385254,0.030502856,0.049269754,-0.027799904,0.9979325,nan,nan,nan,nan,nan,nan,0.0,0.0,0.0,0.0,0.0,0.0,nan,nan,nan,1,0,0,0
5700689168,5700689162,-0.16800915,0.06139969,0.029368736,0.030449508,0.04938047,-0.027676413,0.997932,nan,nan,nan,nan,nan,nan,0.0,0.0,0.0,0.0,0.0,0.0,nan,nan,nan,1,0,0,0
5700696413,5700696408,-0.16797116,0.06140059,0.029340247,0.030280046,0.049475927,-0.027622258,0.997934,nan,nan,nan,nan,nan,nan,0.0,0.0,0.0,0.0,0.0,0.0,nan,nan,nan,1,0,0,0
5700705292,5700705287,-0.16794738,0.061407715,0.029355425,0.030100822,0.04956179,-0.027593406,0.99793595,nan,nan,nan,nan,nan,nan,0.0,0.0,0.0,0.0,0.0,0.0,nan,nan,nan,1,0,0,0
5700713049,5700713043,-0.16792217,0.06138573,0.029342903,0.030027235,0.049570058,-0.027710423,0.99793446,nan,nan,nan,nan,nan,nan,0.0,0.0,0.0,0.0,0.0,0.0,nan,nan,nan,1,0,0,0
5700721444,5700721436,-0.16789532,0.06136841,0.02932532,0.029919477,0.04965397,-0.027863147,0.99792933,nan,nan,nan,nan,nan,nan,0.0,0.0,0.0,0.0,0.0,0.0,nan,nan,nan,1,0,0,0
5700729296,5700729291,-0.16788167,0.061345946,0.029366834,0.029960712,0.05000109,-0.027978072,0.9979076,nan,nan,nan,nan,nan,nan,0.0,0.0,0.0,0.0,0.0,0.0,nan,nan,nan,1,0,0,0
5700738964,5700738959,-0.1678609,0.061354846,0.029338175,0.029690156,0.049869478,-0.028054781,0.9979201,nan,nan,nan,nan,nan,nan,0.0,0.0,0.0,0.0,0.0,0.0,nan,nan,nan,1,0,0,0
5700747000,5700746994,-0.16784272,0.061320893,0.029343465,0.029571317,0.049952593,-0.028196163,0.99791545,nan,nan,nan,nan,nan,nan,0.0,0.0,0.0,0.0,0.0,0.0,nan,nan,nan,1,0,0,0
5700754298,5700754293,-0.16782977,0.06129975,0.02934399,0.0295593,0.050168056,-0.028364379,0.99790025,nan,nan,nan,nan,nan,nan,0.0,0.0,0.0,0.0,0.0,0.0,nan,nan,nan,1,0,0,0
5700773304,5700773299,-0.16782558,0.061283074,0.029355118,0.029485108,0.05022214,-0.028532224,0.9978949,nan,nan,nan,nan,nan,nan,0.0,0.0,0.0,0.0,0.0,0.0,nan,nan,nan,1,0,0,0
5700775334,5700775328,-0.16780938,0.061279457,0.029343447,0.029407864,0.050209757,-0.028529825,0.9978979,nan,nan,nan,nan,nan,nan,0.0,0.0,0.0,0.0,0.0,0.0,nan,nan,nan,1,0,0,0
5700780064,5700780059,-0.16778582,0.061265472,0.029340759,0.02927057,0.050211746,-0.028551467,0.9979012,nan,nan,nan,nan,nan,nan,0.0,0.0,0.0,0.0,0.0,0.0,nan,nan,nan,1,0,0,0
5700787299,5700787293,-0.16776134,0.061273575,0.029336609,0.028967181,0.050144803,-0.028501758,0.99791485,nan,nan,nan,nan,nan,nan,0.0,0.0,0.0,0.0,0.0,0.0,nan,nan,nan,1,0,0,0
5700796342,5700796336,-0.16772884,0.061277278,0.029347714,0.028838105,0.05033795,-0.028602082,0.99790597,nan,nan,nan,nan,nan,nan,0.0,0.0,0.0,0.0,0.0,0.0,nan,nan,nan,1,0,0,0
5700804341,5700804335,-0.16771796,0.061271764,0.029325651,0.028538696,0.050283678,-0.028489597,0.9979206,nan,nan,nan,nan,nan,nan,0.0,0.0,0.0,0.0,0.0,0.0,nan,nan,nan,1,0,0,0
5700812269,5700812264,-0.16783334,0.06084979,0.029762466,0.032050874,0.056818016,-0.03323854,0.9973162,nan,nan,nan,nan,nan,nan,0.0,0.0,0.0,0.0,0.0,0.0,nan,nan,nan,1,0,0,0
5700821301,5700821296,-0.16781925,0.060850065,0.02977136,0.03177691,0.056874905,-0.033098545,0.9973264,nan,nan,nan,nan,nan,nan,0.0,0.0,0.0,0.0,0.0,0.0,nan,nan,nan,1,0,0,0
5700831310,5700831305,-0.16764964,0.061308477,0.029261068,0.027946016,0.05054934,-0.028178975,0.99793273,nan,nan,nan,nan,nan,nan,0.0,0.0,0.0,0.0,0.0,0.0,nan,nan,nan,1,0,0,0
5700838474,5700838469,-0.16762523,0.061302245,0.029251635,0.027735002,0.050565645,-0.028184742,0.9979376,nan,nan,nan,nan,nan,nan,0.0,0.0,0.0,0.0,0.0,0.0,nan,nan,nan,1,0,0,0
5700846333,5700846327,-0.16775429,0.06086603,0.029705625,0.031170325,0.05683696,-0.032987673,0.99735147,nan,nan,nan,nan,nan,nan,0.0,0.0,0.0,0.0,0.0,0.0,nan,nan,nan,1,0,0,0
5700858899,5700858894,-0.16771661,0.061028104,0.029611258,0.026639571,0.04770035,-0.031241437,0.9980175,nan,nan,nan,nan,nan,nan,0.0,0.0,0.0,0.0,0.0,0.0,nan,nan,nan,1,0,0,0
5700863296,5700863291,-0.16768365,0.06103685,0.029597702,0.026399268,0.047832157,-0.031130267,0.99802107,nan,nan,nan,nan,nan,nan,0.0,0.0,0.0,0.0,0.0,0.0,nan,nan,nan,1,0,0,0
5700871311,5700871306,-0.16766508,0.061018266,0.02959682,0.026155083,0.047830775,-0.031215452,0.9980249,nan,nan,nan,nan,nan,nan,0.0,0.0,0.0,0.0,0.0,0.0,nan,nan,nan,1,0,0,0
5700879190,5700879185,-0.16764285,0.061012615,0.029570092,0.025866816,0.047810547,-0.031125655,0.9980362,nan,nan,nan,nan,nan,nan,0.0,0.0,0.0,0.0,0.0,0.0,nan,nan,nan,1,0,0,0
5700888657,5700888652,-0.16761877,0.06102869,0.02956248,0.025608849,0.04795658,-0.03100994,0.9980394,nan,nan,nan,nan,nan,nan,0.0,0.0,0.0,0.0,0.0,0.0,nan,nan,nan,1,0,0,0
5700896294,5700896289,-0.16759078,0.061034046,0.029553292,0.02531519,0.04791997,-0.030891916,0.9980524,nan,nan,nan,nan,nan,nan,0.0,0.0,0.0,0.0,0.0,0.0,nan,nan,nan,1,0,0,0
5700905380,5700905375,-0.1675221,0.061057724,0.029545745,0.025366597,0.047863852,-0.030818012,0.99805605,nan,nan,nan,nan,nan,nan,0.0,0.0,0.0,0.0,0.0,0.0,nan,nan,nan,1,0,0,0
5700912798,5700912793,-0.1674833,0.061075054,0.029567825,0.024724038,0.048355285,-0.03064506,0.9980538,nan,nan,nan,nan,nan,nan,0.0,0.0,0.0,0.0,0.0,0.0,nan,nan,nan,1,0,0,0
5700921299,5700921294,-0.16744791,0.061074585,0.02955101,0.024361717,0.04840626,-0.030582884,0.99806213,nan,nan,nan,nan,nan,nan,0.0,0.0,0.0,0.0,0.0,0.0,nan,nan,nan,1,0,0,0
5700930293,5700930288,-0.1674244,0.061070763,0.029543033,0.023965493,0.048418712,-0.030534016,0.9980726,nan,nan,nan,nan,nan,nan,0.0,0.0,0.0,0.0,0.0,0.0,nan,nan,nan,1,0,0,0
5700939293,5700939287,-0.16739444,0.061041526,0.029492255,0.02357488,0.047985632,-0.030833425,0.9980936,nan,nan,nan,nan,nan,nan,0.0,0.0,0.0,0.0,0.0,0.0,nan,nan,nan,1,0,0,0
5700945561,5700945556,-0.16734944,0.061058152,0.029501362,0.023102546,0.048301443,-0.030604413,0.99809647,nan,nan,nan,nan,nan,nan,0.0,0.0,0.0,0.0,0.0,0.0,nan,nan,nan,1,0,0,0
5700954300,5700954295,-0.1673256,0.06104646,0.029474206,0.022648536,0.048570063,-0.030655012,0.9980923,nan,nan,nan,nan,nan,nan,0.0,0.0,0.0,0.0,0.0,0.0,nan,nan,nan,1,0,0,0
5700964299,5700964294,-0.16729802,0.061043475,0.029450081,0.022180835,0.048544686,-0.03063086,0.9981048,nan,nan,nan,nan,nan,nan,0.0,0.0,0.0,0.0,0.0,0.0,nan,nan,nan,1,0,0,0
5700971294,5700971289,-0.16727966,0.061047282,0.029444259,0.021727536,0.048568122,-0.030604035,0.99811447,nan,nan,nan,nan,nan,nan,0.0,0.0,0.0,0.0,0.0,0.0,nan,nan,nan,1,0,0,0
5700979859,5700979854,-0.16725935,0.061043203,0.029407794,0.021195311,0.048697878,-0.030651389,0.99811804,nan,nan,nan,nan,nan,nan,0.0,0.0,0.0,0.0,0.0,0.0,nan,nan,nan,1,0,0,0
5700988578,5700988572,-0.16723022,0.061014496,0.029399676,0.020792104,0.04883827,-0.030850628,0.9981136,nan,nan,nan,nan,nan,nan,0.0,0.0,0.0,0.0,0.0,0.0,nan,nan,nan,1,0,0,0
5700998800,5700998795,-0.16720039,0.061029155,0.029363673,0.020284772,0.048679527,-0.0308487,0.9981318,nan,nan,nan,nan,nan,nan,0.0,0.0,0.0,0.0,0.0,0.0,nan,nan,nan,1,0,0,0
5701004292,5701004287,-0.16724744,0.06060044,0.029815417,0.02069265,0.047620166,-0.027456222,0.9982737,nan,nan,nan,nan,nan,nan,0.0,0.0,0.0,0.0,0.0,0.0,nan,nan,nan,1,0,0,0
5701012783,5701012778,-0.16723172,0.060605444,0.029799338,0.020318657,0.04778692,-0.02738352,0.9982754,nan,nan,nan,nan,nan,nan,0.0,0.0,0.0,0.0,0.0,0.0,nan,nan,nan,1,0,0,0
5701020301,5701020296,-0.16713656,0.06100583,0.029313052,0.019187508,0.04889904,-0.030697187,0.9981475,nan,nan,nan,nan,nan,nan,0.0,0.0,0.0,0.0,0.0,0.0,nan,nan,nan,1,0,0,0
5701030290,5701030281,-0.16712448,0.060997475,0.029282011,0.0187123,0.048985384,-0.030710446,0.99815184,nan,nan,nan,nan,nan,nan,0.0,0.0,0.0,0.0,0.0,0.0,nan,nan,nan,1,0,0,0
5701038653,5701038648,-0.16718566,0.060584664,0.02972203,0.0189647,0.047774345,-0.027385356,0.9983026,nan,nan,nan,nan,nan,nan,0.0,0.0,0.0,0.0,0.0,0.0,nan,nan,nan,1,0,0,0
5701046077,5701046071,-0.16716465,0.060581326,0.029685019,0.018620111,0.047999274,-0.02757498,0.99829304,nan,nan,nan,nan,nan,nan,0.0,0.0,0.0,0.0,0.0,0.0,nan,nan,nan,1,0,0,0
5701054299,5701054294,-0.1670769,0.060976047,0.02920155,0.017542887,0.049111653,-0.03074532,0.9981658,nan,nan,nan,nan,nan,nan,0.0,0.0,0.0,0.0,0.0,0.0,nan,nan,nan,1,0,0,0
5701063436,5701063430,-0.16705713,0.06099036,0.029183572,0.01735469,0.049271632,-0.030787032,0.99815995,nan,nan,nan,nan,nan,nan,0.0,0.0,0.0,0.0,0.0,0.0,nan,nan,nan,1,0,0,0
5701073506,5701073501,-0.1671244,0.06057587,0.029613556,0.017840577,0.048023347,-0.027371373,0.9983117,nan,nan,nan,nan,nan,nan,0.0,0.0,0.0,0.0,0.0,0.0,nan,nan,nan,1,0,0,0
5701079693,5701079688,-0.16711183,0.060563818,0.029577926,0.017665256,0.048099276,-0.027347768,0.9983118,nan,nan,nan,nan,nan,nan,0.0,0.0,0.0,0.0,0.0,0.0,nan,nan,nan,1,0,0,0
5701088459,5701088451,-0.16710967,0.060565524,0.029571172,0.017564872,0.048038203,-0.027259666,0.998319,nan,nan,nan,nan,nan,nan,0.0,0.0,0.0,0.0,0.0,0.0,nan,nan,nan,1,0,0,0
5701096296,5701096291,-0.16710444,0.06057798,0.029544985,0.0175144,0.048139203,-0.027386513,0.9983115,nan,nan,nan,nan,nan,nan,0.0,0.0,0.0,0.0,0.0,0.0,nan,nan,nan,1,0,0,0
5701105292,5701105287,-0.16711025,0.060575772,0.029520564,0.01740884,0.048000816,-0.027307682,0.9983222,nan,nan,nan,nan,nan,nan,0.0,0.0,0.0,0.0,0.0,0.0,nan,nan,nan,1,0,0,0
5701112795,5701112788,-0.16712187,0.06056931,0.029481867,0.017393885,0.048172202,-0.027446685,0.9983104,nan,nan,nan,nan,nan,nan,0.0,0.0,0.0,0.0,0.0,0.0,nan,nan,nan,1,0,0,0
5701121393,5701121387,-0.16711824,0.060578305,0.029451314,0.017321667,0.04813275,-0.027443085,0.9983136,nan,nan,nan,nan,nan,nan,0.0,0.0,0.0,0.0,0.0,0.0,nan,nan,nan,1,0,0,0
5701129652,5701129645,-0.1671272,0.06057338,0.029415485,0.017259127,0.0481756,-0.02741998,0.99831325,nan,nan,nan,nan,nan,nan,0.0,0.0,0.0,0.0,0.0,0.0,nan,nan,nan,1,0,0,0
5701138371,5701138366,-0.16713694,0.060528733,0.029374784,0.017308401,0.047460414,-0.027267441,0.9983509,nan,nan,nan,nan,nan,nan,0.0,0.0,0.0,0.0,0.0,0.0,nan,nan,nan,1,0,0,0
5701145303,5701145298,-0.16715038,0.060531974,0.029364562,0.01741677,0.047582578,-0.027317552,0.99834174,nan,nan,nan,nan,nan,nan,0.0,0.0,0.0,0.0,0.0,0.0,nan,nan,nan,1,0,0,0
5701155296,5701155291,-0.1671459,0.06057052,0.02935658,0.017378109,0.04808777,-0.027356585,0.9983171,nan,nan,nan,nan,nan,nan,0.0,0.0,0.0,0.0,0.0,0.0,nan,nan,nan,1,0,0,0
5701162575,5701162569,-0.16714422,0.060519345,0.029332777,0.017340085,0.047453776,-0.027366655,0.9983479,nan,nan,nan,nan,nan,nan,0.0,0.0,0.0,0.0,0.0,0.0,nan,nan,nan,1,0,0,0
5701171379,5701171373,-0.16715503,0.060520507,0.029312368,0.017368054,0.047514126,-0.027412744,0.9983432,nan,nan,nan,nan,nan,nan,0.0,0.0,0.0,0.0,0.0,0.0,nan,nan,nan,1,0,0,0
5701178824,5701178818,-0.16715659,0.060518004,0.02927975,0.017395316,0.047517717,-0.027298128,0.99834573,nan,nan,nan,nan,nan,nan,0.0,0.0,0.0,0.0,0.0,0.0,nan,nan,nan,1,0,0,0
5701188774,5701188769,-0.16715375,0.06050632,0.02925459,0.017355949,0.04746347,-0.027362844,0.9983473,nan,nan,nan,nan,nan,nan,0.0,0.0,0.0,0.0,0.0,0.0,nan,nan,nan,1,0,0,0
5701199027,5701199022,-0.16715086,0.060503274,0.029225275,0.01729974,0.047366247,-0.02741626,0.9983514,nan,nan,nan,nan,nan,nan,0.0,0.0,0.0,0.0,0.0,0.0,nan,nan,nan,1,0,0,0
5701205338,5701205333,-0.16714543,0.06046285,0.0291138,0.01739029,0.047125988,-0.027154466,0.9983684,nan,nan,nan,nan,nan,nan,0.0,0.0,0.0,0.0,0.0,0.0,nan,nan,nan,1,0,0,0
5701211736,5701211730,-0.16714995,0.060457114,0.029076122,0.017359003,0.047095966,-0.02715197,0.99837035,nan,nan,nan,nan,nan,nan,0.0,0.0,0.0,0.0,0.0,0.0,nan,nan,nan,1,0,0,0
5701228063,5701228058,-0.16714525,0.06046609,0.029006602,0.017340852,0.04720463,-0.027170455,0.99836504,nan,nan,nan,nan,nan,nan,0.0,0.0,0.0,0.0,0.0,0.0,nan,nan,nan,1,0,0,0
5701232721,5701232716,-0.16716348,0.060177393,0.029322254,0.01952792,0.05330809,-0.033883903,0.997812,nan,nan,nan,nan,nan,nan,0.0,0.0,0.0,0.0,0.0,0.0,nan,nan,nan,1,0,0,0
5701239294,5701239289,-0.16714826,0.060449094,0.028865157,0.017356575,0.04719338,-0.027299207,0.99836177,nan,nan,nan,nan,nan,nan,0.0,0.0,0.0,0.0,0.0,0.0,nan,nan,nan,1,0,0,0
5701246506,5701246499,-0.16717017,0.06016723,0.029180408,0.019596767,0.053288914,-0.03381552,0.99781394,nan,nan,nan,nan,nan,nan,0.0,0.0,0.0,0.0,0.0,0.0,nan,nan,nan,1,0,0,0
5701254438,5701254433,-0.16717224,0.060183022,0.029091492,0.019761719,0.053354446,-0.033967346,0.9978021,nan,nan,nan,nan,nan,nan,0.0,0.0,0.0,0.0,0.0,0.0,nan,nan,nan,1,0,0,0
5701263295,5701263290,-0.16718538,0.060167845,0.02900718,0.01974305,0.053173278,-0.03400785,0.9978107,nan,nan,nan,nan,nan,nan,0.0,0.0,0.0,0.0,0.0,0.0,nan,nan,nan,1,0,0,0
5701271295,5701271286,-0.16718698,0.06014481,0.028911807,0.019769123,0.05308322,-0.033911433,0.9978183,nan,nan,nan,nan,nan,nan,0.0,0.0,0.0,0.0,0.0,0.0,nan,nan,nan,1,0,0,0
5701280022,5701280015,-0.16714711,0.060426127,0.028422572,0.017566169,0.046895754,-0.027198095,0.998375,nan,nan,nan,nan,nan,nan,0.0,0.0,0.0,0.0,0.0,0.0,nan,nan,nan,1,0,0,0
5701288584,5701288579,-0.1671444,0.060413025,0.028311728,0.017483022,0.046710417,-0.027093073,0.99838793,nan,nan,nan,nan,nan,nan,0.0,0.0,0.0,0.0,0.0,0.0,nan,nan,nan,1,0,0,0
5701298467,5701298462,-0.16718063,0.06010081,0.028576627,0.019948706,0.05291066,-0.033733796,0.9978299,nan,nan,nan,nan,nan,nan,0.0,0.0,0.0,0.0,0.0,0.0,nan,nan,nan,1,0,0,0
5701306293,5701306287,-0.1671915,0.060112022,0.028434059,0.019772863,0.052745096,-0.034040853,0.99783176,nan,nan,nan,nan,nan,nan,0.0,0.0,0.0,0.0,0.0,0.0,nan,nan,nan,1,0,0,0
5701312852,5701312847,-0.16717778,0.060423084,0.027863918,0.02063176,0.054567967,-0.03660176,0.99762565,nan,nan,nan,nan,nan,nan,0.0,0.0,0.0,0.0,0.0,0.0,nan,nan,nan,1,0,0,0
5701321296,5701321290,-0.16706191,0.06088633,0.027217941,0.017256116,0.0477465,-0.03133095,0.99821883,nan,nan,nan,nan,nan,nan,0.0,0.0,0.0,0.0,0.0,0.0,nan,nan,nan,1,0,0,0
5701330363,5701330357,-0.16704583,0.060907517,0.027035194,0.017254628,0.047690734,-0.031424828,0.9982186,nan,nan,nan,nan,nan,nan,0.0,0.0,0.0,0.0,0.0,0.0,nan,nan,nan,1,0,0,0
5701338303,5701338298,-0.16714127,0.06045286,0.027344009,0.020878183,0.05449426,-0.036663286,0.9976223,nan,nan,nan,nan,nan,nan,0.0,0.0,0.0,0.0,0.0,0.0,nan,nan,nan,1,0,0,0
5701346308,5701346303,-0.16713181,0.06047418,0.027128743,0.020965347,0.054606453,-0.036709107,0.9976127,nan,nan,nan,nan,nan,nan,0.0,0.0,0.0,0.0,0.0,0.0,nan,nan,nan,1,0,0,0
5701355315,5701355310,-0.16712672,0.060467344,0.026906302,0.021099912,0.054282505,-0.036658704,0.9976293,nan,nan,nan,nan,nan,nan,0.0,0.0,0.0,0.0,0.0,0.0,nan,nan,nan,1,0,0,0
5701363295,5701363289,-0.16713518,0.06015758,0.027028274,0.020519275,0.052405555,-0.034166563,0.99783033,nan,nan,nan,nan,nan,nan,0.0,0.0,0.0,0.0,0.0,0.0,nan,nan,nan,1,0,0,0
5701371295,5701371289,-0.16710442,0.060491297,0.026317459,0.0180883,0.04581339,-0.026828565,0.9984258,nan,nan,nan,nan,nan,nan,0.0,0.0,0.0,0.0,0.0,0.0,nan,nan,nan,1,0,0,0
5701379374,5701379368,-0.16714121,0.060173173,0.02637441,0.020756189,0.052917745,-0.03431739,0.99779314,nan,nan,nan,nan,nan,nan,0.0,0.0,0.0,0.0,0.0,0.0,nan,nan,nan,1,0,0,0
5701388459,5701388454,-0.16707356,0.06013699,0.025968645,0.021559978,0.05380008,-0.033800293,0.9977466,nan,nan,nan,nan,nan,nan,0.0,0.0,0.0,0.0,0.0,0.0,nan,nan,nan,1,0,0,0
5701396296,5701396291,-0.16707271,0.06013542,0.025566433,0.021559654,0.0539453,-0.033472057,0.99774987,nan,nan,nan,nan,nan,nan,0.0,0.0,0.0,0.0,0.0,0.0,nan,nan,nan,1,0,0,0
5701404292,5701404286,-0.16703136,0.060178097,0.025079396,0.021970192,0.05425501,-0.033520043,0.99772245,nan,nan,nan,nan,nan,nan,0.0,0.0,0.0,0.0,0.0,0.0,nan,nan,nan,1,0,0,0
5701414025,5701414016,-0.16700014,0.06017397,0.024626555,0.022166306,0.053914152,-0.033900212,0.9977238,nan,nan,nan,nan,nan,nan,0.0,0.0,0.0,0.0,0.0,0.0,nan,nan,nan,1,0,0,0
5701421292,5701421286,-0.16705239,0.06020744,0.024136078,0.021465171,0.053053807,-0.034095246,0.9977785,nan,nan,nan,nan,nan,nan,0.0,0.0,0.0,0.0,0.0,0.0,nan,nan,nan,1,0,0,0
5701431336,5701431331,-0.16701879,0.060202364,0.023585824,0.021324111,0.052808423,-0.03442584,0.99778324,nan,nan,nan,nan,nan,nan,0.0,0.0,0.0,0.0,0.0,0.0,nan,nan,nan,1,0,0,0
5701437686,5701437681,-0.1670099,0.060147397,0.023057902,0.02111683,0.052493762,-0.034322724,0.9978078,nan,nan,nan,nan,nan,nan,0.0,0.0,0.0,0.0,0.0,0.0,nan,nan,nan,1,0,0,0
5701446249,5701446243,-0.16697396,0.060486782,0.022026554,0.022009801,0.054772977,-0.03699991,0.99757034,nan,nan,nan,nan,nan,nan,0.0,0.0,0.0,0.0,0.0,0.0,nan,nan,nan,1,0,0,0
5701454301,5701454296,-0.16693419,0.060478907,0.021409526,0.021767322,0.055243973,-0.037103288,0.99754584,nan,nan,nan,nan,nan,nan,0.0,0.0,0.0,0.0,0.0,0.0,nan,nan,nan,1,0,0,0
5701463300,5701463294,-0.1668772,0.060219664,0.021055525,0.021045718,0.053919062,-0.034805644,0.99771655,nan,nan,nan,nan,nan,nan,0.0,0.0,0.0,0.0,0.0,0.0,nan,nan,nan,1,0,0,0
5701472392,5701472386,-0.16688377,0.060199916,0.020258805,0.02077099,0.05307758,-0.034227762,0.9977875,nan,nan,nan,nan,nan,nan,0.0,0.0,0.0,0.0,0.0,0.0,nan,nan,nan,1,0,0,0
5701479269,5701479261,-0.1668575,0.060265116,0.01934913,0.020900516,0.05314273,-0.034302063,0.9977787,nan,nan,nan,nan,nan,nan,0.0,0.0,0.0,0.0,0.0,0.0,nan,nan,nan,1,0,0,0
5701487713,5701487708,-0.1669552,0.060086,0.01862489,0.019806717,0.053174186,-0.03221665,0.9978689,nan,nan,nan,nan,nan,nan,0.0,0.0,0.0,0.0,0.0,0.0,nan,nan,nan,1,0,0,0
5701496294,5701496289,-0.16693696,0.060092296,0.017791633,0.01974715,0.052624006,-0.03228524,0.997897,nan,nan,nan,nan,nan,nan,0.0,0.0,0.0,0.0,0.0,0.0,nan,nan,nan,1,0,0,0
5701508187,5701508182,-0.16685171,0.060508437,0.016363515,0.02114205,0.055967316,-0.036127113,0.9975548,nan,nan,nan,nan,nan,nan,0.0,0.0,0.0,0.0,0.0,0.0,nan,nan,nan,1,0,0,0
5701512605,5701512599,-0.16669878,0.060232755,0.015756298,0.02188849,0.053909868,-0.033732776,0.99773586,nan,nan,nan,nan,nan,nan,0.0,0.0,0.0,0.0,0.0,0.0,nan,nan,nan,1,0,0,0
5701521383,5701521378,-0.16671586,0.060567096,0.014368109,0.019765263,0.047176138,-0.026335064,0.99834377,nan,nan,nan,nan,nan,nan,0.0,0.0,0.0,0.0,0.0,0.0,nan,nan,nan,1,0,0,0
5701530551,5701530545,-0.16668802,0.060579687,0.013395395,0.022500956,0.055061284,-0.036315974,0.9975686,nan,nan,nan,nan,nan,nan,0.0,0.0,0.0,0.0,0.0,0.0,nan,nan,nan,1,0,0,0
5701539382,5701539377,-0.16671465,0.060636554,0.0123719545,0.022029739,0.054905225,-0.03660466,0.99757713,nan,nan,nan,nan,nan,nan,0.0,0.0,0.0,0.0,0.0,0.0,nan,nan,nan,1,0,0,0
5701546057,5701546051,-0.16666162,0.060585506,0.011315896,0.021638537,0.055220466,-0.0363959,0.99757594,nan,nan,nan,nan,nan,nan,0.0,0.0,0.0,0.0,0.0,0.0,nan,nan,nan,1,0,0,0
5701555363,5701555357,-0.16664028,0.06062654,0.010097043,0.019020034,0.04637243,-0.026944848,0.99837965,nan,nan,nan,nan,nan,nan,0.0,0.0,0.0,0.0,0.0,0.0,nan,nan,nan,1,0,0,0
5701562348,5701562342,-0.16665518,0.060304485,0.009385256,0.020827278,0.051840227,-0.033450443,0.9978777,nan,nan,nan,nan,nan,nan,0.0,0.0,0.0,0.0,0.0,0.0,nan,nan,nan,1,0,0,0
5701571299,5701571290,-0.16660672,0.060687058,0.0078408,0.021807939,0.05433851,-0.036089152,0.9976319,nan,nan,nan,nan,nan,nan,0.0,0.0,0.0,0.0,0.0,0.0,nan,nan,nan,1,0,0,0
5701578881,5701578874,-0.16653046,0.06067025,0.0066759726,0.018968401,0.047150858,-0.02674267,0.99834955,nan,nan,nan,nan,nan,nan,0.0,0.0,0.0,0.0,0.0,0.0,nan,nan,nan,1,0,0,0
5701588302,5701588296,-0.1664297,0.06033383,0.0057835043,0.022189846,0.053557698,-0.03333576,0.9977614,nan,nan,nan,nan,nan,nan,0.0,0.0,0.0,0.0,0.0,0.0,nan,nan,nan,1,0,0,0
5701596296,5701596291,-0.16653867,0.060418885,0.0046056914,0.021347,0.052200086,-0.03325781,0.9978544,nan,nan,nan,nan,nan,nan,0.0,0.0,0.0,0.0,0.0,0.0,nan,nan,nan,1,0,0,0
5701605338,5701605333,-0.1665453,0.060429838,0.003405206,0.020957442,0.051872212,-0.03241637,0.9979074,nan,nan,nan,nan,nan,nan,0.0,0.0,0.0,0.0,0.0,0.0,nan,nan,nan,1,0,0,0
5701612387,5701612382,-0.1664064,0.060476948,0.002052409,0.022453763,0.053749282,-0.03323678,0.99774855,nan,nan,nan,nan,nan,nan,0.0,0.0,0.0,0.0,0.0,0.0,nan,nan,nan,1,0,0,0
5701622299,5701622294,-0.1665544,0.06073476,0.00035567192,0.022223387,0.05523004,-0.034901097,0.997616,nan,nan,nan,nan,nan,nan,0.0,0.0,0.0,0.0,0.0,0.0,nan,nan,nan,1,0,0,0
5701629296,5701629291,-0.16663802,0.061084498,-0.0006211036,0.021271931,0.058154564,-0.034054246,0.99749976,nan,nan,nan,nan,nan,nan,0.0,0.0,0.0,0.0,0.0,0.0,nan,nan,nan,1,0,0,0
5701638304,5701638299,-0.16669126,0.060672775,-0.0015392149,0.020419784,0.05386505,-0.03168394,0.9978366,nan,nan,nan,nan,nan,nan,0.0,0.0,0.0,0.0,0.0,0.0,nan,nan,nan,1,0,0,0
5701646019,5701646013,-0.16641031,0.061559737,-0.0038241101,0.018729463,0.05426209,-0.021978498,0.99810916,nan,nan,nan,nan,nan,nan,0.0,0.0,0.0,0.0,0.0,0.0,nan,nan,nan,1,0,0,0
5701654321,5701654315,-0.16656116,0.06080449,-0.004171662,0.022051435,0.05471713,-0.03438872,0.9976659,nan,nan,nan,nan,nan,nan,0.0,0.0,0.0,0.0,0.0,0.0,nan,nan,nan,1,0,0,0
5701662295,5701662290,-0.1664829,0.061561964,-0.006295255,0.023648141,0.059784323,-0.030831449,0.99745476,nan,nan,nan,nan,nan,nan,0.0,0.0,0.0,0.0,0.0,0.0,nan,nan,nan,1,0,0,0
5701671768,5701671763,-0.16642323,0.061571892,-0.0077440427,0.019894004,0.053427618,-0.02185363,0.99813426,nan,nan,nan,nan,nan,nan,0.0,0.0,0.0,0.0,0.0,0.0,nan,nan,nan,1,0,0,0
5701679005,5701679000,-0.16640294,0.06144168,-0.008567928,0.023985239,0.060560722,-0.03222489,0.9973558,nan,nan,nan,nan,nan,nan,0.0,0.0,0.0,0.0,0.0,0.0,nan,nan,nan,1,0,0,0
5701688062,5701688056,-0.16648331,0.060782187,-0.009337099,0.023337444,0.05505506,-0.034604054,0.9976106,nan,nan,nan,nan,nan,nan,0.0,0.0,0.0,0.0,0.0,0.0,nan,nan,nan,1,0,0,0
5701697851,5701697846,-0.1662998,0.061809063,-0.011861651,0.020958092,0.05392258,-0.026954073,0.99796116,nan,nan,nan,nan,nan,nan,0.0,0.0,0.0,0.0,0.0,0.0,nan,nan,nan,1,0,0,0
5701704291,5701704286,-0.16631588,0.061403275,-0.0124268625,0.02450867,0.060318995,-0.032892592,0.997336,nan,nan,nan,nan,nan,nan,0.0,0.0,0.0,0.0,0.0,0.0,nan,nan,nan,1,0,0,0
5701713028,5701713022,-0.16629279,0.06149768,-0.013821019,0.024530306,0.060342867,-0.0337556,0.99730515,nan,nan,nan,nan,nan,nan,0.0,0.0,0.0,0.0,0.0,0.0,nan,nan,nan,1,0,0,0
5701721754,5701721749,-0.16627662,0.061430674,-0.015150463,0.024944851,0.06040042,-0.033037763,0.9973154,nan,nan,nan,nan,nan,nan,0.0,0.0,0.0,0.0,0.0,0.0,nan,nan,nan,1,0,0,0
5701730323,5701730318,-0.16635063,0.061312146,-0.016430382,0.024661055,0.061092325,-0.030865593,0.99735,nan,nan,nan,nan,nan,nan,0.0,0.0,0.0,0.0,0.0,0.0,nan,nan,nan,1,0,0,0
5701738303,5701738298,-0.16635306,0.06130151,-0.01779249,0.024622798,0.060578912,-0.030549817,0.99739194,nan,nan,nan,nan,nan,nan,0.0,0.0,0.0,0.0,0.0,0.0,nan,nan,nan,1,0,0,0
5701747974,5701747969,-0.16633114,0.061406728,-0.019196257,0.024552302,0.06045581,-0.032277036,0.9973467,nan,nan,nan,nan,nan,nan,0.0,0.0,0.0,0.0,0.0,0.0,nan,nan,nan,1,0,0,0
5701755313,5701755308,-0.16629438,0.061274048,-0.020578824,0.024891369,0.060613077,-0.030647868,0.9973802,nan,nan,nan,nan,nan,nan,0.0,0.0,0.0,0.0,0.0,0.0,nan,nan,nan,1,0,0,0
5701762336,5701762331,-0.1662734,0.061504155,-0.02232457,0.024723165,0.06066159,-0.031473592,0.99735564,nan,nan,nan,nan,nan,nan,0.0,0.0,0.0,0.0,0.0,0.0,nan,nan,nan,1,0,0,0
5701771720,5701771715,-0.16606702,0.061567802,-0.023413327,0.02557317,0.05993816,-0.033028435,0.9973277,nan,nan,nan,nan,nan,nan,0.0,0.0,0.0,0.0,0.0,0.0,nan,nan,nan,1,0,0,0
5701779278,5701779272,-0.16605563,0.06147946,-0.024768922,0.025114572,0.059617855,-0.032469075,0.997377,nan,nan,nan,nan,nan,nan,0.0,0.0,0.0,0.0,0.0,0.0,nan,nan,nan,1,0,0,0
5701788298,5701788292,-0.16599391,0.061478045,-0.02611611,0.02519491,0.06011956,-0.033315066,0.9973169,nan,nan,nan,nan,nan,nan,0.0,0.0,0.0,0.0,0.0,0.0,nan,nan,nan,1,0,0,0
5701800298,5701800292,-0.16599566,0.06156678,-0.027815346,0.024641976,0.058919545,-0.032369018,0.99743336,nan,nan,nan,nan,nan,nan,0.0,0.0,0.0,0.0,0.0,0.0,nan,nan,nan,1,0,0,0
5701805338,5701805332,-0.1658487,0.061541483,-0.028902993,0.02419936,0.060076326,-0.033541616,0.99733657,nan,nan,nan,nan,nan,nan,0.0,0.0,0.0,0.0,0.0,0.0,nan,nan,nan,1,0,0,0
5701813504,5701813498,-0.16578992,0.06142907,-0.030287573,0.0235823,0.0593584,-0.03250254,0.9974288,nan,nan,nan,nan,nan,nan,0.0,0.0,0.0,0.0,0.0,0.0,nan,nan,nan,1,0,0,0
5701821644,5701821639,-0.16557108,0.061464664,-0.032525666,0.020907873,0.048759606,-0.024462298,0.998292,nan,nan,nan,nan,nan,nan,0.0,0.0,0.0,0.0,0.0,0.0,nan,nan,nan,1,0,0,0
5701830296,5701830291,-0.16550423,0.061688703,-0.034223657,0.019582719,0.048885535,-0.027751857,0.9982267,nan,nan,nan,nan,nan,nan,0.0,0.0,0.0,0.0,0.0,0.0,nan,nan,nan,1,0,0,0
5701837293,5701837288,-0.1655758,0.061028093,-0.034870658,0.022777569,0.05607528,-0.030920088,0.9976877,nan,nan,nan,nan,nan,nan,0.0,0.0,0.0,0.0,0.0,0.0,nan,nan,nan,1,0,0,0
5701847659,5701847654,-0.16547683,0.060984455,-0.036345232,0.022137403,0.05580541,-0.030144881,0.99774086,nan,nan,nan,nan,nan,nan,0.0,0.0,0.0,0.0,0.0,0.0,nan,nan,nan,1,0,0,0
5701855461,5701855456,-0.16541068,0.060997527,-0.03785734,0.021633798,0.055612832,-0.029914381,0.9977697,nan,nan,nan,nan,nan,nan,0.0,0.0,0.0,0.0,0.0,0.0,nan,nan,nan,1,0,0,0
5701863297,5701863292,-0.16518885,0.0612602,-0.039386638,0.022100462,0.05561493,-0.03284539,0.99766713,nan,nan,nan,nan,nan,nan,0.0,0.0,0.0,0.0,0.0,0.0,nan,nan,nan,1,0,0,0
5701871545,5701871540,-0.1651563,0.06144256,-0.0413518,0.017361186,0.048369322,-0.024854958,0.99836934,nan,nan,nan,nan,nan,nan,0.0,0.0,0.0,0.0,0.0,0.0,nan,nan,nan,1,0,0,0
5701879987,5701879982,-0.16513298,0.06112391,-0.042472865,0.020548262,0.05479428,-0.031746842,0.9977813,nan,nan,nan,nan,nan,nan,0.0,0.0,0.0,0.0,0.0,0.0,nan,nan,nan,1,0,0,0
5701887517,5701887512,-0.16496329,0.061181225,-0.043966595,0.020676784,0.055663917,-0.0319139,0.9977251,nan,nan,nan,nan,nan,nan,0.0,0.0,0.0,0.0,0.0,0.0,nan,nan,nan,1,0,0,0
5701897553,5701897548,-0.1649556,0.06150639,-0.046068557,0.015390372,0.048732873,-0.025137812,0.99837685,nan,nan,nan,nan,nan,nan,0.0,0.0,0.0,0.0,0.0,0.0,nan,nan,nan,1,0,0,0
5701905292,5701905286,-0.16487537,0.061464567,-0.047586523,0.015254048,0.04856786,-0.024394965,0.99840546,nan,nan,nan,nan,nan,nan,0.0,0.0,0.0,0.0,0.0,0.0,nan,nan,nan,1,0,0,0
5701912700,5701912694,-0.16482817,0.06145464,-0.049175415,0.013640453,0.048518,-0.024665514,0.99842453,nan,nan,nan,nan,nan,nan,0.0,0.0,0.0,0.0,0.0,0.0,nan,nan,nan,1,0,0,0
5701921616,5701921611,-0.16487572,0.06137524,-0.050713014,0.015948705,0.05699513,-0.031579696,0.99774736,nan,nan,nan,nan,nan,nan,0.0,0.0,0.0,0.0,0.0,0.0,nan,nan,nan,1,0,0,0
5701930346,5701930341,-0.16480489,0.061132446,-0.051955815,0.016277688,0.0555489,-0.030675143,0.9978519,nan,nan,nan,nan,nan,nan,0.0,0.0,0.0,0.0,0.0,0.0,nan,nan,nan,1,0,0,0
5701939317,5701939311,-0.16469593,0.061407015,-0.053994294,0.010844523,0.049552154,-0.023853164,0.9984278,nan,nan,nan,nan,nan,nan,0.0,0.0,0.0,0.0,0.0,0.0,nan,nan,nan,1,0,0,0
5701948329,5701948323,-0.16451094,0.06129507,-0.055212658,0.014648354,0.05554745,-0.031913772,0.9978384,nan,nan,nan,nan,nan,nan,0.0,0.0,0.0,0.0,0.0,0.0,nan,nan,nan,1,0,0,0
5701955308,5701955302,-0.16447556,0.061275948,-0.056781784,0.0138618015,0.054985557,-0.03273805,0.997854,nan,nan,nan,nan,nan,nan,0.0,0.0,0.0,0.0,0.0,0.0,nan,nan,nan,1,0,0,0
5701963300,5701963294,-0.16434924,0.061227065,-0.058436587,0.012539098,0.05573425,-0.032456655,0.9978392,nan,nan,nan,nan,nan,nan,0.0,0.0,0.0,0.0,0.0,0.0,nan,nan,nan,1,0,0,0
5701972382,5701972376,-0.1642341,0.06148296,-0.0604358,0.007937579,0.049492046,-0.02442884,0.99844414,nan,nan,nan,nan,nan,nan,0.0,0.0,0.0,0.0,0.0,0.0,nan,nan,nan,1,0,0,0
5701979045,5701979040,-0.16411158,0.061583538,-0.062162526,0.0067803613,0.048705004,-0.02514756,0.9984736,nan,nan,nan,nan,nan,nan,0.0,0.0,0.0,0.0,0.0,0.0,nan,nan,nan,1,0,0,0
5701988291,5701988286,-0.164144,0.061484072,-0.06389801,0.0056438744,0.05036185,-0.023757288,0.99843246,nan,nan,nan,nan,nan,nan,0.0,0.0,0.0,0.0,0.0,0.0,nan,nan,nan,1,0,0,0
5701997269,5701997263,-0.16411151,0.061204474,-0.065142915,0.008912854,0.056428473,-0.02983691,0.99792093,nan,nan,nan,nan,nan,nan,0.0,0.0,0.0,0.0,0.0,0.0,nan,nan,nan,1,0,0,0
5702005288,5702005283,-0.16394517,0.061543137,-0.067216665,0.0049219313,0.048780702,-0.025424672,0.9984737,nan,nan,nan,nan,nan,nan,0.0,0.0,0.0,0.0,0.0,0.0,nan,nan,nan,1,0,0,0
5702012615,5702012610,-0.1638725,0.061573196,-0.0689597,0.004506734,0.04938811,-0.025421305,0.9984459,nan,nan,nan,nan,nan,nan,0.0,0.0,0.0,0.0,0.0,0.0,nan,nan,nan,1,0,0,0
5702022332,5702022327,-0.16381489,0.061307725,-0.07030596,0.007866933,0.056498088,-0.032883007,0.9978301,nan,nan,nan,nan,nan,nan,0.0,0.0,0.0,0.0,0.0,0.0,nan,nan,nan,1,0,0,0
5702031537,5702031532,-0.1637696,0.06139225,-0.07212977,0.00712304,0.05532973,-0.033162806,0.99789184,nan,nan,nan,nan,nan,nan,0.0,0.0,0.0,0.0,0.0,0.0,nan,nan,nan,1,0,0,0
5702038301,5702038296,-0.16370013,0.06139994,-0.073959276,0.006984807,0.05632311,-0.03296995,0.9978436,nan,nan,nan,nan,nan,nan,0.0,0.0,0.0,0.0,0.0,0.0,nan,nan,nan,1,0,0,0
5702048656,5702048651,-0.16370437,0.061287973,-0.07572465,0.006415345,0.055257007,-0.032122295,0.99793464,nan,nan,nan,nan,nan,nan,0.0,0.0,0.0,0.0,0.0,0.0,nan,nan,nan,1,0,0,0
5702055292,5702055287,-0.16361465,0.06168951,-0.07810807,0.002208026,0.04868459,-0.025633998,0.99848276,nan,nan,nan,nan,nan,nan,0.0,0.0,0.0,0.0,0.0,0.0,nan,nan,nan,1,0,0,0
5702063498,5702063451,-0.16366424,0.06152743,-0.07990466,-0.00076837634,-0.04948941,0.023867212,-0.9984892,nan,nan,nan,nan,nan,nan,0.0,0.0,0.0,0.0,0.0,0.0,nan,nan,nan,1,0,0,0
5702071383,5702071378,-0.16359907,0.06157027,-0.08191386,-0.00072473055,-0.04919527,0.023549289,-0.99851125,nan,nan,nan,nan,nan,nan,0.0,0.0,0.0,0.0,0.0,0.0,nan,nan,nan,1,0,0,0
5702078925,5702078919,-0.16349804,0.061675318,-0.08385456,-0.0005260855,-0.04909163,0.024645517,-0.99849004,nan,nan,nan,nan,nan,nan,0.0,0.0,0.0,0.0,0.0,0.0,nan,nan,nan,1,0,0,0
5702088425,5702088420,-0.16346441,0.06163932,-0.08584283,-0.00035279384,-0.04868197,0.025230888,-0.9984955,nan,nan,nan,nan,nan,nan,0.0,0.0,0.0,0.0,0.0,0.0,nan,nan,nan,1,0,0,0
5702097948,5702097914,-0.16345844,0.06169126,-0.08780633,0.00028598783,-0.048992507,0.025013743,-0.99848586,nan,nan,nan,nan,nan,nan,0.0,0.0,0.0,0.0,0.0,0.0,nan,nan,nan,1,0,0,0
5702104288,5702104282,-0.16340126,0.061643966,-0.08982534,0.0007163644,-0.04857843,0.025305351,-0.9984985,nan,nan,nan,nan,nan,nan,0.0,0.0,0.0,0.0,0.0,0.0,nan,nan,nan,1,0,0,0
5702112497,5702112491,-0.16331527,0.061691992,-0.09187336,0.00038529452,-0.049389694,0.02439984,-0.9984814,nan,nan,nan,nan,nan,nan,0.0,0.0,0.0,0.0,0.0,0.0,nan,nan,nan,1,0,0,0
5702121302,5702121297,-0.16343288,0.06161228,-0.09393715,0.0023452044,-0.04951381,0.02519768,-0.9984528,nan,nan,nan,nan,nan,nan,0.0,0.0,0.0,0.0,0.0,0.0,nan,nan,nan,1,0,0,0
5702129341,5702129335,-0.16343784,0.061618794,-0.096032515,0.0029674564,-0.04896339,0.024454415,-0.9984967,nan,nan,nan,nan,nan,nan,0.0,0.0,0.0,0.0,0.0,0.0,nan,nan,nan,1,0,0,0
5702138400,5702138394,-0.16341053,0.06161394,-0.09801066,0.0029759994,-0.04884441,0.026737185,-0.998444,nan,nan,nan,nan,nan,nan,0.0,0.0,0.0,0.0,0.0,0.0,nan,nan,nan,1,0,0,0
5702145306,5702145301,-0.16336033,0.061683074,-0.10026791,0.003682551,-0.04801491,0.026539998,-0.9984871,nan,nan,nan,nan,nan,nan,0.0,0.0,0.0,0.0,0.0,0.0,nan,nan,nan,1,0,0,0
5702157415,5702157410,-0.16346906,0.061467227,-0.10217079,0.004127277,-0.047763016,0.027366634,-0.99847525,nan,nan,nan,nan,nan,nan,0.0,0.0,0.0,0.0,0.0,0.0,nan,nan,nan,1,0,0,0
5702162295,5702162290,-0.16337146,0.061644565,-0.104789965,0.00514338,-0.04722124,0.026377976,-0.9985229,nan,nan,nan,nan,nan,nan,0.0,0.0,0.0,0.0,0.0,0.0,nan,nan,nan,1,0,0,0
5702171295,5702171290,-0.16346474,0.061522555,-0.10706403,0.005935489,-0.048446048,0.026591491,-0.99845415,nan,nan,nan,nan,nan,nan,0.0,0.0,0.0,0.0,0.0,0.0,nan,nan,nan,1,0,0,0
5702178796,5702178790,-0.16347413,0.061550684,-0.10936164,0.0069660926,-0.047714226,0.026082227,-0.9984962,nan,nan,nan,nan,nan,nan,0.0,0.0,0.0,0.0,0.0,0.0,nan,nan,nan,1,0,0,0
5702188352,5702188346,-0.16336982,0.061608754,-0.11168636,0.0068973973,-0.0476566,0.027968153,-0.9984483,nan,nan,nan,nan,nan,nan,0.0,0.0,0.0,0.0,0.0,0.0,nan,nan,nan,1,0,0,0
5702196625,5702196619,-0.16335438,0.061606728,-0.11405748,0.0075203762,-0.047424495,0.028387118,-0.998443,nan,nan,nan,nan,nan,nan,0.0,0.0,0.0,0.0,0.0,0.0,nan,nan,nan,1,0,0,0
5702205288,5702205283,-0.16338345,0.061624747,-0.11651056,0.008064432,-0.047520153,0.028411213,-0.99843365,nan,nan,nan,nan,nan,nan,0.0,0.0,0.0,0.0,0.0,0.0,nan,nan,nan,1,0,0,0
5702210391,5702210385,-0.16339134,0.06163486,-0.118936315,0.008759712,-0.047595948,0.028454045,-0.99842286,nan,nan,nan,nan,nan,nan,0.0,0.0,0.0,0.0,0.0,0.0,nan,nan,nan,1,0,0,0
5702221299,5702221294,-0.16349307,0.061614458,-0.12148846,0.009609852,-0.047700915,0.027306799,-0.99844205,nan,nan,nan,nan,nan,nan,0.0,0.0,0.0,0.0,0.0,0.0,nan,nan,nan,1,0,0,0
5702230322,5702230317,-0.16352084,0.06162155,-0.12397688,0.010059938,-0.048267417,0.027666558,-0.99840057,nan,nan,nan,nan,nan,nan,0.0,0.0,0.0,0.0,0.0,0.0,nan,nan,nan,1,0,0,0
5702238293,5702238287,-0.16354574,0.06172416,-0.1266382,0.010241588,-0.046738435,0.02818516,-0.99845684,nan,nan,nan,nan,nan,nan,0.0,0.0,0.0,0.0,0.0,0.0,nan,nan,nan,1,0,0,0
5702247494,5702247488,-0.16366766,0.061658826,-0.12904134,0.010094545,-0.046287652,0.028245408,-0.9984777,nan,nan,nan,nan,nan,nan,0.0,0.0,0.0,0.0,0.0,0.0,nan,nan,nan,1,0,0,0
5702254440,5702254435,-0.16362944,0.061890077,-0.1319285,0.010994099,-0.04724368,0.028859718,-0.9984058,nan,nan,nan,nan,nan,nan,0.0,0.0,0.0,0.0,0.0,0.0,nan,nan,nan,1,0,0,0
5702263302,5702263293,-0.16377228,0.061781064,-0.13458875,0.012070491,-0.04686136,0.02545913,-0.9985039,nan,nan,nan,nan,nan,nan,0.0,0.0,0.0,0.0,0.0,0.0,nan,nan,nan,1,0,0,0
5702271292,5702271286,-0.16382144,0.061866634,-0.13731,0.011997026,-0.048530735,0.026600348,-0.9983953,nan,nan,nan,nan,nan,nan,0.0,0.0,0.0,0.0,0.0,0.0,nan,nan,nan,1,0,0,0
5702279882,5702279877,-0.16380379,0.06195465,-0.14006884,0.011555563,-0.047088828,0.026687589,-0.99846727,nan,nan,nan,nan,nan,nan,0.0,0.0,0.0,0.0,0.0,0.0,nan,nan,nan,1,0,0,0
5702287299,5702287294,-0.16389617,0.06200237,-0.14287326,0.011690005,-0.04731695,0.026401991,-0.99846256,nan,nan,nan,nan,nan,nan,0.0,0.0,0.0,0.0,0.0,0.0,nan,nan,nan,1,0,0,0
5702297299,5702297293,-0.16407247,0.061898783,-0.1455001,0.012197256,-0.04808329,0.025727715,-0.9984374,nan,nan,nan,nan,nan,nan,0.0,0.0,0.0,0.0,0.0,0.0,nan,nan,nan,1,0,0,0
5702304460,5702304454,-0.16415167,0.061978348,-0.14829674,0.012097823,-0.047736455,0.025872152,-0.9984516,nan,nan,nan,nan,nan,nan,0.0,0.0,0.0,0.0,0.0,0.0,nan,nan,nan,1,0,0,0
5702312715,5702312709,-0.1643411,0.061828874,-0.15077496,0.012236684,-0.04785121,0.02563139,-0.9984506,nan,nan,nan,nan,nan,nan,0.0,0.0,0.0,0.0,0.0,0.0,nan,nan,nan,1,0,0,0
5702321340,5702321334,-0.1642665,0.06203835,-0.15371495,0.011042923,-0.048920963,0.027526772,-0.99836224,nan,nan,nan,nan,nan,nan,0.0,0.0,0.0,0.0,0.0,0.0,nan,nan,nan,1,0,0,0
5702330325,5702330320,-0.16439824,0.06206242,-0.15644363,0.010857977,-0.048709836,0.028268956,-0.9983538,nan,nan,nan,nan,nan,nan,0.0,0.0,0.0,0.0,0.0,0.0,nan,nan,nan,1,0,0,0
5702337534,5702337528,-0.16460079,0.06204419,-0.15902086,0.01086425,-0.048935976,0.02818791,-0.998345,nan,nan,nan,nan,nan,nan,0.0,0.0,0.0,0.0,0.0,0.0,nan,nan,nan,1,0,0,0
5702347079,5702347073,-0.16482048,0.06195794,-0.16178128,0.011658106,-0.049163982,0.027459739,-0.99834514,nan,nan,nan,nan,nan,nan,0.0,0.0,0.0,0.0,0.0,0.0,nan,nan,nan,1,0,0,0
5702355322,5702355316,-0.16495919,0.061946,-0.16455173,0.011246151,-0.049319103,0.026734745,-0.99836195,nan,nan,nan,nan,nan,nan,0.0,0.0,0.0,0.0,0.0,0.0,nan,nan,nan,1,0,0,0
5702363291,5702363285,-0.16514905,0.061966434,-0.16713269,0.0106504625,-0.047891952,0.028492369,-0.99838924,nan,nan,nan,nan,nan,nan,0.0,0.0,0.0,0.0,0.0,0.0,nan,nan,nan,1,0,0,0
5702372289,5702372284,-0.16515596,0.06217243,-0.17003104,0.010329064,-0.04859396,0.027660161,-0.9983821,nan,nan,nan,nan,nan,nan,0.0,0.0,0.0,0.0,0.0,0.0,nan,nan,nan,1,0,0,0
5702379732,5702379727,-0.1653489,0.062034708,-0.17255902,0.010561372,-0.047719304,0.027717983,-0.9984203,nan,nan,nan,nan,nan,nan,0.0,0.0,0.0,0.0,0.0,0.0,nan,nan,nan,1,0,0,0
5702388299,5702388293,-0.16545661,0.062109224,-0.17542243,0.011160066,-0.049097884,0.026610488,-0.99837697,nan,nan,nan,nan,nan,nan,0.0,0.0,0.0,0.0,0.0,0.0,nan,nan,nan,1,0,0,0
5702397500,5702397495,-0.16569327,0.06201645,-0.17783387,0.011698535,-0.046803195,0.02665396,-0.9984799,nan,nan,nan,nan,nan,nan,0.0,0.0,0.0,0.0,0.0,0.0,nan,nan,nan,1,0,0,0
5702407294,5702407289,-0.16569234,0.062128495,-0.18053079,0.010749574,-0.047453348,0.02817259,-0.9984182,nan,nan,nan,nan,nan,nan,0.0,0.0,0.0,0.0,0.0,0.0,nan,nan,nan,1,0,0,0
5702412657,5702412652,-0.16569497,0.062208958,-0.18327051,0.0113499565,-0.048150554,0.028458005,-0.99837005,nan,nan,nan,nan,nan,nan,0.0,0.0,0.0,0.0,0.0,0.0,nan,nan,nan,1,0,0,0
5702421290,5702421283,-0.16588666,0.062069494,-0.18565017,0.0118088685,-0.046500288,0.028365497,-0.9984457,nan,nan,nan,nan,nan,nan,0.0,0.0,0.0,0.0,0.0,0.0,nan,nan,nan,1,0,0,0
5702430292,5702430287,-0.16604538,0.062065933,-0.18819565,0.013534186,-0.04716801,0.027368085,-0.99842024,nan,nan,nan,nan,nan,nan,0.0,0.0,0.0,0.0,0.0,0.0,nan,nan,nan,1,0,0,0
5702437293,5702437287,-0.16611566,0.062050316,-0.19072194,0.014246681,-0.047395896,0.02772026,-0.9983899,nan,nan,nan,nan,nan,nan,0.0,0.0,0.0,0.0,0.0,0.0,nan,nan,nan,1,0,0,0
5702446994,5702446962,-0.16611916,0.06227394,-0.19333664,0.014355515,-0.047305103,0.028779162,-0.99836266,nan,nan,nan,nan,nan,nan,0.0,0.0,0.0,0.0,0.0,0.0,nan,nan,nan,1,0,0,0
5702456469,5702456464,-0.16621475,0.062168565,-0.19580086,0.016163189,-0.046919152,0.028970348,-0.9983477,nan,nan,nan,nan,nan,nan,0.0,0.0,0.0,0.0,0.0,0.0,nan,nan,nan,1,0,0,0
5702463295,5702463290,-0.1661498,0.062487934,-0.19855872,0.016855964,-0.048332985,0.029379124,-0.9982568,nan,nan,nan,nan,nan,nan,0.0,0.0,0.0,0.0,0.0,0.0,nan,nan,nan,1,0,0,0
5702472290,5702472285,-0.16637269,0.06253165,-0.20102972,0.020379687,-0.04610428,0.032573592,-0.9981974,nan,nan,nan,nan,nan,nan,0.0,0.0,0.0,0.0,0.0,0.0,nan,nan,nan,1,0,0,0
5702480782,5702480777,-0.16641107,0.06218732,-0.20333676,0.020670155,-0.048027724,0.02812568,-0.99823594,nan,nan,nan,nan,nan,nan,0.0,0.0,0.0,0.0,0.0,0.0,nan,nan,nan,1,0,0,0
5702488293,5702488288,-0.16639066,0.06220199,-0.20582764,0.022629082,-0.047563743,0.02828657,-0.9982112,nan,nan,nan,nan,nan,nan,0.0,0.0,0.0,0.0,0.0,0.0,nan,nan,nan,1,0,0,0
5702496295,5702496290,-0.1664256,0.062283162,-0.20828599,0.023295274,-0.048811026,0.028567458,-0.99812764,nan,nan,nan,nan,nan,nan,0.0,0.0,0.0,0.0,0.0,0.0,nan,nan,nan,1,0,0,0
5702504295,5702504290,-0.16625842,0.06337217,-0.21153471,0.026271835,-0.04605977,0.038301524,-0.99785835,nan,nan,nan,nan,nan,nan,0.0,0.0,0.0,0.0,0.0,0.0,nan,nan,nan,1,0,0,0
5702512607,5702512601,-0.1663661,0.06329232,-0.21399637,0.027174866,-0.046177313,0.038937025,-0.99780416,nan,nan,nan,nan,nan,nan,0.0,0.0,0.0,0.0,0.0,0.0,nan,nan,nan,1,0,0,0
5702522297,5702522292,-0.16659938,0.062333476,-0.21578924,0.027787624,-0.047878,0.02784322,-0.9980783,nan,nan,nan,nan,nan,nan,0.0,0.0,0.0,0.0,0.0,0.0,nan,nan,nan,1,0,0,0
5702530724,5702530719,-0.16647518,0.063404545,-0.21914807,0.030487651,-0.045870565,0.037377354,-0.99778223,nan,nan,nan,nan,nan,nan,0.0,0.0,0.0,0.0,0.0,0.0,nan,nan,nan,1,0,0,0
5702539287,5702539281,-0.16664864,0.063455425,-0.22159117,0.03178424,-0.04533391,0.039310332,-0.997692,nan,nan,nan,nan,nan,nan,0.0,0.0,0.0,0.0,0.0,0.0,nan,nan,nan,1,0,0,0
5702547891,5702547886,-0.1667524,0.063471705,-0.2242195,0.032646205,-0.045798425,0.036896184,-0.99773514,nan,nan,nan,nan,nan,nan,0.0,0.0,0.0,0.0,0.0,0.0,nan,nan,nan,1,0,0,0
5702557015,5702557010,-0.16687086,0.06349136,-0.22666813,0.034536157,-0.04553621,0.03876426,-0.9976126,nan,nan,nan,nan,nan,nan,0.0,0.0,0.0,0.0,0.0,0.0,nan,nan,nan,1,0,0,0
5702562293,5702562287,-0.166939,0.0634128,-0.22925936,0.034974087,-0.046358965,0.038266517,-0.99757874,nan,nan,nan,nan,nan,nan,0.0,0.0,0.0,0.0,0.0,0.0,nan,nan,nan,1,0,0,0
5702571299,5702571293,-0.16718519,0.062469073,-0.23116021,0.035642065,-0.047654998,0.028932892,-0.9978084,nan,nan,nan,nan,nan,nan,0.0,0.0,0.0,0.0,0.0,0.0,nan,nan,nan,1,0,0,0
5702579179,5702579173,-0.16713138,0.0636048,-0.2345344,0.036806,-0.04709299,0.03841409,-0.99747276,nan,nan,nan,nan,nan,nan,0.0,0.0,0.0,0.0,0.0,0.0,nan,nan,nan,1,0,0,0
5702588298,5702588293,-0.16730288,0.06352782,-0.2370316,0.03722097,-0.047441788,0.039425027,-0.9974014,nan,nan,nan,nan,nan,nan,0.0,0.0,0.0,0.0,0.0,0.0,nan,nan,nan,1,0,0,0
5702596283,5702596278,-0.16747288,0.063600354,-0.23967655,0.03758774,-0.046926923,0.039860554,-0.99739474,nan,nan,nan,nan,nan,nan,0.0,0.0,0.0,0.0,0.0,0.0,nan,nan,nan,1,0,0,0
5702606729,5702606724,-0.16769002,0.06348203,-0.24236465,0.037801597,-0.047209892,0.040023323,-0.9973667,nan,nan,nan,nan,nan,nan,0.0,0.0,0.0,0.0,0.0,0.0,nan,nan,nan,1,0,0,0
5702611855,5702611849,-0.16814218,0.06252015,-0.24426296,0.0369748,-0.048735745,0.029029377,-0.9977048,nan,nan,nan,nan,nan,nan,0.0,0.0,0.0,0.0,0.0,0.0,nan,nan,nan,1,0,0,0
5702621301,5702621296,-0.16825387,0.06351832,-0.24766454,0.0375901,-0.046464212,0.03953721,-0.99742913,nan,nan,nan,nan,nan,nan,0.0,0.0,0.0,0.0,0.0,0.0,nan,nan,nan,1,0,0,0
5702633294,5702633288,-0.16845194,0.06363511,-0.250381,0.03864374,-0.046049166,0.041477773,-0.9973293,nan,nan,nan,nan,nan,nan,0.0,0.0,0.0,0.0,0.0,0.0,nan,nan,nan,1,0,0,0
5702639291,5702639286,-0.16867231,0.063703686,-0.25317135,0.0379755,-0.04654688,0.040299907,-0.99738014,nan,nan,nan,nan,nan,nan,0.0,0.0,0.0,0.0,0.0,0.0,nan,nan,nan,1,0,0,0
5702646601,5702646595,-0.16893971,0.06376251,-0.25589848,0.03872131,-0.046527468,0.040456627,-0.99734604,nan,nan,nan,nan,nan,nan,0.0,0.0,0.0,0.0,0.0,0.0,nan,nan,nan,1,0,0,0
5702656514,5702656509,-0.16917399,0.06377335,-0.2587703,0.038694683,-0.045125276,0.040353093,-0.99741566,nan,nan,nan,nan,nan,nan,0.0,0.0,0.0,0.0,0.0,0.0,nan,nan,nan,1,0,0,0
5702664290,5702664284,-0.16943596,0.0637329,-0.26152882,0.038381796,-0.044984594,0.039648134,-0.99746245,nan,nan,nan,nan,nan,nan,0.0,0.0,0.0,0.0,0.0,0.0,nan,nan,nan,1,0,0,0
5702672292,5702672286,-0.16992362,0.06283475,-0.26358628,0.03793245,-0.04727323,0.028070137,-0.9977668,nan,nan,nan,nan,nan,nan,0.0,0.0,0.0,0.0,0.0,0.0,nan,nan,nan,1,0,0,0
5702680584,5702680579,-0.16999887,0.06381866,-0.2672003,0.03829199,-0.04503234,0.038773123,-0.99749815,nan,nan,nan,nan,nan,nan,0.0,0.0,0.0,0.0,0.0,0.0,nan,nan,nan,1,0,0,0
5702689295,5702689290,-0.17022666,0.06398156,-0.26994032,0.03872234,-0.044640772,0.03959276,-0.99746686,nan,nan,nan,nan,nan,nan,0.0,0.0,0.0,0.0,0.0,0.0,nan,nan,nan,1,0,0,0
5702697296,5702697290,-0.17066687,0.062943846,-0.2721304,0.03813887,-0.045785684,0.027569328,-0.9978422,nan,nan,nan,nan,nan,nan,0.0,0.0,0.0,0.0,0.0,0.0,nan,nan,nan,1,0,0,0
5702704356,5702704351,-0.17111552,0.06230009,-0.27445385,0.037783735,-0.03983135,0.027706144,-0.9981073,nan,nan,nan,nan,nan,nan,0.0,0.0,0.0,0.0,0.0,0.0,nan,nan,nan,1,0,0,0
5702712984,5702712979,-0.1710962,0.0630785,-0.27791563,0.03675374,-0.045917086,0.026787655,-0.9979094,nan,nan,nan,nan,nan,nan,0.0,0.0,0.0,0.0,0.0,0.0,nan,nan,nan,1,0,0,0
5702721516,5702721510,-0.17145382,0.06299924,-0.28080758,0.039900832,-0.0345632,0.032659996,-0.99807143,nan,nan,nan,nan,nan,nan,0.0,0.0,0.0,0.0,0.0,0.0,nan,nan,nan,1,0,0,0
5702730697,5702730691,-0.1716657,0.06326235,-0.28370398,0.035453472,-0.047446124,0.024812814,-0.99793595,nan,nan,nan,nan,nan,nan,0.0,0.0,0.0,0.0,0.0,0.0,nan,nan,nan,1,0,0,0
5702738338,5702738332,-0.17194553,0.06298658,-0.28653872,0.038863663,-0.034259334,0.031407,-0.99816304,nan,nan,nan,nan,nan,nan,0.0,0.0,0.0,0.0,0.0,0.0,nan,nan,nan,1,0,0,0
5702746521,5702746516,-0.17213506,0.06313969,-0.28950775,0.03531313,-0.045041338,0.02645727,-0.99801016,nan,nan,nan,nan,nan,nan,0.0,0.0,0.0,0.0,0.0,0.0,nan,nan,nan,1,0,0,0
5702754301,5702754295,-0.17234509,0.0632437,-0.29226694,0.035083354,-0.047336966,0.024234882,-0.99796844,nan,nan,nan,nan,nan,nan,0.0,0.0,0.0,0.0,0.0,0.0,nan,nan,nan,1,0,0,0
5702763343,5702763337,-0.17258902,0.063175306,-0.29520798,0.0348533,-0.045623813,0.025806729,-0.99801695,nan,nan,nan,nan,nan,nan,0.0,0.0,0.0,0.0,0.0,0.0,nan,nan,nan,1,0,0,0
5702772337,5702772331,-0.17281556,0.063590094,-0.2983407,0.035183758,-0.043156344,0.032213837,-0.9979288,nan,nan,nan,nan,nan,nan,0.0,0.0,0.0,0.0,0.0,0.0,nan,nan,nan,1,0,0,0
5702779303,5702779297,-0.17308064,0.063217215,-0.30088446,0.035028875,-0.04428158,0.026996499,-0.9980397,nan,nan,nan,nan,nan,nan,0.0,0.0,0.0,0.0,0.0,0.0,nan,nan,nan,1,0,0,0
5702789287,5702789281,-0.17348856,0.062275387,-0.30301696,0.03582807,-0.036510736,0.028255777,-0.998291,nan,nan,nan,nan,nan,nan,0.0,0.0,0.0,0.0,0.0,0.0,nan,nan,nan,1,0,0,0
5702796444,5702796439,-0.17354725,0.06331049,-0.30663636,0.035249237,-0.04476981,0.026691878,-0.9980184,nan,nan,nan,nan,nan,nan,0.0,0.0,0.0,0.0,0.0,0.0,nan,nan,nan,1,0,0,0
5702806061,5702806054,-0.17379256,0.063183345,-0.3095045,0.035093337,-0.044599906,0.026430098,-0.9980385,nan,nan,nan,nan,nan,nan,0.0,0.0,0.0,0.0,0.0,0.0,nan,nan,nan,1,0,0,0
5702812813,5702812808,-0.17401324,0.06338939,-0.3124156,0.034803614,-0.04518958,0.026754418,-0.99801344,nan,nan,nan,nan,nan,nan,0.0,0.0,0.0,0.0,0.0,0.0,nan,nan,nan,1,0,0,0
5702821318,5702821313,-0.17421536,0.06334337,-0.31526476,0.03499647,-0.045031838,0.026263468,-0.9980268,nan,nan,nan,nan,nan,nan,0.0,0.0,0.0,0.0,0.0,0.0,nan,nan,nan,1,0,0,0
5702830418,5702830413,-0.17435588,0.06335195,-0.31824717,0.034387965,-0.044736233,0.027719768,-0.99802196,nan,nan,nan,nan,nan,nan,0.0,0.0,0.0,0.0,0.0,0.0,nan,nan,nan,1,0,0,0
5702837292,5702837287,-0.17433485,0.06450398,-0.32189336,0.03428537,-0.044323303,0.03798305,-0.997706,nan,nan,nan,nan,nan,nan,0.0,0.0,0.0,0.0,0.0,0.0,nan,nan,nan,1,0,0,0
5702846931,5702846926,-0.17463177,0.0635088,-0.32416323,0.03371255,-0.046969034,0.026195675,-0.9979835,nan,nan,nan,nan,nan,nan,0.0,0.0,0.0,0.0,0.0,0.0,nan,nan,nan,1,0,0,0
5702854302,5702854296,-0.17451783,0.06454399,-0.3278626,0.03311302,-0.04588607,0.036590736,-0.9977269,nan,nan,nan,nan,nan,nan,0.0,0.0,0.0,0.0,0.0,0.0,nan,nan,nan,1,0,0,0
5702863296,5702863291,-0.17473088,0.06372386,-0.33008882,0.03242414,-0.050976913,0.023232648,-0.997903,nan,nan,nan,nan,nan,nan,0.0,0.0,0.0,0.0,0.0,0.0,nan,nan,nan,1,0,0,0
5702872475,5702872448,-0.17486067,0.06382185,-0.33324575,0.031125495,-0.051617246,0.025407784,-0.9978584,nan,nan,nan,nan,nan,nan,0.0,0.0,0.0,0.0,0.0,0.0,nan,nan,nan,1,0,0,0
5702879143,5702879137,-0.17523015,0.06325488,-0.3354132,0.036107607,-0.03547614,0.03254891,-0.9981875,nan,nan,nan,nan,nan,nan,0.0,0.0,0.0,0.0,0.0,0.0,nan,nan,nan,1,0,0,0
5702887578,5702887573,-0.17544648,0.06258875,-0.33768493,0.032968707,-0.040498845,0.029297369,-0.9982056,nan,nan,nan,nan,nan,nan,0.0,0.0,0.0,0.0,0.0,0.0,nan,nan,nan,1,0,0,0
5702896295,5702896290,-0.1754877,0.06363131,-0.34126163,0.03135064,-0.051573277,0.025555516,-0.9978499,nan,nan,nan,nan,nan,nan,0.0,0.0,0.0,0.0,0.0,0.0,nan,nan,nan,1,0,0,0
5702904288,5702904282,-0.17561087,0.06397421,-0.34439778,0.02943321,-0.052202147,0.028098317,-0.99780715,nan,nan,nan,nan,nan,nan,0.0,0.0,0.0,0.0,0.0,0.0,nan,nan,nan,1,0,0,0
5702912642,5702912637,-0.17577706,0.064523876,-0.34753436,0.03078496,-0.046379574,0.038700193,-0.9976991,nan,nan,nan,nan,nan,nan,0.0,0.0,0.0,0.0,0.0,0.0,nan,nan,nan,1,0,0,0
5702922389,5702922383,-0.17607453,0.06399085,-0.34993342,0.029410223,-0.05148161,0.027464448,-0.99786294,nan,nan,nan,nan,nan,nan,0.0,0.0,0.0,0.0,0.0,0.0,nan,nan,nan,1,0,0,0
5702930298,5702930293,-0.176239,0.06383948,-0.3522928,0.030858928,-0.05216421,0.024717761,-0.99785554,nan,nan,nan,nan,nan,nan,0.0,0.0,0.0,0.0,0.0,0.0,nan,nan,nan,1,0,0,0
5702939291,5702939286,-0.17658575,0.062851615,-0.35419476,0.032418493,-0.04111169,0.030601105,-0.9981596,nan,nan,nan,nan,nan,nan,0.0,0.0,0.0,0.0,0.0,0.0,nan,nan,nan,1,0,0,0
5702946241,5702946236,-0.17652851,0.06413024,-0.357797,0.029961515,-0.05328546,0.02522185,-0.99781096,nan,nan,nan,nan,nan,nan,0.0,0.0,0.0,0.0,0.0,0.0,nan,nan,nan,1,0,0,0
5702956434,5702956429,-0.17672673,0.06388079,-0.3603542,0.030698715,-0.051421475,0.025484202,-0.9978798,nan,nan,nan,nan,nan,nan,0.0,0.0,0.0,0.0,0.0,0.0,nan,nan,nan,1,0,0,0
5702962468,5702962462,-0.17680925,0.06412671,-0.36334577,0.029367944,-0.051923275,0.028221939,-0.99782014,nan,nan,nan,nan,nan,nan,0.0,0.0,0.0,0.0,0.0,0.0,nan,nan,nan,1,0,0,0
5702973302,5702973297,-0.17692238,0.06479593,-0.36650032,0.030698199,-0.04642884,0.038868148,-0.99769294,nan,nan,nan,nan,nan,nan,0.0,0.0,0.0,0.0,0.0,0.0,nan,nan,nan,1,0,0,0
5702979017,5702979011,-0.17735842,0.06359287,-0.3680344,0.032364998,-0.044577695,0.02628451,-0.9981355,nan,nan,nan,nan,nan,nan,0.0,0.0,0.0,0.0,0.0,0.0,nan,nan,nan,1,0,0,0
5702988299,5702988293,-0.17744721,0.06395512,-0.37083358,0.032155156,-0.050570615,0.02471634,-0.9978967,nan,nan,nan,nan,nan,nan,0.0,0.0,0.0,0.0,0.0,0.0,nan,nan,nan,1,0,0,0
5702996640,5702996634,-0.17761686,0.06424719,-0.37355706,0.031919558,-0.051267963,0.025544852,-0.9978478,nan,nan,nan,nan,nan,nan,0.0,0.0,0.0,0.0,0.0,0.0,nan,nan,nan,1,0,0,0
5703006457,5703006452,-0.1778836,0.06357129,-0.37561727,0.033892937,-0.04393644,0.02652213,-0.9981069,nan,nan,nan,nan,nan,nan,0.0,0.0,0.0,0.0,0.0,0.0,nan,nan,nan,1,0,0,0
5703012518,5703012513,-0.17794994,0.06420407,-0.37849465,0.033263303,-0.05065371,0.026181767,-0.9978187,nan,nan,nan,nan,nan,nan,0.0,0.0,0.0,0.0,0.0,0.0,nan,nan,nan,1,0,0,0
5703021298,5703021292,-0.17812684,0.06420031,-0.381237,0.033303857,-0.05000644,0.028070927,-0.9977987,nan,nan,nan,nan,nan,nan,0.0,0.0,0.0,0.0,0.0,0.0,nan,nan,nan,1,0,0,0
5703029293,5703029287,-0.1783715,0.06419647,-0.38372543,0.033550765,-0.049996287,0.027714366,-0.99780095,nan,nan,nan,nan,nan,nan,0.0,0.0,0.0,0.0,0.0,0.0,nan,nan,nan,1,0,0,0
5703038469,5703038464,-0.17857909,0.06425148,-0.38614917,0.033867553,-0.048501726,0.028683944,-0.9978366,nan,nan,nan,nan,nan,nan,0.0,0.0,0.0,0.0,0.0,0.0,nan,nan,nan,1,0,0,0
5703046657,5703046651,-0.17890185,0.06385025,-0.38808504,0.037357915,-0.040982544,0.030041398,-0.9980092,nan,nan,nan,nan,nan,nan,0.0,0.0,0.0,0.0,0.0,0.0,nan,nan,nan,1,0,0,0
5703056087,5703056082,-0.17892954,0.06424839,-0.39069617,0.035861757,-0.04946141,0.026987255,-0.99776703,nan,nan,nan,nan,nan,nan,0.0,0.0,0.0,0.0,0.0,0.0,nan,nan,nan,1,0,0,0
5703062326,5703062321,-0.17914371,0.06362222,-0.39271927,0.03782759,-0.04382964,0.028316362,-0.99792093,nan,nan,nan,nan,nan,nan,0.0,0.0,0.0,0.0,0.0,0.0,nan,nan,nan,1,0,0,0
5703071292,5703071286,-0.17921141,0.06384846,-0.39513844,0.037850242,-0.044999156,0.028623968,-0.99785924,nan,nan,nan,nan,nan,nan,0.0,0.0,0.0,0.0,0.0,0.0,nan,nan,nan,1,0,0,0
5703078891,5703078885,-0.17913277,0.06436419,-0.3980523,0.035575572,-0.051392175,0.02983974,-0.99759847,nan,nan,nan,nan,nan,nan,0.0,0.0,0.0,0.0,0.0,0.0,nan,nan,nan,1,0,0,0
5703089293,5703089288,-0.17927425,0.06442221,-0.4004517,0.0359669,-0.051829025,0.028975287,-0.9975873,nan,nan,nan,nan,nan,nan,0.0,0.0,0.0,0.0,0.0,0.0,nan,nan,nan,1,0,0,0
5703097296,5703097290,-0.17941526,0.064479254,-0.40285623,0.035703946,-0.051799905,0.029409451,-0.99758565,nan,nan,nan,nan,nan,nan,0.0,0.0,0.0,0.0,0.0,0.0,nan,nan,nan,1,0,0,0
5703104293,5703104287,-0.17964563,0.06370293,-0.40446684,0.038603146,-0.043789517,0.0276435,-0.99791193,nan,nan,nan,nan,nan,nan,0.0,0.0,0.0,0.0,0.0,0.0,nan,nan,nan,1,0,0,0
5703113088,5703113083,-0.17963555,0.06426331,-0.40721807,0.030524496,-0.061263643,0.03528799,-0.99703044,nan,nan,nan,nan,nan,nan,0.0,0.0,0.0,0.0,0.0,0.0,nan,nan,nan,1,0,0,0
5703122295,5703122288,-0.18009494,0.063199244,-0.4088394,0.038183507,-0.039684694,0.03104193,-0.99799985,nan,nan,nan,nan,nan,nan,0.0,0.0,0.0,0.0,0.0,0.0,nan,nan,nan,1,0,0,0
5703130297,5703130292,-0.18026432,0.06348151,-0.41140836,0.03866898,-0.04109636,0.02656022,-0.99805325,nan,nan,nan,nan,nan,nan,0.0,0.0,0.0,0.0,0.0,0.0,nan,nan,nan,1,0,0,0
5703146825,5703146819,-0.18041658,0.06418468,-0.4144355,0.036632814,-0.04700038,0.023811333,-0.9979389,nan,nan,nan,nan,nan,nan,0.0,0.0,0.0,0.0,0.0,0.0,nan,nan,nan,1,0,0,0
5703149159,5703149154,-0.18068318,0.06411708,-0.41683218,0.036019742,-0.046809647,0.023326082,-0.9979816,nan,nan,nan,nan,nan,nan,0.0,0.0,0.0,0.0,0.0,0.0,nan,nan,nan,1,0,0,0
5703156299,5703156293,-0.18108551,0.06324166,-0.4183665,0.037461877,-0.03831327,0.027590774,-0.99818206,nan,nan,nan,nan,nan,nan,0.0,0.0,0.0,0.0,0.0,0.0,nan,nan,nan,1,0,0,0
5703166294,5703166288,-0.18117161,0.064153604,-0.42146814,0.03637952,-0.04627387,0.0229205,-0.99800295,nan,nan,nan,nan,nan,nan,0.0,0.0,0.0,0.0,0.0,0.0,nan,nan,nan,1,0,0,0
5703174292,5703174286,-0.18145399,0.063676305,-0.42320997,0.0376163,-0.0399388,0.024468368,-0.998194,nan,nan,nan,nan,nan,nan,0.0,0.0,0.0,0.0,0.0,0.0,nan,nan,nan,1,0,0,0
5703180822,5703180816,-0.18161552,0.063779764,-0.42562306,0.04027682,-0.032953452,0.03150893,-0.99814785,nan,nan,nan,nan,nan,nan,0.0,0.0,0.0,0.0,0.0,0.0,nan,nan,nan,1,0,0,0
5703190355,5703190349,-0.18180695,0.06380229,-0.4279354,0.036973175,-0.040294982,0.02462041,-0.9981999,nan,nan,nan,nan,nan,nan,0.0,0.0,0.0,0.0,0.0,0.0,nan,nan,nan,1,0,0,0
5703196296,5703196290,-0.1819846,0.06422409,-0.43060455,0.034646377,-0.04662884,0.021682993,-0.9980758,nan,nan,nan,nan,nan,nan,0.0,0.0,0.0,0.0,0.0,0.0,nan,nan,nan,1,0,0,0
5703207294,5703207288,-0.18226986,0.06425672,-0.4328219,0.03472205,-0.04661524,0.021592237,-0.9980757,nan,nan,nan,nan,nan,nan,0.0,0.0,0.0,0.0,0.0,0.0,nan,nan,nan,1,0,0,0
5703213014,5703213008,-0.18266325,0.06301627,-0.4339751,0.03286938,-0.04590171,0.034132913,-0.99782145,nan,nan,nan,nan,nan,nan,0.0,0.0,0.0,0.0,0.0,0.0,nan,nan,nan,1,0,0,0
5703222301,5703222295,-0.18271253,0.064194545,-0.43691096,0.034897957,-0.041605003,0.029508006,-0.9980884,nan,nan,nan,nan,nan,nan,0.0,0.0,0.0,0.0,0.0,0.0,nan,nan,nan,1,0,0,0
5703232294,5703232289,-0.18277743,0.06430752,-0.43910018,0.032873202,-0.04731596,0.023237927,-0.9980684,nan,nan,nan,nan,nan,nan,0.0,0.0,0.0,0.0,0.0,0.0,nan,nan,nan,1,0,0,0
5703241293,5703241287,-0.18295936,0.064283825,-0.4411394,0.032978818,-0.046012536,0.02410511,-0.99810535,nan,nan,nan,nan,nan,nan,0.0,0.0,0.0,0.0,0.0,0.0,nan,nan,nan,1,0,0,0
5703250018,5703250013,-0.18317488,0.06375336,-0.44261348,0.03445041,-0.040171243,0.025715338,-0.9982676,nan,nan,nan,nan,nan,nan,0.0,0.0,0.0,0.0,0.0,0.0,nan,nan,nan,1,0,0,0
5703257308,5703257303,-0.18316256,0.06463634,-0.44541764,0.032886565,-0.044182397,0.02674121,-0.99812394,nan,nan,nan,nan,nan,nan,0.0,0.0,0.0,0.0,0.0,0.0,nan,nan,nan,1,0,0,0
5703265974,5703265968,-0.18326333,0.064410076,-0.44724956,0.031965565,-0.047230914,0.023453753,-0.99809694,nan,nan,nan,nan,nan,nan,0.0,0.0,0.0,0.0,0.0,0.0,nan,nan,nan,1,0,0,0
5703272292,5703272286,-0.18358806,0.06355835,-0.44838852,0.033405572,-0.03948864,0.02847352,-0.9982555,nan,nan,nan,nan,nan,nan,0.0,0.0,0.0,0.0,0.0,0.0,nan,nan,nan,1,0,0,0
5703279808,5703279803,-0.18372774,0.06367018,-0.45043436,0.03335825,-0.040107362,0.027820397,-0.9982508,nan,nan,nan,nan,nan,nan,0.0,0.0,0.0,0.0,0.0,0.0,nan,nan,nan,1,0,0,0
5703292298,5703292293,-0.18375498,0.06390519,-0.45259038,0.033538174,-0.03985398,0.024574602,-0.9983401,nan,nan,nan,nan,nan,nan,0.0,0.0,0.0,0.0,0.0,0.0,nan,nan,nan,1,0,0,0
5703298303,5703298297,-0.18389064,0.063629426,-0.45427388,0.032644287,-0.038365327,0.026664427,-0.9983744,nan,nan,nan,nan,nan,nan,0.0,0.0,0.0,0.0,0.0,0.0,nan,nan,nan,1,0,0,0
5703305800,5703305794,-0.18391994,0.06472686,-0.45699835,0.032091398,-0.044260148,0.023207016,-0.9982348,nan,nan,nan,nan,nan,nan,0.0,0.0,0.0,0.0,0.0,0.0,nan,nan,nan,1,0,0,0
5703312836,5703312801,-0.18420903,0.06378584,-0.4579059,0.032810584,-0.03939713,0.026785882,-0.9983255,nan,nan,nan,nan,nan,nan,0.0,0.0,0.0,0.0,0.0,0.0,nan,nan,nan,1,0,0,0
5703321291,5703321286,-0.18430386,0.06412383,-0.45985267,0.028660301,-0.053613562,0.027932383,-0.99775946,nan,nan,nan,nan,nan,nan,0.0,0.0,0.0,0.0,0.0,0.0,nan,nan,nan,1,0,0,0
5703330323,5703330318,-0.18428282,0.06459234,-0.461925,0.031571567,-0.047274254,0.021063527,-0.99816066,nan,nan,nan,nan,nan,nan,0.0,0.0,0.0,0.0,0.0,0.0,nan,nan,nan,1,0,0,0
5703339683,5703339677,-0.18441953,0.06401344,-0.46300492,0.033814043,-0.040005844,0.023751678,-0.99834466,nan,nan,nan,nan,nan,nan,0.0,0.0,0.0,0.0,0.0,0.0,nan,nan,nan,1,0,0,0
5703345640,5703345634,-0.18456712,0.06340144,-0.46424884,0.031158565,-0.046155382,0.031960763,-0.99793655,nan,nan,nan,nan,nan,nan,0.0,0.0,0.0,0.0,0.0,0.0,nan,nan,nan,1,0,0,0
5703355733,5703355728,-0.18452989,0.065221086,-0.46711838,0.031480294,-0.04689439,0.02744463,-0.99802643,nan,nan,nan,nan,nan,nan,0.0,0.0,0.0,0.0,0.0,0.0,nan,nan,nan,1,0,0,0
5703363292,5703363287,-0.184529,0.06519379,-0.46840864,0.030944342,-0.051782075,0.021986479,-0.99793667,nan,nan,nan,nan,nan,nan,0.0,0.0,0.0,0.0,0.0,0.0,nan,nan,nan,1,0,0,0
5703372291,5703372285,-0.18479566,0.06367101,-0.46878543,0.033060357,-0.039588902,0.027272457,-0.9982965,nan,nan,nan,nan,nan,nan,0.0,0.0,0.0,0.0,0.0,0.0,nan,nan,nan,1,0,0,0
5703379644,5703379637,-0.1846705,0.06509327,-0.47138995,0.030477054,-0.05102199,0.023602862,-0.9979533,nan,nan,nan,nan,nan,nan,0.0,0.0,0.0,0.0,0.0,0.0,nan,nan,nan,1,0,0,0
5703390296,5703390291,-0.18502896,0.063766316,-0.47159246,0.033481997,-0.038865864,0.027250819,-0.9983115,nan,nan,nan,nan,nan,nan,0.0,0.0,0.0,0.0,0.0,0.0,nan,nan,nan,1,0,0,0
5703396297,5703396291,-0.18481651,0.065197624,-0.47383946,0.031773675,-0.051656354,0.02138484,-0.9979302,nan,nan,nan,nan,nan,nan,0.0,0.0,0.0,0.0,0.0,0.0,nan,nan,nan,1,0,0,0
5703405524,5703405519,-0.18486544,0.06519347,-0.47510386,0.0314565,-0.05213032,0.021719377,-0.9979084,nan,nan,nan,nan,nan,nan,0.0,0.0,0.0,0.0,0.0,0.0,nan,nan,nan,1,0,0,0
5703415938,5703415932,-0.18490584,0.06541191,-0.47634053,0.028606778,-0.05768489,0.038382307,-0.99718654,nan,nan,nan,nan,nan,nan,0.0,0.0,0.0,0.0,0.0,0.0,nan,nan,nan,1,0,0,0
5703425718,5703425713,-0.18497792,0.06511092,-0.47753355,0.03145253,-0.050962284,0.025229963,-0.99788636,nan,nan,nan,nan,nan,nan,0.0,0.0,0.0,0.0,0.0,0.0,nan,nan,nan,1,0,0,0
5703433301,5703433295,-0.18536177,0.063393116,-0.4771904,0.03219097,-0.046860743,0.034199588,-0.99779665,nan,nan,nan,nan,nan,nan,0.0,0.0,0.0,0.0,0.0,0.0,nan,nan,nan,1,0,0,0
5703440302,5703440296,-0.18534182,0.06373742,-0.4786825,0.03448477,-0.03882476,0.028315796,-0.99824923,nan,nan,nan,nan,nan,nan,0.0,0.0,0.0,0.0,0.0,0.0,nan,nan,nan,1,0,0,0
5703446071,5703446066,-0.18525447,0.0645532,-0.4803695,0.033919882,-0.046486005,0.023600042,-0.9980639,nan,nan,nan,nan,nan,nan,0.0,0.0,0.0,0.0,0.0,0.0,nan,nan,nan,1,0,0,0
5703455685,5703455680,-0.18514322,0.0650749,-0.48191229,0.03211229,-0.051788267,0.024551587,-0.9978396,nan,nan,nan,nan,nan,nan,0.0,0.0,0.0,0.0,0.0,0.0,nan,nan,nan,1,0,0,0
5703465299,5703465294,-0.18518746,0.06505971,-0.482921,0.03217127,-0.051725667,0.024530457,-0.9978416,nan,nan,nan,nan,nan,nan,0.0,0.0,0.0,0.0,0.0,0.0,nan,nan,nan,1,0,0,0
5703475611,5703475606,-0.18525474,0.06509057,-0.4839465,0.032020498,-0.0514927,0.024671834,-0.997855,nan,nan,nan,nan,nan,nan,0.0,0.0,0.0,0.0,0.0,0.0,nan,nan,nan,1,0,0,0
5703481731,5703481726,-0.18546958,0.06429904,-0.4841355,0.03391985,-0.04440282,0.026489753,-0.9980862,nan,nan,nan,nan,nan,nan,0.0,0.0,0.0,0.0,0.0,0.0,nan,nan,nan,1,0,0,0
5703488301,5703488295,-0.18537734,0.065222085,-0.48590448,0.031423062,-0.05228063,0.025495302,-0.9978122,nan,nan,nan,nan,nan,nan,0.0,0.0,0.0,0.0,0.0,0.0,nan,nan,nan,1,0,0,0
5703499560,5703499555,-0.18559481,0.06373647,-0.485612,0.03521676,-0.038973924,0.02806973,-0.99822485,nan,nan,nan,nan,nan,nan,0.0,0.0,0.0,0.0,0.0,0.0,nan,nan,nan,1,0,0,0
5703508291,5703508286,-0.18565264,0.063680656,-0.4864955,0.034942962,-0.038826816,0.028142462,-0.99823815,nan,nan,nan,nan,nan,nan,0.0,0.0,0.0,0.0,0.0,0.0,nan,nan,nan,1,0,0,0
5703513190,5703513184,-0.18566518,0.06480969,-0.48827136,0.03376804,-0.0459438,0.024185391,-0.9980802,nan,nan,nan,nan,nan,nan,0.0,0.0,0.0,0.0,0.0,0.0,nan,nan,nan,1,0,0,0
5703525368,5703525363,-0.18572427,0.064647,-0.48896962,0.033539157,-0.047680564,0.02191542,-0.99805886,nan,nan,nan,nan,nan,nan,0.0,0.0,0.0,0.0,0.0,0.0,nan,nan,nan,1,0,0,0
5703531325,5703531319,-0.18592569,0.064169414,-0.48922992,0.030431509,-0.054548565,0.030013166,-0.9975959,nan,nan,nan,nan,nan,nan,0.0,0.0,0.0,0.0,0.0,0.0,nan,nan,nan,1,0,0,0
5703538327,5703538322,-0.18591891,0.06375529,-0.48974118,0.03485916,-0.03919619,0.028985364,-0.9982026,nan,nan,nan,nan,nan,nan,0.0,0.0,0.0,0.0,0.0,0.0,nan,nan,nan,1,0,0,0
5703545635,5703545629,-0.18594696,0.06372766,-0.49052042,0.034904663,-0.038723126,0.0288856,-0.9982223,nan,nan,nan,nan,nan,nan,0.0,0.0,0.0,0.0,0.0,0.0,nan,nan,nan,1,0,0,0
5703555361,5703555355,-0.18596995,0.063788675,-0.49121946,0.03449249,-0.039310038,0.028659567,-0.9982202,nan,nan,nan,nan,nan,nan,0.0,0.0,0.0,0.0,0.0,0.0,nan,nan,nan,1,0,0,0
5703566302,5703566297,-0.1860069,0.06377285,-0.49179137,0.033976033,-0.03967592,0.0288921,-0.9982168,nan,nan,nan,nan,nan,nan,0.0,0.0,0.0,0.0,0.0,0.0,nan,nan,nan,1,0,0,0
5703573292,5703573286,-0.18602693,0.06375161,-0.4923485,0.033778932,-0.04011882,0.0293674,-0.9981919,nan,nan,nan,nan,nan,nan,0.0,0.0,0.0,0.0,0.0,0.0,nan,nan,nan,1,0,0,0
5703582882,5703582874,-0.18603231,0.063677795,-0.49288702,0.033599846,-0.040051322,0.02981556,-0.99818736,nan,nan,nan,nan,nan,nan,0.0,0.0,0.0,0.0,0.0,0.0,nan,nan,nan,1,0,0,0
5703590366,5703590360,-0.18606627,0.06363346,-0.49347913,0.033549804,-0.039979156,0.030128516,-0.9981825,nan,nan,nan,nan,nan,nan,0.0,0.0,0.0,0.0,0.0,0.0,nan,nan,nan,1,0,0,0
5703600355,5703600347,-0.18622498,0.06324128,-0.49376777,0.031356398,-0.048023846,0.035783224,-0.99771243,nan,nan,nan,nan,nan,nan,0.0,0.0,0.0,0.0,0.0,0.0,nan,nan,nan,1,0,0,0
5703607287,5703607282,-0.18628778,0.06323963,-0.49426425,0.03141019,-0.047719147,0.035825275,-0.9977238,nan,nan,nan,nan,nan,nan,0.0,0.0,0.0,0.0,0.0,0.0,nan,nan,nan,1,0,0,0
5703615621,5703615616,-0.18610959,0.064591356,-0.49581867,0.032319527,-0.048397347,0.023979759,-0.9980171,nan,nan,nan,nan,nan,nan,0.0,0.0,0.0,0.0,0.0,0.0,nan,nan,nan,1,0,0,0
5703625545,5703625539,-0.18613659,0.064620905,-0.4962389,0.032327265,-0.048937272,0.024469836,-0.9979787,nan,nan,nan,nan,nan,nan,0.0,0.0,0.0,0.0,0.0,0.0,nan,nan,nan,1,0,0,0
5703633288,5703633282,-0.18618378,0.06441073,-0.49627724,0.03331494,-0.045392428,0.025364766,-0.99809134,nan,nan,nan,nan,nan,nan,0.0,0.0,0.0,0.0,0.0,0.0,nan,nan,nan,1,0,0,0
5703641298,5703641289,-0.18635634,0.063870974,-0.49614096,0.030951334,-0.051309764,0.03229813,-0.99768037,nan,nan,nan,nan,nan,nan,0.0,0.0,0.0,0.0,0.0,0.0,nan,nan,nan,1,0,0,0
5703649696,5703649691,-0.18645278,0.06336006,-0.49608782,0.032002766,-0.047457725,0.035438534,-0.99773127,nan,nan,nan,nan,nan,nan,0.0,0.0,0.0,0.0,0.0,0.0,nan,nan,nan,1,0,0,0
5703656432,5703656289,-0.18635102,0.063746735,-0.4966565,0.034613766,-0.03993683,0.02987747,-0.9981555,nan,nan,nan,nan,nan,nan,0.0,0.0,0.0,0.0,0.0,0.0,nan,nan,nan,1,0,0,0
5703666556,5703666551,-0.18647707,0.06333902,-0.49651965,0.03188885,-0.047848944,0.035555273,-0.9977121,nan,nan,nan,nan,nan,nan,0.0,0.0,0.0,0.0,0.0,0.0,nan,nan,nan,1,0,0,0
5703675509,5703675504,-0.18650152,0.06333481,-0.49664128,0.031739905,-0.047864843,0.03567969,-0.99771166,nan,nan,nan,nan,nan,nan,0.0,0.0,0.0,0.0,0.0,0.0,nan,nan,nan,1,0,0,0
5703680643,5703680637,-0.18655647,0.063381255,-0.49671507,0.03174771,-0.048395444,0.035785712,-0.9976819,nan,nan,nan,nan,nan,nan,0.0,0.0,0.0,0.0,0.0,0.0,nan,nan,nan,1,0,0,0
5703692294,5703692289,-0.18655564,0.06339164,-0.49677426,0.03170088,-0.048500206,0.035811335,-0.9976775,nan,nan,nan,nan,nan,nan,0.0,0.0,0.0,0.0,0.0,0.0,nan,nan,nan,1,0,0,0
5703699314,5703699308,-0.18656234,0.06337696,-0.49677524,0.031682927,-0.048368752,0.03568329,-0.997689,nan,nan,nan,nan,nan,nan,0.0,0.0,0.0,0.0,0.0,0.0,nan,nan,nan,1,0,0,0
5703706422,5703706417,-0.18655972,0.06338431,-0.4967667,0.031748302,-0.048365694,0.035647735,-0.99768835,nan,nan,nan,nan,nan,nan,0.0,0.0,0.0,0.0,0.0,0.0,nan,nan,nan,1,0,0,0
5703712972,5703712966,-0.18656416,0.06339643,-0.49673828,0.031725504,-0.04851352,0.03570142,-0.99767995,nan,nan,nan,nan,nan,nan,0.0,0.0,0.0,0.0,0.0,0.0,nan,nan,nan,1,0,0,0
5703722329,5703722324,-0.18659149,0.06338741,-0.49668688,0.031684235,-0.048385214,0.035749644,-0.9976858,nan,nan,nan,nan,nan,nan,0.0,0.0,0.0,0.0,0.0,0.0,nan,nan,nan,1,0,0,0
5703731426,5703731421,-0.18654463,0.063811675,-0.49690354,0.033548307,-0.041162416,0.030456817,-0.9981246,nan,nan,nan,nan,nan,nan,0.0,0.0,0.0,0.0,0.0,0.0,nan,nan,nan,1,0,0,0
5703740293,5703740287,-0.18656637,0.063828215,-0.49680838,0.033279087,-0.041008335,0.030319633,-0.99814403,nan,nan,nan,nan,nan,nan,0.0,0.0,0.0,0.0,0.0,0.0,nan,nan,nan,1,0,0,0
5703746381,5703746375,-0.18650272,0.06421504,-0.49699122,0.033412784,-0.042274117,0.026497303,-0.9981956,nan,nan,nan,nan,nan,nan,0.0,0.0,0.0,0.0,0.0,0.0,nan,nan,nan,1,0,0,0
5703759466,5703759461,-0.18661386,0.06387893,-0.49652869,0.032637198,-0.04098166,0.029984534,-0.99817646,nan,nan,nan,nan,nan,nan,0.0,0.0,0.0,0.0,0.0,0.0,nan,nan,nan,1,0,0,0
5703765355,5703765349,-0.1865529,0.064260565,-0.49666065,0.03276055,-0.04217968,0.025874138,-0.9982375,nan,nan,nan,nan,nan,nan,0.0,0.0,0.0,0.0,0.0,0.0,nan,nan,nan,1,0,0,0
5703775292,5703775287,-0.18667094,0.06391401,-0.49616012,0.031973097,-0.040794972,0.029619446,-0.99821645,nan,nan,nan,nan,nan,nan,0.0,0.0,0.0,0.0,0.0,0.0,nan,nan,nan,1,0,0,0
5703781127,5703781122,-0.18670791,0.06393764,-0.49593106,0.03180553,-0.04071825,0.029591782,-0.99822575,nan,nan,nan,nan,nan,nan,0.0,0.0,0.0,0.0,0.0,0.0,nan,nan,nan,1,0,0,0
5703795629,5703795624,-0.1867276,0.06401473,-0.4957683,0.03205443,-0.04038183,0.029157799,-0.9982443,nan,nan,nan,nan,nan,nan,0.0,0.0,0.0,0.0,0.0,0.0,nan,nan,nan,1,0,0,0
5703806778,5703806773,-0.18679269,0.06399656,-0.49544373,0.03144446,-0.04098006,0.028840201,-0.99824846,nan,nan,nan,nan,nan,nan,0.0,0.0,0.0,0.0,0.0,0.0,nan,nan,nan,1,0,0,0
5703809445,5703809440,-0.1868549,0.06393717,-0.49507275,0.03131273,-0.04076017,0.028354676,-0.9982755,nan,nan,nan,nan,nan,nan,0.0,0.0,0.0,0.0,0.0,0.0,nan,nan,nan,1,0,0,0
5703815703,5703815697,-0.18672591,0.06480888,-0.4955126,0.030366197,-0.04782782,0.022020156,-0.998151,nan,nan,nan,nan,nan,nan,0.0,0.0,0.0,0.0,0.0,0.0,nan,nan,nan,1,0,0,0
5703823313,5703823308,-0.18694234,0.063911326,-0.4943875,0.03123886,-0.04001381,0.028162608,-0.99831355,nan,nan,nan,nan,nan,nan,0.0,0.0,0.0,0.0,0.0,0.0,nan,nan,nan,1,0,0,0
5703834739,5703834733,-0.18699184,0.06392151,-0.49397525,0.031239323,-0.039686725,0.02788096,-0.99833447,nan,nan,nan,nan,nan,nan,0.0,0.0,0.0,0.0,0.0,0.0,nan,nan,nan,1,0,0,0
5703841307,5703841302,-0.18693502,0.06430138,-0.4938156,0.03165006,-0.04069731,0.024179978,-0.9983773,nan,nan,nan,nan,nan,nan,0.0,0.0,0.0,0.0,0.0,0.0,nan,nan,nan,1,0,0,0
5703845675,5703845669,-0.18694311,0.06433233,-0.49333566,0.031430304,-0.041189246,0.024717838,-0.9983509,nan,nan,nan,nan,nan,nan,0.0,0.0,0.0,0.0,0.0,0.0,nan,nan,nan,1,0,0,0
5703857460,5703857453,-0.18684462,0.065105304,-0.4935557,0.028869936,-0.04970971,0.023375591,-0.9980727,nan,nan,nan,nan,nan,nan,0.0,0.0,0.0,0.0,0.0,0.0,nan,nan,nan,1,0,0,0
5703866322,5703866316,-0.18699907,0.06432765,-0.49224073,0.026402917,-0.054284662,0.030103553,-0.9977223,nan,nan,nan,nan,nan,nan,0.0,0.0,0.0,0.0,0.0,0.0,nan,nan,nan,1,0,0,0
5703873292,5703873286,-0.18703789,0.06401,-0.49146566,0.030308297,-0.039362345,0.028785076,-0.9983503,nan,nan,nan,nan,nan,nan,0.0,0.0,0.0,0.0,0.0,0.0,nan,nan,nan,1,0,0,0
5703881263,5703881258,-0.18693095,0.06464691,-0.4912851,0.02992543,-0.044101782,0.023524754,-0.9983017,nan,nan,nan,nan,nan,nan,0.0,0.0,0.0,0.0,0.0,0.0,nan,nan,nan,1,0,0,0
5703888297,5703888291,-0.1867648,0.06599956,-0.4907687,0.028927922,-0.056817766,0.020393757,-0.99775696,nan,nan,nan,nan,nan,nan,0.0,0.0,0.0,0.0,0.0,0.0,nan,nan,nan,1,0,0,0
5703897462,5703897456,-0.18710501,0.063679434,-0.48924294,0.027567506,-0.046852738,0.033277757,-0.99796665,nan,nan,nan,nan,nan,nan,0.0,0.0,0.0,0.0,0.0,0.0,nan,nan,nan,1,0,0,0
5703905337,5703905331,-0.1871032,0.064053245,-0.48875803,0.027443614,-0.045118388,0.033620127,-0.99803853,nan,nan,nan,nan,nan,nan,0.0,0.0,0.0,0.0,0.0,0.0,nan,nan,nan,1,0,0,0
5703912203,5703912197,-0.18682547,0.065468416,-0.48919007,0.027143598,-0.0477536,0.028151207,-0.99809337,nan,nan,nan,nan,nan,nan,0.0,0.0,0.0,0.0,0.0,0.0,nan,nan,nan,1,0,0,0
5703933000,5703932995,-0.18668132,0.065699816,-0.48865166,0.026312243,-0.049286567,0.028061397,-0.99804366,nan,nan,nan,nan,nan,nan,0.0,0.0,0.0,0.0,0.0,0.0,nan,nan,nan,1,0,0,0
5703935343,5703935338,-0.18667291,0.06533799,-0.48767003,0.02548897,-0.05038146,0.023518397,-0.99812764,nan,nan,nan,nan,nan,nan,0.0,0.0,0.0,0.0,0.0,0.0,nan,nan,nan,1,0,0,0
5703940295,5703940289,-0.18666816,0.06597668,-0.48613822,0.027272848,-0.05626822,0.019165788,-0.9978591,nan,nan,nan,nan,nan,nan,0.0,0.0,0.0,0.0,0.0,0.0,nan,nan,nan,1,0,0,0
5703947607,5703947602,-0.18665127,0.06547855,-0.4855797,0.02572444,-0.051160928,0.023021657,-0.99809355,nan,nan,nan,nan,nan,nan,0.0,0.0,0.0,0.0,0.0,0.0,nan,nan,nan,1,0,0,0
5703956288,5703956283,-0.18662141,0.06672297,-0.4835148,0.024448892,-0.07374793,0.036090136,-0.9963237,nan,nan,nan,nan,nan,nan,0.0,0.0,0.0,0.0,0.0,0.0,nan,nan,nan,1,0,0,0
5703965789,5703965784,-0.18650626,0.06696146,-0.48276266,0.02773784,-0.06602849,0.018007519,-0.9972696,nan,nan,nan,nan,nan,nan,0.0,0.0,0.0,0.0,0.0,0.0,nan,nan,nan,1,0,0,0
5703972360,5703972353,-0.18662976,0.0655224,-0.4828081,0.023958866,-0.05302809,0.021031262,-0.998084,nan,nan,nan,nan,nan,nan,0.0,0.0,0.0,0.0,0.0,0.0,nan,nan,nan,1,0,0,0
5703981167,5703981161,-0.18663244,0.065432265,-0.48189223,0.022599211,-0.05156437,0.02361792,-0.99813455,nan,nan,nan,nan,nan,nan,0.0,0.0,0.0,0.0,0.0,0.0,nan,nan,nan,1,0,0,0
5703990290,5703990285,-0.18667829,0.06541704,-0.48084986,0.022057325,-0.051594194,0.02436503,-0.99812716,nan,nan,nan,nan,nan,nan,0.0,0.0,0.0,0.0,0.0,0.0,nan,nan,nan,1,0,0,0
5703999338,5703999333,-0.18681659,0.06463951,-0.47896266,0.024600191,-0.043519072,0.021731406,-0.9985133,nan,nan,nan,nan,nan,nan,0.0,0.0,0.0,0.0,0.0,0.0,nan,nan,nan,1,0,0,0
5704006297,5704006292,-0.18695599,0.06413047,-0.47742587,0.02514341,-0.03968529,0.02749504,-0.99851733,nan,nan,nan,nan,nan,nan,0.0,0.0,0.0,0.0,0.0,0.0,nan,nan,nan,1,0,0,0
5704015644,5704015639,-0.18697783,0.06448084,-0.47650704,0.020139828,-0.054642614,0.028310278,-0.9979014,nan,nan,nan,nan,nan,nan,0.0,0.0,0.0,0.0,0.0,0.0,nan,nan,nan,1,0,0,0
5704022464,5704022383,-0.18698324,0.06435433,-0.47519186,0.024944749,-0.04122885,0.023771403,-0.99855536,nan,nan,nan,nan,nan,nan,0.0,0.0,0.0,0.0,0.0,0.0,nan,nan,nan,1,0,0,0
5704030298,5704030293,-0.18707521,0.06402701,-0.47373033,0.024563968,-0.03995096,0.028010156,-0.9985069,nan,nan,nan,nan,nan,nan,0.0,0.0,0.0,0.0,0.0,0.0,nan,nan,nan,1,0,0,0
5704042320,5704042315,-0.18706846,0.063990295,-0.47245407,0.024237394,-0.03835652,0.028393539,-0.9985665,nan,nan,nan,nan,nan,nan,0.0,0.0,0.0,0.0,0.0,0.0,nan,nan,nan,1,0,0,0
5704048954,5704048949,-0.18699534,0.06397473,-0.47126415,0.02377584,-0.03881409,0.027280094,-0.998591,nan,nan,nan,nan,nan,nan,0.0,0.0,0.0,0.0,0.0,0.0,nan,nan,nan,1,0,0,0
5704055310,5704055304,-0.18699558,0.06365543,-0.46976587,0.020797277,-0.04816537,0.032478664,-0.99809456,nan,nan,nan,nan,nan,nan,0.0,0.0,0.0,0.0,0.0,0.0,nan,nan,nan,1,0,0,0
5704065056,5704065050,-0.18660258,0.06492051,-0.4694875,0.021402964,-0.048143446,0.021450436,-0.99838066,nan,nan,nan,nan,nan,nan,0.0,0.0,0.0,0.0,0.0,0.0,nan,nan,nan,1,0,0,0
5704075091,5704075085,-0.1865135,0.06491603,-0.46824375,0.021028439,-0.048357103,0.021438006,-0.9983786,nan,nan,nan,nan,nan,nan,0.0,0.0,0.0,0.0,0.0,0.0,nan,nan,nan,1,0,0,0
5704081006,5704081000,-0.18652639,0.06503699,-0.46678057,0.02108372,-0.049621344,0.021918908,-0.9983049,nan,nan,nan,nan,nan,nan,0.0,0.0,0.0,0.0,0.0,0.0,nan,nan,nan,1,0,0,0
5704088815,5704088810,-0.18668345,0.063921295,-0.46464422,0.02202426,-0.04093391,0.027130235,-0.99855053,nan,nan,nan,nan,nan,nan,0.0,0.0,0.0,0.0,0.0,0.0,nan,nan,nan,1,0,0,0
5704097290,5704097285,-0.18660972,0.06402087,-0.4634511,0.022435894,-0.04003046,0.026156398,-0.99860406,nan,nan,nan,nan,nan,nan,0.0,0.0,0.0,0.0,0.0,0.0,nan,nan,nan,1,0,0,0
5704104286,5704104280,-0.1865332,0.06400773,-0.46208885,0.022650952,-0.04067538,0.025842756,-0.9985813,nan,nan,nan,nan,nan,nan,0.0,0.0,0.0,0.0,0.0,0.0,nan,nan,nan,1,0,0,0
5704113134,5704113128,-0.18627092,0.064928636,-0.46152666,0.021915782,-0.04733083,0.020264637,-0.9984331,nan,nan,nan,nan,nan,nan,0.0,0.0,0.0,0.0,0.0,0.0,nan,nan,nan,1,0,0,0
5704121301,5704121295,-0.18636724,0.06442008,-0.4595509,0.019125005,-0.053848375,0.02851529,-0.99795866,nan,nan,nan,nan,nan,nan,0.0,0.0,0.0,0.0,0.0,0.0,nan,nan,nan,1,0,0,0
5704129340,5704129334,-0.18644165,0.064045176,-0.45768476,0.022593865,-0.044714276,0.035281714,-0.99812096,nan,nan,nan,nan,nan,nan,0.0,0.0,0.0,0.0,0.0,0.0,nan,nan,nan,1,0,0,0
5704138802,5704138797,-0.1863135,0.06424843,-0.4564607,0.024585525,-0.04055875,0.022074783,-0.99863076,nan,nan,nan,nan,nan,nan,0.0,0.0,0.0,0.0,0.0,0.0,nan,nan,nan,1,0,0,0
5704146604,5704146598,-0.18617703,0.0647429,-0.45553848,0.023247005,-0.046712372,0.019568907,-0.9984461,nan,nan,nan,nan,nan,nan,0.0,0.0,0.0,0.0,0.0,0.0,nan,nan,nan,1,0,0,0
5704155306,5704155301,-0.18602802,0.06482083,-0.45407903,0.023571776,-0.047058742,0.020149032,-0.9984106,nan,nan,nan,nan,nan,nan,0.0,0.0,0.0,0.0,0.0,0.0,nan,nan,nan,1,0,0,0
5704164342,5704164337,-0.18608212,0.06409032,-0.45193547,0.026764126,-0.0362963,0.027068682,-0.9986158,nan,nan,nan,nan,nan,nan,0.0,0.0,0.0,0.0,0.0,0.0,nan,nan,nan,1,0,0,0
5704175293,5704175288,-0.18583865,0.064965144,-0.4511092,0.024671858,-0.04420119,0.023218365,-0.998448,nan,nan,nan,nan,nan,nan,0.0,0.0,0.0,0.0,0.0,0.0,nan,nan,nan,1,0,0,0
5704179585,5704179580,-0.18570085,0.06484749,-0.4494091,0.025294948,-0.04373244,0.022627296,-0.9984666,nan,nan,nan,nan,nan,nan,0.0,0.0,0.0,0.0,0.0,0.0,nan,nan,nan,1,0,0,0
5704187301,5704187295,-0.18588744,0.06371157,-0.44686663,0.026310079,-0.037455253,0.026775748,-0.9985929,nan,nan,nan,nan,nan,nan,0.0,0.0,0.0,0.0,0.0,0.0,nan,nan,nan,1,0,0,0
5704196298,5704196292,-0.18564352,0.06466413,-0.44609883,0.025893154,-0.0450826,0.020579856,-0.9984356,nan,nan,nan,nan,nan,nan,0.0,0.0,0.0,0.0,0.0,0.0,nan,nan,nan,1,0,0,0
5704205339,5704205333,-0.18549928,0.06462489,-0.44448656,0.026336204,-0.045932837,0.020526746,-0.9983864,nan,nan,nan,nan,nan,nan,0.0,0.0,0.0,0.0,0.0,0.0,nan,nan,nan,1,0,0,0
5704213034,5704213029,-0.18527219,0.06464177,-0.44280052,0.026785158,-0.04622591,0.020546535,-0.99836046,nan,nan,nan,nan,nan,nan,0.0,0.0,0.0,0.0,0.0,0.0,nan,nan,nan,1,0,0,0
5704222426,5704222419,-0.18510477,0.06499503,-0.44133356,0.02635473,-0.04863681,0.02139049,-0.99823964,nan,nan,nan,nan,nan,nan,0.0,0.0,0.0,0.0,0.0,0.0,nan,nan,nan,1,0,0,0
5704229297,5704229292,-0.18503135,0.06460495,-0.43953288,0.027557433,-0.04434593,0.02179536,-0.9983982,nan,nan,nan,nan,nan,nan,0.0,0.0,0.0,0.0,0.0,0.0,nan,nan,nan,1,0,0,0
5704238651,5704238618,-0.18473175,0.06514391,-0.4383492,0.02609624,-0.050914124,0.022666818,-0.99810463,nan,nan,nan,nan,nan,nan,0.0,0.0,0.0,0.0,0.0,0.0,nan,nan,nan,1,0,0,0
5704245815,5704245810,-0.18464382,0.06497217,-0.4363249,0.027467307,-0.04958438,0.020296955,-0.9981858,nan,nan,nan,nan,nan,nan,0.0,0.0,0.0,0.0,0.0,0.0,nan,nan,nan,1,0,0,0
5704254669,5704254664,-0.1845033,0.06506211,-0.43469238,0.027402548,-0.049541354,0.020891832,-0.99817747,nan,nan,nan,nan,nan,nan,0.0,0.0,0.0,0.0,0.0,0.0,nan,nan,nan,1,0,0,0
5704265425,5704265420,-0.18433037,0.06502317,-0.43316966,0.026630439,-0.05079805,0.023180148,-0.99808466,nan,nan,nan,nan,nan,nan,0.0,0.0,0.0,0.0,0.0,0.0,nan,nan,nan,1,0,0,0
5704270288,5704270282,-0.18416473,0.06530013,-0.4315581,0.027637625,-0.048275642,0.02733039,-0.9980775,nan,nan,nan,nan,nan,nan,0.0,0.0,0.0,0.0,0.0,0.0,nan,nan,nan,1,0,0,0
5704285734,5704285729,-0.18391968,0.0647134,-0.4292944,0.022837816,-0.05984649,0.030954296,-0.9974661,nan,nan,nan,nan,nan,nan,0.0,0.0,0.0,0.0,0.0,0.0,nan,nan,nan,1,0,0,0
5704291300,5704291294,-0.18397471,0.06367288,-0.42686233,0.030186662,-0.039857514,0.025622318,-0.9984206,nan,nan,nan,nan,nan,nan,0.0,0.0,0.0,0.0,0.0,0.0,nan,nan,nan,1,0,0,0
5704297293,5704297287,-0.18370245,0.06455301,-0.4258394,0.028684625,-0.048013184,0.019804569,-0.9982383,nan,nan,nan,nan,nan,nan,0.0,0.0,0.0,0.0,0.0,0.0,nan,nan,nan,1,0,0,0
5704305295,5704305289,-0.18345751,0.06506109,-0.42445716,0.027234385,-0.051169377,0.022106063,-0.9980738,nan,nan,nan,nan,nan,nan,0.0,0.0,0.0,0.0,0.0,0.0,nan,nan,nan,1,0,0,0
5704316032,5704316026,-0.18347354,0.06457038,-0.42222965,0.028650813,-0.045431852,0.02138271,-0.9983275,nan,nan,nan,nan,nan,nan,0.0,0.0,0.0,0.0,0.0,0.0,nan,nan,nan,1,0,0,0
5704325322,5704325286,-0.18327793,0.06505751,-0.42087862,0.027337434,-0.048463374,0.021813387,-0.99821246,nan,nan,nan,nan,nan,nan,0.0,0.0,0.0,0.0,0.0,0.0,nan,nan,nan,1,0,0,0
5704332296,5704332290,-0.18316506,0.065115586,-0.41910452,0.027592046,-0.049010336,0.022362364,-0.9981666,nan,nan,nan,nan,nan,nan,0.0,0.0,0.0,0.0,0.0,0.0,nan,nan,nan,1,0,0,0
5704339540,5704339535,-0.18335934,0.063717335,-0.41595963,0.030598052,-0.03631066,0.025191896,-0.99855435,nan,nan,nan,nan,nan,nan,0.0,0.0,0.0,0.0,0.0,0.0,nan,nan,nan,1,0,0,0
5704350181,5704350175,-0.183069,0.064559296,-0.41467085,0.029456085,-0.04386817,0.020037163,-0.99840194,nan,nan,nan,nan,nan,nan,0.0,0.0,0.0,0.0,0.0,0.0,nan,nan,nan,1,0,0,0
5704357301,5704357295,-0.18266985,0.0650189,-0.41324008,0.027147466,-0.049685474,0.021935422,-0.998155,nan,nan,nan,nan,nan,nan,0.0,0.0,0.0,0.0,0.0,0.0,nan,nan,nan,1,0,0,0
5704365320,5704365310,-0.18240824,0.06506338,-0.41117185,0.027141672,-0.049758483,0.022553489,-0.9981377,nan,nan,nan,nan,nan,nan,0.0,0.0,0.0,0.0,0.0,0.0,nan,nan,nan,1,0,0,0
5704375302,5704375296,-0.18232515,0.06453532,-0.40874097,0.028334552,-0.04500306,0.02158113,-0.9983517,nan,nan,nan,nan,nan,nan,0.0,0.0,0.0,0.0,0.0,0.0,nan,nan,nan,1,0,0,0
5704379139,5704379134,-0.18216763,0.064326234,-0.40654862,0.028269652,-0.045175433,0.020791337,-0.9983625,nan,nan,nan,nan,nan,nan,0.0,0.0,0.0,0.0,0.0,0.0,nan,nan,nan,1,0,0,0
5704388644,5704388638,-0.1820072,0.06428566,-0.404446,0.027993571,-0.04315918,0.022308268,-0.99842674,nan,nan,nan,nan,nan,nan,0.0,0.0,0.0,0.0,0.0,0.0,nan,nan,nan,1,0,0,0
5704396296,5704396290,-0.18177046,0.064265184,-0.40224585,0.026426975,-0.044788994,0.022379579,-0.99839616,nan,nan,nan,nan,nan,nan,0.0,0.0,0.0,0.0,0.0,0.0,nan,nan,nan,1,0,0,0
5704405292,5704405286,-0.18158583,0.06415362,-0.4000973,0.025818793,-0.044220567,0.022176454,-0.9984418,nan,nan,nan,nan,nan,nan,0.0,0.0,0.0,0.0,0.0,0.0,nan,nan,nan,1,0,0,0
5704415859,5704415853,-0.18141584,0.064214736,-0.39808846,0.023930855,-0.044829108,0.022698069,-0.99845,nan,nan,nan,nan,nan,nan,0.0,0.0,0.0,0.0,0.0,0.0,nan,nan,nan,1,0,0,0
5704424335,5704424329,-0.1811711,0.065042414,-0.39662647,0.023416102,-0.044256825,0.03170462,-0.9982424,nan,nan,nan,nan,nan,nan,0.0,0.0,0.0,0.0,0.0,0.0,nan,nan,nan,1,0,0,0
5704430298,5704430292,-0.18118395,0.063997895,-0.39372563,0.022874331,-0.043922346,0.022250624,-0.9985252,nan,nan,nan,nan,nan,nan,0.0,0.0,0.0,0.0,0.0,0.0,nan,nan,nan,1,0,0,0
5704438495,5704438489,-0.1810871,0.0641329,-0.39167038,0.021085225,-0.04533669,0.02263904,-0.9984926,nan,nan,nan,nan,nan,nan,0.0,0.0,0.0,0.0,0.0,0.0,nan,nan,nan,1,0,0,0
5704446170,5704446165,-0.18098122,0.06426927,-0.38959402,0.021691,-0.04229854,0.025637908,-0.9985405,nan,nan,nan,nan,nan,nan,0.0,0.0,0.0,0.0,0.0,0.0,nan,nan,nan,1,0,0,0
5704455295,5704455290,-0.18086545,0.06405018,-0.38720998,0.020374237,-0.04531379,0.023481244,-0.9984889,nan,nan,nan,nan,nan,nan,0.0,0.0,0.0,0.0,0.0,0.0,nan,nan,nan,1,0,0,0
5704463954,5704463948,-0.18086232,0.06387389,-0.38482723,0.021039294,-0.04408872,0.024146358,-0.9985141,nan,nan,nan,nan,nan,nan,0.0,0.0,0.0,0.0,0.0,0.0,nan,nan,nan,1,0,0,0
5704471292,5704471286,-0.18077165,0.06351638,-0.3820589,0.02165462,-0.04092944,0.025727324,-0.998596,nan,nan,nan,nan,nan,nan,0.0,0.0,0.0,0.0,0.0,0.0,nan,nan,nan,1,0,0,0
5704482259,5704482248,-0.1808432,0.06325861,-0.37961122,0.020063786,-0.039756805,0.026737217,-0.99865,nan,nan,nan,nan,nan,nan,0.0,0.0,0.0,0.0,0.0,0.0,nan,nan,nan,1,0,0,0
5704492363,5704492358,-0.18048671,0.06354074,-0.3776981,0.02150177,-0.042168714,0.025333583,-0.9985578,nan,nan,nan,nan,nan,nan,0.0,0.0,0.0,0.0,0.0,0.0,nan,nan,nan,1,0,0,0
5704499347,5704499317,-0.180324,0.06366171,-0.37541422,0.02200759,-0.042186968,0.024465244,-0.9985677,nan,nan,nan,nan,nan,nan,0.0,0.0,0.0,0.0,0.0,0.0,nan,nan,nan,1,0,0,0
5704508380,5704508375,-0.1802607,0.06357946,-0.37318656,0.02185466,-0.04133948,0.023591712,-0.9986275,nan,nan,nan,nan,nan,nan,0.0,0.0,0.0,0.0,0.0,0.0,nan,nan,nan,1,0,0,0
5704519331,5704519326,-0.18011138,0.06409517,-0.37132165,0.020445012,-0.046906054,0.022123184,-0.998445,nan,nan,nan,nan,nan,nan,0.0,0.0,0.0,0.0,0.0,0.0,nan,nan,nan,1,0,0,0
5704525404,5704525399,-0.18006884,0.063699394,-0.36847264,0.02136092,-0.04168355,0.023211751,-0.9986328,nan,nan,nan,nan,nan,nan,0.0,0.0,0.0,0.0,0.0,0.0,nan,nan,nan,1,0,0,0
5704529338,5704529333,-0.17992947,0.06353767,-0.36587587,0.021929042,-0.041488525,0.023107933,-0.998631,nan,nan,nan,nan,nan,nan,0.0,0.0,0.0,0.0,0.0,0.0,nan,nan,nan,1,0,0,0
5704538469,5704538463,-0.17979406,0.0631598,-0.36319485,0.022073107,-0.041346073,0.027060783,-0.99853444,nan,nan,nan,nan,nan,nan,0.0,0.0,0.0,0.0,0.0,0.0,nan,nan,nan,1,0,0,0
5704545386,5704545381,-0.1796034,0.063684165,-0.36117303,0.021131078,-0.04199579,0.024428366,-0.9985956,nan,nan,nan,nan,nan,nan,0.0,0.0,0.0,0.0,0.0,0.0,nan,nan,nan,1,0,0,0
5704555372,5704555367,-0.17924982,0.0638745,-0.3588722,0.02414163,-0.040683243,0.023507796,-0.99860376,nan,nan,nan,nan,nan,nan,0.0,0.0,0.0,0.0,0.0,0.0,nan,nan,nan,1,0,0,0
5704562364,5704562358,-0.17912042,0.06395849,-0.35655496,0.022066962,-0.045692872,0.020036124,-0.99851084,nan,nan,nan,nan,nan,nan,0.0,0.0,0.0,0.0,0.0,0.0,nan,nan,nan,1,0,0,0
5704571345,5704571339,-0.17892656,0.06358762,-0.35363257,0.023452874,-0.041422654,0.022810759,-0.9986059,nan,nan,nan,nan,nan,nan,0.0,0.0,0.0,0.0,0.0,0.0,nan,nan,nan,1,0,0,0
5704579520,5704579514,-0.17875388,0.06334604,-0.35077077,0.01925327,-0.05166774,0.028494118,-0.9980721,nan,nan,nan,nan,nan,nan,0.0,0.0,0.0,0.0,0.0,0.0,nan,nan,nan,1,0,0,0
5704588299,5704588294,-0.17863597,0.06260574,-0.34772074,0.02165606,-0.045882788,0.032079894,-0.99819666,nan,nan,nan,nan,nan,nan,0.0,0.0,0.0,0.0,0.0,0.0,nan,nan,nan,1,0,0,0
5704596299,5704596293,-0.17845044,0.06261297,-0.3451575,0.021306934,-0.046545792,0.032050606,-0.9981745,nan,nan,nan,nan,nan,nan,0.0,0.0,0.0,0.0,0.0,0.0,nan,nan,nan,1,0,0,0
5704607291,5704607286,-0.17823957,0.06380729,-0.34318852,0.018790184,-0.057002336,0.02770214,-0.9978127,nan,nan,nan,nan,nan,nan,0.0,0.0,0.0,0.0,0.0,0.0,nan,nan,nan,1,0,0,0
5704614279,5704614274,-0.17780866,0.064173006,-0.34093288,0.022750353,-0.045880903,0.023452396,-0.99841243,nan,nan,nan,nan,nan,nan,0.0,0.0,0.0,0.0,0.0,0.0,nan,nan,nan,1,0,0,0
5704622317,5704622312,-0.1776716,0.06325588,-0.3373713,0.02031401,-0.05301807,0.028634055,-0.9979762,nan,nan,nan,nan,nan,nan,0.0,0.0,0.0,0.0,0.0,0.0,nan,nan,nan,1,0,0,0
5704630374,5704630369,-0.17733684,0.06371268,-0.33501062,0.022154227,-0.049266554,0.021937361,-0.9982989,nan,nan,nan,nan,nan,nan,0.0,0.0,0.0,0.0,0.0,0.0,nan,nan,nan,1,0,0,0
5704638319,5704638314,-0.17715383,0.063119926,-0.33167875,0.019617371,-0.05476565,0.029283846,-0.9978769,nan,nan,nan,nan,nan,nan,0.0,0.0,0.0,0.0,0.0,0.0,nan,nan,nan,1,0,0,0
5704645955,5704645950,-0.1766974,0.0646419,-0.33004704,0.018851401,-0.055836145,0.041226674,-0.99741024,nan,nan,nan,nan,nan,nan,0.0,0.0,0.0,0.0,0.0,0.0,nan,nan,nan,1,0,0,0
5704654484,5704654478,-0.17665403,0.063832626,-0.32678038,0.014837544,-0.061724093,0.03383648,-0.99740916,nan,nan,nan,nan,nan,nan,0.0,0.0,0.0,0.0,0.0,0.0,nan,nan,nan,1,0,0,0
5704664010,5704664004,-0.17664023,0.0646278,-0.32462323,0.018478977,-0.053993974,0.041203603,-0.9975196,nan,nan,nan,nan,nan,nan,0.0,0.0,0.0,0.0,0.0,0.0,nan,nan,nan,1,0,0,0
5704671428,5704671422,-0.17673668,0.06405005,-0.32175255,0.018815108,-0.050125003,0.025280233,-0.99824566,nan,nan,nan,nan,nan,nan,0.0,0.0,0.0,0.0,0.0,0.0,nan,nan,nan,1,0,0,0
5704680708,5704680702,-0.17697485,0.06268709,-0.31784356,0.018689053,-0.047451437,0.031575453,-0.9981994,nan,nan,nan,nan,nan,nan,0.0,0.0,0.0,0.0,0.0,0.0,nan,nan,nan,1,0,0,0
5704687301,5704687295,-0.17670229,0.064023905,-0.31635472,0.018454818,-0.05081855,0.024347823,-0.99824053,nan,nan,nan,nan,nan,nan,0.0,0.0,0.0,0.0,0.0,0.0,nan,nan,nan,1,0,0,0
5704696432,5704696426,-0.1768377,0.06265511,-0.31251115,0.018293677,-0.046181854,0.031764086,-0.9982603,nan,nan,nan,nan,nan,nan,0.0,0.0,0.0,0.0,0.0,0.0,nan,nan,nan,1,0,0,0
5704704291,5704704286,-0.17652969,0.064170375,-0.31101158,0.017694464,-0.049071126,0.026770128,-0.99827975,nan,nan,nan,nan,nan,nan,0.0,0.0,0.0,0.0,0.0,0.0,nan,nan,nan,1,0,0,0
5704714759,5704714754,-0.1763532,0.063803956,-0.30786577,0.013389086,-0.059107725,0.03193378,-0.99765086,nan,nan,nan,nan,nan,nan,0.0,0.0,0.0,0.0,0.0,0.0,nan,nan,nan,1,0,0,0
5704721473,5704721468,-0.17629518,0.06394202,-0.30555087,0.01663924,-0.050195444,0.022892209,-0.99833834,nan,nan,nan,nan,nan,nan,0.0,0.0,0.0,0.0,0.0,0.0,nan,nan,nan,1,0,0,0
5704739842,5704739837,-0.17615217,0.06402123,-0.30286717,0.016305164,-0.050434615,0.023667356,-0.9983137,nan,nan,nan,nan,nan,nan,0.0,0.0,0.0,0.0,0.0,0.0,nan,nan,nan,1,0,0,0
5704742319,5704742313,-0.17618546,0.06335735,-0.29961067,0.018765973,-0.04439121,0.021953702,-0.99859667,nan,nan,nan,nan,nan,nan,0.0,0.0,0.0,0.0,0.0,0.0,nan,nan,nan,1,0,0,0
5704746562,5704746556,-0.17594263,0.06397609,-0.29734722,0.016381176,-0.050291322,0.02337464,-0.99832666,nan,nan,nan,nan,nan,nan,0.0,0.0,0.0,0.0,0.0,0.0,nan,nan,nan,1,0,0,0
5704755345,5704755340,-0.17580315,0.06425041,-0.29472166,0.018823646,-0.04318818,0.031734426,-0.9983854,nan,nan,nan,nan,nan,nan,0.0,0.0,0.0,0.0,0.0,0.0,nan,nan,nan,1,0,0,0
5704763905,5704763900,-0.17570202,0.06379071,-0.29170588,0.01735522,-0.049677473,0.023645392,-0.99833447,nan,nan,nan,nan,nan,nan,0.0,0.0,0.0,0.0,0.0,0.0,nan,nan,nan,1,0,0,0
5704771333,5704771328,-0.1755593,0.06392732,-0.28899914,0.018037181,-0.049851708,0.024039907,-0.99830425,nan,nan,nan,nan,nan,nan,0.0,0.0,0.0,0.0,0.0,0.0,nan,nan,nan,1,0,0,0
5704779390,5704779384,-0.17532901,0.0648341,-0.28682542,0.019672574,-0.04528463,0.033351447,-0.9982234,nan,nan,nan,nan,nan,nan,0.0,0.0,0.0,0.0,0.0,0.0,nan,nan,nan,1,0,0,0
5704788304,5704788298,-0.17527407,0.06391257,-0.28353363,0.01896121,-0.050339043,0.02312119,-0.99828446,nan,nan,nan,nan,nan,nan,0.0,0.0,0.0,0.0,0.0,0.0,nan,nan,nan,1,0,0,0
5704796415,5704796409,-0.17506869,0.06386316,-0.28085575,0.019448906,-0.049749497,0.02215697,-0.9983265,nan,nan,nan,nan,nan,nan,0.0,0.0,0.0,0.0,0.0,0.0,nan,nan,nan,1,0,0,0
5704804346,5704804318,-0.17502747,0.06336313,-0.2775468,0.021631397,-0.04372931,0.021263584,-0.9985829,nan,nan,nan,nan,nan,nan,0.0,0.0,0.0,0.0,0.0,0.0,nan,nan,nan,1,0,0,0
5704812279,5704812274,-0.1745976,0.06471771,-0.27585658,0.020532763,-0.045460027,0.03254911,-0.99822456,nan,nan,nan,nan,nan,nan,0.0,0.0,0.0,0.0,0.0,0.0,nan,nan,nan,1,0,0,0
5704822300,5704822293,-0.17456166,0.0638245,-0.27249005,0.019395774,-0.049595583,0.023176463,-0.99831206,nan,nan,nan,nan,nan,nan,0.0,0.0,0.0,0.0,0.0,0.0,nan,nan,nan,1,0,0,0
5704829295,5704829290,-0.17429674,0.06475315,-0.27020767,0.020622384,-0.04685203,0.034163237,-0.99810445,nan,nan,nan,nan,nan,nan,0.0,0.0,0.0,0.0,0.0,0.0,nan,nan,nan,1,0,0,0
5704838327,5704838321,-0.17435177,0.06306161,-0.26634702,0.02170963,-0.043106,0.022513345,-0.9985809,nan,nan,nan,nan,nan,nan,0.0,0.0,0.0,0.0,0.0,0.0,nan,nan,nan,1,0,0,0
5704845743,5704845737,-0.17404771,0.06455726,-0.26469183,0.020528536,-0.046388548,0.033229955,-0.99815947,nan,nan,nan,nan,nan,nan,0.0,0.0,0.0,0.0,0.0,0.0,nan,nan,nan,1,0,0,0
5704855300,5704855294,-0.17404196,0.06359257,-0.26157337,0.019756116,-0.048105776,0.024160305,-0.99835455,nan,nan,nan,nan,nan,nan,0.0,0.0,0.0,0.0,0.0,0.0,nan,nan,nan,1,0,0,0
5704863972,5704863967,-0.1738265,0.064452514,-0.25922638,0.021392573,-0.044659495,0.033727705,-0.9982036,nan,nan,nan,nan,nan,nan,0.0,0.0,0.0,0.0,0.0,0.0,nan,nan,nan,1,0,0,0
5704874222,5704874216,-0.1738054,0.063517004,-0.2560204,0.020128604,-0.048363447,0.023886915,-0.9983412,nan,nan,nan,nan,nan,nan,0.0,0.0,0.0,0.0,0.0,0.0,nan,nan,nan,1,0,0,0
5704883677,5704883672,-0.17356794,0.06430171,-0.25381318,0.021109268,-0.044681173,0.03367307,-0.9982105,nan,nan,nan,nan,nan,nan,0.0,0.0,0.0,0.0,0.0,0.0,nan,nan,nan,1,0,0,0
5704888298,5704888292,-0.17353697,0.06348514,-0.25059247,0.019228594,-0.04904873,0.024362443,-0.998314,nan,nan,nan,nan,nan,nan,0.0,0.0,0.0,0.0,0.0,0.0,nan,nan,nan,1,0,0,0
5704896384,5704896378,-0.17348321,0.06332831,-0.24784021,0.01883638,-0.04771281,0.02430432,-0.9983877,nan,nan,nan,nan,nan,nan,0.0,0.0,0.0,0.0,0.0,0.0,nan,nan,nan,1,0,0,0
5704904297,5704904292,-0.17339455,0.06336696,-0.2451834,0.01852411,-0.049479365,0.02447047,-0.99830353,nan,nan,nan,nan,nan,nan,0.0,0.0,0.0,0.0,0.0,0.0,nan,nan,nan,1,0,0,0
5704912228,5704912220,-0.17343472,0.062715165,-0.24186409,0.019540537,-0.04156759,0.023756664,-0.998662,nan,nan,nan,nan,nan,nan,0.0,0.0,0.0,0.0,0.0,0.0,nan,nan,nan,1,0,0,0
5704921299,5704921294,-0.17315258,0.06407202,-0.24003468,0.017980527,-0.045060664,0.034906317,-0.9982123,nan,nan,nan,nan,nan,nan,0.0,0.0,0.0,0.0,0.0,0.0,nan,nan,nan,1,0,0,0
5704930293,5704930287,-0.17347145,0.061772116,-0.2357675,0.018776294,-0.0366758,0.027584784,-0.99876994,nan,nan,nan,nan,nan,nan,0.0,0.0,0.0,0.0,0.0,0.0,nan,nan,nan,1,0,0,0
5704938360,5704938355,-0.17302774,0.06400201,-0.23464383,0.016462984,-0.04459644,0.03517556,-0.9982499,nan,nan,nan,nan,nan,nan,0.0,0.0,0.0,0.0,0.0,0.0,nan,nan,nan,1,0,0,0
5704945681,5704945675,-0.17308307,0.06306815,-0.23159951,0.013804311,-0.048619743,0.0274399,-0.998345,nan,nan,nan,nan,nan,nan,0.0,0.0,0.0,0.0,0.0,0.0,nan,nan,nan,1,0,0,0
5704954304,5704954298,-0.17302442,0.063606694,-0.22918387,0.014682067,-0.04362265,0.03741366,-0.9982393,nan,nan,nan,nan,nan,nan,0.0,0.0,0.0,0.0,0.0,0.0,nan,nan,nan,1,0,0,0
5704963859,5704963853,-0.17309718,0.062665775,-0.22571,0.014187678,-0.04623003,0.026392883,-0.9984813,nan,nan,nan,nan,nan,nan,0.0,0.0,0.0,0.0,0.0,0.0,nan,nan,nan,1,0,0,0
5704971304,5704971298,-0.1729204,0.063517086,-0.22379984,0.013257451,-0.043080237,0.03840248,-0.99824524,nan,nan,nan,nan,nan,nan,0.0,0.0,0.0,0.0,0.0,0.0,nan,nan,nan,1,0,0,0
5704979213,5704979208,-0.17286882,0.0636129,-0.22119464,0.012211474,-0.044099253,0.036395058,-0.99828935,nan,nan,nan,nan,nan,nan,0.0,0.0,0.0,0.0,0.0,0.0,nan,nan,nan,1,0,0,0
5704988306,5704988301,-0.1730101,0.062499583,-0.21765482,0.011179137,-0.047409374,0.02530714,-0.9984923,nan,nan,nan,nan,nan,nan,0.0,0.0,0.0,0.0,0.0,0.0,nan,nan,nan,1,0,0,0
5704995321,5704995315,-0.17269222,0.06354756,-0.21582194,0.01000101,-0.044105444,0.036423013,-0.99831253,nan,nan,nan,nan,nan,nan,0.0,0.0,0.0,0.0,0.0,0.0,nan,nan,nan,1,0,0,0
5705005330,5705005323,-0.17271903,0.06339216,-0.21306667,0.009624784,-0.04365262,0.037882295,-0.99828196,nan,nan,nan,nan,nan,nan,0.0,0.0,0.0,0.0,0.0,0.0,nan,nan,nan,1,0,0,0
5705013933,5705013927,-0.17269982,0.06323255,-0.2103257,0.00800111,-0.04329083,0.037806686,-0.99831486,nan,nan,nan,nan,nan,nan,0.0,0.0,0.0,0.0,0.0,0.0,nan,nan,nan,1,0,0,0
5705021324,5705021319,-0.17264019,0.06337913,-0.20780845,0.0067670513,-0.044166576,0.037344232,-0.99830306,nan,nan,nan,nan,nan,nan,0.0,0.0,0.0,0.0,0.0,0.0,nan,nan,nan,1,0,0,0
5705030297,5705030286,-0.17266695,0.063283496,-0.20504601,0.0061654057,-0.043533575,0.037846163,-0.9983158,nan,nan,nan,nan,nan,nan,0.0,0.0,0.0,0.0,0.0,0.0,nan,nan,nan,1,0,0,0
5705038316,5705038310,-0.17264943,0.06336594,-0.20249161,0.0047897836,-0.0437609,0.03649615,-0.9983637,nan,nan,nan,nan,nan,nan,0.0,0.0,0.0,0.0,0.0,0.0,nan,nan,nan,1,0,0,0
5705045542,5705045536,-0.1728019,0.062400755,-0.19901909,0.004062829,-0.046786316,0.02597887,-0.99855876,nan,nan,nan,nan,nan,nan,0.0,0.0,0.0,0.0,0.0,0.0,nan,nan,nan,1,0,0,0
5705055296,5705055290,-0.17265527,0.0634984,-0.19725041,0.0032641748,-0.044570975,0.035355132,-0.9983751,nan,nan,nan,nan,nan,nan,0.0,0.0,0.0,0.0,0.0,0.0,nan,nan,nan,1,0,0,0
5705064188,5705064183,-0.1726903,0.06320192,-0.19435227,0.003143073,-0.043935135,0.036426343,-0.9983651,nan,nan,nan,nan,nan,nan,0.0,0.0,0.0,0.0,0.0,0.0,nan,nan,nan,1,0,0,0
5705071296,5705071290,-0.17261672,0.06340888,-0.19171052,0.002394799,-0.045082238,0.03555318,-0.9983475,nan,nan,nan,nan,nan,nan,0.0,0.0,0.0,0.0,0.0,0.0,nan,nan,nan,1,0,0,0
5705079706,5705079700,-0.17259844,0.063409396,-0.1889611,0.0019140823,-0.045180507,0.03529356,-0.9983534,nan,nan,nan,nan,nan,nan,0.0,0.0,0.0,0.0,0.0,0.0,nan,nan,nan,1,0,0,0
5705088290,5705088285,-0.17266689,0.062510684,-0.18575118,0.0001846438,-0.049212,0.025344413,-0.9984668,nan,nan,nan,nan,nan,nan,0.0,0.0,0.0,0.0,0.0,0.0,nan,nan,nan,1,0,0,0
5705097593,5705097588,-0.17267433,0.06222916,-0.1825507,0.0013536967,-0.04728061,0.026872557,-0.9985192,nan,nan,nan,nan,nan,nan,0.0,0.0,0.0,0.0,0.0,0.0,nan,nan,nan,1,0,0,0
5705104298,5705104292,-0.17243806,0.06315024,-0.18049827,0.0012515221,-0.04579022,0.036803406,-0.99827206,nan,nan,nan,nan,nan,nan,0.0,0.0,0.0,0.0,0.0,0.0,nan,nan,nan,1,0,0,0
5705113923,5705113918,-0.17259602,0.062218387,-0.17708406,0.00054177525,-0.049004104,0.02551685,-0.99847245,nan,nan,nan,nan,nan,nan,0.0,0.0,0.0,0.0,0.0,0.0,nan,nan,nan,1,0,0,0
5705121302,5705121295,-0.17246446,0.063159,-0.17511041,0.0007710649,-0.046163764,0.03744189,-0.99823165,nan,nan,nan,nan,nan,nan,0.0,0.0,0.0,0.0,0.0,0.0,nan,nan,nan,1,0,0,0
5705130299,5705130293,-0.17267129,0.062204838,-0.1716621,-0.0002624485,-0.04776449,0.024794417,-0.99855083,nan,nan,nan,nan,nan,nan,0.0,0.0,0.0,0.0,0.0,0.0,nan,nan,nan,1,0,0,0
5705137695,5705137690,-0.17253807,0.06292674,-0.16954602,0.0010836567,-0.04554972,0.03615935,-0.9983068,nan,nan,nan,nan,nan,nan,0.0,0.0,0.0,0.0,0.0,0.0,nan,nan,nan,1,0,0,0
5705146116,5705146110,-0.17251503,0.063030384,-0.16684818,0.0013044594,-0.044787064,0.036569525,-0.9983261,nan,nan,nan,nan,nan,nan,0.0,0.0,0.0,0.0,0.0,0.0,nan,nan,nan,1,0,0,0
5705155305,5705155300,-0.17253746,0.062916726,-0.16401303,0.001449601,-0.0448505,0.036282815,-0.9983335,nan,nan,nan,nan,nan,nan,0.0,0.0,0.0,0.0,0.0,0.0,nan,nan,nan,1,0,0,0
5705163603,5705163598,-0.17266813,0.061980497,-0.16049871,0.0009897661,-0.047441334,0.025438646,-0.9985496,nan,nan,nan,nan,nan,nan,0.0,0.0,0.0,0.0,0.0,0.0,nan,nan,nan,1,0,0,0
5705171318,5705171312,-0.17268448,0.06199936,-0.15772754,0.0006533099,-0.047372006,0.025386197,-0.99855447,nan,nan,nan,nan,nan,nan,0.0,0.0,0.0,0.0,0.0,0.0,nan,nan,nan,1,0,0,0
5705179730,5705179723,-0.17257084,0.06289005,-0.15571515,0.0016870057,-0.044911202,0.03752979,-0.99828434,nan,nan,nan,nan,nan,nan,0.0,0.0,0.0,0.0,0.0,0.0,nan,nan,nan,1,0,0,0
5705188332,5705188327,-0.17278807,0.06193936,-0.15213645,0.0007792132,-0.046708103,0.027012,-0.998543,nan,nan,nan,nan,nan,nan,0.0,0.0,0.0,0.0,0.0,0.0,nan,nan,nan,1,0,0,0
5705196296,5705196291,-0.17274764,0.06283876,-0.15009753,0.0014673568,-0.04475046,0.03670437,-0.99832255,nan,nan,nan,nan,nan,nan,0.0,0.0,0.0,0.0,0.0,0.0,nan,nan,nan,1,0,0,0
5705204292,5705204287,-0.17288429,0.061882205,-0.1466836,0.00026948066,-0.047731403,0.026074741,-0.99851984,nan,nan,nan,nan,nan,nan,0.0,0.0,0.0,0.0,0.0,0.0,nan,nan,nan,1,0,0,0
5705213832,5705213826,-0.17280805,0.062905684,-0.1447249,0.0012844809,-0.044492457,0.03641155,-0.99834514,nan,nan,nan,nan,nan,nan,0.0,0.0,0.0,0.0,0.0,0.0,nan,nan,nan,1,0,0,0
5705223661,5705223656,-0.17292419,0.06291266,-0.14185019,0.0016911495,-0.044270232,0.03686521,-0.99833775,nan,nan,nan,nan,nan,nan,0.0,0.0,0.0,0.0,0.0,0.0,nan,nan,nan,1,0,0,0
5705229296,5705229290,-0.17308427,0.06274668,-0.13912722,0.0009913108,-0.04345952,0.036086798,-0.9984028,nan,nan,nan,nan,nan,nan,0.0,0.0,0.0,0.0,0.0,0.0,nan,nan,nan,1,0,0,0
5705238314,5705238308,-0.17300093,0.06272653,-0.13631074,0.0006605837,-0.04442629,0.035845034,-0.99836916,nan,nan,nan,nan,nan,nan,0.0,0.0,0.0,0.0,0.0,0.0,nan,nan,nan,1,0,0,0
5705245940,5705245934,-0.17300868,0.062804684,-0.13361363,0.00030345088,-0.04443181,0.035741042,-0.9983729,nan,nan,nan,nan,nan,nan,0.0,0.0,0.0,0.0,0.0,0.0,nan,nan,nan,1,0,0,0
5705254304,5705254292,-0.17308874,0.06258552,-0.13083294,-0.00023752027,-0.04322406,0.03636603,-0.99840325,nan,nan,nan,nan,nan,nan,0.0,0.0,0.0,0.0,0.0,0.0,nan,nan,nan,1,0,0,0
5705263563,5705263557,-0.17311537,0.06272322,-0.12807614,-0.00066356926,-0.043598805,0.03579505,-0.9984074,nan,nan,nan,nan,nan,nan,0.0,0.0,0.0,0.0,0.0,0.0,nan,nan,nan,1,0,0,0
5705271291,5705271285,-0.17315653,0.06260438,-0.12530734,-0.0013145927,-0.043717913,0.03697339,-0.9983586,nan,nan,nan,nan,nan,nan,0.0,0.0,0.0,0.0,0.0,0.0,nan,nan,nan,1,0,0,0
5705278742,5705278736,-0.17327379,0.062594056,-0.12250095,0.0016787391,0.04374347,-0.036586102,0.99837124,nan,nan,nan,nan,nan,nan,0.0,0.0,0.0,0.0,0.0,0.0,nan,nan,nan,1,0,0,0
5705287415,5705287409,-0.1732955,0.06261503,-0.11985966,0.0027699596,0.044714954,-0.035069123,0.9983802,nan,nan,nan,nan,nan,nan,0.0,0.0,0.0,0.0,0.0,0.0,nan,nan,nan,1,0,0,0
5705296450,5705296445,-0.17332579,0.06257957,-0.117210396,0.003890176,0.044469886,-0.036076818,0.99835145,nan,nan,nan,nan,nan,nan,0.0,0.0,0.0,0.0,0.0,0.0,nan,nan,nan,1,0,0,0
5705304428,5705304423,-0.1734487,0.061859787,-0.11397436,0.0053362628,0.048559565,-0.025187088,0.99848837,nan,nan,nan,nan,nan,nan,0.0,0.0,0.0,0.0,0.0,0.0,nan,nan,nan,1,0,0,0
5705313636,5705313631,-0.17344901,0.06271441,-0.11185481,0.004543017,0.045035448,-0.035512,0.99834365,nan,nan,nan,nan,nan,nan,0.0,0.0,0.0,0.0,0.0,0.0,nan,nan,nan,1,0,0,0
5705321301,5705321295,-0.17343812,0.06267489,-0.10908471,0.005319726,0.045032907,-0.034953423,0.9983596,nan,nan,nan,nan,nan,nan,0.0,0.0,0.0,0.0,0.0,0.0,nan,nan,nan,1,0,0,0
5705333543,5705333538,-0.17353481,0.062641494,-0.10643479,0.005405514,0.04510984,-0.03431145,0.99837804,nan,nan,nan,nan,nan,nan,0.0,0.0,0.0,0.0,0.0,0.0,nan,nan,nan,1,0,0,0
5705337398,5705337393,-0.17360781,0.062686495,-0.10374535,0.005675934,0.0445862,-0.034741815,0.99838513,nan,nan,nan,nan,nan,nan,0.0,0.0,0.0,0.0,0.0,0.0,nan,nan,nan,1,0,0,0
5705345852,5705345847,-0.173695,0.062736265,-0.101123944,0.0056086946,0.044353426,-0.03396817,0.9984225,nan,nan,nan,nan,nan,nan,0.0,0.0,0.0,0.0,0.0,0.0,nan,nan,nan,1,0,0,0
5705355325,5705355320,-0.17377783,0.0627285,-0.09843174,0.005988417,0.044432193,-0.033707164,0.9984256,nan,nan,nan,nan,nan,nan,0.0,0.0,0.0,0.0,0.0,0.0,nan,nan,nan,1,0,0,0
5705363442,5705363436,-0.17374673,0.06286809,-0.09572933,0.0061781835,0.04582258,-0.033675253,0.9983627,nan,nan,nan,nan,nan,nan,0.0,0.0,0.0,0.0,0.0,0.0,nan,nan,nan,1,0,0,0
5705371289,5705371284,-0.17390229,0.062909156,-0.09297605,0.006214777,0.04428186,-0.033545583,0.99843633,nan,nan,nan,nan,nan,nan,0.0,0.0,0.0,0.0,0.0,0.0,nan,nan,nan,1,0,0,0
5705379334,5705379329,-0.17406963,0.06264273,-0.090391055,0.0064511104,0.044363864,-0.031178845,0.998508,nan,nan,nan,nan,nan,nan,0.0,0.0,0.0,0.0,0.0,0.0,nan,nan,nan,1,0,0,0
5705388297,5705388291,-0.17398891,0.06284716,-0.08778636,0.006332276,0.045220844,-0.032318275,0.99843407,nan,nan,nan,nan,nan,nan,0.0,0.0,0.0,0.0,0.0,0.0,nan,nan,nan,1,0,0,0
5705396293,5705396287,-0.17399117,0.063370086,-0.08470458,0.005932046,0.048883274,-0.03369767,0.99821824,nan,nan,nan,nan,nan,nan,0.0,0.0,0.0,0.0,0.0,0.0,nan,nan,nan,1,0,0,0
5705405335,5705405330,-0.17407987,0.063201636,-0.082191035,0.0061831735,0.048984796,-0.03181336,0.9982736,nan,nan,nan,nan,nan,nan,0.0,0.0,0.0,0.0,0.0,0.0,nan,nan,nan,1,0,0,0
5705413519,5705413514,-0.17413446,0.06290782,-0.07964325,0.006892754,0.046592392,-0.029775662,0.9984462,nan,nan,nan,nan,nan,nan,0.0,0.0,0.0,0.0,0.0,0.0,nan,nan,nan,1,0,0,0
5705421297,5705421292,-0.17410171,0.063209094,-0.076857924,0.007163732,0.04964445,-0.0335395,0.998178,nan,nan,nan,nan,nan,nan,0.0,0.0,0.0,0.0,0.0,0.0,nan,nan,nan,1,0,0,0
5705429297,5705429291,-0.17413673,0.06314719,-0.07414539,0.0073720017,0.048848327,-0.031742886,0.99827445,nan,nan,nan,nan,nan,nan,0.0,0.0,0.0,0.0,0.0,0.0,nan,nan,nan,1,0,0,0
5705437297,5705437291,-0.1742809,0.06301649,-0.071597196,0.0081384415,0.048283134,-0.03159288,0.9983008,nan,nan,nan,nan,nan,nan,0.0,0.0,0.0,0.0,0.0,0.0,nan,nan,nan,1,0,0,0
5705445664,5705445658,-0.17433865,0.06264637,-0.06868411,0.009486386,0.053372,-0.026605997,0.9981751,nan,nan,nan,nan,nan,nan,0.0,0.0,0.0,0.0,0.0,0.0,nan,nan,nan,1,0,0,0
5705467163,5705467157,-0.17456369,0.06216778,-0.065591164,0.009264258,0.052839752,-0.020687832,0.99834573,nan,nan,nan,nan,nan,nan,0.0,0.0,0.0,0.0,0.0,0.0,nan,nan,nan,1,0,0,0
5705469289,5705469284,-0.17454882,0.062493484,-0.063458726,0.00996017,0.05251262,-0.026583422,0.9982167,nan,nan,nan,nan,nan,nan,0.0,0.0,0.0,0.0,0.0,0.0,nan,nan,nan,1,0,0,0
5705473179,5705473174,-0.1746419,0.062112328,-0.060354456,0.009522935,0.054027528,-0.020771956,0.9982779,nan,nan,nan,nan,nan,nan,0.0,0.0,0.0,0.0,0.0,0.0,nan,nan,nan,1,0,0,0
5705479962,5705479956,-0.17461395,0.062096193,-0.05778314,0.009995701,0.054056954,-0.021582196,0.9982546,nan,nan,nan,nan,nan,nan,0.0,0.0,0.0,0.0,0.0,0.0,nan,nan,nan,1,0,0,0
5705488347,5705488340,-0.17465067,0.062155828,-0.055197928,0.009090988,0.05551752,-0.021456072,0.99818575,nan,nan,nan,nan,nan,nan,0.0,0.0,0.0,0.0,0.0,0.0,nan,nan,nan,1,0,0,0
5705496296,5705496290,-0.17459732,0.0619587,-0.053036388,0.012983351,0.048487358,-0.024065103,0.99844944,nan,nan,nan,nan,nan,nan,0.0,0.0,0.0,0.0,0.0,0.0,nan,nan,nan,1,0,0,0
5705505418,5705505412,-0.17462727,0.061784793,-0.05066985,0.012718438,0.05010728,-0.02274296,0.9984039,nan,nan,nan,nan,nan,nan,0.0,0.0,0.0,0.0,0.0,0.0,nan,nan,nan,1,0,0,0
5705513298,5705513293,-0.17466213,0.061944883,-0.048062548,0.012655038,0.048952118,-0.023830716,0.9984366,nan,nan,nan,nan,nan,nan,0.0,0.0,0.0,0.0,0.0,0.0,nan,nan,nan,1,0,0,0
5705521334,5705521299,-0.1747559,0.061917804,-0.04560037,0.013475233,0.049553018,-0.02381267,0.99839664,nan,nan,nan,nan,nan,nan,0.0,0.0,0.0,0.0,0.0,0.0,nan,nan,nan,1,0,0,0
5705528297,5705528290,-0.17483154,0.061715115,-0.04311631,0.013591129,0.0495511,-0.021304423,0.99845177,nan,nan,nan,nan,nan,nan,0.0,0.0,0.0,0.0,0.0,0.0,nan,nan,nan,1,0,0,0
5705538312,5705538307,-0.17487118,0.0621943,-0.04102345,0.012801288,0.04979896,-0.02625686,0.998332,nan,nan,nan,nan,nan,nan,0.0,0.0,0.0,0.0,0.0,0.0,nan,nan,nan,1,0,0,0
5705546347,5705546342,-0.17514965,0.06133852,-0.03760612,0.012493742,0.046780143,-0.023115559,0.9985596,nan,nan,nan,nan,nan,nan,0.0,0.0,0.0,0.0,0.0,0.0,nan,nan,nan,1,0,0,0
5705554304,5705554299,-0.17504609,0.06185657,-0.035882697,0.012856315,0.047066152,-0.028856164,0.99839216,nan,nan,nan,nan,nan,nan,0.0,0.0,0.0,0.0,0.0,0.0,nan,nan,nan,1,0,0,0
5705574291,5705574285,-0.17512882,0.061412778,-0.03063301,0.014327892,0.045088436,-0.025425218,0.9985566,nan,nan,nan,nan,nan,nan,0.0,0.0,0.0,0.0,0.0,0.0,nan,nan,nan,1,0,0,0
5705580008,5705579974,-0.17508708,0.061820097,-0.028759263,0.013766112,0.04771257,-0.028136969,0.9983699,nan,nan,nan,nan,nan,nan,0.0,0.0,0.0,0.0,0.0,0.0,nan,nan,nan,1,0,0,0
5705588297,5705588292,-0.17523485,0.06134375,-0.026073188,0.014219057,0.045534115,-0.0245854,0.99855894,nan,nan,nan,nan,nan,nan,0.0,0.0,0.0,0.0,0.0,0.0,nan,nan,nan,1,0,0,0
5705597296,5705597291,-0.1751923,0.061813112,-0.0242812,0.013566836,0.047304884,-0.028965423,0.9983683,nan,nan,nan,nan,nan,nan,0.0,0.0,0.0,0.0,0.0,0.0,nan,nan,nan,1,0,0,0
5705604292,5705604287,-0.17546837,0.06131447,-0.02155585,0.013737598,0.04479508,-0.024882331,0.9985918,nan,nan,nan,nan,nan,nan,0.0,0.0,0.0,0.0,0.0,0.0,nan,nan,nan,1,0,0,0
5705613223,5705613218,-0.17565574,0.061133154,-0.019359805,0.013426376,0.044979807,-0.02329541,0.99862593,nan,nan,nan,nan,nan,nan,0.0,0.0,0.0,0.0,0.0,0.0,nan,nan,nan,1,0,0,0
5705621290,5705621285,-0.17553048,0.06126025,-0.017277937,0.014187946,0.045847964,-0.025821142,0.99851394,nan,nan,nan,nan,nan,nan,0.0,0.0,0.0,0.0,0.0,0.0,nan,nan,nan,1,0,0,0
5705630329,5705630296,-0.17552556,0.06124249,-0.015074355,0.014470301,0.04664498,-0.02509481,0.99849147,nan,nan,nan,nan,nan,nan,0.0,0.0,0.0,0.0,0.0,0.0,nan,nan,nan,1,0,0,0
5705640294,5705640289,-0.17551412,0.061567023,-0.013571279,0.014522931,0.04782827,-0.029038278,0.99832773,nan,nan,nan,nan,nan,nan,0.0,0.0,0.0,0.0,0.0,0.0,nan,nan,nan,1,0,0,0
5705646260,5705646254,-0.17559715,0.061528586,-0.010865314,0.014301343,0.05089113,-0.02176473,0.99836457,nan,nan,nan,nan,nan,nan,0.0,0.0,0.0,0.0,0.0,0.0,nan,nan,nan,1,0,0,0
5705654351,5705654345,-0.17569265,0.061371297,-0.0088835955,0.013974004,0.048114985,-0.024369556,0.99844676,nan,nan,nan,nan,nan,nan,0.0,0.0,0.0,0.0,0.0,0.0,nan,nan,nan,1,0,0,0
5705663352,5705663347,-0.17560723,0.062021594,-0.007433901,0.013422359,0.05405757,-0.025258275,0.9981281,nan,nan,nan,nan,nan,nan,0.0,0.0,0.0,0.0,0.0,0.0,nan,nan,nan,1,0,0,0
5705673069,5705673064,-0.1756927,0.06188548,-0.005548048,0.014158364,0.05222621,-0.025792364,0.9982017,nan,nan,nan,nan,nan,nan,0.0,0.0,0.0,0.0,0.0,0.0,nan,nan,nan,1,0,0,0
5705679084,5705679079,-0.17592394,0.061339933,-0.0032410237,0.01343904,0.049514815,-0.02366126,0.99840266,nan,nan,nan,nan,nan,nan,0.0,0.0,0.0,0.0,0.0,0.0,nan,nan,nan,1,0,0,0
5705688293,5705688287,-0.17566752,0.062139437,-0.0018971036,0.014569371,0.054910034,-0.024115665,0.9980937,nan,nan,nan,nan,nan,nan,0.0,0.0,0.0,0.0,0.0,0.0,nan,nan,nan,1,0,0,0
5705696946,5705696941,-0.17587185,0.061236184,0.00031426083,0.015568654,0.049345028,-0.023833953,0.9983761,nan,nan,nan,nan,nan,nan,0.0,0.0,0.0,0.0,0.0,0.0,nan,nan,nan,1,0,0,0
5705704291,5705704286,-0.17596468,0.061491415,0.0019705652,0.014082177,0.049527366,-0.023699235,0.9983923,nan,nan,nan,nan,nan,nan,0.0,0.0,0.0,0.0,0.0,0.0,nan,nan,nan,1,0,0,0
5705712826,5705712821,-0.17599523,0.06200212,0.0032538641,0.014458846,0.05266829,-0.024068048,0.9982173,nan,nan,nan,nan,nan,nan,0.0,0.0,0.0,0.0,0.0,0.0,nan,nan,nan,1,0,0,0
5705722830,5705722825,-0.17624298,0.06133481,0.0053385976,0.014379039,0.04707441,-0.024503669,0.99848723,nan,nan,nan,nan,nan,nan,0.0,0.0,0.0,0.0,0.0,0.0,nan,nan,nan,1,0,0,0
5705730290,5705730285,-0.17628036,0.061526015,0.0069529256,0.014166649,0.049118064,-0.022764323,0.998433,nan,nan,nan,nan,nan,nan,0.0,0.0,0.0,0.0,0.0,0.0,nan,nan,nan,1,0,0,0
5705737329,5705737324,-0.1762953,0.061876737,0.008061754,0.0155234,0.051735066,-0.025678623,0.99820995,nan,nan,nan,nan,nan,nan,0.0,0.0,0.0,0.0,0.0,0.0,nan,nan,nan,1,0,0,0
5705746137,5705746132,-0.17648926,0.06136023,0.010011565,0.014777278,0.048145507,-0.024521716,0.9984299,nan,nan,nan,nan,nan,nan,0.0,0.0,0.0,0.0,0.0,0.0,nan,nan,nan,1,0,0,0
5705755301,5705755296,-0.17665642,0.061493855,0.0115569355,0.015059585,0.04753384,-0.023665372,0.9984757,nan,nan,nan,nan,nan,nan,0.0,0.0,0.0,0.0,0.0,0.0,nan,nan,nan,1,0,0,0
5705765294,5705765289,-0.17669208,0.061015345,0.01274841,0.017277237,0.04322114,-0.023710344,0.99863464,nan,nan,nan,nan,nan,nan,0.0,0.0,0.0,0.0,0.0,0.0,nan,nan,nan,1,0,0,0
5705772938,5705772906,-0.1767776,0.061077695,0.014151798,0.016613187,0.04359071,-0.025135336,0.99859506,nan,nan,nan,nan,nan,nan,0.0,0.0,0.0,0.0,0.0,0.0,nan,nan,nan,1,0,0,0
5705778957,5705778951,-0.17680019,0.061161853,0.015635263,0.017305601,0.04513744,-0.025728587,0.99849945,nan,nan,nan,nan,nan,nan,0.0,0.0,0.0,0.0,0.0,0.0,nan,nan,nan,1,0,0,0
5705788301,5705788296,-0.17685418,0.061401796,0.016503166,0.016695285,0.04548994,-0.028825082,0.9984092,nan,nan,nan,nan,nan,nan,0.0,0.0,0.0,0.0,0.0,0.0,nan,nan,nan,1,0,0,0
5705797302,5705797287,-0.17689681,0.061017122,0.018253839,0.017888114,0.044446014,-0.024672564,0.9985469,nan,nan,nan,nan,nan,nan,0.0,0.0,0.0,0.0,0.0,0.0,nan,nan,nan,1,0,0,0
5705806676,5705806670,-0.17684898,0.0611124,0.019458652,0.018592952,0.04493682,-0.024896033,0.99850655,nan,nan,nan,nan,nan,nan,0.0,0.0,0.0,0.0,0.0,0.0,nan,nan,nan,1,0,0,0
5705813212,5705813207,-0.17683846,0.061515927,0.020341756,0.01841378,0.046617538,-0.029166004,0.9983172,nan,nan,nan,nan,nan,nan,0.0,0.0,0.0,0.0,0.0,0.0,nan,nan,nan,1,0,0,0
5705820303,5705820298,-0.17690687,0.061479066,0.021505447,0.018876756,0.04548729,-0.029869787,0.9983398,nan,nan,nan,nan,nan,nan,0.0,0.0,0.0,0.0,0.0,0.0,nan,nan,nan,1,0,0,0
5705829298,5705829291,-0.17703812,0.06097667,0.023243302,0.019508358,0.044142812,-0.02558591,0.998507,nan,nan,nan,nan,nan,nan,0.0,0.0,0.0,0.0,0.0,0.0,nan,nan,nan,1,0,0,0
5705837294,5705837289,-0.17710555,0.06093058,0.024480546,0.019859282,0.044348754,-0.026206028,0.99847484,nan,nan,nan,nan,nan,nan,0.0,0.0,0.0,0.0,0.0,0.0,nan,nan,nan,1,0,0,0
5705846044,5705846039,-0.17712286,0.061313376,0.025187384,0.01972401,0.04573512,-0.029495647,0.9983232,nan,nan,nan,nan,nan,nan,0.0,0.0,0.0,0.0,0.0,0.0,nan,nan,nan,1,0,0,0
5705856694,5705856689,-0.17724156,0.06084289,0.026654711,0.020478873,0.044346165,-0.025239931,0.9984873,nan,nan,nan,nan,nan,nan,0.0,0.0,0.0,0.0,0.0,0.0,nan,nan,nan,1,0,0,0
5705863299,5705863294,-0.17724006,0.06088734,0.027692435,0.02026068,0.044483397,-0.025295459,0.9984843,nan,nan,nan,nan,nan,nan,0.0,0.0,0.0,0.0,0.0,0.0,nan,nan,nan,1,0,0,0
5705872532,5705872527,-0.17724197,0.06125968,0.02823483,0.019996809,0.045632794,-0.029920977,0.99830985,nan,nan,nan,nan,nan,nan,0.0,0.0,0.0,0.0,0.0,0.0,nan,nan,nan,1,0,0,0
5705879423,5705879418,-0.17739794,0.06091956,0.029726973,0.020186536,0.044157185,-0.02586147,0.9984858,nan,nan,nan,nan,nan,nan,0.0,0.0,0.0,0.0,0.0,0.0,nan,nan,nan,1,0,0,0
5705888413,5705888408,-0.17737712,0.061336685,0.030128518,0.02012386,0.04521461,-0.02961112,0.9983355,nan,nan,nan,nan,nan,nan,0.0,0.0,0.0,0.0,0.0,0.0,nan,nan,nan,1,0,0,0
5705896505,5705896500,-0.1774548,0.061381746,0.030895457,0.020163596,0.044778638,-0.030157825,0.998338,nan,nan,nan,nan,nan,nan,0.0,0.0,0.0,0.0,0.0,0.0,nan,nan,nan,1,0,0,0
5705905291,5705905286,-0.17747593,0.061421603,0.03169667,0.020585041,0.04569413,-0.0300239,0.99829197,nan,nan,nan,nan,nan,nan,0.0,0.0,0.0,0.0,0.0,0.0,nan,nan,nan,1,0,0,0
5705913040,5705913034,-0.17750856,0.06098449,0.03304244,0.023583569,0.046117336,-0.025212623,0.99833924,nan,nan,nan,nan,nan,nan,0.0,0.0,0.0,0.0,0.0,0.0,nan,nan,nan,1,0,0,0
5705922492,5705922487,-0.17766534,0.061025213,0.03387386,0.023187751,0.045287024,-0.025630068,0.9983759,nan,nan,nan,nan,nan,nan,0.0,0.0,0.0,0.0,0.0,0.0,nan,nan,nan,1,0,0,0
5705929304,5705929298,-0.17778623,0.061057642,0.034594726,0.02349417,0.045062996,-0.025068311,0.9983932,nan,nan,nan,nan,nan,nan,0.0,0.0,0.0,0.0,0.0,0.0,nan,nan,nan,1,0,0,0
5705938336,5705938331,-0.1779123,0.06102866,0.035171095,0.023519855,0.044268936,-0.024312656,0.9984468,nan,nan,nan,nan,nan,nan,0.0,0.0,0.0,0.0,0.0,0.0,nan,nan,nan,1,0,0,0
5705945177,5705945172,-0.17801724,0.061011694,0.035689212,0.023289865,0.0438179,-0.024612883,0.99846476,nan,nan,nan,nan,nan,nan,0.0,0.0,0.0,0.0,0.0,0.0,nan,nan,nan,1,0,0,0
5705954301,5705954296,-0.17823265,0.06129394,0.036394786,0.022585332,0.04592276,-0.023897378,0.99840367,nan,nan,nan,nan,nan,nan,0.0,0.0,0.0,0.0,0.0,0.0,nan,nan,nan,1,0,0,0
5705963338,5705963327,-0.17837948,0.06126889,0.036750395,0.022725511,0.045193013,-0.02437418,0.99842227,nan,nan,nan,nan,nan,nan,0.0,0.0,0.0,0.0,0.0,0.0,nan,nan,nan,1,0,0,0
5705972790,5705972784,-0.17842449,0.06127242,0.037014253,0.023746278,0.046057023,-0.02400668,0.99836797,nan,nan,nan,nan,nan,nan,0.0,0.0,0.0,0.0,0.0,0.0,nan,nan,nan,1,0,0,0
5705980599,5705980593,-0.17842484,0.061874513,0.03668849,0.024350034,0.050607454,-0.025313854,0.9981008,nan,nan,nan,nan,nan,nan,0.0,0.0,0.0,0.0,0.0,0.0,nan,nan,nan,1,0,0,0
5705988299,5705988293,-0.178489,0.061899636,0.036733136,0.024707465,0.050578304,-0.02539404,0.9980914,nan,nan,nan,nan,nan,nan,0.0,0.0,0.0,0.0,0.0,0.0,nan,nan,nan,1,0,0,0
5705996570,5705996565,-0.17852598,0.061906353,0.03669929,0.025005493,0.050500505,-0.02523443,0.998092,nan,nan,nan,nan,nan,nan,0.0,0.0,0.0,0.0,0.0,0.0,nan,nan,nan,1,0,0,0
5706005396,5706005391,-0.17852454,0.06195095,0.036588892,0.025039379,0.05078672,-0.02499227,0.99808276,nan,nan,nan,nan,nan,nan,0.0,0.0,0.0,0.0,0.0,0.0,nan,nan,nan,1,0,0,0
5706012762,5706012757,-0.17854595,0.061921556,0.036421116,0.02509835,0.050498627,-0.024801055,0.99810064,nan,nan,nan,nan,nan,nan,0.0,0.0,0.0,0.0,0.0,0.0,nan,nan,nan,1,0,0,0
5706022657,5706022652,-0.17854011,0.06192557,0.036147963,0.025017843,0.05076203,-0.024474937,0.99809736,nan,nan,nan,nan,nan,nan,0.0,0.0,0.0,0.0,0.0,0.0,nan,nan,nan,1,0,0,0
5706030442,5706030436,-0.17853083,0.06190058,0.035846774,0.024327457,0.050133914,-0.025014667,0.9981328,nan,nan,nan,nan,nan,nan,0.0,0.0,0.0,0.0,0.0,0.0,nan,nan,nan,1,0,0,0
5706038300,5706038295,-0.17853443,0.06131573,0.035947777,0.024259588,0.046442267,-0.023341116,0.99835354,nan,nan,nan,nan,nan,nan,0.0,0.0,0.0,0.0,0.0,0.0,nan,nan,nan,1,0,0,0
5706045718,5706045712,-0.17844635,0.061323915,0.035496682,0.024432883,0.04725069,-0.023042627,0.9983183,nan,nan,nan,nan,nan,nan,0.0,0.0,0.0,0.0,0.0,0.0,nan,nan,nan,1,0,0,0
5706054520,5706054332,-0.17834806,0.06134019,0.034964774,0.024467312,0.047687043,-0.023146683,0.9982943,nan,nan,nan,nan,nan,nan,0.0,0.0,0.0,0.0,0.0,0.0,nan,nan,nan,1,0,0,0
5706062642,5706062637,-0.17817037,0.061822906,0.033956278,0.02432873,0.051386386,-0.02550846,0.99805665,nan,nan,nan,nan,nan,nan,0.0,0.0,0.0,0.0,0.0,0.0,nan,nan,nan,1,0,0,0
5706072015,5706072010,-0.17818625,0.061251108,0.03376957,0.0244316,0.047102533,-0.02413851,0.99829954,nan,nan,nan,nan,nan,nan,0.0,0.0,0.0,0.0,0.0,0.0,nan,nan,nan,1,0,0,0
5706078655,5706078649,-0.17802197,0.061205685,0.033059154,0.024841534,0.047961652,-0.02331474,0.998268,nan,nan,nan,nan,nan,nan,0.0,0.0,0.0,0.0,0.0,0.0,nan,nan,nan,1,0,0,0
5706088432,5706088427,-0.17792535,0.061753385,0.031743947,0.023399694,0.05247718,-0.02541176,0.99802446,nan,nan,nan,nan,nan,nan,0.0,0.0,0.0,0.0,0.0,0.0,nan,nan,nan,1,0,0,0
5706096464,5706096458,-0.17781894,0.061795875,0.030799288,0.023094973,0.05298493,-0.024966147,0.998016,nan,nan,nan,nan,nan,nan,0.0,0.0,0.0,0.0,0.0,0.0,nan,nan,nan,1,0,0,0
5706104287,5706104282,-0.1777852,0.061783615,0.029860798,0.023462107,0.053037185,-0.02491647,0.99800587,nan,nan,nan,nan,nan,nan,0.0,0.0,0.0,0.0,0.0,0.0,nan,nan,nan,1,0,0,0
5706113220,5706113215,-0.17777406,0.06115546,0.029264249,0.024627231,0.046335198,-0.024241393,0.9983281,nan,nan,nan,nan,nan,nan,0.0,0.0,0.0,0.0,0.0,0.0,nan,nan,nan,1,0,0,0
5706121951,5706121946,-0.17776541,0.061213776,0.028103594,0.024989517,0.047399465,-0.024094984,0.9982726,nan,nan,nan,nan,nan,nan,0.0,0.0,0.0,0.0,0.0,0.0,nan,nan,nan,1,0,0,0
5706130296,5706130290,-0.17771792,0.061291076,0.027036438,0.025100408,0.048067633,-0.023477538,0.99825263,nan,nan,nan,nan,nan,nan,0.0,0.0,0.0,0.0,0.0,0.0,nan,nan,nan,1,0,0,0
5706137292,5706137286,-0.17760925,0.06178526,0.02539062,0.025247917,0.052129842,-0.025891658,0.99798524,nan,nan,nan,nan,nan,nan,0.0,0.0,0.0,0.0,0.0,0.0,nan,nan,nan,1,0,0,0
5706146849,5706146844,-0.17768288,0.061245173,0.024591137,0.0254885,0.04771469,-0.02423432,0.9982416,nan,nan,nan,nan,nan,nan,0.0,0.0,0.0,0.0,0.0,0.0,nan,nan,nan,1,0,0,0
5706154327,5706154321,-0.17759274,0.061807256,0.022700304,0.02548103,0.050846063,-0.02651146,0.9980293,nan,nan,nan,nan,nan,nan,0.0,0.0,0.0,0.0,0.0,0.0,nan,nan,nan,1,0,0,0
5706163354,5706163349,-0.17757274,0.061861243,0.02143754,0.025552137,0.05275913,-0.0256459,0.99795085,nan,nan,nan,nan,nan,nan,0.0,0.0,0.0,0.0,0.0,0.0,nan,nan,nan,1,0,0,0
5706171913,5706171907,-0.17755802,0.06175529,0.019987613,0.025959829,0.052085564,-0.026385147,0.9979564,nan,nan,nan,nan,nan,nan,0.0,0.0,0.0,0.0,0.0,0.0,nan,nan,nan,1,0,0,0
5706179854,5706179848,-0.17762995,0.061198268,0.019038418,0.026399119,0.04697766,-0.024225667,0.9982531,nan,nan,nan,nan,nan,nan,0.0,0.0,0.0,0.0,0.0,0.0,nan,nan,nan,1,0,0,0
5706187299,5706187294,-0.17751178,0.061875876,0.017112419,0.026546327,0.051940583,-0.025713531,0.9979661,nan,nan,nan,nan,nan,nan,0.0,0.0,0.0,0.0,0.0,0.0,nan,nan,nan,1,0,0,0
5706197292,5706197287,-0.17755689,0.061260242,0.016164085,0.02687055,0.04772998,-0.023975233,0.9982109,nan,nan,nan,nan,nan,nan,0.0,0.0,0.0,0.0,0.0,0.0,nan,nan,nan,1,0,0,0
5706204306,5706204301,-0.17748791,0.061228823,0.014627714,0.02711081,0.04707566,-0.024414914,0.99822485,nan,nan,nan,nan,nan,nan,0.0,0.0,0.0,0.0,0.0,0.0,nan,nan,nan,1,0,0,0
5706212822,5706212817,-0.17742816,0.061325718,0.013139188,0.027088381,0.04735402,-0.02535386,0.99818885,nan,nan,nan,nan,nan,nan,0.0,0.0,0.0,0.0,0.0,0.0,nan,nan,nan,1,0,0,0
5706221776,5706221771,-0.17750055,0.061243795,0.011618282,0.026257036,0.049036644,-0.022860013,0.99819005,nan,nan,nan,nan,nan,nan,0.0,0.0,0.0,0.0,0.0,0.0,nan,nan,nan,1,0,0,0
5706230295,5706230289,-0.17748383,0.061213568,0.009970937,0.026426308,0.048154812,-0.022065485,0.9982464,nan,nan,nan,nan,nan,nan,0.0,0.0,0.0,0.0,0.0,0.0,nan,nan,nan,1,0,0,0
5706237290,5706237284,-0.17724536,0.061957642,0.007505129,0.027454415,0.053113647,-0.025614172,0.9978823,nan,nan,nan,nan,nan,nan,0.0,0.0,0.0,0.0,0.0,0.0,nan,nan,nan,1,0,0,0
5706246288,5706246283,-0.17722458,0.06170591,0.0062694163,0.027617494,0.051919606,-0.021867158,0.9980298,nan,nan,nan,nan,nan,nan,0.0,0.0,0.0,0.0,0.0,0.0,nan,nan,nan,1,0,0,0
5706253301,5706253296,-0.1771164,0.061719928,0.0045592696,0.027611649,0.052202333,-0.02258967,0.99799913,nan,nan,nan,nan,nan,nan,0.0,0.0,0.0,0.0,0.0,0.0,nan,nan,nan,1,0,0,0
5706264455,5706264450,-0.17702284,0.061967753,0.0026102948,0.028075138,0.05245254,-0.026314044,0.99788177,nan,nan,nan,nan,nan,nan,0.0,0.0,0.0,0.0,0.0,0.0,nan,nan,nan,1,0,0,0
5706272691,5706272686,-0.17697437,0.06168219,0.0012424206,0.027817145,0.051833615,-0.0221997,0.99802136,nan,nan,nan,nan,nan,nan,0.0,0.0,0.0,0.0,0.0,0.0,nan,nan,nan,1,0,0,0
5706282350,5706282345,-0.17688084,0.06171333,-0.00051039224,0.02798252,0.052067213,-0.023676593,0.9979707,nan,nan,nan,nan,nan,nan,0.0,0.0,0.0,0.0,0.0,0.0,nan,nan,nan,1,0,0,0
5706289303,5706289298,-0.1767631,0.06193594,-0.0025560115,0.028360266,0.052477993,-0.026266022,0.99787366,nan,nan,nan,nan,nan,nan,0.0,0.0,0.0,0.0,0.0,0.0,nan,nan,nan,1,0,0,0
5706297293,5706297287,-0.17667034,0.06162734,-0.0038499415,0.028679486,0.05207468,-0.02288144,0.99796903,nan,nan,nan,nan,nan,nan,0.0,0.0,0.0,0.0,0.0,0.0,nan,nan,nan,1,0,0,0
5706306291,5706306286,-0.17675917,0.06156355,-0.0056514973,0.027056135,0.053649567,-0.02253469,0.9979389,nan,nan,nan,nan,nan,nan,0.0,0.0,0.0,0.0,0.0,0.0,nan,nan,nan,1,0,0,0
5706312550,5706312545,-0.17671497,0.061535742,-0.007400688,0.027068887,0.05270478,-0.022147976,0.9979975,nan,nan,nan,nan,nan,nan,0.0,0.0,0.0,0.0,0.0,0.0,nan,nan,nan,1,0,0,0
5706322558,5706322551,-0.1765917,0.06156809,-0.009127487,0.026905986,0.052619446,-0.022434484,0.998,nan,nan,nan,nan,nan,nan,0.0,0.0,0.0,0.0,0.0,0.0,nan,nan,nan,1,0,0,0
5706330387,5706330381,-0.17647512,0.06166674,-0.01099432,0.027235707,0.051682334,-0.025268592,0.99797225,nan,nan,nan,nan,nan,nan,0.0,0.0,0.0,0.0,0.0,0.0,nan,nan,nan,1,0,0,0
5706338301,5706338295,-0.17625578,0.061589133,-0.013412855,0.027406221,0.047557913,-0.028912045,0.9980739,nan,nan,nan,nan,nan,nan,0.0,0.0,0.0,0.0,0.0,0.0,nan,nan,nan,1,0,0,0
5706347234,5706347229,-0.1762057,0.061308917,-0.015010195,0.027502462,0.047948755,-0.025443263,0.9981469,nan,nan,nan,nan,nan,nan,0.0,0.0,0.0,0.0,0.0,0.0,nan,nan,nan,1,0,0,0
5706356308,5706356300,-0.17597172,0.061295833,-0.016929112,0.027161606,0.048291404,-0.024966815,0.9981517,nan,nan,nan,nan,nan,nan,0.0,0.0,0.0,0.0,0.0,0.0,nan,nan,nan,1,0,0,0
5706365325,5706365319,-0.17590445,0.061660927,-0.019146368,0.025139617,0.048081074,-0.028522179,0.99811953,nan,nan,nan,nan,nan,nan,0.0,0.0,0.0,0.0,0.0,0.0,nan,nan,nan,1,0,0,0
5706409370,5706409365,-0.17555252,0.061323054,-0.02685533,0.021624574,0.048695836,-0.0242774,0.9982844,nan,nan,nan,nan,nan,nan,0.0,0.0,0.0,0.0,0.0,0.0,nan,nan,nan,1,0,0,0
5706411802,5706411797,-0.17534101,0.06144401,-0.029025475,0.021037884,0.047671597,-0.025319181,0.99832046,nan,nan,nan,nan,nan,nan,0.0,0.0,0.0,0.0,0.0,0.0,nan,nan,nan,1,0,0,0
5706415295,5706415290,-0.17520946,0.06142035,-0.031040378,0.020085363,0.048127744,-0.025366578,0.99831706,nan,nan,nan,nan,nan,nan,0.0,0.0,0.0,0.0,0.0,0.0,nan,nan,nan,1,0,0,0
5706422738,5706422732,-0.17506325,0.0618468,-0.03348519,0.018067759,0.048524894,-0.027914906,0.9982683,nan,nan,nan,nan,nan,nan,0.0,0.0,0.0,0.0,0.0,0.0,nan,nan,nan,1,0,0,0
5706429884,5706429879,-0.17495835,0.061482944,-0.035233103,0.01774607,0.04808825,-0.02544944,0.9983611,nan,nan,nan,nan,nan,nan,0.0,0.0,0.0,0.0,0.0,0.0,nan,nan,nan,1,0,0,0
5706438325,5706438319,-0.1748934,0.061399452,-0.03734594,0.015799863,0.048664775,-0.023771081,0.99840724,nan,nan,nan,nan,nan,nan,0.0,0.0,0.0,0.0,0.0,0.0,nan,nan,nan,1,0,0,0
5706447296,5706447291,-0.17482537,0.061706103,-0.039054666,0.013399807,0.052854784,-0.022250883,0.9982643,nan,nan,nan,nan,nan,nan,0.0,0.0,0.0,0.0,0.0,0.0,nan,nan,nan,1,0,0,0
5706455291,5706455286,-0.17454399,0.062017247,-0.04161255,0.012625641,0.051214088,-0.027974967,0.9982159,nan,nan,nan,nan,nan,nan,0.0,0.0,0.0,0.0,0.0,0.0,nan,nan,nan,1,0,0,0
5706463354,5706463349,-0.17443319,0.0617266,-0.043363903,0.011258209,0.05087913,-0.024126787,0.99834985,nan,nan,nan,nan,nan,nan,0.0,0.0,0.0,0.0,0.0,0.0,nan,nan,nan,1,0,0,0
5706472314,5706472309,-0.1742697,0.061705038,-0.045602597,0.010310875,0.05181128,-0.024522103,0.9983026,nan,nan,nan,nan,nan,nan,0.0,0.0,0.0,0.0,0.0,0.0,nan,nan,nan,1,0,0,0
5706481690,5706481685,-0.1741971,0.06178558,-0.047728624,0.00796368,0.05133897,-0.024378806,0.99835193,nan,nan,nan,nan,nan,nan,0.0,0.0,0.0,0.0,0.0,0.0,nan,nan,nan,1,0,0,0
5706488294,5706488289,-0.17407908,0.06178184,-0.049889695,0.006642254,0.051249333,-0.024594601,0.99836093,nan,nan,nan,nan,nan,nan,0.0,0.0,0.0,0.0,0.0,0.0,nan,nan,nan,1,0,0,0
5706496435,5706496429,-0.17400236,0.061906643,-0.05211291,0.0055814376,0.051510055,-0.024960946,0.9983449,nan,nan,nan,nan,nan,nan,0.0,0.0,0.0,0.0,0.0,0.0,nan,nan,nan,1,0,0,0
5706505912,5706505860,-0.1739656,0.06176713,-0.05420885,0.0033273967,0.053476837,-0.022906201,0.9983008,nan,nan,nan,nan,nan,nan,0.0,0.0,0.0,0.0,0.0,0.0,nan,nan,nan,1,0,0,0
5706513296,5706513291,-0.17378825,0.061879773,-0.05647886,0.0022486113,0.051390152,-0.023388257,0.99840224,nan,nan,nan,nan,nan,nan,0.0,0.0,0.0,0.0,0.0,0.0,nan,nan,nan,1,0,0,0
5706521700,5706521694,-0.17365374,0.061882425,-0.058617823,0.0015203741,0.05172187,-0.02561714,0.9983318,nan,nan,nan,nan,nan,nan,0.0,0.0,0.0,0.0,0.0,0.0,nan,nan,nan,1,0,0,0
5706529721,5706529716,-0.17354874,0.061885666,-0.060869202,-0.00022891119,-0.0517974,0.023925953,-0.9983709,nan,nan,nan,nan,nan,nan,0.0,0.0,0.0,0.0,0.0,0.0,nan,nan,nan,1,0,0,0
5706538301,5706538295,-0.17347427,0.06193473,-0.06306436,0.0006418552,-0.051562145,0.02504916,-0.9983553,nan,nan,nan,nan,nan,nan,0.0,0.0,0.0,0.0,0.0,0.0,nan,nan,nan,1,0,0,0
5706547293,5706547287,-0.17339866,0.06195826,-0.06527074,0.00195343,-0.052168157,0.024032893,-0.99834716,nan,nan,nan,nan,nan,nan,0.0,0.0,0.0,0.0,0.0,0.0,nan,nan,nan,1,0,0,0
5706554287,5706554282,-0.17332126,0.061939195,-0.06738215,0.002576577,-0.051608842,0.025669273,-0.99833405,nan,nan,nan,nan,nan,nan,0.0,0.0,0.0,0.0,0.0,0.0,nan,nan,nan,1,0,0,0
5706563862,5706563856,-0.17329077,0.061942462,-0.06967165,0.0039551104,-0.052917447,0.024033831,-0.9983018,nan,nan,nan,nan,nan,nan,0.0,0.0,0.0,0.0,0.0,0.0,nan,nan,nan,1,0,0,0
5706572414,5706572409,-0.1732878,0.06193913,-0.07186007,0.004222246,-0.051570833,0.024319174,-0.9983642,nan,nan,nan,nan,nan,nan,0.0,0.0,0.0,0.0,0.0,0.0,nan,nan,nan,1,0,0,0
5706579296,5706579291,-0.17308553,0.06171652,-0.07441291,0.0031380313,-0.049731806,0.024742128,-0.9984512,nan,nan,nan,nan,nan,nan,0.0,0.0,0.0,0.0,0.0,0.0,nan,nan,nan,1,0,0,0
5706587291,5706587285,-0.1731473,0.06171591,-0.07663247,0.004396802,-0.048838314,0.02550871,-0.99847126,nan,nan,nan,nan,nan,nan,0.0,0.0,0.0,0.0,0.0,0.0,nan,nan,nan,1,0,0,0
5706597331,5706597326,-0.17321739,0.061656404,-0.07895127,0.005157093,-0.050259806,0.023328656,-0.9984504,nan,nan,nan,nan,nan,nan,0.0,0.0,0.0,0.0,0.0,0.0,nan,nan,nan,1,0,0,0
5706604298,5706604292,-0.17314051,0.061783265,-0.08118621,0.0048107696,-0.048875764,0.025082225,-0.99847823,nan,nan,nan,nan,nan,nan,0.0,0.0,0.0,0.0,0.0,0.0,nan,nan,nan,1,0,0,0
5706613301,5706613296,-0.17317049,0.06177904,-0.08343637,0.0052708546,-0.04965136,0.0248145,-0.99844444,nan,nan,nan,nan,nan,nan,0.0,0.0,0.0,0.0,0.0,0.0,nan,nan,nan,1,0,0,0
5706621303,5706621297,-0.1731677,0.061795708,-0.08568506,0.0054592937,-0.048690654,0.025159879,-0.99848205,nan,nan,nan,nan,nan,nan,0.0,0.0,0.0,0.0,0.0,0.0,nan,nan,nan,1,0,0,0
5706629658,5706629653,-0.17317319,0.061803628,-0.08789918,0.00550477,-0.04953178,0.025288183,-0.9984372,nan,nan,nan,nan,nan,nan,0.0,0.0,0.0,0.0,0.0,0.0,nan,nan,nan,1,0,0,0
5706637347,5706637341,-0.17317206,0.061838735,-0.09017935,0.005470896,-0.048442136,0.025654232,-0.9984815,nan,nan,nan,nan,nan,nan,0.0,0.0,0.0,0.0,0.0,0.0,nan,nan,nan,1,0,0,0
5706646296,5706646291,-0.1731523,0.06182695,-0.092385694,0.005393847,-0.049448755,0.02480954,-0.9984539,nan,nan,nan,nan,nan,nan,0.0,0.0,0.0,0.0,0.0,0.0,nan,nan,nan,1,0,0,0
5706654293,5706654288,-0.1732564,0.06173495,-0.09457908,0.006678161,-0.04881803,0.024754979,-0.99847853,nan,nan,nan,nan,nan,nan,0.0,0.0,0.0,0.0,0.0,0.0,nan,nan,nan,1,0,0,0
5706662457,5706662447,-0.17322919,0.061748896,-0.09679407,0.006277213,-0.04948094,0.024900613,-0.9984449,nan,nan,nan,nan,nan,nan,0.0,0.0,0.0,0.0,0.0,0.0,nan,nan,nan,1,0,0,0
5706673299,5706673293,-0.17315161,0.0618182,-0.09902383,0.0063330648,-0.04900605,0.02543091,-0.9984547,nan,nan,nan,nan,nan,nan,0.0,0.0,0.0,0.0,0.0,0.0,nan,nan,nan,1,0,0,0
5706679298,5706679292,-0.17312813,0.06180842,-0.1012355,0.0061769453,-0.049218602,0.02602409,-0.9984298,nan,nan,nan,nan,nan,nan,0.0,0.0,0.0,0.0,0.0,0.0,nan,nan,nan,1,0,0,0
5706687288,5706687283,-0.17312576,0.061839405,-0.10347715,0.0068450845,-0.048318252,0.026319362,-0.9984618,nan,nan,nan,nan,nan,nan,0.0,0.0,0.0,0.0,0.0,0.0,nan,nan,nan,1,0,0,0
5706695977,5706695972,-0.17310135,0.061794076,-0.10561247,0.007268056,-0.048628036,0.026156565,-0.99844795,nan,nan,nan,nan,nan,nan,0.0,0.0,0.0,0.0,0.0,0.0,nan,nan,nan,1,0,0,0
5706708296,5706708291,-0.17312671,0.06171713,-0.10784335,0.008510757,-0.04899416,0.02479114,-0.998455,nan,nan,nan,nan,nan,nan,0.0,0.0,0.0,0.0,0.0,0.0,nan,nan,nan,1,0,0,0
5706713296,5706713290,-0.1730409,0.062156525,-0.11037816,0.009402243,-0.048577078,0.030565534,-0.99830735,nan,nan,nan,nan,nan,nan,0.0,0.0,0.0,0.0,0.0,0.0,nan,nan,nan,1,0,0,0
5706722357,5706722352,-0.17302516,0.061737955,-0.11220329,0.009401064,-0.04902102,0.025472142,-0.99842864,nan,nan,nan,nan,nan,nan,0.0,0.0,0.0,0.0,0.0,0.0,nan,nan,nan,1,0,0,0
5706728963,5706728957,-0.17300813,0.061730035,-0.11434708,0.009884544,-0.049729932,0.025734749,-0.99838215,nan,nan,nan,nan,nan,nan,0.0,0.0,0.0,0.0,0.0,0.0,nan,nan,nan,1,0,0,0
5706738358,5706738331,-0.1730197,0.061745856,-0.116589196,0.010171946,-0.04877737,0.025758319,-0.99842566,nan,nan,nan,nan,nan,nan,0.0,0.0,0.0,0.0,0.0,0.0,nan,nan,nan,1,0,0,0
5706746436,5706746431,-0.17311057,0.06165336,-0.11866029,0.011075938,-0.04830147,0.025703669,-0.9984406,nan,nan,nan,nan,nan,nan,0.0,0.0,0.0,0.0,0.0,0.0,nan,nan,nan,1,0,0,0
5706755480,5706755474,-0.17310885,0.061676223,-0.12094411,0.011118463,-0.047573898,0.025143811,-0.99848926,nan,nan,nan,nan,nan,nan,0.0,0.0,0.0,0.0,0.0,0.0,nan,nan,nan,1,0,0,0
5706763035,5706763030,-0.17311825,0.06169971,-0.12315902,0.012160852,-0.048103247,0.026343009,-0.9984209,nan,nan,nan,nan,nan,nan,0.0,0.0,0.0,0.0,0.0,0.0,nan,nan,nan,1,0,0,0
5706772363,5706772358,-0.17300843,0.06251151,-0.12607062,0.013726588,-0.043258287,0.03515023,-0.99835104,nan,nan,nan,nan,nan,nan,0.0,0.0,0.0,0.0,0.0,0.0,nan,nan,nan,1,0,0,0
5706779296,5706779291,-0.17299865,0.062569685,-0.12817618,0.014599421,-0.044270944,0.037165146,-0.9982213,nan,nan,nan,nan,nan,nan,0.0,0.0,0.0,0.0,0.0,0.0,nan,nan,nan,1,0,0,0
5706787292,5706787286,-0.17298605,0.062499814,-0.13046026,0.015158722,-0.042663705,0.036176983,-0.9983192,nan,nan,nan,nan,nan,nan,0.0,0.0,0.0,0.0,0.0,0.0,nan,nan,nan,1,0,0,0
5706797128,5706797123,-0.17300348,0.06258115,-0.13267669,0.01603124,-0.044409253,0.037104942,-0.99819547,nan,nan,nan,nan,nan,nan,0.0,0.0,0.0,0.0,0.0,0.0,nan,nan,nan,1,0,0,0
5706804298,5706804292,-0.17298074,0.06261992,-0.13502967,0.016611563,-0.043755062,0.036057428,-0.9982532,nan,nan,nan,nan,nan,nan,0.0,0.0,0.0,0.0,0.0,0.0,nan,nan,nan,1,0,0,0
5706813297,5706813292,-0.17301312,0.06258519,-0.13723408,0.01730782,-0.044437822,0.037080873,-0.99817365,nan,nan,nan,nan,nan,nan,0.0,0.0,0.0,0.0,0.0,0.0,nan,nan,nan,1,0,0,0
5706821674,5706821669,-0.173058,0.06182229,-0.1390937,0.016428078,-0.04748226,0.026717033,-0.9983795,nan,nan,nan,nan,nan,nan,0.0,0.0,0.0,0.0,0.0,0.0,nan,nan,nan,1,0,0,0
5706829310,5706829304,-0.17307696,0.062640496,-0.14185709,0.018518498,-0.04456114,0.03633669,-0.99817383,nan,nan,nan,nan,nan,nan,0.0,0.0,0.0,0.0,0.0,0.0,nan,nan,nan,1,0,0,0
5706838306,5706838301,-0.17306332,0.06274386,-0.14419514,0.0186696,-0.044427726,0.036272567,-0.99817926,nan,nan,nan,nan,nan,nan,0.0,0.0,0.0,0.0,0.0,0.0,nan,nan,nan,1,0,0,0
5706846290,5706846285,-0.17309602,0.06279018,-0.14645371,0.019248556,-0.045280874,0.03606403,-0.99813753,nan,nan,nan,nan,nan,nan,0.0,0.0,0.0,0.0,0.0,0.0,nan,nan,nan,1,0,0,0
5706855331,5706855325,-0.17310163,0.06277094,-0.1487878,0.019201012,-0.045285553,0.03639262,-0.9981263,nan,nan,nan,nan,nan,nan,0.0,0.0,0.0,0.0,0.0,0.0,nan,nan,nan,1,0,0,0
5706862270,5706862264,-0.17329307,0.061849445,-0.15038392,0.018409029,-0.04765133,0.025813136,-0.9983607,nan,nan,nan,nan,nan,nan,0.0,0.0,0.0,0.0,0.0,0.0,nan,nan,nan,1,0,0,0
5706871824,5706871818,-0.17318785,0.06280704,-0.15340072,0.019775057,-0.0454521,0.036500104,-0.9981036,nan,nan,nan,nan,nan,nan,0.0,0.0,0.0,0.0,0.0,0.0,nan,nan,nan,1,0,0,0
5706905539,5706905534,-0.17336778,0.06186101,-0.15489505,0.018723542,-0.047610693,0.025901813,-0.99835455,nan,nan,nan,nan,nan,nan,0.0,0.0,0.0,0.0,0.0,0.0,nan,nan,nan,1,0,0,0
5706908681,5706908675,-0.173337,0.06275106,-0.16239429,0.019809056,-0.045745052,0.036744665,-0.99808055,nan,nan,nan,nan,nan,nan,0.0,0.0,0.0,0.0,0.0,0.0,nan,nan,nan,1,0,0,0
5706913298,5706913292,-0.17333077,0.062952496,-0.16474639,0.019892596,-0.04505983,0.036239926,-0.99812853,nan,nan,nan,nan,nan,nan,0.0,0.0,0.0,0.0,0.0,0.0,nan,nan,nan,1,0,0,0
5706921297,5706921291,-0.17338733,0.06293261,-0.16702542,0.019801741,-0.046523325,0.03638089,-0.998058,nan,nan,nan,nan,nan,nan,0.0,0.0,0.0,0.0,0.0,0.0,nan,nan,nan,1,0,0,0
5706929292,5706929286,-0.17341895,0.06295206,-0.16920972,0.020123083,-0.045224488,0.0363799,-0.99811137,nan,nan,nan,nan,nan,nan,0.0,0.0,0.0,0.0,0.0,0.0,nan,nan,nan,1,0,0,0
5706937746,5706937741,-0.17353785,0.06297628,-0.1714527,0.02043778,-0.046247087,0.036752604,-0.99804443,nan,nan,nan,nan,nan,nan,0.0,0.0,0.0,0.0,0.0,0.0,nan,nan,nan,1,0,0,0
5706947420,5706947414,-0.17377718,0.06206359,-0.1729682,0.01977148,-0.04798827,0.025820097,-0.9983184,nan,nan,nan,nan,nan,nan,0.0,0.0,0.0,0.0,0.0,0.0,nan,nan,nan,1,0,0,0
5706954297,5706954291,-0.17367676,0.063003,-0.17594436,0.020841323,-0.046042062,0.036647584,-0.9980495,nan,nan,nan,nan,nan,nan,0.0,0.0,0.0,0.0,0.0,0.0,nan,nan,nan,1,0,0,0
5706962519,5706962514,-0.17377672,0.063064896,-0.17825209,0.020703904,-0.045625355,0.036290832,-0.9980845,nan,nan,nan,nan,nan,nan,0.0,0.0,0.0,0.0,0.0,0.0,nan,nan,nan,1,0,0,0
5706971220,5706971215,-0.17387764,0.06309466,-0.18051332,0.020928401,-0.045907084,0.036518298,-0.99805856,nan,nan,nan,nan,nan,nan,0.0,0.0,0.0,0.0,0.0,0.0,nan,nan,nan,1,0,0,0
5706979305,5706979300,-0.1739094,0.06306986,-0.18273255,0.021539403,-0.045580618,0.03702163,-0.998042,nan,nan,nan,nan,nan,nan,0.0,0.0,0.0,0.0,0.0,0.0,nan,nan,nan,1,0,0,0
5706988291,5706988286,-0.17399675,0.06309406,-0.18498954,0.021461118,-0.04561674,0.037159804,-0.99803686,nan,nan,nan,nan,nan,nan,0.0,0.0,0.0,0.0,0.0,0.0,nan,nan,nan,1,0,0,0
5706995358,5706995352,-0.17410605,0.0629763,-0.18718696,0.021532308,-0.04471791,0.03732696,-0.9980699,nan,nan,nan,nan,nan,nan,0.0,0.0,0.0,0.0,0.0,0.0,nan,nan,nan,1,0,0,0
5707005176,5707005171,-0.1741965,0.06307939,-0.18950637,0.02186014,-0.0450287,0.03780635,-0.99803066,nan,nan,nan,nan,nan,nan,0.0,0.0,0.0,0.0,0.0,0.0,nan,nan,nan,1,0,0,0
5707012339,5707012333,-0.1742717,0.06295479,-0.1917624,0.021997262,-0.044619683,0.037353802,-0.998063,nan,nan,nan,nan,nan,nan,0.0,0.0,0.0,0.0,0.0,0.0,nan,nan,nan,1,0,0,0
5707021435,5707021428,-0.17431743,0.06317793,-0.19413829,0.021995889,-0.04520657,0.03760815,-0.99802715,nan,nan,nan,nan,nan,nan,0.0,0.0,0.0,0.0,0.0,0.0,nan,nan,nan,1,0,0,0
5707039299,5707039293,-0.17455822,0.062228154,-0.1956555,0.021827701,-0.047378857,0.026723793,-0.9982808,nan,nan,nan,nan,nan,nan,0.0,0.0,0.0,0.0,0.0,0.0,nan,nan,nan,1,0,0,0
5707041136,5707041130,-0.17453778,0.06325304,-0.19880223,0.02245935,-0.044973813,0.03749742,-0.9980315,nan,nan,nan,nan,nan,nan,0.0,0.0,0.0,0.0,0.0,0.0,nan,nan,nan,1,0,0,0
5707046299,5707046294,-0.1746468,0.06325894,-0.20112957,0.022550732,-0.045166887,0.03751137,-0.9980202,nan,nan,nan,nan,nan,nan,0.0,0.0,0.0,0.0,0.0,0.0,nan,nan,nan,1,0,0,0
5707055295,5707055289,-0.17473528,0.06324787,-0.20353884,0.022055062,-0.04534484,0.03607275,-0.9980762,nan,nan,nan,nan,nan,nan,0.0,0.0,0.0,0.0,0.0,0.0,nan,nan,nan,1,0,0,0
5707063447,5707063285,-0.1748142,0.063359275,-0.20590033,0.022753617,-0.044951078,0.037182886,-0.99803764,nan,nan,nan,nan,nan,nan,0.0,0.0,0.0,0.0,0.0,0.0,nan,nan,nan,1,0,0,0
5707070789,5707070783,-0.17503957,0.062419496,-0.20750527,0.022563932,-0.047855742,0.025221629,-0.9982809,nan,nan,nan,nan,nan,nan,0.0,0.0,0.0,0.0,0.0,0.0,nan,nan,nan,1,0,0,0
5707080698,5707080692,-0.17497313,0.063320525,-0.21055484,0.023163822,-0.044812877,0.03673046,-0.99805117,nan,nan,nan,nan,nan,nan,0.0,0.0,0.0,0.0,0.0,0.0,nan,nan,nan,1,0,0,0
5707088507,5707088501,-0.17515865,0.062469546,-0.21213292,0.022758417,-0.04779879,0.02631633,-0.99825084,nan,nan,nan,nan,nan,nan,0.0,0.0,0.0,0.0,0.0,0.0,nan,nan,nan,1,0,0,0
5707097284,5707097278,-0.17505415,0.06362464,-0.21540959,0.023372391,-0.045865305,0.03553167,-0.99804187,nan,nan,nan,nan,nan,nan,0.0,0.0,0.0,0.0,0.0,0.0,nan,nan,nan,1,0,0,0
5707104066,5707104061,-0.17523429,0.06346049,-0.21766897,0.023435751,-0.04520431,0.037564315,-0.99799615,nan,nan,nan,nan,nan,nan,0.0,0.0,0.0,0.0,0.0,0.0,nan,nan,nan,1,0,0,0
5707113480,5707113475,-0.17521296,0.063482694,-0.220148,0.023837883,-0.045137193,0.036491048,-0.99802953,nan,nan,nan,nan,nan,nan,0.0,0.0,0.0,0.0,0.0,0.0,nan,nan,nan,1,0,0,0
5707121115,5707121110,-0.17528434,0.06374409,-0.22259077,0.024031501,-0.046691567,0.0363668,-0.9979578,nan,nan,nan,nan,nan,nan,0.0,0.0,0.0,0.0,0.0,0.0,nan,nan,nan,1,0,0,0
5707129287,5707129282,-0.17561427,0.06259524,-0.22410357,0.02474657,-0.047282826,0.026045298,-0.9982352,nan,nan,nan,nan,nan,nan,0.0,0.0,0.0,0.0,0.0,0.0,nan,nan,nan,1,0,0,0
5707136901,5707136896,-0.17566781,0.06287862,-0.22687061,0.023915585,-0.05043153,0.026373986,-0.9980927,nan,nan,nan,nan,nan,nan,0.0,0.0,0.0,0.0,0.0,0.0,nan,nan,nan,1,0,0,0
5707146301,5707146295,-0.17568949,0.06356911,-0.22958654,0.0256254,-0.044718526,0.03783886,-0.9979537,nan,nan,nan,nan,nan,nan,0.0,0.0,0.0,0.0,0.0,0.0,nan,nan,nan,1,0,0,0
5707156293,5707156287,-0.17587498,0.06336134,-0.23179047,0.025634386,-0.048836086,0.031783853,-0.9979719,nan,nan,nan,nan,nan,nan,0.0,0.0,0.0,0.0,0.0,0.0,nan,nan,nan,1,0,0,0
5707163415,5707163409,-0.17600778,0.06302515,-0.23406953,0.025829418,-0.049806193,0.026678193,-0.9980684,nan,nan,nan,nan,nan,nan,0.0,0.0,0.0,0.0,0.0,0.0,nan,nan,nan,1,0,0,0
5707171417,5707171412,-0.17607898,0.06307141,-0.23660047,0.026052458,-0.050042845,0.026680244,-0.99805075,nan,nan,nan,nan,nan,nan,0.0,0.0,0.0,0.0,0.0,0.0,nan,nan,nan,1,0,0,0
5707181083,5707181051,-0.17618579,0.06306253,-0.23899762,0.026939666,-0.050601363,0.026627116,-0.9980004,nan,nan,nan,nan,nan,nan,0.0,0.0,0.0,0.0,0.0,0.0,nan,nan,nan,1,0,0,0
5707187305,5707187299,-0.17635791,0.06289955,-0.24106342,0.028611908,-0.048142616,0.025185624,-0.998113,nan,nan,nan,nan,nan,nan,0.0,0.0,0.0,0.0,0.0,0.0,nan,nan,nan,1,0,0,0
5707196291,5707196286,-0.17640062,0.063075475,-0.24393472,0.02810987,-0.050366703,0.026264628,-0.99798954,nan,nan,nan,nan,nan,nan,0.0,0.0,0.0,0.0,0.0,0.0,nan,nan,nan,1,0,0,0
5707204003,5707203997,-0.1764532,0.063227884,-0.24639577,0.028169828,-0.050427876,0.026741378,-0.99797213,nan,nan,nan,nan,nan,nan,0.0,0.0,0.0,0.0,0.0,0.0,nan,nan,nan,1,0,0,0
5707214885,5707214355,-0.17644125,0.06407541,-0.24939989,0.030088486,-0.046623696,0.036573038,-0.99778926,nan,nan,nan,nan,nan,nan,0.0,0.0,0.0,0.0,0.0,0.0,nan,nan,nan,1,0,0,0
5707221330,5707221324,-0.17663464,0.06327135,-0.25136203,0.029614106,-0.04996481,0.027135715,-0.9979429,nan,nan,nan,nan,nan,nan,0.0,0.0,0.0,0.0,0.0,0.0,nan,nan,nan,1,0,0,0
5707229291,5707229285,-0.17674892,0.06317557,-0.25380325,0.029982923,-0.05037675,0.026605956,-0.9979255,nan,nan,nan,nan,nan,nan,0.0,0.0,0.0,0.0,0.0,0.0,nan,nan,nan,1,0,0,0
5707237414,5707237409,-0.17672604,0.064262085,-0.2567304,0.03218151,-0.04707042,0.036675777,-0.99769914,nan,nan,nan,nan,nan,nan,0.0,0.0,0.0,0.0,0.0,0.0,nan,nan,nan,1,0,0,0
5707246300,5707246295,-0.17685007,0.064125806,-0.25919685,0.03285946,-0.046668567,0.03716472,-0.99767786,nan,nan,nan,nan,nan,nan,0.0,0.0,0.0,0.0,0.0,0.0,nan,nan,nan,1,0,0,0
5707255298,5707255292,-0.17694506,0.06429836,-0.2616361,0.033434603,-0.047270473,0.036846157,-0.99764216,nan,nan,nan,nan,nan,nan,0.0,0.0,0.0,0.0,0.0,0.0,nan,nan,nan,1,0,0,0
5707263291,5707263285,-0.17723054,0.06330609,-0.2636403,0.03333587,-0.05009468,0.02695778,-0.9978239,nan,nan,nan,nan,nan,nan,0.0,0.0,0.0,0.0,0.0,0.0,nan,nan,nan,1,0,0,0
5707270974,5707270968,-0.17746486,0.06275329,-0.26551664,0.036393896,-0.043798923,0.025171164,-0.99806,nan,nan,nan,nan,nan,nan,0.0,0.0,0.0,0.0,0.0,0.0,nan,nan,nan,1,0,0,0
5707281295,5707281290,-0.17743184,0.0634439,-0.2685582,0.03496809,-0.049972694,0.027404776,-0.997762,nan,nan,nan,nan,nan,nan,0.0,0.0,0.0,0.0,0.0,0.0,nan,nan,nan,1,0,0,0
5707288296,5707288290,-0.17753778,0.06346636,-0.2710291,0.03568786,-0.051508997,0.026776217,-0.9976754,nan,nan,nan,nan,nan,nan,0.0,0.0,0.0,0.0,0.0,0.0,nan,nan,nan,1,0,0,0
5707296327,5707296315,-0.17779244,0.06302115,-0.27300078,0.038871568,-0.044953316,0.02560727,-0.99790406,nan,nan,nan,nan,nan,nan,0.0,0.0,0.0,0.0,0.0,0.0,nan,nan,nan,1,0,0,0
5707304891,5707304885,-0.17780638,0.06358297,-0.27594674,0.037336387,-0.0516442,0.026840072,-0.9976064,nan,nan,nan,nan,nan,nan,0.0,0.0,0.0,0.0,0.0,0.0,nan,nan,nan,1,0,0,0
5707312299,5707312294,-0.17794946,0.06352428,-0.27843964,0.038160026,-0.050510235,0.025764873,-0.99766165,nan,nan,nan,nan,nan,nan,0.0,0.0,0.0,0.0,0.0,0.0,nan,nan,nan,1,0,0,0
5707321293,5707321288,-0.17814015,0.06363676,-0.28096202,0.03882976,-0.050804637,0.025968047,-0.9976155,nan,nan,nan,nan,nan,nan,0.0,0.0,0.0,0.0,0.0,0.0,nan,nan,nan,1,0,0,0
5707330979,5707330973,-0.1783053,0.06351295,-0.28342244,0.039168827,-0.04988589,0.024262981,-0.9976916,nan,nan,nan,nan,nan,nan,0.0,0.0,0.0,0.0,0.0,0.0,nan,nan,nan,1,0,0,0
5707337937,5707337932,-0.1784789,0.0637405,-0.28588235,0.03915246,-0.050564844,0.024364136,-0.9976556,nan,nan,nan,nan,nan,nan,0.0,0.0,0.0,0.0,0.0,0.0,nan,nan,nan,1,0,0,0
5707346299,5707346293,-0.17875628,0.062989205,-0.28768095,0.045274127,-0.033704367,0.031063275,-0.99792254,nan,nan,nan,nan,nan,nan,0.0,0.0,0.0,0.0,0.0,0.0,nan,nan,nan,1,0,0,0
5707355332,5707355326,-0.1788688,0.0632251,-0.29021257,0.04196448,-0.043432146,0.022358427,-0.9979242,nan,nan,nan,nan,nan,nan,0.0,0.0,0.0,0.0,0.0,0.0,nan,nan,nan,1,0,0,0
5707363293,5707363287,-0.1790464,0.06318376,-0.2925541,0.04178242,-0.043679982,0.022528555,-0.99791723,nan,nan,nan,nan,nan,nan,0.0,0.0,0.0,0.0,0.0,0.0,nan,nan,nan,1,0,0,0
5707372178,5707372172,-0.17908154,0.06421421,-0.29568315,0.041041184,-0.043756817,0.033019435,-0.9976526,nan,nan,nan,nan,nan,nan,0.0,0.0,0.0,0.0,0.0,0.0,nan,nan,nan,1,0,0,0
5707380659,5707380654,-0.17944618,0.06320116,-0.29721883,0.0417138,-0.042856783,0.023922965,-0.9979234,nan,nan,nan,nan,nan,nan,0.0,0.0,0.0,0.0,0.0,0.0,nan,nan,nan,1,0,0,0
5707397681,5707397675,-0.1796935,0.06308399,-0.29941598,0.041886743,-0.042688746,0.023531917,-0.9979326,nan,nan,nan,nan,nan,nan,0.0,0.0,0.0,0.0,0.0,0.0,nan,nan,nan,1,0,0,0
5707401348,5707401342,-0.17990193,0.063231654,-0.3018894,0.04114445,-0.04291696,0.024270719,-0.99793595,nan,nan,nan,nan,nan,nan,0.0,0.0,0.0,0.0,0.0,0.0,nan,nan,nan,1,0,0,0
5707404709,5707404702,-0.18011639,0.063238345,-0.30420923,0.041318893,-0.043022823,0.024014235,-0.9979304,nan,nan,nan,nan,nan,nan,0.0,0.0,0.0,0.0,0.0,0.0,nan,nan,nan,1,0,0,0
5707412299,5707412294,-0.18015909,0.06424983,-0.3074082,0.040251292,-0.042199504,0.03375839,-0.99772716,nan,nan,nan,nan,nan,nan,0.0,0.0,0.0,0.0,0.0,0.0,nan,nan,nan,1,0,0,0
5707421297,5707421292,-0.18047915,0.06335114,-0.30908257,0.04002415,-0.04356372,0.023496209,-0.9979721,nan,nan,nan,nan,nan,nan,0.0,0.0,0.0,0.0,0.0,0.0,nan,nan,nan,1,0,0,0
5707430484,5707430340,-0.18063115,0.063278094,-0.31147584,0.039693747,-0.043336086,0.022745231,-0.9980126,nan,nan,nan,nan,nan,nan,0.0,0.0,0.0,0.0,0.0,0.0,nan,nan,nan,1,0,0,0
5707437357,5707437351,-0.18084492,0.06344841,-0.31398585,0.03865932,-0.044338852,0.022756219,-0.9980089,nan,nan,nan,nan,nan,nan,0.0,0.0,0.0,0.0,0.0,0.0,nan,nan,nan,1,0,0,0
5707446301,5707446295,-0.18098566,0.06397293,-0.31696486,0.03527243,-0.0492618,0.024258094,-0.9978681,nan,nan,nan,nan,nan,nan,0.0,0.0,0.0,0.0,0.0,0.0,nan,nan,nan,1,0,0,0
5707454646,5707454639,-0.18120909,0.06340836,-0.3187907,0.03675482,-0.04406922,0.021888854,-0.99811214,nan,nan,nan,nan,nan,nan,0.0,0.0,0.0,0.0,0.0,0.0,nan,nan,nan,1,0,0,0
5707463295,5707463289,-0.18142381,0.06351892,-0.32128364,0.036018275,-0.04382152,0.02261185,-0.99813384,nan,nan,nan,nan,nan,nan,0.0,0.0,0.0,0.0,0.0,0.0,nan,nan,nan,1,0,0,0
5707471353,5707471347,-0.18148819,0.06467824,-0.324498,0.03426644,-0.044622723,0.033289824,-0.9978609,nan,nan,nan,nan,nan,nan,0.0,0.0,0.0,0.0,0.0,0.0,nan,nan,nan,1,0,0,0
5707480094,5707480088,-0.18166491,0.0644313,-0.3268343,0.033709653,-0.043160032,0.031494148,-0.9980025,nan,nan,nan,nan,nan,nan,0.0,0.0,0.0,0.0,0.0,0.0,nan,nan,nan,1,0,0,0
5707488297,5707488292,-0.18193012,0.06356088,-0.32853046,0.032388404,-0.04423975,0.02213353,-0.9982504,nan,nan,nan,nan,nan,nan,0.0,0.0,0.0,0.0,0.0,0.0,nan,nan,nan,1,0,0,0
5707497289,5707497284,-0.18214273,0.06352322,-0.33090353,0.031924725,-0.044461228,0.02119046,-0.998276,nan,nan,nan,nan,nan,nan,0.0,0.0,0.0,0.0,0.0,0.0,nan,nan,nan,1,0,0,0
5707503761,5707503755,-0.18212499,0.06446728,-0.33395812,0.030239696,-0.044396263,0.031553604,-0.99805754,nan,nan,nan,nan,nan,nan,0.0,0.0,0.0,0.0,0.0,0.0,nan,nan,nan,1,0,0,0
5707516298,5707516292,-0.18232976,0.063597,-0.33560562,0.029447466,-0.04475282,0.02293348,-0.9983006,nan,nan,nan,nan,nan,nan,0.0,0.0,0.0,0.0,0.0,0.0,nan,nan,nan,1,0,0,0
5707521367,5707521361,-0.18239407,0.064524785,-0.33856973,0.027770527,-0.045368697,0.032258008,-0.998063,nan,nan,nan,nan,nan,nan,0.0,0.0,0.0,0.0,0.0,0.0,nan,nan,nan,1,0,0,0
5707531291,5707531285,-0.18268748,0.06356313,-0.3400989,0.027859256,-0.04495074,0.024441732,-0.99830145,nan,nan,nan,nan,nan,nan,0.0,0.0,0.0,0.0,0.0,0.0,nan,nan,nan,1,0,0,0
5707537304,5707537299,-0.18286048,0.06379932,-0.34264997,0.02712344,-0.042362347,0.027385022,-0.9983585,nan,nan,nan,nan,nan,nan,0.0,0.0,0.0,0.0,0.0,0.0,nan,nan,nan,1,0,0,0
5707546329,5707546323,-0.18311824,0.06275529,-0.34414798,0.02591798,-0.04004673,0.028365731,-0.9984588,nan,nan,nan,nan,nan,nan,0.0,0.0,0.0,0.0,0.0,0.0,nan,nan,nan,1,0,0,0
5707554621,5707554616,-0.18316558,0.063662246,-0.34722817,0.024268294,-0.04510198,0.0238111,-0.99840367,nan,nan,nan,nan,nan,nan,0.0,0.0,0.0,0.0,0.0,0.0,nan,nan,nan,1,0,0,0
5707562295,5707562289,-0.18330097,0.063541904,-0.34947133,0.023664555,-0.044781826,0.02335613,-0.9984433,nan,nan,nan,nan,nan,nan,0.0,0.0,0.0,0.0,0.0,0.0,nan,nan,nan,1,0,0,0
5707570675,5707570670,-0.18326247,0.06463989,-0.3526218,0.023176197,-0.04388905,0.032636203,-0.99823415,nan,nan,nan,nan,nan,nan,0.0,0.0,0.0,0.0,0.0,0.0,nan,nan,nan,1,0,0,0
5707580849,5707580844,-0.18340462,0.06429541,-0.35481566,0.02009687,-0.05106721,0.024931867,-0.99818164,nan,nan,nan,nan,nan,nan,0.0,0.0,0.0,0.0,0.0,0.0,nan,nan,nan,1,0,0,0
5707588460,5707588454,-0.1834825,0.06429923,-0.35718557,0.019770725,-0.051631816,0.024415838,-0.99817187,nan,nan,nan,nan,nan,nan,0.0,0.0,0.0,0.0,0.0,0.0,nan,nan,nan,1,0,0,0
5707596293,5707596287,-0.18343653,0.06515103,-0.3598269,0.020262381,-0.047932144,0.034891732,-0.9980353,nan,nan,nan,nan,nan,nan,0.0,0.0,0.0,0.0,0.0,0.0,nan,nan,nan,1,0,0,0
5707604482,5707604477,-0.18381117,0.063840955,-0.36135602,0.020307211,-0.04701153,0.02218001,-0.9984416,nan,nan,nan,nan,nan,nan,0.0,0.0,0.0,0.0,0.0,0.0,nan,nan,nan,1,0,0,0
5707613298,5707613292,-0.18390521,0.06431379,-0.3640251,0.018372316,-0.05162629,0.024136461,-0.9982057,nan,nan,nan,nan,nan,nan,0.0,0.0,0.0,0.0,0.0,0.0,nan,nan,nan,1,0,0,0
5707622297,5707622291,-0.18419224,0.06376263,-0.3658287,0.019910783,-0.04433634,0.023353655,-0.99854517,nan,nan,nan,nan,nan,nan,0.0,0.0,0.0,0.0,0.0,0.0,nan,nan,nan,1,0,0,0
5707630496,5707630491,-0.18418051,0.064344965,-0.36866185,0.017499665,-0.051031593,0.024856173,-0.9982343,nan,nan,nan,nan,nan,nan,0.0,0.0,0.0,0.0,0.0,0.0,nan,nan,nan,1,0,0,0
5707640451,5707640445,-0.18420285,0.06529021,-0.37140524,0.018008985,-0.046581626,0.034609765,-0.9981523,nan,nan,nan,nan,nan,nan,0.0,0.0,0.0,0.0,0.0,0.0,nan,nan,nan,1,0,0,0
5707646488,5707646482,-0.18447398,0.06431537,-0.37288064,0.017695459,-0.05018995,0.023386104,-0.998309,nan,nan,nan,nan,nan,nan,0.0,0.0,0.0,0.0,0.0,0.0,nan,nan,nan,1,0,0,0
5707654461,5707654455,-0.18459253,0.06437457,-0.37512726,0.017624725,-0.050590154,0.023040319,-0.9982981,nan,nan,nan,nan,nan,nan,0.0,0.0,0.0,0.0,0.0,0.0,nan,nan,nan,1,0,0,0
5707663294,5707663288,-0.18460712,0.06430908,-0.37753704,0.017119644,-0.050165094,0.025474178,-0.9982692,nan,nan,nan,nan,nan,nan,0.0,0.0,0.0,0.0,0.0,0.0,nan,nan,nan,1,0,0,0
5707670666,5707670631,-0.18472047,0.064671636,-0.37983584,0.01718247,-0.048290227,0.03097279,-0.9982052,nan,nan,nan,nan,nan,nan,0.0,0.0,0.0,0.0,0.0,0.0,nan,nan,nan,1,0,0,0
5707680295,5707680290,-0.18476078,0.06434145,-0.38191763,0.016889578,-0.05008113,0.026276965,-0.99825656,nan,nan,nan,nan,nan,nan,0.0,0.0,0.0,0.0,0.0,0.0,nan,nan,nan,1,0,0,0
5707687421,5707687416,-0.18501218,0.06377338,-0.38353652,0.01914652,-0.04462437,0.025112947,-0.9985046,nan,nan,nan,nan,nan,nan,0.0,0.0,0.0,0.0,0.0,0.0,nan,nan,nan,1,0,0,0
5707696292,5707696286,-0.18491895,0.06443061,-0.38636184,0.01654994,-0.05040393,0.027089389,-0.99822426,nan,nan,nan,nan,nan,nan,0.0,0.0,0.0,0.0,0.0,0.0,nan,nan,nan,1,0,0,0
5707704772,5707704766,-0.18518603,0.064090766,-0.38819304,0.020709157,-0.0356154,0.03357249,-0.99858683,nan,nan,nan,nan,nan,nan,0.0,0.0,0.0,0.0,0.0,0.0,nan,nan,nan,1,0,0,0
5707713293,5707713288,-0.18521485,0.064194836,-0.39038163,0.017057082,-0.047290996,0.027372858,-0.99836034,nan,nan,nan,nan,nan,nan,0.0,0.0,0.0,0.0,0.0,0.0,nan,nan,nan,1,0,0,0
5707720393,5707720387,-0.18544593,0.06325445,-0.3917904,0.018587366,-0.03897343,0.028608615,-0.9986577,nan,nan,nan,nan,nan,nan,0.0,0.0,0.0,0.0,0.0,0.0,nan,nan,nan,1,0,0,0
5707730226,5707730220,-0.18552671,0.06353346,-0.3940514,0.018027434,-0.04126557,0.027407726,-0.99860954,nan,nan,nan,nan,nan,nan,0.0,0.0,0.0,0.0,0.0,0.0,nan,nan,nan,1,0,0,0
5707737001,5707736993,-0.18554424,0.0632026,-0.3960351,0.018480107,-0.038002193,0.02917996,-0.99868053,nan,nan,nan,nan,nan,nan,0.0,0.0,0.0,0.0,0.0,0.0,nan,nan,nan,1,0,0,0
5707746453,5707746383,-0.18555962,0.063297436,-0.39823225,0.018418971,-0.038996957,0.029410334,-0.99863654,nan,nan,nan,nan,nan,nan,0.0,0.0,0.0,0.0,0.0,0.0,nan,nan,nan,1,0,0,0
5707755291,5707755286,-0.18569194,0.063336425,-0.40024784,0.017956859,-0.04052208,0.028217992,-0.9986187,nan,nan,nan,nan,nan,nan,0.0,0.0,0.0,0.0,0.0,0.0,nan,nan,nan,1,0,0,0
5707765294,5707765288,-0.1857291,0.06320197,-0.40228558,0.019058816,-0.038285322,0.029569432,-0.9986474,nan,nan,nan,nan,nan,nan,0.0,0.0,0.0,0.0,0.0,0.0,nan,nan,nan,1,0,0,0
5707771108,5707771103,-0.1857748,0.06351019,-0.4046813,0.020615662,-0.03485854,0.032022063,-0.99866635,nan,nan,nan,nan,nan,nan,0.0,0.0,0.0,0.0,0.0,0.0,nan,nan,nan,1,0,0,0
5707779771,5707779736,-0.18582545,0.06353865,-0.40669528,0.02021062,-0.036133822,0.03161511,-0.9986423,nan,nan,nan,nan,nan,nan,0.0,0.0,0.0,0.0,0.0,0.0,nan,nan,nan,1,0,0,0
5707787305,5707787300,-0.18590151,0.06330919,-0.40849835,0.018852303,-0.038456623,0.02961219,-0.9986435,nan,nan,nan,nan,nan,nan,0.0,0.0,0.0,0.0,0.0,0.0,nan,nan,nan,1,0,0,0
5707796326,5707796320,-0.18591154,0.06321383,-0.4105619,0.01926604,-0.0387842,0.030109191,-0.9986081,nan,nan,nan,nan,nan,nan,0.0,0.0,0.0,0.0,0.0,0.0,nan,nan,nan,1,0,0,0
5707804652,5707804646,-0.18598999,0.06322445,-0.41252482,0.019102657,-0.038795244,0.030215416,-0.9986076,nan,nan,nan,nan,nan,nan,0.0,0.0,0.0,0.0,0.0,0.0,nan,nan,nan,1,0,0,0
5707813291,5707813286,-0.1860661,0.063361995,-0.41456378,0.018587537,-0.038263462,0.029022336,-0.99867314,nan,nan,nan,nan,nan,nan,0.0,0.0,0.0,0.0,0.0,0.0,nan,nan,nan,1,0,0,0
5707833292,5707833286,-0.1862025,0.06467635,-0.41936663,0.015686393,-0.05109623,0.023406735,-0.99829614,nan,nan,nan,nan,nan,nan,0.0,0.0,0.0,0.0,0.0,0.0,nan,nan,nan,1,0,0,0
5707837629,5707837623,-0.18630104,0.06469132,-0.42128578,0.015798345,-0.051070273,0.023203343,-0.99830043,nan,nan,nan,nan,nan,nan,0.0,0.0,0.0,0.0,0.0,0.0,nan,nan,nan,1,0,0,0
5707846347,5707846341,-0.18659215,0.06297882,-0.42198914,0.016055722,-0.04525695,0.03465013,-0.9982452,nan,nan,nan,nan,nan,nan,0.0,0.0,0.0,0.0,0.0,0.0,nan,nan,nan,1,0,0,0
5707855290,5707855285,-0.18647441,0.06486986,-0.42533192,0.015758144,-0.046181936,0.028543806,-0.99840087,nan,nan,nan,nan,nan,nan,0.0,0.0,0.0,0.0,0.0,0.0,nan,nan,nan,1,0,0,0
5707863294,5707863289,-0.18673225,0.063381754,-0.42609936,0.017908195,-0.038200255,0.028116288,-0.9987139,nan,nan,nan,nan,nan,nan,0.0,0.0,0.0,0.0,0.0,0.0,nan,nan,nan,1,0,0,0
5707871231,5707871225,-0.18664582,0.063252226,-0.42789608,0.019265661,-0.03654323,0.029343598,-0.99871534,nan,nan,nan,nan,nan,nan,0.0,0.0,0.0,0.0,0.0,0.0,nan,nan,nan,1,0,0,0
5707879695,5707879690,-0.1867544,0.06326096,-0.4297734,0.019205807,-0.036738064,0.029327722,-0.9987098,nan,nan,nan,nan,nan,nan,0.0,0.0,0.0,0.0,0.0,0.0,nan,nan,nan,1,0,0,0
5707888296,5707888291,-0.18679053,0.063243374,-0.43155658,0.019134533,-0.036976997,0.029665776,-0.9986924,nan,nan,nan,nan,nan,nan,0.0,0.0,0.0,0.0,0.0,0.0,nan,nan,nan,1,0,0,0
5707896291,5707896285,-0.18685734,0.06336431,-0.43341404,0.018609824,-0.036866713,0.029363181,-0.99871534,nan,nan,nan,nan,nan,nan,0.0,0.0,0.0,0.0,0.0,0.0,nan,nan,nan,1,0,0,0
5707904219,5707904214,-0.18706745,0.06331105,-0.43519142,0.017874185,-0.036982946,0.030445814,-0.9986921,nan,nan,nan,nan,nan,nan,0.0,0.0,0.0,0.0,0.0,0.0,nan,nan,nan,1,0,0,0
5707913291,5707913285,-0.18707122,0.06322227,-0.4368424,0.018906068,-0.037017077,0.031278864,-0.9986461,nan,nan,nan,nan,nan,nan,0.0,0.0,0.0,0.0,0.0,0.0,nan,nan,nan,1,0,0,0
5707922452,5707922447,-0.18727525,0.062812865,-0.43827292,0.016713329,-0.04379627,0.03658864,-0.9982304,nan,nan,nan,nan,nan,nan,0.0,0.0,0.0,0.0,0.0,0.0,nan,nan,nan,1,0,0,0
5707929714,5707929708,-0.18722409,0.06321984,-0.4402992,0.019541837,-0.035082493,0.031270146,-0.99870396,nan,nan,nan,nan,nan,nan,0.0,0.0,0.0,0.0,0.0,0.0,nan,nan,nan,1,0,0,0
5707937496,5707937491,-0.18750733,0.06344899,-0.4421752,0.019133864,-0.03313272,0.03350392,-0.9987059,nan,nan,nan,nan,nan,nan,0.0,0.0,0.0,0.0,0.0,0.0,nan,nan,nan,1,0,0,0
5707947432,5707947426,-0.18756253,0.06352414,-0.44390014,0.019166218,-0.034362238,0.03341071,-0.9986669,nan,nan,nan,nan,nan,nan,0.0,0.0,0.0,0.0,0.0,0.0,nan,nan,nan,1,0,0,0
5707954297,5707954292,-0.18760669,0.063306026,-0.4454925,0.017906934,-0.035673123,0.032249928,-0.99868256,nan,nan,nan,nan,nan,nan,0.0,0.0,0.0,0.0,0.0,0.0,nan,nan,nan,1,0,0,0
5707967401,5707967396,-0.1879118,0.06321175,-0.44698188,0.014564462,-0.045392014,0.035141844,-0.9982447,nan,nan,nan,nan,nan,nan,0.0,0.0,0.0,0.0,0.0,0.0,nan,nan,nan,1,0,0,0
5707971165,5707971159,-0.18780272,0.06373562,-0.44914952,0.016611032,-0.039034802,0.02863355,-0.99868935,nan,nan,nan,nan,nan,nan,0.0,0.0,0.0,0.0,0.0,0.0,nan,nan,nan,1,0,0,0
5707980291,5707980285,-0.18785654,0.0633672,-0.4504669,0.016888423,-0.036711298,0.03179077,-0.9986773,nan,nan,nan,nan,nan,nan,0.0,0.0,0.0,0.0,0.0,0.0,nan,nan,nan,1,0,0,0
5707988416,5707988410,-0.1878544,0.06340999,-0.4521826,0.016479786,-0.035641175,0.03176653,-0.9987237,nan,nan,nan,nan,nan,nan,0.0,0.0,0.0,0.0,0.0,0.0,nan,nan,nan,1,0,0,0
5707996302,5707996297,-0.1877768,0.06431532,-0.45451975,0.014793473,-0.04459127,0.02667924,-0.99853945,nan,nan,nan,nan,nan,nan,0.0,0.0,0.0,0.0,0.0,0.0,nan,nan,nan,1,0,0,0
5708004519,5708004514,-0.18783118,0.064369366,-0.45612034,0.014488848,-0.045226004,0.026379988,-0.99852324,nan,nan,nan,nan,nan,nan,0.0,0.0,0.0,0.0,0.0,0.0,nan,nan,nan,1,0,0,0
5708014293,5708014288,-0.18796305,0.06351907,-0.45692506,0.015882857,-0.03731279,0.03050164,-0.99871176,nan,nan,nan,nan,nan,nan,0.0,0.0,0.0,0.0,0.0,0.0,nan,nan,nan,1,0,0,0
5708021294,5708021289,-0.18809764,0.063101724,-0.45818093,0.012634733,-0.044590797,0.03591512,-0.9982795,nan,nan,nan,nan,nan,nan,0.0,0.0,0.0,0.0,0.0,0.0,nan,nan,nan,1,0,0,0
5708030292,5708030287,-0.1878564,0.06446148,-0.4608985,0.012621914,-0.045057904,0.024428874,-0.99860585,nan,nan,nan,nan,nan,nan,0.0,0.0,0.0,0.0,0.0,0.0,nan,nan,nan,1,0,0,0
5708037411,5708037405,-0.18800977,0.06359569,-0.46164712,0.013725974,-0.037362207,0.029606659,-0.99876875,nan,nan,nan,nan,nan,nan,0.0,0.0,0.0,0.0,0.0,0.0,nan,nan,nan,1,0,0,0
5708046300,5708046295,-0.18792656,0.0644943,-0.46400908,0.011829156,-0.046299875,0.023362966,-0.9985843,nan,nan,nan,nan,nan,nan,0.0,0.0,0.0,0.0,0.0,0.0,nan,nan,nan,1,0,0,0
5708054308,5708054303,-0.18791501,0.06449045,-0.4654787,0.011212837,-0.04667687,0.022085652,-0.998603,nan,nan,nan,nan,nan,nan,0.0,0.0,0.0,0.0,0.0,0.0,nan,nan,nan,1,0,0,0
5708063293,5708063288,-0.1879203,0.06460921,-0.46689636,0.010763915,-0.046490088,0.0226934,-0.998603,nan,nan,nan,nan,nan,nan,0.0,0.0,0.0,0.0,0.0,0.0,nan,nan,nan,1,0,0,0
5708071462,5708071457,-0.18809444,0.06369877,-0.4675198,0.012015816,-0.038552646,0.028511465,-0.99877745,nan,nan,nan,nan,nan,nan,0.0,0.0,0.0,0.0,0.0,0.0,nan,nan,nan,1,0,0,0
5708080300,5708080295,-0.18813649,0.06367145,-0.468869,0.011175712,-0.037835844,0.028501596,-0.9988149,nan,nan,nan,nan,nan,nan,0.0,0.0,0.0,0.0,0.0,0.0,nan,nan,nan,1,0,0,0
5708090295,5708090290,-0.18795365,0.06504973,-0.47106692,0.0087242415,-0.050687462,0.024112433,-0.99838537,nan,nan,nan,nan,nan,nan,0.0,0.0,0.0,0.0,0.0,0.0,nan,nan,nan,1,0,0,0
5708096286,5708096281,-0.18799885,0.06510687,-0.47245237,0.0079834135,-0.051880434,0.023452098,-0.998346,nan,nan,nan,nan,nan,nan,0.0,0.0,0.0,0.0,0.0,0.0,nan,nan,nan,1,0,0,0
5708103935,5708103929,-0.18804158,0.06512034,-0.4737497,0.0076169986,-0.050990816,0.024539838,-0.99836856,nan,nan,nan,nan,nan,nan,0.0,0.0,0.0,0.0,0.0,0.0,nan,nan,nan,1,0,0,0
5708112354,5708112348,-0.18816018,0.06451855,-0.47463578,0.008867431,-0.045927905,0.024409471,-0.9986071,nan,nan,nan,nan,nan,nan,0.0,0.0,0.0,0.0,0.0,0.0,nan,nan,nan,1,0,0,0
5708121293,5708121287,-0.18835077,0.06366292,-0.47512046,0.009910353,-0.039078124,0.030308835,-0.99872726,nan,nan,nan,nan,nan,nan,0.0,0.0,0.0,0.0,0.0,0.0,nan,nan,nan,1,0,0,0
5708129705,5708129700,-0.18825695,0.06455998,-0.47692233,0.008747119,-0.04689598,0.02697455,-0.9984972,nan,nan,nan,nan,nan,nan,0.0,0.0,0.0,0.0,0.0,0.0,nan,nan,nan,1,0,0,0
5708137225,5708137219,-0.18819092,0.06527731,-0.47873494,0.008650019,-0.046424173,0.03179327,-0.9983782,nan,nan,nan,nan,nan,nan,0.0,0.0,0.0,0.0,0.0,0.0,nan,nan,nan,1,0,0,0
5708146345,5708146339,-0.18825002,0.06518898,-0.4798255,0.008879429,-0.046200294,0.030992132,-0.99841183,nan,nan,nan,nan,nan,nan,0.0,0.0,0.0,0.0,0.0,0.0,nan,nan,nan,1,0,0,0
5708154325,5708154320,-0.1882524,0.06453994,-0.48052353,0.009359406,-0.045780275,0.025481928,-0.9985826,nan,nan,nan,nan,nan,nan,0.0,0.0,0.0,0.0,0.0,0.0,nan,nan,nan,1,0,0,0
5708163802,5708163797,-0.18837488,0.06376167,-0.48094678,0.011113213,-0.038417857,0.030161059,-0.99874467,nan,nan,nan,nan,nan,nan,0.0,0.0,0.0,0.0,0.0,0.0,nan,nan,nan,1,0,0,0
5708170916,5708170858,-0.18838477,0.06371589,-0.48195994,0.011039363,-0.03876564,0.029443746,-0.9987535,nan,nan,nan,nan,nan,nan,0.0,0.0,0.0,0.0,0.0,0.0,nan,nan,nan,1,0,0,0
5708180308,5708180302,-0.1882275,0.064616576,-0.4837604,0.009072381,-0.047490776,0.024009889,-0.99854183,nan,nan,nan,nan,nan,nan,0.0,0.0,0.0,0.0,0.0,0.0,nan,nan,nan,1,0,0,0
5708187296,5708187291,-0.18838689,0.06368072,-0.48391265,0.010700026,-0.03916743,0.029699042,-0.99873394,nan,nan,nan,nan,nan,nan,0.0,0.0,0.0,0.0,0.0,0.0,nan,nan,nan,1,0,0,0
5708199291,5708199286,-0.18829764,0.06472398,-0.48551652,0.008961079,-0.04852985,0.024280302,-0.9984864,nan,nan,nan,nan,nan,nan,0.0,0.0,0.0,0.0,0.0,0.0,nan,nan,nan,1,0,0,0
5708204326,5708204321,-0.18841822,0.06409654,-0.48598874,0.0059966976,-0.053185202,0.031153053,-0.9980807,nan,nan,nan,nan,nan,nan,0.0,0.0,0.0,0.0,0.0,0.0,nan,nan,nan,1,0,0,0
5708213724,5708213719,-0.18842888,0.06403464,-0.48676518,0.012218732,-0.03530274,0.03099054,-0.99882126,nan,nan,nan,nan,nan,nan,0.0,0.0,0.0,0.0,0.0,0.0,nan,nan,nan,1,0,0,0
5708221290,5708221285,-0.18846616,0.06386086,-0.48736435,0.010429375,-0.03909286,0.028920893,-0.99876255,nan,nan,nan,nan,nan,nan,0.0,0.0,0.0,0.0,0.0,0.0,nan,nan,nan,1,0,0,0
5708230290,5708230285,-0.18849254,0.06378194,-0.4880704,0.010431016,-0.03858007,0.029010857,-0.99877983,nan,nan,nan,nan,nan,nan,0.0,0.0,0.0,0.0,0.0,0.0,nan,nan,nan,1,0,0,0
5708237180,5708237174,-0.18848968,0.06377865,-0.48870045,0.010904672,-0.038039785,0.029397814,-0.9987841,nan,nan,nan,nan,nan,nan,0.0,0.0,0.0,0.0,0.0,0.0,nan,nan,nan,1,0,0,0
5708246299,5708246293,-0.1885108,0.063718945,-0.4892352,0.010648464,-0.03803117,0.02966332,-0.99877936,nan,nan,nan,nan,nan,nan,0.0,0.0,0.0,0.0,0.0,0.0,nan,nan,nan,1,0,0,0
5708264118,5708264112,-0.18851925,0.06370745,-0.4897224,0.010633491,-0.038527098,0.029903755,-0.9987534,nan,nan,nan,nan,nan,nan,0.0,0.0,0.0,0.0,0.0,0.0,nan,nan,nan,1,0,0,0
5708266292,5708266287,-0.18837671,0.06459932,-0.49101317,0.008989669,-0.047058254,0.024065452,-0.9985618,nan,nan,nan,nan,nan,nan,0.0,0.0,0.0,0.0,0.0,0.0,nan,nan,nan,1,0,0,0
5708272655,5708272650,-0.18838646,0.064591,-0.4914437,0.008755235,-0.047162324,0.02395211,-0.9985616,nan,nan,nan,nan,nan,nan,0.0,0.0,0.0,0.0,0.0,0.0,nan,nan,nan,1,0,0,0
5708279712,5708279706,-0.18839085,0.064589515,-0.49183935,0.008607301,-0.047095116,0.023972675,-0.9985657,nan,nan,nan,nan,nan,nan,0.0,0.0,0.0,0.0,0.0,0.0,nan,nan,nan,1,0,0,0
5708290195,5708290189,-0.18837093,0.06459878,-0.49218267,0.008268265,-0.04701687,0.023912853,-0.99857354,nan,nan,nan,nan,nan,nan,0.0,0.0,0.0,0.0,0.0,0.0,nan,nan,nan,1,0,0,0
5708296292,5708296287,-0.18842915,0.0644317,-0.49214336,0.009300523,-0.044740148,0.024559902,-0.9986534,nan,nan,nan,nan,nan,nan,0.0,0.0,0.0,0.0,0.0,0.0,nan,nan,nan,1,0,0,0
5708303646,5708303641,-0.18839078,0.06460416,-0.49269658,0.008457801,-0.04710535,0.024189634,-0.99856114,nan,nan,nan,nan,nan,nan,0.0,0.0,0.0,0.0,0.0,0.0,nan,nan,nan,1,0,0,0
5708329748,5708329742,-0.18840499,0.06456099,-0.49287802,0.008311591,-0.04702282,0.024220124,-0.9985656,nan,nan,nan,nan,nan,nan,0.0,0.0,0.0,0.0,0.0,0.0,nan,nan,nan,1,0,0,0
5708331903,5708331897,-0.18854858,0.06376511,-0.4923072,0.010031204,-0.03837762,0.029971309,-0.9987634,nan,nan,nan,nan,nan,nan,0.0,0.0,0.0,0.0,0.0,0.0,nan,nan,nan,1,0,0,0
5708339483,5708339477,-0.18845797,0.06457856,-0.49303752,0.0076268935,-0.046866972,0.024196057,-0.99857897,nan,nan,nan,nan,nan,nan,0.0,0.0,0.0,0.0,0.0,0.0,nan,nan,nan,1,0,0,0
5708347286,5708347279,-0.18846633,0.06457588,-0.49299583,0.007393682,-0.046815157,0.024540441,-0.99857473,nan,nan,nan,nan,nan,nan,0.0,0.0,0.0,0.0,0.0,0.0,nan,nan,nan,1,0,0,0
5708355357,5708355352,-0.18854445,0.06411078,-0.49242705,0.008846629,-0.041097194,0.02672489,-0.9987585,nan,nan,nan,nan,nan,nan,0.0,0.0,0.0,0.0,0.0,0.0,nan,nan,nan,1,0,0,0
5708362293,5708362287,-0.18857463,0.06411551,-0.49231353,0.008554173,-0.04090511,0.026841283,-0.9987658,nan,nan,nan,nan,nan,nan,0.0,0.0,0.0,0.0,0.0,0.0,nan,nan,nan,1,0,0,0
5708371436,5708371431,-0.18862246,0.06415595,-0.49214727,0.007958719,-0.04097615,0.02681512,-0.99876857,nan,nan,nan,nan,nan,nan,0.0,0.0,0.0,0.0,0.0,0.0,nan,nan,nan,1,0,0,0
5708381290,5708381284,-0.18856567,0.06462693,-0.49241677,0.0054771756,-0.046726912,0.02487107,-0.998583,nan,nan,nan,nan,nan,nan,0.0,0.0,0.0,0.0,0.0,0.0,nan,nan,nan,1,0,0,0
5708389593,5708389588,-0.18845834,0.06508564,-0.49261308,0.0032569969,-0.050179925,0.026904866,-0.9983725,nan,nan,nan,nan,nan,nan,0.0,0.0,0.0,0.0,0.0,0.0,nan,nan,nan,1,0,0,0
5708397350,5708397343,-0.1884878,0.065076135,-0.49233243,0.0025318412,-0.049848318,0.026289688,-0.99840754,nan,nan,nan,nan,nan,nan,0.0,0.0,0.0,0.0,0.0,0.0,nan,nan,nan,1,0,0,0
5708404329,5708404324,-0.18849419,0.0650799,-0.49202827,0.0017037985,-0.049809355,0.026023721,-0.9984182,nan,nan,nan,nan,nan,nan,0.0,0.0,0.0,0.0,0.0,0.0,nan,nan,nan,1,0,0,0
5708412354,5708412349,-0.1885076,0.06513447,-0.49170557,0.00071503996,-0.04961239,0.025873525,-0.99843305,nan,nan,nan,nan,nan,nan,0.0,0.0,0.0,0.0,0.0,0.0,nan,nan,nan,1,0,0,0
5708421310,5708421304,-0.1888168,0.064102456,-0.49027643,-0.0014445165,-0.05088529,0.034918886,-0.99809283,nan,nan,nan,nan,nan,nan,0.0,0.0,0.0,0.0,0.0,0.0,nan,nan,nan,1,0,0,0
5708429474,5708429469,-0.18897854,0.06343599,-0.48925155,8.692012e-05,-0.044401452,0.03524578,-0.99839187,nan,nan,nan,nan,nan,nan,0.0,0.0,0.0,0.0,0.0,0.0,nan,nan,nan,1,0,0,0
5708437840,5708437834,-0.18905914,0.063437305,-0.48871422,-0.0005273692,-0.044378825,0.03515973,-0.9983957,nan,nan,nan,nan,nan,nan,0.0,0.0,0.0,0.0,0.0,0.0,nan,nan,nan,1,0,0,0
5708446300,5708446295,-0.18897069,0.063814394,-0.4884869,0.0011417088,-0.036684606,0.028606497,-0.9989168,nan,nan,nan,nan,nan,nan,0.0,0.0,0.0,0.0,0.0,0.0,nan,nan,nan,1,0,0,0
5708454352,5708454347,-0.18899763,0.063888304,-0.48790455,0.00056764175,-0.036859665,0.028444864,-0.99891543,nan,nan,nan,nan,nan,nan,0.0,0.0,0.0,0.0,0.0,0.0,nan,nan,nan,1,0,0,0
5708463536,5708463531,-0.18909356,0.063542366,-0.4868855,0.0023678949,0.04508075,-0.034212664,0.99839455,nan,nan,nan,nan,nan,nan,0.0,0.0,0.0,0.0,0.0,0.0,nan,nan,nan,1,0,0,0
5708470703,5708470698,-0.18906839,0.06357424,-0.48621857,0.0034362446,0.04865372,-0.0324994,0.99828094,nan,nan,nan,nan,nan,nan,0.0,0.0,0.0,0.0,0.0,0.0,nan,nan,nan,1,0,0,0
5708479474,5708479468,-0.18894514,0.06405954,-0.48572487,0.0016358289,0.038912944,-0.028014887,0.9988485,nan,nan,nan,nan,nan,nan,0.0,0.0,0.0,0.0,0.0,0.0,nan,nan,nan,1,0,0,0
5708489276,5708489270,-0.18902196,0.06368353,-0.48462805,0.004612181,0.04700327,-0.033900205,0.99830866,nan,nan,nan,nan,nan,nan,0.0,0.0,0.0,0.0,0.0,0.0,nan,nan,nan,1,0,0,0
5708495571,5708495565,-0.18902063,0.064010456,-0.48395735,0.005967497,0.04935574,-0.035103433,0.99814636,nan,nan,nan,nan,nan,nan,0.0,0.0,0.0,0.0,0.0,0.0,nan,nan,nan,1,0,0,0
5708503570,5708503565,-0.18895406,0.06388701,-0.4829541,0.0020715129,0.037141196,-0.029057188,0.99888533,nan,nan,nan,nan,nan,nan,0.0,0.0,0.0,0.0,0.0,0.0,nan,nan,nan,1,0,0,0
5708512299,5708512294,-0.18907885,0.06388306,-0.48186946,0.0059180786,0.048547175,-0.032128546,0.9982865,nan,nan,nan,nan,nan,nan,0.0,0.0,0.0,0.0,0.0,0.0,nan,nan,nan,1,0,0,0
5708521286,5708521280,-0.18901007,0.06389913,-0.48102444,0.0025820425,0.03773755,-0.028493227,0.99887806,nan,nan,nan,nan,nan,nan,0.0,0.0,0.0,0.0,0.0,0.0,nan,nan,nan,1,0,0,0
5708529292,5708529287,-0.18903817,0.063928135,-0.48008618,0.0028741288,0.038435858,-0.028132308,0.9988608,nan,nan,nan,nan,nan,nan,0.0,0.0,0.0,0.0,0.0,0.0,nan,nan,nan,1,0,0,0
5708537147,5708537141,-0.18917555,0.063852035,-0.47898632,0.003427613,0.0419882,-0.036209,0.9984558,nan,nan,nan,nan,nan,nan,0.0,0.0,0.0,0.0,0.0,0.0,nan,nan,nan,1,0,0,0
5708546326,5708546320,-0.18897644,0.06512058,-0.4788448,0.0022584074,0.041894678,-0.026383186,0.9987711,nan,nan,nan,nan,nan,nan,0.0,0.0,0.0,0.0,0.0,0.0,nan,nan,nan,1,0,0,0
5708554298,5708554292,-0.18926817,0.06386222,-0.47660476,0.0041750683,0.046997055,-0.035747565,0.9982465,nan,nan,nan,nan,nan,nan,0.0,0.0,0.0,0.0,0.0,0.0,nan,nan,nan,1,0,0,0
5708565484,5708565478,-0.18922788,0.06383635,-0.47547635,-0.0005154794,-0.036056675,0.029527573,-0.9989133,nan,nan,nan,nan,nan,nan,0.0,0.0,0.0,0.0,0.0,0.0,nan,nan,nan,1,0,0,0
5708570584,5708570578,-0.18916197,0.06382847,-0.47424528,-0.00012634048,-0.035222698,0.029192634,-0.998953,nan,nan,nan,nan,nan,nan,0.0,0.0,0.0,0.0,0.0,0.0,nan,nan,nan,1,0,0,0
5708580474,5708580468,-0.18914832,0.06380752,-0.47297204,-0.00013328865,-0.03677859,0.028890647,-0.9989058,nan,nan,nan,nan,nan,nan,0.0,0.0,0.0,0.0,0.0,0.0,nan,nan,nan,1,0,0,0
5708589859,5708589853,-0.18895431,0.06407899,-0.47193784,0.0017571223,-0.037359003,0.025745258,-0.99896866,nan,nan,nan,nan,nan,nan,0.0,0.0,0.0,0.0,0.0,0.0,nan,nan,nan,1,0,0,0
5708596299,5708596293,-0.18886827,0.064988144,-0.4714652,0.0005981145,-0.04164664,0.026154168,-0.99878985,nan,nan,nan,nan,nan,nan,0.0,0.0,0.0,0.0,0.0,0.0,nan,nan,nan,1,0,0,0
5708604707,5708604702,-0.18876615,0.064727694,-0.46989205,0.00018921588,-0.044696636,0.023116281,-0.9987331,nan,nan,nan,nan,nan,nan,0.0,0.0,0.0,0.0,0.0,0.0,nan,nan,nan,1,0,0,0
5708614348,5708614318,-0.1888207,0.06413657,-0.46787283,0.0018604924,0.051007114,-0.030127587,0.9982421,nan,nan,nan,nan,nan,nan,0.0,0.0,0.0,0.0,0.0,0.0,nan,nan,nan,1,0,0,0
5708622293,5708622287,-0.18881181,0.06382759,-0.4661361,0.0019336896,-0.037520505,0.027908333,-0.9989042,nan,nan,nan,nan,nan,nan,0.0,0.0,0.0,0.0,0.0,0.0,nan,nan,nan,1,0,0,0
5708630294,5708630289,-0.18878055,0.06424329,-0.46494254,0.0022848372,0.052062135,-0.028813569,0.99822545,nan,nan,nan,nan,nan,nan,0.0,0.0,0.0,0.0,0.0,0.0,nan,nan,nan,1,0,0,0
5708636997,5708636991,-0.1887443,0.064752825,-0.463919,0.0015360841,-0.043303173,0.022670329,-0.99880356,nan,nan,nan,nan,nan,nan,0.0,0.0,0.0,0.0,0.0,0.0,nan,nan,nan,1,0,0,0
5708646304,5708646298,-0.18864295,0.06526106,-0.46255568,0.0007239582,-0.048408013,0.021399252,-0.99859816,nan,nan,nan,nan,nan,nan,0.0,0.0,0.0,0.0,0.0,0.0,nan,nan,nan,1,0,0,0
5708654298,5708654292,-0.18866992,0.06438664,-0.46032968,0.005032692,-0.034119323,0.026956141,-0.99904156,nan,nan,nan,nan,nan,nan,0.0,0.0,0.0,0.0,0.0,0.0,nan,nan,nan,1,0,0,0
5708662291,5708662286,-0.18861032,0.0652909,-0.4590357,0.00079188147,-0.04974433,0.021913668,-0.99852127,nan,nan,nan,nan,nan,nan,0.0,0.0,0.0,0.0,0.0,0.0,nan,nan,nan,1,0,0,0
5708672362,5708672357,-0.18886474,0.06377104,-0.4562159,0.0029492704,-0.035863537,0.028199652,-0.9989544,nan,nan,nan,nan,nan,nan,0.0,0.0,0.0,0.0,0.0,0.0,nan,nan,nan,1,0,0,0
5708680292,5708680287,-0.18884858,0.06376083,-0.45444876,0.0029828064,-0.03590028,0.027072227,-0.99898416,nan,nan,nan,nan,nan,nan,0.0,0.0,0.0,0.0,0.0,0.0,nan,nan,nan,1,0,0,0
5708687297,5708687292,-0.18867096,0.064865835,-0.45352167,0.002359031,-0.041172173,0.02474207,-0.99884284,nan,nan,nan,nan,nan,nan,0.0,0.0,0.0,0.0,0.0,0.0,nan,nan,nan,1,0,0,0
5708696430,5708696425,-0.1888213,0.06375589,-0.45068207,0.003023498,-0.03731993,0.02741114,-0.9989227,nan,nan,nan,nan,nan,nan,0.0,0.0,0.0,0.0,0.0,0.0,nan,nan,nan,1,0,0,0
5708703334,5708703328,-0.18883911,0.063826755,-0.44884908,0.0026189687,-0.036707804,0.027263932,-0.9989506,nan,nan,nan,nan,nan,nan,0.0,0.0,0.0,0.0,0.0,0.0,nan,nan,nan,1,0,0,0
5708713470,5708713465,-0.18882348,0.0640617,-0.4469634,0.003298387,-0.038641345,0.024508597,-0.9989471,nan,nan,nan,nan,nan,nan,0.0,0.0,0.0,0.0,0.0,0.0,nan,nan,nan,1,0,0,0
5708722359,5708722353,-0.1888471,0.06452367,-0.44545916,0.0011495213,-0.042920418,0.025877183,-0.99874264,nan,nan,nan,nan,nan,nan,0.0,0.0,0.0,0.0,0.0,0.0,nan,nan,nan,1,0,0,0
5708729296,5708729290,-0.1890372,0.06326985,-0.44236135,0.0010971159,-0.043507297,0.03485414,-0.9984443,nan,nan,nan,nan,nan,nan,0.0,0.0,0.0,0.0,0.0,0.0,nan,nan,nan,1,0,0,0
5708736831,5708736826,-0.18897776,0.06320054,-0.4403776,0.0003934294,-0.0440147,0.034065567,-0.99844986,nan,nan,nan,nan,nan,nan,0.0,0.0,0.0,0.0,0.0,0.0,nan,nan,nan,1,0,0,0
5708746463,5708746458,-0.18867277,0.06467704,-0.4392711,0.0015745583,-0.046310447,0.022558043,-0.9986711,nan,nan,nan,nan,nan,nan,0.0,0.0,0.0,0.0,0.0,0.0,nan,nan,nan,1,0,0,0
5708755319,5708755314,-0.18859552,0.06361729,-0.43655717,0.0040586395,-0.036323015,0.028769495,-0.99891764,nan,nan,nan,nan,nan,nan,0.0,0.0,0.0,0.0,0.0,0.0,nan,nan,nan,1,0,0,0
5708763293,5708763288,-0.18865798,0.06332553,-0.4343084,0.002618813,-0.039887495,0.03672998,-0.9985254,nan,nan,nan,nan,nan,nan,0.0,0.0,0.0,0.0,0.0,0.0,nan,nan,nan,1,0,0,0
5708771601,5708771596,-0.18873337,0.06317465,-0.43187428,0.0012569606,-0.044917807,0.033739977,-0.99842,nan,nan,nan,nan,nan,nan,0.0,0.0,0.0,0.0,0.0,0.0,nan,nan,nan,1,0,0,0
5708781387,5708781381,-0.18854323,0.06361297,-0.4301696,0.0029560532,-0.03691343,0.027847249,-0.998926,nan,nan,nan,nan,nan,nan,0.0,0.0,0.0,0.0,0.0,0.0,nan,nan,nan,1,0,0,0
5708789134,5708789129,-0.1884007,0.06352991,-0.42814478,0.0034783343,-0.036498893,0.02706835,-0.998961,nan,nan,nan,nan,nan,nan,0.0,0.0,0.0,0.0,0.0,0.0,nan,nan,nan,1,0,0,0
5708796372,5708796366,-0.18836461,0.06381851,-0.42617205,-0.0011682694,-0.049829237,0.033573963,-0.9981926,nan,nan,nan,nan,nan,nan,0.0,0.0,0.0,0.0,0.0,0.0,nan,nan,nan,1,0,0,0
5708804456,5708804450,-0.1885475,0.063233495,-0.4233735,0.0007159796,-0.045594,0.03298161,-0.9984152,nan,nan,nan,nan,nan,nan,0.0,0.0,0.0,0.0,0.0,0.0,nan,nan,nan,1,0,0,0
5708814299,5708814293,-0.18840411,0.06308759,-0.42124245,0.0009955888,-0.04411326,0.032916315,-0.9984836,nan,nan,nan,nan,nan,nan,0.0,0.0,0.0,0.0,0.0,0.0,nan,nan,nan,1,0,0,0
5708821390,5708821361,-0.18814903,0.06503612,-0.42043695,0.00036436142,-0.049656898,0.021796912,-0.9985284,nan,nan,nan,nan,nan,nan,0.0,0.0,0.0,0.0,0.0,0.0,nan,nan,nan,1,0,0,0
5708829292,5708829287,-0.18808506,0.06493366,-0.41822678,0.00077648775,-0.048937395,0.02271612,-0.9985432,nan,nan,nan,nan,nan,nan,0.0,0.0,0.0,0.0,0.0,0.0,nan,nan,nan,1,0,0,0
5708839470,5708839465,-0.18814202,0.06339476,-0.41500983,0.003948914,-0.036760483,0.028103994,-0.99892104,nan,nan,nan,nan,nan,nan,0.0,0.0,0.0,0.0,0.0,0.0,nan,nan,nan,1,0,0,0
5708845301,5708845296,-0.18792282,0.06490836,-0.413745,0.0013471964,-0.050259046,0.022458075,-0.99848276,nan,nan,nan,nan,nan,nan,0.0,0.0,0.0,0.0,0.0,0.0,nan,nan,nan,1,0,0,0
5708854298,5708854292,-0.18795528,0.06342762,-0.41053012,0.004580688,-0.037057314,0.028367594,-0.99889994,nan,nan,nan,nan,nan,nan,0.0,0.0,0.0,0.0,0.0,0.0,nan,nan,nan,1,0,0,0
5708862293,5708862287,-0.18763453,0.06573673,-0.4100388,0.0021156555,-0.045366533,0.035762183,-0.99832785,nan,nan,nan,nan,nan,nan,0.0,0.0,0.0,0.0,0.0,0.0,nan,nan,nan,1,0,0,0
5708870869,5708870863,-0.18778317,0.06486098,-0.406998,0.001964052,-0.04993352,0.023342997,-0.99847776,nan,nan,nan,nan,nan,nan,0.0,0.0,0.0,0.0,0.0,0.0,nan,nan,nan,1,0,0,0
5708879351,5708879346,-0.18786846,0.06344332,-0.40361992,0.005345997,-0.037769277,0.029692225,-0.998831,nan,nan,nan,nan,nan,nan,0.0,0.0,0.0,0.0,0.0,0.0,nan,nan,nan,1,0,0,0
5708889354,5708889349,-0.18768659,0.064737074,-0.4022982,0.0024495528,-0.050039873,0.023283008,-0.99847287,nan,nan,nan,nan,nan,nan,0.0,0.0,0.0,0.0,0.0,0.0,nan,nan,nan,1,0,0,0
5708896385,5708896380,-0.18774772,0.06332569,-0.39902073,0.00649673,-0.036576804,0.029631356,-0.9988703,nan,nan,nan,nan,nan,nan,0.0,0.0,0.0,0.0,0.0,0.0,nan,nan,nan,1,0,0,0
5708904369,5708904364,-0.18773364,0.063190736,-0.39665368,0.0060820677,-0.037068143,0.028638577,-0.9988838,nan,nan,nan,nan,nan,nan,0.0,0.0,0.0,0.0,0.0,0.0,nan,nan,nan,1,0,0,0
5708912852,5708912846,-0.1876747,0.063160315,-0.39432588,0.0070257946,-0.036472566,0.028732168,-0.99889684,nan,nan,nan,nan,nan,nan,0.0,0.0,0.0,0.0,0.0,0.0,nan,nan,nan,1,0,0,0
5708921292,5708921287,-0.18752475,0.06460454,-0.3929278,0.003549428,-0.04804687,0.02373606,-0.99855673,nan,nan,nan,nan,nan,nan,0.0,0.0,0.0,0.0,0.0,0.0,nan,nan,nan,1,0,0,0
5708929292,5708929287,-0.18731686,0.065470554,-0.39132473,0.0040606083,-0.04492927,0.03653299,-0.9983137,nan,nan,nan,nan,nan,nan,0.0,0.0,0.0,0.0,0.0,0.0,nan,nan,nan,1,0,0,0
5708938719,5708938686,-0.1877324,0.06314099,-0.38716242,0.005890508,-0.036715325,0.028859615,-0.9988916,nan,nan,nan,nan,nan,nan,0.0,0.0,0.0,0.0,0.0,0.0,nan,nan,nan,1,0,0,0
5708946298,5708946293,-0.18736586,0.0646144,-0.38566756,0.0036260816,-0.049575943,0.024386251,-0.99846596,nan,nan,nan,nan,nan,nan,0.0,0.0,0.0,0.0,0.0,0.0,nan,nan,nan,1,0,0,0
5708954297,5708954292,-0.18733731,0.06450688,-0.38326967,0.0032450142,-0.048149202,0.024140049,-0.99854314,nan,nan,nan,nan,nan,nan,0.0,0.0,0.0,0.0,0.0,0.0,nan,nan,nan,1,0,0,0
5708962744,5708962739,-0.18750212,0.062717184,-0.37945187,0.0037203103,-0.04323224,0.03604376,-0.99840766,nan,nan,nan,nan,nan,nan,0.0,0.0,0.0,0.0,0.0,0.0,nan,nan,nan,1,0,0,0
5708970739,5708970733,-0.18721576,0.06292897,-0.3773237,0.006230228,-0.03518888,0.029680708,-0.99892044,nan,nan,nan,nan,nan,nan,0.0,0.0,0.0,0.0,0.0,0.0,nan,nan,nan,1,0,0,0
5708980324,5708980318,-0.18693283,0.06446639,-0.37587735,0.0021350873,-0.049641766,0.024694646,-0.9984594,nan,nan,nan,nan,nan,nan,0.0,0.0,0.0,0.0,0.0,0.0,nan,nan,nan,1,0,0,0
5708988789,5708988784,-0.18694124,0.063037544,-0.3723654,0.0044364287,-0.0371312,0.030626802,-0.99883103,nan,nan,nan,nan,nan,nan,0.0,0.0,0.0,0.0,0.0,0.0,nan,nan,nan,1,0,0,0
5708996292,5708996286,-0.18660124,0.06444449,-0.37087244,0.0007078981,-0.050562248,0.024855085,-0.99841136,nan,nan,nan,nan,nan,nan,0.0,0.0,0.0,0.0,0.0,0.0,nan,nan,nan,1,0,0,0
5709003608,5709003602,-0.18656242,0.06288241,-0.36745238,0.0031514522,-0.037206113,0.030590445,-0.99883425,nan,nan,nan,nan,nan,nan,0.0,0.0,0.0,0.0,0.0,0.0,nan,nan,nan,1,0,0,0
5709013295,5709013290,-0.18634185,0.06431616,-0.36578545,-0.00024730616,-0.051918216,0.024664158,-0.9983467,nan,nan,nan,nan,nan,nan,0.0,0.0,0.0,0.0,0.0,0.0,nan,nan,nan,1,0,0,0
5709021294,5709021289,-0.18628626,0.06431668,-0.36329755,-0.0005609081,-0.050723996,0.026009815,-0.99837375,nan,nan,nan,nan,nan,nan,0.0,0.0,0.0,0.0,0.0,0.0,nan,nan,nan,1,0,0,0
5709030291,5709030286,-0.18646957,0.06275618,-0.3596575,0.0019212748,-0.03888568,0.03074081,-0.9987688,nan,nan,nan,nan,nan,nan,0.0,0.0,0.0,0.0,0.0,0.0,nan,nan,nan,1,0,0,0
5709039040,5709039035,-0.18623799,0.06427486,-0.3580919,0.0003561261,-0.051705405,0.026085991,-0.9983216,nan,nan,nan,nan,nan,nan,0.0,0.0,0.0,0.0,0.0,0.0,nan,nan,nan,1,0,0,0
5709046302,5709046297,-0.18643314,0.06279055,-0.3545755,0.00317381,-0.038776718,0.03261516,-0.99871045,nan,nan,nan,nan,nan,nan,0.0,0.0,0.0,0.0,0.0,0.0,nan,nan,nan,1,0,0,0
5709054297,5709054291,-0.18627702,0.064154394,-0.35302043,0.0012902996,-0.050194222,0.02593742,-0.99840176,nan,nan,nan,nan,nan,nan,0.0,0.0,0.0,0.0,0.0,0.0,nan,nan,nan,1,0,0,0
5709063294,5709063288,-0.1865468,0.06273776,-0.34969333,0.005006136,-0.03668049,0.03179616,-0.9988085,nan,nan,nan,nan,nan,nan,0.0,0.0,0.0,0.0,0.0,0.0,nan,nan,nan,1,0,0,0
5709070590,5709070584,-0.18652311,0.064098895,-0.34799317,0.0032372503,-0.04738224,0.026513133,-0.9985196,nan,nan,nan,nan,nan,nan,0.0,0.0,0.0,0.0,0.0,0.0,nan,nan,nan,1,0,0,0
5709079301,5709079296,-0.18677042,0.06273583,-0.34454426,0.006131076,-0.03559327,0.030400358,-0.99888504,nan,nan,nan,nan,nan,nan,0.0,0.0,0.0,0.0,0.0,0.0,nan,nan,nan,1,0,0,0
5709091295,5709091290,-0.18657741,0.064127065,-0.34293965,0.0042194254,-0.04740856,0.025737898,-0.998535,nan,nan,nan,nan,nan,nan,0.0,0.0,0.0,0.0,0.0,0.0,nan,nan,nan,1,0,0,0
5709096313,5709096307,-0.1865459,0.06313829,-0.3399678,0.009189862,-0.029539492,0.033625275,-0.9989556,nan,nan,nan,nan,nan,nan,0.0,0.0,0.0,0.0,0.0,0.0,nan,nan,nan,1,0,0,0
5709104710,5709104705,-0.18650846,0.062714584,-0.33704904,0.0058291545,-0.03659895,0.029612066,-0.99887425,nan,nan,nan,nan,nan,nan,0.0,0.0,0.0,0.0,0.0,0.0,nan,nan,nan,1,0,0,0
5709113482,5709113477,-0.18626718,0.063967936,-0.33530498,0.0040349714,-0.04952551,0.022903264,-0.9985021,nan,nan,nan,nan,nan,nan,0.0,0.0,0.0,0.0,0.0,0.0,nan,nan,nan,1,0,0,0
5709120296,5709120290,-0.1862088,0.06392631,-0.33287948,0.003625543,-0.047899634,0.02373567,-0.9985635,nan,nan,nan,nan,nan,nan,0.0,0.0,0.0,0.0,0.0,0.0,nan,nan,nan,1,0,0,0
5709130297,5709130292,-0.18623605,0.063931316,-0.3302673,0.0024950649,-0.04794933,0.02512807,-0.9985305,nan,nan,nan,nan,nan,nan,0.0,0.0,0.0,0.0,0.0,0.0,nan,nan,nan,1,0,0,0
5709138025,5709138018,-0.18612228,0.06386094,-0.32763398,0.0033863871,-0.047332637,0.02384687,-0.99858874,nan,nan,nan,nan,nan,nan,0.0,0.0,0.0,0.0,0.0,0.0,nan,nan,nan,1,0,0,0
5709146324,5709146318,-0.18622695,0.0637987,-0.3250599,0.002090642,-0.04679539,0.025226086,-0.9985838,nan,nan,nan,nan,nan,nan,0.0,0.0,0.0,0.0,0.0,0.0,nan,nan,nan,1,0,0,0
5709154323,5709154318,-0.18636109,0.06271747,-0.32162523,0.0027842459,-0.03715775,0.02489284,-0.9989954,nan,nan,nan,nan,nan,nan,0.0,0.0,0.0,0.0,0.0,0.0,nan,nan,nan,1,0,0,0
5709166293,5709166287,-0.1861744,0.06291312,-0.31915566,0.0022794027,-0.038537167,0.02483056,-0.998946,nan,nan,nan,nan,nan,nan,0.0,0.0,0.0,0.0,0.0,0.0,nan,nan,nan,1,0,0,0
5709170470,5709170464,-0.18595394,0.06371905,-0.31720042,0.0001594299,-0.04817317,0.023207327,-0.9985693,nan,nan,nan,nan,nan,nan,0.0,0.0,0.0,0.0,0.0,0.0,nan,nan,nan,1,0,0,0
5709180292,5709180286,-0.1861318,0.06282353,-0.31381473,0.0016064451,-0.038042836,0.02439152,-0.9989771,nan,nan,nan,nan,nan,nan,0.0,0.0,0.0,0.0,0.0,0.0,nan,nan,nan,1,0,0,0
5709189181,5709189176,-0.18591674,0.06376943,-0.31186593,-0.0004809867,-0.047626015,0.024004938,-0.9985767,nan,nan,nan,nan,nan,nan,0.0,0.0,0.0,0.0,0.0,0.0,nan,nan,nan,1,0,0,0
5709196298,5709196292,-0.18623032,0.06284045,-0.3082252,0.0012330024,-0.037959855,0.023845434,-0.99899393,nan,nan,nan,nan,nan,nan,0.0,0.0,0.0,0.0,0.0,0.0,nan,nan,nan,1,0,0,0
5709203413,5709203385,-0.18628223,0.06298428,-0.30559844,0.0021287808,-0.03756512,0.023883529,-0.99900645,nan,nan,nan,nan,nan,nan,0.0,0.0,0.0,0.0,0.0,0.0,nan,nan,nan,1,0,0,0
5709213487,5709213481,-0.18607329,0.0634197,-0.3034365,0.006983619,-0.030231297,0.0314644,-0.9990232,nan,nan,nan,nan,nan,nan,0.0,0.0,0.0,0.0,0.0,0.0,nan,nan,nan,1,0,0,0
5709221295,5709221290,-0.18638842,0.062973015,-0.3000079,0.0020018793,-0.036408007,0.0239338,-0.99904835,nan,nan,nan,nan,nan,nan,0.0,0.0,0.0,0.0,0.0,0.0,nan,nan,nan,1,0,0,0
5709229291,5709229286,-0.18584473,0.06482264,-0.29882914,0.0024451192,-0.043438837,0.03484714,-0.99844515,nan,nan,nan,nan,nan,nan,0.0,0.0,0.0,0.0,0.0,0.0,nan,nan,nan,1,0,0,0
5709238304,5709238297,-0.18592316,0.06419459,-0.29556534,0.0030506172,-0.039742652,0.032787643,-0.9986672,nan,nan,nan,nan,nan,nan,0.0,0.0,0.0,0.0,0.0,0.0,nan,nan,nan,1,0,0,0
5709246373,5709246343,-0.18597157,0.06376715,-0.29263017,-0.00028335289,-0.047394525,0.025242016,-0.9985572,nan,nan,nan,nan,nan,nan,0.0,0.0,0.0,0.0,0.0,0.0,nan,nan,nan,1,0,0,0
5709255314,5709255309,-0.18600501,0.06409974,-0.28990877,0.00086934125,-0.040502135,0.033966705,-0.99860156,nan,nan,nan,nan,nan,nan,0.0,0.0,0.0,0.0,0.0,0.0,nan,nan,nan,1,0,0,0
5709263296,5709263291,-0.18587817,0.06466601,-0.28734773,-0.0011069668,-0.04400986,0.03578257,-0.99838936,nan,nan,nan,nan,nan,nan,0.0,0.0,0.0,0.0,0.0,0.0,nan,nan,nan,1,0,0,0
5709271661,5709271628,-0.18604739,0.06368169,-0.2839905,0.003566456,0.047599643,-0.026139751,0.99851805,nan,nan,nan,nan,nan,nan,0.0,0.0,0.0,0.0,0.0,0.0,nan,nan,nan,1,0,0,0
5709279522,5709279516,-0.18592726,0.064491145,-0.2816095,0.0035639359,0.04395695,-0.03495059,0.99841547,nan,nan,nan,nan,nan,nan,0.0,0.0,0.0,0.0,0.0,0.0,nan,nan,nan,1,0,0,0
5709288293,5709288288,-0.18614215,0.06362027,-0.27825922,0.0054019387,0.047542516,-0.02584643,0.99852014,nan,nan,nan,nan,nan,nan,0.0,0.0,0.0,0.0,0.0,0.0,nan,nan,nan,1,0,0,0
5709296292,5709296287,-0.18620703,0.063528106,-0.27525812,0.005742724,0.04802816,-0.025452893,0.9985052,nan,nan,nan,nan,nan,nan,0.0,0.0,0.0,0.0,0.0,0.0,nan,nan,nan,1,0,0,0
5709303199,5709303194,-0.18621151,0.06357091,-0.27234542,0.006876521,0.047672484,-0.026545044,0.9984866,nan,nan,nan,nan,nan,nan,0.0,0.0,0.0,0.0,0.0,0.0,nan,nan,nan,1,0,0,0
5709312435,5709312429,-0.18634985,0.063426495,-0.2692866,0.006605432,0.04769536,-0.026242264,0.99849534,nan,nan,nan,nan,nan,nan,0.0,0.0,0.0,0.0,0.0,0.0,nan,nan,nan,1,0,0,0
5709321296,5709321291,-0.1864455,0.06348397,-0.26623368,0.007299945,0.047614172,-0.027112683,0.9984711,nan,nan,nan,nan,nan,nan,0.0,0.0,0.0,0.0,0.0,0.0,nan,nan,nan,1,0,0,0
5709329417,5709329411,-0.18634412,0.06431847,-0.26367742,0.006278257,0.04345936,-0.03604218,0.9983851,nan,nan,nan,nan,nan,nan,0.0,0.0,0.0,0.0,0.0,0.0,nan,nan,nan,1,0,0,0
5709339116,5709339111,-0.18651588,0.06349192,-0.26014575,0.0070819226,0.04737908,-0.027553264,0.9984718,nan,nan,nan,nan,nan,nan,0.0,0.0,0.0,0.0,0.0,0.0,nan,nan,nan,1,0,0,0
5709346314,5709346309,-0.1864583,0.06425591,-0.25757706,0.0064861053,0.04345007,-0.035836212,0.9983915,nan,nan,nan,nan,nan,nan,0.0,0.0,0.0,0.0,0.0,0.0,nan,nan,nan,1,0,0,0
5709354383,5709354378,-0.1865321,0.06342897,-0.2539736,0.007764869,0.047338422,-0.02614709,0.9985065,nan,nan,nan,nan,nan,nan,0.0,0.0,0.0,0.0,0.0,0.0,nan,nan,nan,1,0,0,0
5709363293,5709363288,-0.18651496,0.06422265,-0.2514894,0.006618113,0.042177763,-0.035333276,0.9984632,nan,nan,nan,nan,nan,nan,0.0,0.0,0.0,0.0,0.0,0.0,nan,nan,nan,1,0,0,0
5709370816,5709370810,-0.1867447,0.063442536,-0.24797243,0.007830819,0.046415303,-0.026186552,0.9985482,nan,nan,nan,nan,nan,nan,0.0,0.0,0.0,0.0,0.0,0.0,nan,nan,nan,1,0,0,0
5709380324,5709380319,-0.18685575,0.06335433,-0.24483912,0.0070975376,0.04598072,-0.025244527,0.9985981,nan,nan,nan,nan,nan,nan,0.0,0.0,0.0,0.0,0.0,0.0,nan,nan,nan,1,0,0,0
5709388405,5709388400,-0.18680589,0.06358979,-0.24171212,0.0045200414,0.03882674,-0.032997392,0.9986908,nan,nan,nan,nan,nan,nan,0.0,0.0,0.0,0.0,0.0,0.0,nan,nan,nan,1,0,0,0
5709397657,5709397652,-0.18684599,0.06380098,-0.2386626,0.0044895364,0.04016994,-0.034952287,0.9985712,nan,nan,nan,nan,nan,nan,0.0,0.0,0.0,0.0,0.0,0.0,nan,nan,nan,1,0,0,0
5709404332,5709404326,-0.18698001,0.06280563,-0.23490453,0.004214369,0.039775297,-0.024792695,0.9988921,nan,nan,nan,nan,nan,nan,0.0,0.0,0.0,0.0,0.0,0.0,nan,nan,nan,1,0,0,0
5709412300,5709412294,-0.18682505,0.06364668,-0.23250128,0.0048259357,0.04041486,-0.033376448,0.9986137,nan,nan,nan,nan,nan,nan,0.0,0.0,0.0,0.0,0.0,0.0,nan,nan,nan,1,0,0,0
5709421293,5709421287,-0.18691495,0.06273247,-0.2286521,0.0046795886,0.040456094,-0.02493324,0.9988592,nan,nan,nan,nan,nan,nan,0.0,0.0,0.0,0.0,0.0,0.0,nan,nan,nan,1,0,0,0
5709428291,5709428286,-0.1868408,0.063728176,-0.22620675,0.005107984,0.041372146,-0.036101013,0.9984783,nan,nan,nan,nan,nan,nan,0.0,0.0,0.0,0.0,0.0,0.0,nan,nan,nan,1,0,0,0
5709438276,5709438271,-0.1869508,0.062462986,-0.22228803,0.005316399,0.040138185,-0.026110513,0.99883884,nan,nan,nan,nan,nan,nan,0.0,0.0,0.0,0.0,0.0,0.0,nan,nan,nan,1,0,0,0
5709445301,5709445295,-0.18688321,0.063490115,-0.21988297,0.0050432896,0.040884405,-0.036615673,0.99847996,nan,nan,nan,nan,nan,nan,0.0,0.0,0.0,0.0,0.0,0.0,nan,nan,nan,1,0,0,0
5709454480,5709454475,-0.18691742,0.06325206,-0.21679883,0.005121109,0.04039344,-0.035469998,0.99854094,nan,nan,nan,nan,nan,nan,0.0,0.0,0.0,0.0,0.0,0.0,nan,nan,nan,1,0,0,0
5709462304,5709462299,-0.18706264,0.062218074,-0.21299966,0.005270842,0.04006412,-0.026790362,0.998824,nan,nan,nan,nan,nan,nan,0.0,0.0,0.0,0.0,0.0,0.0,nan,nan,nan,1,0,0,0
5709470756,5709470750,-0.18705674,0.0622523,-0.20996995,0.00595457,0.04194128,-0.028203808,0.9987042,nan,nan,nan,nan,nan,nan,0.0,0.0,0.0,0.0,0.0,0.0,nan,nan,nan,1,0,0,0
5709479292,5709479286,-0.18702425,0.06299407,-0.20761918,0.0051738103,0.038720313,-0.036709554,0.99856216,nan,nan,nan,nan,nan,nan,0.0,0.0,0.0,0.0,0.0,0.0,nan,nan,nan,1,0,0,0
5709488891,5709488856,-0.18710773,0.062262397,-0.20405619,0.0057145376,0.040590666,-0.028992778,0.9987388,nan,nan,nan,nan,nan,nan,0.0,0.0,0.0,0.0,0.0,0.0,nan,nan,nan,1,0,0,0
5709495474,5709495468,-0.18686485,0.06301041,-0.20176892,0.006029623,0.039702807,-0.03775486,0.9984798,nan,nan,nan,nan,nan,nan,0.0,0.0,0.0,0.0,0.0,0.0,nan,nan,nan,1,0,0,0
5709504281,5709504276,-0.1867712,0.062928125,-0.19893757,0.006463696,0.039724786,-0.035898097,0.99854475,nan,nan,nan,nan,nan,nan,0.0,0.0,0.0,0.0,0.0,0.0,nan,nan,nan,1,0,0,0
5709513346,5709513340,-0.18682559,0.062128037,-0.19544928,0.006559941,0.041516025,-0.027350737,0.9987418,nan,nan,nan,nan,nan,nan,0.0,0.0,0.0,0.0,0.0,0.0,nan,nan,nan,1,0,0,0
5709522347,5709522341,-0.18685335,0.062217884,-0.1928588,0.007876546,0.042540878,-0.0264187,0.9987143,nan,nan,nan,nan,nan,nan,0.0,0.0,0.0,0.0,0.0,0.0,nan,nan,nan,1,0,0,0
5709529292,5709529286,-0.18670014,0.06351019,-0.19108011,0.007951915,0.04273214,-0.03646264,0.99838924,nan,nan,nan,nan,nan,nan,0.0,0.0,0.0,0.0,0.0,0.0,nan,nan,nan,1,0,0,0
5709537991,5709537986,-0.18678273,0.06318335,-0.1882523,0.007933297,0.041606598,-0.03427849,0.9985144,nan,nan,nan,nan,nan,nan,0.0,0.0,0.0,0.0,0.0,0.0,nan,nan,nan,1,0,0,0
5709546330,5709546324,-0.18676655,0.06336618,-0.1855919,0.0077561536,0.04240424,-0.035304774,0.9984464,nan,nan,nan,nan,nan,nan,0.0,0.0,0.0,0.0,0.0,0.0,nan,nan,nan,1,0,0,0
5709554297,5709554291,-0.18699768,0.06245241,-0.18217808,0.008562693,0.0448545,-0.02605305,0.99861705,nan,nan,nan,nan,nan,nan,0.0,0.0,0.0,0.0,0.0,0.0,nan,nan,nan,1,0,0,0
5709563293,5709563288,-0.18684813,0.06304113,-0.18003105,0.0069842148,0.041166503,-0.034518406,0.99853146,nan,nan,nan,nan,nan,nan,0.0,0.0,0.0,0.0,0.0,0.0,nan,nan,nan,1,0,0,0
5709570582,5709570577,-0.18687233,0.06343384,-0.17768914,0.0068580243,0.041749183,-0.035989624,0.9984561,nan,nan,nan,nan,nan,nan,0.0,0.0,0.0,0.0,0.0,0.0,nan,nan,nan,1,0,0,0
5709580370,5709580365,-0.18694358,0.06333193,-0.17500478,0.007158683,0.042688113,-0.03545831,0.9984334,nan,nan,nan,nan,nan,nan,0.0,0.0,0.0,0.0,0.0,0.0,nan,nan,nan,1,0,0,0
5709588380,5709588374,-0.1869541,0.062522806,-0.17198193,0.008128802,0.045921374,-0.026586086,0.99855816,nan,nan,nan,nan,nan,nan,0.0,0.0,0.0,0.0,0.0,0.0,nan,nan,nan,1,0,0,0
5709596301,5709596296,-0.18685879,0.06329523,-0.16981114,0.007038613,0.042767856,-0.035409216,0.9984326,nan,nan,nan,nan,nan,nan,0.0,0.0,0.0,0.0,0.0,0.0,nan,nan,nan,1,0,0,0
5709604097,5709604090,-0.1869764,0.06248657,-0.1667463,0.0075956085,0.04626631,-0.026446844,0.9985501,nan,nan,nan,nan,nan,nan,0.0,0.0,0.0,0.0,0.0,0.0,nan,nan,nan,1,0,0,0
5709613290,5709613285,-0.1869235,0.06330778,-0.16475476,0.0066713197,0.041684825,-0.035453524,0.99847925,nan,nan,nan,nan,nan,nan,0.0,0.0,0.0,0.0,0.0,0.0,nan,nan,nan,1,0,0,0
5709621295,5709621289,-0.18692432,0.063270465,-0.16224107,0.006216535,0.042300895,-0.035280686,0.99846244,nan,nan,nan,nan,nan,nan,0.0,0.0,0.0,0.0,0.0,0.0,nan,nan,nan,1,0,0,0
5709629288,5709629282,-0.18690898,0.06323854,-0.15966918,0.006003782,0.041922055,-0.03556099,0.99846977,nan,nan,nan,nan,nan,nan,0.0,0.0,0.0,0.0,0.0,0.0,nan,nan,nan,1,0,0,0
5709638774,5709638769,-0.18688822,0.06326399,-0.15717812,0.0055568744,0.042603925,-0.03583245,0.9984338,nan,nan,nan,nan,nan,nan,0.0,0.0,0.0,0.0,0.0,0.0,nan,nan,nan,1,0,0,0
5709647883,5709647878,-0.18693204,0.063210905,-0.15470621,0.005384541,0.04213767,-0.035628345,0.9984618,nan,nan,nan,nan,nan,nan,0.0,0.0,0.0,0.0,0.0,0.0,nan,nan,nan,1,0,0,0
5709654296,5709654290,-0.18691196,0.063119136,-0.15233688,0.005558582,0.04170089,-0.0354762,0.9984846,nan,nan,nan,nan,nan,nan,0.0,0.0,0.0,0.0,0.0,0.0,nan,nan,nan,1,0,0,0
5709663294,5709663288,-0.18689631,0.06314096,-0.14979416,0.0048524216,0.042218313,-0.03545203,0.9984674,nan,nan,nan,nan,nan,nan,0.0,0.0,0.0,0.0,0.0,0.0,nan,nan,nan,1,0,0,0
5709670407,5709670402,-0.18692029,0.063067466,-0.14740422,0.0048190714,0.041850246,-0.035916753,0.9984665,nan,nan,nan,nan,nan,nan,0.0,0.0,0.0,0.0,0.0,0.0,nan,nan,nan,1,0,0,0
5709680310,5709680305,-0.18689626,0.0631108,-0.1450864,0.0046255896,0.042394128,-0.03542762,0.9984619,nan,nan,nan,nan,nan,nan,0.0,0.0,0.0,0.0,0.0,0.0,nan,nan,nan,1,0,0,0
5709688036,5709688031,-0.18681994,0.063150644,-0.14274664,0.0052595795,0.043276798,-0.03574543,0.9984096,nan,nan,nan,nan,nan,nan,0.0,0.0,0.0,0.0,0.0,0.0,nan,nan,nan,1,0,0,0
5709697294,5709697289,-0.18676797,0.06308385,-0.140468,0.0056611644,0.04296358,-0.03448858,0.9984651,nan,nan,nan,nan,nan,nan,0.0,0.0,0.0,0.0,0.0,0.0,nan,nan,nan,1,0,0,0
5709708729,5709708724,-0.18674932,0.063056804,-0.13819085,0.0061101806,0.043159295,-0.035099357,0.99843276,nan,nan,nan,nan,nan,nan,0.0,0.0,0.0,0.0,0.0,0.0,nan,nan,nan,1,0,0,0
5709713330,5709713324,-0.1867812,0.06304995,-0.13592671,0.006050516,0.042856723,-0.03464562,0.99846196,nan,nan,nan,nan,nan,nan,0.0,0.0,0.0,0.0,0.0,0.0,nan,nan,nan,1,0,0,0
5709721944,5709721938,-0.18680492,0.0629708,-0.1335959,0.006564514,0.042855762,-0.035035785,0.9984452,nan,nan,nan,nan,nan,nan,0.0,0.0,0.0,0.0,0.0,0.0,nan,nan,nan,1,0,0,0
5709729332,5709729326,-0.18685217,0.063001506,-0.13137123,0.0067432816,0.043203257,-0.03525778,0.99842125,nan,nan,nan,nan,nan,nan,0.0,0.0,0.0,0.0,0.0,0.0,nan,nan,nan,1,0,0,0
5709751826,5709751821,-0.18697529,0.0629487,-0.12691535,0.006871707,0.04298136,-0.035487,0.9984217,nan,nan,nan,nan,nan,nan,0.0,0.0,0.0,0.0,0.0,0.0,nan,nan,nan,1,0,0,0
5709757755,5709757749,-0.18704729,0.06287516,-0.124636926,0.007022799,0.042172246,-0.03523671,0.99846405,nan,nan,nan,nan,nan,nan,0.0,0.0,0.0,0.0,0.0,0.0,nan,nan,nan,1,0,0,0
5709763292,5709763287,-0.18703848,0.06285702,-0.1224906,0.0072757313,0.043040883,-0.03509814,0.9984301,nan,nan,nan,nan,nan,nan,0.0,0.0,0.0,0.0,0.0,0.0,nan,nan,nan,1,0,0,0
5709771713,5709771708,-0.18708701,0.06246021,-0.12011102,0.008543107,0.04595648,-0.031475175,0.99841094,nan,nan,nan,nan,nan,nan,0.0,0.0,0.0,0.0,0.0,0.0,nan,nan,nan,1,0,0,0
5709779298,5709779292,-0.18709141,0.06281029,-0.11815476,0.00781117,0.04304304,-0.035517637,0.9984111,nan,nan,nan,nan,nan,nan,0.0,0.0,0.0,0.0,0.0,0.0,nan,nan,nan,1,0,0,0
5709788434,5709788429,-0.18712904,0.0627803,-0.115965724,0.008256641,0.04295264,-0.034777746,0.99843746,nan,nan,nan,nan,nan,nan,0.0,0.0,0.0,0.0,0.0,0.0,nan,nan,nan,1,0,0,0
5709797303,5709797298,-0.1871623,0.06277282,-0.113901176,0.008281117,0.043556713,-0.03576104,0.9983763,nan,nan,nan,nan,nan,nan,0.0,0.0,0.0,0.0,0.0,0.0,nan,nan,nan,1,0,0,0
5709804499,5709804493,-0.18720418,0.06266146,-0.11168948,0.00884732,0.042822078,-0.035464466,0.9984139,nan,nan,nan,nan,nan,nan,0.0,0.0,0.0,0.0,0.0,0.0,nan,nan,nan,1,0,0,0
5709812295,5709812290,-0.18725294,0.06263621,-0.10954626,0.008687206,0.043555044,-0.03577408,0.9983725,nan,nan,nan,nan,nan,nan,0.0,0.0,0.0,0.0,0.0,0.0,nan,nan,nan,1,0,0,0
5709821678,5709821673,-0.18729328,0.06266093,-0.10749742,0.008889999,0.043178953,-0.035786446,0.9983866,nan,nan,nan,nan,nan,nan,0.0,0.0,0.0,0.0,0.0,0.0,nan,nan,nan,1,0,0,0
5709842017,5709842012,-0.18749234,0.062611304,-0.10350021,0.008987757,0.042669147,-0.035351682,0.9984232,nan,nan,nan,nan,nan,nan,0.0,0.0,0.0,0.0,0.0,0.0,nan,nan,nan,1,0,0,0
5709845300,5709845294,-0.18759093,0.06268519,-0.10135373,0.008891497,0.04188284,-0.035680886,0.9984456,nan,nan,nan,nan,nan,nan,0.0,0.0,0.0,0.0,0.0,0.0,nan,nan,nan,1,0,0,0
5709854297,5709854292,-0.18766385,0.06255225,-0.09941406,0.0088765025,0.042409822,-0.03538766,0.99843395,nan,nan,nan,nan,nan,nan,0.0,0.0,0.0,0.0,0.0,0.0,nan,nan,nan,1,0,0,0
5709863291,5709863286,-0.18780465,0.062609635,-0.097277015,0.008550851,0.041649055,-0.03586805,0.9984517,nan,nan,nan,nan,nan,nan,0.0,0.0,0.0,0.0,0.0,0.0,nan,nan,nan,1,0,0,0
5709871009,5709871004,-0.18788886,0.06250947,-0.0954067,0.008370387,0.041116685,-0.035145756,0.998501,nan,nan,nan,nan,nan,nan,0.0,0.0,0.0,0.0,0.0,0.0,nan,nan,nan,1,0,0,0
5709879300,5709879294,-0.18794152,0.062574364,-0.09340085,0.008352171,0.041386034,-0.034912024,0.9984982,nan,nan,nan,nan,nan,nan,0.0,0.0,0.0,0.0,0.0,0.0,nan,nan,nan,1,0,0,0
5709888197,5709888191,-0.18792376,0.0625759,-0.09145966,0.008563697,0.041626193,-0.03486426,0.998488,nan,nan,nan,nan,nan,nan,0.0,0.0,0.0,0.0,0.0,0.0,nan,nan,nan,1,0,0,0
5709897575,5709897570,-0.1879628,0.062527396,-0.08949871,0.009118766,0.04164544,-0.03455972,0.99849296,nan,nan,nan,nan,nan,nan,0.0,0.0,0.0,0.0,0.0,0.0,nan,nan,nan,1,0,0,0
5709903870,5709903864,-0.18798389,0.06253595,-0.087517366,0.009162299,0.04157602,-0.034913108,0.9984832,nan,nan,nan,nan,nan,nan,0.0,0.0,0.0,0.0,0.0,0.0,nan,nan,nan,1,0,0,0
5709913430,5709913425,-0.18801427,0.06245425,-0.08558199,0.009854266,0.041424435,-0.034608748,0.99849343,nan,nan,nan,nan,nan,nan,0.0,0.0,0.0,0.0,0.0,0.0,nan,nan,nan,1,0,0,0
5709921544,5709921539,-0.1880891,0.062425494,-0.08356998,0.009431006,0.041224748,-0.034742203,0.9985012,nan,nan,nan,nan,nan,nan,0.0,0.0,0.0,0.0,0.0,0.0,nan,nan,nan,1,0,0,0
5709930293,5709930287,-0.18813813,0.0623911,-0.08172495,0.009820469,0.041883763,-0.034799848,0.9984679,nan,nan,nan,nan,nan,nan,0.0,0.0,0.0,0.0,0.0,0.0,nan,nan,nan,1,0,0,0
5709939922,5709939917,-0.18812153,0.062468752,-0.07979292,0.010078087,0.04183987,-0.03543095,0.99844503,nan,nan,nan,nan,nan,nan,0.0,0.0,0.0,0.0,0.0,0.0,nan,nan,nan,1,0,0,0
5709947424,5709947418,-0.18810408,0.062375415,-0.077871844,0.0102362335,0.04289196,-0.035191804,0.9984073,nan,nan,nan,nan,nan,nan,0.0,0.0,0.0,0.0,0.0,0.0,nan,nan,nan,1,0,0,0
5709954297,5709954292,-0.18816972,0.062327985,-0.07605483,0.010987649,0.041331816,-0.03396051,0.99850774,nan,nan,nan,nan,nan,nan,0.0,0.0,0.0,0.0,0.0,0.0,nan,nan,nan,1,0,0,0
5709962386,5709962381,-0.18826954,0.06240224,-0.07416494,0.010245171,0.04154448,-0.03500021,0.99847084,nan,nan,nan,nan,nan,nan,0.0,0.0,0.0,0.0,0.0,0.0,nan,nan,nan,1,0,0,0
5709971406,5709971401,-0.18837665,0.062388785,-0.07228418,0.010479102,0.040917523,-0.03497298,0.99849534,nan,nan,nan,nan,nan,nan,0.0,0.0,0.0,0.0,0.0,0.0,nan,nan,nan,1,0,0,0
5709979345,5709979340,-0.18855111,0.062720336,-0.07024775,0.008548851,0.043269664,-0.03524983,0.99840486,nan,nan,nan,nan,nan,nan,0.0,0.0,0.0,0.0,0.0,0.0,nan,nan,nan,1,0,0,0
5709988318,5709988313,-0.18872947,0.061909087,-0.067986205,0.009933909,0.047614183,-0.025075546,0.99850154,nan,nan,nan,nan,nan,nan,0.0,0.0,0.0,0.0,0.0,0.0,nan,nan,nan,1,0,0,0
5709997311,5709997141,-0.18865806,0.06282591,-0.06674004,0.008948244,0.04306062,-0.03452261,0.99843574,nan,nan,nan,nan,nan,nan,0.0,0.0,0.0,0.0,0.0,0.0,nan,nan,nan,1,0,0,0
5710004371,5710004366,-0.1886765,0.06275117,-0.06500956,0.008651384,0.04268989,-0.034130692,0.99846774,nan,nan,nan,nan,nan,nan,0.0,0.0,0.0,0.0,0.0,0.0,nan,nan,nan,1,0,0,0
5710012413,5710012408,-0.18876098,0.06283484,-0.06315989,0.009237215,0.043464147,-0.035321407,0.99838763,nan,nan,nan,nan,nan,nan,0.0,0.0,0.0,0.0,0.0,0.0,nan,nan,nan,1,0,0,0
5710021542,5710021537,-0.18884243,0.06269826,-0.061400652,0.008820839,0.041934304,-0.033717733,0.9985123,nan,nan,nan,nan,nan,nan,0.0,0.0,0.0,0.0,0.0,0.0,nan,nan,nan,1,0,0,0
5710030292,5710030286,-0.1887911,0.0625181,-0.059855595,0.009738967,0.041904088,-0.03201779,0.99856097,nan,nan,nan,nan,nan,nan,0.0,0.0,0.0,0.0,0.0,0.0,nan,nan,nan,1,0,0,0
5710037330,5710037325,-0.18885963,0.0627411,-0.057908226,0.008989888,0.04269592,-0.034076136,0.9984664,nan,nan,nan,nan,nan,nan,0.0,0.0,0.0,0.0,0.0,0.0,nan,nan,nan,1,0,0,0
5710047640,5710047635,-0.18892847,0.06268127,-0.056145996,0.008969377,0.041932113,-0.034255847,0.9984928,nan,nan,nan,nan,nan,nan,0.0,0.0,0.0,0.0,0.0,0.0,nan,nan,nan,1,0,0,0
5710054296,5710054290,-0.18895288,0.06261045,-0.05432768,0.009144198,0.042291287,-0.034152232,0.9984796,nan,nan,nan,nan,nan,nan,0.0,0.0,0.0,0.0,0.0,0.0,nan,nan,nan,1,0,0,0
5710063291,5710063285,-0.18891644,0.06267475,-0.052611887,0.008924865,0.04381811,-0.03412973,0.9984165,nan,nan,nan,nan,nan,nan,0.0,0.0,0.0,0.0,0.0,0.0,nan,nan,nan,1,0,0,0
5710070723,5710070717,-0.18883218,0.062412485,-0.051013794,0.009556103,0.042057052,-0.032330874,0.99854624,nan,nan,nan,nan,nan,nan,0.0,0.0,0.0,0.0,0.0,0.0,nan,nan,nan,1,0,0,0
5710080299,5710080294,-0.18890318,0.06251838,-0.049144857,0.00938335,0.04255705,-0.034022782,0.9984705,nan,nan,nan,nan,nan,nan,0.0,0.0,0.0,0.0,0.0,0.0,nan,nan,nan,1,0,0,0
5710087355,5710087349,-0.18893886,0.06258044,-0.047354363,0.008706475,0.043383405,-0.035057712,0.9984052,nan,nan,nan,nan,nan,nan,0.0,0.0,0.0,0.0,0.0,0.0,nan,nan,nan,1,0,0,0
5710097954,5710097949,-0.1888564,0.062284492,-0.045776676,0.009562841,0.041181445,-0.033014566,0.9985603,nan,nan,nan,nan,nan,nan,0.0,0.0,0.0,0.0,0.0,0.0,nan,nan,nan,1,0,0,0
5710103583,5710103578,-0.18897279,0.06251832,-0.04381542,0.008116959,0.042936895,-0.03527277,0.998422,nan,nan,nan,nan,nan,nan,0.0,0.0,0.0,0.0,0.0,0.0,nan,nan,nan,1,0,0,0
5710113476,5710113470,-0.18896313,0.06247492,-0.042109538,0.008002697,0.043515384,-0.035582826,0.9983868,nan,nan,nan,nan,nan,nan,0.0,0.0,0.0,0.0,0.0,0.0,nan,nan,nan,1,0,0,0
5710121374,5710121369,-0.18894342,0.06243918,-0.040355243,0.0076171104,0.04292575,-0.03522851,0.9984279,nan,nan,nan,nan,nan,nan,0.0,0.0,0.0,0.0,0.0,0.0,nan,nan,nan,1,0,0,0
5710130289,5710130284,-0.1889515,0.062445413,-0.038637664,0.007125804,0.04333512,-0.03516682,0.998416,nan,nan,nan,nan,nan,nan,0.0,0.0,0.0,0.0,0.0,0.0,nan,nan,nan,1,0,0,0
5710139066,5710139061,-0.18893489,0.0623801,-0.037041318,0.007400334,0.042891428,-0.034946382,0.9984409,nan,nan,nan,nan,nan,nan,0.0,0.0,0.0,0.0,0.0,0.0,nan,nan,nan,1,0,0,0
5710147492,5710147487,-0.18886064,0.062156618,-0.03540037,0.0074171196,0.04114058,-0.033204228,0.99857396,nan,nan,nan,nan,nan,nan,0.0,0.0,0.0,0.0,0.0,0.0,nan,nan,nan,1,0,0,0
5710153439,5710153434,-0.18890388,0.062395293,-0.03362927,0.0072272746,0.043236196,-0.03452736,0.99844193,nan,nan,nan,nan,nan,nan,0.0,0.0,0.0,0.0,0.0,0.0,nan,nan,nan,1,0,0,0
5710163369,5710163363,-0.18883331,0.062074155,-0.032186188,0.007872491,0.040465,-0.034401335,0.99855757,nan,nan,nan,nan,nan,nan,0.0,0.0,0.0,0.0,0.0,0.0,nan,nan,nan,1,0,0,0
5710169972,5710169967,-0.18880269,0.062068217,-0.030512173,0.007865509,0.04026996,-0.033377063,0.99860024,nan,nan,nan,nan,nan,nan,0.0,0.0,0.0,0.0,0.0,0.0,nan,nan,nan,1,0,0,0
5710179327,5710179322,-0.18879355,0.06207928,-0.02888989,0.0082514575,0.041027967,-0.033437423,0.99856424,nan,nan,nan,nan,nan,nan,0.0,0.0,0.0,0.0,0.0,0.0,nan,nan,nan,1,0,0,0
5710188338,5710188332,-0.18881175,0.06211461,-0.02715411,0.007549876,0.041561063,-0.033388693,0.99854934,nan,nan,nan,nan,nan,nan,0.0,0.0,0.0,0.0,0.0,0.0,nan,nan,nan,1,0,0,0
5710197316,5710197311,-0.18873104,0.062129308,-0.025650445,0.008279703,0.040918685,-0.033755954,0.9985578,nan,nan,nan,nan,nan,nan,0.0,0.0,0.0,0.0,0.0,0.0,nan,nan,nan,1,0,0,0
5710204160,5710204155,-0.18874823,0.062012333,-0.023976704,0.0077914004,0.040382292,-0.03229595,0.9986319,nan,nan,nan,nan,nan,nan,0.0,0.0,0.0,0.0,0.0,0.0,nan,nan,nan,1,0,0,0
5710213314,5710213308,-0.18874256,0.06208829,-0.022287533,0.0077217617,0.040954474,-0.033379056,0.9985735,nan,nan,nan,nan,nan,nan,0.0,0.0,0.0,0.0,0.0,0.0,nan,nan,nan,1,0,0,0
5710220295,5710220290,-0.1886355,0.061992362,-0.020570956,0.0074273,0.041380983,-0.033006687,0.9985705,nan,nan,nan,nan,nan,nan,0.0,0.0,0.0,0.0,0.0,0.0,nan,nan,nan,1,0,0,0
5710229297,5710229287,-0.18861987,0.061977644,-0.018980265,0.006872732,0.04018575,-0.032415684,0.9986427,nan,nan,nan,nan,nan,nan,0.0,0.0,0.0,0.0,0.0,0.0,nan,nan,nan,1,0,0,0
5710237146,5710237127,-0.1887584,0.062351387,-0.016912833,0.0052712993,0.043773208,-0.035131834,0.99840975,nan,nan,nan,nan,nan,nan,0.0,0.0,0.0,0.0,0.0,0.0,nan,nan,nan,1,0,0,0
5710247348,5710247343,-0.18871933,0.06229112,-0.015313838,0.004872995,0.04287963,-0.03451565,0.9984719,nan,nan,nan,nan,nan,nan,0.0,0.0,0.0,0.0,0.0,0.0,nan,nan,nan,1,0,0,0
5710255288,5710255283,-0.18867917,0.06229225,-0.013742601,0.0042918543,0.04378812,-0.033584684,0.9984669,nan,nan,nan,nan,nan,nan,0.0,0.0,0.0,0.0,0.0,0.0,nan,nan,nan,1,0,0,0
5710262453,5710262446,-0.18863524,0.062350377,-0.012116455,0.004168965,0.04473413,-0.03422618,0.9984037,nan,nan,nan,nan,nan,nan,0.0,0.0,0.0,0.0,0.0,0.0,nan,nan,nan,1,0,0,0
5710271180,5710271175,-0.18854226,0.06205261,-0.01068536,0.004751528,0.04251038,-0.032057635,0.9985703,nan,nan,nan,nan,nan,nan,0.0,0.0,0.0,0.0,0.0,0.0,nan,nan,nan,1,0,0,0
5710279446,5710279441,-0.18856712,0.062245537,-0.0089911185,0.0039325207,0.044187233,-0.03390249,0.9984401,nan,nan,nan,nan,nan,nan,0.0,0.0,0.0,0.0,0.0,0.0,nan,nan,nan,1,0,0,0
5710288297,5710288291,-0.18848822,0.062121723,-0.007613195,0.0043936963,0.0432775,-0.032672144,0.998519,nan,nan,nan,nan,nan,nan,0.0,0.0,0.0,0.0,0.0,0.0,nan,nan,nan,1,0,0,0
5710296644,5710296639,-0.18852815,0.06205146,-0.006129941,0.003934854,0.04232241,-0.03208638,0.9985809,nan,nan,nan,nan,nan,nan,0.0,0.0,0.0,0.0,0.0,0.0,nan,nan,nan,1,0,0,0
5710304605,5710304599,-0.18852021,0.062255546,-0.0045408816,0.0029101884,0.04382995,-0.03348696,0.9984734,nan,nan,nan,nan,nan,nan,0.0,0.0,0.0,0.0,0.0,0.0,nan,nan,nan,1,0,0,0
5710313286,5710313281,-0.18849367,0.062330574,-0.0030089281,0.002776843,0.044906307,-0.03412334,0.9984044,nan,nan,nan,nan,nan,nan,0.0,0.0,0.0,0.0,0.0,0.0,nan,nan,nan,1,0,0,0
5710321296,5710321291,-0.18845801,0.0620393,-0.0016806729,0.0029659555,0.042219136,-0.031977482,0.9985921,nan,nan,nan,nan,nan,nan,0.0,0.0,0.0,0.0,0.0,0.0,nan,nan,nan,1,0,0,0
5710329492,5710329487,-0.18845332,0.06226497,-0.00014345068,0.0017449902,0.044240266,-0.033615507,0.9984537,nan,nan,nan,nan,nan,nan,0.0,0.0,0.0,0.0,0.0,0.0,nan,nan,nan,1,0,0,0
5710337452,5710337446,-0.1884621,0.062253065,0.0012849486,-0.0014302434,-0.04472252,0.033540864,-0.99843514,nan,nan,nan,nan,nan,nan,0.0,0.0,0.0,0.0,0.0,0.0,nan,nan,nan,1,0,0,0
5710346683,5710346677,-0.18849124,0.062236734,0.002671373,-0.0010543677,-0.043192293,0.03326885,-0.99851215,nan,nan,nan,nan,nan,nan,0.0,0.0,0.0,0.0,0.0,0.0,nan,nan,nan,1,0,0,0
5710354403,5710354398,-0.18853632,0.06208787,0.0038962453,-0.0008132772,-0.041830413,0.03116318,-0.9986383,nan,nan,nan,nan,nan,nan,0.0,0.0,0.0,0.0,0.0,0.0,nan,nan,nan,1,0,0,0
5710362291,5710362286,-0.18853126,0.06194735,0.005209458,-0.0008622434,-0.04088521,0.033542775,-0.99860036,nan,nan,nan,nan,nan,nan,0.0,0.0,0.0,0.0,0.0,0.0,nan,nan,nan,1,0,0,0
5710371628,5710371622,-0.18850768,0.061900474,0.006450966,-0.0010089048,-0.040781546,0.032841325,-0.99862766,nan,nan,nan,nan,nan,nan,0.0,0.0,0.0,0.0,0.0,0.0,nan,nan,nan,1,0,0,0
5710379532,5710379527,-0.18844004,0.061981816,0.007693178,0.0012935557,0.040546276,-0.03170957,0.9986735,nan,nan,nan,nan,nan,nan,0.0,0.0,0.0,0.0,0.0,0.0,nan,nan,nan,1,0,0,0
5710387296,5710387290,-0.18835734,0.061976414,0.008962374,0.0015379228,0.041251462,-0.030937454,0.9986685,nan,nan,nan,nan,nan,nan,0.0,0.0,0.0,0.0,0.0,0.0,nan,nan,nan,1,0,0,0
5710396598,5710396593,-0.1883475,0.061998807,0.010240252,0.0015893154,0.04200928,-0.032173224,0.9985979,nan,nan,nan,nan,nan,nan,0.0,0.0,0.0,0.0,0.0,0.0,nan,nan,nan,1,0,0,0
5710403864,5710403858,-0.18828852,0.061915476,0.011470895,0.0014347174,0.04136137,-0.030018713,0.99869215,nan,nan,nan,nan,nan,nan,0.0,0.0,0.0,0.0,0.0,0.0,nan,nan,nan,1,0,0,0
5710412300,5710412295,-0.18825188,0.06207985,0.012847373,0.001309566,0.040883984,-0.031571075,0.99866414,nan,nan,nan,nan,nan,nan,0.0,0.0,0.0,0.0,0.0,0.0,nan,nan,nan,1,0,0,0
5710421296,5710421290,-0.18827474,0.06197058,0.014116465,-0.00089692976,-0.041247156,0.03153662,-0.9986508,nan,nan,nan,nan,nan,nan,0.0,0.0,0.0,0.0,0.0,0.0,nan,nan,nan,1,0,0,0
5710430291,5710430286,-0.18824013,0.061903317,0.015367344,-7.209204e-05,-0.04115407,0.03073815,-0.9986798,nan,nan,nan,nan,nan,nan,0.0,0.0,0.0,0.0,0.0,0.0,nan,nan,nan,1,0,0,0
5710437382,5710437376,-0.18817101,0.061898816,0.016602466,5.650466e-05,-0.040746182,0.029919565,-0.9987214,nan,nan,nan,nan,nan,nan,0.0,0.0,0.0,0.0,0.0,0.0,nan,nan,nan,1,0,0,0
5710445301,5710445294,-0.18808012,0.06199768,0.017942715,0.0002488251,-0.041466977,0.03186083,-0.9986317,nan,nan,nan,nan,nan,nan,0.0,0.0,0.0,0.0,0.0,0.0,nan,nan,nan,1,0,0,0
5710454317,5710454311,-0.18807673,0.062125944,0.019346343,0.0014535208,-0.044082355,0.030222837,-0.99856955,nan,nan,nan,nan,nan,nan,0.0,0.0,0.0,0.0,0.0,0.0,nan,nan,nan,1,0,0,0
5710463293,5710463287,-0.18806964,0.06228251,0.020563897,0.002744602,-0.045469165,0.032171585,-0.99844384,nan,nan,nan,nan,nan,nan,0.0,0.0,0.0,0.0,0.0,0.0,nan,nan,nan,1,0,0,0
5710470898,5710470893,-0.18797165,0.06229741,0.02184457,0.003267563,-0.045784026,0.03250835,-0.99841684,nan,nan,nan,nan,nan,nan,0.0,0.0,0.0,0.0,0.0,0.0,nan,nan,nan,1,0,0,0
5710479300,5710479295,-0.18791188,0.06234027,0.023080098,0.0036911455,-0.045910124,0.033250205,-0.9983852,nan,nan,nan,nan,nan,nan,0.0,0.0,0.0,0.0,0.0,0.0,nan,nan,nan,1,0,0,0
5710488295,5710488290,-0.18784732,0.06225144,0.024234775,0.0044523817,-0.045328137,0.03265914,-0.99842817,nan,nan,nan,nan,nan,nan,0.0,0.0,0.0,0.0,0.0,0.0,nan,nan,nan,1,0,0,0
5710496475,5710496470,-0.18774594,0.062004313,0.025219627,0.0048496993,-0.044491265,0.02994418,-0.9985492,nan,nan,nan,nan,nan,nan,0.0,0.0,0.0,0.0,0.0,0.0,nan,nan,nan,1,0,0,0
5710503752,5710503746,-0.18762065,0.062251255,0.026416827,0.0059544984,-0.0465821,0.031888537,-0.9983876,nan,nan,nan,nan,nan,nan,0.0,0.0,0.0,0.0,0.0,0.0,nan,nan,nan,1,0,0,0
5710512299,5710512293,-0.18761088,0.062246498,0.027565625,0.0070715654,-0.04642341,0.032492716,-0.9983682,nan,nan,nan,nan,nan,nan,0.0,0.0,0.0,0.0,0.0,0.0,nan,nan,nan,1,0,0,0
5710521293,5710521288,-0.18755855,0.06204648,0.028502857,0.00738567,-0.04486725,0.030398104,-0.99850297,nan,nan,nan,nan,nan,nan,0.0,0.0,0.0,0.0,0.0,0.0,nan,nan,nan,1,0,0,0
5710530863,5710530857,-0.18743968,0.062046573,0.029431917,0.008078853,-0.04461228,0.029789118,-0.9985274,nan,nan,nan,nan,nan,nan,0.0,0.0,0.0,0.0,0.0,0.0,nan,nan,nan,1,0,0,0
5710538006,5710538000,-0.18734747,0.0620537,0.030251302,0.008409257,-0.04527806,0.029355587,-0.9985076,nan,nan,nan,nan,nan,nan,0.0,0.0,0.0,0.0,0.0,0.0,nan,nan,nan,1,0,0,0
5710546671,5710546665,-0.18724813,0.06230207,0.031173721,0.008663694,-0.04719867,0.031893894,-0.9983387,nan,nan,nan,nan,nan,nan,0.0,0.0,0.0,0.0,0.0,0.0,nan,nan,nan,1,0,0,0
5710554296,5710554291,-0.18714061,0.062016033,0.031787023,0.007874036,-0.043707322,0.03194857,-0.99850225,nan,nan,nan,nan,nan,nan,0.0,0.0,0.0,0.0,0.0,0.0,nan,nan,nan,1,0,0,0
5710563293,5710563288,-0.18722227,0.061693966,0.032960087,0.00901778,-0.041331444,0.034675907,-0.99850285,nan,nan,nan,nan,nan,nan,0.0,0.0,0.0,0.0,0.0,0.0,nan,nan,nan,1,0,0,0
5710570111,5710570106,-0.18711837,0.061576806,0.033599693,0.009006019,-0.040734302,0.03300578,-0.99858415,nan,nan,nan,nan,nan,nan,0.0,0.0,0.0,0.0,0.0,0.0,nan,nan,nan,1,0,0,0
5710579302,5710579297,-0.18706436,0.06155577,0.034437537,0.009838576,-0.040907767,0.03408722,-0.99853283,nan,nan,nan,nan,nan,nan,0.0,0.0,0.0,0.0,0.0,0.0,nan,nan,nan,1,0,0,0
5710587297,5710587291,-0.18698736,0.06157191,0.03511574,0.010109151,-0.0411667,0.03483088,-0.99849385,nan,nan,nan,nan,nan,nan,0.0,0.0,0.0,0.0,0.0,0.0,nan,nan,nan,1,0,0,0
5710596583,5710596574,-0.18694687,0.06160095,0.03574076,0.010722657,-0.041080274,0.034842804,-0.9984906,nan,nan,nan,nan,nan,nan,0.0,0.0,0.0,0.0,0.0,0.0,nan,nan,nan,1,0,0,0
5710603615,5710603609,-0.18695344,0.0617383,0.036456566,0.011899494,-0.043024894,0.032493364,-0.9984746,nan,nan,nan,nan,nan,nan,0.0,0.0,0.0,0.0,0.0,0.0,nan,nan,nan,1,0,0,0
5710613296,5710613291,-0.18693046,0.061748475,0.036920246,0.012255782,-0.04254265,0.032467272,-0.9984918,nan,nan,nan,nan,nan,nan,0.0,0.0,0.0,0.0,0.0,0.0,nan,nan,nan,1,0,0,0
5710621288,5710621282,-0.18688598,0.061726354,0.03732881,0.012434311,-0.04227616,0.032376416,-0.9985038,nan,nan,nan,nan,nan,nan,0.0,0.0,0.0,0.0,0.0,0.0,nan,nan,nan,1,0,0,0
5710630759,5710630736,-0.18689841,0.061740227,0.037692036,0.012378436,-0.042387266,0.032268226,-0.9985033,nan,nan,nan,nan,nan,nan,0.0,0.0,0.0,0.0,0.0,0.0,nan,nan,nan,1,0,0,0
5710637144,5710637138,-0.1869301,0.061739013,0.037931975,0.01225349,-0.042574383,0.03210416,-0.9985022,nan,nan,nan,nan,nan,nan,0.0,0.0,0.0,0.0,0.0,0.0,nan,nan,nan,1,0,0,0
5710646322,5710646316,-0.18700013,0.06172069,0.038080376,0.012022612,-0.042427275,0.031934485,-0.99851674,nan,nan,nan,nan,nan,nan,0.0,0.0,0.0,0.0,0.0,0.0,nan,nan,nan,1,0,0,0
5710654297,5710654291,-0.18706852,0.061750215,0.038154297,0.011625435,-0.042208117,0.031730305,-0.99853724,nan,nan,nan,nan,nan,nan,0.0,0.0,0.0,0.0,0.0,0.0,nan,nan,nan,1,0,0,0
5710662394,5710662388,-0.18712692,0.06178594,0.038206954,0.011238098,-0.04247787,0.031683695,-0.99853164,nan,nan,nan,nan,nan,nan,0.0,0.0,0.0,0.0,0.0,0.0,nan,nan,nan,1,0,0,0
5710671248,5710671243,-0.1871872,0.061827138,0.03815069,0.010840036,-0.042411435,0.031432793,-0.99854684,nan,nan,nan,nan,nan,nan,0.0,0.0,0.0,0.0,0.0,0.0,nan,nan,nan,1,0,0,0
5710679343,5710679338,-0.1872544,0.061826594,0.0381286,0.010638498,-0.042310126,0.0313436,-0.99855614,nan,nan,nan,nan,nan,nan,0.0,0.0,0.0,0.0,0.0,0.0,nan,nan,nan,1,0,0,0
5710688288,5710688283,-0.18730497,0.061828036,0.038055345,0.01039348,-0.04199977,0.031405676,-0.9985698,nan,nan,nan,nan,nan,nan,0.0,0.0,0.0,0.0,0.0,0.0,nan,nan,nan,1,0,0,0
5710696438,5710696433,-0.18732613,0.061819166,0.0379773,0.010338002,-0.041886505,0.031273477,-0.99857926,nan,nan,nan,nan,nan,nan,0.0,0.0,0.0,0.0,0.0,0.0,nan,nan,nan,1,0,0,0
5710704748,5710704742,-0.18731928,0.06181787,0.037887365,0.010244281,-0.041850008,0.031193193,-0.99858433,nan,nan,nan,nan,nan,nan,0.0,0.0,0.0,0.0,0.0,0.0,nan,nan,nan,1,0,0,0
5710712300,5710712295,-0.18730499,0.061833527,0.037769437,0.0101955645,-0.04176596,0.031046038,-0.9985929,nan,nan,nan,nan,nan,nan,0.0,0.0,0.0,0.0,0.0,0.0,nan,nan,nan,1,0,0,0
5710721532,5710721526,-0.18728796,0.061831,0.037662417,0.010169055,-0.041840285,0.031098949,-0.9985884,nan,nan,nan,nan,nan,nan,0.0,0.0,0.0,0.0,0.0,0.0,nan,nan,nan,1,0,0,0
5710729292,5710729287,-0.1872775,0.061831057,0.037499763,0.010023765,-0.04182553,0.031045808,-0.9985922,nan,nan,nan,nan,nan,nan,0.0,0.0,0.0,0.0,0.0,0.0,nan,nan,nan,1,0,0,0
5710737655,5710737649,-0.18729213,0.061824944,0.03731678,0.009741145,-0.041982044,0.031102996,-0.99858665,nan,nan,nan,nan,nan,nan,0.0,0.0,0.0,0.0,0.0,0.0,nan,nan,nan,1,0,0,0
5710746464,5710746455,-0.18729724,0.061832607,0.037099525,0.009321949,-0.04223526,0.03123832,-0.9985757,nan,nan,nan,nan,nan,nan,0.0,0.0,0.0,0.0,0.0,0.0,nan,nan,nan,1,0,0,0
5710757349,5710757344,-0.18730915,0.061816134,0.03688655,0.008948144,-0.04244593,0.031358767,-0.99856645,nan,nan,nan,nan,nan,nan,0.0,0.0,0.0,0.0,0.0,0.0,nan,nan,nan,1,0,0,0
5710762316,5710762310,-0.1872921,0.06155151,0.03641305,0.007751735,-0.040277798,0.03242757,-0.99863213,nan,nan,nan,nan,nan,nan,0.0,0.0,0.0,0.0,0.0,0.0,nan,nan,nan,1,0,0,0
5710770760,5710770754,-0.18728843,0.0614864,0.03609107,0.0071323966,-0.040260483,0.032585252,-0.9986322,nan,nan,nan,nan,nan,nan,0.0,0.0,0.0,0.0,0.0,0.0,nan,nan,nan,1,0,0,0
5710779301,5710779296,-0.18726958,0.061453503,0.035688784,0.0066234875,-0.040279377,0.032836672,-0.99862677,nan,nan,nan,nan,nan,nan,0.0,0.0,0.0,0.0,0.0,0.0,nan,nan,nan,1,0,0,0
5710787321,5710787316,-0.18727711,0.061460294,0.03528245,0.0060750064,-0.04012429,0.03289538,-0.9986345,nan,nan,nan,nan,nan,nan,0.0,0.0,0.0,0.0,0.0,0.0,nan,nan,nan,1,0,0,0
5710796331,5710796326,-0.18728217,0.061449118,0.034838144,0.005636458,-0.03991969,0.033170003,-0.99863625,nan,nan,nan,nan,nan,nan,0.0,0.0,0.0,0.0,0.0,0.0,nan,nan,nan,1,0,0,0
5710803946,5710803940,-0.1872936,0.061477616,0.034279056,0.0049950676,-0.039934397,0.03302349,-0.9986439,nan,nan,nan,nan,nan,nan,0.0,0.0,0.0,0.0,0.0,0.0,nan,nan,nan,1,0,0,0
5710813288,5710813282,-0.18732789,0.061488327,0.033689946,0.004418392,-0.03972316,0.033048637,-0.9986542,nan,nan,nan,nan,nan,nan,0.0,0.0,0.0,0.0,0.0,0.0,nan,nan,nan,1,0,0,0
5710822285,5710822280,-0.18734847,0.061508406,0.033058476,0.003782183,-0.040067714,0.033211686,-0.9986377,nan,nan,nan,nan,nan,nan,0.0,0.0,0.0,0.0,0.0,0.0,nan,nan,nan,1,0,0,0
5710830627,5710830622,-0.18738224,0.0615137,0.032326397,0.0029505545,-0.040716983,0.033207133,-0.99861443,nan,nan,nan,nan,nan,nan,0.0,0.0,0.0,0.0,0.0,0.0,nan,nan,nan,1,0,0,0
5710837615,5710837610,-0.18739504,0.06146219,0.031472616,0.001684924,-0.040498175,0.033404678,-0.9986196,nan,nan,nan,nan,nan,nan,0.0,0.0,0.0,0.0,0.0,0.0,nan,nan,nan,1,0,0,0
5710847301,5710847296,-0.18744753,0.061434228,0.030624503,0.00064858916,-0.040188022,0.03345155,-0.9986318,nan,nan,nan,nan,nan,nan,0.0,0.0,0.0,0.0,0.0,0.0,nan,nan,nan,1,0,0,0
5710854298,5710854293,-0.18751937,0.061497886,0.029784009,-8.691261e-05,-0.040185206,0.03479126,-0.99858636,nan,nan,nan,nan,nan,nan,0.0,0.0,0.0,0.0,0.0,0.0,nan,nan,nan,1,0,0,0
5710862294,5710862288,-0.18759763,0.061460316,0.028865583,-0.000492191,-0.039888464,0.034485105,-0.99860877,nan,nan,nan,nan,nan,nan,0.0,0.0,0.0,0.0,0.0,0.0,nan,nan,nan,1,0,0,0
5710870996,5710870991,-0.18763304,0.061548144,0.027681444,0.0018088629,0.04041264,-0.034568682,0.99858326,nan,nan,nan,nan,nan,nan,0.0,0.0,0.0,0.0,0.0,0.0,nan,nan,nan,1,0,0,0
5710880500,5710880495,-0.18767038,0.061527915,0.026633099,0.0028683967,0.040565684,-0.035545196,0.9985403,nan,nan,nan,nan,nan,nan,0.0,0.0,0.0,0.0,0.0,0.0,nan,nan,nan,1,0,0,0
5710887458,5710887452,-0.1875874,0.06168489,0.025069544,0.0044879806,0.042136032,-0.032176267,0.99858356,nan,nan,nan,nan,nan,nan,0.0,0.0,0.0,0.0,0.0,0.0,nan,nan,nan,1,0,0,0
5710899290,5710899285,-0.18766809,0.061952725,0.02405671,0.0046610264,0.044691566,-0.031710893,0.9984865,nan,nan,nan,nan,nan,nan,0.0,0.0,0.0,0.0,0.0,0.0,nan,nan,nan,1,0,0,0
5710903824,5710903818,-0.18767633,0.06210443,0.022869758,0.0054037315,0.04560204,-0.033270776,0.99839085,nan,nan,nan,nan,nan,nan,0.0,0.0,0.0,0.0,0.0,0.0,nan,nan,nan,1,0,0,0
5710912481,5710912476,-0.18768167,0.062125344,0.02156727,0.006232914,0.04608518,-0.034065247,0.99833703,nan,nan,nan,nan,nan,nan,0.0,0.0,0.0,0.0,0.0,0.0,nan,nan,nan,1,0,0,0
5710921294,5710921288,-0.18767726,0.061929382,0.020120509,0.006772674,0.045044377,-0.032444227,0.998435,nan,nan,nan,nan,nan,nan,0.0,0.0,0.0,0.0,0.0,0.0,nan,nan,nan,1,0,0,0
5710929292,5710929286,-0.18769366,0.062133115,0.018821806,0.006752194,0.045315687,-0.033912227,0.99837416,nan,nan,nan,nan,nan,nan,0.0,0.0,0.0,0.0,0.0,0.0,nan,nan,nan,1,0,0,0
5710938000,5710937994,-0.18769519,0.06215731,0.0173744,0.0074767796,0.045441717,-0.034072526,0.9983578,nan,nan,nan,nan,nan,nan,0.0,0.0,0.0,0.0,0.0,0.0,nan,nan,nan,1,0,0,0
5710947388,5710947383,-0.18772663,0.0621425,0.015824612,0.0073771947,0.045481,-0.033777684,0.9983668,nan,nan,nan,nan,nan,nan,0.0,0.0,0.0,0.0,0.0,0.0,nan,nan,nan,1,0,0,0
5710954292,5710954285,-0.18771921,0.062163338,0.0143769225,0.0074523445,0.04534607,-0.033930227,0.99836713,nan,nan,nan,nan,nan,nan,0.0,0.0,0.0,0.0,0.0,0.0,nan,nan,nan,1,0,0,0
5710962371,5710962366,-0.18770446,0.062201936,0.012797084,0.008084468,0.045355666,-0.033991843,0.9983596,nan,nan,nan,nan,nan,nan,0.0,0.0,0.0,0.0,0.0,0.0,nan,nan,nan,1,0,0,0
5710970370,5710970364,-0.18767577,0.06218609,0.0111707905,0.00805245,0.04498238,-0.03383185,0.9983823,nan,nan,nan,nan,nan,nan,0.0,0.0,0.0,0.0,0.0,0.0,nan,nan,nan,1,0,0,0
5710979320,5710979315,-0.18766268,0.0621954,0.00950843,0.008304932,0.04582927,-0.03357218,0.99835044,nan,nan,nan,nan,nan,nan,0.0,0.0,0.0,0.0,0.0,0.0,nan,nan,nan,1,0,0,0
5710987474,5710987468,-0.1876335,0.06225548,0.007811322,0.008861728,0.04478421,-0.03377381,0.99838626,nan,nan,nan,nan,nan,nan,0.0,0.0,0.0,0.0,0.0,0.0,nan,nan,nan,1,0,0,0
5710996323,5710996318,-0.18761493,0.06225669,0.0060545877,0.008846471,0.044922765,-0.03380887,0.99837905,nan,nan,nan,nan,nan,nan,0.0,0.0,0.0,0.0,0.0,0.0,nan,nan,nan,1,0,0,0
5711004302,5711004296,-0.18762329,0.062243782,0.0043017156,0.009254786,0.04522708,-0.033594534,0.99836886,nan,nan,nan,nan,nan,nan,0.0,0.0,0.0,0.0,0.0,0.0,nan,nan,nan,1,0,0,0
5711013297,5711013291,-0.18770541,0.062241096,0.0024844361,0.0096289115,0.044023238,-0.033907242,0.99840844,nan,nan,nan,nan,nan,nan,0.0,0.0,0.0,0.0,0.0,0.0,nan,nan,nan,1,0,0,0
5711021299,5711021293,-0.18768582,0.06226364,0.0006888434,0.010081146,0.04447233,-0.033726282,0.99839026,nan,nan,nan,nan,nan,nan,0.0,0.0,0.0,0.0,0.0,0.0,nan,nan,nan,1,0,0,0
5711030293,5711030287,-0.1876904,0.06203467,-0.0013222644,0.010656717,0.042629763,-0.03227236,0.9985126,nan,nan,nan,nan,nan,nan,0.0,0.0,0.0,0.0,0.0,0.0,nan,nan,nan,1,0,0,0
5711037302,5711037297,-0.18765692,0.062311836,-0.0030738553,0.010601548,0.044685926,-0.034229297,0.9983583,nan,nan,nan,nan,nan,nan,0.0,0.0,0.0,0.0,0.0,0.0,nan,nan,nan,1,0,0,0
5711046325,5711046320,-0.1876374,0.06222424,-0.005011778,0.01103794,0.04463584,-0.034018055,0.99836296,nan,nan,nan,nan,nan,nan,0.0,0.0,0.0,0.0,0.0,0.0,nan,nan,nan,1,0,0,0
5711054305,5711054300,-0.18761988,0.06231364,-0.006964793,0.011181755,0.04461434,-0.03451526,0.9983453,nan,nan,nan,nan,nan,nan,0.0,0.0,0.0,0.0,0.0,0.0,nan,nan,nan,1,0,0,0
5711062536,5711062531,-0.18757474,0.062265623,-0.00894332,0.011785027,0.04498962,-0.03445107,0.9983237,nan,nan,nan,nan,nan,nan,0.0,0.0,0.0,0.0,0.0,0.0,nan,nan,nan,1,0,0,0
5711070702,5711070696,-0.18744987,0.061967466,-0.011190661,0.013200884,0.041355256,-0.034551702,0.9984597,nan,nan,nan,nan,nan,nan,0.0,0.0,0.0,0.0,0.0,0.0,nan,nan,nan,1,0,0,0
5711080389,5711080383,-0.18737566,0.061960105,-0.013193461,0.013704047,0.042011846,-0.034784008,0.99841744,nan,nan,nan,nan,nan,nan,0.0,0.0,0.0,0.0,0.0,0.0,nan,nan,nan,1,0,0,0
5711087296,5711087291,-0.18729223,0.06197559,-0.015318728,0.0139565775,0.042013153,-0.03394442,0.9984427,nan,nan,nan,nan,nan,nan,0.0,0.0,0.0,0.0,0.0,0.0,nan,nan,nan,1,0,0,0
5711096293,5711096287,-0.18720344,0.062029477,-0.01737172,0.0143210795,0.042785015,-0.034450356,0.99838746,nan,nan,nan,nan,nan,nan,0.0,0.0,0.0,0.0,0.0,0.0,nan,nan,nan,1,0,0,0
5711103526,5711103521,-0.18720655,0.062004633,-0.019605748,0.01441333,0.041967068,-0.034480806,0.9984198,nan,nan,nan,nan,nan,nan,0.0,0.0,0.0,0.0,0.0,0.0,nan,nan,nan,1,0,0,0
5711113672,5711113666,-0.18719006,0.061998043,-0.021696236,0.01454114,0.042662084,-0.03540609,0.99835616,nan,nan,nan,nan,nan,nan,0.0,0.0,0.0,0.0,0.0,0.0,nan,nan,nan,1,0,0,0
5711120298,5711120292,-0.18718678,0.061951607,-0.024027836,0.015138613,0.04191049,-0.03324947,0.99845326,nan,nan,nan,nan,nan,nan,0.0,0.0,0.0,0.0,0.0,0.0,nan,nan,nan,1,0,0,0
5711129292,5711129287,-0.18719254,0.06202817,-0.026157625,0.015400335,0.04233532,-0.035095025,0.998368,nan,nan,nan,nan,nan,nan,0.0,0.0,0.0,0.0,0.0,0.0,nan,nan,nan,1,0,0,0
5711137214,5711137209,-0.18710683,0.062057085,-0.028563306,0.015948215,0.04222819,-0.034835353,0.9983731,nan,nan,nan,nan,nan,nan,0.0,0.0,0.0,0.0,0.0,0.0,nan,nan,nan,1,0,0,0
5711146379,5711146373,-0.18712555,0.062030274,-0.030792512,0.01596727,0.0420682,-0.035300095,0.9983633,nan,nan,nan,nan,nan,nan,0.0,0.0,0.0,0.0,0.0,0.0,nan,nan,nan,1,0,0,0
5711153400,5711153395,-0.1871073,0.062064562,-0.033135142,0.016321482,0.04192062,-0.035645813,0.99835145,nan,nan,nan,nan,nan,nan,0.0,0.0,0.0,0.0,0.0,0.0,nan,nan,nan,1,0,0,0
5711163371,5711163366,-0.1870886,0.06198394,-0.03549827,0.016629564,0.041082535,-0.034149915,0.9984335,nan,nan,nan,nan,nan,nan,0.0,0.0,0.0,0.0,0.0,0.0,nan,nan,nan,1,0,0,0
5711181732,5711181727,-0.18701124,0.062067665,-0.037768327,0.016526382,0.041875634,-0.035924092,0.99833995,nan,nan,nan,nan,nan,nan,0.0,0.0,0.0,0.0,0.0,0.0,nan,nan,nan,1,0,0,0
5711184325,5711184319,-0.18695706,0.06206011,-0.04012397,0.016602507,0.041828636,-0.035667732,0.99834985,nan,nan,nan,nan,nan,nan,0.0,0.0,0.0,0.0,0.0,0.0,nan,nan,nan,1,0,0,0
5711188494,5711188488,-0.1868349,0.0620913,-0.042517565,0.016400896,0.041866314,-0.036485743,0.99832207,nan,nan,nan,nan,nan,nan,0.0,0.0,0.0,0.0,0.0,0.0,nan,nan,nan,1,0,0,0
5711197313,5711197308,-0.18685059,0.062024843,-0.044857554,0.016010668,0.041270576,-0.03564375,0.99838364,nan,nan,nan,nan,nan,nan,0.0,0.0,0.0,0.0,0.0,0.0,nan,nan,nan,1,0,0,0
5711204203,5711204198,-0.18675542,0.06207061,-0.047289662,0.015893005,0.04181248,-0.036875095,0.9983183,nan,nan,nan,nan,nan,nan,0.0,0.0,0.0,0.0,0.0,0.0,nan,nan,nan,1,0,0,0
5711213362,5711213357,-0.18663426,0.062052377,-0.04964069,0.01537697,0.041424192,-0.03613885,0.99836946,nan,nan,nan,nan,nan,nan,0.0,0.0,0.0,0.0,0.0,0.0,nan,nan,nan,1,0,0,0
5711221298,5711221293,-0.18656197,0.062081914,-0.052111235,0.014847699,0.04186056,-0.03705492,0.99832565,nan,nan,nan,nan,nan,nan,0.0,0.0,0.0,0.0,0.0,0.0,nan,nan,nan,1,0,0,0
5711230289,5711230284,-0.18642603,0.06206611,-0.054679252,0.01454796,0.041519407,-0.03552074,0.9984001,nan,nan,nan,nan,nan,nan,0.0,0.0,0.0,0.0,0.0,0.0,nan,nan,nan,1,0,0,0
5711237708,5711237703,-0.18634515,0.062212702,-0.05716092,0.014065958,0.041881643,-0.036990415,0.9983386,nan,nan,nan,nan,nan,nan,0.0,0.0,0.0,0.0,0.0,0.0,nan,nan,nan,1,0,0,0
5711246296,5711246291,-0.18624139,0.062142376,-0.059722804,0.013886299,0.04149621,-0.03527274,0.9984193,nan,nan,nan,nan,nan,nan,0.0,0.0,0.0,0.0,0.0,0.0,nan,nan,nan,1,0,0,0
5711254297,5711254291,-0.18617982,0.062335804,-0.06231607,0.013741866,0.041763227,-0.036419623,0.998369,nan,nan,nan,nan,nan,nan,0.0,0.0,0.0,0.0,0.0,0.0,nan,nan,nan,1,0,0,0
5711262301,5711262295,-0.18608461,0.062189907,-0.06501631,0.01333863,0.042051252,-0.034593504,0.99842733,nan,nan,nan,nan,nan,nan,0.0,0.0,0.0,0.0,0.0,0.0,nan,nan,nan,1,0,0,0
5711271180,5711271175,-0.1859877,0.06238359,-0.06765076,0.012827955,0.041569497,-0.035527695,0.9984214,nan,nan,nan,nan,nan,nan,0.0,0.0,0.0,0.0,0.0,0.0,nan,nan,nan,1,0,0,0
5711279806,5711279296,-0.18593061,0.06229697,-0.07022957,0.012211255,0.04107118,-0.03521126,0.9984609,nan,nan,nan,nan,nan,nan,0.0,0.0,0.0,0.0,0.0,0.0,nan,nan,nan,1,0,0,0
5711288295,5711288289,-0.18581627,0.062327024,-0.07288627,0.01177407,0.042573858,-0.035215046,0.9984031,nan,nan,nan,nan,nan,nan,0.0,0.0,0.0,0.0,0.0,0.0,nan,nan,nan,1,0,0,0
5711295353,5711295348,-0.18570851,0.062384646,-0.0754236,0.010883802,0.04147273,-0.03552503,0.99844855,nan,nan,nan,nan,nan,nan,0.0,0.0,0.0,0.0,0.0,0.0,nan,nan,nan,1,0,0,0
5711306062,5711306057,-0.1856205,0.06227279,-0.078042984,0.010087814,0.04266065,-0.03585911,0.9983949,nan,nan,nan,nan,nan,nan,0.0,0.0,0.0,0.0,0.0,0.0,nan,nan,nan,1,0,0,0
5711312365,5711312359,-0.18552269,0.06229903,-0.08060206,0.009666183,0.04231011,-0.03621355,0.9984012,nan,nan,nan,nan,nan,nan,0.0,0.0,0.0,0.0,0.0,0.0,nan,nan,nan,1,0,0,0
5711321296,5711321291,-0.18546255,0.06228347,-0.08318476,0.008925457,0.041912146,-0.036676265,0.998408,nan,nan,nan,nan,nan,nan,0.0,0.0,0.0,0.0,0.0,0.0,nan,nan,nan,1,0,0,0
5711329745,5711329738,-0.1853937,0.06222672,-0.08579155,0.00818819,0.042061318,-0.036961198,0.9983975,nan,nan,nan,nan,nan,nan,0.0,0.0,0.0,0.0,0.0,0.0,nan,nan,nan,1,0,0,0
5711337503,5711337498,-0.18530749,0.0623163,-0.08837557,0.006802043,0.041247524,-0.037623994,0.99841714,nan,nan,nan,nan,nan,nan,0.0,0.0,0.0,0.0,0.0,0.0,nan,nan,nan,1,0,0,0
5711346302,5711346295,-0.18523245,0.062292103,-0.09107128,0.0060418937,0.042084243,-0.03758688,0.9983886,nan,nan,nan,nan,nan,nan,0.0,0.0,0.0,0.0,0.0,0.0,nan,nan,nan,1,0,0,0
5711357163,5711357156,-0.18517269,0.062307827,-0.093681954,0.0047070202,0.041982207,-0.037355646,0.9984086,nan,nan,nan,nan,nan,nan,0.0,0.0,0.0,0.0,0.0,0.0,nan,nan,nan,1,0,0,0
5711363335,5711363304,-0.18513523,0.062459208,-0.09641057,0.0040605958,0.041907538,-0.037457306,0.9984108,nan,nan,nan,nan,nan,nan,0.0,0.0,0.0,0.0,0.0,0.0,nan,nan,nan,1,0,0,0
5711370337,5711370331,-0.18509221,0.06240046,-0.09909063,0.0032836727,0.04214061,-0.036925342,0.9984237,nan,nan,nan,nan,nan,nan,0.0,0.0,0.0,0.0,0.0,0.0,nan,nan,nan,1,0,0,0
5711379825,5711379820,-0.18503664,0.06247071,-0.101745136,0.0025833247,0.04201534,-0.036844023,0.998434,nan,nan,nan,nan,nan,nan,0.0,0.0,0.0,0.0,0.0,0.0,nan,nan,nan,1,0,0,0
5711387295,5711387290,-0.18491508,0.06248898,-0.104484394,0.002089173,0.04219181,-0.03648095,0.99844104,nan,nan,nan,nan,nan,nan,0.0,0.0,0.0,0.0,0.0,0.0,nan,nan,nan,1,0,0,0
5711396342,5711396337,-0.18477601,0.06246462,-0.107161716,-0.000944172,-0.043000806,0.03671421,-0.9983998,nan,nan,nan,nan,nan,nan,0.0,0.0,0.0,0.0,0.0,0.0,nan,nan,nan,1,0,0,0
5711404031,5711404025,-0.18472253,0.06247669,-0.109887876,-0.00037377258,-0.042087957,0.035190433,-0.9984939,nan,nan,nan,nan,nan,nan,0.0,0.0,0.0,0.0,0.0,0.0,nan,nan,nan,1,0,0,0
5711412326,5711412320,-0.18466623,0.06250035,-0.112456195,0.0005536238,-0.042709988,0.03696172,-0.9984035,nan,nan,nan,nan,nan,nan,0.0,0.0,0.0,0.0,0.0,0.0,nan,nan,nan,1,0,0,0
5711421295,5711421290,-0.1846371,0.06263661,-0.1151013,0.001554248,-0.042757187,0.03708726,-0.99839574,nan,nan,nan,nan,nan,nan,0.0,0.0,0.0,0.0,0.0,0.0,nan,nan,nan,1,0,0,0
5711430291,5711430286,-0.18458685,0.06259396,-0.11778986,0.0024484242,-0.042742513,0.03669309,-0.99840903,nan,nan,nan,nan,nan,nan,0.0,0.0,0.0,0.0,0.0,0.0,nan,nan,nan,1,0,0,0
5711436842,5711436834,-0.18459755,0.06264209,-0.120455265,0.0034633286,-0.04281907,0.03671759,-0.9984019,nan,nan,nan,nan,nan,nan,0.0,0.0,0.0,0.0,0.0,0.0,nan,nan,nan,1,0,0,0
5711445540,5711445535,-0.18459478,0.06269435,-0.123147696,0.004313102,-0.042237915,0.035736803,-0.998459,nan,nan,nan,nan,nan,nan,0.0,0.0,0.0,0.0,0.0,0.0,nan,nan,nan,1,0,0,0
5711455583,5711455578,-0.18459477,0.06268774,-0.1258116,0.0056234067,-0.042642877,0.035806905,-0.9984327,nan,nan,nan,nan,nan,nan,0.0,0.0,0.0,0.0,0.0,0.0,nan,nan,nan,1,0,0,0
5711463294,5711463289,-0.1844979,0.062802434,-0.12845527,0.0062835705,-0.0425365,0.03665694,-0.9984025,nan,nan,nan,nan,nan,nan,0.0,0.0,0.0,0.0,0.0,0.0,nan,nan,nan,1,0,0,0
5711470835,5711470830,-0.18440494,0.0627675,-0.13119274,0.006859729,-0.042928394,0.03520787,-0.99843407,nan,nan,nan,nan,nan,nan,0.0,0.0,0.0,0.0,0.0,0.0,nan,nan,nan,1,0,0,0
5711479618,5711479613,-0.18433687,0.06282983,-0.13383518,0.0074486802,-0.043121528,0.035864223,-0.9983981,nan,nan,nan,nan,nan,nan,0.0,0.0,0.0,0.0,0.0,0.0,nan,nan,nan,1,0,0,0
5711488293,5711488287,-0.18423533,0.0628394,-0.1365229,0.007942141,-0.043518618,0.036044195,-0.9983706,nan,nan,nan,nan,nan,nan,0.0,0.0,0.0,0.0,0.0,0.0,nan,nan,nan,1,0,0,0
5711499580,5711499575,-0.18415351,0.06278286,-0.13921568,0.00825728,-0.04331972,0.035953913,-0.99837995,nan,nan,nan,nan,nan,nan,0.0,0.0,0.0,0.0,0.0,0.0,nan,nan,nan,1,0,0,0
5711505271,5711505263,-0.18405002,0.062876485,-0.14183232,0.009167505,-0.043759108,0.03663129,-0.9983282,nan,nan,nan,nan,nan,nan,0.0,0.0,0.0,0.0,0.0,0.0,nan,nan,nan,1,0,0,0
5711513429,5711513423,-0.18395548,0.0628247,-0.14455393,0.009798591,-0.043494087,0.035975114,-0.99835765,nan,nan,nan,nan,nan,nan,0.0,0.0,0.0,0.0,0.0,0.0,nan,nan,nan,1,0,0,0
5711521289,5711521284,-0.18392788,0.062008016,-0.14668202,0.009595211,-0.04754202,0.028032275,-0.9984298,nan,nan,nan,nan,nan,nan,0.0,0.0,0.0,0.0,0.0,0.0,nan,nan,nan,1,0,0,0
5711528289,5711528284,-0.18372001,0.06284486,-0.14988403,0.012142661,-0.044249285,0.03737737,-0.99824727,nan,nan,nan,nan,nan,nan,0.0,0.0,0.0,0.0,0.0,0.0,nan,nan,nan,1,0,0,0
5711537209,5711537203,-0.18370833,0.0628058,-0.1525929,0.01296649,-0.043218955,0.03750308,-0.9982773,nan,nan,nan,nan,nan,nan,0.0,0.0,0.0,0.0,0.0,0.0,nan,nan,nan,1,0,0,0
5711546351,5711546346,-0.18370476,0.06286561,-0.15531965,0.014386823,-0.044438113,0.038589012,-0.99816287,nan,nan,nan,nan,nan,nan,0.0,0.0,0.0,0.0,0.0,0.0,nan,nan,nan,1,0,0,0
5711555489,5711555483,-0.18373506,0.062830105,-0.15811083,0.015077533,-0.04428079,0.038973004,-0.9981447,nan,nan,nan,nan,nan,nan,0.0,0.0,0.0,0.0,0.0,0.0,nan,nan,nan,1,0,0,0
5711562289,5711562283,-0.18376172,0.06289077,-0.16099842,0.01589426,-0.04342547,0.039043974,-0.99816686,nan,nan,nan,nan,nan,nan,0.0,0.0,0.0,0.0,0.0,0.0,nan,nan,nan,1,0,0,0
5711570637,5711570631,-0.18395531,0.06206206,-0.16334054,0.016127571,-0.047964722,0.029760422,-0.99827534,nan,nan,nan,nan,nan,nan,0.0,0.0,0.0,0.0,0.0,0.0,nan,nan,nan,1,0,0,0
5711580409,5711580403,-0.1838988,0.06297621,-0.16680914,0.018171016,-0.04413796,0.038436662,-0.99812037,nan,nan,nan,nan,nan,nan,0.0,0.0,0.0,0.0,0.0,0.0,nan,nan,nan,1,0,0,0
5711587322,5711587316,-0.1839794,0.06308046,-0.16987854,0.018864859,-0.043768227,0.038665697,-0.99811494,nan,nan,nan,nan,nan,nan,0.0,0.0,0.0,0.0,0.0,0.0,nan,nan,nan,1,0,0,0
5711596308,5711596303,-0.18400528,0.06310006,-0.17300999,0.019503584,-0.04449389,0.03918651,-0.9980503,nan,nan,nan,nan,nan,nan,0.0,0.0,0.0,0.0,0.0,0.0,nan,nan,nan,1,0,0,0
5711605110,5711605105,-0.1840361,0.06314798,-0.17617337,0.019285573,-0.045099612,0.03786653,-0.9980782,nan,nan,nan,nan,nan,nan,0.0,0.0,0.0,0.0,0.0,0.0,nan,nan,nan,1,0,0,0
5711613291,5711613285,-0.18421537,0.062324397,-0.17880614,0.018310249,-0.04763773,0.028482663,-0.9982906,nan,nan,nan,nan,nan,nan,0.0,0.0,0.0,0.0,0.0,0.0,nan,nan,nan,1,0,0,0
5711621296,5711621291,-0.18420276,0.0632377,-0.18253462,0.01941223,-0.043817583,0.03747657,-0.9981476,nan,nan,nan,nan,nan,nan,0.0,0.0,0.0,0.0,0.0,0.0,nan,nan,nan,1,0,0,0
5711629502,5711629496,-0.18440741,0.06247554,-0.1852465,0.0173628,-0.04802849,0.028680863,-0.9982831,nan,nan,nan,nan,nan,nan,0.0,0.0,0.0,0.0,0.0,0.0,nan,nan,nan,1,0,0,0
5711636336,5711636330,-0.18457586,0.062454283,-0.18846025,0.017182909,-0.04825646,0.02691216,-0.99832445,nan,nan,nan,nan,nan,nan,0.0,0.0,0.0,0.0,0.0,0.0,nan,nan,nan,1,0,0,0
5711646316,5711646311,-0.18461935,0.06340454,-0.19237193,0.018054552,-0.043402247,0.036735527,-0.99821883,nan,nan,nan,nan,nan,nan,0.0,0.0,0.0,0.0,0.0,0.0,nan,nan,nan,1,0,0,0
5711655297,5711655292,-0.18472956,0.06343024,-0.19567527,0.016831763,-0.04312115,0.036681443,-0.99825436,nan,nan,nan,nan,nan,nan,0.0,0.0,0.0,0.0,0.0,0.0,nan,nan,nan,1,0,0,0
5711662293,5711662288,-0.18479463,0.06348965,-0.1989811,0.015851827,-0.043483887,0.037240542,-0.998234,nan,nan,nan,nan,nan,nan,0.0,0.0,0.0,0.0,0.0,0.0,nan,nan,nan,1,0,0,0
5711670529,5711670523,-0.18490815,0.06275094,-0.20175819,0.01758158,-0.03743682,0.033624966,-0.99857837,nan,nan,nan,nan,nan,nan,0.0,0.0,0.0,0.0,0.0,0.0,nan,nan,nan,1,0,0,0
5711679369,5711679364,-0.18515742,0.062036455,-0.20450956,0.015437995,-0.03995408,0.026098642,-0.9987413,nan,nan,nan,nan,nan,nan,0.0,0.0,0.0,0.0,0.0,0.0,nan,nan,nan,1,0,0,0
5711687294,5711687288,-0.1852702,0.062002227,-0.20772257,0.014494026,-0.039389256,0.025849441,-0.99878436,nan,nan,nan,nan,nan,nan,0.0,0.0,0.0,0.0,0.0,0.0,nan,nan,nan,1,0,0,0
5711696432,5711696427,-0.18528496,0.062813215,-0.2116499,0.014375942,-0.037039056,0.03401821,-0.99863124,nan,nan,nan,nan,nan,nan,0.0,0.0,0.0,0.0,0.0,0.0,nan,nan,nan,1,0,0,0
5711703334,5711703329,-0.18541192,0.0627381,-0.21491992,0.013718888,-0.036983326,0.034382347,-0.99863005,nan,nan,nan,nan,nan,nan,0.0,0.0,0.0,0.0,0.0,0.0,nan,nan,nan,1,0,0,0
5711712339,5711712293,-0.18550065,0.06285771,-0.21834132,0.012348558,-0.037470043,0.035464365,-0.99859184,nan,nan,nan,nan,nan,nan,0.0,0.0,0.0,0.0,0.0,0.0,nan,nan,nan,1,0,0,0
5711722291,5711722285,-0.18581495,0.06196093,-0.22078168,0.010521978,-0.037785098,0.028153557,-0.99883384,nan,nan,nan,nan,nan,nan,0.0,0.0,0.0,0.0,0.0,0.0,nan,nan,nan,1,0,0,0
5711729479,5711729473,-0.18569951,0.06283504,-0.22484517,0.0112330355,-0.036514297,0.034628462,-0.99866986,nan,nan,nan,nan,nan,nan,0.0,0.0,0.0,0.0,0.0,0.0,nan,nan,nan,1,0,0,0
5711737476,5711737470,-0.18594131,0.06200189,-0.22734697,0.008798666,-0.037324432,0.0289876,-0.99884397,nan,nan,nan,nan,nan,nan,0.0,0.0,0.0,0.0,0.0,0.0,nan,nan,nan,1,0,0,0
5711746455,5711746450,-0.18596096,0.06261552,-0.2311932,0.01057082,-0.032507367,0.03434222,-0.9988254,nan,nan,nan,nan,nan,nan,0.0,0.0,0.0,0.0,0.0,0.0,nan,nan,nan,1,0,0,0
5711755621,5711755616,-0.1861305,0.062084123,-0.23405269,0.0067671635,-0.037054937,0.028712258,-0.99887776,nan,nan,nan,nan,nan,nan,0.0,0.0,0.0,0.0,0.0,0.0,nan,nan,nan,1,0,0,0
5711763321,5711763315,-0.18620342,0.06199351,-0.23726748,0.0057644597,-0.036623295,0.02799542,-0.99892026,nan,nan,nan,nan,nan,nan,0.0,0.0,0.0,0.0,0.0,0.0,nan,nan,nan,1,0,0,0
5711770986,5711770981,-0.18619332,0.06216792,-0.24070983,0.004628198,-0.037002534,0.027997363,-0.99891216,nan,nan,nan,nan,nan,nan,0.0,0.0,0.0,0.0,0.0,0.0,nan,nan,nan,1,0,0,0
5711780309,5711780303,-0.18611534,0.062632695,-0.24444705,0.0073104165,-0.03181345,0.0335115,-0.9989051,nan,nan,nan,nan,nan,nan,0.0,0.0,0.0,0.0,0.0,0.0,nan,nan,nan,1,0,0,0
5711789460,5711789455,-0.1861511,0.062844865,-0.2478305,0.0061694984,-0.033071574,0.034042023,-0.998854,nan,nan,nan,nan,nan,nan,0.0,0.0,0.0,0.0,0.0,0.0,nan,nan,nan,1,0,0,0
5711796384,5711796378,-0.1861942,0.06206927,-0.2504969,0.0032514185,-0.036558107,0.027863419,-0.99893767,nan,nan,nan,nan,nan,nan,0.0,0.0,0.0,0.0,0.0,0.0,nan,nan,nan,1,0,0,0
5711805530,5711805524,-0.18603715,0.06280104,-0.2543995,0.0055564484,-0.03293431,0.03306524,-0.998895,nan,nan,nan,nan,nan,nan,0.0,0.0,0.0,0.0,0.0,0.0,nan,nan,nan,1,0,0,0
5711813301,5711813295,-0.18602249,0.06227795,-0.25711823,0.0023218687,-0.037962854,0.02735852,-0.9989019,nan,nan,nan,nan,nan,nan,0.0,0.0,0.0,0.0,0.0,0.0,nan,nan,nan,1,0,0,0
5711821316,5711821310,-0.18596269,0.06222226,-0.26021963,0.001705575,-0.038800128,0.0276033,-0.9988642,nan,nan,nan,nan,nan,nan,0.0,0.0,0.0,0.0,0.0,0.0,nan,nan,nan,1,0,0,0
5711829335,5711829330,-0.18583778,0.062355913,-0.26353246,0.0014694473,-0.038515367,0.028253378,-0.99885744,nan,nan,nan,nan,nan,nan,0.0,0.0,0.0,0.0,0.0,0.0,nan,nan,nan,1,0,0,0
5711838012,5711838006,-0.18583812,0.062124174,-0.2664785,0.0014422598,-0.038253155,0.028335953,-0.9988652,nan,nan,nan,nan,nan,nan,0.0,0.0,0.0,0.0,0.0,0.0,nan,nan,nan,1,0,0,0
5711845299,5711845293,-0.1856921,0.06295861,-0.27027345,0.0032226772,-0.034075785,0.03318831,-0.99886286,nan,nan,nan,nan,nan,nan,0.0,0.0,0.0,0.0,0.0,0.0,nan,nan,nan,1,0,0,0
5711855385,5711855380,-0.18577561,0.06229418,-0.2727595,0.00047806496,-0.038709056,0.027866572,-0.9988618,nan,nan,nan,nan,nan,nan,0.0,0.0,0.0,0.0,0.0,0.0,nan,nan,nan,1,0,0,0
5711862292,5711862287,-0.18566889,0.06237328,-0.27609378,0.0017237371,-0.038012657,0.0284726,-0.9988701,nan,nan,nan,nan,nan,nan,0.0,0.0,0.0,0.0,0.0,0.0,nan,nan,nan,1,0,0,0
5711870852,5711870846,-0.18550481,0.06292578,-0.27974385,0.0039465376,-0.03302278,0.033674095,-0.9988794,nan,nan,nan,nan,nan,nan,0.0,0.0,0.0,0.0,0.0,0.0,nan,nan,nan,1,0,0,0
5711879297,5711879291,-0.1855712,0.063220374,-0.2830388,-0.00019111477,-0.045005,0.028071946,-0.99859226,nan,nan,nan,nan,nan,nan,0.0,0.0,0.0,0.0,0.0,0.0,nan,nan,nan,1,0,0,0
5711888297,5711888291,-0.1852854,0.06427565,-0.28697973,0.0004942699,-0.043314923,0.038503133,-0.99831915,nan,nan,nan,nan,nan,nan,0.0,0.0,0.0,0.0,0.0,0.0,nan,nan,nan,1,0,0,0
5711896287,5711896282,-0.18529974,0.06324255,-0.2894463,-0.00039739002,-0.045077242,0.028260896,-0.99858356,nan,nan,nan,nan,nan,nan,0.0,0.0,0.0,0.0,0.0,0.0,nan,nan,nan,1,0,0,0
5711905299,5711905294,-0.18506175,0.064308874,-0.29332536,0.00035148667,-0.042442545,0.03913149,-0.9983322,nan,nan,nan,nan,nan,nan,0.0,0.0,0.0,0.0,0.0,0.0,nan,nan,nan,1,0,0,0
5711913297,5711913292,-0.18506862,0.063397855,-0.2958654,0.0016427933,0.045163665,-0.027315835,0.9986047,nan,nan,nan,nan,nan,nan,0.0,0.0,0.0,0.0,0.0,0.0,nan,nan,nan,1,0,0,0
5711921292,5711921286,-0.18487437,0.063215986,-0.29896417,0.0012728497,0.044169486,-0.027644722,0.99864066,nan,nan,nan,nan,nan,nan,0.0,0.0,0.0,0.0,0.0,0.0,nan,nan,nan,1,0,0,0
5711932528,5711932522,-0.18467037,0.06337467,-0.30226672,0.001470705,0.0448768,-0.028152633,0.99859476,nan,nan,nan,nan,nan,nan,0.0,0.0,0.0,0.0,0.0,0.0,nan,nan,nan,1,0,0,0
5711937225,5711937220,-0.18438905,0.06431445,-0.30613866,-0.00078771106,-0.042964537,0.03839106,-0.9983384,nan,nan,nan,nan,nan,nan,0.0,0.0,0.0,0.0,0.0,0.0,nan,nan,nan,1,0,0,0
5711946294,5711946288,-0.18421926,0.06439598,-0.30934465,-0.00033166716,-0.04221091,0.038837645,-0.9983535,nan,nan,nan,nan,nan,nan,0.0,0.0,0.0,0.0,0.0,0.0,nan,nan,nan,1,0,0,0
5711954668,5711954662,-0.18398434,0.06442371,-0.31252956,0.00015827054,-0.042884998,0.038472332,-0.99833894,nan,nan,nan,nan,nan,nan,0.0,0.0,0.0,0.0,0.0,0.0,nan,nan,nan,1,0,0,0
5711963323,5711963318,-0.18392621,0.06348557,-0.31495497,-0.0007122134,-0.046666924,0.027367545,-0.9985353,nan,nan,nan,nan,nan,nan,0.0,0.0,0.0,0.0,0.0,0.0,nan,nan,nan,1,0,0,0
5711970732,5711970726,-0.18380095,0.06346778,-0.31808436,-0.00051019975,-0.046981107,0.027667006,-0.9985124,nan,nan,nan,nan,nan,nan,0.0,0.0,0.0,0.0,0.0,0.0,nan,nan,nan,1,0,0,0
5711979299,5711979293,-0.18380305,0.06276155,-0.32046217,0.001711039,-0.038914643,0.028215276,-0.99884266,nan,nan,nan,nan,nan,nan,0.0,0.0,0.0,0.0,0.0,0.0,nan,nan,nan,1,0,0,0
5711987397,5711987392,-0.18349311,0.0635228,-0.32440197,0.0046352167,-0.034738857,0.034275856,-0.99879766,nan,nan,nan,nan,nan,nan,0.0,0.0,0.0,0.0,0.0,0.0,nan,nan,nan,1,0,0,0
5711996292,5711996287,-0.1836776,0.0635792,-0.3276046,0.00079434074,-0.0461252,0.02720273,-0.998565,nan,nan,nan,nan,nan,nan,0.0,0.0,0.0,0.0,0.0,0.0,nan,nan,nan,1,0,0,0
5712004430,5712004424,-0.1834718,0.064702794,-0.33151558,0.0013615427,-0.044801366,0.038221374,-0.9982635,nan,nan,nan,nan,nan,nan,0.0,0.0,0.0,0.0,0.0,0.0,nan,nan,nan,1,0,0,0
5712013296,5712013290,-0.18347298,0.06364901,-0.33391374,0.0014685742,-0.04719561,0.028017774,-0.9984916,nan,nan,nan,nan,nan,nan,0.0,0.0,0.0,0.0,0.0,0.0,nan,nan,nan,1,0,0,0
5712022367,5712022361,-0.18341123,0.063598946,-0.3369883,0.0019161024,-0.048121724,0.027872147,-0.9984507,nan,nan,nan,nan,nan,nan,0.0,0.0,0.0,0.0,0.0,0.0,nan,nan,nan,1,0,0,0
5712029294,5712029289,-0.18346354,0.06308515,-0.33968365,0.006571807,-0.036214847,0.03187372,-0.998814,nan,nan,nan,nan,nan,nan,0.0,0.0,0.0,0.0,0.0,0.0,nan,nan,nan,1,0,0,0
5712037263,5712037257,-0.18330166,0.06369066,-0.34301955,0.0037247413,-0.048227202,0.029092351,-0.99840564,nan,nan,nan,nan,nan,nan,0.0,0.0,0.0,0.0,0.0,0.0,nan,nan,nan,1,0,0,0
5712046302,5712046295,-0.18339583,0.062904514,-0.34548947,0.005830184,-0.040301498,0.030404417,-0.9987079,nan,nan,nan,nan,nan,nan,0.0,0.0,0.0,0.0,0.0,0.0,nan,nan,nan,1,0,0,0
5712054502,5712054496,-0.1831489,0.06488279,-0.3498311,0.0055835904,-0.046176873,0.04141082,-0.9980589,nan,nan,nan,nan,nan,nan,0.0,0.0,0.0,0.0,0.0,0.0,nan,nan,nan,1,0,0,0
5712063295,5712063290,-0.18331562,0.06387526,-0.35219467,0.0042039533,-0.049138017,0.02942063,-0.9983497,nan,nan,nan,nan,nan,nan,0.0,0.0,0.0,0.0,0.0,0.0,nan,nan,nan,1,0,0,0
5712069920,5712069914,-0.18334419,0.06384889,-0.35534403,0.0054334686,-0.047892388,0.02986417,-0.99839115,nan,nan,nan,nan,nan,nan,0.0,0.0,0.0,0.0,0.0,0.0,nan,nan,nan,1,0,0,0
5712080296,5712080291,-0.18352361,0.06315739,-0.357779,0.00720348,-0.041342348,0.03035099,-0.99865794,nan,nan,nan,nan,nan,nan,0.0,0.0,0.0,0.0,0.0,0.0,nan,nan,nan,1,0,0,0
5712087300,5712087295,-0.18341987,0.06386484,-0.36149365,0.005556675,-0.04891796,0.028471773,-0.99838144,nan,nan,nan,nan,nan,nan,0.0,0.0,0.0,0.0,0.0,0.0,nan,nan,nan,1,0,0,0
5712096321,5712096315,-0.18349335,0.06307209,-0.36393163,0.0070662596,-0.0404291,0.02898289,-0.998737,nan,nan,nan,nan,nan,nan,0.0,0.0,0.0,0.0,0.0,0.0,nan,nan,nan,1,0,0,0
5712104487,5712104481,-0.18356912,0.06382778,-0.3676429,0.0044682464,-0.047171135,0.026942704,-0.99851346,nan,nan,nan,nan,nan,nan,0.0,0.0,0.0,0.0,0.0,0.0,nan,nan,nan,1,0,0,0
5712115094,5712115088,-0.18361567,0.06398153,-0.37067753,0.0044278046,-0.04808285,0.026835104,-0.998473,nan,nan,nan,nan,nan,nan,0.0,0.0,0.0,0.0,0.0,0.0,nan,nan,nan,1,0,0,0
5712121292,5712121287,-0.18362993,0.064228155,-0.37388545,0.004090309,-0.045294747,0.030714849,-0.9984929,nan,nan,nan,nan,nan,nan,0.0,0.0,0.0,0.0,0.0,0.0,nan,nan,nan,1,0,0,0
5712131292,5712131286,-0.18367232,0.06397153,-0.37671104,0.0028110815,-0.04717985,0.027092712,-0.99851495,nan,nan,nan,nan,nan,nan,0.0,0.0,0.0,0.0,0.0,0.0,nan,nan,nan,1,0,0,0
5712136281,5712136276,-0.18369438,0.063903034,-0.3796424,0.0027221614,-0.046783213,0.026970133,-0.9985372,nan,nan,nan,nan,nan,nan,0.0,0.0,0.0,0.0,0.0,0.0,nan,nan,nan,1,0,0,0
5712146323,5712146317,-0.18369377,0.06406577,-0.38256776,0.0015404375,-0.04758233,0.027474953,-0.9984881,nan,nan,nan,nan,nan,nan,0.0,0.0,0.0,0.0,0.0,0.0,nan,nan,nan,1,0,0,0
5712154971,5712154965,-0.18367128,0.06409081,-0.38538066,0.001310595,-0.049497634,0.026213592,-0.99842924,nan,nan,nan,nan,nan,nan,0.0,0.0,0.0,0.0,0.0,0.0,nan,nan,nan,1,0,0,0
5712162340,5712162335,-0.1836916,0.06404876,-0.3882552,0.00072333246,-0.047309086,0.028572012,-0.9984713,nan,nan,nan,nan,nan,nan,0.0,0.0,0.0,0.0,0.0,0.0,nan,nan,nan,1,0,0,0
5712169804,5712169799,-0.18353197,0.06506407,-0.39191326,0.00021831736,-0.044617098,0.04031001,-0.9981905,nan,nan,nan,nan,nan,nan,0.0,0.0,0.0,0.0,0.0,0.0,nan,nan,nan,1,0,0,0
5712179361,5712179356,-0.183654,0.06410543,-0.39391926,-0.00011814436,-0.04810561,0.028616993,-0.9984323,nan,nan,nan,nan,nan,nan,0.0,0.0,0.0,0.0,0.0,0.0,nan,nan,nan,1,0,0,0
5712187324,5712187319,-0.18380627,0.06309479,-0.39599052,0.00072322664,-0.038732667,0.031818092,-0.99874264,nan,nan,nan,nan,nan,nan,0.0,0.0,0.0,0.0,0.0,0.0,nan,nan,nan,1,0,0,0
5712196356,5712196350,-0.18377785,0.0633879,-0.3991126,0.0022275888,-0.035983343,0.033461526,-0.99878955,nan,nan,nan,nan,nan,nan,0.0,0.0,0.0,0.0,0.0,0.0,nan,nan,nan,1,0,0,0
5712204779,5712204774,-0.18358988,0.06414727,-0.40239,-0.00046419987,-0.048436064,0.030452644,-0.99836177,nan,nan,nan,nan,nan,nan,0.0,0.0,0.0,0.0,0.0,0.0,nan,nan,nan,1,0,0,0
5712214376,5712214370,-0.1837724,0.0632724,-0.40440217,0.00045218668,-0.04104296,0.032292984,-0.99863523,nan,nan,nan,nan,nan,nan,0.0,0.0,0.0,0.0,0.0,0.0,nan,nan,nan,1,0,0,0
5712222290,5712222284,-0.18351659,0.06433483,-0.40811193,-0.00035078687,-0.04967455,0.029345503,-0.99833417,nan,nan,nan,nan,nan,nan,0.0,0.0,0.0,0.0,0.0,0.0,nan,nan,nan,1,0,0,0
5712229308,5712229303,-0.18362576,0.06433362,-0.41093022,-0.00093186944,-0.05035192,0.028399087,-0.9983273,nan,nan,nan,nan,nan,nan,0.0,0.0,0.0,0.0,0.0,0.0,nan,nan,nan,1,0,0,0
5712237184,5712237179,-0.18378264,0.062869,-0.41269735,-0.0002639308,-0.046193775,0.037532482,-0.9982272,nan,nan,nan,nan,nan,nan,0.0,0.0,0.0,0.0,0.0,0.0,nan,nan,nan,1,0,0,0
5712245299,5712245294,-0.1837835,0.06389475,-0.41610926,0.0036311215,0.055866376,-0.038149294,0.9977025,nan,nan,nan,nan,nan,nan,0.0,0.0,0.0,0.0,0.0,0.0,nan,nan,nan,1,0,0,0
5712254976,5712254970,-0.18371665,0.06300364,-0.4183913,0.000937994,-0.045773897,0.03604465,-0.99830085,nan,nan,nan,nan,nan,nan,0.0,0.0,0.0,0.0,0.0,0.0,nan,nan,nan,1,0,0,0
5712262304,5712262299,-0.18344656,0.06457265,-0.42249098,0.0013174496,-0.050168674,0.025649136,-0.9984105,nan,nan,nan,nan,nan,nan,0.0,0.0,0.0,0.0,0.0,0.0,nan,nan,nan,1,0,0,0
5712270945,5712270939,-0.18345205,0.06439395,-0.42526168,0.0014963849,-0.047345508,0.027400704,-0.9985015,nan,nan,nan,nan,nan,nan,0.0,0.0,0.0,0.0,0.0,0.0,nan,nan,nan,1,0,0,0
5712279298,5712279293,-0.18352392,0.06343275,-0.4273062,0.0038385293,-0.038372956,0.028611088,-0.9988464,nan,nan,nan,nan,nan,nan,0.0,0.0,0.0,0.0,0.0,0.0,nan,nan,nan,1,0,0,0
5712288562,5712288557,-0.18345977,0.06341681,-0.43012607,0.0038825546,-0.039591692,0.027639436,-0.99882597,nan,nan,nan,nan,nan,nan,0.0,0.0,0.0,0.0,0.0,0.0,nan,nan,nan,1,0,0,0
5712296292,5712296286,-0.18344714,0.0636759,-0.43296206,0.0030816582,-0.039610155,0.027219102,-0.9988396,nan,nan,nan,nan,nan,nan,0.0,0.0,0.0,0.0,0.0,0.0,nan,nan,nan,1,0,0,0
5712304591,5712304586,-0.18346182,0.063505076,-0.4354457,0.0036620405,-0.03917608,0.027460616,-0.9988482,nan,nan,nan,nan,nan,nan,0.0,0.0,0.0,0.0,0.0,0.0,nan,nan,nan,1,0,0,0
5712312301,5712312295,-0.1834028,0.06303003,-0.43780538,0.003135406,-0.046223085,0.035148438,-0.9983077,nan,nan,nan,nan,nan,nan,0.0,0.0,0.0,0.0,0.0,0.0,nan,nan,nan,1,0,0,0
5712321293,5712321288,-0.18311194,0.06355173,-0.44094014,0.008122749,-0.03497884,0.03170538,-0.99885195,nan,nan,nan,nan,nan,nan,0.0,0.0,0.0,0.0,0.0,0.0,nan,nan,nan,1,0,0,0
5712330293,5712330288,-0.18325607,0.06307055,-0.44301903,0.004715072,-0.046293963,0.03627111,-0.998258,nan,nan,nan,nan,nan,nan,0.0,0.0,0.0,0.0,0.0,0.0,nan,nan,nan,1,0,0,0
5712337951,5712337946,-0.18308483,0.06342072,-0.44582856,0.008129992,-0.039008226,0.03157113,-0.99870694,nan,nan,nan,nan,nan,nan,0.0,0.0,0.0,0.0,0.0,0.0,nan,nan,nan,1,0,0,0
5712345335,5712345299,-0.182943,0.06400094,-0.44877595,0.010464995,-0.039514136,0.03442485,-0.99857104,nan,nan,nan,nan,nan,nan,0.0,0.0,0.0,0.0,0.0,0.0,nan,nan,nan,1,0,0,0
5712354616,5712354611,-0.18295498,0.06301337,-0.45037073,0.00882747,-0.04611396,0.03887932,-0.99814034,nan,nan,nan,nan,nan,nan,0.0,0.0,0.0,0.0,0.0,0.0,nan,nan,nan,1,0,0,0
5712364000,5712363995,-0.18280843,0.063403375,-0.4531066,0.012209204,-0.039265152,0.03326653,-0.99860024,nan,nan,nan,nan,nan,nan,0.0,0.0,0.0,0.0,0.0,0.0,nan,nan,nan,1,0,0,0
5712370716,5712370711,-0.18263727,0.063407354,-0.45545444,0.0136864465,-0.03777193,0.03362076,-0.9986269,nan,nan,nan,nan,nan,nan,0.0,0.0,0.0,0.0,0.0,0.0,nan,nan,nan,1,0,0,0
5712381291,5712381286,-0.18254374,0.06347062,-0.45774502,0.014400914,-0.039351434,0.034889597,-0.9985123,nan,nan,nan,nan,nan,nan,0.0,0.0,0.0,0.0,0.0,0.0,nan,nan,nan,1,0,0,0
5712388629,5712388622,-0.18249235,0.06346632,-0.4600496,0.016142337,-0.03865649,0.03420463,-0.9985364,nan,nan,nan,nan,nan,nan,0.0,0.0,0.0,0.0,0.0,0.0,nan,nan,nan,1,0,0,0
5712396298,5712396293,-0.1825397,0.06380591,-0.46245387,0.013855911,-0.05159988,0.041414127,-0.99771255,nan,nan,nan,nan,nan,nan,0.0,0.0,0.0,0.0,0.0,0.0,nan,nan,nan,1,0,0,0
5712405115,5712405109,-0.18249935,0.063502364,-0.46453527,0.018240778,-0.03996109,0.034092087,-0.99845284,nan,nan,nan,nan,nan,nan,0.0,0.0,0.0,0.0,0.0,0.0,nan,nan,nan,1,0,0,0
5712413961,5712413956,-0.1825107,0.0635425,-0.46672225,0.019977681,-0.038621657,0.03346205,-0.9984937,nan,nan,nan,nan,nan,nan,0.0,0.0,0.0,0.0,0.0,0.0,nan,nan,nan,1,0,0,0
5712421296,5712421291,-0.18267836,0.06309919,-0.46859965,0.018638855,-0.04581251,0.037907667,-0.9980566,nan,nan,nan,nan,nan,nan,0.0,0.0,0.0,0.0,0.0,0.0,nan,nan,nan,1,0,0,0
5712428443,5712428438,-0.18276738,0.063199714,-0.47078106,0.019037386,-0.046787947,0.03646102,-0.9980576,nan,nan,nan,nan,nan,nan,0.0,0.0,0.0,0.0,0.0,0.0,nan,nan,nan,1,0,0,0
5712437078,5712437073,-0.18274938,0.06316141,-0.47282815,0.019866183,-0.045103297,0.035331678,-0.99815965,nan,nan,nan,nan,nan,nan,0.0,0.0,0.0,0.0,0.0,0.0,nan,nan,nan,1,0,0,0
5712446296,5712446291,-0.18262066,0.06356018,-0.47505805,0.021653596,-0.03747275,0.029199446,-0.9986362,nan,nan,nan,nan,nan,nan,0.0,0.0,0.0,0.0,0.0,0.0,nan,nan,nan,1,0,0,0
5712454636,5712454630,-0.18275511,0.06355212,-0.47684962,0.019753657,-0.043854352,0.036167283,-0.9981876,nan,nan,nan,nan,nan,nan,0.0,0.0,0.0,0.0,0.0,0.0,nan,nan,nan,1,0,0,0
5712462292,5712462286,-0.18282259,0.06386877,-0.4788035,0.0215434,-0.035432402,0.030132744,-0.99868536,nan,nan,nan,nan,nan,nan,0.0,0.0,0.0,0.0,0.0,0.0,nan,nan,nan,1,0,0,0
5712470729,5712470723,-0.18300751,0.06316299,-0.4798639,0.017279679,-0.04580002,0.035085093,-0.99818474,nan,nan,nan,nan,nan,nan,0.0,0.0,0.0,0.0,0.0,0.0,nan,nan,nan,1,0,0,0
5712479303,5712479297,-0.18297604,0.0635351,-0.48163322,0.01842465,-0.03837534,0.030077295,-0.99864066,nan,nan,nan,nan,nan,nan,0.0,0.0,0.0,0.0,0.0,0.0,nan,nan,nan,1,0,0,0
5712488638,5712488633,-0.18300653,0.06360722,-0.48303342,0.017449884,-0.039809857,0.029463464,-0.99862033,nan,nan,nan,nan,nan,nan,0.0,0.0,0.0,0.0,0.0,0.0,nan,nan,nan,1,0,0,0
5712496290,5712496285,-0.18302989,0.063600965,-0.48428643,0.016661048,-0.040077075,0.030450158,-0.9985935,nan,nan,nan,nan,nan,nan,0.0,0.0,0.0,0.0,0.0,0.0,nan,nan,nan,1,0,0,0
5712504428,5712504422,-0.18302539,0.06439076,-0.48593512,0.013189823,-0.05376685,0.042576738,-0.9975582,nan,nan,nan,nan,nan,nan,0.0,0.0,0.0,0.0,0.0,0.0,nan,nan,nan,1,0,0,0
5712514498,5712514492,-0.18292618,0.06489756,-0.4875348,0.015016608,-0.046699237,0.032228097,-0.99827605,nan,nan,nan,nan,nan,nan,0.0,0.0,0.0,0.0,0.0,0.0,nan,nan,nan,1,0,0,0
5712521286,5712521280,-0.18315072,0.06363831,-0.48752794,0.015727071,-0.039823055,0.030918393,-0.99860436,nan,nan,nan,nan,nan,nan,0.0,0.0,0.0,0.0,0.0,0.0,nan,nan,nan,1,0,0,0
5712530463,5712530458,-0.18328352,0.06332219,-0.48813277,0.012519108,-0.048707426,0.03662685,-0.9980628,nan,nan,nan,nan,nan,nan,0.0,0.0,0.0,0.0,0.0,0.0,nan,nan,nan,1,0,0,0
5712537693,5712537686,-0.18320705,0.063732445,-0.4893134,0.01474121,-0.040387843,0.030480107,-0.99861026,nan,nan,nan,nan,nan,nan,0.0,0.0,0.0,0.0,0.0,0.0,nan,nan,nan,1,0,0,0
5712546299,5712546294,-0.18306856,0.06492506,-0.49041453,0.013351571,-0.050674513,0.026151441,-0.99828357,nan,nan,nan,nan,nan,nan,0.0,0.0,0.0,0.0,0.0,0.0,nan,nan,nan,1,0,0,0
5712554557,5712554552,-0.18342677,0.06332072,-0.4902877,0.010962027,-0.04846452,0.03613588,-0.99811083,nan,nan,nan,nan,nan,nan,0.0,0.0,0.0,0.0,0.0,0.0,nan,nan,nan,1,0,0,0
5712562292,5712562286,-0.18339789,0.06391222,-0.49137923,0.00892423,-0.053817816,0.037226364,-0.9978167,nan,nan,nan,nan,nan,nan,0.0,0.0,0.0,0.0,0.0,0.0,nan,nan,nan,1,0,0,0
5712569929,5712569924,-0.1834562,0.063879035,-0.49188498,0.008429428,-0.053500947,0.037039183,-0.997845,nan,nan,nan,nan,nan,nan,0.0,0.0,0.0,0.0,0.0,0.0,nan,nan,nan,1,0,0,0
5712579301,5712579295,-0.1835155,0.06386538,-0.4922712,0.008226402,-0.052517068,0.03676417,-0.9979092,nan,nan,nan,nan,nan,nan,0.0,0.0,0.0,0.0,0.0,0.0,nan,nan,nan,1,0,0,0
5712588359,5712588353,-0.18355173,0.06385839,-0.49258062,0.0078087896,-0.05271867,0.03693359,-0.9978956,nan,nan,nan,nan,nan,nan,0.0,0.0,0.0,0.0,0.0,0.0,nan,nan,nan,1,0,0,0
5712598320,5712598315,-0.18363896,0.06326733,-0.49240607,0.008915396,-0.04771202,0.036260393,-0.998163,nan,nan,nan,nan,nan,nan,0.0,0.0,0.0,0.0,0.0,0.0,nan,nan,nan,1,0,0,0
5712604707,5712604701,-0.18363391,0.063268974,-0.49258274,0.0086408155,-0.047492553,0.036473233,-0.99816805,nan,nan,nan,nan,nan,nan,0.0,0.0,0.0,0.0,0.0,0.0,nan,nan,nan,1,0,0,0
5712615484,5712615479,-0.1836377,0.06324917,-0.49268493,0.008452703,-0.04759155,0.036833588,-0.9981517,nan,nan,nan,nan,nan,nan,0.0,0.0,0.0,0.0,0.0,0.0,nan,nan,nan,1,0,0,0
5712622292,5712622287,-0.18363458,0.0632343,-0.49273604,0.008201808,-0.047603656,0.037346613,-0.99813414,nan,nan,nan,nan,nan,nan,0.0,0.0,0.0,0.0,0.0,0.0,nan,nan,nan,1,0,0,0
5712630297,5712630291,-0.18363373,0.063221686,-0.4926954,0.0081404885,-0.047458563,0.037734937,-0.9981271,nan,nan,nan,nan,nan,nan,0.0,0.0,0.0,0.0,0.0,0.0,nan,nan,nan,1,0,0,0
5712637552,5712637547,-0.1836347,0.06320052,-0.49262935,0.00809387,-0.047428865,0.038223423,-0.99811023,nan,nan,nan,nan,nan,nan,0.0,0.0,0.0,0.0,0.0,0.0,nan,nan,nan,1,0,0,0
5712647299,5712647293,-0.18362516,0.06318472,-0.49252012,0.008118705,-0.04742148,0.039028756,-0.9980792,nan,nan,nan,nan,nan,nan,0.0,0.0,0.0,0.0,0.0,0.0,nan,nan,nan,1,0,0,0
5712655288,5712655282,-0.18353687,0.063581675,-0.49264395,0.010159792,-0.0404258,0.034367338,-0.9985396,nan,nan,nan,nan,nan,nan,0.0,0.0,0.0,0.0,0.0,0.0,nan,nan,nan,1,0,0,0
5712663711,5712663706,-0.18353236,0.06372648,-0.49258217,0.0071061053,-0.052147545,0.041666765,-0.9977444,nan,nan,nan,nan,nan,nan,0.0,0.0,0.0,0.0,0.0,0.0,nan,nan,nan,1,0,0,0
5712671688,5712671682,-0.18353201,0.06371951,-0.49243492,0.0069928253,-0.05265938,0.04253788,-0.99768156,nan,nan,nan,nan,nan,nan,0.0,0.0,0.0,0.0,0.0,0.0,nan,nan,nan,1,0,0,0
5712679300,5712679295,-0.18353738,0.06367058,-0.49225736,0.007037417,-0.05257394,0.043412495,-0.9976482,nan,nan,nan,nan,nan,nan,0.0,0.0,0.0,0.0,0.0,0.0,nan,nan,nan,1,0,0,0
5712687295,5712687289,-0.18351848,0.06368699,-0.49212897,0.006971186,-0.052699976,0.044567887,-0.99759096,nan,nan,nan,nan,nan,nan,0.0,0.0,0.0,0.0,0.0,0.0,nan,nan,nan,1,0,0,0
5712696430,5712696424,-0.1835068,0.063688114,-0.49198866,0.0067855082,-0.052997,0.04556215,-0.99753165,nan,nan,nan,nan,nan,nan,0.0,0.0,0.0,0.0,0.0,0.0,nan,nan,nan,1,0,0,0
5712704283,5712704278,-0.18349648,0.06367509,-0.49184063,0.0068704365,-0.052804906,0.04616252,-0.99751365,nan,nan,nan,nan,nan,nan,0.0,0.0,0.0,0.0,0.0,0.0,nan,nan,nan,1,0,0,0
5712713961,5712713956,-0.18354781,0.063405015,-0.49147695,0.007918443,-0.0504295,0.046351667,-0.99762,nan,nan,nan,nan,nan,nan,0.0,0.0,0.0,0.0,0.0,0.0,nan,nan,nan,1,0,0,0
5712721443,5712721437,-0.18347429,0.063634954,-0.49156702,0.0072383983,-0.052577928,0.0469307,-0.9974872,nan,nan,nan,nan,nan,nan,0.0,0.0,0.0,0.0,0.0,0.0,nan,nan,nan,1,0,0,0
5712729292,5712729286,-0.18345493,0.06296527,-0.49097186,0.008874636,-0.047771566,0.046216015,-0.9977491,nan,nan,nan,nan,nan,nan,0.0,0.0,0.0,0.0,0.0,0.0,nan,nan,nan,1,0,0,0
5712737485,5712737477,-0.18342316,0.06296268,-0.4908709,0.009123636,-0.047881216,0.04608127,-0.9977478,nan,nan,nan,nan,nan,nan,0.0,0.0,0.0,0.0,0.0,0.0,nan,nan,nan,1,0,0,0
5712749292,5712749286,-0.18341205,0.063049525,-0.49085268,0.00920652,-0.048191447,0.045755934,-0.99774706,nan,nan,nan,nan,nan,nan,0.0,0.0,0.0,0.0,0.0,0.0,nan,nan,nan,1,0,0,0
5712754294,5712754289,-0.1833836,0.06298218,-0.4907499,0.009368165,-0.047817554,0.04542404,-0.9977787,nan,nan,nan,nan,nan,nan,0.0,0.0,0.0,0.0,0.0,0.0,nan,nan,nan,1,0,0,0
5712762318,5712762284,-0.18336241,0.06300134,-0.49070412,0.009315991,-0.047938652,0.04477593,-0.99780273,nan,nan,nan,nan,nan,nan,0.0,0.0,0.0,0.0,0.0,0.0,nan,nan,nan,1,0,0,0
5712770931,5712770925,-0.18335424,0.06305348,-0.4907023,0.009209796,-0.04832011,0.04402142,-0.9978189,nan,nan,nan,nan,nan,nan,0.0,0.0,0.0,0.0,0.0,0.0,nan,nan,nan,1,0,0,0
5712779300,5712779294,-0.18333054,0.063125506,-0.49070626,0.008979739,-0.048033454,0.042878132,-0.9978846,nan,nan,nan,nan,nan,nan,0.0,0.0,0.0,0.0,0.0,0.0,nan,nan,nan,1,0,0,0
5712788327,5712788322,-0.18318722,0.06362452,-0.49104145,0.010898898,-0.040161863,0.035778288,-0.99849296,nan,nan,nan,nan,nan,nan,0.0,0.0,0.0,0.0,0.0,0.0,nan,nan,nan,1,0,0,0
5712796381,5712796375,-0.18318212,0.06366176,-0.49105376,0.010342491,-0.03999986,0.03458925,-0.99854726,nan,nan,nan,nan,nan,nan,0.0,0.0,0.0,0.0,0.0,0.0,nan,nan,nan,1,0,0,0
5712804410,5712804405,-0.18318106,0.06370998,-0.49109083,0.009517163,-0.039941646,0.033324257,-0.9986008,nan,nan,nan,nan,nan,nan,0.0,0.0,0.0,0.0,0.0,0.0,nan,nan,nan,1,0,0,0
5712813614,5712813609,-0.1831714,0.063720115,-0.4911133,0.0086432565,-0.039835114,0.031906616,-0.9986593,nan,nan,nan,nan,nan,nan,0.0,0.0,0.0,0.0,0.0,0.0,nan,nan,nan,1,0,0,0
5712821363,5712821358,-0.18321452,0.06365424,-0.49100855,0.007320186,-0.039882798,0.031202639,-0.99869025,nan,nan,nan,nan,nan,nan,0.0,0.0,0.0,0.0,0.0,0.0,nan,nan,nan,1,0,0,0
5712829291,5712829285,-0.183302,0.06322869,-0.49061948,0.0044764043,-0.046836518,0.03556177,-0.99825937,nan,nan,nan,nan,nan,nan,0.0,0.0,0.0,0.0,0.0,0.0,nan,nan,nan,1,0,0,0
5712837286,5712837280,-0.18329956,0.063337885,-0.49053028,0.0038220712,-0.04690548,0.034925442,-0.99828124,nan,nan,nan,nan,nan,nan,0.0,0.0,0.0,0.0,0.0,0.0,nan,nan,nan,1,0,0,0
5712846297,5712846291,-0.18317011,0.06379895,-0.49065852,0.0057871905,-0.038986783,0.028479675,-0.99881697,nan,nan,nan,nan,nan,nan,0.0,0.0,0.0,0.0,0.0,0.0,nan,nan,nan,1,0,0,0
5712855326,5712855320,-0.18316424,0.063850924,-0.4904189,0.0054624327,-0.03893383,0.028324569,-0.9988253,nan,nan,nan,nan,nan,nan,0.0,0.0,0.0,0.0,0.0,0.0,nan,nan,nan,1,0,0,0
5712863721,5712863715,-0.1832992,0.0634142,-0.48972973,0.0030171575,-0.046745718,0.034014776,-0.998323,nan,nan,nan,nan,nan,nan,0.0,0.0,0.0,0.0,0.0,0.0,nan,nan,nan,1,0,0,0
5712870149,5712870144,-0.18327193,0.06339853,-0.48930675,0.0030568207,-0.046631623,0.03389942,-0.9983321,nan,nan,nan,nan,nan,nan,0.0,0.0,0.0,0.0,0.0,0.0,nan,nan,nan,1,0,0,0
5712879315,5712879310,-0.18322587,0.06342747,-0.4888438,0.0031853467,-0.04655994,0.03373045,-0.9983407,nan,nan,nan,nan,nan,nan,0.0,0.0,0.0,0.0,0.0,0.0,nan,nan,nan,1,0,0,0
5712888299,5712888293,-0.18313876,0.063817024,-0.48860112,0.005051175,-0.040436514,0.027850624,-0.9987811,nan,nan,nan,nan,nan,nan,0.0,0.0,0.0,0.0,0.0,0.0,nan,nan,nan,1,0,0,0
5712896293,5712896287,-0.18306588,0.06382824,-0.48808488,0.0054797377,-0.04068808,0.027662424,-0.9987738,nan,nan,nan,nan,nan,nan,0.0,0.0,0.0,0.0,0.0,0.0,nan,nan,nan,1,0,0,0
5712904306,5712904300,-0.18310183,0.06345976,-0.48717773,0.0036764906,-0.048405726,0.033417065,-0.99826175,nan,nan,nan,nan,nan,nan,0.0,0.0,0.0,0.0,0.0,0.0,nan,nan,nan,1,0,0,0
5712914511,5712914506,-0.18305686,0.063309066,-0.48644146,0.00439424,-0.046917006,0.033991404,-0.99831057,nan,nan,nan,nan,nan,nan,0.0,0.0,0.0,0.0,0.0,0.0,nan,nan,nan,1,0,0,0
5712921350,5712921345,-0.1830004,0.063335165,-0.48580223,0.0044765593,-0.04716112,0.03425338,-0.9982898,nan,nan,nan,nan,nan,nan,0.0,0.0,0.0,0.0,0.0,0.0,nan,nan,nan,1,0,0,0
5712930292,5712930287,-0.1829939,0.06341155,-0.48519814,0.0045858365,-0.047359366,0.034658205,-0.9982659,nan,nan,nan,nan,nan,nan,0.0,0.0,0.0,0.0,0.0,0.0,nan,nan,nan,1,0,0,0
5712937191,5712937185,-0.18282168,0.06389577,-0.4848972,0.0073450864,-0.039430194,0.02846422,-0.9987898,nan,nan,nan,nan,nan,nan,0.0,0.0,0.0,0.0,0.0,0.0,nan,nan,nan,1,0,0,0
5712946293,5712946287,-0.18294671,0.063445985,-0.48376688,0.005139817,-0.046985686,0.034233484,-0.99829555,nan,nan,nan,nan,nan,nan,0.0,0.0,0.0,0.0,0.0,0.0,nan,nan,nan,1,0,0,0
5712954489,5712954483,-0.1829048,0.063481845,-0.48300645,0.0058992123,-0.046793815,0.034349833,-0.9982963,nan,nan,nan,nan,nan,nan,0.0,0.0,0.0,0.0,0.0,0.0,nan,nan,nan,1,0,0,0
5712964299,5712964294,-0.18273775,0.06386563,-0.4824908,0.008683945,-0.038341694,0.027957916,-0.9988358,nan,nan,nan,nan,nan,nan,0.0,0.0,0.0,0.0,0.0,0.0,nan,nan,nan,1,0,0,0
5712970699,5712970694,-0.18270423,0.06378636,-0.4816025,0.009199578,-0.03845301,0.028777763,-0.9988036,nan,nan,nan,nan,nan,nan,0.0,0.0,0.0,0.0,0.0,0.0,nan,nan,nan,1,0,0,0
5712979313,5712979307,-0.18275614,0.06325608,-0.48042676,0.007962285,-0.04447283,0.033731412,-0.9984093,nan,nan,nan,nan,nan,nan,0.0,0.0,0.0,0.0,0.0,0.0,nan,nan,nan,1,0,0,0
5712987787,5712987781,-0.18274494,0.06331322,-0.47956038,0.008638513,-0.04490237,0.033025168,-0.99840796,nan,nan,nan,nan,nan,nan,0.0,0.0,0.0,0.0,0.0,0.0,nan,nan,nan,1,0,0,0
5712997655,5712997649,-0.18262216,0.0634235,-0.4787124,0.008914709,-0.045145374,0.032661904,-0.9984065,nan,nan,nan,nan,nan,nan,0.0,0.0,0.0,0.0,0.0,0.0,nan,nan,nan,1,0,0,0
5713003964,5713003958,-0.182535,0.063487895,-0.47784382,0.008782984,-0.045712553,0.033032406,-0.9983697,nan,nan,nan,nan,nan,nan,0.0,0.0,0.0,0.0,0.0,0.0,nan,nan,nan,1,0,0,0
5713013683,5713013677,-0.18232155,0.063974455,-0.47722104,0.010780385,-0.037983835,0.02708128,-0.9988532,nan,nan,nan,nan,nan,nan,0.0,0.0,0.0,0.0,0.0,0.0,nan,nan,nan,1,0,0,0
5713020296,5713020291,-0.18221125,0.063988626,-0.4762953,0.010637805,-0.03750362,0.027011225,-0.9988747,nan,nan,nan,nan,nan,nan,0.0,0.0,0.0,0.0,0.0,0.0,nan,nan,nan,1,0,0,0
5713029342,5713029311,-0.18218575,0.063688405,-0.4751116,0.007959425,-0.046147946,0.032282315,-0.99838114,nan,nan,nan,nan,nan,nan,0.0,0.0,0.0,0.0,0.0,0.0,nan,nan,nan,1,0,0,0
5713037666,5713037661,-0.18195431,0.06431906,-0.47442192,0.006618889,-0.052324686,0.032341696,-0.9980843,nan,nan,nan,nan,nan,nan,0.0,0.0,0.0,0.0,0.0,0.0,nan,nan,nan,1,0,0,0
5713046300,5713046295,-0.1818782,0.06427102,-0.47323596,0.006634602,-0.05077875,0.03225781,-0.9981668,nan,nan,nan,nan,nan,nan,0.0,0.0,0.0,0.0,0.0,0.0,nan,nan,nan,1,0,0,0
5713055292,5713055286,-0.1817605,0.06359246,-0.47172454,0.008393994,-0.045430936,0.03166298,-0.99843025,nan,nan,nan,nan,nan,nan,0.0,0.0,0.0,0.0,0.0,0.0,nan,nan,nan,1,0,0,0
5713064228,5713064222,-0.18138134,0.06545466,-0.47191197,0.008286734,-0.050757784,0.020919967,-0.9984575,nan,nan,nan,nan,nan,nan,0.0,0.0,0.0,0.0,0.0,0.0,nan,nan,nan,1,0,0,0
5713074340,5713074335,-0.18152842,0.0644438,-0.46980715,0.0073278314,-0.051938128,0.03348429,-0.9980619,nan,nan,nan,nan,nan,nan,0.0,0.0,0.0,0.0,0.0,0.0,nan,nan,nan,1,0,0,0
5713079302,5713079297,-0.18133833,0.065302536,-0.46926507,0.009679269,-0.04929788,0.021199785,-0.99851215,nan,nan,nan,nan,nan,nan,0.0,0.0,0.0,0.0,0.0,0.0,nan,nan,nan,1,0,0,0
5713087735,5713087730,-0.18147664,0.064011864,-0.4670704,0.009239721,-0.047666654,0.030766977,-0.99834657,nan,nan,nan,nan,nan,nan,0.0,0.0,0.0,0.0,0.0,0.0,nan,nan,nan,1,0,0,0
5713096291,5713096285,-0.1812636,0.064158425,-0.46588328,0.012566953,-0.03921907,0.02498339,-0.9988392,nan,nan,nan,nan,nan,nan,0.0,0.0,0.0,0.0,0.0,0.0,nan,nan,nan,1,0,0,0
5713104070,5713104064,-0.18101121,0.065332785,-0.4654388,0.010252485,-0.049143076,0.020146964,-0.9985359,nan,nan,nan,nan,nan,nan,0.0,0.0,0.0,0.0,0.0,0.0,nan,nan,nan,1,0,0,0
5713113513,5713113507,-0.18114738,0.06442022,-0.46339452,0.008274521,-0.05184823,0.031602707,-0.9981205,nan,nan,nan,nan,nan,nan,0.0,0.0,0.0,0.0,0.0,0.0,nan,nan,nan,1,0,0,0
5713120294,5713120289,-0.18118487,0.063902624,-0.46155828,0.011588647,-0.043138843,0.032483928,-0.99847364,nan,nan,nan,nan,nan,nan,0.0,0.0,0.0,0.0,0.0,0.0,nan,nan,nan,1,0,0,0
5713129293,5713129287,-0.18098821,0.06440538,-0.4604458,0.009497453,-0.0508618,0.030619726,-0.998191,nan,nan,nan,nan,nan,nan,0.0,0.0,0.0,0.0,0.0,0.0,nan,nan,nan,1,0,0,0
5713138184,5713138178,-0.1809335,0.06375537,-0.45861152,0.010851613,-0.045098178,0.030262666,-0.99846506,nan,nan,nan,nan,nan,nan,0.0,0.0,0.0,0.0,0.0,0.0,nan,nan,nan,1,0,0,0
5713145300,5713145294,-0.18073028,0.06425122,-0.45742023,0.013587395,-0.037241176,0.024166426,-0.99892163,nan,nan,nan,nan,nan,nan,0.0,0.0,0.0,0.0,0.0,0.0,nan,nan,nan,1,0,0,0
5713154295,5713154289,-0.18035246,0.06528325,-0.4567087,0.011282936,-0.048860066,0.018445497,-0.9985716,nan,nan,nan,nan,nan,nan,0.0,0.0,0.0,0.0,0.0,0.0,nan,nan,nan,1,0,0,0
5713163490,5713163485,-0.17999856,0.066032246,-0.4557804,0.01132949,-0.04376791,0.0320836,-0.99846214,nan,nan,nan,nan,nan,nan,0.0,0.0,0.0,0.0,0.0,0.0,nan,nan,nan,1,0,0,0
5713171040,5713171034,-0.18015063,0.06411131,-0.45276895,0.012648129,-0.037242766,0.023172326,-0.99895746,nan,nan,nan,nan,nan,nan,0.0,0.0,0.0,0.0,0.0,0.0,nan,nan,nan,1,0,0,0
5713179329,5713179323,-0.17997497,0.06417767,-0.45121992,0.012235215,-0.037263826,0.02274724,-0.9989716,nan,nan,nan,nan,nan,nan,0.0,0.0,0.0,0.0,0.0,0.0,nan,nan,nan,1,0,0,0
5713188414,5713188408,-0.17962255,0.06519101,-0.45028314,0.009982286,-0.048610367,0.019142631,-0.9985845,nan,nan,nan,nan,nan,nan,0.0,0.0,0.0,0.0,0.0,0.0,nan,nan,nan,1,0,0,0
5713195304,5713195298,-0.17963088,0.064380735,-0.44789717,0.007449594,-0.050556004,0.02972596,-0.99825096,nan,nan,nan,nan,nan,nan,0.0,0.0,0.0,0.0,0.0,0.0,nan,nan,nan,1,0,0,0
5713204655,5713204650,-0.17936677,0.06519854,-0.44678038,0.009554515,-0.046882704,0.019078396,-0.9986725,nan,nan,nan,nan,nan,nan,0.0,0.0,0.0,0.0,0.0,0.0,nan,nan,nan,1,0,0,0
5713214264,5713214258,-0.1792958,0.06427357,-0.44431496,0.010166804,-0.038139395,0.022246215,-0.998973,nan,nan,nan,nan,nan,nan,0.0,0.0,0.0,0.0,0.0,0.0,nan,nan,nan,1,0,0,0
5713221300,5713221294,-0.17901747,0.06440885,-0.4425086,0.0054501006,-0.050694402,0.029962236,-0.9982498,nan,nan,nan,nan,nan,nan,0.0,0.0,0.0,0.0,0.0,0.0,nan,nan,nan,1,0,0,0
5713229292,5713229286,-0.1786023,0.0653922,-0.44143417,0.0071952823,-0.049256697,0.01862087,-0.99858665,nan,nan,nan,nan,nan,nan,0.0,0.0,0.0,0.0,0.0,0.0,nan,nan,nan,1,0,0,0
5713237608,5713237602,-0.17842455,0.06514818,-0.4395449,0.0067374096,-0.046400107,0.020067798,-0.9986987,nan,nan,nan,nan,nan,nan,0.0,0.0,0.0,0.0,0.0,0.0,nan,nan,nan,1,0,0,0
5713247392,5713247387,-0.17824468,0.065320164,-0.43754077,0.006501944,-0.049994834,0.018271994,-0.9985612,nan,nan,nan,nan,nan,nan,0.0,0.0,0.0,0.0,0.0,0.0,nan,nan,nan,1,0,0,0
5713254297,5713254291,-0.17843693,0.0641487,-0.43475345,0.008449025,-0.037958145,0.023047157,-0.9989777,nan,nan,nan,nan,nan,nan,0.0,0.0,0.0,0.0,0.0,0.0,nan,nan,nan,1,0,0,0
5713263568,5713263563,-0.17814587,0.06504917,-0.43349233,0.0066641895,-0.04685074,0.019457191,-0.9986902,nan,nan,nan,nan,nan,nan,0.0,0.0,0.0,0.0,0.0,0.0,nan,nan,nan,1,0,0,0
5713270963,5713270958,-0.17823769,0.06460872,-0.43093348,0.0054540047,-0.04905604,0.033531267,-0.9982181,nan,nan,nan,nan,nan,nan,0.0,0.0,0.0,0.0,0.0,0.0,nan,nan,nan,1,0,0,0
5713279298,5713279293,-0.1779321,0.06526812,-0.42947686,0.0071062795,-0.045788497,0.023735475,-0.9986439,nan,nan,nan,nan,nan,nan,0.0,0.0,0.0,0.0,0.0,0.0,nan,nan,nan,1,0,0,0
5713288324,5713288292,-0.1781555,0.06420293,-0.42653105,0.007558819,-0.039542988,0.022512587,-0.9989356,nan,nan,nan,nan,nan,nan,0.0,0.0,0.0,0.0,0.0,0.0,nan,nan,nan,1,0,0,0
5713296291,5713296286,-0.17807862,0.06433513,-0.42433852,0.003847071,-0.052598562,0.02963456,-0.9981685,nan,nan,nan,nan,nan,nan,0.0,0.0,0.0,0.0,0.0,0.0,nan,nan,nan,1,0,0,0
5713305074,5713305068,-0.17775846,0.06502933,-0.42280334,0.006395272,-0.04874602,0.019238953,-0.99860543,nan,nan,nan,nan,nan,nan,0.0,0.0,0.0,0.0,0.0,0.0,nan,nan,nan,1,0,0,0
5713313612,5713313607,-0.17781787,0.064106934,-0.41996157,0.008209143,-0.03840031,0.022255091,-0.9989808,nan,nan,nan,nan,nan,nan,0.0,0.0,0.0,0.0,0.0,0.0,nan,nan,nan,1,0,0,0
5713321374,5713321369,-0.17768896,0.065246,-0.41827664,0.0063190972,-0.04966624,0.019670554,-0.9985522,nan,nan,nan,nan,nan,nan,0.0,0.0,0.0,0.0,0.0,0.0,nan,nan,nan,1,0,0,0
5713330359,5713330326,-0.17807907,0.063694336,-0.41487134,0.006114928,-0.044154346,0.029128006,-0.99858123,nan,nan,nan,nan,nan,nan,0.0,0.0,0.0,0.0,0.0,0.0,nan,nan,nan,1,0,0,0
5713337482,5713337477,-0.17783166,0.064506754,-0.41314366,0.0041528842,-0.050910003,0.030496093,-0.99822885,nan,nan,nan,nan,nan,nan,0.0,0.0,0.0,0.0,0.0,0.0,nan,nan,nan,1,0,0,0
5713346295,5713346289,-0.17755207,0.06520454,-0.4112675,0.0064953556,-0.046576835,0.021356462,-0.9986653,nan,nan,nan,nan,nan,nan,0.0,0.0,0.0,0.0,0.0,0.0,nan,nan,nan,1,0,0,0
5713354520,5713354514,-0.17764705,0.0641069,-0.4082118,0.008857906,-0.035674337,0.021352274,-0.99909604,nan,nan,nan,nan,nan,nan,0.0,0.0,0.0,0.0,0.0,0.0,nan,nan,nan,1,0,0,0
5713364188,5713364183,-0.17722781,0.065721825,-0.4066741,0.004393217,-0.04894508,0.04015366,-0.99798435,nan,nan,nan,nan,nan,nan,0.0,0.0,0.0,0.0,0.0,0.0,nan,nan,nan,1,0,0,0
5713370799,5713370794,-0.1771517,0.065447286,-0.40399778,0.0049114544,-0.051614664,0.038272142,-0.99792135,nan,nan,nan,nan,nan,nan,0.0,0.0,0.0,0.0,0.0,0.0,nan,nan,nan,1,0,0,0
5713379369,5713379363,-0.17706788,0.064541474,-0.40094164,0.008124809,-0.03699604,0.02177091,-0.9990452,nan,nan,nan,nan,nan,nan,0.0,0.0,0.0,0.0,0.0,0.0,nan,nan,nan,1,0,0,0
5713387450,5713387444,-0.1770177,0.06438622,-0.3985516,0.009002115,-0.03692915,0.019282468,-0.99909127,nan,nan,nan,nan,nan,nan,0.0,0.0,0.0,0.0,0.0,0.0,nan,nan,nan,1,0,0,0
5713395312,5713395306,-0.17687358,0.06377982,-0.3956035,0.005550661,-0.044044193,0.026768707,-0.99865544,nan,nan,nan,nan,nan,nan,0.0,0.0,0.0,0.0,0.0,0.0,nan,nan,nan,1,0,0,0
5713403850,5713403845,-0.17638153,0.06451453,-0.39340553,0.0035475655,-0.052660402,0.027800228,-0.99821913,nan,nan,nan,nan,nan,nan,0.0,0.0,0.0,0.0,0.0,0.0,nan,nan,nan,1,0,0,0
5713413607,5713413602,-0.17617032,0.06434074,-0.3909435,0.0064862464,-0.03840239,0.019219406,-0.9990564,nan,nan,nan,nan,nan,nan,0.0,0.0,0.0,0.0,0.0,0.0,nan,nan,nan,1,0,0,0
5713421290,5713421284,-0.17609298,0.06370886,-0.38796794,0.0034043067,-0.045745958,0.026208015,-0.99860346,nan,nan,nan,nan,nan,nan,0.0,0.0,0.0,0.0,0.0,0.0,nan,nan,nan,1,0,0,0
5713430295,5713430289,-0.17575724,0.06492936,-0.38612553,0.0056614703,-0.04387022,0.021974668,-0.99877954,nan,nan,nan,nan,nan,nan,0.0,0.0,0.0,0.0,0.0,0.0,nan,nan,nan,1,0,0,0
5713437265,5713437260,-0.17571282,0.063906685,-0.3828024,0.0031601537,-0.042720698,0.027624562,-0.9987001,nan,nan,nan,nan,nan,nan,0.0,0.0,0.0,0.0,0.0,0.0,nan,nan,nan,1,0,0,0
5713446297,5713446291,-0.17556976,0.06423284,-0.38083643,0.009035509,-0.027658138,0.02343271,-0.9993019,nan,nan,nan,nan,nan,nan,0.0,0.0,0.0,0.0,0.0,0.0,nan,nan,nan,1,0,0,0
5713454296,5713454290,-0.17533883,0.06408405,-0.3777774,0.0045953556,-0.036491323,0.020872787,-0.99910533,nan,nan,nan,nan,nan,nan,0.0,0.0,0.0,0.0,0.0,0.0,nan,nan,nan,1,0,0,0
5713463407,5713463401,-0.17488159,0.06471227,-0.37571022,0.0045063966,-0.04492748,0.020413453,-0.99877155,nan,nan,nan,nan,nan,nan,0.0,0.0,0.0,0.0,0.0,0.0,nan,nan,nan,1,0,0,0
5713470052,5713470047,-0.17489749,0.0639524,-0.3726528,0.0048452844,-0.036416486,0.019495327,-0.9991348,nan,nan,nan,nan,nan,nan,0.0,0.0,0.0,0.0,0.0,0.0,nan,nan,nan,1,0,0,0
5713479302,5713479296,-0.17459904,0.06467281,-0.37059984,0.0074261106,-0.034208644,0.026340444,-0.99903995,nan,nan,nan,nan,nan,nan,0.0,0.0,0.0,0.0,0.0,0.0,nan,nan,nan,1,0,0,0
5713488295,5713488289,-0.17465691,0.063852035,-0.36729923,0.003926189,-0.03644777,0.021134999,-0.9991043,nan,nan,nan,nan,nan,nan,0.0,0.0,0.0,0.0,0.0,0.0,nan,nan,nan,1,0,0,0
5713496292,5713496287,-0.17430876,0.064382985,-0.3654107,0.0068302727,-0.031970948,0.025224114,-0.9991472,nan,nan,nan,nan,nan,nan,0.0,0.0,0.0,0.0,0.0,0.0,nan,nan,nan,1,0,0,0
5713504424,5713504418,-0.1740898,0.06414854,-0.36237913,0.0034156332,-0.041197687,0.020359997,-0.9989377,nan,nan,nan,nan,nan,nan,0.0,0.0,0.0,0.0,0.0,0.0,nan,nan,nan,1,0,0,0
5713514324,5713514319,-0.1738445,0.06439007,-0.3602419,0.0053439173,-0.03390181,0.0259773,-0.9990732,nan,nan,nan,nan,nan,nan,0.0,0.0,0.0,0.0,0.0,0.0,nan,nan,nan,1,0,0,0
5713521296,5713521291,-0.1736572,0.064429805,-0.35769063,0.0026830637,-0.045491282,0.020904385,-0.99874246,nan,nan,nan,nan,nan,nan,0.0,0.0,0.0,0.0,0.0,0.0,nan,nan,nan,1,0,0,0
5713530436,5713530431,-0.1735756,0.06465352,-0.3552837,0.00041465682,-0.045445394,0.022119122,-0.99872184,nan,nan,nan,nan,nan,nan,0.0,0.0,0.0,0.0,0.0,0.0,nan,nan,nan,1,0,0,0
5713537282,5713537276,-0.17345646,0.065462455,-0.35317957,0.0021419784,-0.039811045,0.033702545,-0.9986364,nan,nan,nan,nan,nan,nan,0.0,0.0,0.0,0.0,0.0,0.0,nan,nan,nan,1,0,0,0
5713546293,5713546287,-0.17347585,0.06450071,-0.35005772,0.0002957325,-0.044535264,0.021046396,-0.9987861,nan,nan,nan,nan,nan,nan,0.0,0.0,0.0,0.0,0.0,0.0,nan,nan,nan,1,0,0,0
5713554327,5713554319,-0.17326425,0.06443765,-0.3474997,-0.00033148832,-0.04574539,0.020613648,-0.99874043,nan,nan,nan,nan,nan,nan,0.0,0.0,0.0,0.0,0.0,0.0,nan,nan,nan,1,0,0,0
5713563282,5713563277,-0.17305319,0.06452904,-0.34507096,-0.00078676606,-0.048118718,0.020815108,-0.99862444,nan,nan,nan,nan,nan,nan,0.0,0.0,0.0,0.0,0.0,0.0,nan,nan,nan,1,0,0,0
5713570570,5713570565,-0.17297184,0.06542142,-0.342967,-0.000662629,-0.045140013,0.032393277,-0.99845517,nan,nan,nan,nan,nan,nan,0.0,0.0,0.0,0.0,0.0,0.0,nan,nan,nan,1,0,0,0
5713579300,5713579294,-0.17306466,0.06450048,-0.33981258,0.0013170148,0.047666658,-0.022187607,0.9986159,nan,nan,nan,nan,nan,nan,0.0,0.0,0.0,0.0,0.0,0.0,nan,nan,nan,1,0,0,0
5713587325,5713587320,-0.17328177,0.06451332,-0.33752334,0.0028801318,0.04592056,-0.021006364,0.99872005,nan,nan,nan,nan,nan,nan,0.0,0.0,0.0,0.0,0.0,0.0,nan,nan,nan,1,0,0,0
5713596317,5713596312,-0.17347915,0.06424823,-0.33483985,0.0012620838,-0.032853547,0.026699478,-0.99910265,nan,nan,nan,nan,nan,nan,0.0,0.0,0.0,0.0,0.0,0.0,nan,nan,nan,1,0,0,0
5713603424,5713603419,-0.17347376,0.064424984,-0.3322912,0.0032093057,0.046225395,-0.019935142,0.99872696,nan,nan,nan,nan,nan,nan,0.0,0.0,0.0,0.0,0.0,0.0,nan,nan,nan,1,0,0,0
5713615359,5713615353,-0.17340805,0.06454874,-0.33008257,0.0043252856,0.048437525,-0.019498654,0.9986266,nan,nan,nan,nan,nan,nan,0.0,0.0,0.0,0.0,0.0,0.0,nan,nan,nan,1,0,0,0
5713621295,5713621289,-0.17352723,0.06448888,-0.32739052,0.0032985993,0.04763521,-0.018830435,0.99868184,nan,nan,nan,nan,nan,nan,0.0,0.0,0.0,0.0,0.0,0.0,nan,nan,nan,1,0,0,0
5713629291,5713629286,-0.17375445,0.06452926,-0.32496768,0.004803942,0.047004543,-0.019816315,0.99868655,nan,nan,nan,nan,nan,nan,0.0,0.0,0.0,0.0,0.0,0.0,nan,nan,nan,1,0,0,0
5713636300,5713636294,-0.17376971,0.065519266,-0.32308856,0.0022673649,0.042137466,-0.030829193,0.9986335,nan,nan,nan,nan,nan,nan,0.0,0.0,0.0,0.0,0.0,0.0,nan,nan,nan,1,0,0,0
5713646303,5713646298,-0.17398158,0.065571696,-0.3206185,0.002827563,0.041389592,-0.030648334,0.99866897,nan,nan,nan,nan,nan,nan,0.0,0.0,0.0,0.0,0.0,0.0,nan,nan,nan,1,0,0,0
5713653296,5713653291,-0.17410296,0.06482927,-0.31774083,0.004231929,0.04572154,-0.019324224,0.9987583,nan,nan,nan,nan,nan,nan,0.0,0.0,0.0,0.0,0.0,0.0,nan,nan,nan,1,0,0,0
5713664531,5713664526,-0.17452495,0.06472448,-0.31492603,0.0006340362,-0.031963315,0.02465949,-0.9991846,nan,nan,nan,nan,nan,nan,0.0,0.0,0.0,0.0,0.0,0.0,nan,nan,nan,1,0,0,0
5713673051,5713673046,-0.17469908,0.0648379,-0.31277275,0.0039569307,0.042434227,-0.017795365,0.99893296,nan,nan,nan,nan,nan,nan,0.0,0.0,0.0,0.0,0.0,0.0,nan,nan,nan,1,0,0,0
5713679302,5713679297,-0.17481385,0.0658862,-0.31064898,0.0016690076,0.04011756,-0.028254818,0.998794,nan,nan,nan,nan,nan,nan,0.0,0.0,0.0,0.0,0.0,0.0,nan,nan,nan,1,0,0,0
5713689295,5713689290,-0.17514217,0.06483906,-0.307474,0.0028924318,0.041656543,-0.016642805,0.9989892,nan,nan,nan,nan,nan,nan,0.0,0.0,0.0,0.0,0.0,0.0,nan,nan,nan,1,0,0,0
5713696828,5713696822,-0.17509489,0.065162644,-0.3052118,0.0024855926,0.04362527,-0.01721427,0.99889654,nan,nan,nan,nan,nan,nan,0.0,0.0,0.0,0.0,0.0,0.0,nan,nan,nan,1,0,0,0
5713704010,5713704005,-0.1752536,0.065041974,-0.3024615,0.0018376688,0.043651324,-0.01577684,0.99892056,nan,nan,nan,nan,nan,nan,0.0,0.0,0.0,0.0,0.0,0.0,nan,nan,nan,1,0,0,0
5713713316,5713713311,-0.17533201,0.06516078,-0.3000415,0.0022687973,0.044190187,-0.017107781,0.99887407,nan,nan,nan,nan,nan,nan,0.0,0.0,0.0,0.0,0.0,0.0,nan,nan,nan,1,0,0,0
5713722454,5713722448,-0.17523444,0.066362135,-0.2982389,-0.000616755,-0.04293575,0.026660439,-0.9987219,nan,nan,nan,nan,nan,nan,0.0,0.0,0.0,0.0,0.0,0.0,nan,nan,nan,1,0,0,0
5713729295,5713729290,-0.17552732,0.06523566,-0.29493588,0.0023348178,0.0453051,-0.016124351,0.9988403,nan,nan,nan,nan,nan,nan,0.0,0.0,0.0,0.0,0.0,0.0,nan,nan,nan,1,0,0,0
5713737641,5713737635,-0.1755987,0.06532485,-0.29250762,0.0015620248,0.04472658,-0.015353057,0.9988801,nan,nan,nan,nan,nan,nan,0.0,0.0,0.0,0.0,0.0,0.0,nan,nan,nan,1,0,0,0
5713745446,5713745385,-0.17580293,0.065156855,-0.28992096,0.0017605294,-0.032256935,0.022012493,-0.9992357,nan,nan,nan,nan,nan,nan,0.0,0.0,0.0,0.0,0.0,0.0,nan,nan,nan,1,0,0,0
5713754440,5713754435,-0.17588896,0.065468974,-0.28724426,0.0015338397,0.044956703,-0.016501985,0.9988515,nan,nan,nan,nan,nan,nan,0.0,0.0,0.0,0.0,0.0,0.0,nan,nan,nan,1,0,0,0
5713762816,5713762811,-0.1759777,0.0661763,-0.28542435,-0.0003862342,-0.040494315,0.025203478,-0.9988618,nan,nan,nan,nan,nan,nan,0.0,0.0,0.0,0.0,0.0,0.0,nan,nan,nan,1,0,0,0
5713771016,5713771010,-0.1761798,0.06523983,-0.28215826,0.0013369023,0.043167986,-0.014181072,0.99896634,nan,nan,nan,nan,nan,nan,0.0,0.0,0.0,0.0,0.0,0.0,nan,nan,nan,1,0,0,0
5713779301,5713779296,-0.17620143,0.06542823,-0.27943227,-0.0004970527,-0.044832602,0.014688466,-0.99888647,nan,nan,nan,nan,nan,nan,0.0,0.0,0.0,0.0,0.0,0.0,nan,nan,nan,1,0,0,0
5713788295,5713788289,-0.17614013,0.06623772,-0.27753836,0.00080479763,-0.039805233,0.025592225,-0.9988793,nan,nan,nan,nan,nan,nan,0.0,0.0,0.0,0.0,0.0,0.0,nan,nan,nan,1,0,0,0
5713795293,5713795287,-0.17615198,0.066516094,-0.27495214,0.0009523847,-0.041732285,0.02576218,-0.99879616,nan,nan,nan,nan,nan,nan,0.0,0.0,0.0,0.0,0.0,0.0,nan,nan,nan,1,0,0,0
5713803961,5713803953,-0.17641033,0.0649506,-0.27112007,0.0010416923,-0.037966777,0.015072688,-0.99916476,nan,nan,nan,nan,nan,nan,0.0,0.0,0.0,0.0,0.0,0.0,nan,nan,nan,1,0,0,0
5713813372,5713813366,-0.1762347,0.06650968,-0.26964805,0.00088171725,-0.041060388,0.024834238,-0.99884754,nan,nan,nan,nan,nan,nan,0.0,0.0,0.0,0.0,0.0,0.0,nan,nan,nan,1,0,0,0
5713822954,5713822949,-0.17654659,0.065176316,-0.2663071,0.0015112862,0.04380158,-0.013288507,0.9989507,nan,nan,nan,nan,nan,nan,0.0,0.0,0.0,0.0,0.0,0.0,nan,nan,nan,1,0,0,0
5713829301,5713829295,-0.17638946,0.065414846,-0.2635692,-4.105192e-05,-0.046169586,0.015454338,-0.99881405,nan,nan,nan,nan,nan,nan,0.0,0.0,0.0,0.0,0.0,0.0,nan,nan,nan,1,0,0,0
5713837359,5713837354,-0.17644028,0.065633394,-0.26098216,-0.00048771422,-0.047077946,0.015624893,-0.9987688,nan,nan,nan,nan,nan,nan,0.0,0.0,0.0,0.0,0.0,0.0,nan,nan,nan,1,0,0,0
5713845297,5713845291,-0.17663227,0.065169506,-0.2583776,-8.1884216e-05,-0.044896647,0.012229605,-0.9989167,nan,nan,nan,nan,nan,nan,0.0,0.0,0.0,0.0,0.0,0.0,nan,nan,nan,1,0,0,0
5713854296,5713854291,-0.17666048,0.06544128,-0.25572067,-0.00055796147,-0.046412002,0.015937274,-0.99879503,nan,nan,nan,nan,nan,nan,0.0,0.0,0.0,0.0,0.0,0.0,nan,nan,nan,1,0,0,0
5713862648,5713862643,-0.17663369,0.06631935,-0.253415,0.0012237638,-0.04232696,0.027187956,-0.99873304,nan,nan,nan,nan,nan,nan,0.0,0.0,0.0,0.0,0.0,0.0,nan,nan,nan,1,0,0,0
5713870230,5713870224,-0.17690149,0.06515191,-0.25027063,0.00035075087,-0.045492128,0.013925948,-0.99886763,nan,nan,nan,nan,nan,nan,0.0,0.0,0.0,0.0,0.0,0.0,nan,nan,nan,1,0,0,0
5713880302,5713880296,-0.17691556,0.06505929,-0.24762355,0.0003086978,-0.044875856,0.017124796,-0.9988457,nan,nan,nan,nan,nan,nan,0.0,0.0,0.0,0.0,0.0,0.0,nan,nan,nan,1,0,0,0
5713890297,5713890292,-0.17707193,0.06530697,-0.24467002,0.0014756841,-0.04432619,0.01957271,-0.99882424,nan,nan,nan,nan,nan,nan,0.0,0.0,0.0,0.0,0.0,0.0,nan,nan,nan,1,0,0,0
5713896649,5713896643,-0.17738831,0.06525327,-0.24204807,0.0022393386,-0.043544453,0.019379225,-0.998861,nan,nan,nan,nan,nan,nan,0.0,0.0,0.0,0.0,0.0,0.0,nan,nan,nan,1,0,0,0
5713903758,5713903752,-0.17740683,0.06559046,-0.23988096,0.004818421,-0.038125005,0.025049325,-0.9989474,nan,nan,nan,nan,nan,nan,0.0,0.0,0.0,0.0,0.0,0.0,nan,nan,nan,1,0,0,0
5713913304,5713913298,-0.1773927,0.06488939,-0.23655498,0.0030275604,-0.044560138,0.017545905,-0.9988481,nan,nan,nan,nan,nan,nan,0.0,0.0,0.0,0.0,0.0,0.0,nan,nan,nan,1,0,0,0
5713922516,5713922511,-0.1773543,0.0648448,-0.2337079,0.004001192,-0.04593247,0.015578098,-0.99881506,nan,nan,nan,nan,nan,nan,0.0,0.0,0.0,0.0,0.0,0.0,nan,nan,nan,1,0,0,0
5713930329,5713930323,-0.17744854,0.06476403,-0.23114614,0.0032312449,-0.044363268,0.014015567,-0.998912,nan,nan,nan,nan,nan,nan,0.0,0.0,0.0,0.0,0.0,0.0,nan,nan,nan,1,0,0,0
5713936591,5713936586,-0.17737234,0.06478839,-0.22842492,0.003571396,-0.047111798,0.016320394,-0.9987499,nan,nan,nan,nan,nan,nan,0.0,0.0,0.0,0.0,0.0,0.0,nan,nan,nan,1,0,0,0
5713946570,5713946565,-0.17747448,0.064787835,-0.22561005,0.0035741164,-0.04537634,0.01619735,-0.9988322,nan,nan,nan,nan,nan,nan,0.0,0.0,0.0,0.0,0.0,0.0,nan,nan,nan,1,0,0,0
5713954288,5713954282,-0.17749551,0.0654146,-0.22349109,0.004847967,-0.039981525,0.025389597,-0.99886596,nan,nan,nan,nan,nan,nan,0.0,0.0,0.0,0.0,0.0,0.0,nan,nan,nan,1,0,0,0
5713963692,5713963687,-0.17769893,0.06470725,-0.22024022,0.0035509968,-0.042959824,0.017931443,-0.9989096,nan,nan,nan,nan,nan,nan,0.0,0.0,0.0,0.0,0.0,0.0,nan,nan,nan,1,0,0,0
5713970749,5713970744,-0.17783399,0.06494585,-0.2172444,0.0045891646,-0.04292389,0.016201915,-0.99893636,nan,nan,nan,nan,nan,nan,0.0,0.0,0.0,0.0,0.0,0.0,nan,nan,nan,1,0,0,0
5713979354,5713979348,-0.17775589,0.064985365,-0.21494834,0.0073919296,-0.035042755,0.022564238,-0.9991037,nan,nan,nan,nan,nan,nan,0.0,0.0,0.0,0.0,0.0,0.0,nan,nan,nan,1,0,0,0
5713988319,5713988314,-0.17792194,0.06436121,-0.21131253,0.0061597642,-0.038707767,0.012818177,-0.9991494,nan,nan,nan,nan,nan,nan,0.0,0.0,0.0,0.0,0.0,0.0,nan,nan,nan,1,0,0,0
5713996451,5713996446,-0.17784442,0.06521275,-0.20950885,0.0065549593,-0.03722092,0.023297612,-0.99901396,nan,nan,nan,nan,nan,nan,0.0,0.0,0.0,0.0,0.0,0.0,nan,nan,nan,1,0,0,0
5714003600,5714003595,-0.17786065,0.065074265,-0.2068426,0.007050958,-0.036119696,0.02187853,-0.9990831,nan,nan,nan,nan,nan,nan,0.0,0.0,0.0,0.0,0.0,0.0,nan,nan,nan,1,0,0,0
5714012783,5714012778,-0.17781572,0.06513654,-0.20416865,0.007162636,-0.03616204,0.023657203,-0.99904025,nan,nan,nan,nan,nan,nan,0.0,0.0,0.0,0.0,0.0,0.0,nan,nan,nan,1,0,0,0
5714022470,5714022441,-0.1780123,0.06437437,-0.2007747,0.0057301763,-0.03836107,0.012768614,-0.99916595,nan,nan,nan,nan,nan,nan,0.0,0.0,0.0,0.0,0.0,0.0,nan,nan,nan,1,0,0,0
5714029297,5714029292,-0.17794786,0.065118276,-0.19854979,0.008043683,-0.035266545,0.02134646,-0.99911755,nan,nan,nan,nan,nan,nan,0.0,0.0,0.0,0.0,0.0,0.0,nan,nan,nan,1,0,0,0
5714037115,5714037107,-0.17789985,0.064446054,-0.19543754,0.0062276777,-0.038798098,0.0144138625,-0.9991237,nan,nan,nan,nan,nan,nan,0.0,0.0,0.0,0.0,0.0,0.0,nan,nan,nan,1,0,0,0
5714063294,5714063287,-0.17789665,0.06511943,-0.19060299,0.006506323,-0.034818266,0.0196009,-0.99918026,nan,nan,nan,nan,nan,nan,0.0,0.0,0.0,0.0,0.0,0.0,nan,nan,nan,1,0,0,0
5714065292,5714065285,-0.17776667,0.06541184,-0.18801065,0.0053676236,-0.036961555,0.020888537,-0.999084,nan,nan,nan,nan,nan,nan,0.0,0.0,0.0,0.0,0.0,0.0,nan,nan,nan,1,0,0,0
5714072731,5714072725,-0.17764413,0.064766444,-0.18521124,0.006516574,-0.029974883,0.0225206,-0.9992756,nan,nan,nan,nan,nan,nan,0.0,0.0,0.0,0.0,0.0,0.0,nan,nan,nan,1,0,0,0
5714079351,5714079345,-0.17765442,0.065600306,-0.18253992,0.006147625,-0.0385597,0.019110594,-0.9990547,nan,nan,nan,nan,nan,nan,0.0,0.0,0.0,0.0,0.0,0.0,nan,nan,nan,1,0,0,0
5714088296,5714088290,-0.1777213,0.065460876,-0.17973806,0.005689308,-0.03649418,0.019645175,-0.99912447,nan,nan,nan,nan,nan,nan,0.0,0.0,0.0,0.0,0.0,0.0,nan,nan,nan,1,0,0,0
5714096475,5714096470,-0.17754413,0.065444015,-0.17734706,0.0052854237,-0.036885522,0.020260088,-0.99910015,nan,nan,nan,nan,nan,nan,0.0,0.0,0.0,0.0,0.0,0.0,nan,nan,nan,1,0,0,0
5714104292,5714104286,-0.17739177,0.066021755,-0.1749087,0.004686747,-0.039435875,0.022627445,-0.9989549,nan,nan,nan,nan,nan,nan,0.0,0.0,0.0,0.0,0.0,0.0,nan,nan,nan,1,0,0,0
5714113749,5714113723,-0.17733528,0.06585471,-0.17206493,0.0048688366,-0.038596842,0.02096015,-0.99902314,nan,nan,nan,nan,nan,nan,0.0,0.0,0.0,0.0,0.0,0.0,nan,nan,nan,1,0,0,0
5714122357,5714122352,-0.1772471,0.06552231,-0.16921005,0.0058170967,-0.036973,0.018745169,-0.9991235,nan,nan,nan,nan,nan,nan,0.0,0.0,0.0,0.0,0.0,0.0,nan,nan,nan,1,0,0,0
5714129293,5714129287,-0.17695774,0.065908894,-0.16674669,0.0053118453,-0.038825523,0.02238957,-0.99898094,nan,nan,nan,nan,nan,nan,0.0,0.0,0.0,0.0,0.0,0.0,nan,nan,nan,1,0,0,0
5714136500,5714136494,-0.17684998,0.06576111,-0.16401796,0.0050540403,-0.03827877,0.021244312,-0.99902844,nan,nan,nan,nan,nan,nan,0.0,0.0,0.0,0.0,0.0,0.0,nan,nan,nan,1,0,0,0
5714146294,5714146289,-0.17670384,0.06568713,-0.16136965,0.005423701,-0.036912378,0.022131499,-0.9990587,nan,nan,nan,nan,nan,nan,0.0,0.0,0.0,0.0,0.0,0.0,nan,nan,nan,1,0,0,0
5714154363,5714154358,-0.17659727,0.06570061,-0.15854853,0.006265237,-0.03619987,0.02143721,-0.999095,nan,nan,nan,nan,nan,nan,0.0,0.0,0.0,0.0,0.0,0.0,nan,nan,nan,1,0,0,0
5714163547,5714163541,-0.1765815,0.06548496,-0.15592052,0.006248208,-0.03330512,0.0215099,-0.9991942,nan,nan,nan,nan,nan,nan,0.0,0.0,0.0,0.0,0.0,0.0,nan,nan,nan,1,0,0,0
5714170044,5714170038,-0.17631422,0.065539,-0.15313168,0.0072138985,-0.03430044,0.021783805,-0.9991481,nan,nan,nan,nan,nan,nan,0.0,0.0,0.0,0.0,0.0,0.0,nan,nan,nan,1,0,0,0
5714179359,5714179354,-0.17616555,0.06557096,-0.15032476,0.0072934423,-0.03472126,0.023596374,-0.9990918,nan,nan,nan,nan,nan,nan,0.0,0.0,0.0,0.0,0.0,0.0,nan,nan,nan,1,0,0,0
5714188365,5714188359,-0.17597795,0.06532971,-0.1477207,0.0076162834,-0.033380438,0.021732286,-0.9991774,nan,nan,nan,nan,nan,nan,0.0,0.0,0.0,0.0,0.0,0.0,nan,nan,nan,1,0,0,0
5714199385,5714199379,-0.17574584,0.0654865,-0.14500913,0.0070406655,-0.03432007,0.0239695,-0.99909866,nan,nan,nan,nan,nan,nan,0.0,0.0,0.0,0.0,0.0,0.0,nan,nan,nan,1,0,0,0
5714204196,5714204191,-0.175482,0.06537865,-0.14238377,0.0070546973,-0.03421648,0.022050895,-0.9991462,nan,nan,nan,nan,nan,nan,0.0,0.0,0.0,0.0,0.0,0.0,nan,nan,nan,1,0,0,0
5714212449,5714212444,-0.17532104,0.06526361,-0.13982147,0.0063514723,-0.03339973,0.02192411,-0.99918133,nan,nan,nan,nan,nan,nan,0.0,0.0,0.0,0.0,0.0,0.0,nan,nan,nan,1,0,0,0
5714220353,5714220346,-0.174925,0.065274686,-0.13723238,0.0052933004,-0.035162143,0.021947348,-0.99912655,nan,nan,nan,nan,nan,nan,0.0,0.0,0.0,0.0,0.0,0.0,nan,nan,nan,1,0,0,0
5714229292,5714229287,-0.17463821,0.065366775,-0.13464576,0.0046080365,-0.036071196,0.022741666,-0.9990798,nan,nan,nan,nan,nan,nan,0.0,0.0,0.0,0.0,0.0,0.0,nan,nan,nan,1,0,0,0
5714237128,5714237123,-0.17443849,0.065210365,-0.13214616,0.0037787447,-0.03534243,0.021449678,-0.9991379,nan,nan,nan,nan,nan,nan,0.0,0.0,0.0,0.0,0.0,0.0,nan,nan,nan,1,0,0,0
5714246292,5714246286,-0.17419101,0.06528442,-0.12963691,0.0026997617,-0.036335662,0.02234606,-0.9990861,nan,nan,nan,nan,nan,nan,0.0,0.0,0.0,0.0,0.0,0.0,nan,nan,nan,1,0,0,0
5714255298,5714255292,-0.17396116,0.06531486,-0.12711364,0.0021365315,-0.03517895,0.022392118,-0.99912786,nan,nan,nan,nan,nan,nan,0.0,0.0,0.0,0.0,0.0,0.0,nan,nan,nan,1,0,0,0
5714263486,5714263480,-0.173841,0.06523152,-0.12468177,0.0012503648,-0.034964982,0.020528065,-0.9991769,nan,nan,nan,nan,nan,nan,0.0,0.0,0.0,0.0,0.0,0.0,nan,nan,nan,1,0,0,0
5714272324,5714272319,-0.17368945,0.06445431,-0.12181109,0.0012026539,0.03867215,-0.012173232,0.99917704,nan,nan,nan,nan,nan,nan,0.0,0.0,0.0,0.0,0.0,0.0,nan,nan,nan,1,0,0,0
5714278314,5714278308,-0.17334308,0.0654554,-0.1198282,0.00017456838,-0.0366002,0.020508772,-0.9991195,nan,nan,nan,nan,nan,nan,0.0,0.0,0.0,0.0,0.0,0.0,nan,nan,nan,1,0,0,0
5714288297,5714288292,-0.17330284,0.06519769,-0.117559604,0.0016131462,0.033753518,-0.01981011,0.9992326,nan,nan,nan,nan,nan,nan,0.0,0.0,0.0,0.0,0.0,0.0,nan,nan,nan,1,0,0,0
5714295290,5714295285,-0.17302339,0.065420724,-0.115159065,0.0013443637,0.0356333,-0.021768803,0.999127,nan,nan,nan,nan,nan,nan,0.0,0.0,0.0,0.0,0.0,0.0,nan,nan,nan,1,0,0,0
5714304088,5714304083,-0.17301744,0.065459035,-0.112785324,0.0024747893,0.034471292,-0.02209885,0.9991582,nan,nan,nan,nan,nan,nan,0.0,0.0,0.0,0.0,0.0,0.0,nan,nan,nan,1,0,0,0
5714312585,5714312580,-0.17297402,0.065317295,-0.110582,0.0027377775,0.03260674,-0.020198558,0.9992604,nan,nan,nan,nan,nan,nan,0.0,0.0,0.0,0.0,0.0,0.0,nan,nan,nan,1,0,0,0
5714321697,5714321691,-0.17275028,0.065372266,-0.10822467,0.0027667505,0.034191813,-0.01923211,0.99922645,nan,nan,nan,nan,nan,nan,0.0,0.0,0.0,0.0,0.0,0.0,nan,nan,nan,1,0,0,0
5714328291,5714328286,-0.17263956,0.06457421,-0.10540476,0.0051843096,0.039057583,-0.010945229,0.9991635,nan,nan,nan,nan,nan,nan,0.0,0.0,0.0,0.0,0.0,0.0,nan,nan,nan,1,0,0,0
5714337527,5714337522,-0.1723758,0.06540818,-0.10358627,0.0028158606,0.03524064,-0.01896855,0.99919486,nan,nan,nan,nan,nan,nan,0.0,0.0,0.0,0.0,0.0,0.0,nan,nan,nan,1,0,0,0
5714345299,5714345294,-0.17233226,0.06535267,-0.101368755,0.0037636647,0.035141997,-0.01898797,0.9991948,nan,nan,nan,nan,nan,nan,0.0,0.0,0.0,0.0,0.0,0.0,nan,nan,nan,1,0,0,0
5714354468,5714354463,-0.1721516,0.06529965,-0.099026605,0.0037512966,0.035359412,-0.019571621,0.99917597,nan,nan,nan,nan,nan,nan,0.0,0.0,0.0,0.0,0.0,0.0,nan,nan,nan,1,0,0,0
5714362303,5714362298,-0.17223087,0.064978905,-0.09646778,0.002823478,0.032594446,-0.022300445,0.99921584,nan,nan,nan,nan,nan,nan,0.0,0.0,0.0,0.0,0.0,0.0,nan,nan,nan,1,0,0,0
5714371701,5714371696,-0.17221226,0.06477731,-0.09425548,0.0031944115,0.030925699,-0.021228032,0.9992912,nan,nan,nan,nan,nan,nan,0.0,0.0,0.0,0.0,0.0,0.0,nan,nan,nan,1,0,0,0
5714380320,5714380315,-0.17203672,0.06491523,-0.092065655,0.0030587637,0.032621432,-0.02234916,0.9992132,nan,nan,nan,nan,nan,nan,0.0,0.0,0.0,0.0,0.0,0.0,nan,nan,nan,1,0,0,0
5714388320,5714388315,-0.17191412,0.064863674,-0.08983732,0.0039425334,0.032239188,-0.02152697,0.9992405,nan,nan,nan,nan,nan,nan,0.0,0.0,0.0,0.0,0.0,0.0,nan,nan,nan,1,0,0,0
5714395331,5714395325,-0.1718149,0.064715005,-0.087736174,0.0043852334,0.03190273,-0.021183329,0.99925685,nan,nan,nan,nan,nan,nan,0.0,0.0,0.0,0.0,0.0,0.0,nan,nan,nan,1,0,0,0
5714403286,5714403281,-0.17163593,0.06490732,-0.08562633,0.004731325,0.032971323,-0.023021536,0.9991799,nan,nan,nan,nan,nan,nan,0.0,0.0,0.0,0.0,0.0,0.0,nan,nan,nan,1,0,0,0
5714413300,5714413294,-0.1715069,0.064703576,-0.083562136,0.0053353384,0.03231384,-0.021447184,0.99923337,nan,nan,nan,nan,nan,nan,0.0,0.0,0.0,0.0,0.0,0.0,nan,nan,nan,1,0,0,0
5714420298,5714420292,-0.17142329,0.06475145,-0.08146533,0.005967475,0.03299434,-0.023016885,0.9991726,nan,nan,nan,nan,nan,nan,0.0,0.0,0.0,0.0,0.0,0.0,nan,nan,nan,1,0,0,0
5714429314,5714429308,-0.17128134,0.06466377,-0.079295486,0.006462042,0.03373049,-0.022411214,0.99915874,nan,nan,nan,nan,nan,nan,0.0,0.0,0.0,0.0,0.0,0.0,nan,nan,nan,1,0,0,0
5714436815,5714436810,-0.17116818,0.06454813,-0.07748145,0.007109169,0.033470474,-0.02151726,0.9991827,nan,nan,nan,nan,nan,nan,0.0,0.0,0.0,0.0,0.0,0.0,nan,nan,nan,1,0,0,0
5714446524,5714446519,-0.17113745,0.064626075,-0.075301304,0.00718836,0.034283083,-0.022617524,0.9991303,nan,nan,nan,nan,nan,nan,0.0,0.0,0.0,0.0,0.0,0.0,nan,nan,nan,1,0,0,0
5714454296,5714454290,-0.17108601,0.064522214,-0.073246315,0.0075787,0.03421869,-0.022715693,0.99912745,nan,nan,nan,nan,nan,nan,0.0,0.0,0.0,0.0,0.0,0.0,nan,nan,nan,1,0,0,0
5714463295,5714463288,-0.17111288,0.064472474,-0.071297556,0.008149597,0.033786595,-0.022706442,0.9991379,nan,nan,nan,nan,nan,nan,0.0,0.0,0.0,0.0,0.0,0.0,nan,nan,nan,1,0,0,0
5714470312,5714470307,-0.1710251,0.06443127,-0.0693263,0.008019301,0.03432907,-0.023065016,0.99911225,nan,nan,nan,nan,nan,nan,0.0,0.0,0.0,0.0,0.0,0.0,nan,nan,nan,1,0,0,0
5714480287,5714480282,-0.17110309,0.06445072,-0.06734114,0.008219442,0.03375366,-0.023795787,0.9991131,nan,nan,nan,nan,nan,nan,0.0,0.0,0.0,0.0,0.0,0.0,nan,nan,nan,1,0,0,0
5714489287,5714489282,-0.17116964,0.06437135,-0.06567623,0.008831538,0.032808617,-0.023472045,0.99914694,nan,nan,nan,nan,nan,nan,0.0,0.0,0.0,0.0,0.0,0.0,nan,nan,nan,1,0,0,0
5714496294,5714496289,-0.17121711,0.06451897,-0.06372618,0.008769234,0.03348383,-0.024325551,0.99910474,nan,nan,nan,nan,nan,nan,0.0,0.0,0.0,0.0,0.0,0.0,nan,nan,nan,1,0,0,0
5714505854,5714505848,-0.17134725,0.0643075,-0.061918553,0.009782866,0.032077737,-0.022531083,0.9991835,nan,nan,nan,nan,nan,nan,0.0,0.0,0.0,0.0,0.0,0.0,nan,nan,nan,1,0,0,0
5714512309,5714512304,-0.17135864,0.0643264,-0.060113423,0.009272954,0.03202197,-0.022977378,0.99917996,nan,nan,nan,nan,nan,nan,0.0,0.0,0.0,0.0,0.0,0.0,nan,nan,nan,1,0,0,0
5714521788,5714521783,-0.17134318,0.06446816,-0.058252692,0.009764465,0.032607168,-0.022770124,0.9991611,nan,nan,nan,nan,nan,nan,0.0,0.0,0.0,0.0,0.0,0.0,nan,nan,nan,1,0,0,0
5714529291,5714529286,-0.17145298,0.06436976,-0.056550797,0.009225524,0.031392694,-0.022084767,0.99922055,nan,nan,nan,nan,nan,nan,0.0,0.0,0.0,0.0,0.0,0.0,nan,nan,nan,1,0,0,0
5714536736,5714536731,-0.17159383,0.064383,-0.054712404,0.009320348,0.03178745,-0.021671375,0.99921614,nan,nan,nan,nan,nan,nan,0.0,0.0,0.0,0.0,0.0,0.0,nan,nan,nan,1,0,0,0
5714546297,5714546292,-0.17158747,0.064498134,-0.052964486,0.009874602,0.031910013,-0.021435324,0.99921215,nan,nan,nan,nan,nan,nan,0.0,0.0,0.0,0.0,0.0,0.0,nan,nan,nan,1,0,0,0
5714555941,5714555935,-0.17152362,0.06461948,-0.051155318,0.009409704,0.033426628,-0.022093808,0.99915266,nan,nan,nan,nan,nan,nan,0.0,0.0,0.0,0.0,0.0,0.0,nan,nan,nan,1,0,0,0
5714566323,5714566318,-0.1716361,0.064610645,-0.049447946,0.010591309,0.032759666,-0.02058801,0.99919504,nan,nan,nan,nan,nan,nan,0.0,0.0,0.0,0.0,0.0,0.0,nan,nan,nan,1,0,0,0
5714570138,5714570133,-0.17165075,0.06473008,-0.04779461,0.010520432,0.033463556,-0.020953253,0.9991649,nan,nan,nan,nan,nan,nan,0.0,0.0,0.0,0.0,0.0,0.0,nan,nan,nan,1,0,0,0
5714579302,5714579297,-0.1717031,0.06477872,-0.04601774,0.011522047,0.034261018,-0.0218218,0.9991082,nan,nan,nan,nan,nan,nan,0.0,0.0,0.0,0.0,0.0,0.0,nan,nan,nan,1,0,0,0
5714588294,5714588288,-0.1717604,0.064786404,-0.044217575,0.010934527,0.034118105,-0.019749023,0.99916285,nan,nan,nan,nan,nan,nan,0.0,0.0,0.0,0.0,0.0,0.0,nan,nan,nan,1,0,0,0
5714596321,5714596316,-0.17188141,0.06492912,-0.042569507,0.012097263,0.034566116,-0.020585546,0.99911714,nan,nan,nan,nan,nan,nan,0.0,0.0,0.0,0.0,0.0,0.0,nan,nan,nan,1,0,0,0
5714604258,5714604247,-0.1718795,0.06492949,-0.04076962,0.011918155,0.034649093,-0.019652847,0.9991352,nan,nan,nan,nan,nan,nan,0.0,0.0,0.0,0.0,0.0,0.0,nan,nan,nan,1,0,0,0
5714612299,5714612294,-0.1719128,0.06489351,-0.038925167,0.011775114,0.03493851,-0.019422816,0.9991313,nan,nan,nan,nan,nan,nan,0.0,0.0,0.0,0.0,0.0,0.0,nan,nan,nan,1,0,0,0
5714621975,5714621968,-0.17202601,0.065023616,-0.037228983,0.01210745,0.034340624,-0.019689295,0.9991429,nan,nan,nan,nan,nan,nan,0.0,0.0,0.0,0.0,0.0,0.0,nan,nan,nan,1,0,0,0
5714629292,5714629287,-0.1721268,0.06491966,-0.03539428,0.011877821,0.033947267,-0.018390393,0.99918383,nan,nan,nan,nan,nan,nan,0.0,0.0,0.0,0.0,0.0,0.0,nan,nan,nan,1,0,0,0
5714637121,5714637115,-0.17217335,0.06507634,-0.033636943,0.012082318,0.03414871,-0.019785255,0.99914783,nan,nan,nan,nan,nan,nan,0.0,0.0,0.0,0.0,0.0,0.0,nan,nan,nan,1,0,0,0
5714646295,5714646290,-0.17221016,0.06497909,-0.031769395,0.01107726,0.034803055,-0.018501105,0.99916154,nan,nan,nan,nan,nan,nan,0.0,0.0,0.0,0.0,0.0,0.0,nan,nan,nan,1,0,0,0
5714655687,5714655682,-0.1722807,0.06489666,-0.030067734,0.011262852,0.03397382,-0.017533647,0.99920535,nan,nan,nan,nan,nan,nan,0.0,0.0,0.0,0.0,0.0,0.0,nan,nan,nan,1,0,0,0
5714662307,5714662302,-0.17223461,0.065053076,-0.028129224,0.010468309,0.03526374,-0.019340068,0.9991361,nan,nan,nan,nan,nan,nan,0.0,0.0,0.0,0.0,0.0,0.0,nan,nan,nan,1,0,0,0
5714671780,5714671775,-0.1723563,0.06489342,-0.026282731,0.010091781,0.03383137,-0.018054342,0.9992135,nan,nan,nan,nan,nan,nan,0.0,0.0,0.0,0.0,0.0,0.0,nan,nan,nan,1,0,0,0
5714679292,5714679287,-0.17241636,0.06478678,-0.024611264,0.010157846,0.032740314,-0.017592125,0.99925745,nan,nan,nan,nan,nan,nan,0.0,0.0,0.0,0.0,0.0,0.0,nan,nan,nan,1,0,0,0
5714689298,5714689293,-0.17248836,0.06476602,-0.022538751,0.009118559,0.032775216,-0.018580366,0.99924845,nan,nan,nan,nan,nan,nan,0.0,0.0,0.0,0.0,0.0,0.0,nan,nan,nan,1,0,0,0
5714696296,5714696288,-0.17250484,0.06479734,-0.020749226,0.009269447,0.033956066,-0.020136613,0.9991775,nan,nan,nan,nan,nan,nan,0.0,0.0,0.0,0.0,0.0,0.0,nan,nan,nan,1,0,0,0
5714704121,5714704114,-0.17259562,0.06510528,-0.018683348,0.007551658,0.037252843,-0.020735975,0.9990621,nan,nan,nan,nan,nan,nan,0.0,0.0,0.0,0.0,0.0,0.0,nan,nan,nan,1,0,0,0
5714713319,5714713313,-0.17262085,0.064999364,-0.016851202,0.008215633,0.03640304,-0.020732928,0.9990883,nan,nan,nan,nan,nan,nan,0.0,0.0,0.0,0.0,0.0,0.0,nan,nan,nan,1,0,0,0
5714721643,5714721638,-0.1727018,0.06479075,-0.015019516,0.00790983,0.038383912,-0.019466823,0.9990421,nan,nan,nan,nan,nan,nan,0.0,0.0,0.0,0.0,0.0,0.0,nan,nan,nan,1,0,0,0
5714729294,5714729288,-0.17254035,0.064744316,-0.0131580485,0.007917035,0.041092176,-0.01993835,0.9989251,nan,nan,nan,nan,nan,nan,0.0,0.0,0.0,0.0,0.0,0.0,nan,nan,nan,1,0,0,0
5714737792,5714737721,-0.17244402,0.06463555,-0.011246721,0.0073143113,0.04184578,-0.019410219,0.99890876,nan,nan,nan,nan,nan,nan,0.0,0.0,0.0,0.0,0.0,0.0,nan,nan,nan,1,0,0,0
5714747298,5714747292,-0.17248939,0.06464473,-0.009403387,0.0069450936,0.04324021,-0.020850291,0.9988229,nan,nan,nan,nan,nan,nan,0.0,0.0,0.0,0.0,0.0,0.0,nan,nan,nan,1,0,0,0
5714754297,5714754292,-0.1724905,0.064437725,-0.007554251,0.0055665206,0.043620244,-0.02088375,0.9988143,nan,nan,nan,nan,nan,nan,0.0,0.0,0.0,0.0,0.0,0.0,nan,nan,nan,1,0,0,0
5714762291,5714762286,-0.17261279,0.064421475,-0.005629084,0.005388687,0.04288082,-0.023341678,0.99879295,nan,nan,nan,nan,nan,nan,0.0,0.0,0.0,0.0,0.0,0.0,nan,nan,nan,1,0,0,0
5714771598,5714771593,-0.17261533,0.064160295,-0.0038394958,0.003826743,0.041522607,-0.023874672,0.9988449,nan,nan,nan,nan,nan,nan,0.0,0.0,0.0,0.0,0.0,0.0,nan,nan,nan,1,0,0,0
5714778303,5714778297,-0.17274155,0.06399625,-0.0021487777,0.0028309417,0.04140656,-0.021996463,0.9988962,nan,nan,nan,nan,nan,nan,0.0,0.0,0.0,0.0,0.0,0.0,nan,nan,nan,1,0,0,0
5714787321,5714787316,-0.17267512,0.06401675,-0.00017258432,0.0019312921,0.04291492,-0.023404524,0.99880266,nan,nan,nan,nan,nan,nan,0.0,0.0,0.0,0.0,0.0,0.0,nan,nan,nan,1,0,0,0
5714797326,5714797320,-0.17252764,0.06369089,0.0015857783,-0.00044187886,-0.042304985,0.022337027,-0.998855,nan,nan,nan,nan,nan,nan,0.0,0.0,0.0,0.0,0.0,0.0,nan,nan,nan,1,0,0,0
5714803959,5714803954,-0.17250338,0.06356391,0.0028668847,0.0011910454,0.041588016,-0.0239111,0.998848,nan,nan,nan,nan,nan,nan,0.0,0.0,0.0,0.0,0.0,0.0,nan,nan,nan,1,0,0,0
5714814295,5714814290,-0.17249393,0.06359263,0.004471861,-0.00044646827,-0.04190607,0.025182191,-0.9988041,nan,nan,nan,nan,nan,nan,0.0,0.0,0.0,0.0,0.0,0.0,nan,nan,nan,1,0,0,0
5714821323,5714821317,-0.17248715,0.06341067,0.006029317,-0.00043852546,-0.041758236,0.024154652,-0.9988356,nan,nan,nan,nan,nan,nan,0.0,0.0,0.0,0.0,0.0,0.0,nan,nan,nan,1,0,0,0
5714829293,5714829287,-0.17245352,0.06331023,0.007553581,0.00039427873,-0.042832937,0.0250841,-0.9987673,nan,nan,nan,nan,nan,nan,0.0,0.0,0.0,0.0,0.0,0.0,nan,nan,nan,1,0,0,0
5714837727,5714837722,-0.17249817,0.0634005,0.009043769,0.0011997406,-0.04211959,0.026459929,-0.9987614,nan,nan,nan,nan,nan,nan,0.0,0.0,0.0,0.0,0.0,0.0,nan,nan,nan,1,0,0,0
5714846355,5714846347,-0.17259417,0.06326544,0.010400941,0.0019597847,-0.0398781,0.024075093,-0.9989125,nan,nan,nan,nan,nan,nan,0.0,0.0,0.0,0.0,0.0,0.0,nan,nan,nan,1,0,0,0
5714854293,5714854288,-0.17281789,0.063185796,0.011959061,0.0033434227,-0.039353985,0.025381042,-0.9988973,nan,nan,nan,nan,nan,nan,0.0,0.0,0.0,0.0,0.0,0.0,nan,nan,nan,1,0,0,0
5714862590,5714862585,-0.1729568,0.06319134,0.0133207245,0.0039604986,-0.038698114,0.02620251,-0.99889946,nan,nan,nan,nan,nan,nan,0.0,0.0,0.0,0.0,0.0,0.0,nan,nan,nan,1,0,0,0
5714871061,5714871056,-0.17290208,0.06324439,0.014566646,0.00421037,-0.03920709,0.024436327,-0.9989234,nan,nan,nan,nan,nan,nan,0.0,0.0,0.0,0.0,0.0,0.0,nan,nan,nan,1,0,0,0
5714879322,5714879317,-0.17290717,0.06318206,0.015862688,0.004343,-0.040639337,0.023751894,-0.99888206,nan,nan,nan,nan,nan,nan,0.0,0.0,0.0,0.0,0.0,0.0,nan,nan,nan,1,0,0,0
5714889291,5714889285,-0.1729437,0.06318221,0.01726088,0.0048515014,-0.041763313,0.025341284,-0.9987943,nan,nan,nan,nan,nan,nan,0.0,0.0,0.0,0.0,0.0,0.0,nan,nan,nan,1,0,0,0
5714896294,5714896288,-0.17290784,0.063270584,0.018475614,0.0045882105,-0.042760506,0.025484888,-0.9987497,nan,nan,nan,nan,nan,nan,0.0,0.0,0.0,0.0,0.0,0.0,nan,nan,nan,1,0,0,0
5714903861,5714903856,-0.17290014,0.063350506,0.019618955,0.004157954,-0.043866668,0.025272584,-0.99870896,nan,nan,nan,nan,nan,nan,0.0,0.0,0.0,0.0,0.0,0.0,nan,nan,nan,1,0,0,0
5714913298,5714913292,-0.17297308,0.06333476,0.020855121,0.003955272,-0.04429118,0.025642488,-0.99868166,nan,nan,nan,nan,nan,nan,0.0,0.0,0.0,0.0,0.0,0.0,nan,nan,nan,1,0,0,0
5714921608,5714921603,-0.17307894,0.06323878,0.022026543,0.0038254766,-0.04340658,0.024833197,-0.9987415,nan,nan,nan,nan,nan,nan,0.0,0.0,0.0,0.0,0.0,0.0,nan,nan,nan,1,0,0,0
5714932472,5714932467,-0.17316999,0.06328727,0.023175158,0.0039517307,-0.04296811,0.024524277,-0.9987677,nan,nan,nan,nan,nan,nan,0.0,0.0,0.0,0.0,0.0,0.0,nan,nan,nan,1,0,0,0
5714938026,5714938018,-0.1733726,0.06333264,0.0244322,0.0040879888,-0.042293467,0.024984475,-0.9987845,nan,nan,nan,nan,nan,nan,0.0,0.0,0.0,0.0,0.0,0.0,nan,nan,nan,1,0,0,0
5714946300,5714946294,-0.17359199,0.0633338,0.025607806,0.004424211,-0.0417631,0.025134837,-0.9988015,nan,nan,nan,nan,nan,nan,0.0,0.0,0.0,0.0,0.0,0.0,nan,nan,nan,1,0,0,0
5714954295,5714954290,-0.17374985,0.06332594,0.02684478,0.005400768,-0.04081571,0.025436832,-0.9988283,nan,nan,nan,nan,nan,nan,0.0,0.0,0.0,0.0,0.0,0.0,nan,nan,nan,1,0,0,0
5714963292,5714963287,-0.17389728,0.06317213,0.028154954,0.006099495,-0.040369008,0.024036216,-0.9988771,nan,nan,nan,nan,nan,nan,0.0,0.0,0.0,0.0,0.0,0.0,nan,nan,nan,1,0,0,0
5714971115,5714970948,-0.17397882,0.06321684,0.029242702,0.005629832,-0.03991765,0.023778606,-0.9989041,nan,nan,nan,nan,nan,nan,0.0,0.0,0.0,0.0,0.0,0.0,nan,nan,nan,1,0,0,0
5714979301,5714979296,-0.17409265,0.06335724,0.030510712,0.006545148,-0.040246062,0.025887478,-0.998833,nan,nan,nan,nan,nan,nan,0.0,0.0,0.0,0.0,0.0,0.0,nan,nan,nan,1,0,0,0
5714987434,5714987426,-0.17410246,0.06323197,0.031413842,0.005807652,-0.039931923,0.024522979,-0.99888456,nan,nan,nan,nan,nan,nan,0.0,0.0,0.0,0.0,0.0,0.0,nan,nan,nan,1,0,0,0
5714996292,5714996286,-0.17407724,0.063250385,0.032559205,0.0054088095,-0.04156952,0.02423445,-0.99882704,nan,nan,nan,nan,nan,nan,0.0,0.0,0.0,0.0,0.0,0.0,nan,nan,nan,1,0,0,0
5715005385,5715005380,-0.17411831,0.06322431,0.033905692,0.005714502,-0.042983685,0.024904199,-0.998749,nan,nan,nan,nan,nan,nan,0.0,0.0,0.0,0.0,0.0,0.0,nan,nan,nan,1,0,0,0
5715014290,5715014285,-0.17409994,0.063071065,0.035107363,0.006112007,-0.043204986,0.025042357,-0.99873364,nan,nan,nan,nan,nan,nan,0.0,0.0,0.0,0.0,0.0,0.0,nan,nan,nan,1,0,0,0
5715021309,5715021304,-0.17409232,0.063111275,0.036171816,0.0066700024,-0.043534435,0.026417894,-0.9986803,nan,nan,nan,nan,nan,nan,0.0,0.0,0.0,0.0,0.0,0.0,nan,nan,nan,1,0,0,0
5715029294,5715029288,-0.17420864,0.0629627,0.03718937,0.006879327,-0.043576133,0.027619692,-0.9986446,nan,nan,nan,nan,nan,nan,0.0,0.0,0.0,0.0,0.0,0.0,nan,nan,nan,1,0,0,0
5715036605,5715036599,-0.17438003,0.06286353,0.038161714,0.0069952602,-0.04240618,0.027842147,-0.99868786,nan,nan,nan,nan,nan,nan,0.0,0.0,0.0,0.0,0.0,0.0,nan,nan,nan,1,0,0,0
5715046295,5715046289,-0.17453805,0.062773794,0.03920576,0.0070610787,-0.04243976,0.027750514,-0.9986886,nan,nan,nan,nan,nan,nan,0.0,0.0,0.0,0.0,0.0,0.0,nan,nan,nan,1,0,0,0
5715054285,5715054280,-0.1746827,0.062536836,0.040292736,0.007071978,-0.041902967,0.028635675,-0.9986862,nan,nan,nan,nan,nan,nan,0.0,0.0,0.0,0.0,0.0,0.0,nan,nan,nan,1,0,0,0
5715062552,5715062545,-0.174793,0.06235128,0.041016933,0.0064713066,-0.041114487,0.027769621,-0.9987476,nan,nan,nan,nan,nan,nan,0.0,0.0,0.0,0.0,0.0,0.0,nan,nan,nan,1,0,0,0
5715071346,5715071340,-0.17491025,0.06244442,0.04160895,0.005716112,-0.04238075,0.02576352,-0.99875295,nan,nan,nan,nan,nan,nan,0.0,0.0,0.0,0.0,0.0,0.0,nan,nan,nan,1,0,0,0
5715079294,5715079289,-0.17506784,0.062326092,0.042321987,0.005082764,-0.04260366,0.025753759,-0.9987471,nan,nan,nan,nan,nan,nan,0.0,0.0,0.0,0.0,0.0,0.0,nan,nan,nan,1,0,0,0
5715088297,5715088291,-0.17521042,0.062184777,0.043006677,0.004136595,-0.043273326,0.027214026,-0.998684,nan,nan,nan,nan,nan,nan,0.0,0.0,0.0,0.0,0.0,0.0,nan,nan,nan,1,0,0,0
5715096293,5715096287,-0.17545137,0.061345138,0.044199634,0.0012945039,-0.048817195,0.020441165,-0.9985977,nan,nan,nan,nan,nan,nan,0.0,0.0,0.0,0.0,0.0,0.0,nan,nan,nan,1,0,0,0
5715104193,5715104187,-0.1755909,0.062048916,0.04409396,0.0016049489,-0.044499934,0.03001647,-0.99855703,nan,nan,nan,nan,nan,nan,0.0,0.0,0.0,0.0,0.0,0.0,nan,nan,nan,1,0,0,0
5715113430,5715113425,-0.17586398,0.06195064,0.044494532,0.00057738036,-0.044232253,0.030609818,-0.998552,nan,nan,nan,nan,nan,nan,0.0,0.0,0.0,0.0,0.0,0.0,nan,nan,nan,1,0,0,0
5715121296,5715121290,-0.17619352,0.061862074,0.044809505,-0.0002128713,-0.042582177,0.03126408,-0.99860364,nan,nan,nan,nan,nan,nan,0.0,0.0,0.0,0.0,0.0,0.0,nan,nan,nan,1,0,0,0
5715129386,5715129381,-0.17649455,0.061744563,0.045048527,-0.0005769692,-0.041057736,0.03131958,-0.9986656,nan,nan,nan,nan,nan,nan,0.0,0.0,0.0,0.0,0.0,0.0,nan,nan,nan,1,0,0,0
5715137222,5715137216,-0.17672172,0.061765492,0.045053754,-0.0012262773,-0.040109802,0.031136813,-0.9987093,nan,nan,nan,nan,nan,nan,0.0,0.0,0.0,0.0,0.0,0.0,nan,nan,nan,1,0,0,0
5715146331,5715146326,-0.1769078,0.061823744,0.044935197,0.0017298252,0.0392813,-0.03080446,0.9987517,nan,nan,nan,nan,nan,nan,0.0,0.0,0.0,0.0,0.0,0.0,nan,nan,nan,1,0,0,0
5715154296,5715154290,-0.1770902,0.061850674,0.04476083,0.0018890263,0.038724598,-0.03078327,0.9987739,nan,nan,nan,nan,nan,nan,0.0,0.0,0.0,0.0,0.0,0.0,nan,nan,nan,1,0,0,0
5715162302,5715162296,-0.17721477,0.061900545,0.044403356,0.0016447214,0.03813712,-0.030777294,0.9987971,nan,nan,nan,nan,nan,nan,0.0,0.0,0.0,0.0,0.0,0.0,nan,nan,nan,1,0,0,0
5715171240,5715171235,-0.17728709,0.061835647,0.043834884,0.001184892,0.037481412,-0.029313643,0.99886656,nan,nan,nan,nan,nan,nan,0.0,0.0,0.0,0.0,0.0,0.0,nan,nan,nan,1,0,0,0
5715179330,5715179325,-0.17734988,0.06225184,0.043427106,0.00066712225,-0.041563682,0.030069614,-0.99868304,nan,nan,nan,nan,nan,nan,0.0,0.0,0.0,0.0,0.0,0.0,nan,nan,nan,1,0,0,0
5715188373,5715188368,-0.17726538,0.062062513,0.042436376,0.0009363374,-0.040186178,0.028028369,-0.99879855,nan,nan,nan,nan,nan,nan,0.0,0.0,0.0,0.0,0.0,0.0,nan,nan,nan,1,0,0,0
5715195351,5715195345,-0.17718214,0.06206007,0.041366804,0.001716571,-0.04014482,0.028201923,-0.9987944,nan,nan,nan,nan,nan,nan,0.0,0.0,0.0,0.0,0.0,0.0,nan,nan,nan,1,0,0,0
5715204078,5715204072,-0.17710465,0.062245123,0.04007153,0.0027943645,-0.040701006,0.030486984,-0.9987023,nan,nan,nan,nan,nan,nan,0.0,0.0,0.0,0.0,0.0,0.0,nan,nan,nan,1,0,0,0
5715212687,5715212681,-0.17710389,0.061739955,0.038452286,0.0028352703,-0.044416893,0.025120333,-0.99869317,nan,nan,nan,nan,nan,nan,0.0,0.0,0.0,0.0,0.0,0.0,nan,nan,nan,1,0,0,0
5715221295,5715221289,-0.17707944,0.06205721,0.035858203,0.0046235546,-0.03758354,0.02937154,-0.99885106,nan,nan,nan,nan,nan,nan,0.0,0.0,0.0,0.0,0.0,0.0,nan,nan,nan,1,0,0,0
5715229291,5715229285,-0.17717078,0.062304456,0.033186633,0.0066583315,-0.03989919,0.030391444,-0.9987192,nan,nan,nan,nan,nan,nan,0.0,0.0,0.0,0.0,0.0,0.0,nan,nan,nan,1,0,0,0
5715237517,5715237512,-0.17708862,0.062142495,0.029834954,0.0068888343,-0.03738194,0.0288854,-0.99885976,nan,nan,nan,nan,nan,nan,0.0,0.0,0.0,0.0,0.0,0.0,nan,nan,nan,1,0,0,0
5715245300,5715245294,-0.17711243,0.062355805,0.026273102,0.008550955,-0.038503964,0.030244818,-0.99876404,nan,nan,nan,nan,nan,nan,0.0,0.0,0.0,0.0,0.0,0.0,nan,nan,nan,1,0,0,0
5715254294,5715254289,-0.17701915,0.062377315,0.022189341,0.009673452,-0.03880517,0.030569786,-0.99873227,nan,nan,nan,nan,nan,nan,0.0,0.0,0.0,0.0,0.0,0.0,nan,nan,nan,1,0,0,0
5715262309,5715262304,-0.17700739,0.06231785,0.017685495,0.010703592,-0.03836055,0.030687628,-0.9987353,nan,nan,nan,nan,nan,nan,0.0,0.0,0.0,0.0,0.0,0.0,nan,nan,nan,1,0,0,0
5715270973,5715270967,-0.17695922,0.062283505,0.012741542,0.01158698,-0.038820047,0.030864373,-0.9987022,nan,nan,nan,nan,nan,nan,0.0,0.0,0.0,0.0,0.0,0.0,nan,nan,nan,1,0,0,0
5715279302,5715279296,-0.17694265,0.062235426,0.0073522674,0.012856725,-0.039670173,0.03132926,-0.99863887,nan,nan,nan,nan,nan,nan,0.0,0.0,0.0,0.0,0.0,0.0,nan,nan,nan,1,0,0,0
5715287299,5715287293,-0.17686746,0.06229799,0.0015697889,0.01367289,-0.039062742,0.031415083,-0.99864924,nan,nan,nan,nan,nan,nan,0.0,0.0,0.0,0.0,0.0,0.0,nan,nan,nan,1,0,0,0
5715296319,5715296313,-0.17685209,0.06236876,-0.0045463215,0.014323749,-0.040276915,0.0311702,-0.9985995,nan,nan,nan,nan,nan,nan,0.0,0.0,0.0,0.0,0.0,0.0,nan,nan,nan,1,0,0,0
5715303881,5715303875,-0.17673478,0.062106382,-0.011340941,0.013956821,-0.03884331,0.029518364,-0.9987117,nan,nan,nan,nan,nan,nan,0.0,0.0,0.0,0.0,0.0,0.0,nan,nan,nan,1,0,0,0
5715313311,5715313305,-0.17681201,0.062411156,-0.018153202,0.014921623,-0.041341882,0.031781662,-0.99852794,nan,nan,nan,nan,nan,nan,0.0,0.0,0.0,0.0,0.0,0.0,nan,nan,nan,1,0,0,0
5715323318,5715323313,-0.17687903,0.06240999,-0.0253607,0.015168825,-0.040905185,0.031597618,-0.99854803,nan,nan,nan,nan,nan,nan,0.0,0.0,0.0,0.0,0.0,0.0,nan,nan,nan,1,0,0,0
5715330449,5715330444,-0.17697227,0.06251582,-0.03283774,0.015750939,-0.041168395,0.031215124,-0.9985403,nan,nan,nan,nan,nan,nan,0.0,0.0,0.0,0.0,0.0,0.0,nan,nan,nan,1,0,0,0
5715336746,5715336738,-0.17715436,0.062606595,-0.040475864,0.016598681,-0.041256003,0.031229684,-0.99852246,nan,nan,nan,nan,nan,nan,0.0,0.0,0.0,0.0,0.0,0.0,nan,nan,nan,1,0,0,0
5715345304,5715345298,-0.17740852,0.06271814,-0.04840412,0.017513447,-0.040620543,0.03135626,-0.9985289,nan,nan,nan,nan,nan,nan,0.0,0.0,0.0,0.0,0.0,0.0,nan,nan,nan,1,0,0,0
5715354993,5715354987,-0.17772245,0.062877014,-0.05657846,0.01810856,-0.03867131,0.030526485,-0.9986214,nan,nan,nan,nan,nan,nan,0.0,0.0,0.0,0.0,0.0,0.0,nan,nan,nan,1,0,0,0
5715361292,5715361286,-0.1780608,0.063056454,-0.064854905,0.018597832,-0.03682471,0.030471778,-0.99868387,nan,nan,nan,nan,nan,nan,0.0,0.0,0.0,0.0,0.0,0.0,nan,nan,nan,1,0,0,0
5715371209,5715371204,-0.17841065,0.06324184,-0.07316316,0.019461999,-0.03543362,0.030699175,-0.9987108,nan,nan,nan,nan,nan,nan,0.0,0.0,0.0,0.0,0.0,0.0,nan,nan,nan,1,0,0,0
5715381397,5715381392,-0.17869467,0.06335821,-0.081630506,0.02042341,-0.03367535,0.030712675,-0.99875206,nan,nan,nan,nan,nan,nan,0.0,0.0,0.0,0.0,0.0,0.0,nan,nan,nan,1,0,0,0
5715388302,5715388293,-0.17899644,0.06361056,-0.09009115,0.021269524,-0.032417815,0.029928273,-0.9987998,nan,nan,nan,nan,nan,nan,0.0,0.0,0.0,0.0,0.0,0.0,nan,nan,nan,1,0,0,0
5715396296,5715396291,-0.17919831,0.0630054,-0.09805906,0.02015182,-0.0348764,0.02133951,-0.99896055,nan,nan,nan,nan,nan,nan,0.0,0.0,0.0,0.0,0.0,0.0,nan,nan,nan,1,0,0,0
5715403740,5715403735,-0.17927012,0.06402335,-0.10719593,0.020703577,-0.02964614,0.030144207,-0.99889123,nan,nan,nan,nan,nan,nan,0.0,0.0,0.0,0.0,0.0,0.0,nan,nan,nan,1,0,0,0
5715416300,5715416294,-0.17946462,0.06302261,-0.11545703,0.018048927,-0.02919289,0.020296652,-0.9992047,nan,nan,nan,nan,nan,nan,0.0,0.0,0.0,0.0,0.0,0.0,nan,nan,nan,1,0,0,0
5715421291,5715421285,-0.17949997,0.06404384,-0.12455107,0.019574657,-0.024937727,0.029110853,-0.9990733,nan,nan,nan,nan,nan,nan,0.0,0.0,0.0,0.0,0.0,0.0,nan,nan,nan,1,0,0,0
5715441058,5715441053,-0.17971891,0.0642386,-0.14129435,0.018778395,-0.025337888,0.027804216,-0.99911577,nan,nan,nan,nan,nan,nan,0.0,0.0,0.0,0.0,0.0,0.0,nan,nan,nan,1,0,0,0
5715446297,5715446292,-0.1797774,0.06439468,-0.14944702,0.01859431,-0.024935506,0.028668981,-0.9991049,nan,nan,nan,nan,nan,nan,0.0,0.0,0.0,0.0,0.0,0.0,nan,nan,nan,1,0,0,0
5715454666,5715454660,-0.17984939,0.06446499,-0.15754348,0.018176416,-0.023350267,0.028771354,-0.99914795,nan,nan,nan,nan,nan,nan,0.0,0.0,0.0,0.0,0.0,0.0,nan,nan,nan,1,0,0,0
5715463296,5715463290,-0.17993023,0.0644226,-0.16551079,0.018300092,-0.02190928,0.02854061,-0.99918497,nan,nan,nan,nan,nan,nan,0.0,0.0,0.0,0.0,0.0,0.0,nan,nan,nan,1,0,0,0
5715471155,5715471150,-0.17995918,0.064473376,-0.1732146,0.017966386,-0.0221366,0.02930556,-0.9991638,nan,nan,nan,nan,nan,nan,0.0,0.0,0.0,0.0,0.0,0.0,nan,nan,nan,1,0,0,0
5715481293,5715481288,-0.18006147,0.063659236,-0.18036982,0.01597619,-0.025764216,0.020296188,-0.9993343,nan,nan,nan,nan,nan,nan,0.0,0.0,0.0,0.0,0.0,0.0,nan,nan,nan,1,0,0,0
5715488296,5715488291,-0.17995301,0.06452149,-0.1884255,0.01656712,-0.020932488,0.030647768,-0.9991737,nan,nan,nan,nan,nan,nan,0.0,0.0,0.0,0.0,0.0,0.0,nan,nan,nan,1,0,0,0
5715496292,5715496286,-0.1799939,0.06447573,-0.19590877,0.01585543,-0.020018946,0.030681541,-0.99920297,nan,nan,nan,nan,nan,nan,0.0,0.0,0.0,0.0,0.0,0.0,nan,nan,nan,1,0,0,0
5715504656,5715504650,-0.1801634,0.06330585,-0.20230909,0.014906292,-0.023818918,0.021432446,-0.9993754,nan,nan,nan,nan,nan,nan,0.0,0.0,0.0,0.0,0.0,0.0,nan,nan,nan,1,0,0,0
5715512298,5715512293,-0.18010353,0.063204356,-0.209284,0.014790087,-0.025230454,0.022183284,-0.99932605,nan,nan,nan,nan,nan,nan,0.0,0.0,0.0,0.0,0.0,0.0,nan,nan,nan,1,0,0,0
5715521295,5715521290,-0.17980538,0.06417207,-0.21704078,0.015467409,-0.02333255,0.03443367,-0.9990149,nan,nan,nan,nan,nan,nan,0.0,0.0,0.0,0.0,0.0,0.0,nan,nan,nan,1,0,0,0
5715531498,5715531492,-0.17968681,0.06411303,-0.22384442,0.015184028,-0.024762206,0.03491803,-0.99896795,nan,nan,nan,nan,nan,nan,0.0,0.0,0.0,0.0,0.0,0.0,nan,nan,nan,1,0,0,0
5715537930,5715537924,-0.17962387,0.06410808,-0.23051398,0.015319435,-0.025722649,0.036560487,-0.99888295,nan,nan,nan,nan,nan,nan,0.0,0.0,0.0,0.0,0.0,0.0,nan,nan,nan,1,0,0,0
5715546296,5715546290,-0.17964762,0.06396643,-0.23698722,0.015027482,-0.026703037,0.03624869,-0.998873,nan,nan,nan,nan,nan,nan,0.0,0.0,0.0,0.0,0.0,0.0,nan,nan,nan,1,0,0,0
5715553296,5715553290,-0.17967376,0.06309201,-0.24269667,0.014203015,-0.031643208,0.026182543,-0.99905527,nan,nan,nan,nan,nan,nan,0.0,0.0,0.0,0.0,0.0,0.0,nan,nan,nan,1,0,0,0
5715563287,5715563282,-0.1794298,0.063989006,-0.24976148,0.01451799,-0.02924838,0.037669655,-0.9987566,nan,nan,nan,nan,nan,nan,0.0,0.0,0.0,0.0,0.0,0.0,nan,nan,nan,1,0,0,0
5715571347,5715571341,-0.17929111,0.06413491,-0.25616586,0.013693324,-0.03129159,0.037978187,-0.99869466,nan,nan,nan,nan,nan,nan,0.0,0.0,0.0,0.0,0.0,0.0,nan,nan,nan,1,0,0,0
5715580140,5715580135,-0.17939417,0.06321459,-0.2614843,0.013145514,-0.035420544,0.026680205,-0.99892974,nan,nan,nan,nan,nan,nan,0.0,0.0,0.0,0.0,0.0,0.0,nan,nan,nan,1,0,0,0
5715588294,5715588289,-0.17932153,0.06272713,-0.26721886,0.018263854,-0.021373814,0.03433957,-0.99901474,nan,nan,nan,nan,nan,nan,0.0,0.0,0.0,0.0,0.0,0.0,nan,nan,nan,1,0,0,0
5715595437,5715595431,-0.17942771,0.062343307,-0.2726841,0.014724216,-0.028138274,0.029111225,-0.99907154,nan,nan,nan,nan,nan,nan,0.0,0.0,0.0,0.0,0.0,0.0,nan,nan,nan,1,0,0,0
5715604583,5715604578,-0.1792291,0.0629306,-0.2792145,0.018611569,-0.022583656,0.033779357,-0.9990008,nan,nan,nan,nan,nan,nan,0.0,0.0,0.0,0.0,0.0,0.0,nan,nan,nan,1,0,0,0
5715612298,5715612292,-0.1792331,0.06295397,-0.28506237,0.018288188,-0.023791563,0.03308301,-0.99900204,nan,nan,nan,nan,nan,nan,0.0,0.0,0.0,0.0,0.0,0.0,nan,nan,nan,1,0,0,0
5715621302,5715621297,-0.1792099,0.062966004,-0.2907852,0.018935258,-0.023780538,0.03262969,-0.9990051,nan,nan,nan,nan,nan,nan,0.0,0.0,0.0,0.0,0.0,0.0,nan,nan,nan,1,0,0,0
5715630594,5715630587,-0.17933652,0.062478215,-0.29593015,0.015937822,-0.029318105,0.028150305,-0.99904656,nan,nan,nan,nan,nan,nan,0.0,0.0,0.0,0.0,0.0,0.0,nan,nan,nan,1,0,0,0
5715637803,5715637797,-0.17925732,0.06306286,-0.30196506,0.019001659,-0.023120124,0.0325893,-0.9990207,nan,nan,nan,nan,nan,nan,0.0,0.0,0.0,0.0,0.0,0.0,nan,nan,nan,1,0,0,0
5715647298,5715647293,-0.17932408,0.06319525,-0.307485,0.019255076,-0.02235077,0.032960497,-0.99902123,nan,nan,nan,nan,nan,nan,0.0,0.0,0.0,0.0,0.0,0.0,nan,nan,nan,1,0,0,0
5715654538,5715654533,-0.17944247,0.06267527,-0.3123526,0.01658871,-0.027607124,0.028158117,-0.99908453,nan,nan,nan,nan,nan,nan,0.0,0.0,0.0,0.0,0.0,0.0,nan,nan,nan,1,0,0,0
5715662289,5715662284,-0.17942572,0.06275003,-0.31772816,0.017173542,-0.02743394,0.028830534,-0.9990602,nan,nan,nan,nan,nan,nan,0.0,0.0,0.0,0.0,0.0,0.0,nan,nan,nan,1,0,0,0
5715670728,5715670722,-0.17937467,0.06275214,-0.32297686,0.017326761,-0.02777675,0.028696517,-0.999052,nan,nan,nan,nan,nan,nan,0.0,0.0,0.0,0.0,0.0,0.0,nan,nan,nan,1,0,0,0
5715678300,5715678295,-0.1792822,0.06269766,-0.32817328,0.017533494,-0.027249072,0.02878671,-0.9990603,nan,nan,nan,nan,nan,nan,0.0,0.0,0.0,0.0,0.0,0.0,nan,nan,nan,1,0,0,0
5715688382,5715688377,-0.17914127,0.06280796,-0.33326948,0.01712548,-0.027547082,0.028688295,-0.99906206,nan,nan,nan,nan,nan,nan,0.0,0.0,0.0,0.0,0.0,0.0,nan,nan,nan,1,0,0,0
5715695292,5715695287,-0.17913634,0.062959075,-0.3383445,0.017070105,-0.027369887,0.02800504,-0.9990871,nan,nan,nan,nan,nan,nan,0.0,0.0,0.0,0.0,0.0,0.0,nan,nan,nan,1,0,0,0
5715703500,5715703493,-0.17900261,0.06292834,-0.3434884,0.015974008,-0.026411077,0.027815605,-0.9991364,nan,nan,nan,nan,nan,nan,0.0,0.0,0.0,0.0,0.0,0.0,nan,nan,nan,1,0,0,0
5715712297,5715712291,-0.17878544,0.06305316,-0.34858936,0.01586075,-0.026147489,0.027761217,-0.9991466,nan,nan,nan,nan,nan,nan,0.0,0.0,0.0,0.0,0.0,0.0,nan,nan,nan,1,0,0,0
5715720447,5715720442,-0.17867048,0.06304792,-0.3534463,0.015532638,-0.02676994,0.02822914,-0.9991222,nan,nan,nan,nan,nan,nan,0.0,0.0,0.0,0.0,0.0,0.0,nan,nan,nan,1,0,0,0
5715730234,5715730229,-0.17842802,0.06299504,-0.3584037,0.0148886265,-0.02735208,0.027230388,-0.999144,nan,nan,nan,nan,nan,nan,0.0,0.0,0.0,0.0,0.0,0.0,nan,nan,nan,1,0,0,0
5715738233,5715738227,-0.17816442,0.06305854,-0.36333525,0.01424515,-0.028105848,0.02668424,-0.99914724,nan,nan,nan,nan,nan,nan,0.0,0.0,0.0,0.0,0.0,0.0,nan,nan,nan,1,0,0,0
5715746414,5715746408,-0.17805311,0.0631168,-0.36819384,0.013881676,-0.02977199,0.026450196,-0.9991103,nan,nan,nan,nan,nan,nan,0.0,0.0,0.0,0.0,0.0,0.0,nan,nan,nan,1,0,0,0
5715756414,5715756408,-0.17782357,0.06314705,-0.37301156,0.013124959,-0.032495752,0.025819521,-0.9990521,nan,nan,nan,nan,nan,nan,0.0,0.0,0.0,0.0,0.0,0.0,nan,nan,nan,1,0,0,0
5715763291,5715763285,-0.17757335,0.063715085,-0.37830138,0.015759755,-0.027233409,0.031296425,-0.9990148,nan,nan,nan,nan,nan,nan,0.0,0.0,0.0,0.0,0.0,0.0,nan,nan,nan,1,0,0,0
5715770494,5715770489,-0.17771876,0.06314166,-0.38240865,0.012530031,-0.0330446,0.027157325,-0.9990063,nan,nan,nan,nan,nan,nan,0.0,0.0,0.0,0.0,0.0,0.0,nan,nan,nan,1,0,0,0
5715780294,5715780288,-0.17758931,0.06331891,-0.3870763,0.012528732,-0.03427771,0.027637819,-0.9989515,nan,nan,nan,nan,nan,nan,0.0,0.0,0.0,0.0,0.0,0.0,nan,nan,nan,1,0,0,0
5715787325,5715787320,-0.17749944,0.063157715,-0.39164698,0.013071678,-0.034273535,0.026774999,-0.9989683,nan,nan,nan,nan,nan,nan,0.0,0.0,0.0,0.0,0.0,0.0,nan,nan,nan,1,0,0,0
5715796501,5715796495,-0.17737214,0.06319414,-0.3962752,0.013364667,-0.03450075,0.026498567,-0.99896395,nan,nan,nan,nan,nan,nan,0.0,0.0,0.0,0.0,0.0,0.0,nan,nan,nan,1,0,0,0
5715804369,5715804363,-0.1774563,0.06303662,-0.4006511,0.014330017,-0.03398025,0.027245903,-0.9989483,nan,nan,nan,nan,nan,nan,0.0,0.0,0.0,0.0,0.0,0.0,nan,nan,nan,1,0,0,0
5715812313,5715812308,-0.17741342,0.06320646,-0.40518996,0.014510351,-0.03646518,0.026923193,-0.9988668,nan,nan,nan,nan,nan,nan,0.0,0.0,0.0,0.0,0.0,0.0,nan,nan,nan,1,0,0,0
5715821410,5715821404,-0.1774378,0.06321322,-0.4096202,0.0151772,-0.036171515,0.026891774,-0.9988684,nan,nan,nan,nan,nan,nan,0.0,0.0,0.0,0.0,0.0,0.0,nan,nan,nan,1,0,0,0
5715830741,5715830735,-0.17748462,0.0631651,-0.41398874,0.016175404,-0.03467887,0.027326848,-0.99889386,nan,nan,nan,nan,nan,nan,0.0,0.0,0.0,0.0,0.0,0.0,nan,nan,nan,1,0,0,0
5715836736,5715836730,-0.17730111,0.06454641,-0.41928527,0.014920461,-0.046981737,0.022577757,-0.9985291,nan,nan,nan,nan,nan,nan,0.0,0.0,0.0,0.0,0.0,0.0,nan,nan,nan,1,0,0,0
5715846299,5715846294,-0.17763902,0.0636356,-0.42300832,0.018130867,-0.03371455,0.02858909,-0.998858,nan,nan,nan,nan,nan,nan,0.0,0.0,0.0,0.0,0.0,0.0,nan,nan,nan,1,0,0,0
5715854300,5715854295,-0.17740689,0.06476821,-0.42794964,0.0156785,-0.049350612,0.022086529,-0.99841416,nan,nan,nan,nan,nan,nan,0.0,0.0,0.0,0.0,0.0,0.0,nan,nan,nan,1,0,0,0
5715863293,5715863288,-0.17775123,0.06335649,-0.4312376,0.017975874,-0.035671573,0.027261954,-0.99882996,nan,nan,nan,nan,nan,nan,0.0,0.0,0.0,0.0,0.0,0.0,nan,nan,nan,1,0,0,0
5715870369,5715870364,-0.1778799,0.063576795,-0.43539125,0.01827079,-0.03851198,0.026829956,-0.9987308,nan,nan,nan,nan,nan,nan,0.0,0.0,0.0,0.0,0.0,0.0,nan,nan,nan,1,0,0,0
5715880203,5715880198,-0.17770371,0.06480523,-0.44039083,0.016260918,-0.048716556,0.022922095,-0.9984172,nan,nan,nan,nan,nan,nan,0.0,0.0,0.0,0.0,0.0,0.0,nan,nan,nan,1,0,0,0
5715887296,5715887291,-0.17787994,0.0646974,-0.4442715,0.017314008,-0.04848569,0.023322599,-0.99840146,nan,nan,nan,nan,nan,nan,0.0,0.0,0.0,0.0,0.0,0.0,nan,nan,nan,1,0,0,0
5715898294,5715898288,-0.17827922,0.063452095,-0.44721034,0.019237896,-0.03804841,0.02806724,-0.9986964,nan,nan,nan,nan,nan,nan,0.0,0.0,0.0,0.0,0.0,0.0,nan,nan,nan,1,0,0,0
5715903180,5715903175,-0.17810695,0.064817205,-0.4519789,0.018617194,-0.048147634,0.02387092,-0.9983814,nan,nan,nan,nan,nan,nan,0.0,0.0,0.0,0.0,0.0,0.0,nan,nan,nan,1,0,0,0
5715913299,5715913294,-0.17850001,0.06351382,-0.45458063,0.020513324,-0.03867761,0.029253908,-0.99861276,nan,nan,nan,nan,nan,nan,0.0,0.0,0.0,0.0,0.0,0.0,nan,nan,nan,1,0,0,0
5715921292,5715921287,-0.17856778,0.06343861,-0.4581314,0.021220991,-0.037639704,0.03070131,-0.9985942,nan,nan,nan,nan,nan,nan,0.0,0.0,0.0,0.0,0.0,0.0,nan,nan,nan,1,0,0,0
5715930275,5715930269,-0.1786096,0.06366856,-0.46177304,0.022435972,-0.037832487,0.029498896,-0.99859655,nan,nan,nan,nan,nan,nan,0.0,0.0,0.0,0.0,0.0,0.0,nan,nan,nan,1,0,0,0
5715936605,5715936600,-0.17870381,0.06355646,-0.46493614,0.023215113,-0.03857843,0.029964328,-0.99853635,nan,nan,nan,nan,nan,nan,0.0,0.0,0.0,0.0,0.0,0.0,nan,nan,nan,1,0,0,0
5715946298,5715946293,-0.17872304,0.063136674,-0.46794522,0.02185363,-0.04499318,0.035019852,-0.9981341,nan,nan,nan,nan,nan,nan,0.0,0.0,0.0,0.0,0.0,0.0,nan,nan,nan,1,0,0,0
5715954294,5715954288,-0.17879966,0.06365516,-0.4713788,0.024574151,-0.039845802,0.029384177,-0.9984714,nan,nan,nan,nan,nan,nan,0.0,0.0,0.0,0.0,0.0,0.0,nan,nan,nan,1,0,0,0
5715963393,5715963387,-0.17902632,0.06323386,-0.4739369,0.023123154,-0.045799673,0.034376577,-0.99809116,nan,nan,nan,nan,nan,nan,0.0,0.0,0.0,0.0,0.0,0.0,nan,nan,nan,1,0,0,0
5715973430,5715973425,-0.17898354,0.0637292,-0.476992,0.025964066,-0.038855784,0.028959112,-0.9984876,nan,nan,nan,nan,nan,nan,0.0,0.0,0.0,0.0,0.0,0.0,nan,nan,nan,1,0,0,0
5715980766,5715980761,-0.1791087,0.06370959,-0.47946826,0.025865305,-0.040107917,0.0290084,-0.9984392,nan,nan,nan,nan,nan,nan,0.0,0.0,0.0,0.0,0.0,0.0,nan,nan,nan,1,0,0,0
5715986349,5715986344,-0.17918669,0.06374513,-0.48164555,0.027328946,-0.03930867,0.028973583,-0.99843305,nan,nan,nan,nan,nan,nan,0.0,0.0,0.0,0.0,0.0,0.0,nan,nan,nan,1,0,0,0
5715995342,5715995337,-0.17923035,0.063736506,-0.48369613,0.027984103,-0.04052361,0.02842938,-0.998382,nan,nan,nan,nan,nan,nan,0.0,0.0,0.0,0.0,0.0,0.0,nan,nan,nan,1,0,0,0
5716005591,5716005585,-0.1792498,0.06373568,-0.48545134,0.02781483,-0.04153563,0.02812756,-0.9983536,nan,nan,nan,nan,nan,nan,0.0,0.0,0.0,0.0,0.0,0.0,nan,nan,nan,1,0,0,0
5716012347,5716012342,-0.17898868,0.065008424,-0.4879688,0.02665984,-0.051394302,0.023337392,-0.9980498,nan,nan,nan,nan,nan,nan,0.0,0.0,0.0,0.0,0.0,0.0,nan,nan,nan,1,0,0,0
5716023292,5716023287,-0.17901964,0.06518038,-0.4893713,0.026561927,-0.05249693,0.022641378,-0.99801093,nan,nan,nan,nan,nan,nan,0.0,0.0,0.0,0.0,0.0,0.0,nan,nan,nan,1,0,0,0
5716030050,5716030045,-0.17937128,0.063732065,-0.4893018,0.029017262,-0.039456684,0.027975421,-0.99840796,nan,nan,nan,nan,nan,nan,0.0,0.0,0.0,0.0,0.0,0.0,nan,nan,nan,1,0,0,0
5716037426,5716037305,-0.17913817,0.06523235,-0.49109313,0.02661227,-0.05296976,0.022248909,-0.9979934,nan,nan,nan,nan,nan,nan,0.0,0.0,0.0,0.0,0.0,0.0,nan,nan,nan,1,0,0,0
5716046413,5716046407,-0.1794395,0.06381148,-0.4903876,0.029126864,-0.04073689,0.02803499,-0.99835175,nan,nan,nan,nan,nan,nan,0.0,0.0,0.0,0.0,0.0,0.0,nan,nan,nan,1,0,0,0
5716053293,5716053288,-0.17922299,0.06520835,-0.49160227,0.026619881,-0.05279744,0.022143636,-0.99800473,nan,nan,nan,nan,nan,nan,0.0,0.0,0.0,0.0,0.0,0.0,nan,nan,nan,1,0,0,0
5716062358,5716062353,-0.1792418,0.06523504,-0.49146357,0.02638764,-0.052664272,0.022061918,-0.99801975,nan,nan,nan,nan,nan,nan,0.0,0.0,0.0,0.0,0.0,0.0,nan,nan,nan,1,0,0,0
5716071244,5716071239,-0.17955324,0.06376938,-0.48994172,0.02537747,-0.049940813,0.033055246,-0.99788237,nan,nan,nan,nan,nan,nan,0.0,0.0,0.0,0.0,0.0,0.0,nan,nan,nan,1,0,0,0
5716080010,5716080004,-0.17959893,0.0638274,-0.48931113,0.02451353,-0.050300427,0.032623697,-0.9979001,nan,nan,nan,nan,nan,nan,0.0,0.0,0.0,0.0,0.0,0.0,nan,nan,nan,1,0,0,0
5716088290,5716088285,-0.17935067,0.06531436,-0.4894772,0.024591923,-0.05225505,0.021878622,-0.99809116,nan,nan,nan,nan,nan,nan,0.0,0.0,0.0,0.0,0.0,0.0,nan,nan,nan,1,0,0,0
5716095293,5716095287,-0.17957453,0.06427793,-0.48739997,0.021943595,-0.054262564,0.03348772,-0.99772376,nan,nan,nan,nan,nan,nan,0.0,0.0,0.0,0.0,0.0,0.0,nan,nan,nan,1,0,0,0
5716104100,5716104094,-0.17943259,0.0656311,-0.48619714,0.024529219,-0.055443015,0.0194673,-0.9979707,nan,nan,nan,nan,nan,nan,0.0,0.0,0.0,0.0,0.0,0.0,nan,nan,nan,1,0,0,0
5716113882,5716113877,-0.17946371,0.0654469,-0.48494104,0.022683086,-0.05422532,0.020536965,-0.9980598,nan,nan,nan,nan,nan,nan,0.0,0.0,0.0,0.0,0.0,0.0,nan,nan,nan,1,0,0,0
5716121294,5716121289,-0.1794846,0.0652606,-0.48282593,0.023314983,-0.050980452,0.021811474,-0.9981892,nan,nan,nan,nan,nan,nan,0.0,0.0,0.0,0.0,0.0,0.0,nan,nan,nan,1,0,0,0
5716130443,5716130438,-0.1797247,0.06419782,-0.47962347,0.021774651,-0.052980397,0.03292848,-0.9978149,nan,nan,nan,nan,nan,nan,0.0,0.0,0.0,0.0,0.0,0.0,nan,nan,nan,1,0,0,0
5716137662,5716137656,-0.1795419,0.06519727,-0.47792318,0.024147427,-0.05108935,0.021230137,-0.9981763,nan,nan,nan,nan,nan,nan,0.0,0.0,0.0,0.0,0.0,0.0,nan,nan,nan,1,0,0,0
5716146291,5716146286,-0.17966913,0.0638456,-0.47409934,0.027019864,-0.03824095,0.027172528,-0.9985336,nan,nan,nan,nan,nan,nan,0.0,0.0,0.0,0.0,0.0,0.0,nan,nan,nan,1,0,0,0
5716154377,5716154371,-0.17978755,0.063567154,-0.47101536,0.0259504,-0.043423202,0.034598473,-0.99812025,nan,nan,nan,nan,nan,nan,0.0,0.0,0.0,0.0,0.0,0.0,nan,nan,nan,1,0,0,0
5716162289,5716162283,-0.17966285,0.06342672,-0.4677624,0.025389628,-0.046266895,0.03218856,-0.9980876,nan,nan,nan,nan,nan,nan,0.0,0.0,0.0,0.0,0.0,0.0,nan,nan,nan,1,0,0,0
5716170523,5716170518,-0.1793427,0.063865356,-0.46477678,0.027339354,-0.040247045,0.026149014,-0.9984734,nan,nan,nan,nan,nan,nan,0.0,0.0,0.0,0.0,0.0,0.0,nan,nan,nan,1,0,0,0
5716180101,5716180096,-0.1791624,0.0639428,-0.4614864,0.02712002,-0.0392127,0.025116857,-0.9985469,nan,nan,nan,nan,nan,nan,0.0,0.0,0.0,0.0,0.0,0.0,nan,nan,nan,1,0,0,0
5716187297,5716187291,-0.17910351,0.06383072,-0.45773858,0.026579242,-0.038762156,0.025795244,-0.9985618,nan,nan,nan,nan,nan,nan,0.0,0.0,0.0,0.0,0.0,0.0,nan,nan,nan,1,0,0,0
5716195293,5716195288,-0.17885107,0.06395841,-0.45400673,0.025688114,-0.040570673,0.024666656,-0.9985417,nan,nan,nan,nan,nan,nan,0.0,0.0,0.0,0.0,0.0,0.0,nan,nan,nan,1,0,0,0
5716203988,5716203982,-0.17864999,0.06384015,-0.45010155,0.025798112,-0.038547996,0.024745554,-0.9986172,nan,nan,nan,nan,nan,nan,0.0,0.0,0.0,0.0,0.0,0.0,nan,nan,nan,1,0,0,0
5716212298,5716212292,-0.17852777,0.063855276,-0.44588447,0.025670826,-0.039823495,0.024863316,-0.9985674,nan,nan,nan,nan,nan,nan,0.0,0.0,0.0,0.0,0.0,0.0,nan,nan,nan,1,0,0,0
5716220296,5716220291,-0.17834504,0.06403838,-0.4418748,0.027258214,-0.03437146,0.026760658,-0.9986789,nan,nan,nan,nan,nan,nan,0.0,0.0,0.0,0.0,0.0,0.0,nan,nan,nan,1,0,0,0
5716229828,5716229823,-0.17821093,0.063721515,-0.4371602,0.026898066,-0.03775751,0.023945402,-0.99863786,nan,nan,nan,nan,nan,nan,0.0,0.0,0.0,0.0,0.0,0.0,nan,nan,nan,1,0,0,0
5716236874,5716236866,-0.1781488,0.06347902,-0.43230948,0.025218273,-0.043060698,0.032697745,-0.99821883,nan,nan,nan,nan,nan,nan,0.0,0.0,0.0,0.0,0.0,0.0,nan,nan,nan,1,0,0,0
5716245304,5716245299,-0.17778388,0.06372098,-0.4277783,0.02773132,-0.039189007,0.024616336,-0.99854356,nan,nan,nan,nan,nan,nan,0.0,0.0,0.0,0.0,0.0,0.0,nan,nan,nan,1,0,0,0
5716254295,5716254289,-0.1772867,0.064062856,-0.42332113,0.029577881,-0.035093904,0.027431594,-0.9985695,nan,nan,nan,nan,nan,nan,0.0,0.0,0.0,0.0,0.0,0.0,nan,nan,nan,1,0,0,0
5716262430,5716262423,-0.1769352,0.06371308,-0.41802192,0.027950455,-0.039630476,0.024480013,-0.99852335,nan,nan,nan,nan,nan,nan,0.0,0.0,0.0,0.0,0.0,0.0,nan,nan,nan,1,0,0,0
5716271115,5716271109,-0.1767112,0.06362706,-0.4127866,0.024343338,-0.04892113,0.03200482,-0.9979929,nan,nan,nan,nan,nan,nan,0.0,0.0,0.0,0.0,0.0,0.0,nan,nan,nan,1,0,0,0
5716280398,5716280393,-0.17628805,0.063521534,-0.40768728,0.027572416,-0.03862433,0.024738073,-0.9985669,nan,nan,nan,nan,nan,nan,0.0,0.0,0.0,0.0,0.0,0.0,nan,nan,nan,1,0,0,0
5716287297,5716287292,-0.17591542,0.06316024,-0.40219793,0.024885213,-0.04767416,0.030916775,-0.9980742,nan,nan,nan,nan,nan,nan,0.0,0.0,0.0,0.0,0.0,0.0,nan,nan,nan,1,0,0,0
5716296294,5716296289,-0.17540453,0.063639775,-0.39708185,0.027176494,-0.041956276,0.026047844,-0.99841,nan,nan,nan,nan,nan,nan,0.0,0.0,0.0,0.0,0.0,0.0,nan,nan,nan,1,0,0,0
5716304051,5716304046,-0.17511225,0.063566506,-0.39191645,0.029923117,-0.035241153,0.027534604,-0.9985512,nan,nan,nan,nan,nan,nan,0.0,0.0,0.0,0.0,0.0,0.0,nan,nan,nan,1,0,0,0
5716312294,5716312288,-0.17475857,0.06335072,-0.38614443,0.028157478,-0.040438708,0.025534483,-0.99845874,nan,nan,nan,nan,nan,nan,0.0,0.0,0.0,0.0,0.0,0.0,nan,nan,nan,1,0,0,0
5716321295,5716321290,-0.17446017,0.06349817,-0.38053328,0.029131621,-0.039011605,0.025883952,-0.9984786,nan,nan,nan,nan,nan,nan,0.0,0.0,0.0,0.0,0.0,0.0,nan,nan,nan,1,0,0,0
5716329885,5716329879,-0.17418747,0.06321693,-0.3749669,0.029438343,-0.03682757,0.024541253,-0.9985865,nan,nan,nan,nan,nan,nan,0.0,0.0,0.0,0.0,0.0,0.0,nan,nan,nan,1,0,0,0
5716336732,5716336726,-0.1737487,0.06325167,-0.36943552,0.02973469,-0.037661377,0.023995781,-0.9985598,nan,nan,nan,nan,nan,nan,0.0,0.0,0.0,0.0,0.0,0.0,nan,nan,nan,1,0,0,0
5716347324,5716347286,-0.17345294,0.06336034,-0.36371928,0.028763162,-0.037664864,0.02432629,-0.9985801,nan,nan,nan,nan,nan,nan,0.0,0.0,0.0,0.0,0.0,0.0,nan,nan,nan,1,0,0,0
5716354414,5716354409,-0.1732364,0.06316935,-0.35803133,0.028401878,-0.03687564,0.02303783,-0.9986505,nan,nan,nan,nan,nan,nan,0.0,0.0,0.0,0.0,0.0,0.0,nan,nan,nan,1,0,0,0
5716363727,5716363722,-0.17269957,0.0635547,-0.35258707,0.030827755,-0.03410212,0.025105916,-0.9986272,nan,nan,nan,nan,nan,nan,0.0,0.0,0.0,0.0,0.0,0.0,nan,nan,nan,1,0,0,0
5716370236,5716370231,-0.1724512,0.06344054,-0.34658748,0.02666488,-0.036851484,0.022480411,-0.99871194,nan,nan,nan,nan,nan,nan,0.0,0.0,0.0,0.0,0.0,0.0,nan,nan,nan,1,0,0,0
5716379645,5716379640,-0.17218077,0.063244335,-0.3409217,0.027122837,-0.035732307,0.019779457,-0.9987974,nan,nan,nan,nan,nan,nan,0.0,0.0,0.0,0.0,0.0,0.0,nan,nan,nan,1,0,0,0
5716387307,5716387302,-0.17158964,0.064076215,-0.33551148,0.030376315,-0.032196794,0.024599005,-0.998717,nan,nan,nan,nan,nan,nan,0.0,0.0,0.0,0.0,0.0,0.0,nan,nan,nan,1,0,0,0
5716396294,5716396288,-0.17138427,0.063673414,-0.32920414,0.026548417,-0.036157962,0.021049801,-0.9987716,nan,nan,nan,nan,nan,nan,0.0,0.0,0.0,0.0,0.0,0.0,nan,nan,nan,1,0,0,0
5716403534,5716403528,-0.17119765,0.0634623,-0.32346943,0.027113074,-0.032363478,0.0187264,-0.9989329,nan,nan,nan,nan,nan,nan,0.0,0.0,0.0,0.0,0.0,0.0,nan,nan,nan,1,0,0,0
5716412299,5716412294,-0.17053244,0.0643179,-0.3180954,0.02917639,-0.029171912,0.024912065,-0.9988379,nan,nan,nan,nan,nan,nan,0.0,0.0,0.0,0.0,0.0,0.0,nan,nan,nan,1,0,0,0
5716421293,5716421287,-0.17041625,0.063759744,-0.31151623,0.02589745,-0.03463649,0.018973317,-0.99888426,nan,nan,nan,nan,nan,nan,0.0,0.0,0.0,0.0,0.0,0.0,nan,nan,nan,1,0,0,0
5716430373,5716430367,-0.17014441,0.06425792,-0.3061206,0.028224975,-0.026090104,0.023137463,-0.99899316,nan,nan,nan,nan,nan,nan,0.0,0.0,0.0,0.0,0.0,0.0,nan,nan,nan,1,0,0,0
5716437325,5716437318,-0.16983116,0.0639657,-0.29946527,0.02360894,-0.032762732,0.019953093,-0.998985,nan,nan,nan,nan,nan,nan,0.0,0.0,0.0,0.0,0.0,0.0,nan,nan,nan,1,0,0,0
5716446316,5716446311,-0.16964287,0.063865155,-0.2935196,0.022309847,-0.030862685,0.018277423,-0.9991074,nan,nan,nan,nan,nan,nan,0.0,0.0,0.0,0.0,0.0,0.0,nan,nan,nan,1,0,0,0
5716454337,5716454332,-0.16930372,0.0643445,-0.2879398,0.02449668,-0.025462946,0.02239403,-0.9991246,nan,nan,nan,nan,nan,nan,0.0,0.0,0.0,0.0,0.0,0.0,nan,nan,nan,1,0,0,0
5716463456,5716463451,-0.16912086,0.06385612,-0.2812071,0.01904716,-0.033144303,0.018516071,-0.9990975,nan,nan,nan,nan,nan,nan,0.0,0.0,0.0,0.0,0.0,0.0,nan,nan,nan,1,0,0,0
5716471387,5716471382,-0.16893142,0.06360699,-0.27518433,0.017481264,-0.031682592,0.017339274,-0.9991946,nan,nan,nan,nan,nan,nan,0.0,0.0,0.0,0.0,0.0,0.0,nan,nan,nan,1,0,0,0
5716479476,5716479470,-0.16847642,0.06432525,-0.26954335,0.018951483,-0.02866883,0.023528442,-0.9991322,nan,nan,nan,nan,nan,nan,0.0,0.0,0.0,0.0,0.0,0.0,nan,nan,nan,1,0,0,0
5716490298,5716490292,-0.16825405,0.06388018,-0.26267016,0.014848413,-0.035555143,0.018813876,-0.9990803,nan,nan,nan,nan,nan,nan,0.0,0.0,0.0,0.0,0.0,0.0,nan,nan,nan,1,0,0,0
5716495292,5716495287,-0.16828658,0.06329608,-0.25661913,0.01191813,-0.033659823,0.01678113,-0.9992214,nan,nan,nan,nan,nan,nan,0.0,0.0,0.0,0.0,0.0,0.0,nan,nan,nan,1,0,0,0
5716503622,5716503617,-0.16792485,0.06348321,-0.25045046,0.010023667,-0.03685398,0.018868744,-0.9990922,nan,nan,nan,nan,nan,nan,0.0,0.0,0.0,0.0,0.0,0.0,nan,nan,nan,1,0,0,0
5716512304,5716512299,-0.1675302,0.065343335,-0.24558595,0.008778822,-0.044360712,0.028923137,-0.9985582,nan,nan,nan,nan,nan,nan,0.0,0.0,0.0,0.0,0.0,0.0,nan,nan,nan,1,0,0,0
5716521294,5716521288,-0.16781327,0.06407698,-0.2387456,0.006591601,-0.04672642,0.016004587,-0.9987577,nan,nan,nan,nan,nan,nan,0.0,0.0,0.0,0.0,0.0,0.0,nan,nan,nan,1,0,0,0
5716530297,5716530291,-0.16787866,0.063869074,-0.23236884,0.011575144,-0.033849493,0.025880948,-0.99902475,nan,nan,nan,nan,nan,nan,0.0,0.0,0.0,0.0,0.0,0.0,nan,nan,nan,1,0,0,0
5716539359,5716537764,-0.16801503,0.06358218,-0.2260935,0.010352972,-0.033045,0.0255744,-0.99907297,nan,nan,nan,nan,nan,nan,0.0,0.0,0.0,0.0,0.0,0.0,nan,nan,nan,1,0,0,0
5716546296,5716546290,-0.1680429,0.06497556,-0.22068383,0.007626619,-0.043301877,0.030469066,-0.9985681,nan,nan,nan,nan,nan,nan,0.0,0.0,0.0,0.0,0.0,0.0,nan,nan,nan,1,0,0,0
5716554368,5716554362,-0.16844748,0.06470815,-0.21444027,0.0076335864,-0.03977093,0.02985423,-0.9987336,nan,nan,nan,nan,nan,nan,0.0,0.0,0.0,0.0,0.0,0.0,nan,nan,nan,1,0,0,0
5716562288,5716562283,-0.16871953,0.0645857,-0.2082869,0.008221532,-0.03809693,0.028808441,-0.9988249,nan,nan,nan,nan,nan,nan,0.0,0.0,0.0,0.0,0.0,0.0,nan,nan,nan,1,0,0,0
5716569518,5716569513,-0.16899785,0.06465192,-0.20194505,0.008473774,-0.03980791,0.029045356,-0.99874914,nan,nan,nan,nan,nan,nan,0.0,0.0,0.0,0.0,0.0,0.0,nan,nan,nan,1,0,0,0
5716579613,5716579608,-0.16945286,0.0635834,-0.19509566,0.007046348,-0.042568773,0.015719883,-0.998945,nan,nan,nan,nan,nan,nan,0.0,0.0,0.0,0.0,0.0,0.0,nan,nan,nan,1,0,0,0
5716589356,5716589351,-0.16934475,0.06453715,-0.18970834,0.008183427,-0.03991096,0.028596524,-0.99876046,nan,nan,nan,nan,nan,nan,0.0,0.0,0.0,0.0,0.0,0.0,nan,nan,nan,1,0,0,0
5716595365,5716595360,-0.16949059,0.06452222,-0.18361212,0.006903906,-0.040721346,0.028721485,-0.9987339,nan,nan,nan,nan,nan,nan,0.0,0.0,0.0,0.0,0.0,0.0,nan,nan,nan,1,0,0,0
5716604145,5716604139,-0.16979198,0.06356547,-0.17688936,0.004113272,-0.04450963,0.017106054,-0.9988539,nan,nan,nan,nan,nan,nan,0.0,0.0,0.0,0.0,0.0,0.0,nan,nan,nan,1,0,0,0
5716612299,5716612294,-0.16998428,0.06349254,-0.17082067,0.0026439773,-0.045301273,0.01801336,-0.99880743,nan,nan,nan,nan,nan,nan,0.0,0.0,0.0,0.0,0.0,0.0,nan,nan,nan,1,0,0,0
5716621299,5716621293,-0.16997007,0.06421518,-0.16552146,0.00292354,-0.040382355,0.02774014,-0.9987949,nan,nan,nan,nan,nan,nan,0.0,0.0,0.0,0.0,0.0,0.0,nan,nan,nan,1,0,0,0
5716629296,5716629290,-0.170172,0.06432394,-0.1596185,0.0019317039,-0.040165886,0.029160673,-0.9987655,nan,nan,nan,nan,nan,nan,0.0,0.0,0.0,0.0,0.0,0.0,nan,nan,nan,1,0,0,0
5716639106,5716639100,-0.17034549,0.06367428,-0.1532359,-0.00081495417,-0.04523985,0.020963991,-0.9987558,nan,nan,nan,nan,nan,nan,0.0,0.0,0.0,0.0,0.0,0.0,nan,nan,nan,1,0,0,0
5716646291,5716646286,-0.17072164,0.06336386,-0.1474466,0.0016577048,0.04355347,-0.018360399,0.998881,nan,nan,nan,nan,nan,nan,0.0,0.0,0.0,0.0,0.0,0.0,nan,nan,nan,1,0,0,0
5716655291,5716655285,-0.17081334,0.06352254,-0.1415429,0.0017327177,0.044270955,-0.020374615,0.99881023,nan,nan,nan,nan,nan,nan,0.0,0.0,0.0,0.0,0.0,0.0,nan,nan,nan,1,0,0,0
5716662348,5716662343,-0.17098278,0.06444968,-0.13610739,-0.0006856134,-0.04124575,0.028459243,-0.9987434,nan,nan,nan,nan,nan,nan,0.0,0.0,0.0,0.0,0.0,0.0,nan,nan,nan,1,0,0,0
5716670512,5716670506,-0.1713131,0.06397365,-0.1303554,0.0014827837,0.038571004,-0.027729634,0.99886996,nan,nan,nan,nan,nan,nan,0.0,0.0,0.0,0.0,0.0,0.0,nan,nan,nan,1,0,0,0
5716679217,5716679211,-0.17150314,0.06412879,-0.12432864,4.0668052e-05,-0.039986562,0.032195006,-0.9986814,nan,nan,nan,nan,nan,nan,0.0,0.0,0.0,0.0,0.0,0.0,nan,nan,nan,1,0,0,0
5716689296,5716689290,-0.17184891,0.0638149,-0.11858079,-0.000853579,-0.037314918,0.029070055,-0.99888027,nan,nan,nan,nan,nan,nan,0.0,0.0,0.0,0.0,0.0,0.0,nan,nan,nan,1,0,0,0
5716695300,5716695294,-0.17195976,0.06291663,-0.11237374,0.0024337554,0.041602343,-0.020662714,0.9989176,nan,nan,nan,nan,nan,nan,0.0,0.0,0.0,0.0,0.0,0.0,nan,nan,nan,1,0,0,0
5716704115,5716704110,-0.17182851,0.06413537,-0.10694358,0.00157679,0.04119699,-0.031447023,0.9986548,nan,nan,nan,nan,nan,nan,0.0,0.0,0.0,0.0,0.0,0.0,nan,nan,nan,1,0,0,0
5716712301,5716712296,-0.17212203,0.06354747,-0.10133732,0.0026609898,0.03859636,-0.027517537,0.99887246,nan,nan,nan,nan,nan,nan,0.0,0.0,0.0,0.0,0.0,0.0,nan,nan,nan,1,0,0,0
5716721430,5716721424,-0.17198585,0.063499466,-0.09569145,0.0033731426,0.040648572,-0.028313367,0.9987666,nan,nan,nan,nan,nan,nan,0.0,0.0,0.0,0.0,0.0,0.0,nan,nan,nan,1,0,0,0
5716729934,5716729929,-0.17207913,0.06378526,-0.08978156,0.0046229507,0.041979324,-0.031129131,0.99862266,nan,nan,nan,nan,nan,nan,0.0,0.0,0.0,0.0,0.0,0.0,nan,nan,nan,1,0,0,0
5716739017,5716739012,-0.17238797,0.06327283,-0.08429401,0.0049696607,0.03878422,-0.028287344,0.99883485,nan,nan,nan,nan,nan,nan,0.0,0.0,0.0,0.0,0.0,0.0,nan,nan,nan,1,0,0,0
5716746442,5716746436,-0.1722749,0.0630735,-0.0787856,0.0067620366,0.040822472,-0.029106306,0.99871945,nan,nan,nan,nan,nan,nan,0.0,0.0,0.0,0.0,0.0,0.0,nan,nan,nan,1,0,0,0
5716754295,5716754290,-0.17215355,0.06317483,-0.073149726,0.0078826165,0.044884216,-0.030364977,0.9984995,nan,nan,nan,nan,nan,nan,0.0,0.0,0.0,0.0,0.0,0.0,nan,nan,nan,1,0,0,0
5716762444,5716762384,-0.17228179,0.06281039,-0.06768998,0.0087781735,0.04315506,-0.029281601,0.99860066,nan,nan,nan,nan,nan,nan,0.0,0.0,0.0,0.0,0.0,0.0,nan,nan,nan,1,0,0,0
5716770365,5716770360,-0.17256126,0.063194074,-0.0618922,0.008319014,0.04423785,-0.03200877,0.99847347,nan,nan,nan,nan,nan,nan,0.0,0.0,0.0,0.0,0.0,0.0,nan,nan,nan,1,0,0,0
5716778603,5716778598,-0.17275064,0.06289367,-0.05651927,0.008891368,0.042481355,-0.0282662,0.99865776,nan,nan,nan,nan,nan,nan,0.0,0.0,0.0,0.0,0.0,0.0,nan,nan,nan,1,0,0,0
5716787347,5716787341,-0.17261347,0.062912,-0.051143937,0.009614178,0.044332962,-0.027785571,0.99858403,nan,nan,nan,nan,nan,nan,0.0,0.0,0.0,0.0,0.0,0.0,nan,nan,nan,1,0,0,0
5716799795,5716799740,-0.17234021,0.06296931,-0.04577421,0.010521647,0.047540206,-0.028204912,0.9984156,nan,nan,nan,nan,nan,nan,0.0,0.0,0.0,0.0,0.0,0.0,nan,nan,nan,1,0,0,0
5716803234,5716803229,-0.17236656,0.06293979,-0.040557586,0.011678014,0.046750963,-0.031427782,0.99834377,nan,nan,nan,nan,nan,nan,0.0,0.0,0.0,0.0,0.0,0.0,nan,nan,nan,1,0,0,0
5716812326,5716812320,-0.1724485,0.06282449,-0.03535523,0.01210388,0.04702761,-0.032924682,0.99827737,nan,nan,nan,nan,nan,nan,0.0,0.0,0.0,0.0,0.0,0.0,nan,nan,nan,1,0,0,0
5716820297,5716820292,-0.17242439,0.0627211,-0.03021194,0.0134151485,0.04610339,-0.034332313,0.9982564,nan,nan,nan,nan,nan,nan,0.0,0.0,0.0,0.0,0.0,0.0,nan,nan,nan,1,0,0,0
5716829294,5716829288,-0.1723443,0.06266244,-0.025187962,0.013051733,0.047213603,-0.03293553,0.9982564,nan,nan,nan,nan,nan,nan,0.0,0.0,0.0,0.0,0.0,0.0,nan,nan,nan,1,0,0,0
5716837385,5716837379,-0.17247091,0.062362395,-0.020256028,0.0142572,0.043713424,-0.03014565,0.9984874,nan,nan,nan,nan,nan,nan,0.0,0.0,0.0,0.0,0.0,0.0,nan,nan,nan,1,0,0,0
5716846510,5716846505,-0.17255315,0.0623341,-0.015300274,0.013900527,0.04426039,-0.028573787,0.9985146,nan,nan,nan,nan,nan,nan,0.0,0.0,0.0,0.0,0.0,0.0,nan,nan,nan,1,0,0,0
5716854296,5716854291,-0.17252287,0.062462606,-0.010311813,0.013628891,0.047006153,-0.029668713,0.9983609,nan,nan,nan,nan,nan,nan,0.0,0.0,0.0,0.0,0.0,0.0,nan,nan,nan,1,0,0,0
5716863292,5716863287,-0.17243376,0.062268823,-0.005688726,0.014646507,0.046122197,-0.028640823,0.9984177,nan,nan,nan,nan,nan,nan,0.0,0.0,0.0,0.0,0.0,0.0,nan,nan,nan,1,0,0,0
5716870315,5716870287,-0.17251505,0.062061504,-0.0011344012,0.015498052,0.04421164,-0.031196365,0.9984147,nan,nan,nan,nan,nan,nan,0.0,0.0,0.0,0.0,0.0,0.0,nan,nan,nan,1,0,0,0
5716879296,5716879290,-0.17254436,0.061862282,0.0036672596,0.01524985,0.043033864,-0.033497833,0.9983955,nan,nan,nan,nan,nan,nan,0.0,0.0,0.0,0.0,0.0,0.0,nan,nan,nan,1,0,0,0
5716887295,5716887290,-0.1726408,0.06171857,0.008075632,0.015636824,0.041979566,-0.033108372,0.9984473,nan,nan,nan,nan,nan,nan,0.0,0.0,0.0,0.0,0.0,0.0,nan,nan,nan,1,0,0,0
5716901291,5716901286,-0.17279783,0.061942697,0.012301034,0.016719656,0.043120775,-0.032642487,0.9983964,nan,nan,nan,nan,nan,nan,0.0,0.0,0.0,0.0,0.0,0.0,nan,nan,nan,1,0,0,0
5716916327,5716916294,-0.17288572,0.06161639,0.020682136,0.016723726,0.04260184,-0.032307647,0.9984296,nan,nan,nan,nan,nan,nan,0.0,0.0,0.0,0.0,0.0,0.0,nan,nan,nan,1,0,0,0
5716922946,5716922941,-0.17298283,0.06134506,0.024773046,0.018363664,0.045854677,-0.030286629,0.9983201,nan,nan,nan,nan,nan,nan,0.0,0.0,0.0,0.0,0.0,0.0,nan,nan,nan,1,0,0,0
5716930296,5716930291,-0.1731481,0.06075505,0.028872129,0.019639377,0.04716398,-0.02471809,0.9983882,nan,nan,nan,nan,nan,nan,0.0,0.0,0.0,0.0,0.0,0.0,nan,nan,nan,1,0,0,0
5716938648,5716938643,-0.17323832,0.060790837,0.032338776,0.020888977,0.045950342,-0.026747543,0.998367,nan,nan,nan,nan,nan,nan,0.0,0.0,0.0,0.0,0.0,0.0,nan,nan,nan,1,0,0,0
5716946298,5716946293,-0.17334609,0.06111956,0.035289496,0.020516047,0.045418072,-0.030739404,0.99828416,nan,nan,nan,nan,nan,nan,0.0,0.0,0.0,0.0,0.0,0.0,nan,nan,nan,1,0,0,0
5716954297,5716954291,-0.17351277,0.06114842,0.0383243,0.020142086,0.044826504,-0.031148288,0.9983059,nan,nan,nan,nan,nan,nan,0.0,0.0,0.0,0.0,0.0,0.0,nan,nan,nan,1,0,0,0
5716963291,5716963286,-0.17368376,0.061060652,0.041224305,0.020032955,0.044393674,-0.032125946,0.99829644,nan,nan,nan,nan,nan,nan,0.0,0.0,0.0,0.0,0.0,0.0,nan,nan,nan,1,0,0,0
5716970834,5716970829,-0.17373794,0.061016176,0.043920755,0.020244632,0.044775683,-0.031265855,0.99830246,nan,nan,nan,nan,nan,nan,0.0,0.0,0.0,0.0,0.0,0.0,nan,nan,nan,1,0,0,0
5716979302,5716979297,-0.1737654,0.060968425,0.046156965,0.02050072,0.044742245,-0.031185787,0.9983012,nan,nan,nan,nan,nan,nan,0.0,0.0,0.0,0.0,0.0,0.0,nan,nan,nan,1,0,0,0
5716988879,5716988874,-0.17392671,0.060634226,0.04867015,0.021744022,0.044957053,-0.02727401,0.99837977,nan,nan,nan,nan,nan,nan,0.0,0.0,0.0,0.0,0.0,0.0,nan,nan,nan,1,0,0,0
5716996289,5716996283,-0.17395884,0.060617656,0.050323736,0.022145422,0.044445578,-0.026350193,0.9984186,nan,nan,nan,nan,nan,nan,0.0,0.0,0.0,0.0,0.0,0.0,nan,nan,nan,1,0,0,0
5717004304,5717004298,-0.17404386,0.061123066,0.05122355,0.022232885,0.047166783,-0.028648265,0.99822855,nan,nan,nan,nan,nan,nan,0.0,0.0,0.0,0.0,0.0,0.0,nan,nan,nan,1,0,0,0
5717012827,5717012819,-0.17418319,0.061156556,0.052463308,0.02225379,0.046615936,-0.030069068,0.9982122,nan,nan,nan,nan,nan,nan,0.0,0.0,0.0,0.0,0.0,0.0,nan,nan,nan,1,0,0,0
5717021299,5717021293,-0.1742738,0.060827803,0.05367311,0.023380375,0.04518768,-0.025829434,0.9983708,nan,nan,nan,nan,nan,nan,0.0,0.0,0.0,0.0,0.0,0.0,nan,nan,nan,1,0,0,0
5717041176,5717041171,-0.17422634,0.060815725,0.05448028,0.023313291,0.045274463,-0.024598304,0.9983995,nan,nan,nan,nan,nan,nan,0.0,0.0,0.0,0.0,0.0,0.0,nan,nan,nan,1,0,0,0
5717048301,5717048296,-0.17421259,0.060832687,0.05449803,0.023428677,0.045234542,-0.024598904,0.99839866,nan,nan,nan,nan,nan,nan,0.0,0.0,0.0,0.0,0.0,0.0,nan,nan,nan,1,0,0,0
5717054296,5717054291,-0.17419711,0.060836732,0.054299176,0.023579177,0.045556225,-0.024537213,0.998382,nan,nan,nan,nan,nan,nan,0.0,0.0,0.0,0.0,0.0,0.0,nan,nan,nan,1,0,0,0
5717063299,5717063293,-0.17414415,0.06081434,0.053922318,0.023677703,0.04583355,-0.02488537,0.9983583,nan,nan,nan,nan,nan,nan,0.0,0.0,0.0,0.0,0.0,0.0,nan,nan,nan,1,0,0,0
5717070799,5717070793,-0.17409,0.060794346,0.05337109,0.023207482,0.046490937,-0.025490364,0.99832374,nan,nan,nan,nan,nan,nan,0.0,0.0,0.0,0.0,0.0,0.0,nan,nan,nan,1,0,0,0
5717079295,5717079289,-0.1740002,0.061074026,0.05219861,0.021822002,0.046561994,-0.029414328,0.99824375,nan,nan,nan,nan,nan,nan,0.0,0.0,0.0,0.0,0.0,0.0,nan,nan,nan,1,0,0,0
5717088803,5717088798,-0.1738819,0.061038617,0.051119562,0.021876523,0.04679828,-0.02855526,0.9982564,nan,nan,nan,nan,nan,nan,0.0,0.0,0.0,0.0,0.0,0.0,nan,nan,nan,1,0,0,0
5717095292,5717095286,-0.17384388,0.061018497,0.05047705,0.021743702,0.049163204,-0.025505256,0.99822825,nan,nan,nan,nan,nan,nan,0.0,0.0,0.0,0.0,0.0,0.0,nan,nan,nan,1,0,0,0
5717103606,5717103599,-0.17377405,0.06093513,0.04912154,0.021571523,0.049347382,-0.026614606,0.9981939,nan,nan,nan,nan,nan,nan,0.0,0.0,0.0,0.0,0.0,0.0,nan,nan,nan,1,0,0,0
5717112752,5717112747,-0.1735759,0.061164636,0.04705921,0.021147333,0.049692206,-0.029536264,0.99810374,nan,nan,nan,nan,nan,nan,0.0,0.0,0.0,0.0,0.0,0.0,nan,nan,nan,1,0,0,0
5717121287,5717121281,-0.1735118,0.06089451,0.045533363,0.021816997,0.049531993,-0.027917054,0.9981439,nan,nan,nan,nan,nan,nan,0.0,0.0,0.0,0.0,0.0,0.0,nan,nan,nan,1,0,0,0
5717130296,5717130291,-0.17336157,0.06112014,0.043144047,0.021720923,0.0503037,-0.031532537,0.99799967,nan,nan,nan,nan,nan,nan,0.0,0.0,0.0,0.0,0.0,0.0,nan,nan,nan,1,0,0,0
5717138709,5717138704,-0.17328979,0.06108643,0.04087499,0.022249924,0.04960639,-0.03184483,0.9980131,nan,nan,nan,nan,nan,nan,0.0,0.0,0.0,0.0,0.0,0.0,nan,nan,nan,1,0,0,0
5717145300,5717145295,-0.1731576,0.061077047,0.038364384,0.022513697,0.049645804,-0.03300429,0.99796754,nan,nan,nan,nan,nan,nan,0.0,0.0,0.0,0.0,0.0,0.0,nan,nan,nan,1,0,0,0
5717154295,5717154290,-0.17302124,0.06106547,0.035749316,0.023617888,0.04970935,-0.033551607,0.9979206,nan,nan,nan,nan,nan,nan,0.0,0.0,0.0,0.0,0.0,0.0,nan,nan,nan,1,0,0,0
5717162860,5717162854,-0.17288342,0.06111861,0.032796048,0.024040855,0.049691647,-0.034243535,0.9978878,nan,nan,nan,nan,nan,nan,0.0,0.0,0.0,0.0,0.0,0.0,nan,nan,nan,1,0,0,0
5717170663,5717170658,-0.17274556,0.061103974,0.029791022,0.024328941,0.050780747,-0.034838457,0.9978054,nan,nan,nan,nan,nan,nan,0.0,0.0,0.0,0.0,0.0,0.0,nan,nan,nan,1,0,0,0
5717179332,5717179326,-0.17257325,0.06113451,0.026499555,0.02531333,0.050714258,-0.03594281,0.9977452,nan,nan,nan,nan,nan,nan,0.0,0.0,0.0,0.0,0.0,0.0,nan,nan,nan,1,0,0,0
5717188639,5717188634,-0.17239723,0.060837865,0.023370512,0.026173828,0.05047698,-0.033068296,0.9978344,nan,nan,nan,nan,nan,nan,0.0,0.0,0.0,0.0,0.0,0.0,nan,nan,nan,1,0,0,0
5717196294,5717196288,-0.17219518,0.061151095,0.019380063,0.026329959,0.05015507,-0.036284678,0.9977348,nan,nan,nan,nan,nan,nan,0.0,0.0,0.0,0.0,0.0,0.0,nan,nan,nan,1,0,0,0
5717243969,5717243964,-0.17206798,0.06092205,0.015923716,0.02690437,0.050716605,-0.03322346,0.99779767,nan,nan,nan,nan,nan,nan,0.0,0.0,0.0,0.0,0.0,0.0,nan,nan,nan,1,0,0,0
5717249749,5717249743,-0.17189246,0.061007958,0.011971148,0.027668763,0.050717488,-0.033517234,0.9977669,nan,nan,nan,nan,nan,nan,0.0,0.0,0.0,0.0,0.0,0.0,nan,nan,nan,1,0,0,0
5717253294,5717253288,-0.1716467,0.061085615,0.007276495,0.028081771,0.046551406,-0.036800075,0.9978427,nan,nan,nan,nan,nan,nan,0.0,0.0,0.0,0.0,0.0,0.0,nan,nan,nan,1,0,0,0
5717260153,5717260148,-0.17131606,0.060647003,-0.0010806187,0.028664917,0.047185376,-0.031416323,0.99798036,nan,nan,nan,nan,nan,nan,0.0,0.0,0.0,0.0,0.0,0.0,nan,nan,nan,1,0,0,0
5717268298,5717268293,-0.17077327,0.060822938,-0.010309369,0.029998379,0.047540154,-0.03345608,0.99785805,nan,nan,nan,nan,nan,nan,0.0,0.0,0.0,0.0,0.0,0.0,nan,nan,nan,1,0,0,0
5717276305,5717276300,-0.17022677,0.06079918,-0.020016901,0.031744335,0.0477518,-0.034319084,0.99776465,nan,nan,nan,nan,nan,nan,0.0,0.0,0.0,0.0,0.0,0.0,nan,nan,nan,1,0,0,0
5717280297,5717280291,-0.17004777,0.06073486,-0.02505146,0.031080307,0.048065826,-0.033110157,0.9978114,nan,nan,nan,nan,nan,nan,0.0,0.0,0.0,0.0,0.0,0.0,nan,nan,nan,1,0,0,0
5717288061,5717288056,-0.16967769,0.06090825,-0.030310253,0.03218944,0.047357515,-0.034732647,0.9977549,nan,nan,nan,nan,nan,nan,0.0,0.0,0.0,0.0,0.0,0.0,nan,nan,nan,1,0,0,0
5717303980,5717303975,-0.1691291,0.060950074,-0.041152615,0.032393485,0.047806606,-0.034299742,0.99774176,nan,nan,nan,nan,nan,nan,0.0,0.0,0.0,0.0,0.0,0.0,nan,nan,nan,1,0,0,0
5717313315,5717313309,-0.1687824,0.061071437,-0.046737514,0.032804847,0.0482412,-0.033422947,0.99773717,nan,nan,nan,nan,nan,nan,0.0,0.0,0.0,0.0,0.0,0.0,nan,nan,nan,1,0,0,0
5717321293,5717321288,-0.16835156,0.061072983,-0.05250134,0.033436067,0.049004633,-0.031293098,0.99774814,nan,nan,nan,nan,nan,nan,0.0,0.0,0.0,0.0,0.0,0.0,nan,nan,nan,1,0,0,0
5717329523,5717329517,-0.16814235,0.06119076,-0.05828576,0.033732224,0.048053633,-0.031414732,0.99778056,nan,nan,nan,nan,nan,nan,0.0,0.0,0.0,0.0,0.0,0.0,nan,nan,nan,1,0,0,0
5717338211,5717338206,-0.16798906,0.06104734,-0.064158976,0.03262897,0.048063304,-0.030793568,0.9978362,nan,nan,nan,nan,nan,nan,0.0,0.0,0.0,0.0,0.0,0.0,nan,nan,nan,1,0,0,0
5717346299,5717346293,-0.16768162,0.061171763,-0.07019834,0.03264312,0.04730275,-0.030522656,0.99788034,nan,nan,nan,nan,nan,nan,0.0,0.0,0.0,0.0,0.0,0.0,nan,nan,nan,1,0,0,0
5717354458,5717354451,-0.1674138,0.06127129,-0.07615105,0.032081008,0.04741742,-0.030653695,0.99788916,nan,nan,nan,nan,nan,nan,0.0,0.0,0.0,0.0,0.0,0.0,nan,nan,nan,1,0,0,0
5717362361,5717362356,-0.16706485,0.06206682,-0.0827579,0.029567733,0.042546254,-0.0391743,0.9978883,nan,nan,nan,nan,nan,nan,0.0,0.0,0.0,0.0,0.0,0.0,nan,nan,nan,1,0,0,0
5717370371,5717370366,-0.16673379,0.061923213,-0.08890846,0.028880853,0.042399853,-0.037792,0.9979679,nan,nan,nan,nan,nan,nan,0.0,0.0,0.0,0.0,0.0,0.0,nan,nan,nan,1,0,0,0
5717380316,5717380282,-0.16641985,0.062343005,-0.09475448,0.026828025,0.044369068,-0.03723426,0.99796057,nan,nan,nan,nan,nan,nan,0.0,0.0,0.0,0.0,0.0,0.0,nan,nan,nan,1,0,0,0
5717388154,5717388147,-0.16603823,0.06227308,-0.10089363,0.025446733,0.044492904,-0.03913,0.9979187,nan,nan,nan,nan,nan,nan,0.0,0.0,0.0,0.0,0.0,0.0,nan,nan,nan,1,0,0,0
5717396316,5717396310,-0.16563983,0.06226223,-0.10700219,0.02436775,0.044679858,-0.03998294,0.9979034,nan,nan,nan,nan,nan,nan,0.0,0.0,0.0,0.0,0.0,0.0,nan,nan,nan,1,0,0,0
5717403194,5717403189,-0.16538577,0.062419426,-0.11321757,0.022264745,0.044373367,-0.0409659,0.9979264,nan,nan,nan,nan,nan,nan,0.0,0.0,0.0,0.0,0.0,0.0,nan,nan,nan,1,0,0,0
5717412350,5717412344,-0.16506125,0.062385134,-0.11940179,0.020790515,0.04412062,-0.042049687,0.9979242,nan,nan,nan,nan,nan,nan,0.0,0.0,0.0,0.0,0.0,0.0,nan,nan,nan,1,0,0,0
5717421296,5717421291,-0.16478015,0.061692167,-0.12517348,0.019848108,0.04943209,-0.033708874,0.9980111,nan,nan,nan,nan,nan,nan,0.0,0.0,0.0,0.0,0.0,0.0,nan,nan,nan,1,0,0,0
5717429319,5717429313,-0.16441365,0.06252737,-0.13208823,0.016834438,0.043698676,-0.043359376,0.9979614,nan,nan,nan,nan,nan,nan,0.0,0.0,0.0,0.0,0.0,0.0,nan,nan,nan,1,0,0,0
5717438786,5717438781,-0.16415074,0.06269944,-0.13847736,0.014961681,0.044320762,-0.043783717,0.9979453,nan,nan,nan,nan,nan,nan,0.0,0.0,0.0,0.0,0.0,0.0,nan,nan,nan,1,0,0,0
5717446301,5717446295,-0.16382568,0.0627461,-0.14498961,0.012679052,0.044270337,-0.04366749,0.99798423,nan,nan,nan,nan,nan,nan,0.0,0.0,0.0,0.0,0.0,0.0,nan,nan,nan,1,0,0,0
5717453295,5717453289,-0.16357495,0.062805094,-0.15155272,0.010617966,0.045102756,-0.04263772,0.9980156,nan,nan,nan,nan,nan,nan,0.0,0.0,0.0,0.0,0.0,0.0,nan,nan,nan,1,0,0,0
5717462577,5717462572,-0.16321954,0.062742114,-0.15827817,0.00935734,0.045714736,-0.040809978,0.99807674,nan,nan,nan,nan,nan,nan,0.0,0.0,0.0,0.0,0.0,0.0,nan,nan,nan,1,0,0,0
5717471077,5717471071,-0.16295817,0.06289032,-0.1647557,0.0073715732,0.048064973,-0.04063243,0.99799025,nan,nan,nan,nan,nan,nan,0.0,0.0,0.0,0.0,0.0,0.0,nan,nan,nan,1,0,0,0
5717479300,5717479294,-0.16248827,0.06272413,-0.17183931,0.008054783,0.044837885,-0.039119266,0.9981956,nan,nan,nan,nan,nan,nan,0.0,0.0,0.0,0.0,0.0,0.0,nan,nan,nan,1,0,0,0
5717488239,5717488233,-0.16238783,0.062732466,-0.17853157,0.006434955,0.044173654,-0.040030908,0.9982008,nan,nan,nan,nan,nan,nan,0.0,0.0,0.0,0.0,0.0,0.0,nan,nan,nan,1,0,0,0
5717496362,5717496336,-0.16236116,0.062688924,-0.18499558,0.005576769,0.04288436,-0.040015187,0.9982628,nan,nan,nan,nan,nan,nan,0.0,0.0,0.0,0.0,0.0,0.0,nan,nan,nan,1,0,0,0
5717503973,5717503968,-0.16205141,0.062929,-0.19180231,0.0028396393,0.043465704,-0.039538454,0.9982682,nan,nan,nan,nan,nan,nan,0.0,0.0,0.0,0.0,0.0,0.0,nan,nan,nan,1,0,0,0
5717512304,5717512298,-0.16195011,0.06294085,-0.19836806,-0.0012810657,-0.04343494,0.03921431,-0.9982855,nan,nan,nan,nan,nan,nan,0.0,0.0,0.0,0.0,0.0,0.0,nan,nan,nan,1,0,0,0
5717521294,5717521289,-0.16203883,0.06298851,-0.2047639,0.0012459442,-0.042308282,0.04083218,-0.9982691,nan,nan,nan,nan,nan,nan,0.0,0.0,0.0,0.0,0.0,0.0,nan,nan,nan,1,0,0,0
5717529287,5717529282,-0.16201061,0.06303855,-0.21134485,0.0032851931,-0.04345823,0.041147124,-0.9982021,nan,nan,nan,nan,nan,nan,0.0,0.0,0.0,0.0,0.0,0.0,nan,nan,nan,1,0,0,0
5717538159,5717538153,-0.16229595,0.062240962,-0.2171168,0.0027795343,-0.047721617,0.029901998,-0.99840915,nan,nan,nan,nan,nan,nan,0.0,0.0,0.0,0.0,0.0,0.0,nan,nan,nan,1,0,0,0
5717545512,5717545507,-0.16211604,0.063259155,-0.2245211,0.007181195,-0.0432034,0.04088408,-0.9982036,nan,nan,nan,nan,nan,nan,0.0,0.0,0.0,0.0,0.0,0.0,nan,nan,nan,1,0,0,0
5717554295,5717554289,-0.16217075,0.06326739,-0.23113519,0.008427221,-0.04237579,0.039608855,-0.99828076,nan,nan,nan,nan,nan,nan,0.0,0.0,0.0,0.0,0.0,0.0,nan,nan,nan,1,0,0,0
5717562318,5717562312,-0.16247654,0.062450703,-0.23692791,0.0076029915,-0.045788538,0.028854087,-0.99850535,nan,nan,nan,nan,nan,nan,0.0,0.0,0.0,0.0,0.0,0.0,nan,nan,nan,1,0,0,0
5717570977,5717570972,-0.16255715,0.06253808,-0.24353164,0.008435282,-0.045676902,0.028270496,-0.99852055,nan,nan,nan,nan,nan,nan,0.0,0.0,0.0,0.0,0.0,0.0,nan,nan,nan,1,0,0,0
5717579296,5717579291,-0.16257694,0.06265114,-0.25006092,0.01029484,-0.046667106,0.028264413,-0.9984575,nan,nan,nan,nan,nan,nan,0.0,0.0,0.0,0.0,0.0,0.0,nan,nan,nan,1,0,0,0
5717588326,5717588320,-0.16240005,0.06362391,-0.25740692,0.012777783,-0.043852717,0.039261684,-0.99818444,nan,nan,nan,nan,nan,nan,0.0,0.0,0.0,0.0,0.0,0.0,nan,nan,nan,1,0,0,0
5717596316,5717596310,-0.16271657,0.06271414,-0.26293364,0.012244325,-0.0473581,0.02804588,-0.9984091,nan,nan,nan,nan,nan,nan,0.0,0.0,0.0,0.0,0.0,0.0,nan,nan,nan,1,0,0,0
5717604327,5717604321,-0.16252331,0.063657954,-0.2701081,0.014564566,-0.045337718,0.0388815,-0.99810857,nan,nan,nan,nan,nan,nan,0.0,0.0,0.0,0.0,0.0,0.0,nan,nan,nan,1,0,0,0
5717612291,5717612286,-0.16263519,0.063753724,-0.2764482,0.015656529,-0.04446732,0.03956502,-0.9981043,nan,nan,nan,nan,nan,nan,0.0,0.0,0.0,0.0,0.0,0.0,nan,nan,nan,1,0,0,0
5717621306,5717621300,-0.16281138,0.06382375,-0.28267965,0.0174497,-0.044254772,0.039903875,-0.9980705,nan,nan,nan,nan,nan,nan,0.0,0.0,0.0,0.0,0.0,0.0,nan,nan,nan,1,0,0,0
5717628299,5717628293,-0.16317977,0.062095106,-0.2873904,0.01947324,-0.04003971,0.029754722,-0.99856514,nan,nan,nan,nan,nan,nan,0.0,0.0,0.0,0.0,0.0,0.0,nan,nan,nan,1,0,0,0
5717638060,5717638055,-0.16308081,0.06266388,-0.29421383,0.024854345,-0.03537476,0.036746357,-0.99838895,nan,nan,nan,nan,nan,nan,0.0,0.0,0.0,0.0,0.0,0.0,nan,nan,nan,1,0,0,0
5717645311,5717645306,-0.16372105,0.062096756,-0.2997309,0.022130584,-0.03806926,0.029856676,-0.99858373,nan,nan,nan,nan,nan,nan,0.0,0.0,0.0,0.0,0.0,0.0,nan,nan,nan,1,0,0,0
5717654295,5717654290,-0.1639673,0.062229764,-0.3057929,0.02296406,-0.039178513,0.029916476,-0.99852026,nan,nan,nan,nan,nan,nan,0.0,0.0,0.0,0.0,0.0,0.0,nan,nan,nan,1,0,0,0
5717662293,5717662287,-0.16416171,0.06233235,-0.31200475,0.023424087,-0.039347,0.030442173,-0.99848706,nan,nan,nan,nan,nan,nan,0.0,0.0,0.0,0.0,0.0,0.0,nan,nan,nan,1,0,0,0
5717670750,5717670744,-0.16455893,0.062465075,-0.31798154,0.024596686,-0.038938407,0.029877052,-0.9984919,nan,nan,nan,nan,nan,nan,0.0,0.0,0.0,0.0,0.0,0.0,nan,nan,nan,1,0,0,0
5717680300,5717680295,-0.16479498,0.062451024,-0.32389945,0.025384156,-0.03930541,0.03021044,-0.9984478,nan,nan,nan,nan,nan,nan,0.0,0.0,0.0,0.0,0.0,0.0,nan,nan,nan,1,0,0,0
5717688195,5717688189,-0.16493921,0.06243001,-0.3299477,0.025028398,-0.040112942,0.0310116,-0.99840015,nan,nan,nan,nan,nan,nan,0.0,0.0,0.0,0.0,0.0,0.0,nan,nan,nan,1,0,0,0
5717696297,5717696292,-0.16515768,0.06254871,-0.3358429,0.025894493,-0.041002467,0.03074589,-0.99835014,nan,nan,nan,nan,nan,nan,0.0,0.0,0.0,0.0,0.0,0.0,nan,nan,nan,1,0,0,0
5717703589,5717703583,-0.16546568,0.062683515,-0.34169766,0.025999574,-0.042313855,0.0305664,-0.99829817,nan,nan,nan,nan,nan,nan,0.0,0.0,0.0,0.0,0.0,0.0,nan,nan,nan,1,0,0,0
5717713294,5717713289,-0.16563125,0.06271973,-0.34747878,0.02543501,-0.04253581,0.03078538,-0.99829656,nan,nan,nan,nan,nan,nan,0.0,0.0,0.0,0.0,0.0,0.0,nan,nan,nan,1,0,0,0
5717721841,5717721835,-0.16590783,0.06265244,-0.35318452,0.025113901,-0.042586725,0.031119816,-0.99829215,nan,nan,nan,nan,nan,nan,0.0,0.0,0.0,0.0,0.0,0.0,nan,nan,nan,1,0,0,0
5717730285,5717730280,-0.16622671,0.062722735,-0.35882458,0.025484364,-0.042346902,0.032089476,-0.9982623,nan,nan,nan,nan,nan,nan,0.0,0.0,0.0,0.0,0.0,0.0,nan,nan,nan,1,0,0,0
5717737818,5717737813,-0.16653314,0.06294408,-0.36459512,0.028114732,-0.039211947,0.03397699,-0.99825734,nan,nan,nan,nan,nan,nan,0.0,0.0,0.0,0.0,0.0,0.0,nan,nan,nan,1,0,0,0
5717747461,5717747455,-0.16696218,0.06282844,-0.36994126,0.026215713,-0.042567287,0.03177696,-0.9982439,nan,nan,nan,nan,nan,nan,0.0,0.0,0.0,0.0,0.0,0.0,nan,nan,nan,1,0,0,0
5717754297,5717754292,-0.16713874,0.06404769,-0.37673733,0.02576494,-0.047832694,0.035919443,-0.99787676,nan,nan,nan,nan,nan,nan,0.0,0.0,0.0,0.0,0.0,0.0,nan,nan,nan,1,0,0,0
5717762290,5717762285,-0.16778462,0.063021384,-0.38129902,0.026099872,-0.043898225,0.03216887,-0.99817675,nan,nan,nan,nan,nan,nan,0.0,0.0,0.0,0.0,0.0,0.0,nan,nan,nan,1,0,0,0
5717773104,5717773098,-0.1681281,0.0625916,-0.38666034,0.027652094,-0.039089825,0.033006467,-0.9983076,nan,nan,nan,nan,nan,nan,0.0,0.0,0.0,0.0,0.0,0.0,nan,nan,nan,1,0,0,0
5717779299,5717779293,-0.16864969,0.062776506,-0.39193776,0.02809907,-0.03955279,0.032590248,-0.9982905,nan,nan,nan,nan,nan,nan,0.0,0.0,0.0,0.0,0.0,0.0,nan,nan,nan,1,0,0,0
5717787874,5717787869,-0.16887856,0.06285859,-0.39738524,0.02874512,-0.039858144,0.033956636,-0.9982144,nan,nan,nan,nan,nan,nan,0.0,0.0,0.0,0.0,0.0,0.0,nan,nan,nan,1,0,0,0
5717797237,5717797231,-0.1691226,0.06297249,-0.40263876,0.029555047,-0.0414236,0.033699725,-0.9981357,nan,nan,nan,nan,nan,nan,0.0,0.0,0.0,0.0,0.0,0.0,nan,nan,nan,1,0,0,0
5717803378,5717803372,-0.16910498,0.06380283,-0.4088086,0.028357338,-0.05006506,0.033268604,-0.99778885,nan,nan,nan,nan,nan,nan,0.0,0.0,0.0,0.0,0.0,0.0,nan,nan,nan,1,0,0,0
5717812326,5717812320,-0.16956955,0.06286526,-0.4132795,0.029542083,-0.04063422,0.03490226,-0.9981272,nan,nan,nan,nan,nan,nan,0.0,0.0,0.0,0.0,0.0,0.0,nan,nan,nan,1,0,0,0
5717822305,5717822299,-0.16960035,0.06396715,-0.41928065,0.027479904,-0.051976092,0.03180079,-0.99776345,nan,nan,nan,nan,nan,nan,0.0,0.0,0.0,0.0,0.0,0.0,nan,nan,nan,1,0,0,0
5717829288,5717829283,-0.16967967,0.06494995,-0.42515978,0.02771654,-0.047010668,0.04568469,-0.9974641,nan,nan,nan,nan,nan,nan,0.0,0.0,0.0,0.0,0.0,0.0,nan,nan,nan,1,0,0,0
5717837816,5717837811,-0.17011969,0.064150445,-0.4295062,0.026623387,-0.052046362,0.032750696,-0.9977523,nan,nan,nan,nan,nan,nan,0.0,0.0,0.0,0.0,0.0,0.0,nan,nan,nan,1,0,0,0
5717848069,5717848064,-0.1706791,0.0630435,-0.43378708,0.026968632,-0.04132044,0.03659908,-0.9981112,nan,nan,nan,nan,nan,nan,0.0,0.0,0.0,0.0,0.0,0.0,nan,nan,nan,1,0,0,0
5717853296,5717853291,-0.17062385,0.064208925,-0.43972185,0.025599612,-0.054608185,0.03286586,-0.9976384,nan,nan,nan,nan,nan,nan,0.0,0.0,0.0,0.0,0.0,0.0,nan,nan,nan,1,0,0,0
5717863301,5717863296,-0.17113364,0.06302587,-0.44369745,0.025824405,-0.043899287,0.03629026,-0.9980426,nan,nan,nan,nan,nan,nan,0.0,0.0,0.0,0.0,0.0,0.0,nan,nan,nan,1,0,0,0
5717871049,5717871043,-0.17146039,0.06324012,-0.4486098,0.025452537,-0.044217844,0.036850683,-0.99801755,nan,nan,nan,nan,nan,nan,0.0,0.0,0.0,0.0,0.0,0.0,nan,nan,nan,1,0,0,0
5717879300,5717879295,-0.17171837,0.06309083,-0.4532885,0.02587004,-0.041300386,0.037851527,-0.99809426,nan,nan,nan,nan,nan,nan,0.0,0.0,0.0,0.0,0.0,0.0,nan,nan,nan,1,0,0,0
5717887775,5717887770,-0.17197211,0.063217625,-0.45790014,0.026135571,-0.041939095,0.038676873,-0.9980291,nan,nan,nan,nan,nan,nan,0.0,0.0,0.0,0.0,0.0,0.0,nan,nan,nan,1,0,0,0
5717897277,5717897271,-0.17202635,0.06433802,-0.4632265,0.025011143,-0.051979788,0.03435798,-0.9977434,nan,nan,nan,nan,nan,nan,0.0,0.0,0.0,0.0,0.0,0.0,nan,nan,nan,1,0,0,0
5717903277,5717903272,-0.17227922,0.064418696,-0.46752787,0.026403027,-0.052487727,0.033346348,-0.99771535,nan,nan,nan,nan,nan,nan,0.0,0.0,0.0,0.0,0.0,0.0,nan,nan,nan,1,0,0,0
5717912457,5717912451,-0.17281449,0.06289633,-0.47044405,0.02642373,-0.05066091,0.043007627,-0.99743944,nan,nan,nan,nan,nan,nan,0.0,0.0,0.0,0.0,0.0,0.0,nan,nan,nan,1,0,0,0
5717921593,5717921588,-0.17285341,0.06359232,-0.47495896,0.03161297,-0.039714526,0.039180998,-0.997942,nan,nan,nan,nan,nan,nan,0.0,0.0,0.0,0.0,0.0,0.0,nan,nan,nan,1,0,0,0
5717929399,5717929394,-0.17321637,0.062951,-0.47823817,0.028844453,-0.04961366,0.0428762,-0.99743074,nan,nan,nan,nan,nan,nan,0.0,0.0,0.0,0.0,0.0,0.0,nan,nan,nan,1,0,0,0
5717938084,5717938078,-0.17326275,0.063570574,-0.48223835,0.03125522,-0.04391146,0.0382396,-0.9978139,nan,nan,nan,nan,nan,nan,0.0,0.0,0.0,0.0,0.0,0.0,nan,nan,nan,1,0,0,0
5717945301,5717945295,-0.17343181,0.0633716,-0.48538953,0.031103598,-0.043874893,0.039138164,-0.99778545,nan,nan,nan,nan,nan,nan,0.0,0.0,0.0,0.0,0.0,0.0,nan,nan,nan,1,0,0,0
5717954377,5717954371,-0.17365725,0.063490026,-0.4886369,0.03244945,-0.043917634,0.039803665,-0.9977144,nan,nan,nan,nan,nan,nan,0.0,0.0,0.0,0.0,0.0,0.0,nan,nan,nan,1,0,0,0
5717962461,5717962456,-0.17386986,0.063056424,-0.49132195,0.03262246,-0.050323434,0.045206137,-0.9971759,nan,nan,nan,nan,nan,nan,0.0,0.0,0.0,0.0,0.0,0.0,nan,nan,nan,1,0,0,0
5717970947,5717970941,-0.17385529,0.06383808,-0.49457613,0.03554912,-0.04546164,0.04016732,-0.99752504,nan,nan,nan,nan,nan,nan,0.0,0.0,0.0,0.0,0.0,0.0,nan,nan,nan,1,0,0,0
5717979296,5717979289,-0.17406382,0.06349088,-0.49665835,0.037154425,-0.04449489,0.04187005,-0.99744004,nan,nan,nan,nan,nan,nan,0.0,0.0,0.0,0.0,0.0,0.0,nan,nan,nan,1,0,0,0
5717988167,5717988162,-0.17438062,0.06357497,-0.49886724,0.03859552,-0.04340815,0.042620778,-0.99740136,nan,nan,nan,nan,nan,nan,0.0,0.0,0.0,0.0,0.0,0.0,nan,nan,nan,1,0,0,0
5717998318,5717998313,-0.17439225,0.06385043,-0.5009526,0.04069103,-0.045511715,0.04173339,-0.9972619,nan,nan,nan,nan,nan,nan,0.0,0.0,0.0,0.0,0.0,0.0,nan,nan,nan,1,0,0,0
5718003787,5718003781,-0.17451276,0.0635753,-0.5024077,0.043364808,-0.044342287,0.04248035,-0.9971703,nan,nan,nan,nan,nan,nan,0.0,0.0,0.0,0.0,0.0,0.0,nan,nan,nan,1,0,0,0
5718012383,5718012378,-0.1746635,0.06358444,-0.50383127,0.045900125,-0.0428857,0.042587943,-0.99711597,nan,nan,nan,nan,nan,nan,0.0,0.0,0.0,0.0,0.0,0.0,nan,nan,nan,1,0,0,0
5718021480,5718021474,-0.17462157,0.06459666,-0.5059124,0.04702387,-0.051932946,0.03969597,-0.9967528,nan,nan,nan,nan,nan,nan,0.0,0.0,0.0,0.0,0.0,0.0,nan,nan,nan,1,0,0,0
5718029288,5718029282,-0.17481032,0.06377968,-0.5061497,0.048821706,-0.04427268,0.041398987,-0.99696666,nan,nan,nan,nan,nan,nan,0.0,0.0,0.0,0.0,0.0,0.0,nan,nan,nan,1,0,0,0
5718037958,5718037953,-0.17491755,0.06337834,-0.5065591,0.047833133,-0.053050626,0.045453288,-0.99640936,nan,nan,nan,nan,nan,nan,0.0,0.0,0.0,0.0,0.0,0.0,nan,nan,nan,1,0,0,0
5718045300,5718045294,-0.17485835,0.06387503,-0.50736123,0.05031858,-0.044820566,0.038402162,-0.99698776,nan,nan,nan,nan,nan,nan,0.0,0.0,0.0,0.0,0.0,0.0,nan,nan,nan,1,0,0,0
5718057542,5718057537,-0.17483051,0.064182416,-0.50776374,0.04720517,-0.058516227,0.04382547,-0.9962062,nan,nan,nan,nan,nan,nan,0.0,0.0,0.0,0.0,0.0,0.0,nan,nan,nan,1,0,0,0
5718062377,5718062372,-0.17484276,0.064210616,-0.50784415,0.047204874,-0.058322463,0.042540062,-0.99627334,nan,nan,nan,nan,nan,nan,0.0,0.0,0.0,0.0,0.0,0.0,nan,nan,nan,1,0,0,0
5718070793,5718070787,-0.1749612,0.06429479,-0.50772613,0.04639622,-0.058634404,0.04110959,-0.9963531,nan,nan,nan,nan,nan,nan,0.0,0.0,0.0,0.0,0.0,0.0,nan,nan,nan,1,0,0,0
5718079295,5718079288,-0.1750409,0.063585766,-0.5068473,0.047767114,-0.051414907,0.038812917,-0.996779,nan,nan,nan,nan,nan,nan,0.0,0.0,0.0,0.0,0.0,0.0,nan,nan,nan,1,0,0,0
5718088466,5718088323,-0.17505822,0.063620955,-0.5062414,0.04703114,-0.050967768,0.037316166,-0.9968941,nan,nan,nan,nan,nan,nan,0.0,0.0,0.0,0.0,0.0,0.0,nan,nan,nan,1,0,0,0
5718095294,5718095288,-0.17492124,0.06455895,-0.5060088,0.047615007,-0.04838406,0.029798293,-0.9972482,nan,nan,nan,nan,nan,nan,0.0,0.0,0.0,0.0,0.0,0.0,nan,nan,nan,1,0,0,0
5718103633,5718103628,-0.17506225,0.06440319,-0.5044316,0.04325321,-0.058065508,0.035018247,-0.99676037,nan,nan,nan,nan,nan,nan,0.0,0.0,0.0,0.0,0.0,0.0,nan,nan,nan,1,0,0,0
5718117418,5718117412,-0.17498054,0.064087495,-0.50279343,0.047297318,-0.042479727,0.026443372,-0.9976268,nan,nan,nan,nan,nan,nan,0.0,0.0,0.0,0.0,0.0,0.0,nan,nan,nan,1,0,0,0
5718121437,5718121432,-0.17507625,0.063719876,-0.5005278,0.044487532,-0.050530594,0.031321898,-0.9972394,nan,nan,nan,nan,nan,nan,0.0,0.0,0.0,0.0,0.0,0.0,nan,nan,nan,1,0,0,0
5718129292,5718129286,-0.17515711,0.06373913,-0.4983251,0.044786524,-0.049501803,0.029572176,-0.997331,nan,nan,nan,nan,nan,nan,0.0,0.0,0.0,0.0,0.0,0.0,nan,nan,nan,1,0,0,0
5718138195,5718138189,-0.17499748,0.06424856,-0.4961219,0.047413047,-0.043107357,0.023708975,-0.99766314,nan,nan,nan,nan,nan,nan,0.0,0.0,0.0,0.0,0.0,0.0,nan,nan,nan,1,0,0,0
5718146975,5718146969,-0.17501174,0.0640484,-0.49306676,0.044726808,-0.05205741,0.029202959,-0.9972145,nan,nan,nan,nan,nan,nan,0.0,0.0,0.0,0.0,0.0,0.0,nan,nan,nan,1,0,0,0
5718154296,5718154291,-0.17496647,0.063941345,-0.48985347,0.046998844,-0.047711425,0.033043988,-0.99720746,nan,nan,nan,nan,nan,nan,0.0,0.0,0.0,0.0,0.0,0.0,nan,nan,nan,1,0,0,0
5718162322,5718162314,-0.17485562,0.064407706,-0.4868334,0.048395727,-0.043487653,0.023967903,-0.99759316,nan,nan,nan,nan,nan,nan,0.0,0.0,0.0,0.0,0.0,0.0,nan,nan,nan,1,0,0,0
5718170619,5718170614,-0.17484283,0.06439426,-0.48320267,0.048005857,-0.044969786,0.022531953,-0.9975798,nan,nan,nan,nan,nan,nan,0.0,0.0,0.0,0.0,0.0,0.0,nan,nan,nan,1,0,0,0
5718179285,5718179280,-0.17486942,0.06385828,-0.47882733,0.04645947,-0.051366765,0.029759556,-0.9971546,nan,nan,nan,nan,nan,nan,0.0,0.0,0.0,0.0,0.0,0.0,nan,nan,nan,1,0,0,0
5718187452,5718187447,-0.17473254,0.06429494,-0.47511643,0.048358236,-0.044436645,0.02443835,-0.9975418,nan,nan,nan,nan,nan,nan,0.0,0.0,0.0,0.0,0.0,0.0,nan,nan,nan,1,0,0,0
5718195296,5718195291,-0.1745547,0.064059146,-0.47072098,0.049444433,-0.044950094,0.023675442,-0.9974839,nan,nan,nan,nan,nan,nan,0.0,0.0,0.0,0.0,0.0,0.0,nan,nan,nan,1,0,0,0
5718203578,5718203572,-0.17461655,0.06403759,-0.46616632,0.0482095,-0.043119337,0.024567544,-0.9976036,nan,nan,nan,nan,nan,nan,0.0,0.0,0.0,0.0,0.0,0.0,nan,nan,nan,1,0,0,0
5718213360,5718213355,-0.17461166,0.06421013,-0.46162343,0.04826033,-0.044670068,0.024565611,-0.997533,nan,nan,nan,nan,nan,nan,0.0,0.0,0.0,0.0,0.0,0.0,nan,nan,nan,1,0,0,0
5718220315,5718220310,-0.17479914,0.06368566,-0.45634562,0.04566485,-0.05138452,0.029347299,-0.99720263,nan,nan,nan,nan,nan,nan,0.0,0.0,0.0,0.0,0.0,0.0,nan,nan,nan,1,0,0,0
5718229302,5718229296,-0.17455122,0.06393072,-0.4516176,0.047660295,-0.04204608,0.02330239,-0.9977062,nan,nan,nan,nan,nan,nan,0.0,0.0,0.0,0.0,0.0,0.0,nan,nan,nan,1,0,0,0
5718237384,5718237379,-0.1744284,0.06397874,-0.4463979,0.04661908,-0.042149138,0.022000816,-0.9977806,nan,nan,nan,nan,nan,nan,0.0,0.0,0.0,0.0,0.0,0.0,nan,nan,nan,1,0,0,0
5718245298,5718245292,-0.17455739,0.06357401,-0.440545,0.043701496,-0.050339613,0.02842036,-0.9973707,nan,nan,nan,nan,nan,nan,0.0,0.0,0.0,0.0,0.0,0.0,nan,nan,nan,1,0,0,0
5718254296,5718254291,-0.17429593,0.06409048,-0.43548015,0.04430221,-0.043451596,0.022011315,-0.99783003,nan,nan,nan,nan,nan,nan,0.0,0.0,0.0,0.0,0.0,0.0,nan,nan,nan,1,0,0,0
5718262343,5718262338,-0.17420605,0.06417979,-0.4296198,0.043214723,-0.04400651,0.022057284,-0.9978524,nan,nan,nan,nan,nan,nan,0.0,0.0,0.0,0.0,0.0,0.0,nan,nan,nan,1,0,0,0
5718270427,5718270421,-0.17413546,0.06390381,-0.42357147,0.042030726,-0.042829648,0.02230421,-0.9979487,nan,nan,nan,nan,nan,nan,0.0,0.0,0.0,0.0,0.0,0.0,nan,nan,nan,1,0,0,0
5718279301,5718279295,-0.17382857,0.06396923,-0.4175556,0.0409045,-0.043530803,0.022590242,-0.9979588,nan,nan,nan,nan,nan,nan,0.0,0.0,0.0,0.0,0.0,0.0,nan,nan,nan,1,0,0,0
5718287645,5718287640,-0.17365342,0.06408895,-0.411253,0.038812958,-0.04399529,0.023187404,-0.9980082,nan,nan,nan,nan,nan,nan,0.0,0.0,0.0,0.0,0.0,0.0,nan,nan,nan,1,0,0,0
5718297107,5718297102,-0.17351936,0.06385789,-0.4048158,0.03711356,-0.044541456,0.02174953,-0.99808097,nan,nan,nan,nan,nan,nan,0.0,0.0,0.0,0.0,0.0,0.0,nan,nan,nan,1,0,0,0
5718303919,5718303913,-0.17311424,0.063565895,-0.39810598,0.038217086,-0.041725587,0.024012752,-0.9981092,nan,nan,nan,nan,nan,nan,0.0,0.0,0.0,0.0,0.0,0.0,nan,nan,nan,1,0,0,0
5718312299,5718312293,-0.1728956,0.06348215,-0.39166188,0.039075743,-0.03990657,0.026489088,-0.9980876,nan,nan,nan,nan,nan,nan,0.0,0.0,0.0,0.0,0.0,0.0,nan,nan,nan,1,0,0,0
5718320424,5718320418,-0.17290387,0.0631762,-0.38470116,0.035981514,-0.040909536,0.0237402,-0.99823254,nan,nan,nan,nan,nan,nan,0.0,0.0,0.0,0.0,0.0,0.0,nan,nan,nan,1,0,0,0
5718343350,5718343345,-0.17251237,0.063251525,-0.37132367,0.03364969,-0.042154577,0.022685705,-0.99828655,nan,nan,nan,nan,nan,nan,0.0,0.0,0.0,0.0,0.0,0.0,nan,nan,nan,1,0,0,0
5718346696,5718346691,-0.1725419,0.06318138,-0.3643031,0.031049643,-0.03923852,0.02372339,-0.9984656,nan,nan,nan,nan,nan,nan,0.0,0.0,0.0,0.0,0.0,0.0,nan,nan,nan,1,0,0,0
5718355292,5718355286,-0.17247388,0.06316081,-0.35737216,0.028741512,-0.039214656,0.02298903,-0.99855286,nan,nan,nan,nan,nan,nan,0.0,0.0,0.0,0.0,0.0,0.0,nan,nan,nan,1,0,0,0
5718362286,5718362280,-0.17211774,0.06312409,-0.35059595,0.025640883,-0.03965525,0.024724495,-0.99857837,nan,nan,nan,nan,nan,nan,0.0,0.0,0.0,0.0,0.0,0.0,nan,nan,nan,1,0,0,0
5718371194,5718371188,-0.17168702,0.0633731,-0.34375417,0.022829628,-0.044472124,0.022573307,-0.9984946,nan,nan,nan,nan,nan,nan,0.0,0.0,0.0,0.0,0.0,0.0,nan,nan,nan,1,0,0,0
5718379498,5718379492,-0.17153645,0.06320994,-0.3367928,0.020413369,-0.042388827,0.023570178,-0.9986145,nan,nan,nan,nan,nan,nan,0.0,0.0,0.0,0.0,0.0,0.0,nan,nan,nan,1,0,0,0
5718388298,5718388292,-0.17141923,0.06328031,-0.32964915,0.017217997,-0.042948596,0.023830434,-0.99864465,nan,nan,nan,nan,nan,nan,0.0,0.0,0.0,0.0,0.0,0.0,nan,nan,nan,1,0,0,0
5718397302,5718397296,-0.17129028,0.063148364,-0.32268316,0.017931873,-0.038064834,0.025465613,-0.9987898,nan,nan,nan,nan,nan,nan,0.0,0.0,0.0,0.0,0.0,0.0,nan,nan,nan,1,0,0,0
5718403364,5718403359,-0.17138822,0.06398933,-0.31619042,0.014982159,-0.040618364,0.027215963,-0.9986916,nan,nan,nan,nan,nan,nan,0.0,0.0,0.0,0.0,0.0,0.0,nan,nan,nan,1,0,0,0
5718413293,5718413288,-0.17154165,0.063553944,-0.30867133,0.011670751,-0.047756854,0.019872498,-0.9985931,nan,nan,nan,nan,nan,nan,0.0,0.0,0.0,0.0,0.0,0.0,nan,nan,nan,1,0,0,0
5718420315,5718420310,-0.17161706,0.063574605,-0.30137664,0.011142242,-0.047539424,0.020586414,-0.998595,nan,nan,nan,nan,nan,nan,0.0,0.0,0.0,0.0,0.0,0.0,nan,nan,nan,1,0,0,0
5718429325,5718429320,-0.1715487,0.06312668,-0.2938039,0.01183338,-0.041538488,0.022527363,-0.99881285,nan,nan,nan,nan,nan,nan,0.0,0.0,0.0,0.0,0.0,0.0,nan,nan,nan,1,0,0,0
5718438173,5718438167,-0.17157944,0.06355304,-0.2869733,0.00802403,-0.046438336,0.020622924,-0.998676,nan,nan,nan,nan,nan,nan,0.0,0.0,0.0,0.0,0.0,0.0,nan,nan,nan,1,0,0,0
5718445298,5718445293,-0.17164055,0.06286041,-0.27927172,0.00934935,-0.03974503,0.022485489,-0.99891305,nan,nan,nan,nan,nan,nan,0.0,0.0,0.0,0.0,0.0,0.0,nan,nan,nan,1,0,0,0
5718454329,5718454322,-0.17171273,0.06350495,-0.27269825,0.0053196787,-0.045638364,0.020246254,-0.9987387,nan,nan,nan,nan,nan,nan,0.0,0.0,0.0,0.0,0.0,0.0,nan,nan,nan,1,0,0,0
5718462288,5718462283,-0.17158014,0.06444959,-0.2662593,0.0039145327,-0.0446501,0.029961105,-0.9985456,nan,nan,nan,nan,nan,nan,0.0,0.0,0.0,0.0,0.0,0.0,nan,nan,nan,1,0,0,0
5718471050,5718471044,-0.1718935,0.06352636,-0.2584032,0.0025332589,-0.04703329,0.019666044,-0.9986965,nan,nan,nan,nan,nan,nan,0.0,0.0,0.0,0.0,0.0,0.0,nan,nan,nan,1,0,0,0
5718479323,5718479318,-0.17192085,0.0643083,-0.25184038,0.0021754357,-0.0456601,0.030864783,-0.99847776,nan,nan,nan,nan,nan,nan,0.0,0.0,0.0,0.0,0.0,0.0,nan,nan,nan,1,0,0,0
5718488298,5718488293,-0.1721324,0.064327374,-0.24476092,0.0026142555,-0.04540616,0.0318694,-0.9984568,nan,nan,nan,nan,nan,nan,0.0,0.0,0.0,0.0,0.0,0.0,nan,nan,nan,1,0,0,0
5718495302,5718495296,-0.17238224,0.06419815,-0.23760614,0.0017423871,-0.043804858,0.03132916,-0.9985472,nan,nan,nan,nan,nan,nan,0.0,0.0,0.0,0.0,0.0,0.0,nan,nan,nan,1,0,0,0
5718504647,5718504642,-0.17267747,0.06325037,-0.22988519,0.001712956,-0.047544368,0.020008817,-0.99866724,nan,nan,nan,nan,nan,nan,0.0,0.0,0.0,0.0,0.0,0.0,nan,nan,nan,1,0,0,0
5718512296,5718512290,-0.1727917,0.063265204,-0.22286968,0.0011846845,-0.047625072,0.022075022,-0.9986207,nan,nan,nan,nan,nan,nan,0.0,0.0,0.0,0.0,0.0,0.0,nan,nan,nan,1,0,0,0
5718521297,5718521291,-0.17287755,0.06382621,-0.21659552,0.0019103009,-0.041055508,0.030790418,-0.99868053,nan,nan,nan,nan,nan,nan,0.0,0.0,0.0,0.0,0.0,0.0,nan,nan,nan,1,0,0,0
5718529312,5718529306,-0.17295155,0.063847765,-0.20959161,0.0018140957,-0.040898077,0.032667022,-0.99862754,nan,nan,nan,nan,nan,nan,0.0,0.0,0.0,0.0,0.0,0.0,nan,nan,nan,1,0,0,0
5718537393,5718537387,-0.17299497,0.06374079,-0.20268734,0.0014684359,-0.040951993,0.03216248,-0.99864227,nan,nan,nan,nan,nan,nan,0.0,0.0,0.0,0.0,0.0,0.0,nan,nan,nan,1,0,0,0
5718546944,5718546939,-0.17291643,0.06354761,-0.19562754,0.0014133676,-0.04120561,0.034510367,-0.9985536,nan,nan,nan,nan,nan,nan,0.0,0.0,0.0,0.0,0.0,0.0,nan,nan,nan,1,0,0,0
5718554305,5718554300,-0.1728334,0.06349845,-0.1888057,0.00055418507,-0.04085525,0.034588948,-0.998566,nan,nan,nan,nan,nan,nan,0.0,0.0,0.0,0.0,0.0,0.0,nan,nan,nan,1,0,0,0
5718562289,5718562283,-0.17289457,0.06263714,-0.18156177,0.002582662,0.04424773,-0.02587495,0.9986821,nan,nan,nan,nan,nan,nan,0.0,0.0,0.0,0.0,0.0,0.0,nan,nan,nan,1,0,0,0
5718570763,5718570757,-0.17274362,0.06344313,-0.17548886,0.0021227053,0.041513957,-0.033950023,0.9985587,nan,nan,nan,nan,nan,nan,0.0,0.0,0.0,0.0,0.0,0.0,nan,nan,nan,1,0,0,0
5718579297,5718579290,-0.17263679,0.063333735,-0.1689005,0.0039310935,0.041053087,-0.03252592,0.9986196,nan,nan,nan,nan,nan,nan,0.0,0.0,0.0,0.0,0.0,0.0,nan,nan,nan,1,0,0,0
5718587483,5718587477,-0.17265342,0.06254471,-0.16185597,0.0063122604,0.04592408,-0.022106737,0.9986803,nan,nan,nan,nan,nan,nan,0.0,0.0,0.0,0.0,0.0,0.0,nan,nan,nan,1,0,0,0
5718597077,5718597072,-0.1727364,0.06333541,-0.15584365,0.0063590654,0.04006438,-0.033024047,0.99863094,nan,nan,nan,nan,nan,nan,0.0,0.0,0.0,0.0,0.0,0.0,nan,nan,nan,1,0,0,0
5718603725,5718603719,-0.1729399,0.06338229,-0.14942881,0.006232331,0.03863454,-0.032992728,0.9986891,nan,nan,nan,nan,nan,nan,0.0,0.0,0.0,0.0,0.0,0.0,nan,nan,nan,1,0,0,0
5718613298,5718613293,-0.17305462,0.06321715,-0.1432836,0.008322872,0.037007608,-0.032883395,0.9987391,nan,nan,nan,nan,nan,nan,0.0,0.0,0.0,0.0,0.0,0.0,nan,nan,nan,1,0,0,0
5718621318,5718621313,-0.17316368,0.062565,-0.1363033,0.008689707,0.04322178,-0.025223484,0.9987092,nan,nan,nan,nan,nan,nan,0.0,0.0,0.0,0.0,0.0,0.0,nan,nan,nan,1,0,0,0
5718628290,5718628284,-0.17327636,0.06318267,-0.13069655,0.009359273,0.037712887,-0.033836555,0.99867177,nan,nan,nan,nan,nan,nan,0.0,0.0,0.0,0.0,0.0,0.0,nan,nan,nan,1,0,0,0
5718637227,5718637220,-0.17340271,0.06317147,-0.12440148,0.008112042,0.039074395,-0.033963878,0.99862593,nan,nan,nan,nan,nan,nan,0.0,0.0,0.0,0.0,0.0,0.0,nan,nan,nan,1,0,0,0
5718646972,5718646967,-0.17367104,0.06303712,-0.11838228,0.010353787,0.037731383,-0.031420447,0.9987402,nan,nan,nan,nan,nan,nan,0.0,0.0,0.0,0.0,0.0,0.0,nan,nan,nan,1,0,0,0
5718654324,5718654318,-0.17372578,0.06297643,-0.11226172,0.009261257,0.03973746,-0.032210127,0.99864787,nan,nan,nan,nan,nan,nan,0.0,0.0,0.0,0.0,0.0,0.0,nan,nan,nan,1,0,0,0
5718663345,5718663340,-0.17398211,0.06278616,-0.10618065,0.010567455,0.038996592,-0.030036252,0.9987319,nan,nan,nan,nan,nan,nan,0.0,0.0,0.0,0.0,0.0,0.0,nan,nan,nan,1,0,0,0
5718670739,5718670734,-0.17415923,0.062783346,-0.10035461,0.01168536,0.03938012,-0.030349836,0.99869496,nan,nan,nan,nan,nan,nan,0.0,0.0,0.0,0.0,0.0,0.0,nan,nan,nan,1,0,0,0
5718679340,5718679335,-0.1743262,0.06286277,-0.094478644,0.0113306455,0.04120325,-0.032173887,0.9985683,nan,nan,nan,nan,nan,nan,0.0,0.0,0.0,0.0,0.0,0.0,nan,nan,nan,1,0,0,0
5718688294,5718688288,-0.17473562,0.06270917,-0.08871621,0.013128401,0.03890718,-0.032691818,0.99862164,nan,nan,nan,nan,nan,nan,0.0,0.0,0.0,0.0,0.0,0.0,nan,nan,nan,1,0,0,0
5718697050,5718697045,-0.17480822,0.06279484,-0.082995355,0.012049126,0.04107091,-0.03387731,0.9985091,nan,nan,nan,nan,nan,nan,0.0,0.0,0.0,0.0,0.0,0.0,nan,nan,nan,1,0,0,0
5718703588,5718703583,-0.17510891,0.06264492,-0.077418685,0.014740334,0.039972477,-0.032049656,0.99857795,nan,nan,nan,nan,nan,nan,0.0,0.0,0.0,0.0,0.0,0.0,nan,nan,nan,1,0,0,0
5718712305,5718712300,-0.1751379,0.062721394,-0.07185091,0.014409821,0.04167373,-0.03361777,0.99846154,nan,nan,nan,nan,nan,nan,0.0,0.0,0.0,0.0,0.0,0.0,nan,nan,nan,1,0,0,0
5718721430,5718721424,-0.17542024,0.0629334,-0.066102915,0.013156367,0.043054324,-0.03234492,0.9984623,nan,nan,nan,nan,nan,nan,0.0,0.0,0.0,0.0,0.0,0.0,nan,nan,nan,1,0,0,0
5718730524,5718730519,-0.17577371,0.06270426,-0.060692787,0.014109666,0.040584818,-0.033249203,0.99852306,nan,nan,nan,nan,nan,nan,0.0,0.0,0.0,0.0,0.0,0.0,nan,nan,nan,1,0,0,0
5718737270,5718737265,-0.17596199,0.06263207,-0.055252705,0.012734491,0.041247573,-0.032371588,0.99854326,nan,nan,nan,nan,nan,nan,0.0,0.0,0.0,0.0,0.0,0.0,nan,nan,nan,1,0,0,0
5718746711,5718746705,-0.17618744,0.062454082,-0.04998477,0.013410971,0.03949162,-0.031890623,0.9986208,nan,nan,nan,nan,nan,nan,0.0,0.0,0.0,0.0,0.0,0.0,nan,nan,nan,1,0,0,0
5718753348,5718753342,-0.17621957,0.06250775,-0.044899806,0.011985189,0.041474625,-0.03146129,0.9985721,nan,nan,nan,nan,nan,nan,0.0,0.0,0.0,0.0,0.0,0.0,nan,nan,nan,1,0,0,0
5718762290,5718762285,-0.17638779,0.062412016,-0.03988241,0.012595478,0.040093545,-0.03235345,0.99859256,nan,nan,nan,nan,nan,nan,0.0,0.0,0.0,0.0,0.0,0.0,nan,nan,nan,1,0,0,0
5718769964,5718769958,-0.17644995,0.062437467,-0.034917086,0.01253891,0.04108518,-0.03263563,0.99854374,nan,nan,nan,nan,nan,nan,0.0,0.0,0.0,0.0,0.0,0.0,nan,nan,nan,1,0,0,0
5718779304,5718779298,-0.17638072,0.06245142,-0.030118985,0.01356226,0.042627912,-0.033668213,0.9984315,nan,nan,nan,nan,nan,nan,0.0,0.0,0.0,0.0,0.0,0.0,nan,nan,nan,1,0,0,0
5718788287,5718788281,-0.1763686,0.062389225,-0.025518615,0.0135936355,0.043841507,-0.033376817,0.99838823,nan,nan,nan,nan,nan,nan,0.0,0.0,0.0,0.0,0.0,0.0,nan,nan,nan,1,0,0,0
5718796522,5718796517,-0.17654586,0.06239199,-0.020941183,0.01303642,0.042717505,-0.03389768,0.9984269,nan,nan,nan,nan,nan,nan,0.0,0.0,0.0,0.0,0.0,0.0,nan,nan,nan,1,0,0,0
5718803400,5718803394,-0.17664374,0.062332302,-0.016511668,0.012955573,0.041237876,-0.03351848,0.9985029,nan,nan,nan,nan,nan,nan,0.0,0.0,0.0,0.0,0.0,0.0,nan,nan,nan,1,0,0,0
5718813290,5718813285,-0.17672884,0.062282935,-0.01212329,0.012188088,0.041769743,-0.03254607,0.9985227,nan,nan,nan,nan,nan,nan,0.0,0.0,0.0,0.0,0.0,0.0,nan,nan,nan,1,0,0,0
5718820552,5718820547,-0.1766979,0.062093265,-0.008180985,0.013473602,0.04110767,-0.030188479,0.99860764,nan,nan,nan,nan,nan,nan,0.0,0.0,0.0,0.0,0.0,0.0,nan,nan,nan,1,0,0,0
5718829346,5718829340,-0.17673813,0.061785422,-0.004053452,0.013195926,0.041113857,-0.03171668,0.9985637,nan,nan,nan,nan,nan,nan,0.0,0.0,0.0,0.0,0.0,0.0,nan,nan,nan,1,0,0,0
5718836963,5718836958,-0.17694795,0.06172088,-0.00018757151,0.014246301,0.03935139,-0.031066615,0.9986408,nan,nan,nan,nan,nan,nan,0.0,0.0,0.0,0.0,0.0,0.0,nan,nan,nan,1,0,0,0
5718846715,5718846708,-0.17696404,0.061840072,0.0037291013,0.013675968,0.04108211,-0.032726303,0.998526,nan,nan,nan,nan,nan,nan,0.0,0.0,0.0,0.0,0.0,0.0,nan,nan,nan,1,0,0,0
5718854297,5718854292,-0.1770576,0.062046323,0.0077238204,0.0132793505,0.04223888,-0.033723205,0.9984499,nan,nan,nan,nan,nan,nan,0.0,0.0,0.0,0.0,0.0,0.0,nan,nan,nan,1,0,0,0
5718862291,5718862286,-0.17720449,0.06185121,0.011146228,0.013255925,0.04020056,-0.032191526,0.9985849,nan,nan,nan,nan,nan,nan,0.0,0.0,0.0,0.0,0.0,0.0,nan,nan,nan,1,0,0,0
5718869785,5718869779,-0.17743047,0.061918654,0.014731787,0.01262282,0.040717002,-0.034531564,0.998494,nan,nan,nan,nan,nan,nan,0.0,0.0,0.0,0.0,0.0,0.0,nan,nan,nan,1,0,0,0
5718880462,5718880457,-0.17743573,0.061930742,0.0179222,0.013719986,0.041281257,-0.033129703,0.9985039,nan,nan,nan,nan,nan,nan,0.0,0.0,0.0,0.0,0.0,0.0,nan,nan,nan,1,0,0,0
5718887294,5718887289,-0.1773631,0.06187776,0.02091491,0.015006569,0.04301916,-0.0318383,0.99845403,nan,nan,nan,nan,nan,nan,0.0,0.0,0.0,0.0,0.0,0.0,nan,nan,nan,1,0,0,0
5718896527,5718896521,-0.17751719,0.061928034,0.023940597,0.015245744,0.04345352,-0.0325581,0.99840844,nan,nan,nan,nan,nan,nan,0.0,0.0,0.0,0.0,0.0,0.0,nan,nan,nan,1,0,0,0
5718903292,5718903287,-0.17764828,0.061917532,0.026549663,0.016514968,0.0423618,-0.03047884,0.99850076,nan,nan,nan,nan,nan,nan,0.0,0.0,0.0,0.0,0.0,0.0,nan,nan,nan,1,0,0,0
5718913289,5718913284,-0.17779548,0.06207811,0.029494524,0.016100036,0.043956086,-0.032238945,0.99838334,nan,nan,nan,nan,nan,nan,0.0,0.0,0.0,0.0,0.0,0.0,nan,nan,nan,1,0,0,0
5718921331,5718921326,-0.17783725,0.062035378,0.031939987,0.01651438,0.0424188,-0.033050295,0.99841654,nan,nan,nan,nan,nan,nan,0.0,0.0,0.0,0.0,0.0,0.0,nan,nan,nan,1,0,0,0
5718929291,5718929286,-0.17804293,0.062091004,0.03452395,0.016441466,0.04321849,-0.03336269,0.99837303,nan,nan,nan,nan,nan,nan,0.0,0.0,0.0,0.0,0.0,0.0,nan,nan,nan,1,0,0,0
5718936404,5718936398,-0.17820542,0.061990242,0.036673624,0.017033355,0.042963378,-0.0333432,0.99837476,nan,nan,nan,nan,nan,nan,0.0,0.0,0.0,0.0,0.0,0.0,nan,nan,nan,1,0,0,0
5718947495,5718947489,-0.17836557,0.061846882,0.038809992,0.01726909,0.040443923,-0.032912064,0.9984903,nan,nan,nan,nan,nan,nan,0.0,0.0,0.0,0.0,0.0,0.0,nan,nan,nan,1,0,0,0
5718954295,5718954289,-0.1786747,0.06182749,0.040807813,0.017188447,0.041824628,-0.03309662,0.9984287,nan,nan,nan,nan,nan,nan,0.0,0.0,0.0,0.0,0.0,0.0,nan,nan,nan,1,0,0,0
5718962415,5718962409,-0.178686,0.061944485,0.042665724,0.01768628,0.04213954,-0.032933693,0.99841213,nan,nan,nan,nan,nan,nan,0.0,0.0,0.0,0.0,0.0,0.0,nan,nan,nan,1,0,0,0
5718970335,5718970330,-0.17883976,0.061983008,0.044174958,0.018262088,0.043018464,-0.032668643,0.99837303,nan,nan,nan,nan,nan,nan,0.0,0.0,0.0,0.0,0.0,0.0,nan,nan,nan,1,0,0,0
5718979300,5718979293,-0.1789747,0.061797358,0.045380943,0.019190442,0.042163,-0.032886427,0.99838495,nan,nan,nan,nan,nan,nan,0.0,0.0,0.0,0.0,0.0,0.0,nan,nan,nan,1,0,0,0
5718988358,5718988352,-0.17909145,0.06167697,0.046207875,0.020308414,0.041439626,-0.031570543,0.99843556,nan,nan,nan,nan,nan,nan,0.0,0.0,0.0,0.0,0.0,0.0,nan,nan,nan,1,0,0,0
5718996405,5718996398,-0.17923024,0.061683126,0.04695821,0.021225566,0.040787924,-0.031567533,0.9984434,nan,nan,nan,nan,nan,nan,0.0,0.0,0.0,0.0,0.0,0.0,nan,nan,nan,1,0,0,0
5719005883,5719005878,-0.17932793,0.06167298,0.04739953,0.021540541,0.04003374,-0.031950943,0.99845505,nan,nan,nan,nan,nan,nan,0.0,0.0,0.0,0.0,0.0,0.0,nan,nan,nan,1,0,0,0
5719012549,5719012544,-0.17940572,0.06177538,0.0474661,0.022147385,0.040874682,-0.031457968,0.9984234,nan,nan,nan,nan,nan,nan,0.0,0.0,0.0,0.0,0.0,0.0,nan,nan,nan,1,0,0,0
5719024294,5719024289,-0.17943165,0.06175919,0.047232747,0.022491109,0.040411886,-0.031023446,0.9984481,nan,nan,nan,nan,nan,nan,0.0,0.0,0.0,0.0,0.0,0.0,nan,nan,nan,1,0,0,0
5719029290,5719029285,-0.17941436,0.061814103,0.04685234,0.022330383,0.04114521,-0.030514404,0.99843735,nan,nan,nan,nan,nan,nan,0.0,0.0,0.0,0.0,0.0,0.0,nan,nan,nan,1,0,0,0
5719037385,5719037379,-0.1793328,0.06173867,0.046326242,0.02147566,0.04124806,-0.03056938,0.9984503,nan,nan,nan,nan,nan,nan,0.0,0.0,0.0,0.0,0.0,0.0,nan,nan,nan,1,0,0,0
5719046316,5719046311,-0.17919588,0.061820753,0.045708865,0.019855356,0.04256965,-0.031941872,0.99838537,nan,nan,nan,nan,nan,nan,0.0,0.0,0.0,0.0,0.0,0.0,nan,nan,nan,1,0,0,0
5719054348,5719054342,-0.17902008,0.06182211,0.044857197,0.018532835,0.04247354,-0.03260208,0.9983936,nan,nan,nan,nan,nan,nan,0.0,0.0,0.0,0.0,0.0,0.0,nan,nan,nan,1,0,0,0
5719061289,5719061283,-0.17885798,0.06192269,0.043845635,0.016752431,0.042458136,-0.03334415,0.99840117,nan,nan,nan,nan,nan,nan,0.0,0.0,0.0,0.0,0.0,0.0,nan,nan,nan,1,0,0,0
5719071148,5719071143,-0.17854567,0.061751116,0.04233477,0.014947028,0.04297388,-0.033423137,0.99840516,nan,nan,nan,nan,nan,nan,0.0,0.0,0.0,0.0,0.0,0.0,nan,nan,nan,1,0,0,0
5719079302,5719079295,-0.17826225,0.061733145,0.04068152,0.012774179,0.042587854,-0.033034742,0.99846476,nan,nan,nan,nan,nan,nan,0.0,0.0,0.0,0.0,0.0,0.0,nan,nan,nan,1,0,0,0
5719087347,5719087342,-0.17796715,0.06181209,0.03896547,0.010851597,0.042923708,-0.03369282,0.9984511,nan,nan,nan,nan,nan,nan,0.0,0.0,0.0,0.0,0.0,0.0,nan,nan,nan,1,0,0,0
5719096322,5719096317,-0.17765221,0.061742924,0.036845073,0.008171966,0.04342573,-0.034203764,0.9984375,nan,nan,nan,nan,nan,nan,0.0,0.0,0.0,0.0,0.0,0.0,nan,nan,nan,1,0,0,0
5719103870,5719103864,-0.17734823,0.06170812,0.03451155,0.00604928,0.043322034,-0.033930603,0.99846643,nan,nan,nan,nan,nan,nan,0.0,0.0,0.0,0.0,0.0,0.0,nan,nan,nan,1,0,0,0
5719112350,5719112345,-0.1770151,0.06148144,0.03177791,0.0041919677,0.04208808,-0.03234316,0.99858147,nan,nan,nan,nan,nan,nan,0.0,0.0,0.0,0.0,0.0,0.0,nan,nan,nan,1,0,0,0
5719121298,5719121292,-0.1768841,0.061618537,0.029105049,-0.00089599943,-0.043719225,0.035628464,-0.9984079,nan,nan,nan,nan,nan,nan,0.0,0.0,0.0,0.0,0.0,0.0,nan,nan,nan,1,0,0,0
5719130299,5719130291,-0.17665465,0.061370913,0.025759434,0.0002495799,-0.04214673,0.03366464,-0.99854404,nan,nan,nan,nan,nan,nan,0.0,0.0,0.0,0.0,0.0,0.0,nan,nan,nan,1,0,0,0
5719136633,5719136628,-0.1765199,0.06159437,0.022471484,0.0034764684,-0.04400636,0.035521872,-0.9983934,nan,nan,nan,nan,nan,nan,0.0,0.0,0.0,0.0,0.0,0.0,nan,nan,nan,1,0,0,0
5719146095,5719145684,-0.17645982,0.061598454,0.018875167,0.006450791,-0.04393449,0.036104914,-0.99836093,nan,nan,nan,nan,nan,nan,0.0,0.0,0.0,0.0,0.0,0.0,nan,nan,nan,1,0,0,0
5719154290,5719154285,-0.17635548,0.061440438,0.014834536,0.008002826,-0.04209139,0.03382889,-0.9985089,nan,nan,nan,nan,nan,nan,0.0,0.0,0.0,0.0,0.0,0.0,nan,nan,nan,1,0,0,0
5719163481,5719163476,-0.17627634,0.061442487,0.010693172,0.010603258,-0.04190892,0.034132417,-0.998482,nan,nan,nan,nan,nan,nan,0.0,0.0,0.0,0.0,0.0,0.0,nan,nan,nan,1,0,0,0
5719170151,5719170146,-0.1761117,0.061314117,0.0062062573,0.012659271,-0.040643238,0.036259323,-0.9984353,nan,nan,nan,nan,nan,nan,0.0,0.0,0.0,0.0,0.0,0.0,nan,nan,nan,1,0,0,0
5719179333,5719179327,-0.17602307,0.061339945,0.0016463688,0.015303393,-0.04103426,0.03663714,-0.9983685,nan,nan,nan,nan,nan,nan,0.0,0.0,0.0,0.0,0.0,0.0,nan,nan,nan,1,0,0,0
5719188388,5719188383,-0.17591783,0.06132184,-0.0031811884,0.017629085,-0.042032406,0.03684881,-0.9982809,nan,nan,nan,nan,nan,nan,0.0,0.0,0.0,0.0,0.0,0.0,nan,nan,nan,1,0,0,0
5719196319,5719196314,-0.17589225,0.0613675,-0.008199774,0.020299984,-0.041692346,0.037394427,-0.9982241,nan,nan,nan,nan,nan,nan,0.0,0.0,0.0,0.0,0.0,0.0,nan,nan,nan,1,0,0,0
5719203679,5719203673,-0.17582993,0.06145674,-0.0134683885,0.021968547,-0.042052295,0.037956554,-0.99815243,nan,nan,nan,nan,nan,nan,0.0,0.0,0.0,0.0,0.0,0.0,nan,nan,nan,1,0,0,0
5719213409,5719213403,-0.1757956,0.061421983,-0.01887323,0.02377068,-0.04302397,0.03746966,-0.9980882,nan,nan,nan,nan,nan,nan,0.0,0.0,0.0,0.0,0.0,0.0,nan,nan,nan,1,0,0,0
5719221291,5719221286,-0.17583783,0.06150138,-0.024582904,0.025522746,-0.042427894,0.037497215,-0.99806935,nan,nan,nan,nan,nan,nan,0.0,0.0,0.0,0.0,0.0,0.0,nan,nan,nan,1,0,0,0
5719229311,5719229305,-0.17588238,0.061417982,-0.030492716,0.02679777,-0.042160496,0.036738794,-0.99807537,nan,nan,nan,nan,nan,nan,0.0,0.0,0.0,0.0,0.0,0.0,nan,nan,nan,1,0,0,0
5719237318,5719237313,-0.1760256,0.061584894,-0.03637589,0.027949737,-0.042522788,0.038721774,-0.9979536,nan,nan,nan,nan,nan,nan,0.0,0.0,0.0,0.0,0.0,0.0,nan,nan,nan,1,0,0,0
5719246293,5719246288,-0.17625467,0.061496362,-0.042598,0.028908597,-0.041249886,0.038270794,-0.99799705,nan,nan,nan,nan,nan,nan,0.0,0.0,0.0,0.0,0.0,0.0,nan,nan,nan,1,0,0,0
5719254294,5719254288,-0.17650083,0.06163946,-0.04902612,0.029407768,-0.04220009,0.03894607,-0.9979165,nan,nan,nan,nan,nan,nan,0.0,0.0,0.0,0.0,0.0,0.0,nan,nan,nan,1,0,0,0
5719263302,5719263296,-0.17673038,0.061664745,-0.055590015,0.030136054,-0.04232494,0.03798119,-0.9979268,nan,nan,nan,nan,nan,nan,0.0,0.0,0.0,0.0,0.0,0.0,nan,nan,nan,1,0,0,0
5719269962,5719269957,-0.17709409,0.061881173,-0.062261607,0.030741218,-0.042740643,0.039092425,-0.99784774,nan,nan,nan,nan,nan,nan,0.0,0.0,0.0,0.0,0.0,0.0,nan,nan,nan,1,0,0,0
5719282314,5719282308,-0.1774647,0.06189553,-0.06925812,0.030349124,-0.043025058,0.03708515,-0.9979241,nan,nan,nan,nan,nan,nan,0.0,0.0,0.0,0.0,0.0,0.0,nan,nan,nan,1,0,0,0
5719287297,5719287291,-0.17785278,0.061971467,-0.07622709,0.030248428,-0.04353876,0.03684772,-0.99791366,nan,nan,nan,nan,nan,nan,0.0,0.0,0.0,0.0,0.0,0.0,nan,nan,nan,1,0,0,0
5719296298,5719296292,-0.17823362,0.062076032,-0.08340296,0.029112712,-0.042830683,0.035589762,-0.9980237,nan,nan,nan,nan,nan,nan,0.0,0.0,0.0,0.0,0.0,0.0,nan,nan,nan,1,0,0,0
5719303489,5719303484,-0.17867048,0.062230553,-0.0906505,0.028303934,-0.043653738,0.03564272,-0.99800944,nan,nan,nan,nan,nan,nan,0.0,0.0,0.0,0.0,0.0,0.0,nan,nan,nan,1,0,0,0
5719313293,5719313288,-0.17914464,0.06229144,-0.09806017,0.026544,-0.042697433,0.035157204,-0.99811643,nan,nan,nan,nan,nan,nan,0.0,0.0,0.0,0.0,0.0,0.0,nan,nan,nan,1,0,0,0
5719320295,5719320290,-0.17958002,0.062438097,-0.10547346,0.024931422,-0.0437774,0.035387833,-0.99810296,nan,nan,nan,nan,nan,nan,0.0,0.0,0.0,0.0,0.0,0.0,nan,nan,nan,1,0,0,0
5719330300,5719330289,-0.18008557,0.06252175,-0.11299642,0.023699617,-0.04385492,0.035046622,-0.99814165,nan,nan,nan,nan,nan,nan,0.0,0.0,0.0,0.0,0.0,0.0,nan,nan,nan,1,0,0,0
5719337096,5719337091,-0.18069336,0.06268386,-0.120448895,0.022401238,-0.04375859,0.03514248,-0.99817246,nan,nan,nan,nan,nan,nan,0.0,0.0,0.0,0.0,0.0,0.0,nan,nan,nan,1,0,0,0
5719346290,5719346285,-0.18119633,0.062698595,-0.12806565,0.021134928,-0.044078685,0.03520207,-0.9981839,nan,nan,nan,nan,nan,nan,0.0,0.0,0.0,0.0,0.0,0.0,nan,nan,nan,1,0,0,0
5719355310,5719355304,-0.18175147,0.06269487,-0.13555014,0.020191614,-0.042851396,0.036012977,-0.998228,nan,nan,nan,nan,nan,nan,0.0,0.0,0.0,0.0,0.0,0.0,nan,nan,nan,1,0,0,0
5719362292,5719362286,-0.18231094,0.06296482,-0.14339212,0.017886326,-0.04474863,0.033576027,-0.9982737,nan,nan,nan,nan,nan,nan,0.0,0.0,0.0,0.0,0.0,0.0,nan,nan,nan,1,0,0,0
5719369826,5719369820,-0.18289846,0.06225699,-0.15056686,0.0154351145,-0.049247872,0.025399122,-0.99834424,nan,nan,nan,nan,nan,nan,0.0,0.0,0.0,0.0,0.0,0.0,nan,nan,nan,1,0,0,0
5719379799,5719379793,-0.18337768,0.06307199,-0.15871824,0.016001666,-0.044603914,0.035004783,-0.99826306,nan,nan,nan,nan,nan,nan,0.0,0.0,0.0,0.0,0.0,0.0,nan,nan,nan,1,0,0,0
5719388297,5719388291,-0.1839369,0.063249715,-0.16641657,0.015073917,-0.043991953,0.03512565,-0.9983004,nan,nan,nan,nan,nan,nan,0.0,0.0,0.0,0.0,0.0,0.0,nan,nan,nan,1,0,0,0
5719395975,5719395970,-0.18436654,0.06328797,-0.17425588,0.014333406,-0.043785445,0.03511177,-0.9983209,nan,nan,nan,nan,nan,nan,0.0,0.0,0.0,0.0,0.0,0.0,nan,nan,nan,1,0,0,0
5719403966,5719403961,-0.1847503,0.063305475,-0.18191957,0.013350021,-0.044357583,0.034784272,-0.9983207,nan,nan,nan,nan,nan,nan,0.0,0.0,0.0,0.0,0.0,0.0,nan,nan,nan,1,0,0,0
5719413297,5719413284,-0.18520968,0.06256714,-0.1891176,0.012310484,-0.04901283,0.026341211,-0.9983749,nan,nan,nan,nan,nan,nan,0.0,0.0,0.0,0.0,0.0,0.0,nan,nan,nan,1,0,0,0
5719421326,5719421318,-0.1855164,0.06265942,-0.19686705,0.011279721,-0.04754184,0.025712533,-0.99847454,nan,nan,nan,nan,nan,nan,0.0,0.0,0.0,0.0,0.0,0.0,nan,nan,nan,1,0,0,0
5719429831,5719429826,-0.1857708,0.06273515,-0.2045748,0.011131192,-0.047941856,0.025946567,-0.99845105,nan,nan,nan,nan,nan,nan,0.0,0.0,0.0,0.0,0.0,0.0,nan,nan,nan,1,0,0,0
5719436178,5719436172,-0.18593614,0.06369604,-0.21279559,0.011795892,-0.04341105,0.035622276,-0.9983524,nan,nan,nan,nan,nan,nan,0.0,0.0,0.0,0.0,0.0,0.0,nan,nan,nan,1,0,0,0
5719446311,5719446305,-0.18612993,0.06373836,-0.22047321,0.011849034,-0.04405167,0.035819124,-0.9983166,nan,nan,nan,nan,nan,nan,0.0,0.0,0.0,0.0,0.0,0.0,nan,nan,nan,1,0,0,0
5719455294,5719455289,-0.18640131,0.063013315,-0.22768603,0.010062402,-0.047584258,0.027614664,-0.9984347,nan,nan,nan,nan,nan,nan,0.0,0.0,0.0,0.0,0.0,0.0,nan,nan,nan,1,0,0,0
5719462291,5719462286,-0.18654153,0.063568205,-0.23543814,0.012285669,-0.042210557,0.03546576,-0.99840343,nan,nan,nan,nan,nan,nan,0.0,0.0,0.0,0.0,0.0,0.0,nan,nan,nan,1,0,0,0
5719469778,5719469773,-0.18678084,0.06371576,-0.24309798,0.012588743,-0.042466965,0.035836,-0.9983756,nan,nan,nan,nan,nan,nan,0.0,0.0,0.0,0.0,0.0,0.0,nan,nan,nan,1,0,0,0
5719479746,5719479738,-0.18704903,0.06270275,-0.24987432,0.013418292,-0.042449273,0.024627043,-0.99870497,nan,nan,nan,nan,nan,nan,0.0,0.0,0.0,0.0,0.0,0.0,nan,nan,nan,1,0,0,0
5719487307,5719487302,-0.18707642,0.06370379,-0.25828302,0.013414343,-0.04189732,0.034373395,-0.9984404,nan,nan,nan,nan,nan,nan,0.0,0.0,0.0,0.0,0.0,0.0,nan,nan,nan,1,0,0,0
5719496293,5719496288,-0.1873018,0.062781945,-0.26499218,0.013624211,-0.04338979,0.02454455,-0.9986637,nan,nan,nan,nan,nan,nan,0.0,0.0,0.0,0.0,0.0,0.0,nan,nan,nan,1,0,0,0
5719505733,5719505727,-0.18747112,0.062805206,-0.27240178,0.012924011,-0.042735692,0.025306825,-0.9986822,nan,nan,nan,nan,nan,nan,0.0,0.0,0.0,0.0,0.0,0.0,nan,nan,nan,1,0,0,0
5719513301,5719513296,-0.18766844,0.06293227,-0.27977535,0.012769795,-0.042704787,0.025620528,-0.99867755,nan,nan,nan,nan,nan,nan,0.0,0.0,0.0,0.0,0.0,0.0,nan,nan,nan,1,0,0,0
5719521297,5719521291,-0.18772091,0.063995585,-0.28785518,0.012462554,-0.043851756,0.036471415,-0.9982943,nan,nan,nan,nan,nan,nan,0.0,0.0,0.0,0.0,0.0,0.0,nan,nan,nan,1,0,0,0
5719529752,5719529747,-0.18787287,0.06399981,-0.2951696,0.012174035,-0.042949118,0.03734897,-0.99830467,nan,nan,nan,nan,nan,nan,0.0,0.0,0.0,0.0,0.0,0.0,nan,nan,nan,1,0,0,0
5719537347,5719537341,-0.18804914,0.0641144,-0.30221835,0.012988243,-0.0419612,0.038513593,-0.99829215,nan,nan,nan,nan,nan,nan,0.0,0.0,0.0,0.0,0.0,0.0,nan,nan,nan,1,0,0,0
5719545601,5719545595,-0.18830688,0.0631444,-0.3086445,0.013583716,-0.042405397,0.027797278,-0.9986213,nan,nan,nan,nan,nan,nan,0.0,0.0,0.0,0.0,0.0,0.0,nan,nan,nan,1,0,0,0
5719556318,5719556312,-0.1883542,0.06315137,-0.3156799,0.014212181,-0.04241569,0.028176662,-0.99860156,nan,nan,nan,nan,nan,nan,0.0,0.0,0.0,0.0,0.0,0.0,nan,nan,nan,1,0,0,0
5719565217,5719565211,-0.1884693,0.06326468,-0.32268617,0.014670565,-0.04296958,0.027983239,-0.99857664,nan,nan,nan,nan,nan,nan,0.0,0.0,0.0,0.0,0.0,0.0,nan,nan,nan,1,0,0,0
5719570852,5719570846,-0.18865204,0.06374617,-0.32998636,0.01608831,-0.040099535,0.031350695,-0.99857414,nan,nan,nan,nan,nan,nan,0.0,0.0,0.0,0.0,0.0,0.0,nan,nan,nan,1,0,0,0
5719578299,5719578293,-0.18859747,0.06446505,-0.33739397,0.015486792,-0.042843558,0.037461977,-0.9982591,nan,nan,nan,nan,nan,nan,0.0,0.0,0.0,0.0,0.0,0.0,nan,nan,nan,1,0,0,0
5719588296,5719588291,-0.18873604,0.063992284,-0.34393722,0.014559104,-0.048327893,0.028580567,-0.9983164,nan,nan,nan,nan,nan,nan,0.0,0.0,0.0,0.0,0.0,0.0,nan,nan,nan,1,0,0,0
5719595439,5719595434,-0.18880518,0.064067006,-0.3506234,0.014759869,-0.04864492,0.028496342,-0.99830043,nan,nan,nan,nan,nan,nan,0.0,0.0,0.0,0.0,0.0,0.0,nan,nan,nan,1,0,0,0
5719603736,5719603730,-0.18881704,0.06413448,-0.3573768,0.015168531,-0.048192747,0.028560892,-0.9983143,nan,nan,nan,nan,nan,nan,0.0,0.0,0.0,0.0,0.0,0.0,nan,nan,nan,1,0,0,0
5719612301,5719612295,-0.18874663,0.06426524,-0.36384937,0.015253638,-0.049050268,0.028938143,-0.9982605,nan,nan,nan,nan,nan,nan,0.0,0.0,0.0,0.0,0.0,0.0,nan,nan,nan,1,0,0,0
5719621318,5719621313,-0.18877193,0.06425173,-0.3703403,0.014823178,-0.047791477,0.02926971,-0.99831843,nan,nan,nan,nan,nan,nan,0.0,0.0,0.0,0.0,0.0,0.0,nan,nan,nan,1,0,0,0
5719629500,5719629495,-0.18900909,0.063718915,-0.37602994,0.017204404,-0.042099852,0.028232662,-0.99856627,nan,nan,nan,nan,nan,nan,0.0,0.0,0.0,0.0,0.0,0.0,nan,nan,nan,1,0,0,0
5719637257,5719637246,-0.18929726,0.06346045,-0.38175583,0.016094564,-0.03758286,0.029422244,-0.9987306,nan,nan,nan,nan,nan,nan,0.0,0.0,0.0,0.0,0.0,0.0,nan,nan,nan,1,0,0,0
5719645325,5719645319,-0.18918842,0.063409805,-0.38792756,0.015544619,-0.03767384,0.029998548,-0.9987187,nan,nan,nan,nan,nan,nan,0.0,0.0,0.0,0.0,0.0,0.0,nan,nan,nan,1,0,0,0
5719655510,5719655504,-0.18863612,0.06531619,-0.39524773,0.014132436,-0.04556801,0.040630467,-0.99803454,nan,nan,nan,nan,nan,nan,0.0,0.0,0.0,0.0,0.0,0.0,nan,nan,nan,1,0,0,0
5719662315,5719662310,-0.18879955,0.06436405,-0.4004262,0.012398679,-0.049308855,0.02770761,-0.9983222,nan,nan,nan,nan,nan,nan,0.0,0.0,0.0,0.0,0.0,0.0,nan,nan,nan,1,0,0,0
5719671570,5719671565,-0.18901126,0.06349109,-0.4054708,0.012157146,-0.0392571,0.029039754,-0.9987331,nan,nan,nan,nan,nan,nan,0.0,0.0,0.0,0.0,0.0,0.0,nan,nan,nan,1,0,0,0
5719679476,5719679470,-0.18859169,0.064151146,-0.41179508,0.015143329,-0.034768216,0.03632546,-0.9986202,nan,nan,nan,nan,nan,nan,0.0,0.0,0.0,0.0,0.0,0.0,nan,nan,nan,1,0,0,0
5719687298,5719687293,-0.18872356,0.06385623,-0.41674313,0.009576058,-0.04331619,0.028395362,-0.9986118,nan,nan,nan,nan,nan,nan,0.0,0.0,0.0,0.0,0.0,0.0,nan,nan,nan,1,0,0,0
5719695308,5719695302,-0.18865237,0.063596405,-0.4220412,0.008817455,-0.03977116,0.029333336,-0.9987392,nan,nan,nan,nan,nan,nan,0.0,0.0,0.0,0.0,0.0,0.0,nan,nan,nan,1,0,0,0
5719703600,5719703595,-0.18850088,0.06385728,-0.42753968,0.0068248445,-0.042119984,0.028699286,-0.99867696,nan,nan,nan,nan,nan,nan,0.0,0.0,0.0,0.0,0.0,0.0,nan,nan,nan,1,0,0,0
5719712290,5719712285,-0.18851088,0.06380111,-0.43258864,0.0049031605,-0.041560993,0.028453281,-0.9987187,nan,nan,nan,nan,nan,nan,0.0,0.0,0.0,0.0,0.0,0.0,nan,nan,nan,1,0,0,0
5719720299,5719720293,-0.1886398,0.06337368,-0.4371801,0.0020193341,-0.04871538,0.0346545,-0.9982093,nan,nan,nan,nan,nan,nan,0.0,0.0,0.0,0.0,0.0,0.0,nan,nan,nan,1,0,0,0
5719730293,5719730288,-0.18845569,0.06371049,-0.44240186,0.003137871,-0.038351964,0.030326718,-0.9987991,nan,nan,nan,nan,nan,nan,0.0,0.0,0.0,0.0,0.0,0.0,nan,nan,nan,1,0,0,0
5719736533,5719736527,-0.18856908,0.063499235,-0.44660524,0.0005253508,-0.038443252,0.030667076,-0.99878997,nan,nan,nan,nan,nan,nan,0.0,0.0,0.0,0.0,0.0,0.0,nan,nan,nan,1,0,0,0
5719746480,5719746474,-0.18829498,0.06445653,-0.4518155,-0.00087085366,-0.04681286,0.029488098,-0.998468,nan,nan,nan,nan,nan,nan,0.0,0.0,0.0,0.0,0.0,0.0,nan,nan,nan,1,0,0,0
5719755262,5719755256,-0.18850796,0.06367001,-0.4552806,-0.00061169185,-0.037744712,0.031069104,-0.9988041,nan,nan,nan,nan,nan,nan,0.0,0.0,0.0,0.0,0.0,0.0,nan,nan,nan,1,0,0,0
5719762289,5719762284,-0.18842271,0.06399638,-0.45963338,0.0005168951,-0.03633161,0.033888355,-0.9987649,nan,nan,nan,nan,nan,nan,0.0,0.0,0.0,0.0,0.0,0.0,nan,nan,nan,1,0,0,0
5719770646,5719770641,-0.18848523,0.063726634,-0.46314478,0.002150423,0.037763305,-0.03223521,0.99876434,nan,nan,nan,nan,nan,nan,0.0,0.0,0.0,0.0,0.0,0.0,nan,nan,nan,1,0,0,0
5719779301,5719779295,-0.18838939,0.06383326,-0.46697196,0.0015778011,0.03610473,-0.033930097,0.9987706,nan,nan,nan,nan,nan,nan,0.0,0.0,0.0,0.0,0.0,0.0,nan,nan,nan,1,0,0,0
5719788292,5719788286,-0.18802519,0.06473762,-0.47124878,0.0053219493,0.048890427,-0.029449679,0.99835575,nan,nan,nan,nan,nan,nan,0.0,0.0,0.0,0.0,0.0,0.0,nan,nan,nan,1,0,0,0
5719795365,5719795360,-0.18830554,0.06318108,-0.47338265,0.0069390843,0.04631673,-0.03785171,0.99818534,nan,nan,nan,nan,nan,nan,0.0,0.0,0.0,0.0,0.0,0.0,nan,nan,nan,1,0,0,0
5719805158,5719805152,-0.18818992,0.06321084,-0.47650117,0.007926329,0.04544031,-0.03879302,0.99818206,nan,nan,nan,nan,nan,nan,0.0,0.0,0.0,0.0,0.0,0.0,nan,nan,nan,1,0,0,0
5719813301,5719813296,-0.18804449,0.06329744,-0.47949168,0.009277785,0.04592306,-0.0383226,0.9981665,nan,nan,nan,nan,nan,nan,0.0,0.0,0.0,0.0,0.0,0.0,nan,nan,nan,1,0,0,0
5719821585,5719821580,-0.18766922,0.06486262,-0.483353,0.01006118,0.048906777,-0.030248202,0.99829453,nan,nan,nan,nan,nan,nan,0.0,0.0,0.0,0.0,0.0,0.0,nan,nan,nan,1,0,0,0
5719829339,5719829334,-0.1879234,0.063278385,-0.48480177,0.011124952,0.046065737,-0.038769607,0.99812376,nan,nan,nan,nan,nan,nan,0.0,0.0,0.0,0.0,0.0,0.0,nan,nan,nan,1,0,0,0
5719837771,5719837765,-0.187839,0.06375989,-0.48753107,0.009906032,0.0396658,-0.03153271,0.9986662,nan,nan,nan,nan,nan,nan,0.0,0.0,0.0,0.0,0.0,0.0,nan,nan,nan,1,0,0,0
5719846323,5719846317,-0.18751612,0.06477846,-0.49052918,0.011595553,0.048129845,-0.028740104,0.99836016,nan,nan,nan,nan,nan,nan,0.0,0.0,0.0,0.0,0.0,0.0,nan,nan,nan,1,0,0,0
5719853295,5719853290,-0.18780583,0.06341876,-0.49150074,0.012348975,0.046378717,-0.036528844,0.99817944,nan,nan,nan,nan,nan,nan,0.0,0.0,0.0,0.0,0.0,0.0,nan,nan,nan,1,0,0,0
5719862291,5719862285,-0.18780415,0.06330119,-0.4932565,0.012621145,0.046330076,-0.036304846,0.99818647,nan,nan,nan,nan,nan,nan,0.0,0.0,0.0,0.0,0.0,0.0,nan,nan,nan,1,0,0,0
5719869854,5719869846,-0.18769637,0.063916735,-0.49528664,0.0102329785,0.039925773,-0.029294746,0.9987207,nan,nan,nan,nan,nan,nan,0.0,0.0,0.0,0.0,0.0,0.0,nan,nan,nan,1,0,0,0
5719879302,5719879295,-0.18781973,0.06343226,-0.49633095,0.01145242,0.04674962,-0.03630147,0.9981811,nan,nan,nan,nan,nan,nan,0.0,0.0,0.0,0.0,0.0,0.0,nan,nan,nan,1,0,0,0
5719887293,5719887286,-0.18743345,0.06523636,-0.4983837,0.009439089,0.05164361,-0.025061183,0.99830645,nan,nan,nan,nan,nan,nan,0.0,0.0,0.0,0.0,0.0,0.0,nan,nan,nan,1,0,0,0
5719896320,5719896314,-0.18758275,0.06454994,-0.49928752,0.011678087,0.052847184,-0.041950144,0.99765277,nan,nan,nan,nan,nan,nan,0.0,0.0,0.0,0.0,0.0,0.0,nan,nan,nan,1,0,0,0
5719903347,5719903342,-0.18754928,0.0644559,-0.49998853,0.011343826,0.053336628,-0.04112093,0.99766505,nan,nan,nan,nan,nan,nan,0.0,0.0,0.0,0.0,0.0,0.0,nan,nan,nan,1,0,0,0
5719912507,5719912295,-0.18738893,0.06393091,-0.50030065,0.0069431425,0.041070938,-0.030323789,0.9986718,nan,nan,nan,nan,nan,nan,0.0,0.0,0.0,0.0,0.0,0.0,nan,nan,nan,1,0,0,0
5719922446,5719922288,-0.18731108,0.06383327,-0.5005738,0.005405123,0.040714175,-0.03022341,0.99869895,nan,nan,nan,nan,nan,nan,0.0,0.0,0.0,0.0,0.0,0.0,nan,nan,nan,1,0,0,0
5719930301,5719930296,-0.18725275,0.06402945,-0.5008926,0.0028664349,0.03788302,-0.031564813,0.9987794,nan,nan,nan,nan,nan,nan,0.0,0.0,0.0,0.0,0.0,0.0,nan,nan,nan,1,0,0,0
5719936843,5719936838,-0.1871724,0.064054936,-0.50087035,0.0016930975,0.03785951,-0.03184753,0.998774,nan,nan,nan,nan,nan,nan,0.0,0.0,0.0,0.0,0.0,0.0,nan,nan,nan,1,0,0,0
5719945307,5719945302,-0.18710878,0.063916974,-0.5005552,0.0026030743,0.041271027,-0.03072113,0.99867225,nan,nan,nan,nan,nan,nan,0.0,0.0,0.0,0.0,0.0,0.0,nan,nan,nan,1,0,0,0
5719955782,5719955777,-0.1870903,0.063914776,-0.500245,0.002090928,0.041242592,-0.03125071,0.9986582,nan,nan,nan,nan,nan,nan,0.0,0.0,0.0,0.0,0.0,0.0,nan,nan,nan,1,0,0,0
5719962483,5719962477,-0.18713175,0.06407522,-0.4999088,-0.0004247419,-0.037691694,0.032866318,-0.9987486,nan,nan,nan,nan,nan,nan,0.0,0.0,0.0,0.0,0.0,0.0,nan,nan,nan,1,0,0,0
5719970972,5719970967,-0.18724583,0.06355999,-0.4988762,0.0031168407,0.044825748,-0.039090697,0.99822485,nan,nan,nan,nan,nan,nan,0.0,0.0,0.0,0.0,0.0,0.0,nan,nan,nan,1,0,0,0
5719979299,5719979294,-0.18733138,0.0633873,-0.497999,0.004637939,0.04748467,-0.037306182,0.9981643,nan,nan,nan,nan,nan,nan,0.0,0.0,0.0,0.0,0.0,0.0,nan,nan,nan,1,0,0,0
5719987386,5719987381,-0.18735121,0.06380743,-0.49729034,0.005755366,0.05011785,-0.036964785,0.99804246,nan,nan,nan,nan,nan,nan,0.0,0.0,0.0,0.0,0.0,0.0,nan,nan,nan,1,0,0,0
5719996293,5719996288,-0.18746693,0.06356813,-0.49599048,0.0058748373,0.047197267,-0.035737656,0.99822885,nan,nan,nan,nan,nan,nan,0.0,0.0,0.0,0.0,0.0,0.0,nan,nan,nan,1,0,0,0
5720005920,5720005915,-0.18735361,0.06408834,-0.49513876,0.0018167677,0.035052754,-0.030984838,0.99890345,nan,nan,nan,nan,nan,nan,0.0,0.0,0.0,0.0,0.0,0.0,nan,nan,nan,1,0,0,0
5720012374,5720012368,-0.18738008,0.06423572,-0.49367064,0.0015479281,0.03500449,-0.03029035,0.9989268,nan,nan,nan,nan,nan,nan,0.0,0.0,0.0,0.0,0.0,0.0,nan,nan,nan,1,0,0,0
5720021297,5720021291,-0.18749979,0.064262904,-0.4918638,0.0018998291,0.03569093,-0.029543558,0.9989243,nan,nan,nan,nan,nan,nan,0.0,0.0,0.0,0.0,0.0,0.0,nan,nan,nan,1,0,0,0
5720029300,5720029295,-0.18748677,0.06497493,-0.49033058,0.0045777224,0.04631798,-0.024836434,0.9986075,nan,nan,nan,nan,nan,nan,0.0,0.0,0.0,0.0,0.0,0.0,nan,nan,nan,1,0,0,0
5720037405,5720037399,-0.18765381,0.0640017,-0.48741195,0.0024032064,0.03700902,-0.02595729,0.99897486,nan,nan,nan,nan,nan,nan,0.0,0.0,0.0,0.0,0.0,0.0,nan,nan,nan,1,0,0,0
5720045301,5720045295,-0.18763165,0.06433131,-0.48535502,-0.00070835144,-0.034093007,0.027666347,-0.9990355,nan,nan,nan,nan,nan,nan,0.0,0.0,0.0,0.0,0.0,0.0,nan,nan,nan,1,0,0,0
5720055162,5720055157,-0.18777792,0.06389166,-0.48222,0.0030311514,0.041351512,-0.03391063,0.9985645,nan,nan,nan,nan,nan,nan,0.0,0.0,0.0,0.0,0.0,0.0,nan,nan,nan,1,0,0,0
5720062532,5720062527,-0.18778808,0.064210884,-0.47956252,0.0018478234,0.03718197,-0.02598086,0.998969,nan,nan,nan,nan,nan,nan,0.0,0.0,0.0,0.0,0.0,0.0,nan,nan,nan,1,0,0,0
5720070247,5720070242,-0.18789023,0.063770935,-0.47625104,0.0031862515,0.04326124,-0.030821612,0.9985832,nan,nan,nan,nan,nan,nan,0.0,0.0,0.0,0.0,0.0,0.0,nan,nan,nan,1,0,0,0
5720079294,5720079289,-0.18794952,0.06368,-0.47287768,0.00381024,0.044598743,-0.032251563,0.99847704,nan,nan,nan,nan,nan,nan,0.0,0.0,0.0,0.0,0.0,0.0,nan,nan,nan,1,0,0,0
5720088295,5720088288,-0.18789831,0.063714266,-0.46940842,0.002994578,0.043360874,-0.031618595,0.9985545,nan,nan,nan,nan,nan,nan,0.0,0.0,0.0,0.0,0.0,0.0,nan,nan,nan,1,0,0,0
5720095303,5720095297,-0.1878999,0.06387365,-0.46586916,0.0020777688,0.041081034,-0.03399595,0.99857515,nan,nan,nan,nan,nan,nan,0.0,0.0,0.0,0.0,0.0,0.0,nan,nan,nan,1,0,0,0
5720105605,5720105599,-0.18780266,0.063525945,-0.46184748,0.0026001907,0.04354321,-0.031119082,0.9985634,nan,nan,nan,nan,nan,nan,0.0,0.0,0.0,0.0,0.0,0.0,nan,nan,nan,1,0,0,0
5720113298,5720113293,-0.18752287,0.06406756,-0.45821306,-0.00041558154,-0.03639809,0.025359616,-0.9990155,nan,nan,nan,nan,nan,nan,0.0,0.0,0.0,0.0,0.0,0.0,nan,nan,nan,1,0,0,0
5720124815,5720124810,-0.18749002,0.064000264,-0.4539129,-0.00038886754,-0.037356928,0.025334906,-0.9989807,nan,nan,nan,nan,nan,nan,0.0,0.0,0.0,0.0,0.0,0.0,nan,nan,nan,1,0,0,0
5720128856,5720128851,-0.18742801,0.06384996,-0.44953012,-0.0006472482,-0.0356,0.025387114,-0.99904335,nan,nan,nan,nan,nan,nan,0.0,0.0,0.0,0.0,0.0,0.0,nan,nan,nan,1,0,0,0
5720137218,5720137213,-0.18740185,0.06402766,-0.44502836,-0.00015109337,-0.03702387,0.025245626,-0.9989954,nan,nan,nan,nan,nan,nan,0.0,0.0,0.0,0.0,0.0,0.0,nan,nan,nan,1,0,0,0
5720145303,5720145298,-0.18747133,0.064159766,-0.440482,0.0009778538,-0.03328497,0.026251297,-0.9991006,nan,nan,nan,nan,nan,nan,0.0,0.0,0.0,0.0,0.0,0.0,nan,nan,nan,1,0,0,0
5720155451,5720155445,-0.18748239,0.06391995,-0.43544012,0.0002371189,-0.03597698,0.023849044,-0.99906796,nan,nan,nan,nan,nan,nan,0.0,0.0,0.0,0.0,0.0,0.0,nan,nan,nan,1,0,0,0
5720165299,5720165294,-0.18748173,0.06391063,-0.43045613,0.00090154086,-0.034822423,0.023978377,-0.9991054,nan,nan,nan,nan,nan,nan,0.0,0.0,0.0,0.0,0.0,0.0,nan,nan,nan,1,0,0,0
5720170075,5720170070,-0.18727043,0.06490134,-0.42571574,0.00039354007,-0.04473595,0.020747278,-0.99878335,nan,nan,nan,nan,nan,nan,0.0,0.0,0.0,0.0,0.0,0.0,nan,nan,nan,1,0,0,0
5720179396,5720179353,-0.18711056,0.06498173,-0.42082652,-0.00040314725,-0.046456143,0.020188926,-0.99871624,nan,nan,nan,nan,nan,nan,0.0,0.0,0.0,0.0,0.0,0.0,nan,nan,nan,1,0,0,0
5720187297,5720187290,-0.1871269,0.06505804,-0.41537887,-0.00078243733,-0.04581051,0.020291401,-0.9987437,nan,nan,nan,nan,nan,nan,0.0,0.0,0.0,0.0,0.0,0.0,nan,nan,nan,1,0,0,0
5720196292,5720196286,-0.18718907,0.06496666,-0.4096734,0.00026655805,-0.044251483,0.019839242,-0.9988234,nan,nan,nan,nan,nan,nan,0.0,0.0,0.0,0.0,0.0,0.0,nan,nan,nan,1,0,0,0
5720204426,5720204421,-0.18732618,0.06409529,-0.40322268,0.0019005089,-0.0351805,0.023061464,-0.999113,nan,nan,nan,nan,nan,nan,0.0,0.0,0.0,0.0,0.0,0.0,nan,nan,nan,1,0,0,0
5720214917,5720214882,-0.18710458,0.064981215,-0.39792258,0.0010603134,-0.041701578,0.02175817,-0.99889255,nan,nan,nan,nan,nan,nan,0.0,0.0,0.0,0.0,0.0,0.0,nan,nan,nan,1,0,0,0
5720221401,5720221395,-0.18727304,0.06386566,-0.39122558,0.0031293165,-0.031775676,0.023008073,-0.9992253,nan,nan,nan,nan,nan,nan,0.0,0.0,0.0,0.0,0.0,0.0,nan,nan,nan,1,0,0,0
5720231325,5720231320,-0.1870505,0.06491554,-0.38558826,0.0019394411,-0.042136613,0.021218365,-0.99888456,nan,nan,nan,nan,nan,nan,0.0,0.0,0.0,0.0,0.0,0.0,nan,nan,nan,1,0,0,0
5720236404,5720236399,-0.18727633,0.063863724,-0.37852597,0.0029909797,-0.031371534,0.023104336,-0.9992362,nan,nan,nan,nan,nan,nan,0.0,0.0,0.0,0.0,0.0,0.0,nan,nan,nan,1,0,0,0
5720246298,5720246293,-0.18726444,0.06383072,-0.37203398,0.0030654944,-0.031852674,0.022977766,-0.9992237,nan,nan,nan,nan,nan,nan,0.0,0.0,0.0,0.0,0.0,0.0,nan,nan,nan,1,0,0,0
5720254630,5720254625,-0.18691282,0.06474074,-0.36615324,0.0020650986,-0.041869108,0.020352243,-0.99891365,nan,nan,nan,nan,nan,nan,0.0,0.0,0.0,0.0,0.0,0.0,nan,nan,nan,1,0,0,0
5720262289,5720262283,-0.18709308,0.06359602,-0.35876513,0.0021804485,-0.0326777,0.021611068,-0.99922985,nan,nan,nan,nan,nan,nan,0.0,0.0,0.0,0.0,0.0,0.0,nan,nan,nan,1,0,0,0
5720269987,5720269982,-0.1868018,0.064585105,-0.3526641,0.0013079752,-0.04336428,0.019575145,-0.9988667,nan,nan,nan,nan,nan,nan,0.0,0.0,0.0,0.0,0.0,0.0,nan,nan,nan,1,0,0,0
5720279299,5720279293,-0.18682347,0.064476624,-0.34578583,0.00031348135,-0.041897256,0.020160504,-0.99891853,nan,nan,nan,nan,nan,nan,0.0,0.0,0.0,0.0,0.0,0.0,nan,nan,nan,1,0,0,0
5720287295,5720287288,-0.186549,0.06537097,-0.33936843,0.0019295015,-0.039308112,0.032388505,-0.9987003,nan,nan,nan,nan,nan,nan,0.0,0.0,0.0,0.0,0.0,0.0,nan,nan,nan,1,0,0,0
5720296298,5720296292,-0.1867858,0.063735776,-0.33102733,0.004206174,-0.029857213,0.025279924,-0.9992255,nan,nan,nan,nan,nan,nan,0.0,0.0,0.0,0.0,0.0,0.0,nan,nan,nan,1,0,0,0
5720305326,5720305320,-0.18675779,0.06334562,-0.32350114,0.0024782214,-0.03189971,0.022347724,-0.9992381,nan,nan,nan,nan,nan,nan,0.0,0.0,0.0,0.0,0.0,0.0,nan,nan,nan,1,0,0,0
5720312408,5720312403,-0.18641514,0.06425779,-0.31686482,0.0012008495,-0.04198672,0.021416593,-0.99888784,nan,nan,nan,nan,nan,nan,0.0,0.0,0.0,0.0,0.0,0.0,nan,nan,nan,1,0,0,0
5720320296,5720320291,-0.18635327,0.06402496,-0.30937183,0.0011044167,-0.04121416,0.020860022,-0.99893194,nan,nan,nan,nan,nan,nan,0.0,0.0,0.0,0.0,0.0,0.0,nan,nan,nan,1,0,0,0
5720329294,5720329289,-0.1862048,0.06415373,-0.30202177,0.0013410457,-0.04195851,0.020145321,-0.9989153,nan,nan,nan,nan,nan,nan,0.0,0.0,0.0,0.0,0.0,0.0,nan,nan,nan,1,0,0,0
5720337518,5720337512,-0.18603814,0.06387818,-0.29449156,0.005997394,-0.028006123,0.0287791,-0.99917537,nan,nan,nan,nan,nan,nan,0.0,0.0,0.0,0.0,0.0,0.0,nan,nan,nan,1,0,0,0
5720345301,5720345296,-0.18593313,0.06400698,-0.28702798,0.000770018,-0.039568502,0.022686144,-0.998959,nan,nan,nan,nan,nan,nan,0.0,0.0,0.0,0.0,0.0,0.0,nan,nan,nan,1,0,0,0
5720354712,5720354705,-0.185555,0.06483137,-0.28017625,0.001341216,-0.035835493,0.03240056,-0.99883145,nan,nan,nan,nan,nan,nan,0.0,0.0,0.0,0.0,0.0,0.0,nan,nan,nan,1,0,0,0
5720362291,5720362286,-0.18545982,0.0639646,-0.27187073,7.351607e-05,-0.04062232,0.020891173,-0.99895614,nan,nan,nan,nan,nan,nan,0.0,0.0,0.0,0.0,0.0,0.0,nan,nan,nan,1,0,0,0
5720371106,5720371078,-0.18532537,0.06413288,-0.2642532,0.00020309923,-0.039722025,0.022052106,-0.99896735,nan,nan,nan,nan,nan,nan,0.0,0.0,0.0,0.0,0.0,0.0,nan,nan,nan,1,0,0,0
5720379434,5720379427,-0.18538316,0.06388943,-0.2566286,-0.00011265402,-0.037584666,0.018968793,-0.9991134,nan,nan,nan,nan,nan,nan,0.0,0.0,0.0,0.0,0.0,0.0,nan,nan,nan,1,0,0,0
5720387320,5720387315,-0.18508884,0.064905725,-0.24968478,0.00020089309,-0.03404131,0.03134392,-0.9989288,nan,nan,nan,nan,nan,nan,0.0,0.0,0.0,0.0,0.0,0.0,nan,nan,nan,1,0,0,0
5720396293,5720396288,-0.18515103,0.06316906,-0.24084245,0.00095148286,0.029911332,-0.019466568,0.9993625,nan,nan,nan,nan,nan,nan,0.0,0.0,0.0,0.0,0.0,0.0,nan,nan,nan,1,0,0,0
5720404618,5720404613,-0.18477488,0.06392283,-0.23373286,0.004248384,0.039276376,-0.02135354,0.9989912,nan,nan,nan,nan,nan,nan,0.0,0.0,0.0,0.0,0.0,0.0,nan,nan,nan,1,0,0,0
5720415331,5720415326,-0.18435735,0.063685894,-0.22594695,0.0024935354,-0.027849337,0.028466454,-0.9992036,nan,nan,nan,nan,nan,nan,0.0,0.0,0.0,0.0,0.0,0.0,nan,nan,nan,1,0,0,0
5720420314,5720420308,-0.18436885,0.06307629,-0.21781458,0.003609044,0.032707673,-0.019962946,0.9992591,nan,nan,nan,nan,nan,nan,0.0,0.0,0.0,0.0,0.0,0.0,nan,nan,nan,1,0,0,0
5720429394,5720429389,-0.18395908,0.06362997,-0.21085604,-0.00037756222,-0.028783504,0.026002118,-0.9992474,nan,nan,nan,nan,nan,nan,0.0,0.0,0.0,0.0,0.0,0.0,nan,nan,nan,1,0,0,0
5720437346,5720437341,-0.18379311,0.06427301,-0.2038532,0.00451093,0.036958348,-0.027635748,0.9989244,nan,nan,nan,nan,nan,nan,0.0,0.0,0.0,0.0,0.0,0.0,nan,nan,nan,1,0,0,0
5720445303,5720445298,-0.18392074,0.06303576,-0.19515046,0.005520673,0.033984736,-0.017619958,0.9992517,nan,nan,nan,nan,nan,nan,0.0,0.0,0.0,0.0,0.0,0.0,nan,nan,nan,1,0,0,0
5720455607,5720455602,-0.18348913,0.06338591,-0.187823,0.005758224,0.039087173,-0.016961364,0.99907523,nan,nan,nan,nan,nan,nan,0.0,0.0,0.0,0.0,0.0,0.0,nan,nan,nan,1,0,0,0
5720462292,5720462287,-0.18309921,0.06415457,-0.18110602,0.0059864726,0.037310135,-0.02844006,0.99888104,nan,nan,nan,nan,nan,nan,0.0,0.0,0.0,0.0,0.0,0.0,nan,nan,nan,1,0,0,0
5720470273,5720470267,-0.18300854,0.06395029,-0.1737327,0.0067424253,0.03479903,-0.02669173,0.99901515,nan,nan,nan,nan,nan,nan,0.0,0.0,0.0,0.0,0.0,0.0,nan,nan,nan,1,0,0,0
5720479315,5720479309,-0.18282127,0.06306296,-0.16567051,0.007916952,0.03596718,-0.019311378,0.999135,nan,nan,nan,nan,nan,nan,0.0,0.0,0.0,0.0,0.0,0.0,nan,nan,nan,1,0,0,0
5720488414,5720488409,-0.18235068,0.06399152,-0.15908694,0.008468635,0.035940126,-0.026431037,0.9989685,nan,nan,nan,nan,nan,nan,0.0,0.0,0.0,0.0,0.0,0.0,nan,nan,nan,1,0,0,0
5720495300,5720495288,-0.18210211,0.063905604,-0.15195233,0.0092532495,0.03366106,-0.026073715,0.99905026,nan,nan,nan,nan,nan,nan,0.0,0.0,0.0,0.0,0.0,0.0,nan,nan,nan,1,0,0,0
5720504667,5720504661,-0.18171105,0.06405015,-0.14467886,0.009518245,0.033986863,-0.025490116,0.9990518,nan,nan,nan,nan,nan,nan,0.0,0.0,0.0,0.0,0.0,0.0,nan,nan,nan,1,0,0,0
5720512292,5720512287,-0.18150795,0.06312349,-0.13709201,0.011945605,0.03440615,-0.015527387,0.9992159,nan,nan,nan,nan,nan,nan,0.0,0.0,0.0,0.0,0.0,0.0,nan,nan,nan,1,0,0,0
5720530528,5720530523,-0.18097289,0.06395433,-0.1307827,0.011848586,0.03306508,-0.02410214,0.9990923,nan,nan,nan,nan,nan,nan,0.0,0.0,0.0,0.0,0.0,0.0,nan,nan,nan,1,0,0,0
5720532290,5720532285,-0.18059811,0.0641709,-0.12400413,0.01362573,0.034481183,-0.0238218,0.9990285,nan,nan,nan,nan,nan,nan,0.0,0.0,0.0,0.0,0.0,0.0,nan,nan,nan,1,0,0,0
5720538594,5720538588,-0.18015628,0.06402997,-0.11730714,0.015496634,0.033892293,-0.02419971,0.99901223,nan,nan,nan,nan,nan,nan,0.0,0.0,0.0,0.0,0.0,0.0,nan,nan,nan,1,0,0,0
5720546297,5720546291,-0.17971686,0.064259775,-0.11059657,0.01644897,0.036659323,-0.02400888,0.998904,nan,nan,nan,nan,nan,nan,0.0,0.0,0.0,0.0,0.0,0.0,nan,nan,nan,1,0,0,0
5720557293,5720557288,-0.1794105,0.06396069,-0.10398442,0.01910214,0.035884805,-0.022922913,0.99891037,nan,nan,nan,nan,nan,nan,0.0,0.0,0.0,0.0,0.0,0.0,nan,nan,nan,1,0,0,0
5720564174,5720564169,-0.17890988,0.063958555,-0.09732886,0.01871466,0.037581146,-0.023746366,0.99883616,nan,nan,nan,nan,nan,nan,0.0,0.0,0.0,0.0,0.0,0.0,nan,nan,nan,1,0,0,0
5720570182,5720570177,-0.17859474,0.06423497,-0.09126285,0.022082718,0.03926579,-0.022245474,0.99873704,nan,nan,nan,nan,nan,nan,0.0,0.0,0.0,0.0,0.0,0.0,nan,nan,nan,1,0,0,0
5720579345,5720579339,-0.17831211,0.06376171,-0.08442767,0.021029007,0.03740566,-0.022731707,0.9988202,nan,nan,nan,nan,nan,nan,0.0,0.0,0.0,0.0,0.0,0.0,nan,nan,nan,1,0,0,0
5720587297,5720587290,-0.17778176,0.06409673,-0.07815212,0.022612475,0.04009684,-0.025982223,0.998602,nan,nan,nan,nan,nan,nan,0.0,0.0,0.0,0.0,0.0,0.0,nan,nan,nan,1,0,0,0
5720595396,5720595390,-0.1773412,0.063763656,-0.07179846,0.023773812,0.03953824,-0.02693935,0.99857193,nan,nan,nan,nan,nan,nan,0.0,0.0,0.0,0.0,0.0,0.0,nan,nan,nan,1,0,0,0
5720605359,5720605353,-0.17680533,0.06355116,-0.06540534,0.022393536,0.04099108,-0.027457032,0.9985311,nan,nan,nan,nan,nan,nan,0.0,0.0,0.0,0.0,0.0,0.0,nan,nan,nan,1,0,0,0
5720612447,5720612441,-0.17648692,0.06329677,-0.05931073,0.024352778,0.04001097,-0.02736374,0.9985275,nan,nan,nan,nan,nan,nan,0.0,0.0,0.0,0.0,0.0,0.0,nan,nan,nan,1,0,0,0
5720620356,5720620350,-0.17610723,0.0631897,-0.05334262,0.023864673,0.038720928,-0.027736826,0.9985799,nan,nan,nan,nan,nan,nan,0.0,0.0,0.0,0.0,0.0,0.0,nan,nan,nan,1,0,0,0
5720628291,5720628285,-0.17579046,0.063153006,-0.04727008,0.024735827,0.04013548,-0.026988829,0.99852335,nan,nan,nan,nan,nan,nan,0.0,0.0,0.0,0.0,0.0,0.0,nan,nan,nan,1,0,0,0
5720636611,5720636604,-0.175241,0.06324577,-0.041630507,0.025119493,0.043039154,-0.03004452,0.99830556,nan,nan,nan,nan,nan,nan,0.0,0.0,0.0,0.0,0.0,0.0,nan,nan,nan,1,0,0,0
5720646336,5720646331,-0.17463505,0.06311047,-0.036234345,0.026143052,0.045984566,-0.030371385,0.99813807,nan,nan,nan,nan,nan,nan,0.0,0.0,0.0,0.0,0.0,0.0,nan,nan,nan,1,0,0,0
5720654284,5720654279,-0.17422579,0.062833734,-0.031029018,0.028274426,0.045919728,-0.031719323,0.998041,nan,nan,nan,nan,nan,nan,0.0,0.0,0.0,0.0,0.0,0.0,nan,nan,nan,1,0,0,0
5720664290,5720664285,-0.17379574,0.06277857,-0.025970824,0.028798057,0.046270538,-0.03108228,0.9980299,nan,nan,nan,nan,nan,nan,0.0,0.0,0.0,0.0,0.0,0.0,nan,nan,nan,1,0,0,0
5720670822,5720670817,-0.17355543,0.06268929,-0.02119534,0.030492995,0.045134775,-0.030364761,0.9980536,nan,nan,nan,nan,nan,nan,0.0,0.0,0.0,0.0,0.0,0.0,nan,nan,nan,1,0,0,0
5720679300,5720679294,-0.17323422,0.06275112,-0.016604707,0.030269371,0.045314014,-0.03036251,0.9980524,nan,nan,nan,nan,nan,nan,0.0,0.0,0.0,0.0,0.0,0.0,nan,nan,nan,1,0,0,0
5720687297,5720687290,-0.17294727,0.06265212,-0.012170232,0.031417336,0.045478106,-0.029309666,0.99804085,nan,nan,nan,nan,nan,nan,0.0,0.0,0.0,0.0,0.0,0.0,nan,nan,nan,1,0,0,0
5720696291,5720696285,-0.17261772,0.0627241,-0.00795191,0.031600934,0.046096645,-0.03070527,0.99796474,nan,nan,nan,nan,nan,nan,0.0,0.0,0.0,0.0,0.0,0.0,nan,nan,nan,1,0,0,0
5720704016,5720704011,-0.1723153,0.06274724,-0.0037832707,0.031820618,0.04650183,-0.03165822,0.99790925,nan,nan,nan,nan,nan,nan,0.0,0.0,0.0,0.0,0.0,0.0,nan,nan,nan,1,0,0,0
5720712300,5720712295,-0.17215732,0.06229257,-7.9655205e-05,0.032841574,0.043236457,-0.028839856,0.9981084,nan,nan,nan,nan,nan,nan,0.0,0.0,0.0,0.0,0.0,0.0,nan,nan,nan,1,0,0,0
5720721289,5720721284,-0.17196652,0.06253053,0.0038549528,0.031144893,0.044908956,-0.031558096,0.9980067,nan,nan,nan,nan,nan,nan,0.0,0.0,0.0,0.0,0.0,0.0,nan,nan,nan,1,0,0,0
5720729291,5720729286,-0.17186888,0.06207222,0.007185361,0.032285586,0.041121475,-0.028978424,0.99821186,nan,nan,nan,nan,nan,nan,0.0,0.0,0.0,0.0,0.0,0.0,nan,nan,nan,1,0,0,0
5720737079,5720737074,-0.17165281,0.062129524,0.010591461,0.030810721,0.041604605,-0.028952686,0.9982392,nan,nan,nan,nan,nan,nan,0.0,0.0,0.0,0.0,0.0,0.0,nan,nan,nan,1,0,0,0
5720746427,5720746422,-0.17151347,0.06213904,0.013967298,0.031002643,0.041036468,-0.030019918,0.9982252,nan,nan,nan,nan,nan,nan,0.0,0.0,0.0,0.0,0.0,0.0,nan,nan,nan,1,0,0,0
5720755292,5720755286,-0.17136127,0.061992925,0.016991116,0.030932287,0.040573794,-0.029156279,0.99827194,nan,nan,nan,nan,nan,nan,0.0,0.0,0.0,0.0,0.0,0.0,nan,nan,nan,1,0,0,0
5720762463,5720762458,-0.17107466,0.06211184,0.019924432,0.030893391,0.043180365,-0.030920062,0.9981107,nan,nan,nan,nan,nan,nan,0.0,0.0,0.0,0.0,0.0,0.0,nan,nan,nan,1,0,0,0
5720774476,5720774470,-0.17096095,0.061886594,0.022658996,0.032346483,0.04264613,-0.030936278,0.9980871,nan,nan,nan,nan,nan,nan,0.0,0.0,0.0,0.0,0.0,0.0,nan,nan,nan,1,0,0,0
5720779300,5720779295,-0.1708465,0.061881367,0.025182912,0.03167572,0.043415,-0.031519853,0.99805725,nan,nan,nan,nan,nan,nan,0.0,0.0,0.0,0.0,0.0,0.0,nan,nan,nan,1,0,0,0
5720787326,5720787291,-0.17096248,0.061863054,0.027630787,0.03249168,0.04411304,-0.030455371,0.99803346,nan,nan,nan,nan,nan,nan,0.0,0.0,0.0,0.0,0.0,0.0,nan,nan,nan,1,0,0,0
5720796433,5720796427,-0.17092788,0.06183588,0.029749451,0.032413837,0.04575658,-0.030321421,0.9979661,nan,nan,nan,nan,nan,nan,0.0,0.0,0.0,0.0,0.0,0.0,nan,nan,nan,1,0,0,0
5720803487,5720803482,-0.17093319,0.061826438,0.03168299,0.033432275,0.045737952,-0.03135003,0.9979015,nan,nan,nan,nan,nan,nan,0.0,0.0,0.0,0.0,0.0,0.0,nan,nan,nan,1,0,0,0
5720814224,5720814219,-0.17108779,0.061946724,0.033597082,0.03331865,0.04642116,-0.033899363,0.9977904,nan,nan,nan,nan,nan,nan,0.0,0.0,0.0,0.0,0.0,0.0,nan,nan,nan,1,0,0,0
5720820295,5720820289,-0.17123441,0.061841726,0.035051867,0.03356927,0.04747858,-0.03360749,0.9977422,nan,nan,nan,nan,nan,nan,0.0,0.0,0.0,0.0,0.0,0.0,nan,nan,nan,1,0,0,0
5720829301,5720829296,-0.17135048,0.061869852,0.036406007,0.034057345,0.04589925,-0.03467055,0.9977631,nan,nan,nan,nan,nan,nan,0.0,0.0,0.0,0.0,0.0,0.0,nan,nan,nan,1,0,0,0
5720836346,5720836341,-0.17152001,0.06163926,0.037457857,0.034650486,0.043218732,-0.032761455,0.997927,nan,nan,nan,nan,nan,nan,0.0,0.0,0.0,0.0,0.0,0.0,nan,nan,nan,1,0,0,0
5720846328,5720846322,-0.17169653,0.06161484,0.038316324,0.03503265,0.043481756,-0.032752987,0.9979024,nan,nan,nan,nan,nan,nan,0.0,0.0,0.0,0.0,0.0,0.0,nan,nan,nan,1,0,0,0
5720854320,5720854315,-0.1718018,0.06181917,0.0390789,0.03479159,0.045627207,-0.034475002,0.9977571,nan,nan,nan,nan,nan,nan,0.0,0.0,0.0,0.0,0.0,0.0,nan,nan,nan,1,0,0,0
5720862290,5720862285,-0.1718818,0.06181658,0.03953889,0.035481397,0.04573342,-0.034384776,0.997731,nan,nan,nan,nan,nan,nan,0.0,0.0,0.0,0.0,0.0,0.0,nan,nan,nan,1,0,0,0
5720870445,5720870437,-0.17195152,0.06183307,0.039857347,0.03597733,0.045922786,-0.03433958,0.9977061,nan,nan,nan,nan,nan,nan,0.0,0.0,0.0,0.0,0.0,0.0,nan,nan,nan,1,0,0,0
5720879299,5720879293,-0.17203493,0.06180472,0.039950933,0.036849294,0.045303233,-0.034359705,0.99770194,nan,nan,nan,nan,nan,nan,0.0,0.0,0.0,0.0,0.0,0.0,nan,nan,nan,1,0,0,0
5720888298,5720888291,-0.17209236,0.061795916,0.039854046,0.0372727,0.045460586,-0.034239564,0.99768317,nan,nan,nan,nan,nan,nan,0.0,0.0,0.0,0.0,0.0,0.0,nan,nan,nan,1,0,0,0
5720895294,5720895289,-0.17212047,0.06178236,0.03966233,0.03756914,0.04547881,-0.03433575,0.99766797,nan,nan,nan,nan,nan,nan,0.0,0.0,0.0,0.0,0.0,0.0,nan,nan,nan,1,0,0,0
5720904779,5720904773,-0.17210451,0.061769754,0.039326243,0.037447333,0.04529275,-0.03447575,0.99767613,nan,nan,nan,nan,nan,nan,0.0,0.0,0.0,0.0,0.0,0.0,nan,nan,nan,1,0,0,0
5720912298,5720912293,-0.17205034,0.06174231,0.038892563,0.03725819,0.045054056,-0.034402415,0.9976965,nan,nan,nan,nan,nan,nan,0.0,0.0,0.0,0.0,0.0,0.0,nan,nan,nan,1,0,0,0
5720921296,5720921291,-0.1719463,0.061539266,0.038237486,0.03734096,0.043395266,-0.032500174,0.99783075,nan,nan,nan,nan,nan,nan,0.0,0.0,0.0,0.0,0.0,0.0,nan,nan,nan,1,0,0,0
5720929288,5720929283,-0.17184006,0.061541207,0.037495207,0.036912467,0.04273135,-0.03251077,0.99787503,nan,nan,nan,nan,nan,nan,0.0,0.0,0.0,0.0,0.0,0.0,nan,nan,nan,1,0,0,0
5720937859,5720937852,-0.17174926,0.061738722,0.03665578,0.035505764,0.04430975,-0.034777224,0.99778086,nan,nan,nan,nan,nan,nan,0.0,0.0,0.0,0.0,0.0,0.0,nan,nan,nan,1,0,0,0
5720945299,5720945294,-0.17161211,0.06169756,0.035496,0.034614783,0.04552972,-0.03474612,0.99775827,nan,nan,nan,nan,nan,nan,0.0,0.0,0.0,0.0,0.0,0.0,nan,nan,nan,1,0,0,0
5720954295,5720954289,-0.17141859,0.06168013,0.03423357,0.033926196,0.04559638,-0.03456695,0.99778503,nan,nan,nan,nan,nan,nan,0.0,0.0,0.0,0.0,0.0,0.0,nan,nan,nan,1,0,0,0
5720963924,5720963919,-0.17116368,0.061557613,0.032664478,0.033465907,0.043565117,-0.032807983,0.9979508,nan,nan,nan,nan,nan,nan,0.0,0.0,0.0,0.0,0.0,0.0,nan,nan,nan,1,0,0,0
5720970376,5720970371,-0.17100611,0.06168748,0.031096052,0.03181242,0.04622192,-0.03500675,0.99781066,nan,nan,nan,nan,nan,nan,0.0,0.0,0.0,0.0,0.0,0.0,nan,nan,nan,1,0,0,0
5720979344,5720979338,-0.17076524,0.061522774,0.029110752,0.031390753,0.044262692,-0.03303949,0.99797994,nan,nan,nan,nan,nan,nan,0.0,0.0,0.0,0.0,0.0,0.0,nan,nan,nan,1,0,0,0
5720987723,5720987718,-0.17056626,0.06151583,0.026995875,0.030517178,0.045295216,-0.03324513,0.99795383,nan,nan,nan,nan,nan,nan,0.0,0.0,0.0,0.0,0.0,0.0,nan,nan,nan,1,0,0,0
5720995294,5720995288,-0.17034635,0.061577618,0.024712332,0.029565835,0.04464583,-0.033147432,0.998015,nan,nan,nan,nan,nan,nan,0.0,0.0,0.0,0.0,0.0,0.0,nan,nan,nan,1,0,0,0
5721004512,5721004506,-0.17014028,0.061514985,0.022181448,0.02880658,0.044964388,-0.033865537,0.9979987,nan,nan,nan,nan,nan,nan,0.0,0.0,0.0,0.0,0.0,0.0,nan,nan,nan,1,0,0,0
5721013650,5721013645,-0.16998433,0.061762013,0.01958603,0.027190508,0.046210688,-0.035446808,0.9979323,nan,nan,nan,nan,nan,nan,0.0,0.0,0.0,0.0,0.0,0.0,nan,nan,nan,1,0,0,0
5721020295,5721020290,-0.16972786,0.06158865,0.016502857,0.026314823,0.04500842,-0.03372673,0.99807024,nan,nan,nan,nan,nan,nan,0.0,0.0,0.0,0.0,0.0,0.0,nan,nan,nan,1,0,0,0
5721029296,5721029290,-0.16954595,0.061713275,0.013495559,0.025017621,0.046547953,-0.035926733,0.9979562,nan,nan,nan,nan,nan,nan,0.0,0.0,0.0,0.0,0.0,0.0,nan,nan,nan,1,0,0,0
5721037701,5721037696,-0.16931243,0.061726976,0.01016686,0.023445114,0.046936065,-0.036048125,0.9979719,nan,nan,nan,nan,nan,nan,0.0,0.0,0.0,0.0,0.0,0.0,nan,nan,nan,1,0,0,0
5721045359,5721045353,-0.16908139,0.06159406,0.006542754,0.022493012,0.044980127,-0.034560747,0.99813646,nan,nan,nan,nan,nan,nan,0.0,0.0,0.0,0.0,0.0,0.0,nan,nan,nan,1,0,0,0
5721054905,5721054900,-0.16887309,0.061813097,0.0029197177,0.020850718,0.046027075,-0.03629996,0.9980627,nan,nan,nan,nan,nan,nan,0.0,0.0,0.0,0.0,0.0,0.0,nan,nan,nan,1,0,0,0
5721061291,5721061285,-0.16861072,0.06149064,-0.0013200408,0.020248206,0.042923287,-0.03651043,0.99820566,nan,nan,nan,nan,nan,nan,0.0,0.0,0.0,0.0,0.0,0.0,nan,nan,nan,1,0,0,0
5721073924,5721073919,-0.16836362,0.061392903,-0.0055678375,0.018695874,0.043488167,-0.035607662,0.99824417,nan,nan,nan,nan,nan,nan,0.0,0.0,0.0,0.0,0.0,0.0,nan,nan,nan,1,0,0,0
5721083713,5721083707,-0.16807814,0.061534517,-0.009904733,0.017308362,0.044323698,-0.037075777,0.9981789,nan,nan,nan,nan,nan,nan,0.0,0.0,0.0,0.0,0.0,0.0,nan,nan,nan,1,0,0,0
5721087692,5721087687,-0.16782306,0.061500955,-0.014488323,0.01567371,0.044852827,-0.0376223,0.9981619,nan,nan,nan,nan,nan,nan,0.0,0.0,0.0,0.0,0.0,0.0,nan,nan,nan,1,0,0,0
5721096291,5721096284,-0.16755202,0.061526865,-0.019260274,0.014486313,0.044954874,-0.037610188,0.9981757,nan,nan,nan,nan,nan,nan,0.0,0.0,0.0,0.0,0.0,0.0,nan,nan,nan,1,0,0,0
5721103959,5721103954,-0.16734399,0.061560918,-0.024226207,0.013105044,0.044788618,-0.038075905,0.99818456,nan,nan,nan,nan,nan,nan,0.0,0.0,0.0,0.0,0.0,0.0,nan,nan,nan,1,0,0,0
5721113702,5721113697,-0.1671741,0.0616158,-0.029453292,0.011496622,0.04441015,-0.038187217,0.99821705,nan,nan,nan,nan,nan,nan,0.0,0.0,0.0,0.0,0.0,0.0,nan,nan,nan,1,0,0,0
5721121294,5721121288,-0.16701628,0.061727285,-0.0348437,0.010304225,0.044360753,-0.03871067,0.9982121,nan,nan,nan,nan,nan,nan,0.0,0.0,0.0,0.0,0.0,0.0,nan,nan,nan,1,0,0,0
5721140637,5721140603,-0.16684404,0.06175523,-0.0462912,0.007706131,0.043496303,-0.037720837,0.99831146,nan,nan,nan,nan,nan,nan,0.0,0.0,0.0,0.0,0.0,0.0,nan,nan,nan,1,0,0,0
5721145297,5721145292,-0.16665965,0.061772086,-0.05218819,0.0067023654,0.0446537,-0.038298413,0.9982456,nan,nan,nan,nan,nan,nan,0.0,0.0,0.0,0.0,0.0,0.0,nan,nan,nan,1,0,0,0
5721154372,5721154367,-0.16650474,0.061820507,-0.05834765,0.0056693996,0.044168815,-0.038157526,0.998279,nan,nan,nan,nan,nan,nan,0.0,0.0,0.0,0.0,0.0,0.0,nan,nan,nan,1,0,0,0
5721161292,5721161287,-0.16638774,0.061833605,-0.064560816,0.005135599,0.04378806,-0.03826611,0.99829453,nan,nan,nan,nan,nan,nan,0.0,0.0,0.0,0.0,0.0,0.0,nan,nan,nan,1,0,0,0
5721170267,5721170262,-0.16637851,0.062285654,-0.070683956,0.0033946463,0.04611598,-0.039201997,0.99816084,nan,nan,nan,nan,nan,nan,0.0,0.0,0.0,0.0,0.0,0.0,nan,nan,nan,1,0,0,0
5721179294,5721179289,-0.166309,0.061506066,-0.07662466,0.0040755617,0.050713055,-0.029604824,0.998266,nan,nan,nan,nan,nan,nan,0.0,0.0,0.0,0.0,0.0,0.0,nan,nan,nan,1,0,0,0
5721188400,5721188395,-0.16605169,0.062408376,-0.08397024,0.001792127,0.046080053,-0.03855689,0.9981917,nan,nan,nan,nan,nan,nan,0.0,0.0,0.0,0.0,0.0,0.0,nan,nan,nan,1,0,0,0
5721196289,5721196283,-0.16605514,0.06227893,-0.09074818,0.0017818193,0.04614607,-0.03677132,0.99825615,nan,nan,nan,nan,nan,nan,0.0,0.0,0.0,0.0,0.0,0.0,nan,nan,nan,1,0,0,0
5721205005,5721205000,-0.16600545,0.062396128,-0.09774312,-0.0014430899,-0.045837812,0.03739574,-0.9982476,nan,nan,nan,nan,nan,nan,0.0,0.0,0.0,0.0,0.0,0.0,nan,nan,nan,1,0,0,0
5721214792,5721214787,-0.16601579,0.06247413,-0.104689956,-0.0011930002,-0.046716098,0.038304627,-0.99817276,nan,nan,nan,nan,nan,nan,0.0,0.0,0.0,0.0,0.0,0.0,nan,nan,nan,1,0,0,0
5721221297,5721221292,-0.16604182,0.062457494,-0.111894146,-0.00069173594,-0.04480892,0.03879569,-0.9982418,nan,nan,nan,nan,nan,nan,0.0,0.0,0.0,0.0,0.0,0.0,nan,nan,nan,1,0,0,0
5721234115,5721234108,-0.16611767,0.06260521,-0.11907739,0.0003450293,-0.0455568,0.038734894,-0.99821043,nan,nan,nan,nan,nan,nan,0.0,0.0,0.0,0.0,0.0,0.0,nan,nan,nan,1,0,0,0
5721237701,5721237695,-0.16610816,0.062544465,-0.12628885,0.0001384876,-0.04431199,0.039360102,-0.998242,nan,nan,nan,nan,nan,nan,0.0,0.0,0.0,0.0,0.0,0.0,nan,nan,nan,1,0,0,0
5721248328,5721248322,-0.16608016,0.06269899,-0.13366857,0.0013077009,-0.045055248,0.040566526,-0.99815965,nan,nan,nan,nan,nan,nan,0.0,0.0,0.0,0.0,0.0,0.0,nan,nan,nan,1,0,0,0
5721254294,5721254289,-0.16609299,0.06290826,-0.141007,0.0024411308,-0.04550294,0.039995626,-0.99816024,nan,nan,nan,nan,nan,nan,0.0,0.0,0.0,0.0,0.0,0.0,nan,nan,nan,1,0,0,0
5721263698,5721263692,-0.1660275,0.062873736,-0.14854838,0.0030237776,-0.046202336,0.040318083,-0.9981136,nan,nan,nan,nan,nan,nan,0.0,0.0,0.0,0.0,0.0,0.0,nan,nan,nan,1,0,0,0
5721271307,5721271302,-0.16606617,0.061680973,-0.15588032,0.0010058583,-0.048173748,0.030055398,-0.99838614,nan,nan,nan,nan,nan,nan,0.0,0.0,0.0,0.0,0.0,0.0,nan,nan,nan,1,0,0,0
5721279290,5721279284,-0.16602394,0.06263729,-0.16404444,0.002742007,-0.044303723,0.03855884,-0.99827,nan,nan,nan,nan,nan,nan,0.0,0.0,0.0,0.0,0.0,0.0,nan,nan,nan,1,0,0,0
5721288323,5721288318,-0.16614111,0.06276751,-0.17141664,0.0034096683,-0.044016518,0.04043735,-0.9982062,nan,nan,nan,nan,nan,nan,0.0,0.0,0.0,0.0,0.0,0.0,nan,nan,nan,1,0,0,0
5721295294,5721295284,-0.1661525,0.06272937,-0.17905015,0.0035397287,-0.044226654,0.040442154,-0.99819636,nan,nan,nan,nan,nan,nan,0.0,0.0,0.0,0.0,0.0,0.0,nan,nan,nan,1,0,0,0
5721303516,5721303511,-0.16621032,0.06276591,-0.18685228,0.0045365444,-0.04331612,0.040493514,-0.99823016,nan,nan,nan,nan,nan,nan,0.0,0.0,0.0,0.0,0.0,0.0,nan,nan,nan,1,0,0,0
5721313770,5721313763,-0.16630204,0.06295651,-0.19455093,0.0044292375,-0.044296324,0.04055632,-0.99818504,nan,nan,nan,nan,nan,nan,0.0,0.0,0.0,0.0,0.0,0.0,nan,nan,nan,1,0,0,0
5721320298,5721320293,-0.1665006,0.062036205,-0.20154548,0.003962336,-0.046919998,0.031584013,-0.99839133,nan,nan,nan,nan,nan,nan,0.0,0.0,0.0,0.0,0.0,0.0,nan,nan,nan,1,0,0,0
5721329428,5721329285,-0.16659878,0.062030364,-0.20916577,0.00486167,-0.046207555,0.030715618,-0.9984477,nan,nan,nan,nan,nan,nan,0.0,0.0,0.0,0.0,0.0,0.0,nan,nan,nan,1,0,0,0
5721337679,5721337674,-0.16652092,0.06322499,-0.21769172,0.006722817,-0.04386642,0.041640844,-0.99814653,nan,nan,nan,nan,nan,nan,0.0,0.0,0.0,0.0,0.0,0.0,nan,nan,nan,1,0,0,0
5721346345,5721346339,-0.16667788,0.06320713,-0.22537619,0.0075161187,-0.04318768,0.04209932,-0.99815124,nan,nan,nan,nan,nan,nan,0.0,0.0,0.0,0.0,0.0,0.0,nan,nan,nan,1,0,0,0
5721354571,5721354565,-0.16686298,0.0633942,-0.23311967,0.009065463,-0.04289928,0.04253958,-0.99813217,nan,nan,nan,nan,nan,nan,0.0,0.0,0.0,0.0,0.0,0.0,nan,nan,nan,1,0,0,0
5721363676,5721363670,-0.16699825,0.06329283,-0.24079604,0.009859465,-0.042900942,0.04228699,-0.9981353,nan,nan,nan,nan,nan,nan,0.0,0.0,0.0,0.0,0.0,0.0,nan,nan,nan,1,0,0,0
5721369903,5721369897,-0.16708188,0.063374825,-0.24849164,0.010776255,-0.04320614,0.04292978,-0.9980852,nan,nan,nan,nan,nan,nan,0.0,0.0,0.0,0.0,0.0,0.0,nan,nan,nan,1,0,0,0
5721379467,5721379462,-0.16717279,0.06350278,-0.2561523,0.0115961805,-0.04342366,0.042617835,-0.99807996,nan,nan,nan,nan,nan,nan,0.0,0.0,0.0,0.0,0.0,0.0,nan,nan,nan,1,0,0,0
5721388309,5721388304,-0.16746259,0.062542744,-0.26293734,0.011204845,-0.046116486,0.032282267,-0.99835145,nan,nan,nan,nan,nan,nan,0.0,0.0,0.0,0.0,0.0,0.0,nan,nan,nan,1,0,0,0
5721395320,5721395286,-0.16760354,0.061848506,-0.26966205,0.0142463,-0.037474252,0.033481758,-0.998635,nan,nan,nan,nan,nan,nan,0.0,0.0,0.0,0.0,0.0,0.0,nan,nan,nan,1,0,0,0
5721405988,5721405982,-0.1676011,0.062594526,-0.27780998,0.017598769,-0.033274963,0.040473685,-0.9984713,nan,nan,nan,nan,nan,nan,0.0,0.0,0.0,0.0,0.0,0.0,nan,nan,nan,1,0,0,0
5721413513,5721413508,-0.16768838,0.06269275,-0.2852404,0.018727105,-0.03374419,0.041454207,-0.9983948,nan,nan,nan,nan,nan,nan,0.0,0.0,0.0,0.0,0.0,0.0,nan,nan,nan,1,0,0,0
5721420333,5721420328,-0.16795936,0.062168457,-0.2921482,0.016131263,-0.03891266,0.035401355,-0.99848497,nan,nan,nan,nan,nan,nan,0.0,0.0,0.0,0.0,0.0,0.0,nan,nan,nan,1,0,0,0
5721429392,5721429376,-0.16820073,0.062216476,-0.2996618,0.01905244,-0.03536109,0.03747762,-0.9984898,nan,nan,nan,nan,nan,nan,0.0,0.0,0.0,0.0,0.0,0.0,nan,nan,nan,1,0,0,0
5721437315,5721437310,-0.16845249,0.062219564,-0.30669153,0.016765593,-0.038997564,0.03563072,-0.9984631,nan,nan,nan,nan,nan,nan,0.0,0.0,0.0,0.0,0.0,0.0,nan,nan,nan,1,0,0,0
5721445362,5721445357,-0.16861393,0.062265933,-0.31377134,0.01652653,-0.039120972,0.036753297,-0.9984216,nan,nan,nan,nan,nan,nan,0.0,0.0,0.0,0.0,0.0,0.0,nan,nan,nan,1,0,0,0
5721454504,5721454498,-0.1687498,0.062491275,-0.32102677,0.01787254,-0.03853613,0.038041588,-0.9983729,nan,nan,nan,nan,nan,nan,0.0,0.0,0.0,0.0,0.0,0.0,nan,nan,nan,1,0,0,0
5721463140,5721463107,-0.16904804,0.06244886,-0.32802027,0.01842917,-0.038357206,0.038348503,-0.9983579,nan,nan,nan,nan,nan,nan,0.0,0.0,0.0,0.0,0.0,0.0,nan,nan,nan,1,0,0,0
5721471096,5721471090,-0.16927078,0.062490985,-0.33492833,0.019137915,-0.04126689,0.037455004,-0.99826247,nan,nan,nan,nan,nan,nan,0.0,0.0,0.0,0.0,0.0,0.0,nan,nan,nan,1,0,0,0
5721478299,5721478294,-0.16933763,0.06246487,-0.34185928,0.019836303,-0.043474767,0.037679832,-0.99814653,nan,nan,nan,nan,nan,nan,0.0,0.0,0.0,0.0,0.0,0.0,nan,nan,nan,1,0,0,0
5721487293,5721487287,-0.1694633,0.062387504,-0.34855333,0.01885883,-0.041858435,0.03704838,-0.9982583,nan,nan,nan,nan,nan,nan,0.0,0.0,0.0,0.0,0.0,0.0,nan,nan,nan,1,0,0,0
5721495291,5721495284,-0.16968903,0.062573746,-0.35527444,0.01909395,-0.041431602,0.037233006,-0.99826473,nan,nan,nan,nan,nan,nan,0.0,0.0,0.0,0.0,0.0,0.0,nan,nan,nan,1,0,0,0
5721504033,5721504026,-0.16992244,0.063214496,-0.3626282,0.022343019,-0.034858923,0.04326456,-0.9982053,nan,nan,nan,nan,nan,nan,0.0,0.0,0.0,0.0,0.0,0.0,nan,nan,nan,1,0,0,0
5721513302,5721513296,-0.17031352,0.06260291,-0.36849123,0.018523142,-0.04016497,0.03705226,-0.998334,nan,nan,nan,nan,nan,nan,0.0,0.0,0.0,0.0,0.0,0.0,nan,nan,nan,1,0,0,0
5721521333,5721521328,-0.17040358,0.0625865,-0.37494186,0.018079737,-0.040419873,0.036658995,-0.9983463,nan,nan,nan,nan,nan,nan,0.0,0.0,0.0,0.0,0.0,0.0,nan,nan,nan,1,0,0,0
5721528290,5721528284,-0.17051907,0.06291134,-0.38151374,0.020414902,-0.036584765,0.039204586,-0.9983526,nan,nan,nan,nan,nan,nan,0.0,0.0,0.0,0.0,0.0,0.0,nan,nan,nan,1,0,0,0
5721537132,5721537127,-0.17070653,0.06278621,-0.38751355,0.017975478,-0.039951045,0.03640242,-0.99837655,nan,nan,nan,nan,nan,nan,0.0,0.0,0.0,0.0,0.0,0.0,nan,nan,nan,1,0,0,0
5721545430,5721545424,-0.17099726,0.06276296,-0.39351657,0.016307075,-0.039482005,0.036312398,-0.9984271,nan,nan,nan,nan,nan,nan,0.0,0.0,0.0,0.0,0.0,0.0,nan,nan,nan,1,0,0,0
5721554295,5721554290,-0.17110191,0.06282138,-0.3995141,0.015818777,-0.03958511,0.036839362,-0.99841154,nan,nan,nan,nan,nan,nan,0.0,0.0,0.0,0.0,0.0,0.0,nan,nan,nan,1,0,0,0
5721563020,5721563015,-0.17118183,0.06295427,-0.40548855,0.014919392,-0.041523382,0.036912423,-0.998344,nan,nan,nan,nan,nan,nan,0.0,0.0,0.0,0.0,0.0,0.0,nan,nan,nan,1,0,0,0
5721570475,5721570469,-0.17168841,0.06283561,-0.41124374,0.013361387,-0.039160553,0.03602118,-0.998494,nan,nan,nan,nan,nan,nan,0.0,0.0,0.0,0.0,0.0,0.0,nan,nan,nan,1,0,0,0
5721580408,5721580402,-0.1719449,0.06304506,-0.41712657,0.014781498,-0.034291383,0.03744771,-0.99860066,nan,nan,nan,nan,nan,nan,0.0,0.0,0.0,0.0,0.0,0.0,nan,nan,nan,1,0,0,0
5721587302,5721587295,-0.17198342,0.062966794,-0.42243728,0.012347314,-0.039403353,0.035663433,-0.99851036,nan,nan,nan,nan,nan,nan,0.0,0.0,0.0,0.0,0.0,0.0,nan,nan,nan,1,0,0,0
5721596322,5721596287,-0.17221254,0.06295266,-0.42767763,0.011550226,-0.038042717,0.036111377,-0.9985566,nan,nan,nan,nan,nan,nan,0.0,0.0,0.0,0.0,0.0,0.0,nan,nan,nan,1,0,0,0
5721604450,5721604443,-0.17224376,0.0632635,-0.43342748,0.015253307,-0.030802682,0.041191842,-0.9985599,nan,nan,nan,nan,nan,nan,0.0,0.0,0.0,0.0,0.0,0.0,nan,nan,nan,1,0,0,0
5721613205,5721613200,-0.1724756,0.06297976,-0.43807977,0.011807035,-0.039944112,0.036572635,-0.9984626,nan,nan,nan,nan,nan,nan,0.0,0.0,0.0,0.0,0.0,0.0,nan,nan,nan,1,0,0,0
5721620372,5721620366,-0.17229836,0.06315654,-0.44310156,0.01164995,-0.0424445,0.036671583,-0.99835765,nan,nan,nan,nan,nan,nan,0.0,0.0,0.0,0.0,0.0,0.0,nan,nan,nan,1,0,0,0
5721629291,5721629286,-0.17244487,0.06312026,-0.44789094,0.012265775,-0.041144136,0.03636362,-0.9984159,nan,nan,nan,nan,nan,nan,0.0,0.0,0.0,0.0,0.0,0.0,nan,nan,nan,1,0,0,0
5721637309,5721637303,-0.17242962,0.063064136,-0.4525065,0.012628076,-0.038972583,0.03770194,-0.99844885,nan,nan,nan,nan,nan,nan,0.0,0.0,0.0,0.0,0.0,0.0,nan,nan,nan,1,0,0,0
5721646303,5721646298,-0.17256504,0.06307701,-0.45689923,0.012298755,-0.041134268,0.038575836,-0.9983329,nan,nan,nan,nan,nan,nan,0.0,0.0,0.0,0.0,0.0,0.0,nan,nan,nan,1,0,0,0
5721654293,5721654287,-0.17251761,0.06345705,-0.46152797,0.015137803,-0.03791719,0.040110126,-0.9983608,nan,nan,nan,nan,nan,nan,0.0,0.0,0.0,0.0,0.0,0.0,nan,nan,nan,1,0,0,0
5721663295,5721663290,-0.17272139,0.06322106,-0.4653817,0.014629832,-0.03963026,0.038883533,-0.9983504,nan,nan,nan,nan,nan,nan,0.0,0.0,0.0,0.0,0.0,0.0,nan,nan,nan,1,0,0,0
5721670332,5721670297,-0.172634,0.06329507,-0.46945065,0.015624966,-0.041469842,0.039298717,-0.99824435,nan,nan,nan,nan,nan,nan,0.0,0.0,0.0,0.0,0.0,0.0,nan,nan,nan,1,0,0,0
5721678300,5721678295,-0.17269565,0.06331412,-0.47326052,0.017818583,-0.041519232,0.039137125,-0.99821186,nan,nan,nan,nan,nan,nan,0.0,0.0,0.0,0.0,0.0,0.0,nan,nan,nan,1,0,0,0
5721687297,5721687291,-0.17282608,0.06335067,-0.47684002,0.01891742,-0.040829185,0.039514918,-0.99820524,nan,nan,nan,nan,nan,nan,0.0,0.0,0.0,0.0,0.0,0.0,nan,nan,nan,1,0,0,0
5721696286,5721696280,-0.17306563,0.06306942,-0.4799226,0.018092033,-0.049315207,0.045270305,-0.99759275,nan,nan,nan,nan,nan,nan,0.0,0.0,0.0,0.0,0.0,0.0,nan,nan,nan,1,0,0,0
5721703728,5721703723,-0.17305595,0.06353469,-0.48351783,0.021648176,-0.041847218,0.040514022,-0.99806744,nan,nan,nan,nan,nan,nan,0.0,0.0,0.0,0.0,0.0,0.0,nan,nan,nan,1,0,0,0
5721713158,5721713153,-0.17322706,0.06352301,-0.48657873,0.022354607,-0.042473305,0.039679017,-0.9980591,nan,nan,nan,nan,nan,nan,0.0,0.0,0.0,0.0,0.0,0.0,nan,nan,nan,1,0,0,0
5721720298,5721720292,-0.17307594,0.06456825,-0.49019986,0.02394872,-0.050607663,0.03637078,-0.99776876,nan,nan,nan,nan,nan,nan,0.0,0.0,0.0,0.0,0.0,0.0,nan,nan,nan,1,0,0,0
5721728354,5721728349,-0.1732493,0.06389884,-0.4926267,0.028840609,-0.037533216,0.04140128,-0.9980208,nan,nan,nan,nan,nan,nan,0.0,0.0,0.0,0.0,0.0,0.0,nan,nan,nan,1,0,0,0
5721736798,5721736793,-0.17347528,0.06374872,-0.4949741,0.02759271,-0.04207556,0.039172284,-0.9979648,nan,nan,nan,nan,nan,nan,0.0,0.0,0.0,0.0,0.0,0.0,nan,nan,nan,1,0,0,0
5721745299,5721745294,-0.17366873,0.06382601,-0.49746782,0.02520137,-0.054910123,0.045448873,-0.997138,nan,nan,nan,nan,nan,nan,0.0,0.0,0.0,0.0,0.0,0.0,nan,nan,nan,1,0,0,0
5721754286,5721754281,-0.17372069,0.063749745,-0.49975634,0.029109629,-0.042636704,0.03869317,-0.9979166,nan,nan,nan,nan,nan,nan,0.0,0.0,0.0,0.0,0.0,0.0,nan,nan,nan,1,0,0,0
5721762968,5721762963,-0.1737921,0.06379528,-0.5018333,0.030389555,-0.041063327,0.037854284,-0.99797666,nan,nan,nan,nan,nan,nan,0.0,0.0,0.0,0.0,0.0,0.0,nan,nan,nan,1,0,0,0
5721770745,5721770739,-0.17394638,0.06467489,-0.50427383,0.027117092,-0.055048488,0.05290917,-0.99671215,nan,nan,nan,nan,nan,nan,0.0,0.0,0.0,0.0,0.0,0.0,nan,nan,nan,1,0,0,0
5721779317,5721779310,-0.17422903,0.06364542,-0.5053874,0.027695257,-0.05286208,0.044419263,-0.997229,nan,nan,nan,nan,nan,nan,0.0,0.0,0.0,0.0,0.0,0.0,nan,nan,nan,1,0,0,0
5721786818,5721786812,-0.17392078,0.065568194,-0.5074937,0.031997167,-0.05726823,0.03157234,-0.99734634,nan,nan,nan,nan,nan,nan,0.0,0.0,0.0,0.0,0.0,0.0,nan,nan,nan,1,0,0,0
5721795290,5721795284,-0.17445444,0.06371239,-0.5084215,0.028053911,-0.05196052,0.044559374,-0.99726,nan,nan,nan,nan,nan,nan,0.0,0.0,0.0,0.0,0.0,0.0,nan,nan,nan,1,0,0,0
5721804853,5721804847,-0.17430001,0.06424691,-0.51023334,0.02952558,-0.046513595,0.035840984,-0.9978378,nan,nan,nan,nan,nan,nan,0.0,0.0,0.0,0.0,0.0,0.0,nan,nan,nan,1,0,0,0
5721813244,5721813239,-0.17413858,0.065051675,-0.5113405,0.030083103,-0.051879007,0.031020224,-0.99771804,nan,nan,nan,nan,nan,nan,0.0,0.0,0.0,0.0,0.0,0.0,nan,nan,nan,1,0,0,0
5721822635,5721822629,-0.17424409,0.06488287,-0.51275456,0.026951091,-0.051523592,0.030514136,-0.9978416,nan,nan,nan,nan,nan,nan,0.0,0.0,0.0,0.0,0.0,0.0,nan,nan,nan,1,0,0,0
5721829316,5721829308,-0.17448099,0.06393895,-0.5128482,0.028797545,-0.037317935,0.035492558,-0.9982576,nan,nan,nan,nan,nan,nan,0.0,0.0,0.0,0.0,0.0,0.0,nan,nan,nan,1,0,0,0
5721841051,5721841045,-0.17460111,0.063965194,-0.5134215,0.027309822,-0.037595756,0.03450353,-0.9983237,nan,nan,nan,nan,nan,nan,0.0,0.0,0.0,0.0,0.0,0.0,nan,nan,nan,1,0,0,0
5721846692,5721846686,-0.17472297,0.06396243,-0.5137672,0.025717404,-0.037389558,0.03308687,-0.9984218,nan,nan,nan,nan,nan,nan,0.0,0.0,0.0,0.0,0.0,0.0,nan,nan,nan,1,0,0,0
5721853339,5721853334,-0.1748216,0.06400023,-0.5139333,0.024285989,-0.036815457,0.032114837,-0.9985106,nan,nan,nan,nan,nan,nan,0.0,0.0,0.0,0.0,0.0,0.0,nan,nan,nan,1,0,0,0
5721862989,5721862984,-0.17490976,0.06405421,-0.5138738,0.023001224,-0.036828987,0.031734206,-0.99855274,nan,nan,nan,nan,nan,nan,0.0,0.0,0.0,0.0,0.0,0.0,nan,nan,nan,1,0,0,0
5721870615,5721870610,-0.17499444,0.06399899,-0.5134777,0.019925788,-0.040214222,0.029837154,-0.99854666,nan,nan,nan,nan,nan,nan,0.0,0.0,0.0,0.0,0.0,0.0,nan,nan,nan,1,0,0,0
5721879284,5721879279,-0.17517656,0.06356473,-0.5126552,0.016038923,-0.0477859,0.034789156,-0.9981227,nan,nan,nan,nan,nan,nan,0.0,0.0,0.0,0.0,0.0,0.0,nan,nan,nan,1,0,0,0
5721888289,5721888284,-0.17511103,0.0640112,-0.51237994,0.016845597,-0.0397438,0.028548306,-0.99866,nan,nan,nan,nan,nan,nan,0.0,0.0,0.0,0.0,0.0,0.0,nan,nan,nan,1,0,0,0
5721895294,5721895287,-0.17512497,0.06402234,-0.5114822,0.0150645245,-0.03953745,0.028167678,-0.9987074,nan,nan,nan,nan,nan,nan,0.0,0.0,0.0,0.0,0.0,0.0,nan,nan,nan,1,0,0,0
5721904118,5721904113,-0.17508987,0.06418189,-0.51054025,0.01512193,-0.035407748,0.030196168,-0.9988022,nan,nan,nan,nan,nan,nan,0.0,0.0,0.0,0.0,0.0,0.0,nan,nan,nan,1,0,0,0
5721915294,5721915288,-0.17523007,0.06352466,-0.50860006,0.009420039,-0.047294687,0.03314021,-0.9982866,nan,nan,nan,nan,nan,nan,0.0,0.0,0.0,0.0,0.0,0.0,nan,nan,nan,1,0,0,0
5721922470,5721922464,-0.17530406,0.06364947,-0.5071357,0.00812032,-0.047356628,0.03242733,-0.9983185,nan,nan,nan,nan,nan,nan,0.0,0.0,0.0,0.0,0.0,0.0,nan,nan,nan,1,0,0,0
5721929296,5721929291,-0.17543651,0.06378554,-0.5053412,0.0072966856,-0.048534747,0.032035023,-0.99828094,nan,nan,nan,nan,nan,nan,0.0,0.0,0.0,0.0,0.0,0.0,nan,nan,nan,1,0,0,0
5721937631,5721937625,-0.1753843,0.06423762,-0.50370085,0.00902762,-0.041289043,0.02528686,-0.99878645,nan,nan,nan,nan,nan,nan,0.0,0.0,0.0,0.0,0.0,0.0,nan,nan,nan,1,0,0,0
5721945296,5721945291,-0.17548099,0.06442188,-0.5014182,0.004408043,-0.053470384,0.032711226,-0.99802375,nan,nan,nan,nan,nan,nan,0.0,0.0,0.0,0.0,0.0,0.0,nan,nan,nan,1,0,0,0
5721954296,5721954290,-0.17524616,0.06537766,-0.49962386,0.0062235775,-0.051880214,0.020771148,-0.99841785,nan,nan,nan,nan,nan,nan,0.0,0.0,0.0,0.0,0.0,0.0,nan,nan,nan,1,0,0,0
5721963297,5721963287,-0.17529182,0.065344326,-0.4968752,0.006302615,-0.051958427,0.020821357,-0.9984123,nan,nan,nan,nan,nan,nan,0.0,0.0,0.0,0.0,0.0,0.0,nan,nan,nan,1,0,0,0
5721970546,5721970541,-0.17538919,0.065489106,-0.49395967,0.0061505637,-0.052312404,0.021854542,-0.9983726,nan,nan,nan,nan,nan,nan,0.0,0.0,0.0,0.0,0.0,0.0,nan,nan,nan,1,0,0,0
5721979298,5721979293,-0.17570022,0.06422288,-0.48973733,0.00867038,-0.041692123,0.02637977,-0.99874455,nan,nan,nan,nan,nan,nan,0.0,0.0,0.0,0.0,0.0,0.0,nan,nan,nan,1,0,0,0
5721987407,5721987402,-0.17588684,0.063677065,-0.4860445,0.007407925,-0.049040493,0.03155502,-0.99827075,nan,nan,nan,nan,nan,nan,0.0,0.0,0.0,0.0,0.0,0.0,nan,nan,nan,1,0,0,0
5721995294,5721995287,-0.1758623,0.06433093,-0.48295993,0.0062579317,-0.053940076,0.03222788,-0.9980044,nan,nan,nan,nan,nan,nan,0.0,0.0,0.0,0.0,0.0,0.0,nan,nan,nan,1,0,0,0
5722003375,5722003370,-0.17581968,0.06411633,-0.47900784,0.010958559,-0.04081656,0.026909309,-0.9987441,nan,nan,nan,nan,nan,nan,0.0,0.0,0.0,0.0,0.0,0.0,nan,nan,nan,1,0,0,0
5722012782,5722012777,-0.1758681,0.06370711,-0.47484374,0.008701179,-0.049598485,0.031831454,-0.99822396,nan,nan,nan,nan,nan,nan,0.0,0.0,0.0,0.0,0.0,0.0,nan,nan,nan,1,0,0,0
5722020298,5722020292,-0.17558631,0.064009495,-0.47097608,0.011094855,-0.04214573,0.026385942,-0.99870133,nan,nan,nan,nan,nan,nan,0.0,0.0,0.0,0.0,0.0,0.0,nan,nan,nan,1,0,0,0
5722029293,5722029287,-0.1755842,0.06365534,-0.46643603,0.009161399,-0.04977744,0.032609835,-0.9981858,nan,nan,nan,nan,nan,nan,0.0,0.0,0.0,0.0,0.0,0.0,nan,nan,nan,1,0,0,0
5722037121,5722037116,-0.17541456,0.06396067,-0.4622847,0.012144218,-0.04107764,0.025514727,-0.9987563,nan,nan,nan,nan,nan,nan,0.0,0.0,0.0,0.0,0.0,0.0,nan,nan,nan,1,0,0,0
5722045298,5722045293,-0.17503777,0.06507688,-0.4586944,0.012141081,-0.045674335,0.02812689,-0.9984865,nan,nan,nan,nan,nan,nan,0.0,0.0,0.0,0.0,0.0,0.0,nan,nan,nan,1,0,0,0
5722054296,5722054290,-0.17498891,0.06398587,-0.4530293,0.01290731,-0.041235957,0.025238939,-0.9987472,nan,nan,nan,nan,nan,nan,0.0,0.0,0.0,0.0,0.0,0.0,nan,nan,nan,1,0,0,0
5722062788,5722062783,-0.17486876,0.06394795,-0.44817862,0.013500244,-0.04057809,0.024765242,-0.99877816,nan,nan,nan,nan,nan,nan,0.0,0.0,0.0,0.0,0.0,0.0,nan,nan,nan,1,0,0,0
5722069860,5722069855,-0.17472647,0.063986324,-0.44312277,0.014101878,-0.041279085,0.024151785,-0.9987562,nan,nan,nan,nan,nan,nan,0.0,0.0,0.0,0.0,0.0,0.0,nan,nan,nan,1,0,0,0
5722080288,5722080283,-0.17448623,0.063954346,-0.4378594,0.014605418,-0.04198406,0.023452792,-0.9987362,nan,nan,nan,nan,nan,nan,0.0,0.0,0.0,0.0,0.0,0.0,nan,nan,nan,1,0,0,0
5722087297,5722087291,-0.17422721,0.06469237,-0.43314707,0.013464598,-0.050132554,0.021159384,-0.9984276,nan,nan,nan,nan,nan,nan,0.0,0.0,0.0,0.0,0.0,0.0,nan,nan,nan,1,0,0,0
5722096344,5722096338,-0.17418537,0.063934416,-0.42713904,0.0153660895,-0.040996432,0.022776183,-0.9987815,nan,nan,nan,nan,nan,nan,0.0,0.0,0.0,0.0,0.0,0.0,nan,nan,nan,1,0,0,0
5722103842,5722103836,-0.17368594,0.06393451,-0.42162445,0.016269028,-0.041030012,0.02360645,-0.9987465,nan,nan,nan,nan,nan,nan,0.0,0.0,0.0,0.0,0.0,0.0,nan,nan,nan,1,0,0,0
5722112544,5722112538,-0.1735389,0.063899085,-0.41586605,0.015649721,-0.040374164,0.023338424,-0.9987894,nan,nan,nan,nan,nan,nan,0.0,0.0,0.0,0.0,0.0,0.0,nan,nan,nan,1,0,0,0
5722122750,5722122745,-0.17338528,0.06408762,-0.4101161,0.015978359,-0.04078858,0.022839338,-0.9987789,nan,nan,nan,nan,nan,nan,0.0,0.0,0.0,0.0,0.0,0.0,nan,nan,nan,1,0,0,0
5722129297,5722129291,-0.17309381,0.06401649,-0.40432504,0.016470745,-0.039923843,0.022144169,-0.99882144,nan,nan,nan,nan,nan,nan,0.0,0.0,0.0,0.0,0.0,0.0,nan,nan,nan,1,0,0,0
5722137978,5722137972,-0.17275669,0.06411776,-0.3983534,0.017199779,-0.04124664,0.022363616,-0.9987506,nan,nan,nan,nan,nan,nan,0.0,0.0,0.0,0.0,0.0,0.0,nan,nan,nan,1,0,0,0
5722148436,5722148430,-0.17249998,0.064111315,-0.39237285,0.01937722,-0.037328593,0.022554046,-0.9988606,nan,nan,nan,nan,nan,nan,0.0,0.0,0.0,0.0,0.0,0.0,nan,nan,nan,1,0,0,0
5722154293,5722154287,-0.1721835,0.063793436,-0.38595635,0.018068392,-0.038757302,0.021934995,-0.9988445,nan,nan,nan,nan,nan,nan,0.0,0.0,0.0,0.0,0.0,0.0,nan,nan,nan,1,0,0,0
5722163428,5722163422,-0.17202303,0.06417078,-0.37991697,0.018300768,-0.04035617,0.020077169,-0.99881595,nan,nan,nan,nan,nan,nan,0.0,0.0,0.0,0.0,0.0,0.0,nan,nan,nan,1,0,0,0
5722170218,5722170184,-0.17194559,0.064059086,-0.37373266,0.018803988,-0.03855341,0.019571844,-0.99888796,nan,nan,nan,nan,nan,nan,0.0,0.0,0.0,0.0,0.0,0.0,nan,nan,nan,1,0,0,0
5722179299,5722179293,-0.17150584,0.064316794,-0.3675422,0.02322894,-0.033336226,0.022909619,-0.99891156,nan,nan,nan,nan,nan,nan,0.0,0.0,0.0,0.0,0.0,0.0,nan,nan,nan,1,0,0,0
5722186310,5722186305,-0.17142583,0.06405955,-0.36103508,0.019604258,-0.03720163,0.018335525,-0.9989472,nan,nan,nan,nan,nan,nan,0.0,0.0,0.0,0.0,0.0,0.0,nan,nan,nan,1,0,0,0
5722196378,5722196372,-0.17118816,0.06425723,-0.35480118,0.020762913,-0.038179055,0.017868707,-0.99889535,nan,nan,nan,nan,nan,nan,0.0,0.0,0.0,0.0,0.0,0.0,nan,nan,nan,1,0,0,0
5722203071,5722203066,-0.17103374,0.064485714,-0.34868672,0.022665786,-0.03251296,0.019809173,-0.99901795,nan,nan,nan,nan,nan,nan,0.0,0.0,0.0,0.0,0.0,0.0,nan,nan,nan,1,0,0,0
5722212894,5722212889,-0.17074397,0.064638,-0.3426116,0.023721833,-0.030984452,0.020130677,-0.99903554,nan,nan,nan,nan,nan,nan,0.0,0.0,0.0,0.0,0.0,0.0,nan,nan,nan,1,0,0,0
5722220297,5722220292,-0.1704951,0.06457639,-0.3357328,0.01998279,-0.035608787,0.014544335,-0.99906015,nan,nan,nan,nan,nan,nan,0.0,0.0,0.0,0.0,0.0,0.0,nan,nan,nan,1,0,0,0
5722229316,5722229310,-0.17027442,0.0645567,-0.32965308,0.02163596,-0.028917387,0.016259436,-0.9992153,nan,nan,nan,nan,nan,nan,0.0,0.0,0.0,0.0,0.0,0.0,nan,nan,nan,1,0,0,0
5722236548,5722236542,-0.17000358,0.064295284,-0.32299832,0.019927643,-0.030335868,0.015000329,-0.99922854,nan,nan,nan,nan,nan,nan,0.0,0.0,0.0,0.0,0.0,0.0,nan,nan,nan,1,0,0,0
5722246295,5722246289,-0.16947085,0.064897,-0.31708962,0.019128093,-0.03663621,0.012334988,-0.99906945,nan,nan,nan,nan,nan,nan,0.0,0.0,0.0,0.0,0.0,0.0,nan,nan,nan,1,0,0,0
5722253324,5722253318,-0.1695668,0.064781085,-0.31031442,0.016095342,-0.031947095,0.012221963,-0.99928516,nan,nan,nan,nan,nan,nan,0.0,0.0,0.0,0.0,0.0,0.0,nan,nan,nan,1,0,0,0
5722262717,5722262711,-0.16906905,0.06440836,-0.30362928,0.019538956,-0.02641741,0.016086625,-0.9993306,nan,nan,nan,nan,nan,nan,0.0,0.0,0.0,0.0,0.0,0.0,nan,nan,nan,1,0,0,0
5722273308,5722273302,-0.16888444,0.065271616,-0.29792595,0.015933208,-0.035289515,0.012168204,-0.9991761,nan,nan,nan,nan,nan,nan,0.0,0.0,0.0,0.0,0.0,0.0,nan,nan,nan,1,0,0,0
5722279288,5722279283,-0.16876258,0.06530242,-0.2915411,0.01543781,-0.034084696,0.0102336835,-0.9992473,nan,nan,nan,nan,nan,nan,0.0,0.0,0.0,0.0,0.0,0.0,nan,nan,nan,1,0,0,0
5722288290,5722288285,-0.16860259,0.06477202,-0.28469324,0.016479498,-0.025910906,0.012711615,-0.99944746,nan,nan,nan,nan,nan,nan,0.0,0.0,0.0,0.0,0.0,0.0,nan,nan,nan,1,0,0,0
5722295287,5722295281,-0.16847742,0.06546787,-0.278878,0.01350953,-0.033089392,0.009077385,-0.99931985,nan,nan,nan,nan,nan,nan,0.0,0.0,0.0,0.0,0.0,0.0,nan,nan,nan,1,0,0,0
5722302876,5722302870,-0.16861132,0.0655979,-0.27219942,0.011481739,-0.033064533,0.009636444,-0.9993408,nan,nan,nan,nan,nan,nan,0.0,0.0,0.0,0.0,0.0,0.0,nan,nan,nan,1,0,0,0
5722312531,5722312498,-0.16822888,0.066310756,-0.26667988,0.010262945,-0.039759994,0.013189591,-0.9990695,nan,nan,nan,nan,nan,nan,0.0,0.0,0.0,0.0,0.0,0.0,nan,nan,nan,1,0,0,0
5722322721,5722322714,-0.16845165,0.06599067,-0.26046616,0.008208226,-0.03664608,0.009852844,-0.9992461,nan,nan,nan,nan,nan,nan,0.0,0.0,0.0,0.0,0.0,0.0,nan,nan,nan,1,0,0,0
5722328292,5722328287,-0.1681648,0.06700026,-0.25474524,0.008390504,-0.032945585,0.021063555,-0.9991999,nan,nan,nan,nan,nan,nan,0.0,0.0,0.0,0.0,0.0,0.0,nan,nan,nan,1,0,0,0
5722337652,5722337646,-0.16822699,0.066603,-0.248214,0.009016169,-0.0319889,0.015810888,-0.9993225,nan,nan,nan,nan,nan,nan,0.0,0.0,0.0,0.0,0.0,0.0,nan,nan,nan,1,0,0,0
5722346340,5722346334,-0.16830315,0.06659733,-0.24217841,0.006906741,-0.028236227,0.014662088,-0.9994699,nan,nan,nan,nan,nan,nan,0.0,0.0,0.0,0.0,0.0,0.0,nan,nan,nan,1,0,0,0
5722354432,5722354426,-0.16805707,0.0673011,-0.23629421,0.0067864223,-0.033811785,0.018873692,-0.999227,nan,nan,nan,nan,nan,nan,0.0,0.0,0.0,0.0,0.0,0.0,nan,nan,nan,1,0,0,0
5722362291,5722362285,-0.16811012,0.06722812,-0.23022366,0.0045897597,-0.03204914,0.01864263,-0.99930197,nan,nan,nan,nan,nan,nan,0.0,0.0,0.0,0.0,0.0,0.0,nan,nan,nan,1,0,0,0
5722370491,5722370485,-0.16826765,0.06661336,-0.2237976,0.0070408373,-0.029079383,0.014725262,-0.9994438,nan,nan,nan,nan,nan,nan,0.0,0.0,0.0,0.0,0.0,0.0,nan,nan,nan,1,0,0,0
5722380293,5722380288,-0.16828375,0.06735198,-0.21821627,0.0038491155,-0.031207629,0.017971758,-0.9993439,nan,nan,nan,nan,nan,nan,0.0,0.0,0.0,0.0,0.0,0.0,nan,nan,nan,1,0,0,0
5722387292,5722387287,-0.16838996,0.06724511,-0.2122959,0.0046278574,-0.030505626,0.016833296,-0.99938214,nan,nan,nan,nan,nan,nan,0.0,0.0,0.0,0.0,0.0,0.0,nan,nan,nan,1,0,0,0
5722395319,5722395311,-0.16852038,0.06731268,-0.20641091,0.0031345782,-0.027609216,0.017688492,-0.99945736,nan,nan,nan,nan,nan,nan,0.0,0.0,0.0,0.0,0.0,0.0,nan,nan,nan,1,0,0,0
5722403356,5722403350,-0.16858043,0.06681414,-0.20011798,0.0046101906,-0.025609577,0.014152484,-0.99956125,nan,nan,nan,nan,nan,nan,0.0,0.0,0.0,0.0,0.0,0.0,nan,nan,nan,1,0,0,0
5722413293,5722413288,-0.16874784,0.06676308,-0.1944025,0.00322207,-0.025009692,0.014474157,-0.9995773,nan,nan,nan,nan,nan,nan,0.0,0.0,0.0,0.0,0.0,0.0,nan,nan,nan,1,0,0,0
5722422268,5722422263,-0.16867194,0.06701229,-0.1886332,0.0035499479,-0.02777838,0.01604188,-0.99947906,nan,nan,nan,nan,nan,nan,0.0,0.0,0.0,0.0,0.0,0.0,nan,nan,nan,1,0,0,0
5722429381,5722429347,-0.16879438,0.067017555,-0.18298082,0.0023325398,-0.026879497,0.016852655,-0.9994939,nan,nan,nan,nan,nan,nan,0.0,0.0,0.0,0.0,0.0,0.0,nan,nan,nan,1,0,0,0
5722437498,5722437491,-0.16907716,0.06587053,-0.17663251,0.0024109923,-0.026052501,0.004150561,-0.9996491,nan,nan,nan,nan,nan,nan,0.0,0.0,0.0,0.0,0.0,0.0,nan,nan,nan,1,0,0,0
5722445309,5722445304,-0.16909409,0.06654847,-0.17168787,0.0020769925,-0.02284162,0.012002417,-0.9996649,nan,nan,nan,nan,nan,nan,0.0,0.0,0.0,0.0,0.0,0.0,nan,nan,nan,1,0,0,0
5722454325,5722454319,-0.1690197,0.06673249,-0.16618113,0.0015270583,-0.024798432,0.012756671,-0.9996098,nan,nan,nan,nan,nan,nan,0.0,0.0,0.0,0.0,0.0,0.0,nan,nan,nan,1,0,0,0
5722463297,5722463291,-0.1691058,0.06678106,-0.16074723,0.0007858302,-0.024831876,0.010926751,-0.99963164,nan,nan,nan,nan,nan,nan,0.0,0.0,0.0,0.0,0.0,0.0,nan,nan,nan,1,0,0,0
5722473454,5722473449,-0.16909757,0.06683748,-0.15523134,0.00037983197,-0.02435457,0.010749394,-0.99964553,nan,nan,nan,nan,nan,nan,0.0,0.0,0.0,0.0,0.0,0.0,nan,nan,nan,1,0,0,0
5722478300,5722478295,-0.16910812,0.06714876,-0.15004626,0.00062872085,0.02560172,-0.014523002,0.9995665,nan,nan,nan,nan,nan,nan,0.0,0.0,0.0,0.0,0.0,0.0,nan,nan,nan,1,0,0,0
5722487298,5722487293,-0.16913971,0.06636486,-0.14414623,0.0026513305,0.03018885,-0.007048701,0.99951583,nan,nan,nan,nan,nan,nan,0.0,0.0,0.0,0.0,0.0,0.0,nan,nan,nan,1,0,0,0
5722495289,5722495284,-0.16908969,0.06705741,-0.13927743,-0.00031236446,-0.026936276,0.014165813,-0.99953675,nan,nan,nan,nan,nan,nan,0.0,0.0,0.0,0.0,0.0,0.0,nan,nan,nan,1,0,0,0
5722504006,5722504001,-0.16918817,0.06697466,-0.13398303,0.0030020843,0.024692126,-0.016805695,0.9995493,nan,nan,nan,nan,nan,nan,0.0,0.0,0.0,0.0,0.0,0.0,nan,nan,nan,1,0,0,0
5722512302,5722512296,-0.169036,0.06709135,-0.1285938,0.0009575385,0.028209561,-0.016139567,0.9994713,nan,nan,nan,nan,nan,nan,0.0,0.0,0.0,0.0,0.0,0.0,nan,nan,nan,1,0,0,0
5722520298,5722520292,-0.16926159,0.066654176,-0.12342051,0.0039695757,0.024078697,-0.014963828,0.9995902,nan,nan,nan,nan,nan,nan,0.0,0.0,0.0,0.0,0.0,0.0,nan,nan,nan,1,0,0,0
5722529291,5722529286,-0.16897084,0.06670603,-0.118101224,0.0013555136,0.027381888,-0.015917215,0.9994974,nan,nan,nan,nan,nan,nan,0.0,0.0,0.0,0.0,0.0,0.0,nan,nan,nan,1,0,0,0
5722536856,5722536851,-0.16908069,0.066758595,-0.112889424,0.0035845372,0.026361622,-0.016965082,0.99950206,nan,nan,nan,nan,nan,nan,0.0,0.0,0.0,0.0,0.0,0.0,nan,nan,nan,1,0,0,0
5722546318,5722546313,-0.16915338,0.06652662,-0.10772969,0.0026948706,0.025812592,-0.014149921,0.99956304,nan,nan,nan,nan,nan,nan,0.0,0.0,0.0,0.0,0.0,0.0,nan,nan,nan,1,0,0,0
5722554347,5722554340,-0.16917297,0.066505,-0.102573365,0.0030328191,0.025492072,-0.014611764,0.99956363,nan,nan,nan,nan,nan,nan,0.0,0.0,0.0,0.0,0.0,0.0,nan,nan,nan,1,0,0,0
5722562298,5722562292,-0.16922688,0.066515595,-0.0974523,0.0035952693,0.025465954,-0.013839463,0.99957347,nan,nan,nan,nan,nan,nan,0.0,0.0,0.0,0.0,0.0,0.0,nan,nan,nan,1,0,0,0
5722571701,5722571695,-0.16924411,0.06642074,-0.09240979,0.0041480586,0.025627226,-0.014557407,0.999557,nan,nan,nan,nan,nan,nan,0.0,0.0,0.0,0.0,0.0,0.0,nan,nan,nan,1,0,0,0
5722578297,5722578292,-0.1691634,0.06646075,-0.08734145,0.004647953,0.0279955,-0.015461493,0.99947774,nan,nan,nan,nan,nan,nan,0.0,0.0,0.0,0.0,0.0,0.0,nan,nan,nan,1,0,0,0
5722587293,5722587288,-0.16925994,0.066397674,-0.08236994,0.0060149445,0.028945545,-0.015841953,0.9994374,nan,nan,nan,nan,nan,nan,0.0,0.0,0.0,0.0,0.0,0.0,nan,nan,nan,1,0,0,0
5722596328,5722596293,-0.16932355,0.06633502,-0.07745442,0.006143191,0.029266402,-0.014320439,0.9994502,nan,nan,nan,nan,nan,nan,0.0,0.0,0.0,0.0,0.0,0.0,nan,nan,nan,1,0,0,0
5722603858,5722603852,-0.16931503,0.06639268,-0.07255862,0.0071092444,0.030012999,-0.01461886,0.9994173,nan,nan,nan,nan,nan,nan,0.0,0.0,0.0,0.0,0.0,0.0,nan,nan,nan,1,0,0,0
5722611874,5722611869,-0.169426,0.066371046,-0.067748,0.007062415,0.030336207,-0.013150849,0.99942833,nan,nan,nan,nan,nan,nan,0.0,0.0,0.0,0.0,0.0,0.0,nan,nan,nan,1,0,0,0
5722622506,5722622501,-0.16958773,0.066340186,-0.063057676,0.008332942,0.029625379,-0.013493275,0.9994353,nan,nan,nan,nan,nan,nan,0.0,0.0,0.0,0.0,0.0,0.0,nan,nan,nan,1,0,0,0
5722629293,5722629288,-0.16980393,0.066265374,-0.05825154,0.007620457,0.030864919,-0.013350292,0.9994054,nan,nan,nan,nan,nan,nan,0.0,0.0,0.0,0.0,0.0,0.0,nan,nan,nan,1,0,0,0
5722637991,5722637985,-0.17011693,0.06613675,-0.053488545,0.00873072,0.029022925,-0.013896412,0.99944407,nan,nan,nan,nan,nan,nan,0.0,0.0,0.0,0.0,0.0,0.0,nan,nan,nan,1,0,0,0
5722645698,5722645693,-0.17019531,0.06622941,-0.048793543,0.007975097,0.031195939,-0.015170082,0.99936634,nan,nan,nan,nan,nan,nan,0.0,0.0,0.0,0.0,0.0,0.0,nan,nan,nan,1,0,0,0
5722655757,5722655752,-0.17037518,0.066234805,-0.044094905,0.008116699,0.0307038,-0.014480457,0.99939066,nan,nan,nan,nan,nan,nan,0.0,0.0,0.0,0.0,0.0,0.0,nan,nan,nan,1,0,0,0
5722663290,5722663285,-0.17046784,0.06605212,-0.039366342,0.0075928317,0.030275226,-0.013776875,0.99941784,nan,nan,nan,nan,nan,nan,0.0,0.0,0.0,0.0,0.0,0.0,nan,nan,nan,1,0,0,0
5722671655,5722671622,-0.17059188,0.0658968,-0.034844723,0.007069344,0.029360568,-0.013006195,0.99945927,nan,nan,nan,nan,nan,nan,0.0,0.0,0.0,0.0,0.0,0.0,nan,nan,nan,1,0,0,0
5722679296,5722679291,-0.17081244,0.065806195,-0.030183883,0.0066182176,0.028142285,-0.012650667,0.999502,nan,nan,nan,nan,nan,nan,0.0,0.0,0.0,0.0,0.0,0.0,nan,nan,nan,1,0,0,0
5722688297,5722688292,-0.1709449,0.06542809,-0.025351442,0.005371425,0.025276696,-0.014047044,0.9995674,nan,nan,nan,nan,nan,nan,0.0,0.0,0.0,0.0,0.0,0.0,nan,nan,nan,1,0,0,0
5722696289,5722696284,-0.17103463,0.06545432,-0.020709299,0.0045172554,0.024899371,-0.016197542,0.9995485,nan,nan,nan,nan,nan,nan,0.0,0.0,0.0,0.0,0.0,0.0,nan,nan,nan,1,0,0,0
5722703118,5722703112,-0.17108025,0.065420926,-0.016372325,0.0041855373,0.024505923,-0.016045904,0.99956214,nan,nan,nan,nan,nan,nan,0.0,0.0,0.0,0.0,0.0,0.0,nan,nan,nan,1,0,0,0
5722712294,5722712289,-0.17113677,0.06521086,-0.012004132,0.004350098,0.02323555,-0.016448384,0.99958533,nan,nan,nan,nan,nan,nan,0.0,0.0,0.0,0.0,0.0,0.0,nan,nan,nan,1,0,0,0
5722721499,5722721466,-0.17110941,0.0652594,-0.007646966,0.0040203137,0.024276419,-0.016629698,0.9995589,nan,nan,nan,nan,nan,nan,0.0,0.0,0.0,0.0,0.0,0.0,nan,nan,nan,1,0,0,0
5722728292,5722728287,-0.17117171,0.065174036,-0.0035420146,0.0052290424,0.024478747,-0.01504748,0.99957347,nan,nan,nan,nan,nan,nan,0.0,0.0,0.0,0.0,0.0,0.0,nan,nan,nan,1,0,0,0
5722736602,5722736597,-0.17116235,0.065098405,0.00083281286,0.0049812635,0.025552597,-0.015814524,0.99953604,nan,nan,nan,nan,nan,nan,0.0,0.0,0.0,0.0,0.0,0.0,nan,nan,nan,1,0,0,0
5722746434,5722746429,-0.17118521,0.06500963,0.0049309367,0.006700228,0.026346417,-0.016701877,0.99949086,nan,nan,nan,nan,nan,nan,0.0,0.0,0.0,0.0,0.0,0.0,nan,nan,nan,1,0,0,0
5722754320,5722754315,-0.17115058,0.06499426,0.008847648,0.0069851447,0.02775233,-0.015775643,0.99946594,nan,nan,nan,nan,nan,nan,0.0,0.0,0.0,0.0,0.0,0.0,nan,nan,nan,1,0,0,0
5722763291,5722763285,-0.17125124,0.06519127,0.01301556,0.0074122795,0.029905701,-0.01739313,0.9993739,nan,nan,nan,nan,nan,nan,0.0,0.0,0.0,0.0,0.0,0.0,nan,nan,nan,1,0,0,0
5722769553,5722769548,-0.17123508,0.0651401,0.016871262,0.0073560947,0.03059304,-0.017626077,0.9993494,nan,nan,nan,nan,nan,nan,0.0,0.0,0.0,0.0,0.0,0.0,nan,nan,nan,1,0,0,0
5722779295,5722779290,-0.1714626,0.064985365,0.020604517,0.008514277,0.028947843,-0.018346518,0.9993763,nan,nan,nan,nan,nan,nan,0.0,0.0,0.0,0.0,0.0,0.0,nan,nan,nan,1,0,0,0
5722786430,5722786425,-0.17158836,0.064823695,0.024312733,0.008100122,0.029817961,-0.018701876,0.99934757,nan,nan,nan,nan,nan,nan,0.0,0.0,0.0,0.0,0.0,0.0,nan,nan,nan,1,0,0,0
5722795585,5722795580,-0.1718038,0.06469698,0.027836159,0.008837231,0.029326605,-0.02036442,0.99932325,nan,nan,nan,nan,nan,nan,0.0,0.0,0.0,0.0,0.0,0.0,nan,nan,nan,1,0,0,0
5722802981,5722802976,-0.17199714,0.06448284,0.031102797,0.008613442,0.029606754,-0.020725125,0.99930966,nan,nan,nan,nan,nan,nan,0.0,0.0,0.0,0.0,0.0,0.0,nan,nan,nan,1,0,0,0
5722813345,5722813339,-0.17230803,0.064345255,0.03429854,0.008520853,0.028287323,-0.020987345,0.9993432,nan,nan,nan,nan,nan,nan,0.0,0.0,0.0,0.0,0.0,0.0,nan,nan,nan,1,0,0,0
5722821408,5722821402,-0.17267859,0.064112045,0.037250847,0.00845307,0.026889909,-0.021975564,0.9993611,nan,nan,nan,nan,nan,nan,0.0,0.0,0.0,0.0,0.0,0.0,nan,nan,nan,1,0,0,0
5722831610,5722831604,-0.17283845,0.063997924,0.040119648,0.0075451112,0.027141014,-0.02285379,0.99934185,nan,nan,nan,nan,nan,nan,0.0,0.0,0.0,0.0,0.0,0.0,nan,nan,nan,1,0,0,0
5722837140,5722837134,-0.17304644,0.06367582,0.042570435,0.009003322,0.025162634,-0.022245357,0.99939525,nan,nan,nan,nan,nan,nan,0.0,0.0,0.0,0.0,0.0,0.0,nan,nan,nan,1,0,0,0
5722846385,5722846379,-0.17319764,0.063719004,0.045066178,0.007928742,0.026490984,-0.023517294,0.99934095,nan,nan,nan,nan,nan,nan,0.0,0.0,0.0,0.0,0.0,0.0,nan,nan,nan,1,0,0,0
5722855562,5722855556,-0.17325334,0.0633977,0.04719369,0.009071226,0.025839325,-0.022694549,0.9993673,nan,nan,nan,nan,nan,nan,0.0,0.0,0.0,0.0,0.0,0.0,nan,nan,nan,1,0,0,0
5722863315,5722863309,-0.173254,0.063346244,0.04918883,0.008843089,0.027077207,-0.024127362,0.999303,nan,nan,nan,nan,nan,nan,0.0,0.0,0.0,0.0,0.0,0.0,nan,nan,nan,1,0,0,0
5722871469,5722871464,-0.17315775,0.06303289,0.050814893,0.009895092,0.02629738,-0.02353892,0.999328,nan,nan,nan,nan,nan,nan,0.0,0.0,0.0,0.0,0.0,0.0,nan,nan,nan,1,0,0,0
5722879285,5722879280,-0.17318036,0.062912986,0.052159347,0.011011008,0.026807332,-0.02477252,0.999273,nan,nan,nan,nan,nan,nan,0.0,0.0,0.0,0.0,0.0,0.0,nan,nan,nan,1,0,0,0
5722888292,5722888286,-0.17319317,0.06292202,0.053349443,0.011132883,0.030682093,-0.027314104,0.9990939,nan,nan,nan,nan,nan,nan,0.0,0.0,0.0,0.0,0.0,0.0,nan,nan,nan,1,0,0,0
5722895584,5722895578,-0.17334403,0.06255369,0.054381497,0.011797684,0.029659037,-0.027578413,0.9991099,nan,nan,nan,nan,nan,nan,0.0,0.0,0.0,0.0,0.0,0.0,nan,nan,nan,1,0,0,0
5722904115,5722904110,-0.17318559,0.062475845,0.054826763,0.011761504,0.030716462,-0.02774228,0.99907386,nan,nan,nan,nan,nan,nan,0.0,0.0,0.0,0.0,0.0,0.0,nan,nan,nan,1,0,0,0
5722912300,5722912295,-0.1731737,0.062163074,0.055032942,0.012732205,0.030010717,-0.027128289,0.99910027,nan,nan,nan,nan,nan,nan,0.0,0.0,0.0,0.0,0.0,0.0,nan,nan,nan,1,0,0,0
5722921851,5722921845,-0.17321177,0.06203144,0.055097643,0.0128168,0.030216573,-0.027931606,0.9990709,nan,nan,nan,nan,nan,nan,0.0,0.0,0.0,0.0,0.0,0.0,nan,nan,nan,1,0,0,0
5722929293,5722929287,-0.1732272,0.061958317,0.054895807,0.012968365,0.030581819,-0.02824092,0.99904907,nan,nan,nan,nan,nan,nan,0.0,0.0,0.0,0.0,0.0,0.0,nan,nan,nan,1,0,0,0
5722936992,5722936986,-0.17322052,0.061949044,0.054618984,0.012344237,0.03152611,-0.03004244,0.9989751,nan,nan,nan,nan,nan,nan,0.0,0.0,0.0,0.0,0.0,0.0,nan,nan,nan,1,0,0,0
5722946286,5722946280,-0.1730746,0.062050782,0.05394937,0.011762224,0.03290509,-0.030162761,0.99893403,nan,nan,nan,nan,nan,nan,0.0,0.0,0.0,0.0,0.0,0.0,nan,nan,nan,1,0,0,0
5722954297,5722954291,-0.17282452,0.061840326,0.052931387,0.012264404,0.03150119,-0.03025755,0.9989704,nan,nan,nan,nan,nan,nan,0.0,0.0,0.0,0.0,0.0,0.0,nan,nan,nan,1,0,0,0
5722962431,5722962426,-0.1726826,0.061724693,0.051697046,0.011828472,0.03132743,-0.029527579,0.999003,nan,nan,nan,nan,nan,nan,0.0,0.0,0.0,0.0,0.0,0.0,nan,nan,nan,1,0,0,0
5722971148,5722971143,-0.17252667,0.061580036,0.050225526,0.011220936,0.031499755,-0.02941318,0.9990079,nan,nan,nan,nan,nan,nan,0.0,0.0,0.0,0.0,0.0,0.0,nan,nan,nan,1,0,0,0
5722978303,5722978297,-0.17239839,0.061720155,0.048731238,0.0106311925,0.03168785,-0.030305702,0.9989817,nan,nan,nan,nan,nan,nan,0.0,0.0,0.0,0.0,0.0,0.0,nan,nan,nan,1,0,0,0
5722987456,5722987450,-0.17227381,0.061644822,0.046629004,0.009966029,0.032279883,-0.029663706,0.99898887,nan,nan,nan,nan,nan,nan,0.0,0.0,0.0,0.0,0.0,0.0,nan,nan,nan,1,0,0,0
5722995289,5722995284,-0.17215613,0.061699934,0.044598956,0.009164974,0.031967286,-0.030605044,0.9989782,nan,nan,nan,nan,nan,nan,0.0,0.0,0.0,0.0,0.0,0.0,nan,nan,nan,1,0,0,0
5723004611,5723004606,-0.17200257,0.06168434,0.042222783,0.00820985,0.03258376,-0.03043339,0.9989718,nan,nan,nan,nan,nan,nan,0.0,0.0,0.0,0.0,0.0,0.0,nan,nan,nan,1,0,0,0
5723012552,5723012547,-0.17180353,0.061743613,0.039676946,0.007429309,0.032605805,-0.031277683,0.9989512,nan,nan,nan,nan,nan,nan,0.0,0.0,0.0,0.0,0.0,0.0,nan,nan,nan,1,0,0,0
5723021440,5723021435,-0.17166062,0.06166434,0.036870215,0.0056388467,0.033380594,-0.03164716,0.9989257,nan,nan,nan,nan,nan,nan,0.0,0.0,0.0,0.0,0.0,0.0,nan,nan,nan,1,0,0,0
5723028322,5723028317,-0.17146271,0.061682053,0.033913646,0.004218846,0.034389276,-0.032308113,0.9988772,nan,nan,nan,nan,nan,nan,0.0,0.0,0.0,0.0,0.0,0.0,nan,nan,nan,1,0,0,0
5723037457,5723037452,-0.1711764,0.061576255,0.030703865,0.0031859106,0.035293054,-0.032925844,0.9988294,nan,nan,nan,nan,nan,nan,0.0,0.0,0.0,0.0,0.0,0.0,nan,nan,nan,1,0,0,0
5723046300,5723046295,-0.17082049,0.061424393,0.027233971,0.001413803,0.036767602,-0.03172463,0.9988192,nan,nan,nan,nan,nan,nan,0.0,0.0,0.0,0.0,0.0,0.0,nan,nan,nan,1,0,0,0
5723054295,5723054290,-0.17043148,0.061633717,0.023443649,-0.00063687656,-0.04020821,0.029773057,-0.9987474,nan,nan,nan,nan,nan,nan,0.0,0.0,0.0,0.0,0.0,0.0,nan,nan,nan,1,0,0,0
5723063288,5723063283,-0.17004307,0.06142057,0.01990673,0.001896822,-0.040342145,0.03338864,-0.9986261,nan,nan,nan,nan,nan,nan,0.0,0.0,0.0,0.0,0.0,0.0,nan,nan,nan,1,0,0,0
5723071937,5723071931,-0.16965427,0.06131975,0.015928525,0.0035347529,-0.04151911,0.032906745,-0.9985894,nan,nan,nan,nan,nan,nan,0.0,0.0,0.0,0.0,0.0,0.0,nan,nan,nan,1,0,0,0
5723079322,5723079315,-0.16940057,0.061479643,0.011684291,0.004717324,-0.04300469,0.03176414,-0.99855864,nan,nan,nan,nan,nan,nan,0.0,0.0,0.0,0.0,0.0,0.0,nan,nan,nan,1,0,0,0
5723087329,5723087324,-0.16916643,0.061277952,0.007546506,0.008828984,-0.041167572,0.033991005,-0.99853486,nan,nan,nan,nan,nan,nan,0.0,0.0,0.0,0.0,0.0,0.0,nan,nan,nan,1,0,0,0
5723096291,5723096286,-0.16900933,0.061341383,0.0032492457,0.01204896,-0.042079948,0.035567477,-0.99840826,nan,nan,nan,nan,nan,nan,0.0,0.0,0.0,0.0,0.0,0.0,nan,nan,nan,1,0,0,0
5723103196,5723103190,-0.16889879,0.06154251,-0.0016145688,0.014303646,-0.043770805,0.03348591,-0.9983778,nan,nan,nan,nan,nan,nan,0.0,0.0,0.0,0.0,0.0,0.0,nan,nan,nan,1,0,0,0
5723113298,5723113293,-0.16891977,0.061405174,-0.0060664145,0.01921571,-0.042857565,0.03637185,-0.998234,nan,nan,nan,nan,nan,nan,0.0,0.0,0.0,0.0,0.0,0.0,nan,nan,nan,1,0,0,0
5723121198,5723121192,-0.16893454,0.061364584,-0.011046718,0.022647843,-0.042646658,0.03609197,-0.99818116,nan,nan,nan,nan,nan,nan,0.0,0.0,0.0,0.0,0.0,0.0,nan,nan,nan,1,0,0,0
5723131317,5723131311,-0.16900474,0.061455842,-0.016307572,0.025562482,-0.042895354,0.03618033,-0.99809694,nan,nan,nan,nan,nan,nan,0.0,0.0,0.0,0.0,0.0,0.0,nan,nan,nan,1,0,0,0
5723137305,5723137299,-0.1690972,0.06169229,-0.021755261,0.027321512,-0.04368934,0.035270613,-0.9980484,nan,nan,nan,nan,nan,nan,0.0,0.0,0.0,0.0,0.0,0.0,nan,nan,nan,1,0,0,0
5723146296,5723146290,-0.16918664,0.06152469,-0.02693339,0.03034972,-0.042609796,0.03728301,-0.9979345,nan,nan,nan,nan,nan,nan,0.0,0.0,0.0,0.0,0.0,0.0,nan,nan,nan,1,0,0,0
5723154291,5723154285,-0.16929668,0.061587937,-0.032530054,0.032945618,-0.04279058,0.037311587,-0.9978433,nan,nan,nan,nan,nan,nan,0.0,0.0,0.0,0.0,0.0,0.0,nan,nan,nan,1,0,0,0
5723163473,5723163467,-0.16949977,0.06179744,-0.038529888,0.033157986,-0.044115875,0.035329215,-0.99785084,nan,nan,nan,nan,nan,nan,0.0,0.0,0.0,0.0,0.0,0.0,nan,nan,nan,1,0,0,0
5723171293,5723171287,-0.16970956,0.061861567,-0.044367097,0.034652296,-0.04427557,0.035233945,-0.99779636,nan,nan,nan,nan,nan,nan,0.0,0.0,0.0,0.0,0.0,0.0,nan,nan,nan,1,0,0,0
5723179298,5723179293,-0.16994949,0.06199365,-0.050348926,0.0349673,-0.0447474,0.034522876,-0.99778914,nan,nan,nan,nan,nan,nan,0.0,0.0,0.0,0.0,0.0,0.0,nan,nan,nan,1,0,0,0
5723186305,5723186299,-0.17025541,0.061994925,-0.0564776,0.035100427,-0.044598907,0.032472637,-0.9978599,nan,nan,nan,nan,nan,nan,0.0,0.0,0.0,0.0,0.0,0.0,nan,nan,nan,1,0,0,0
5723195291,5723195286,-0.17061332,0.062058225,-0.062572114,0.035124592,-0.044128574,0.03285367,-0.99786747,nan,nan,nan,nan,nan,nan,0.0,0.0,0.0,0.0,0.0,0.0,nan,nan,nan,1,0,0,0
5723203073,5723203067,-0.17104101,0.0622798,-0.06868109,0.034854207,-0.04476987,0.033058368,-0.9978417,nan,nan,nan,nan,nan,nan,0.0,0.0,0.0,0.0,0.0,0.0,nan,nan,nan,1,0,0,0
5723212302,5723212296,-0.17147766,0.062330686,-0.07491119,0.034406673,-0.0436328,0.032595575,-0.9979228,nan,nan,nan,nan,nan,nan,0.0,0.0,0.0,0.0,0.0,0.0,nan,nan,nan,1,0,0,0
5723221589,5723221584,-0.17198116,0.06157717,-0.0806316,0.0323377,-0.048984304,0.023427477,-0.9980009,nan,nan,nan,nan,nan,nan,0.0,0.0,0.0,0.0,0.0,0.0,nan,nan,nan,1,0,0,0
5723229324,5723229319,-0.17249791,0.062550545,-0.0872435,0.032736037,-0.044429235,0.03201172,-0.9979628,nan,nan,nan,nan,nan,nan,0.0,0.0,0.0,0.0,0.0,0.0,nan,nan,nan,1,0,0,0
5723237263,5723237258,-0.1731142,0.062552094,-0.093474336,0.031612888,-0.043984104,0.03154171,-0.99803364,nan,nan,nan,nan,nan,nan,0.0,0.0,0.0,0.0,0.0,0.0,nan,nan,nan,1,0,0,0
5723245301,5723245296,-0.17368518,0.06263793,-0.09963553,0.029812688,-0.044304267,0.03204627,-0.9980588,nan,nan,nan,nan,nan,nan,0.0,0.0,0.0,0.0,0.0,0.0,nan,nan,nan,1,0,0,0
5723255298,5723255292,-0.17428252,0.062615946,-0.10572602,0.028409883,-0.04394684,0.032081105,-0.9981144,nan,nan,nan,nan,nan,nan,0.0,0.0,0.0,0.0,0.0,0.0,nan,nan,nan,1,0,0,0
5723262352,5723262346,-0.17486353,0.06269232,-0.11181164,0.027138257,-0.044944167,0.032870546,-0.9980797,nan,nan,nan,nan,nan,nan,0.0,0.0,0.0,0.0,0.0,0.0,nan,nan,nan,1,0,0,0
5723271085,5723271078,-0.17546816,0.0626897,-0.11782916,0.025455296,-0.044743646,0.03437232,-0.9980824,nan,nan,nan,nan,nan,nan,0.0,0.0,0.0,0.0,0.0,0.0,nan,nan,nan,1,0,0,0
5723279289,5723279284,-0.17608538,0.06262318,-0.12386017,0.024183042,-0.04388335,0.033562493,-0.9981798,nan,nan,nan,nan,nan,nan,0.0,0.0,0.0,0.0,0.0,0.0,nan,nan,nan,1,0,0,0
5723288292,5723288287,-0.17665409,0.062749416,-0.12961353,0.023550667,-0.04364355,0.034915455,-0.99815905,nan,nan,nan,nan,nan,nan,0.0,0.0,0.0,0.0,0.0,0.0,nan,nan,nan,1,0,0,0
5723295406,5723295401,-0.17708868,0.06275173,-0.13554859,0.022468155,-0.043267064,0.035651673,-0.99817437,nan,nan,nan,nan,nan,nan,0.0,0.0,0.0,0.0,0.0,0.0,nan,nan,nan,1,0,0,0
5723304230,5723304224,-0.17747119,0.062835105,-0.14151067,0.021962162,-0.043199338,0.035290994,-0.9982014,nan,nan,nan,nan,nan,nan,0.0,0.0,0.0,0.0,0.0,0.0,nan,nan,nan,1,0,0,0
5723311300,5723311295,-0.17779003,0.06289344,-0.14736323,0.021186896,-0.04383462,0.03471539,-0.9982106,nan,nan,nan,nan,nan,nan,0.0,0.0,0.0,0.0,0.0,0.0,nan,nan,nan,1,0,0,0
5723321288,5723321282,-0.17816184,0.06240366,-0.15282573,0.021447929,-0.040956046,0.032893244,-0.99838907,nan,nan,nan,nan,nan,nan,0.0,0.0,0.0,0.0,0.0,0.0,nan,nan,nan,1,0,0,0
5723329300,5723329292,-0.1785423,0.06165231,-0.15800992,0.021091899,-0.041504133,0.024687007,-0.9986106,nan,nan,nan,nan,nan,nan,0.0,0.0,0.0,0.0,0.0,0.0,nan,nan,nan,1,0,0,0
5723337043,5723337037,-0.17867912,0.06267498,-0.16464545,0.02046496,-0.040995948,0.033763364,-0.99837893,nan,nan,nan,nan,nan,nan,0.0,0.0,0.0,0.0,0.0,0.0,nan,nan,nan,1,0,0,0
5723346294,5723346288,-0.17880382,0.061550163,-0.16951361,0.025505934,-0.0309306,0.030889452,-0.9987185,nan,nan,nan,nan,nan,nan,0.0,0.0,0.0,0.0,0.0,0.0,nan,nan,nan,1,0,0,0
5723354759,5723354754,-0.17911874,0.06148782,-0.17511027,0.022681378,-0.03810325,0.025574502,-0.998689,nan,nan,nan,nan,nan,nan,0.0,0.0,0.0,0.0,0.0,0.0,nan,nan,nan,1,0,0,0
5723362291,5723362285,-0.17921793,0.061742168,-0.18117747,0.02565942,-0.031721238,0.03125988,-0.99867827,nan,nan,nan,nan,nan,nan,0.0,0.0,0.0,0.0,0.0,0.0,nan,nan,nan,1,0,0,0
5723371531,5723371526,-0.17950706,0.061551463,-0.18671201,0.023149082,-0.03784555,0.02566745,-0.9986856,nan,nan,nan,nan,nan,nan,0.0,0.0,0.0,0.0,0.0,0.0,nan,nan,nan,1,0,0,0
5723378300,5723378295,-0.17960946,0.06159168,-0.19253974,0.023886174,-0.037984665,0.026323952,-0.9986459,nan,nan,nan,nan,nan,nan,0.0,0.0,0.0,0.0,0.0,0.0,nan,nan,nan,1,0,0,0
5723387295,5723387290,-0.17972893,0.06298465,-0.19956657,0.021869477,-0.04151384,0.033760466,-0.9983278,nan,nan,nan,nan,nan,nan,0.0,0.0,0.0,0.0,0.0,0.0,nan,nan,nan,1,0,0,0
5723395293,5723395287,-0.1798858,0.062987536,-0.20518191,0.02425965,-0.03983184,0.033013448,-0.9983661,nan,nan,nan,nan,nan,nan,0.0,0.0,0.0,0.0,0.0,0.0,nan,nan,nan,1,0,0,0
5723404082,5723404077,-0.18010701,0.062187713,-0.21056564,0.022742374,-0.041715447,0.025227275,-0.998552,nan,nan,nan,nan,nan,nan,0.0,0.0,0.0,0.0,0.0,0.0,nan,nan,nan,1,0,0,0
5723412386,5723412380,-0.1802139,0.062221516,-0.21645099,0.023074817,-0.041410003,0.025469327,-0.998551,nan,nan,nan,nan,nan,nan,0.0,0.0,0.0,0.0,0.0,0.0,nan,nan,nan,1,0,0,0
5723422291,5723422285,-0.18032339,0.06329463,-0.22323276,0.023282561,-0.04187634,0.036264453,-0.99819297,nan,nan,nan,nan,nan,nan,0.0,0.0,0.0,0.0,0.0,0.0,nan,nan,nan,1,0,0,0
5723428294,5723428288,-0.18068944,0.062194217,-0.22780053,0.022871882,-0.03859791,0.025699053,-0.99866235,nan,nan,nan,nan,nan,nan,0.0,0.0,0.0,0.0,0.0,0.0,nan,nan,nan,1,0,0,0
5723436878,5723436871,-0.18052284,0.06329922,-0.23498085,0.024404593,-0.040524807,0.036870904,-0.99819964,nan,nan,nan,nan,nan,nan,0.0,0.0,0.0,0.0,0.0,0.0,nan,nan,nan,1,0,0,0
5723445312,5723445307,-0.1806535,0.063389376,-0.24104336,0.02434945,-0.041293874,0.037596196,-0.9981424,nan,nan,nan,nan,nan,nan,0.0,0.0,0.0,0.0,0.0,0.0,nan,nan,nan,1,0,0,0
5723454766,5723454761,-0.18082196,0.062382277,-0.24610585,0.02503716,-0.040377956,0.026789442,-0.99851143,nan,nan,nan,nan,nan,nan,0.0,0.0,0.0,0.0,0.0,0.0,nan,nan,nan,1,0,0,0
5723463291,5723463286,-0.18121159,0.06220974,-0.25167784,0.024438294,-0.038846407,0.027607976,-0.9985647,nan,nan,nan,nan,nan,nan,0.0,0.0,0.0,0.0,0.0,0.0,nan,nan,nan,1,0,0,0
5723470656,5723470547,-0.18137744,0.06249293,-0.25795335,0.02762734,-0.035930008,0.03018127,-0.9985163,nan,nan,nan,nan,nan,nan,0.0,0.0,0.0,0.0,0.0,0.0,nan,nan,nan,1,0,0,0
5723480715,5723480709,-0.1816046,0.062319133,-0.26396146,0.026056273,-0.03906849,0.02844784,-0.9984916,nan,nan,nan,nan,nan,nan,0.0,0.0,0.0,0.0,0.0,0.0,nan,nan,nan,1,0,0,0
5723487301,5723487295,-0.18164086,0.06227337,-0.26990923,0.025961554,-0.039827988,0.026995802,-0.9985043,nan,nan,nan,nan,nan,nan,0.0,0.0,0.0,0.0,0.0,0.0,nan,nan,nan,1,0,0,0
5723494716,5723494711,-0.18147643,0.06290918,-0.276809,0.03003987,-0.03526378,0.035451706,-0.9982972,nan,nan,nan,nan,nan,nan,0.0,0.0,0.0,0.0,0.0,0.0,nan,nan,nan,1,0,0,0
5723503983,5723503977,-0.18183257,0.063051425,-0.28293183,0.030069215,-0.035844147,0.03528113,-0.9982816,nan,nan,nan,nan,nan,nan,0.0,0.0,0.0,0.0,0.0,0.0,nan,nan,nan,1,0,0,0
5723512302,5723512297,-0.18224747,0.062403385,-0.28838912,0.026499977,-0.03834011,0.02781456,-0.9985259,nan,nan,nan,nan,nan,nan,0.0,0.0,0.0,0.0,0.0,0.0,nan,nan,nan,1,0,0,0
5723520844,5723520839,-0.1824571,0.062319748,-0.29459405,0.02743314,-0.03763248,0.028657207,-0.99850386,nan,nan,nan,nan,nan,nan,0.0,0.0,0.0,0.0,0.0,0.0,nan,nan,nan,1,0,0,0
5723530685,5723530679,-0.18241633,0.06264063,-0.30102572,0.033358444,-0.031158488,0.034805123,-0.99835116,nan,nan,nan,nan,nan,nan,0.0,0.0,0.0,0.0,0.0,0.0,nan,nan,nan,1,0,0,0
5723536790,5723536785,-0.18304227,0.06265583,-0.30693486,0.02913868,-0.037860226,0.029545201,-0.9984211,nan,nan,nan,nan,nan,nan,0.0,0.0,0.0,0.0,0.0,0.0,nan,nan,nan,1,0,0,0
5723546304,5723546298,-0.18329103,0.06256765,-0.31315643,0.031207839,-0.03676406,0.031075375,-0.998353,nan,nan,nan,nan,nan,nan,0.0,0.0,0.0,0.0,0.0,0.0,nan,nan,nan,1,0,0,0
5723554661,5723554655,-0.18365052,0.06262871,-0.31931326,0.033014722,-0.036927972,0.031609286,-0.9982721,nan,nan,nan,nan,nan,nan,0.0,0.0,0.0,0.0,0.0,0.0,nan,nan,nan,1,0,0,0
5723565453,5723565447,-0.18392605,0.06270319,-0.32548615,0.03330653,-0.037834607,0.031897727,-0.99821925,nan,nan,nan,nan,nan,nan,0.0,0.0,0.0,0.0,0.0,0.0,nan,nan,nan,1,0,0,0
5723570525,5723570519,-0.18401785,0.06278371,-0.3317195,0.03354951,-0.038244948,0.032721702,-0.9981689,nan,nan,nan,nan,nan,nan,0.0,0.0,0.0,0.0,0.0,0.0,nan,nan,nan,1,0,0,0
5723578301,5723578295,-0.18415372,0.062711455,-0.3379207,0.034061674,-0.038701728,0.03322446,-0.9981173,nan,nan,nan,nan,nan,nan,0.0,0.0,0.0,0.0,0.0,0.0,nan,nan,nan,1,0,0,0
5723587291,5723587285,-0.18430743,0.06275877,-0.34404728,0.033417773,-0.04025244,0.03345535,-0.99807,nan,nan,nan,nan,nan,nan,0.0,0.0,0.0,0.0,0.0,0.0,nan,nan,nan,1,0,0,0
5723596340,5723596335,-0.18439245,0.0628898,-0.35032675,0.032557353,-0.040570263,0.034129657,-0.99806273,nan,nan,nan,nan,nan,nan,0.0,0.0,0.0,0.0,0.0,0.0,nan,nan,nan,1,0,0,0
5723603120,5723603115,-0.18452959,0.062877744,-0.3566338,0.031935126,-0.039565798,0.034549125,-0.9981088,nan,nan,nan,nan,nan,nan,0.0,0.0,0.0,0.0,0.0,0.0,nan,nan,nan,1,0,0,0
5723612300,5723612295,-0.18476631,0.063195385,-0.36308584,0.03318021,-0.037446804,0.03665552,-0.9980747,nan,nan,nan,nan,nan,nan,0.0,0.0,0.0,0.0,0.0,0.0,nan,nan,nan,1,0,0,0
5723621323,5723621318,-0.18496965,0.062909834,-0.3690228,0.02940811,-0.04065718,0.033529256,-0.99817723,nan,nan,nan,nan,nan,nan,0.0,0.0,0.0,0.0,0.0,0.0,nan,nan,nan,1,0,0,0
5723630685,5723630680,-0.18536495,0.062913924,-0.37535572,0.028238334,-0.038324937,0.0333183,-0.99831045,nan,nan,nan,nan,nan,nan,0.0,0.0,0.0,0.0,0.0,0.0,nan,nan,nan,1,0,0,0
5723640127,5723640121,-0.1853459,0.06400652,-0.3823204,0.026090153,-0.047374304,0.03148855,-0.9980398,nan,nan,nan,nan,nan,nan,0.0,0.0,0.0,0.0,0.0,0.0,nan,nan,nan,1,0,0,0
5723645398,5723645392,-0.18578967,0.06330432,-0.38770366,0.026120197,-0.04017969,0.032619387,-0.9983182,nan,nan,nan,nan,nan,nan,0.0,0.0,0.0,0.0,0.0,0.0,nan,nan,nan,1,0,0,0
5723654607,5723654600,-0.18570246,0.06410083,-0.3944037,0.024520181,-0.048854757,0.029832812,-0.9980591,nan,nan,nan,nan,nan,nan,0.0,0.0,0.0,0.0,0.0,0.0,nan,nan,nan,1,0,0,0
5723662332,5723662327,-0.18593433,0.064456545,-0.40069172,0.023558859,-0.046224583,0.03469758,-0.9980502,nan,nan,nan,nan,nan,nan,0.0,0.0,0.0,0.0,0.0,0.0,nan,nan,nan,1,0,0,0
5723670587,5723670580,-0.18612573,0.064112455,-0.40623495,0.022405272,-0.048398063,0.030043622,-0.9981247,nan,nan,nan,nan,nan,nan,0.0,0.0,0.0,0.0,0.0,0.0,nan,nan,nan,1,0,0,0
5723679937,5723679932,-0.18645038,0.062918775,-0.4109434,0.020257926,-0.048464056,0.037541237,-0.99791354,nan,nan,nan,nan,nan,nan,0.0,0.0,0.0,0.0,0.0,0.0,nan,nan,nan,1,0,0,0
5723688295,5723688290,-0.18626472,0.06454048,-0.4177732,0.019855767,-0.051755793,0.027790736,-0.9980755,nan,nan,nan,nan,nan,nan,0.0,0.0,0.0,0.0,0.0,0.0,nan,nan,nan,1,0,0,0
5723695406,5723695400,-0.18672587,0.06334611,-0.42241538,0.020485187,-0.039592717,0.032296557,-0.99848366,nan,nan,nan,nan,nan,nan,0.0,0.0,0.0,0.0,0.0,0.0,nan,nan,nan,1,0,0,0
5723703050,5723703045,-0.18695441,0.063617125,-0.428017,0.016203258,-0.051055897,0.03926181,-0.9977922,nan,nan,nan,nan,nan,nan,0.0,0.0,0.0,0.0,0.0,0.0,nan,nan,nan,1,0,0,0
5723712298,5723712292,-0.18709524,0.0632529,-0.43323636,0.018319255,-0.03707545,0.032404564,-0.9986189,nan,nan,nan,nan,nan,nan,0.0,0.0,0.0,0.0,0.0,0.0,nan,nan,nan,1,0,0,0
5723720531,5723720525,-0.18748733,0.0628385,-0.43814006,0.015502329,-0.045233548,0.037357517,-0.9981573,nan,nan,nan,nan,nan,nan,0.0,0.0,0.0,0.0,0.0,0.0,nan,nan,nan,1,0,0,0
5723728343,5723728337,-0.18756364,0.063539036,-0.44368574,0.018014446,-0.034724865,0.033509452,-0.99867254,nan,nan,nan,nan,nan,nan,0.0,0.0,0.0,0.0,0.0,0.0,nan,nan,nan,1,0,0,0
5723736522,5723736517,-0.1877583,0.063337825,-0.44851577,0.016594913,-0.03689209,0.033079065,-0.99863374,nan,nan,nan,nan,nan,nan,0.0,0.0,0.0,0.0,0.0,0.0,nan,nan,nan,1,0,0,0
5723745301,5723745296,-0.18794152,0.06329194,-0.4532654,0.016513389,-0.036297552,0.034354802,-0.99861383,nan,nan,nan,nan,nan,nan,0.0,0.0,0.0,0.0,0.0,0.0,nan,nan,nan,1,0,0,0
5723754511,5723754506,-0.18821652,0.06305027,-0.4577205,0.014700142,-0.044576507,0.039840005,-0.998103,nan,nan,nan,nan,nan,nan,0.0,0.0,0.0,0.0,0.0,0.0,nan,nan,nan,1,0,0,0
5723762287,5723762281,-0.18816605,0.06382612,-0.46285504,0.018645884,-0.034270585,0.03668571,-0.998565,nan,nan,nan,nan,nan,nan,0.0,0.0,0.0,0.0,0.0,0.0,nan,nan,nan,1,0,0,0
5723770541,5723770535,-0.18821387,0.06349933,-0.4670738,0.017507588,-0.03837795,0.034935996,-0.998499,nan,nan,nan,nan,nan,nan,0.0,0.0,0.0,0.0,0.0,0.0,nan,nan,nan,1,0,0,0
5723780157,5723780151,-0.18839116,0.063157484,-0.47111008,0.016395964,-0.042420957,0.042286612,-0.9980699,nan,nan,nan,nan,nan,nan,0.0,0.0,0.0,0.0,0.0,0.0,nan,nan,nan,1,0,0,0
5723788292,5723788286,-0.18849081,0.063094564,-0.47511107,0.016079297,-0.046475943,0.040145822,-0.99798286,nan,nan,nan,nan,nan,nan,0.0,0.0,0.0,0.0,0.0,0.0,nan,nan,nan,1,0,0,0
5723795322,5723795316,-0.18851686,0.063255526,-0.47912323,0.018174136,-0.04183896,0.043170314,-0.99802583,nan,nan,nan,nan,nan,nan,0.0,0.0,0.0,0.0,0.0,0.0,nan,nan,nan,1,0,0,0
5723804336,5723804331,-0.18836537,0.06360985,-0.4830577,0.020441074,-0.038125407,0.03570753,-0.9984256,nan,nan,nan,nan,nan,nan,0.0,0.0,0.0,0.0,0.0,0.0,nan,nan,nan,1,0,0,0
5723812377,5723812372,-0.1884116,0.06341587,-0.48642486,0.020917675,-0.039142173,0.03727217,-0.99831915,nan,nan,nan,nan,nan,nan,0.0,0.0,0.0,0.0,0.0,0.0,nan,nan,nan,1,0,0,0
5723820323,5723820318,-0.18847387,0.06310808,-0.48960742,0.021210106,-0.045573574,0.041856363,-0.99785835,nan,nan,nan,nan,nan,nan,0.0,0.0,0.0,0.0,0.0,0.0,nan,nan,nan,1,0,0,0
5723830286,5723830281,-0.18849015,0.063542835,-0.49302408,0.024984764,-0.03926634,0.036786597,-0.99823874,nan,nan,nan,nan,nan,nan,0.0,0.0,0.0,0.0,0.0,0.0,nan,nan,nan,1,0,0,0
5723837057,5723837052,-0.18853304,0.06330281,-0.49577248,0.024512906,-0.047315795,0.04241865,-0.9976778,nan,nan,nan,nan,nan,nan,0.0,0.0,0.0,0.0,0.0,0.0,nan,nan,nan,1,0,0,0
5723846333,5723846328,-0.18841356,0.06355368,-0.49866584,0.02855437,-0.039041135,0.036869224,-0.9981489,nan,nan,nan,nan,nan,nan,0.0,0.0,0.0,0.0,0.0,0.0,nan,nan,nan,1,0,0,0
5723854303,5723854298,-0.18842109,0.063585,-0.50108725,0.030420097,-0.03879608,0.037959114,-0.9980624,nan,nan,nan,nan,nan,nan,0.0,0.0,0.0,0.0,0.0,0.0,nan,nan,nan,1,0,0,0
5723862297,5723862292,-0.18852428,0.06328125,-0.50306714,0.02909251,-0.0469383,0.042714585,-0.9975599,nan,nan,nan,nan,nan,nan,0.0,0.0,0.0,0.0,0.0,0.0,nan,nan,nan,1,0,0,0
5723870372,5723870366,-0.18846487,0.06308549,-0.50508004,0.029867154,-0.046511967,0.042303126,-0.9975746,nan,nan,nan,nan,nan,nan,0.0,0.0,0.0,0.0,0.0,0.0,nan,nan,nan,1,0,0,0
5723878309,5723878304,-0.18837442,0.063592784,-0.5073421,0.032443732,-0.039440475,0.037597414,-0.9979871,nan,nan,nan,nan,nan,nan,0.0,0.0,0.0,0.0,0.0,0.0,nan,nan,nan,1,0,0,0
5723887295,5723887290,-0.18844078,0.06364804,-0.5089892,0.03236551,-0.03892263,0.035792865,-0.9980764,nan,nan,nan,nan,nan,nan,0.0,0.0,0.0,0.0,0.0,0.0,nan,nan,nan,1,0,0,0
5723895305,5723895298,-0.18860406,0.0632247,-0.51004815,0.030768935,-0.04624226,0.040528525,-0.99763334,nan,nan,nan,nan,nan,nan,0.0,0.0,0.0,0.0,0.0,0.0,nan,nan,nan,1,0,0,0
5723904717,5723904712,-0.18863618,0.06361122,-0.5115069,0.032841515,-0.038173687,0.033544835,-0.9981679,nan,nan,nan,nan,nan,nan,0.0,0.0,0.0,0.0,0.0,0.0,nan,nan,nan,1,0,0,0
5723911439,5723911434,-0.1888266,0.063221164,-0.51216716,0.030685363,-0.045450468,0.03789573,-0.99777585,nan,nan,nan,nan,nan,nan,0.0,0.0,0.0,0.0,0.0,0.0,nan,nan,nan,1,0,0,0
5723922291,5723922285,-0.18889324,0.06395007,-0.5132478,0.029057467,-0.050674237,0.037774306,-0.99757755,nan,nan,nan,nan,nan,nan,0.0,0.0,0.0,0.0,0.0,0.0,nan,nan,nan,1,0,0,0
5723928295,5723928290,-0.18897115,0.06417624,-0.51369715,0.028306913,-0.051978584,0.036682226,-0.9975728,nan,nan,nan,nan,nan,nan,0.0,0.0,0.0,0.0,0.0,0.0,nan,nan,nan,1,0,0,0
5723936888,5723936883,-0.18904504,0.06420004,-0.51377106,0.027934754,-0.051636223,0.036199685,-0.9976186,nan,nan,nan,nan,nan,nan,0.0,0.0,0.0,0.0,0.0,0.0,nan,nan,nan,1,0,0,0
5723945300,5723945295,-0.18910539,0.06423327,-0.51364267,0.02726137,-0.05136485,0.035918728,-0.9976615,nan,nan,nan,nan,nan,nan,0.0,0.0,0.0,0.0,0.0,0.0,nan,nan,nan,1,0,0,0
5723954297,5723954292,-0.18919559,0.06414497,-0.5132322,0.02655243,-0.04996793,0.03544859,-0.9977683,nan,nan,nan,nan,nan,nan,0.0,0.0,0.0,0.0,0.0,0.0,nan,nan,nan,1,0,0,0
5723962482,5723962476,-0.18930517,0.063411556,-0.512155,0.026645843,-0.04439319,0.035209056,-0.9980379,nan,nan,nan,nan,nan,nan,0.0,0.0,0.0,0.0,0.0,0.0,nan,nan,nan,1,0,0,0
5723970467,5723970462,-0.18930133,0.0638385,-0.5115565,0.024238996,-0.047080554,0.03572985,-0.9979575,nan,nan,nan,nan,nan,nan,0.0,0.0,0.0,0.0,0.0,0.0,nan,nan,nan,1,0,0,0
5723978301,5723978295,-0.1892255,0.06396459,-0.5105497,0.025542123,-0.037193622,0.029205114,-0.9985546,nan,nan,nan,nan,nan,nan,0.0,0.0,0.0,0.0,0.0,0.0,nan,nan,nan,1,0,0,0
5723987539,5723987534,-0.18932143,0.06358157,-0.5089366,0.02056133,-0.045874905,0.034814544,-0.99812853,nan,nan,nan,nan,nan,nan,0.0,0.0,0.0,0.0,0.0,0.0,nan,nan,nan,1,0,0,0
5723996291,5723996286,-0.18911104,0.0642515,-0.5080065,0.022846878,-0.035210952,0.030385245,-0.9986566,nan,nan,nan,nan,nan,nan,0.0,0.0,0.0,0.0,0.0,0.0,nan,nan,nan,1,0,0,0
5724003282,5724003276,-0.18912837,0.06397069,-0.5059041,0.019908339,-0.038167182,0.028234484,-0.998674,nan,nan,nan,nan,nan,nan,0.0,0.0,0.0,0.0,0.0,0.0,nan,nan,nan,1,0,0,0
5724012384,5724012378,-0.18883061,0.065910585,-0.5043584,0.018932316,-0.055445183,0.020511722,-0.9980715,nan,nan,nan,nan,nan,nan,0.0,0.0,0.0,0.0,0.0,0.0,nan,nan,nan,1,0,0,0
5724020344,5724020338,-0.18906139,0.06416522,-0.50176865,0.014844225,-0.05088566,0.034118548,-0.9980111,nan,nan,nan,nan,nan,nan,0.0,0.0,0.0,0.0,0.0,0.0,nan,nan,nan,1,0,0,0
5724029854,5724029849,-0.18901709,0.063540176,-0.4989311,0.016324345,-0.04582072,0.033365626,-0.9982589,nan,nan,nan,nan,nan,nan,0.0,0.0,0.0,0.0,0.0,0.0,nan,nan,nan,1,0,0,0
5724036748,5724036743,-0.18865918,0.06519222,-0.49763963,0.015942253,-0.05001191,0.02243847,-0.9983693,nan,nan,nan,nan,nan,nan,0.0,0.0,0.0,0.0,0.0,0.0,nan,nan,nan,1,0,0,0
5724046302,5724046297,-0.18887557,0.06342595,-0.49352664,0.016122056,-0.04541994,0.03307009,-0.9982903,nan,nan,nan,nan,nan,nan,0.0,0.0,0.0,0.0,0.0,0.0,nan,nan,nan,1,0,0,0
5724057384,5724057378,-0.18876602,0.06345575,-0.4905636,0.01657053,-0.044153728,0.03496283,-0.9982752,nan,nan,nan,nan,nan,nan,0.0,0.0,0.0,0.0,0.0,0.0,nan,nan,nan,1,0,0,0
5724063313,5724063308,-0.18859473,0.06395816,-0.48772728,0.0189878,-0.037336953,0.028324487,-0.9987208,nan,nan,nan,nan,nan,nan,0.0,0.0,0.0,0.0,0.0,0.0,nan,nan,nan,1,0,0,0
5724071070,5724070858,-0.18863007,0.06337671,-0.4841253,0.017499207,-0.044161838,0.03398009,-0.998293,nan,nan,nan,nan,nan,nan,0.0,0.0,0.0,0.0,0.0,0.0,nan,nan,nan,1,0,0,0
5724079388,5724079383,-0.18834211,0.06375977,-0.48120442,0.017912285,-0.042737663,0.03489687,-0.99831605,nan,nan,nan,nan,nan,nan,0.0,0.0,0.0,0.0,0.0,0.0,nan,nan,nan,1,0,0,0
5724087331,5724087326,-0.18805876,0.063866176,-0.4776683,0.019410856,-0.03727959,0.028216204,-0.99871784,nan,nan,nan,nan,nan,nan,0.0,0.0,0.0,0.0,0.0,0.0,nan,nan,nan,1,0,0,0
5724096289,5724096284,-0.18812278,0.06348913,-0.4736859,0.017213358,-0.044757616,0.033031616,-0.9983032,nan,nan,nan,nan,nan,nan,0.0,0.0,0.0,0.0,0.0,0.0,nan,nan,nan,1,0,0,0
5724103940,5724103934,-0.18772735,0.064020924,-0.4703813,0.0213448,-0.03332008,0.02923616,-0.99878895,nan,nan,nan,nan,nan,nan,0.0,0.0,0.0,0.0,0.0,0.0,nan,nan,nan,1,0,0,0
5724112440,5724112381,-0.18753548,0.06390092,-0.46624905,0.019863592,-0.037951864,0.027272373,-0.99870986,nan,nan,nan,nan,nan,nan,0.0,0.0,0.0,0.0,0.0,0.0,nan,nan,nan,1,0,0,0
5724123298,5724123292,-0.18727773,0.06392852,-0.46224827,0.020318111,-0.03844005,0.025780663,-0.9987216,nan,nan,nan,nan,nan,nan,0.0,0.0,0.0,0.0,0.0,0.0,nan,nan,nan,1,0,0,0
5724130031,5724130026,-0.18718004,0.063816816,-0.4579315,0.019532494,-0.03764904,0.02619616,-0.9987566,nan,nan,nan,nan,nan,nan,0.0,0.0,0.0,0.0,0.0,0.0,nan,nan,nan,1,0,0,0
5724137877,5724137871,-0.1869756,0.0637942,-0.45349354,0.020720595,-0.035507996,0.026650049,-0.9987991,nan,nan,nan,nan,nan,nan,0.0,0.0,0.0,0.0,0.0,0.0,nan,nan,nan,1,0,0,0
5724145300,5724145295,-0.18675973,0.06378973,-0.44905624,0.020251302,-0.036466748,0.02488143,-0.99881977,nan,nan,nan,nan,nan,nan,0.0,0.0,0.0,0.0,0.0,0.0,nan,nan,nan,1,0,0,0
5724154287,5724154282,-0.18654773,0.06386997,-0.44451502,0.020841392,-0.03755049,0.025009975,-0.9987643,nan,nan,nan,nan,nan,nan,0.0,0.0,0.0,0.0,0.0,0.0,nan,nan,nan,1,0,0,0
5724162315,5724162309,-0.18645976,0.06380614,-0.4396515,0.021207953,-0.035298053,0.025684226,-0.9988216,nan,nan,nan,nan,nan,nan,0.0,0.0,0.0,0.0,0.0,0.0,nan,nan,nan,1,0,0,0
5724170192,5724170185,-0.18636477,0.063547045,-0.43452948,0.021411456,-0.03429119,0.026101543,-0.9988415,nan,nan,nan,nan,nan,nan,0.0,0.0,0.0,0.0,0.0,0.0,nan,nan,nan,1,0,0,0
5724179860,5724179855,-0.18601282,0.063851655,-0.42987427,0.022123378,-0.03712002,0.024039872,-0.9987766,nan,nan,nan,nan,nan,nan,0.0,0.0,0.0,0.0,0.0,0.0,nan,nan,nan,1,0,0,0
5724190599,5724190594,-0.18571346,0.063714705,-0.4247189,0.021439973,-0.037827242,0.025002971,-0.9987413,nan,nan,nan,nan,nan,nan,0.0,0.0,0.0,0.0,0.0,0.0,nan,nan,nan,1,0,0,0
5724199426,5724199419,-0.18547663,0.06378665,-0.41960257,0.022392858,-0.037024368,0.024197996,-0.99877036,nan,nan,nan,nan,nan,nan,0.0,0.0,0.0,0.0,0.0,0.0,nan,nan,nan,1,0,0,0
5724202980,5724202974,-0.18505882,0.064845234,-0.41512093,0.021206262,-0.04513519,0.021439701,-0.9985257,nan,nan,nan,nan,nan,nan,0.0,0.0,0.0,0.0,0.0,0.0,nan,nan,nan,1,0,0,0
5724212404,5724212398,-0.18489248,0.0648542,-0.40971473,0.022141468,-0.044451665,0.020291144,-0.99856,nan,nan,nan,nan,nan,nan,0.0,0.0,0.0,0.0,0.0,0.0,nan,nan,nan,1,0,0,0
5724220297,5724220292,-0.18445861,0.06572704,-0.40495828,0.02335045,-0.039509255,0.033356767,-0.99838924,nan,nan,nan,nan,nan,nan,0.0,0.0,0.0,0.0,0.0,0.0,nan,nan,nan,1,0,0,0
5724229835,5724229830,-0.18432082,0.06478468,-0.3986041,0.023571486,-0.044085346,0.020363504,-0.9985421,nan,nan,nan,nan,nan,nan,0.0,0.0,0.0,0.0,0.0,0.0,nan,nan,nan,1,0,0,0
5724236455,5724236449,-0.184131,0.064602345,-0.39300403,0.0246988,-0.04314643,0.019982655,-0.9985635,nan,nan,nan,nan,nan,nan,0.0,0.0,0.0,0.0,0.0,0.0,nan,nan,nan,1,0,0,0
5724245298,5724245293,-0.18375342,0.065102644,-0.387592,0.02571659,-0.041695487,0.026283497,-0.99845344,nan,nan,nan,nan,nan,nan,0.0,0.0,0.0,0.0,0.0,0.0,nan,nan,nan,1,0,0,0
5724253721,5724253716,-0.18341139,0.0645523,-0.3813434,0.026568042,-0.04295465,0.020785326,-0.9985074,nan,nan,nan,nan,nan,nan,0.0,0.0,0.0,0.0,0.0,0.0,nan,nan,nan,1,0,0,0
5724262400,5724262394,-0.18316971,0.0647091,-0.37557036,0.027178964,-0.038412027,0.024280075,-0.99859715,nan,nan,nan,nan,nan,nan,0.0,0.0,0.0,0.0,0.0,0.0,nan,nan,nan,1,0,0,0
5724269536,5724269530,-0.18268819,0.0645846,-0.36954644,0.027051097,-0.042927798,0.019325553,-0.9985249,nan,nan,nan,nan,nan,nan,0.0,0.0,0.0,0.0,0.0,0.0,nan,nan,nan,1,0,0,0
5724279761,5724279756,-0.18226829,0.06454002,-0.36343557,0.02721445,-0.042652488,0.018777566,-0.9985427,nan,nan,nan,nan,nan,nan,0.0,0.0,0.0,0.0,0.0,0.0,nan,nan,nan,1,0,0,0
5724289531,5724289526,-0.18179286,0.0642528,-0.35718745,0.031171018,-0.028983787,0.025640735,-0.9987647,nan,nan,nan,nan,nan,nan,0.0,0.0,0.0,0.0,0.0,0.0,nan,nan,nan,1,0,0,0
5724295288,5724295282,-0.18150832,0.063895226,-0.35063756,0.027183369,-0.035648756,0.020923825,-0.9987754,nan,nan,nan,nan,nan,nan,0.0,0.0,0.0,0.0,0.0,0.0,nan,nan,nan,1,0,0,0
5724304108,5724304102,-0.18122417,0.06381165,-0.34437978,0.026705513,-0.03432425,0.02148676,-0.99882275,nan,nan,nan,nan,nan,nan,0.0,0.0,0.0,0.0,0.0,0.0,nan,nan,nan,1,0,0,0
5724312302,5724312297,-0.18073606,0.06399494,-0.33835152,0.029718203,-0.029995829,0.024035957,-0.99881893,nan,nan,nan,nan,nan,nan,0.0,0.0,0.0,0.0,0.0,0.0,nan,nan,nan,1,0,0,0
5724322295,5724322289,-0.1803302,0.06383242,-0.33185482,0.02697047,-0.03479611,0.020281745,-0.99882454,nan,nan,nan,nan,nan,nan,0.0,0.0,0.0,0.0,0.0,0.0,nan,nan,nan,1,0,0,0
5724329909,5724329904,-0.18005191,0.06370148,-0.32542336,0.027387075,-0.03305996,0.019198442,-0.9988936,nan,nan,nan,nan,nan,nan,0.0,0.0,0.0,0.0,0.0,0.0,nan,nan,nan,1,0,0,0
5724337008,5724337001,-0.17952932,0.064030215,-0.31946957,0.03060101,-0.027201688,0.024164794,-0.99886924,nan,nan,nan,nan,nan,nan,0.0,0.0,0.0,0.0,0.0,0.0,nan,nan,nan,1,0,0,0
5724345295,5724345290,-0.17930703,0.06354791,-0.31249794,0.02757929,-0.032493997,0.019568447,-0.9988997,nan,nan,nan,nan,nan,nan,0.0,0.0,0.0,0.0,0.0,0.0,nan,nan,nan,1,0,0,0
5724354506,5724354500,-0.17899123,0.06336843,-0.30598283,0.027389657,-0.031451717,0.019300092,-0.9989435,nan,nan,nan,nan,nan,nan,0.0,0.0,0.0,0.0,0.0,0.0,nan,nan,nan,1,0,0,0
5724362292,5724362287,-0.17861617,0.06340633,-0.29946125,0.02733198,-0.031543046,0.020017974,-0.9989281,nan,nan,nan,nan,nan,nan,0.0,0.0,0.0,0.0,0.0,0.0,nan,nan,nan,1,0,0,0
5724369824,5724369819,-0.17827334,0.06352486,-0.2931258,0.026286768,-0.03171895,0.020042403,-0.99895006,nan,nan,nan,nan,nan,nan,0.0,0.0,0.0,0.0,0.0,0.0,nan,nan,nan,1,0,0,0
5724379660,5724379654,-0.17814098,0.06351082,-0.28663138,0.026417306,-0.032320227,0.0201167,-0.99892586,nan,nan,nan,nan,nan,nan,0.0,0.0,0.0,0.0,0.0,0.0,nan,nan,nan,1,0,0,0
5724387324,5724387290,-0.17753544,0.06509504,-0.2814482,0.026161252,-0.035560552,0.031481717,-0.99852884,nan,nan,nan,nan,nan,nan,0.0,0.0,0.0,0.0,0.0,0.0,nan,nan,nan,1,0,0,0
5724395295,5724395290,-0.17745474,0.06410343,-0.2741162,0.024796823,-0.038884882,0.019932192,-0.9987371,nan,nan,nan,nan,nan,nan,0.0,0.0,0.0,0.0,0.0,0.0,nan,nan,nan,1,0,0,0
5724404002,5724403996,-0.1771452,0.06426871,-0.26769567,0.024552919,-0.038803853,0.021446716,-0.9987149,nan,nan,nan,nan,nan,nan,0.0,0.0,0.0,0.0,0.0,0.0,nan,nan,nan,1,0,0,0
5724413562,5724413557,-0.17720346,0.0640307,-0.26111344,0.02475363,-0.03648154,0.019391622,-0.9988395,nan,nan,nan,nan,nan,nan,0.0,0.0,0.0,0.0,0.0,0.0,nan,nan,nan,1,0,0,0
5724421317,5724421312,-0.1768333,0.06510312,-0.255344,0.02451668,-0.03342709,0.031150088,-0.9986547,nan,nan,nan,nan,nan,nan,0.0,0.0,0.0,0.0,0.0,0.0,nan,nan,nan,1,0,0,0
5724429693,5724429687,-0.17682654,0.06407513,-0.24818152,0.029370692,-0.02493185,0.027356723,-0.99888307,nan,nan,nan,nan,nan,nan,0.0,0.0,0.0,0.0,0.0,0.0,nan,nan,nan,1,0,0,0
5724437045,5724437039,-0.1766434,0.064061195,-0.24179694,0.027240178,-0.023654558,0.026309878,-0.99900264,nan,nan,nan,nan,nan,nan,0.0,0.0,0.0,0.0,0.0,0.0,nan,nan,nan,1,0,0,0
5724446305,5724446300,-0.17657979,0.06344906,-0.234725,0.02576458,-0.028728005,0.018197848,-0.9990895,nan,nan,nan,nan,nan,nan,0.0,0.0,0.0,0.0,0.0,0.0,nan,nan,nan,1,0,0,0
5724454412,5724454406,-0.17631812,0.06473742,-0.22957133,0.024757832,-0.028748294,0.027747585,-0.99889475,nan,nan,nan,nan,nan,nan,0.0,0.0,0.0,0.0,0.0,0.0,nan,nan,nan,1,0,0,0
5724462292,5724462286,-0.17624038,0.06479974,-0.22306919,0.026559291,-0.029767286,0.027323227,-0.9988303,nan,nan,nan,nan,nan,nan,0.0,0.0,0.0,0.0,0.0,0.0,nan,nan,nan,1,0,0,0
5724470343,5724470337,-0.17623784,0.064829625,-0.21685779,0.0248212,-0.028870877,0.02713465,-0.9989065,nan,nan,nan,nan,nan,nan,0.0,0.0,0.0,0.0,0.0,0.0,nan,nan,nan,1,0,0,0
5724480290,5724480284,-0.17621246,0.064626865,-0.21051912,0.026236676,-0.027641403,0.02580519,-0.9989403,nan,nan,nan,nan,nan,nan,0.0,0.0,0.0,0.0,0.0,0.0,nan,nan,nan,1,0,0,0
5724487291,5724487285,-0.17628168,0.063737005,-0.20358741,0.02506599,-0.027550302,0.016476644,-0.9991703,nan,nan,nan,nan,nan,nan,0.0,0.0,0.0,0.0,0.0,0.0,nan,nan,nan,1,0,0,0
5724496292,5724496287,-0.17620116,0.0645415,-0.198064,0.025133884,-0.027681587,0.023912366,-0.9990146,nan,nan,nan,nan,nan,nan,0.0,0.0,0.0,0.0,0.0,0.0,nan,nan,nan,1,0,0,0
5724504552,5724504547,-0.17609085,0.06468951,-0.19206636,0.024706118,-0.02769218,0.024541616,-0.9990097,nan,nan,nan,nan,nan,nan,0.0,0.0,0.0,0.0,0.0,0.0,nan,nan,nan,1,0,0,0
5724512302,5724512296,-0.1761656,0.06377799,-0.18535464,0.02404344,-0.0280557,0.014104883,-0.9992176,nan,nan,nan,nan,nan,nan,0.0,0.0,0.0,0.0,0.0,0.0,nan,nan,nan,1,0,0,0
5724520304,5724520298,-0.1761518,0.063859865,-0.17934513,0.02270288,-0.028502937,0.014764156,-0.9992268,nan,nan,nan,nan,nan,nan,0.0,0.0,0.0,0.0,0.0,0.0,nan,nan,nan,1,0,0,0
5724529756,5724529677,-0.17611799,0.064619295,-0.17402583,0.022911645,-0.02713176,0.023133256,-0.9991015,nan,nan,nan,nan,nan,nan,0.0,0.0,0.0,0.0,0.0,0.0,nan,nan,nan,1,0,0,0
5724536742,5724536736,-0.17601854,0.06460053,-0.16816416,0.022160357,-0.026206313,0.024097245,-0.9991204,nan,nan,nan,nan,nan,nan,0.0,0.0,0.0,0.0,0.0,0.0,nan,nan,nan,1,0,0,0
5724546298,5724546292,-0.17608604,0.06366555,-0.16175923,0.022003727,-0.02733776,0.01399493,-0.999286,nan,nan,nan,nan,nan,nan,0.0,0.0,0.0,0.0,0.0,0.0,nan,nan,nan,1,0,0,0
5724554291,5724554285,-0.17601946,0.064586446,-0.15684609,0.019443618,-0.026146447,0.023712847,-0.9991877,nan,nan,nan,nan,nan,nan,0.0,0.0,0.0,0.0,0.0,0.0,nan,nan,nan,1,0,0,0
5724562293,5724562287,-0.17602365,0.06460536,-0.15116854,0.019792212,-0.026944898,0.023754412,-0.9991586,nan,nan,nan,nan,nan,nan,0.0,0.0,0.0,0.0,0.0,0.0,nan,nan,nan,1,0,0,0
5724570198,5724570192,-0.17619541,0.06355241,-0.14497933,0.017892329,-0.026679914,0.014304207,-0.99938154,nan,nan,nan,nan,nan,nan,0.0,0.0,0.0,0.0,0.0,0.0,nan,nan,nan,1,0,0,0
5724579463,5724579457,-0.17607203,0.063551,-0.13960439,0.017033422,-0.029233292,0.013398998,-0.9993377,nan,nan,nan,nan,nan,nan,0.0,0.0,0.0,0.0,0.0,0.0,nan,nan,nan,1,0,0,0
5724587293,5724587288,-0.17597927,0.06431,-0.13492286,0.015965395,-0.027599085,0.021660784,-0.99925685,nan,nan,nan,nan,nan,nan,0.0,0.0,0.0,0.0,0.0,0.0,nan,nan,nan,1,0,0,0
5724596291,5724596286,-0.17603979,0.06344771,-0.1289902,0.015386441,-0.028610975,0.012640793,-0.9993923,nan,nan,nan,nan,nan,nan,0.0,0.0,0.0,0.0,0.0,0.0,nan,nan,nan,1,0,0,0
5724603381,5724603374,-0.17588124,0.06436077,-0.12455826,0.013955343,-0.029025113,0.022223191,-0.9992342,nan,nan,nan,nan,nan,nan,0.0,0.0,0.0,0.0,0.0,0.0,nan,nan,nan,1,0,0,0
5724615428,5724615422,-0.17590038,0.064148396,-0.11933498,0.013137751,-0.028197603,0.022703808,-0.9992581,nan,nan,nan,nan,nan,nan,0.0,0.0,0.0,0.0,0.0,0.0,nan,nan,nan,1,0,0,0
5724620431,5724620426,-0.17588742,0.06404856,-0.11427203,0.012439846,-0.028012535,0.023752788,-0.9992479,nan,nan,nan,nan,nan,nan,0.0,0.0,0.0,0.0,0.0,0.0,nan,nan,nan,1,0,0,0
5724630580,5724630574,-0.17592114,0.06376659,-0.10917523,0.012073164,-0.027374117,0.023207648,-0.9992829,nan,nan,nan,nan,nan,nan,0.0,0.0,0.0,0.0,0.0,0.0,nan,nan,nan,1,0,0,0
5724636601,5724636596,-0.17597134,0.063531555,-0.10431661,0.011937807,-0.026047006,0.024023559,-0.9993008,nan,nan,nan,nan,nan,nan,0.0,0.0,0.0,0.0,0.0,0.0,nan,nan,nan,1,0,0,0
5724645399,5724645394,-0.17602406,0.06358548,-0.099656746,0.011052917,-0.028067999,0.023319144,-0.9992728,nan,nan,nan,nan,nan,nan,0.0,0.0,0.0,0.0,0.0,0.0,nan,nan,nan,1,0,0,0
5724653474,5724653469,-0.17609304,0.06341486,-0.09504099,0.010209136,-0.027290462,0.023015894,-0.9993104,nan,nan,nan,nan,nan,nan,0.0,0.0,0.0,0.0,0.0,0.0,nan,nan,nan,1,0,0,0
5724663329,5724663324,-0.17598276,0.06356844,-0.09068858,0.009669083,-0.029126236,0.026224084,-0.99918485,nan,nan,nan,nan,nan,nan,0.0,0.0,0.0,0.0,0.0,0.0,nan,nan,nan,1,0,0,0
5724670697,5724670692,-0.17600645,0.063470796,-0.086299434,0.008499375,-0.02888764,0.027115783,-0.9991787,nan,nan,nan,nan,nan,nan,0.0,0.0,0.0,0.0,0.0,0.0,nan,nan,nan,1,0,0,0
5724679298,5724679293,-0.17595275,0.06326343,-0.0819178,0.008392233,-0.0296389,0.026719922,-0.9991682,nan,nan,nan,nan,nan,nan,0.0,0.0,0.0,0.0,0.0,0.0,nan,nan,nan,1,0,0,0
5724686299,5724686293,-0.17592399,0.06321096,-0.07779476,0.007015833,-0.029605152,0.027978333,-0.9991454,nan,nan,nan,nan,nan,nan,0.0,0.0,0.0,0.0,0.0,0.0,nan,nan,nan,1,0,0,0
5724695292,5724695287,-0.17580424,0.06318435,-0.0737178,0.0063989,-0.031160748,0.029108707,-0.99906987,nan,nan,nan,nan,nan,nan,0.0,0.0,0.0,0.0,0.0,0.0,nan,nan,nan,1,0,0,0
5724703602,5724703597,-0.17585965,0.063004315,-0.06970848,0.005113312,-0.030433163,0.028566165,-0.9991154,nan,nan,nan,nan,nan,nan,0.0,0.0,0.0,0.0,0.0,0.0,nan,nan,nan,1,0,0,0
5724712297,5724712291,-0.17581306,0.062939405,-0.06582562,0.0043828418,-0.030171297,0.029241778,-0.9991073,nan,nan,nan,nan,nan,nan,0.0,0.0,0.0,0.0,0.0,0.0,nan,nan,nan,1,0,0,0
5724721294,5724721289,-0.1756716,0.06303226,-0.062054098,0.0036213316,-0.031929225,0.030540137,-0.9990169,nan,nan,nan,nan,nan,nan,0.0,0.0,0.0,0.0,0.0,0.0,nan,nan,nan,1,0,0,0
5724729424,5724729419,-0.17574196,0.06282765,-0.05843212,0.0030447752,-0.030433454,0.028636662,-0.9991219,nan,nan,nan,nan,nan,nan,0.0,0.0,0.0,0.0,0.0,0.0,nan,nan,nan,1,0,0,0
5724738731,5724738726,-0.17563173,0.06280572,-0.054835763,0.00205279,-0.031014666,0.029225234,-0.9990894,nan,nan,nan,nan,nan,nan,0.0,0.0,0.0,0.0,0.0,0.0,nan,nan,nan,1,0,0,0
5724745298,5724745292,-0.17555852,0.062727034,-0.05141761,0.0012070832,-0.031828277,0.027668746,-0.9991095,nan,nan,nan,nan,nan,nan,0.0,0.0,0.0,0.0,0.0,0.0,nan,nan,nan,1,0,0,0
5724754296,5724754291,-0.17546894,0.0627352,-0.048038594,-1.5430138e-05,-0.03238428,0.029035108,-0.9990537,nan,nan,nan,nan,nan,nan,0.0,0.0,0.0,0.0,0.0,0.0,nan,nan,nan,1,0,0,0
5724762292,5724762286,-0.17536764,0.0627689,-0.044712927,-0.00015974326,-0.032909468,0.028931428,-0.99903953,nan,nan,nan,nan,nan,nan,0.0,0.0,0.0,0.0,0.0,0.0,nan,nan,nan,1,0,0,0
5724770552,5724770547,-0.17544615,0.06273441,-0.041589465,0.0024164936,0.03111889,-0.029959053,0.99906373,nan,nan,nan,nan,nan,nan,0.0,0.0,0.0,0.0,0.0,0.0,nan,nan,nan,1,0,0,0
5724780388,5724780383,-0.17539951,0.062702246,-0.03840123,0.0018045324,0.032457795,-0.029840898,0.9990259,nan,nan,nan,nan,nan,nan,0.0,0.0,0.0,0.0,0.0,0.0,nan,nan,nan,1,0,0,0
5724789082,5724789077,-0.17544545,0.06295784,-0.035019074,0.0028327252,0.034130547,-0.030568877,0.99894583,nan,nan,nan,nan,nan,nan,0.0,0.0,0.0,0.0,0.0,0.0,nan,nan,nan,1,0,0,0
5724795292,5724795286,-0.17531368,0.062940314,-0.032053187,0.0027133457,0.03496527,-0.030204693,0.9989283,nan,nan,nan,nan,nan,nan,0.0,0.0,0.0,0.0,0.0,0.0,nan,nan,nan,1,0,0,0
5724804682,5724804677,-0.17528467,0.06296912,-0.029144779,0.0032769633,0.03548653,-0.029252365,0.9989366,nan,nan,nan,nan,nan,nan,0.0,0.0,0.0,0.0,0.0,0.0,nan,nan,nan,1,0,0,0
5724812329,5724812323,-0.1752442,0.06292262,-0.026203658,0.00399858,0.03550677,-0.029340474,0.9989307,nan,nan,nan,nan,nan,nan,0.0,0.0,0.0,0.0,0.0,0.0,nan,nan,nan,1,0,0,0
5724820328,5724820323,-0.1751991,0.062948234,-0.02337047,0.0041166604,0.035836928,-0.029629298,0.9989099,nan,nan,nan,nan,nan,nan,0.0,0.0,0.0,0.0,0.0,0.0,nan,nan,nan,1,0,0,0
5724829318,5724829313,-0.17523548,0.062907554,-0.020562407,0.0044116387,0.03482043,-0.028736936,0.99897057,nan,nan,nan,nan,nan,nan,0.0,0.0,0.0,0.0,0.0,0.0,nan,nan,nan,1,0,0,0
5724837012,5724837006,-0.17517023,0.062914364,-0.017769173,0.0043146014,0.03507101,-0.029936079,0.99892706,nan,nan,nan,nan,nan,nan,0.0,0.0,0.0,0.0,0.0,0.0,nan,nan,nan,1,0,0,0
5724845310,5724845305,-0.17522621,0.0626794,-0.015054505,0.004912219,0.032165486,-0.028510425,0.9990638,nan,nan,nan,nan,nan,nan,0.0,0.0,0.0,0.0,0.0,0.0,nan,nan,nan,1,0,0,0
5724854297,5724854291,-0.17532735,0.0628782,-0.012235005,0.0036061595,0.03319412,-0.029845087,0.9989968,nan,nan,nan,nan,nan,nan,0.0,0.0,0.0,0.0,0.0,0.0,nan,nan,nan,1,0,0,0
5724862328,5724862322,-0.17524,0.062837124,-0.00962024,0.0041921013,0.033193026,-0.029732794,0.9989978,nan,nan,nan,nan,nan,nan,0.0,0.0,0.0,0.0,0.0,0.0,nan,nan,nan,1,0,0,0
5724870389,5724870383,-0.17513072,0.06265489,-0.0071146507,0.004908498,0.03223872,-0.027777085,0.9990821,nan,nan,nan,nan,nan,nan,0.0,0.0,0.0,0.0,0.0,0.0,nan,nan,nan,1,0,0,0
5724878558,5724878553,-0.17505984,0.062781364,-0.0044692173,0.0045574256,0.033564646,-0.02862261,0.99901617,nan,nan,nan,nan,nan,nan,0.0,0.0,0.0,0.0,0.0,0.0,nan,nan,nan,1,0,0,0
5724887294,5724887288,-0.17495044,0.06281172,-0.0019419314,0.005118985,0.034988645,-0.029996134,0.9989244,nan,nan,nan,nan,nan,nan,0.0,0.0,0.0,0.0,0.0,0.0,nan,nan,nan,1,0,0,0
5724895358,5724895353,-0.17486548,0.06278716,0.00042312033,0.0054221023,0.034292128,-0.02843078,0.9989927,nan,nan,nan,nan,nan,nan,0.0,0.0,0.0,0.0,0.0,0.0,nan,nan,nan,1,0,0,0
5724903896,5724903891,-0.17479855,0.062585674,0.0027583789,0.006361112,0.033366673,-0.02780389,0.99903613,nan,nan,nan,nan,nan,nan,0.0,0.0,0.0,0.0,0.0,0.0,nan,nan,nan,1,0,0,0
5724912300,5724912294,-0.17483255,0.06277776,0.0050397255,0.0070347553,0.034452483,-0.028792357,0.99896675,nan,nan,nan,nan,nan,nan,0.0,0.0,0.0,0.0,0.0,0.0,nan,nan,nan,1,0,0,0
5724921295,5724921290,-0.17491189,0.06252826,0.0071596787,0.008267797,0.032424044,-0.02842903,0.9990356,nan,nan,nan,nan,nan,nan,0.0,0.0,0.0,0.0,0.0,0.0,nan,nan,nan,1,0,0,0
5724929438,5724929432,-0.17497805,0.062385984,0.009106363,0.009969147,0.030494142,-0.029389365,0.999053,nan,nan,nan,nan,nan,nan,0.0,0.0,0.0,0.0,0.0,0.0,nan,nan,nan,1,0,0,0
5724936748,5724936743,-0.17507012,0.06226592,0.011096592,0.011648969,0.030467216,-0.02908312,0.99904466,nan,nan,nan,nan,nan,nan,0.0,0.0,0.0,0.0,0.0,0.0,nan,nan,nan,1,0,0,0
5724945300,5724945295,-0.1750623,0.06231868,0.01300135,0.013334059,0.0319206,-0.030219752,0.99894446,nan,nan,nan,nan,nan,nan,0.0,0.0,0.0,0.0,0.0,0.0,nan,nan,nan,1,0,0,0
5724954293,5724954288,-0.175109,0.062337905,0.014883199,0.014907306,0.032989364,-0.0302411,0.9988868,nan,nan,nan,nan,nan,nan,0.0,0.0,0.0,0.0,0.0,0.0,nan,nan,nan,1,0,0,0
5724963296,5724963291,-0.17514843,0.062133044,0.01657033,0.017099297,0.033547822,-0.029872,0.9988442,nan,nan,nan,nan,nan,nan,0.0,0.0,0.0,0.0,0.0,0.0,nan,nan,nan,1,0,0,0
5724970281,5724970276,-0.1751386,0.062187556,0.018308753,0.018638222,0.0353459,-0.030157171,0.99874616,nan,nan,nan,nan,nan,nan,0.0,0.0,0.0,0.0,0.0,0.0,nan,nan,nan,1,0,0,0
5724978301,5724978295,-0.17510864,0.062171638,0.020050332,0.02013744,0.037534676,-0.031006537,0.99861115,nan,nan,nan,nan,nan,nan,0.0,0.0,0.0,0.0,0.0,0.0,nan,nan,nan,1,0,0,0
5724989475,5724989470,-0.17507863,0.062181823,0.021615624,0.021671886,0.04008671,-0.02999071,0.9985109,nan,nan,nan,nan,nan,nan,0.0,0.0,0.0,0.0,0.0,0.0,nan,nan,nan,1,0,0,0
5724996298,5724996292,-0.17510743,0.062219433,0.023129344,0.0234451,0.042411786,-0.03193042,0.9983146,nan,nan,nan,nan,nan,nan,0.0,0.0,0.0,0.0,0.0,0.0,nan,nan,nan,1,0,0,0
5725003182,5725003177,-0.17509565,0.061942812,0.024411913,0.026325736,0.041657038,-0.030987483,0.9983043,nan,nan,nan,nan,nan,nan,0.0,0.0,0.0,0.0,0.0,0.0,nan,nan,nan,1,0,0,0
5725012828,5725012823,-0.17509666,0.062093753,0.025750201,0.028452687,0.04344207,-0.032997083,0.99810547,nan,nan,nan,nan,nan,nan,0.0,0.0,0.0,0.0,0.0,0.0,nan,nan,nan,1,0,0,0
5725020298,5725020293,-0.17506602,0.06203433,0.026812281,0.032329272,0.044108182,-0.033902455,0.99792784,nan,nan,nan,nan,nan,nan,0.0,0.0,0.0,0.0,0.0,0.0,nan,nan,nan,1,0,0,0
5725032691,5725032686,-0.17505468,0.06179371,0.027645431,0.036060378,0.042682394,-0.032338947,0.99791384,nan,nan,nan,nan,nan,nan,0.0,0.0,0.0,0.0,0.0,0.0,nan,nan,nan,1,0,0,0
5725036660,5725036655,-0.17510712,0.061746277,0.028435446,0.038858395,0.043360766,-0.03275213,0.9977661,nan,nan,nan,nan,nan,nan,0.0,0.0,0.0,0.0,0.0,0.0,nan,nan,nan,1,0,0,0
5725046297,5725046291,-0.17512141,0.061764587,0.02918972,0.04126136,0.04481674,-0.032780442,0.9976043,nan,nan,nan,nan,nan,nan,0.0,0.0,0.0,0.0,0.0,0.0,nan,nan,nan,1,0,0,0
5725054290,5725054285,-0.17509258,0.061740838,0.029819394,0.04407333,0.04512847,-0.033083715,0.99746,nan,nan,nan,nan,nan,nan,0.0,0.0,0.0,0.0,0.0,0.0,nan,nan,nan,1,0,0,0
5725063298,5725063292,-0.1750006,0.06179683,0.030388601,0.045310717,0.045498285,-0.033605576,0.9973703,nan,nan,nan,nan,nan,nan,0.0,0.0,0.0,0.0,0.0,0.0,nan,nan,nan,1,0,0,0
5725070144,5725070139,-0.17497258,0.062117394,0.030980825,0.0449756,0.047843874,-0.03540682,0.9972134,nan,nan,nan,nan,nan,nan,0.0,0.0,0.0,0.0,0.0,0.0,nan,nan,nan,1,0,0,0
5725079293,5725079287,-0.17489263,0.062167145,0.031291045,0.044804785,0.04804957,-0.03488785,0.99722946,nan,nan,nan,nan,nan,nan,0.0,0.0,0.0,0.0,0.0,0.0,nan,nan,nan,1,0,0,0
5725088810,5725088805,-0.17480117,0.061911035,0.031289138,0.04518466,0.045623597,-0.03442238,0.9973424,nan,nan,nan,nan,nan,nan,0.0,0.0,0.0,0.0,0.0,0.0,nan,nan,nan,1,0,0,0
5725095290,5725095285,-0.17475237,0.06193629,0.03134141,0.0451554,0.04557634,-0.034075752,0.99735785,nan,nan,nan,nan,nan,nan,0.0,0.0,0.0,0.0,0.0,0.0,nan,nan,nan,1,0,0,0
5725106216,5725106211,-0.17476249,0.06226385,0.03151741,0.04422619,0.04828263,-0.03427823,0.99726516,nan,nan,nan,nan,nan,nan,0.0,0.0,0.0,0.0,0.0,0.0,nan,nan,nan,1,0,0,0
5725112754,5725112748,-0.17473969,0.06227507,0.031434692,0.04434371,0.048677944,-0.03413742,0.99724555,nan,nan,nan,nan,nan,nan,0.0,0.0,0.0,0.0,0.0,0.0,nan,nan,nan,1,0,0,0
5725121297,5725121291,-0.17466804,0.06227807,0.031360045,0.04425414,0.049014177,-0.034037374,0.9972365,nan,nan,nan,nan,nan,nan,0.0,0.0,0.0,0.0,0.0,0.0,nan,nan,nan,1,0,0,0
5725129294,5725129289,-0.17457342,0.062291354,0.031263083,0.043906003,0.04912635,-0.033966407,0.99724877,nan,nan,nan,nan,nan,nan,0.0,0.0,0.0,0.0,0.0,0.0,nan,nan,nan,1,0,0,0
5725136487,5725136482,-0.17449242,0.06228929,0.031128917,0.043444347,0.04947689,-0.033869933,0.99725497,nan,nan,nan,nan,nan,nan,0.0,0.0,0.0,0.0,0.0,0.0,nan,nan,nan,1,0,0,0
5725145424,5725145419,-0.17443737,0.062273134,0.030967254,0.04312215,0.04929983,-0.033782776,0.99728066,nan,nan,nan,nan,nan,nan,0.0,0.0,0.0,0.0,0.0,0.0,nan,nan,nan,1,0,0,0
5725153435,5725153429,-0.17437164,0.061993755,0.030670818,0.04329009,0.047578804,-0.031839963,0.9974209,nan,nan,nan,nan,nan,nan,0.0,0.0,0.0,0.0,0.0,0.0,nan,nan,nan,1,0,0,0
5725162748,5725162743,-0.17434053,0.06191744,0.030508058,0.0426478,0.04704505,-0.03172882,0.99747753,nan,nan,nan,nan,nan,nan,0.0,0.0,0.0,0.0,0.0,0.0,nan,nan,nan,1,0,0,0
5725172748,5725172743,-0.17432955,0.06209323,0.030477578,0.041356698,0.04824098,-0.03351329,0.9974163,nan,nan,nan,nan,nan,nan,0.0,0.0,0.0,0.0,0.0,0.0,nan,nan,nan,1,0,0,0
5725179290,5725179284,-0.17425883,0.06204372,0.030352106,0.04042962,0.04780027,-0.03350909,0.9974756,nan,nan,nan,nan,nan,nan,0.0,0.0,0.0,0.0,0.0,0.0,nan,nan,nan,1,0,0,0
5725186295,5725186290,-0.17412287,0.06178685,0.030094396,0.039974306,0.045916345,-0.031775407,0.99763924,nan,nan,nan,nan,nan,nan,0.0,0.0,0.0,0.0,0.0,0.0,nan,nan,nan,1,0,0,0
5725196404,5725196399,-0.17399867,0.06178077,0.030003374,0.03893661,0.046160355,-0.031799395,0.99766827,nan,nan,nan,nan,nan,nan,0.0,0.0,0.0,0.0,0.0,0.0,nan,nan,nan,1,0,0,0
5725202877,5725202872,-0.1739107,0.06194873,0.030024838,0.03738336,0.04743235,-0.033575047,0.99760985,nan,nan,nan,nan,nan,nan,0.0,0.0,0.0,0.0,0.0,0.0,nan,nan,nan,1,0,0,0
5725213405,5725213400,-0.17382698,0.061960526,0.02989409,0.03641433,0.047374934,-0.033713713,0.9976437,nan,nan,nan,nan,nan,nan,0.0,0.0,0.0,0.0,0.0,0.0,nan,nan,nan,1,0,0,0
5725220313,5725220308,-0.17376965,0.06193991,0.029752608,0.035476346,0.047089946,-0.03352178,0.99769753,nan,nan,nan,nan,nan,nan,0.0,0.0,0.0,0.0,0.0,0.0,nan,nan,nan,1,0,0,0
5725231294,5725231288,-0.17372984,0.061914727,0.029534986,0.03470278,0.0465422,-0.03313693,0.9977633,nan,nan,nan,nan,nan,nan,0.0,0.0,0.0,0.0,0.0,0.0,nan,nan,nan,1,0,0,0
5725236372,5725236367,-0.17368762,0.061982732,0.029360339,0.03346038,0.046586208,-0.033169176,0.99780256,nan,nan,nan,nan,nan,nan,0.0,0.0,0.0,0.0,0.0,0.0,nan,nan,nan,1,0,0,0
5725246351,5725246322,-0.17366509,0.061951715,0.028968751,0.032974035,0.045304123,-0.03277313,0.99789083,nan,nan,nan,nan,nan,nan,0.0,0.0,0.0,0.0,0.0,0.0,nan,nan,nan,1,0,0,0
5725253384,5725253378,-0.1735542,0.06165221,0.028359914,0.032947272,0.042245824,-0.032589067,0.998032,nan,nan,nan,nan,nan,nan,0.0,0.0,0.0,0.0,0.0,0.0,nan,nan,nan,1,0,0,0
5725263330,5725263324,-0.1734776,0.061540145,0.027875293,0.03177252,0.04125241,-0.031696774,0.9981403,nan,nan,nan,nan,nan,nan,0.0,0.0,0.0,0.0,0.0,0.0,nan,nan,nan,1,0,0,0
5725270536,5725270530,-0.17337905,0.061504126,0.027305499,0.029998653,0.040887184,-0.031862404,0.99820495,nan,nan,nan,nan,nan,nan,0.0,0.0,0.0,0.0,0.0,0.0,nan,nan,nan,1,0,0,0
5725278791,5725278786,-0.17325372,0.06148244,0.0265662,0.028053576,0.04108412,-0.031834405,0.99825436,nan,nan,nan,nan,nan,nan,0.0,0.0,0.0,0.0,0.0,0.0,nan,nan,nan,1,0,0,0
5725288311,5725288305,-0.17307045,0.06160275,0.025646575,0.025992155,0.04146221,-0.03261361,0.9982693,nan,nan,nan,nan,nan,nan,0.0,0.0,0.0,0.0,0.0,0.0,nan,nan,nan,1,0,0,0
5725295293,5725295287,-0.17290594,0.061484877,0.02430925,0.025000924,0.041276217,-0.031682596,0.9983323,nan,nan,nan,nan,nan,nan,0.0,0.0,0.0,0.0,0.0,0.0,nan,nan,nan,1,0,0,0
5725304069,5725304064,-0.17285897,0.0614583,0.022507548,0.024582688,0.04257847,-0.033139035,0.9982407,nan,nan,nan,nan,nan,nan,0.0,0.0,0.0,0.0,0.0,0.0,nan,nan,nan,1,0,0,0
5725312552,5725312547,-0.17285916,0.06152475,0.020389264,0.024670046,0.042561963,-0.033336174,0.9982327,nan,nan,nan,nan,nan,nan,0.0,0.0,0.0,0.0,0.0,0.0,nan,nan,nan,1,0,0,0
5725321293,5725321288,-0.17285047,0.06148388,0.017629381,0.025291411,0.042108007,-0.03357399,0.9982284,nan,nan,nan,nan,nan,nan,0.0,0.0,0.0,0.0,0.0,0.0,nan,nan,nan,1,0,0,0
5725328678,5725328673,-0.17281747,0.061516978,0.014460816,0.026322434,0.04230486,-0.03333902,0.9982014,nan,nan,nan,nan,nan,nan,0.0,0.0,0.0,0.0,0.0,0.0,nan,nan,nan,1,0,0,0
5725338236,5725338230,-0.17276831,0.061459664,0.010844431,0.027012685,0.041003365,-0.03221688,0.9982741,nan,nan,nan,nan,nan,nan,0.0,0.0,0.0,0.0,0.0,0.0,nan,nan,nan,1,0,0,0
5725345297,5725345291,-0.17279275,0.061535556,0.0067015425,0.02785058,0.04046992,-0.03228479,0.99827063,nan,nan,nan,nan,nan,nan,0.0,0.0,0.0,0.0,0.0,0.0,nan,nan,nan,1,0,0,0
5725354443,5725354438,-0.17278081,0.06154422,0.0020620406,0.028885208,0.04032568,-0.0326332,0.9982357,nan,nan,nan,nan,nan,nan,0.0,0.0,0.0,0.0,0.0,0.0,nan,nan,nan,1,0,0,0
5725362546,5725362514,-0.17273863,0.06155779,-0.003062228,0.03006888,0.040473085,-0.032371942,0.9982033,nan,nan,nan,nan,nan,nan,0.0,0.0,0.0,0.0,0.0,0.0,nan,nan,nan,1,0,0,0
5725370394,5725370389,-0.17268567,0.061580822,-0.008727783,0.0309874,0.03939705,-0.032506548,0.9982139,nan,nan,nan,nan,nan,nan,0.0,0.0,0.0,0.0,0.0,0.0,nan,nan,nan,1,0,0,0
5725379521,5725379516,-0.17254107,0.061744872,-0.014729954,0.032371517,0.040639147,-0.033866957,0.99807495,nan,nan,nan,nan,nan,nan,0.0,0.0,0.0,0.0,0.0,0.0,nan,nan,nan,1,0,0,0
5725388482,5725388477,-0.1723671,0.06166941,-0.021435622,0.03357467,0.039772462,-0.034058534,0.99806356,nan,nan,nan,nan,nan,nan,0.0,0.0,0.0,0.0,0.0,0.0,nan,nan,nan,1,0,0,0
5725395293,5725395288,-0.17206798,0.061741553,-0.028609117,0.034878332,0.040734455,-0.034916453,0.9979504,nan,nan,nan,nan,nan,nan,0.0,0.0,0.0,0.0,0.0,0.0,nan,nan,nan,1,0,0,0
5725403303,5725403296,-0.1717447,0.061629236,-0.036432587,0.036255226,0.040129524,-0.033585683,0.99797153,nan,nan,nan,nan,nan,nan,0.0,0.0,0.0,0.0,0.0,0.0,nan,nan,nan,1,0,0,0
5725412543,5725412537,-0.17128672,0.061766554,-0.04466042,0.03758776,0.041030847,-0.034279834,0.997862,nan,nan,nan,nan,nan,nan,0.0,0.0,0.0,0.0,0.0,0.0,nan,nan,nan,1,0,0,0
5725420321,5725420316,-0.17078795,0.06185761,-0.05347226,0.03918143,0.040868767,-0.034341145,0.99780524,nan,nan,nan,nan,nan,nan,0.0,0.0,0.0,0.0,0.0,0.0,nan,nan,nan,1,0,0,0
5725429432,5725429427,-0.17034449,0.061859887,-0.0627929,0.041371148,0.040338453,-0.035177715,0.9977092,nan,nan,nan,nan,nan,nan,0.0,0.0,0.0,0.0,0.0,0.0,nan,nan,nan,1,0,0,0
5725438297,5725438292,-0.16988027,0.061826337,-0.07269875,0.04310879,0.040089607,-0.035116065,0.9976479,nan,nan,nan,nan,nan,nan,0.0,0.0,0.0,0.0,0.0,0.0,nan,nan,nan,1,0,0,0
5725450314,5725450308,-0.16934128,0.06193937,-0.0830586,0.0447785,0.039249584,-0.03484691,0.99761724,nan,nan,nan,nan,nan,nan,0.0,0.0,0.0,0.0,0.0,0.0,nan,nan,nan,1,0,0,0
5725454401,5725454396,-0.16876395,0.062069464,-0.09383286,0.046238136,0.038983323,-0.035915934,0.99752307,nan,nan,nan,nan,nan,nan,0.0,0.0,0.0,0.0,0.0,0.0,nan,nan,nan,1,0,0,0
5725463293,5725463288,-0.16819225,0.06203184,-0.10510108,0.047478735,0.03942635,-0.037013765,0.9974073,nan,nan,nan,nan,nan,nan,0.0,0.0,0.0,0.0,0.0,0.0,nan,nan,nan,1,0,0,0
5725470299,5725470294,-0.16752382,0.062128246,-0.116787165,0.049497638,0.040183365,-0.037666533,0.9972545,nan,nan,nan,nan,nan,nan,0.0,0.0,0.0,0.0,0.0,0.0,nan,nan,nan,1,0,0,0
5725498306,5725498297,-0.16585858,0.062420048,-0.14111741,0.053136855,0.04026151,-0.03840795,0.99703574,nan,nan,nan,nan,nan,nan,0.0,0.0,0.0,0.0,0.0,0.0,nan,nan,nan,1,0,0,0
5725500288,5725500283,-0.16481693,0.06240964,-0.15356657,0.05461614,0.040875446,-0.038141303,0.99694115,nan,nan,nan,nan,nan,nan,0.0,0.0,0.0,0.0,0.0,0.0,nan,nan,nan,1,0,0,0
5725504654,5725504649,-0.16371936,0.062545136,-0.16639616,0.056221038,0.042514667,-0.039342586,0.9967366,nan,nan,nan,nan,nan,nan,0.0,0.0,0.0,0.0,0.0,0.0,nan,nan,nan,1,0,0,0
5725513301,5725513296,-0.16267027,0.06259349,-0.17929907,0.05756145,0.042751662,-0.039771263,0.996633,nan,nan,nan,nan,nan,nan,0.0,0.0,0.0,0.0,0.0,0.0,nan,nan,nan,1,0,0,0
5725522294,5725522289,-0.16162103,0.062642194,-0.19230855,0.059149485,0.04217212,-0.04144936,0.99649626,nan,nan,nan,nan,nan,nan,0.0,0.0,0.0,0.0,0.0,0.0,nan,nan,nan,1,0,0,0
5725529305,5725529300,-0.16055106,0.061980687,-0.20495261,0.062373023,0.046587415,-0.033953633,0.99638665,nan,nan,nan,nan,nan,nan,0.0,0.0,0.0,0.0,0.0,0.0,nan,nan,nan,1,0,0,0
5725538500,5725538495,-0.15926301,0.062096257,-0.21817695,0.062404532,0.048310254,-0.03293687,0.9963368,nan,nan,nan,nan,nan,nan,0.0,0.0,0.0,0.0,0.0,0.0,nan,nan,nan,1,0,0,0
5725545462,5725545454,-0.15794624,0.06306847,-0.23185821,0.061284717,0.042952556,-0.041310653,0.9963396,nan,nan,nan,nan,nan,nan,0.0,0.0,0.0,0.0,0.0,0.0,nan,nan,nan,1,0,0,0
5725554343,5725554338,-0.15677528,0.06334471,-0.24509858,0.061268006,0.043383993,-0.04292797,0.9962536,nan,nan,nan,nan,nan,nan,0.0,0.0,0.0,0.0,0.0,0.0,nan,nan,nan,1,0,0,0
5725562330,5725562325,-0.15567836,0.063264966,-0.2582428,0.06117882,0.042894434,-0.04363678,0.9962495,nan,nan,nan,nan,nan,nan,0.0,0.0,0.0,0.0,0.0,0.0,nan,nan,nan,1,0,0,0
5725569701,5725569696,-0.15467337,0.06247292,-0.27071053,0.062209684,0.04701891,-0.03138107,0.9964609,nan,nan,nan,nan,nan,nan,0.0,0.0,0.0,0.0,0.0,0.0,nan,nan,nan,1,0,0,0
5725579298,5725579293,-0.15358084,0.06257634,-0.28410167,0.063146114,0.04590189,-0.032071535,0.9964321,nan,nan,nan,nan,nan,nan,0.0,0.0,0.0,0.0,0.0,0.0,nan,nan,nan,1,0,0,0
5725588348,5725588343,-0.1525583,0.06263126,-0.29676917,0.06162768,0.04597881,-0.03080389,0.9965637,nan,nan,nan,nan,nan,nan,0.0,0.0,0.0,0.0,0.0,0.0,nan,nan,nan,1,0,0,0
5725596470,5725596464,-0.15153462,0.06268885,-0.309543,0.060551643,0.046765458,-0.03189787,0.9965586,nan,nan,nan,nan,nan,nan,0.0,0.0,0.0,0.0,0.0,0.0,nan,nan,nan,1,0,0,0
5725603225,5725603219,-0.15049203,0.06266599,-0.32198206,0.058460973,0.046568643,-0.03309636,0.9966536,nan,nan,nan,nan,nan,nan,0.0,0.0,0.0,0.0,0.0,0.0,nan,nan,nan,1,0,0,0
5725612301,5725612296,-0.14923576,0.06378828,-0.33521247,0.05711968,0.04358203,-0.04432029,0.9964305,nan,nan,nan,nan,nan,nan,0.0,0.0,0.0,0.0,0.0,0.0,nan,nan,nan,1,0,0,0
5725620426,5725620420,-0.14851904,0.06297817,-0.3467703,0.05687108,0.049145844,-0.033588547,0.9966053,nan,nan,nan,nan,nan,nan,0.0,0.0,0.0,0.0,0.0,0.0,nan,nan,nan,1,0,0,0
5725629293,5725629287,-0.14791752,0.063063376,-0.35879907,0.054596085,0.04840082,-0.034867737,0.9967251,nan,nan,nan,nan,nan,nan,0.0,0.0,0.0,0.0,0.0,0.0,nan,nan,nan,1,0,0,0
5725636112,5725636107,-0.14729898,0.063094854,-0.37087646,0.05376911,0.04870966,-0.038042508,0.99663883,nan,nan,nan,nan,nan,nan,0.0,0.0,0.0,0.0,0.0,0.0,nan,nan,nan,1,0,0,0
5725649286,5725649281,-0.14682168,0.06322835,-0.3824504,0.050944876,0.0503707,-0.03907668,0.9966646,nan,nan,nan,nan,nan,nan,0.0,0.0,0.0,0.0,0.0,0.0,nan,nan,nan,1,0,0,0
5725654293,5725654288,-0.14652643,0.063398615,-0.39355963,0.047535438,0.050077848,-0.03955304,0.9968291,nan,nan,nan,nan,nan,nan,0.0,0.0,0.0,0.0,0.0,0.0,nan,nan,nan,1,0,0,0
5725662329,5725662324,-0.14634468,0.06501427,-0.40291348,0.039393626,0.0651942,-0.03829911,0.9963589,nan,nan,nan,nan,nan,nan,0.0,0.0,0.0,0.0,0.0,0.0,nan,nan,nan,1,0,0,0
5725669550,5725669545,-0.14629538,0.063345484,-0.4143551,0.04045724,0.050203186,-0.038059127,0.9971932,nan,nan,nan,nan,nan,nan,0.0,0.0,0.0,0.0,0.0,0.0,nan,nan,nan,1,0,0,0
5725679297,5725679291,-0.14638284,0.0633205,-0.4234596,0.034086797,0.048332956,-0.03631902,0.9975885,nan,nan,nan,nan,nan,nan,0.0,0.0,0.0,0.0,0.0,0.0,nan,nan,nan,1,0,0,0
5725688202,5725688195,-0.14628054,0.06427577,-0.43283707,0.029021807,0.044312507,-0.0493341,0.9973767,nan,nan,nan,nan,nan,nan,0.0,0.0,0.0,0.0,0.0,0.0,nan,nan,nan,1,0,0,0
5725696286,5725696281,-0.14622016,0.063436925,-0.44018418,0.024537444,0.05141697,-0.038486365,0.9976337,nan,nan,nan,nan,nan,nan,0.0,0.0,0.0,0.0,0.0,0.0,nan,nan,nan,1,0,0,0
5725704349,5725704343,-0.14650239,0.062413704,-0.44601285,0.017029515,0.04066515,-0.03933919,0.9982528,nan,nan,nan,nan,nan,nan,0.0,0.0,0.0,0.0,0.0,0.0,nan,nan,nan,1,0,0,0
5725712294,5725712287,-0.14644359,0.062187374,-0.45175037,0.012768886,0.04759948,-0.04923991,0.99757034,nan,nan,nan,nan,nan,nan,0.0,0.0,0.0,0.0,0.0,0.0,nan,nan,nan,1,0,0,0
5725721298,5725721292,-0.14618923,0.06341544,-0.45781204,0.008249797,0.051571865,-0.04126171,0.9977824,nan,nan,nan,nan,nan,nan,0.0,0.0,0.0,0.0,0.0,0.0,nan,nan,nan,1,0,0,0
5725728293,5725728287,-0.14634214,0.063413374,-0.46188387,0.0031373987,0.051835645,-0.0428089,0.9977328,nan,nan,nan,nan,nan,nan,0.0,0.0,0.0,0.0,0.0,0.0,nan,nan,nan,1,0,0,0
5725738115,5725738109,-0.14681265,0.062067367,-0.4637144,0.0014116642,-0.04888264,0.052596573,-0.9974177,nan,nan,nan,nan,nan,nan,0.0,0.0,0.0,0.0,0.0,0.0,nan,nan,nan,1,0,0,0
5725745303,5725745297,-0.14676446,0.06317696,-0.46616682,0.0072816485,-0.048813846,0.04297023,-0.99785656,nan,nan,nan,nan,nan,nan,0.0,0.0,0.0,0.0,0.0,0.0,nan,nan,nan,1,0,0,0
5725754296,5725754290,-0.1470859,0.06399597,-0.4670908,0.009820524,-0.055942204,0.037765324,-0.9976712,nan,nan,nan,nan,nan,nan,0.0,0.0,0.0,0.0,0.0,0.0,nan,nan,nan,1,0,0,0
5725763343,5725763338,-0.14728339,0.0641191,-0.46718046,0.009669158,-0.05580773,0.036004256,-0.99774534,nan,nan,nan,nan,nan,nan,0.0,0.0,0.0,0.0,0.0,0.0,nan,nan,nan,1,0,0,0
5725772693,5725772687,-0.14764564,0.063449994,-0.46652034,0.0057788175,-0.049114432,0.039410014,-0.9979986,nan,nan,nan,nan,nan,nan,0.0,0.0,0.0,0.0,0.0,0.0,nan,nan,nan,1,0,0,0
5725779293,5725779287,-0.1482982,0.062185362,-0.46331802,0.003574988,-0.046757966,0.046715073,-0.9978069,nan,nan,nan,nan,nan,nan,0.0,0.0,0.0,0.0,0.0,0.0,nan,nan,nan,1,0,0,0
5725788182,5725788176,-0.14849027,0.06272286,-0.46048993,-0.0013714754,-0.05131891,0.042413916,-0.9977803,nan,nan,nan,nan,nan,nan,0.0,0.0,0.0,0.0,0.0,0.0,nan,nan,nan,1,0,0,0
5725795292,5725795286,-0.14885376,0.06196432,-0.45527786,-0.001011711,-0.045319855,0.042319734,-0.9980752,nan,nan,nan,nan,nan,nan,0.0,0.0,0.0,0.0,0.0,0.0,nan,nan,nan,1,0,0,0
5725803633,5725803628,-0.14916103,0.06302765,-0.4503836,0.0030891006,0.049964804,-0.037124354,0.99805593,nan,nan,nan,nan,nan,nan,0.0,0.0,0.0,0.0,0.0,0.0,nan,nan,nan,1,0,0,0
5725812329,5725812324,-0.1493504,0.06290841,-0.44309205,0.0036006693,0.051382948,-0.036138378,0.9980184,nan,nan,nan,nan,nan,nan,0.0,0.0,0.0,0.0,0.0,0.0,nan,nan,nan,1,0,0,0
5725821742,5725821737,-0.14962934,0.062977426,-0.43461743,-0.0012326918,-0.05264394,0.033961684,-0.9980349,nan,nan,nan,nan,nan,nan,0.0,0.0,0.0,0.0,0.0,0.0,nan,nan,nan,1,0,0,0
5725829047,5725829042,-0.15017551,0.061964277,-0.424195,0.0037678252,-0.045052517,0.038193375,-0.9982472,nan,nan,nan,nan,nan,nan,0.0,0.0,0.0,0.0,0.0,0.0,nan,nan,nan,1,0,0,0
5725837992,5725837915,-0.15047903,0.062015694,-0.41328108,0.009007882,-0.04607644,0.03929933,-0.99812394,nan,nan,nan,nan,nan,nan,0.0,0.0,0.0,0.0,0.0,0.0,nan,nan,nan,1,0,0,0
5725845302,5725845296,-0.15093271,0.06262476,-0.4017078,0.013995785,-0.052470442,0.03569557,-0.9978862,nan,nan,nan,nan,nan,nan,0.0,0.0,0.0,0.0,0.0,0.0,nan,nan,nan,1,0,0,0
5725853296,5725853291,-0.15131451,0.06256493,-0.38859797,0.020176658,-0.053575676,0.03723315,-0.9976654,nan,nan,nan,nan,nan,nan,0.0,0.0,0.0,0.0,0.0,0.0,nan,nan,nan,1,0,0,0
5725862298,5725862293,-0.15191446,0.061531764,-0.3738746,0.027785145,-0.046010572,0.041898724,-0.997675,nan,nan,nan,nan,nan,nan,0.0,0.0,0.0,0.0,0.0,0.0,nan,nan,nan,1,0,0,0
5725870087,5725870081,-0.15196976,0.062267985,-0.35997558,0.030272054,-0.04539808,0.04278975,-0.9975929,nan,nan,nan,nan,nan,nan,0.0,0.0,0.0,0.0,0.0,0.0,nan,nan,nan,1,0,0,0
5725879297,5725879292,-0.15119629,0.06250232,-0.34506515,0.031745862,-0.04198014,0.038253147,-0.997881,nan,nan,nan,nan,nan,nan,0.0,0.0,0.0,0.0,0.0,0.0,nan,nan,nan,1,0,0,0
5725887879,5725887873,-0.1509158,0.06174202,-0.32865897,0.026729539,-0.04672636,0.04524734,-0.9975244,nan,nan,nan,nan,nan,nan,0.0,0.0,0.0,0.0,0.0,0.0,nan,nan,nan,1,0,0,0
5725897290,5725897285,-0.14966804,0.06294526,-0.31368577,0.025232887,-0.041315597,0.04819102,-0.9976642,nan,nan,nan,nan,nan,nan,0.0,0.0,0.0,0.0,0.0,0.0,nan,nan,nan,1,0,0,0
5725903525,5725903520,-0.14905082,0.06139542,-0.2958758,0.019212347,-0.051512856,0.04440093,-0.9974998,nan,nan,nan,nan,nan,nan,0.0,0.0,0.0,0.0,0.0,0.0,nan,nan,nan,1,0,0,0
5725911663,5725911658,-0.14836879,0.061776213,-0.27958068,0.019714972,-0.046775773,0.035243396,-0.99808884,nan,nan,nan,nan,nan,nan,0.0,0.0,0.0,0.0,0.0,0.0,nan,nan,nan,1,0,0,0
5725921636,5725921631,-0.14820571,0.062685706,-0.26280198,0.021348389,-0.041238002,0.042468958,-0.9980181,nan,nan,nan,nan,nan,nan,0.0,0.0,0.0,0.0,0.0,0.0,nan,nan,nan,1,0,0,0
5725928293,5725928287,-0.14843547,0.062706724,-0.24511284,0.021068767,-0.03980084,0.04107232,-0.99814075,nan,nan,nan,nan,nan,nan,0.0,0.0,0.0,0.0,0.0,0.0,nan,nan,nan,1,0,0,0
5725937757,5725937751,-0.14882065,0.061707895,-0.22667165,0.024329929,-0.042642936,0.027111761,-0.9984261,nan,nan,nan,nan,nan,nan,0.0,0.0,0.0,0.0,0.0,0.0,nan,nan,nan,1,0,0,0
5725947796,5725947791,-0.14878805,0.06257261,-0.20978697,0.023421576,-0.0401588,0.031271894,-0.9984292,nan,nan,nan,nan,nan,nan,0.0,0.0,0.0,0.0,0.0,0.0,nan,nan,nan,1,0,0,0
5725955292,5725955287,-0.14863327,0.06320611,-0.19190103,0.021318806,-0.039500777,0.034203067,-0.9984064,nan,nan,nan,nan,nan,nan,0.0,0.0,0.0,0.0,0.0,0.0,nan,nan,nan,1,0,0,0
5725962514,5725962509,-0.14853455,0.06307016,-0.17377655,0.018409165,-0.03182633,0.034241393,-0.998737,nan,nan,nan,nan,nan,nan,0.0,0.0,0.0,0.0,0.0,0.0,nan,nan,nan,1,0,0,0
5725970046,5725970041,-0.14809263,0.06287452,-0.1553319,0.013265327,-0.037403155,0.03744901,-0.9985102,nan,nan,nan,nan,nan,nan,0.0,0.0,0.0,0.0,0.0,0.0,nan,nan,nan,1,0,0,0
5725979301,5725979295,-0.1475436,0.063226536,-0.13727286,0.015782764,-0.031768024,0.02955982,-0.99893343,nan,nan,nan,nan,nan,nan,0.0,0.0,0.0,0.0,0.0,0.0,nan,nan,nan,1,0,0,0
5725987749,5725987744,-0.14727817,0.06321399,-0.11910682,0.015151718,-0.029497089,0.029376183,-0.99901825,nan,nan,nan,nan,nan,nan,0.0,0.0,0.0,0.0,0.0,0.0,nan,nan,nan,1,0,0,0
5725995292,5725995286,-0.14732027,0.06328905,-0.10099752,0.016511029,-0.02451681,0.02770329,-0.99917907,nan,nan,nan,nan,nan,nan,0.0,0.0,0.0,0.0,0.0,0.0,nan,nan,nan,1,0,0,0
5726007755,5726007750,-0.14754574,0.06327013,-0.083192,0.017445622,-0.019775877,0.027620722,-0.9992705,nan,nan,nan,nan,nan,nan,0.0,0.0,0.0,0.0,0.0,0.0,nan,nan,nan,1,0,0,0
5726012401,5726012395,-0.14804871,0.063452445,-0.06588174,0.019607447,-0.016768925,0.02496382,-0.99935544,nan,nan,nan,nan,nan,nan,0.0,0.0,0.0,0.0,0.0,0.0,nan,nan,nan,1,0,0,0
5726020405,5726020399,-0.14874591,0.06382774,-0.049060915,0.02226373,-0.01325703,0.022677638,-0.9994069,nan,nan,nan,nan,nan,nan,0.0,0.0,0.0,0.0,0.0,0.0,nan,nan,nan,1,0,0,0
5726029311,5726029305,-0.14967558,0.064315535,-0.032996487,0.024927596,-0.010886286,0.018557468,-0.9994577,nan,nan,nan,nan,nan,nan,0.0,0.0,0.0,0.0,0.0,0.0,nan,nan,nan,1,0,0,0
5726038307,5726038301,-0.15052234,0.06468281,-0.017682817,0.026993413,-0.007306854,0.015382872,-0.99949056,nan,nan,nan,nan,nan,nan,0.0,0.0,0.0,0.0,0.0,0.0,nan,nan,nan,1,0,0,0
5726048047,5726048042,-0.15141961,0.065293334,-0.0031103455,0.028423533,-0.004666882,0.014027074,-0.9994866,nan,nan,nan,nan,nan,nan,0.0,0.0,0.0,0.0,0.0,0.0,nan,nan,nan,1,0,0,0
5726053317,5726053312,-0.15243568,0.06554508,0.010242215,0.028584093,-0.0029916798,0.010638111,-0.99953026,nan,nan,nan,nan,nan,nan,0.0,0.0,0.0,0.0,0.0,0.0,nan,nan,nan,1,0,0,0
5726062383,5726062377,-0.15313904,0.0661878,0.021926548,0.025444232,-0.0021745372,0.009065796,-0.9996328,nan,nan,nan,nan,nan,nan,0.0,0.0,0.0,0.0,0.0,0.0,nan,nan,nan,1,0,0,0
5726069856,5726069851,-0.15402368,0.06645068,0.032271814,0.021535832,-0.00025435165,0.0076021305,-0.99973917,nan,nan,nan,nan,nan,nan,0.0,0.0,0.0,0.0,0.0,0.0,nan,nan,nan,1,0,0,0
5726082334,5726082328,-0.15500714,0.06648446,0.0411425,0.01853652,-0.0007704491,0.0063711526,-0.99980754,nan,nan,nan,nan,nan,nan,0.0,0.0,0.0,0.0,0.0,0.0,nan,nan,nan,1,0,0,0
5726087932,5726087923,-0.1559002,0.06693883,0.047949802,0.015056009,-0.0044055465,0.0040952354,-0.99986863,nan,nan,nan,nan,nan,nan,0.0,0.0,0.0,0.0,0.0,0.0,nan,nan,nan,1,0,0,0
5726097394,5726097388,-0.15714277,0.066902414,0.052992634,0.012984435,-0.005034955,0.0028070519,-0.999899,nan,nan,nan,nan,nan,nan,0.0,0.0,0.0,0.0,0.0,0.0,nan,nan,nan,1,0,0,0
5726103277,5726103271,-0.15831912,0.066732384,0.055729065,0.009246256,-0.002488001,0.0039872914,-0.99994624,nan,nan,nan,nan,nan,nan,0.0,0.0,0.0,0.0,0.0,0.0,nan,nan,nan,1,0,0,0
5726112337,5726112331,-0.15959984,0.06657401,0.056057926,0.0058447043,-0.0010714093,0.004887214,-0.99997044,nan,nan,nan,nan,nan,nan,0.0,0.0,0.0,0.0,0.0,0.0,nan,nan,nan,1,0,0,0
5726121485,5726121480,-0.16051494,0.066512205,0.054366313,0.0041588126,-0.0030256049,0.0046802796,-0.9999758,nan,nan,nan,nan,nan,nan,0.0,0.0,0.0,0.0,0.0,0.0,nan,nan,nan,1,0,0,0
5726129291,5726129286,-0.16126314,0.06594399,0.05115004,0.0024869689,-0.0019824943,0.0078121894,-0.9999644,nan,nan,nan,nan,nan,nan,0.0,0.0,0.0,0.0,0.0,0.0,nan,nan,nan,1,0,0,0
5726137511,5726137506,-0.16180974,0.065026455,0.046032958,0.0014829884,0.0007189241,0.011566864,-0.99993175,nan,nan,nan,nan,nan,nan,0.0,0.0,0.0,0.0,0.0,0.0,nan,nan,nan,1,0,0,0
5726145302,5726145296,-0.16222098,0.06415156,0.039762665,0.002179641,0.0020034113,0.019992601,-0.9997958,nan,nan,nan,nan,nan,nan,0.0,0.0,0.0,0.0,0.0,0.0,nan,nan,nan,1,0,0,0
5726153434,5726153429,-0.16259798,0.06267765,0.031237058,0.0031349782,0.0058393315,0.027777342,-0.9995922,nan,nan,nan,nan,nan,nan,0.0,0.0,0.0,0.0,0.0,0.0,nan,nan,nan,1,0,0,0
5726162341,5726162335,-0.16274388,0.062303744,0.021504756,0.0056614685,-0.0012886078,0.03556966,-0.9993503,nan,nan,nan,nan,nan,nan,0.0,0.0,0.0,0.0,0.0,0.0,nan,nan,nan,1,0,0,0
5726170307,5726170301,-0.16214421,0.061881498,0.0095144445,0.008015615,-0.009649946,0.039391413,-0.9991451,nan,nan,nan,nan,nan,nan,0.0,0.0,0.0,0.0,0.0,0.0,nan,nan,nan,1,0,0,0
5726179367,5726179362,-0.16093525,0.061359923,-0.004067859,0.0112824235,-0.021327304,0.038695328,-0.9989597,nan,nan,nan,nan,nan,nan,0.0,0.0,0.0,0.0,0.0,0.0,nan,nan,nan,1,0,0,0
5726190295,5726190290,-0.15952092,0.06119367,-0.018802382,0.017091699,-0.033985287,0.03884579,-0.9985208,nan,nan,nan,nan,nan,nan,0.0,0.0,0.0,0.0,0.0,0.0,nan,nan,nan,1,0,0,0
5726197969,5726197964,-0.15803629,0.061246607,-0.034446433,0.023382502,-0.04586574,0.041268162,-0.9978209,nan,nan,nan,nan,nan,nan,0.0,0.0,0.0,0.0,0.0,0.0,nan,nan,nan,1,0,0,0
5726204461,5726204456,-0.15740362,0.061269015,-0.05109733,0.028335897,-0.04708096,0.044592194,-0.9974929,nan,nan,nan,nan,nan,nan,0.0,0.0,0.0,0.0,0.0,0.0,nan,nan,nan,1,0,0,0
5726212514,5726212508,-0.15749665,0.06132542,-0.06872114,0.03745432,-0.04647662,0.050487947,-0.9969394,nan,nan,nan,nan,nan,nan,0.0,0.0,0.0,0.0,0.0,0.0,nan,nan,nan,1,0,0,0
5726221405,5726221400,-0.15791744,0.06144266,-0.08709225,0.04724043,-0.047531236,0.054450586,-0.9962651,nan,nan,nan,nan,nan,nan,0.0,0.0,0.0,0.0,0.0,0.0,nan,nan,nan,1,0,0,0
5726229309,5726229304,-0.15863489,0.061429955,-0.10613237,0.05868989,-0.05074947,0.056352112,-0.9953916,nan,nan,nan,nan,nan,nan,0.0,0.0,0.0,0.0,0.0,0.0,nan,nan,nan,1,0,0,0
5726237331,5726237326,-0.15987894,0.061523877,-0.12573954,0.07019496,-0.048529368,0.0590488,-0.99460083,nan,nan,nan,nan,nan,nan,0.0,0.0,0.0,0.0,0.0,0.0,nan,nan,nan,1,0,0,0
5726245373,5726245289,-0.16098098,0.061777495,-0.145995,0.078095905,-0.048295874,0.061448537,-0.99387753,nan,nan,nan,nan,nan,nan,0.0,0.0,0.0,0.0,0.0,0.0,nan,nan,nan,1,0,0,0
5726254336,5726254330,-0.16214535,0.061123446,-0.16614893,0.082330994,-0.05783703,0.052289717,-0.9935504,nan,nan,nan,nan,nan,nan,0.0,0.0,0.0,0.0,0.0,0.0,nan,nan,nan,1,0,0,0
5726263324,5726263319,-0.1634703,0.061580285,-0.18723588,0.08397668,-0.058373846,0.05120587,-0.99343765,nan,nan,nan,nan,nan,nan,0.0,0.0,0.0,0.0,0.0,0.0,nan,nan,nan,1,0,0,0
5726270196,5726270190,-0.16468051,0.06220016,-0.2094165,0.08208321,-0.04785917,0.06146016,-0.9935766,nan,nan,nan,nan,nan,nan,0.0,0.0,0.0,0.0,0.0,0.0,nan,nan,nan,1,0,0,0
5726280298,5726280292,-0.1658266,0.06264449,-0.23090233,0.080347486,-0.04725058,0.05811319,-0.99394894,nan,nan,nan,nan,nan,nan,0.0,0.0,0.0,0.0,0.0,0.0,nan,nan,nan,1,0,0,0
5726287446,5726287441,-0.16712396,0.06288329,-0.25256574,0.07541998,-0.049951605,0.053060118,-0.9944854,nan,nan,nan,nan,nan,nan,0.0,0.0,0.0,0.0,0.0,0.0,nan,nan,nan,1,0,0,0
5726296796,5726296790,-0.16864288,0.062293842,-0.27327925,0.07076462,-0.049866796,0.042082023,-0.99535656,nan,nan,nan,nan,nan,nan,0.0,0.0,0.0,0.0,0.0,0.0,nan,nan,nan,1,0,0,0
5726303683,5726303676,-0.16981466,0.06301639,-0.2936467,0.06952562,-0.056341857,0.03836575,-0.99524873,nan,nan,nan,nan,nan,nan,0.0,0.0,0.0,0.0,0.0,0.0,nan,nan,nan,1,0,0,0
5726313299,5726313292,-0.17099838,0.062758945,-0.31451556,0.0613732,-0.04907595,0.0420221,-0.9960216,nan,nan,nan,nan,nan,nan,0.0,0.0,0.0,0.0,0.0,0.0,nan,nan,nan,1,0,0,0
5726320341,5726320335,-0.17169543,0.06322917,-0.33397302,0.05989858,-0.055602185,0.04194797,-0.99577147,nan,nan,nan,nan,nan,nan,0.0,0.0,0.0,0.0,0.0,0.0,nan,nan,nan,1,0,0,0
5726330442,5726330436,-0.17247508,0.06318332,-0.35304284,0.053399317,-0.05529731,0.042539287,-0.996133,nan,nan,nan,nan,nan,nan,0.0,0.0,0.0,0.0,0.0,0.0,nan,nan,nan,1,0,0,0
5726337298,5726337290,-0.17295904,0.063716464,-0.36989295,0.049986683,-0.070576675,0.053015996,-0.9948415,nan,nan,nan,nan,nan,nan,0.0,0.0,0.0,0.0,0.0,0.0,nan,nan,nan,1,0,0,0
5726345352,5726345346,-0.17386778,0.0637843,-0.38659054,0.0486894,-0.06530762,0.060891192,-0.9948149,nan,nan,nan,nan,nan,nan,0.0,0.0,0.0,0.0,0.0,0.0,nan,nan,nan,1,0,0,0
5726354461,5726354455,-0.17397493,0.063690916,-0.40158045,0.054426722,-0.05647748,0.04757794,-0.9957833,nan,nan,nan,nan,nan,nan,0.0,0.0,0.0,0.0,0.0,0.0,nan,nan,nan,1,0,0,0
5726363308,5726363303,-0.17351362,0.06332473,-0.4159717,0.053302538,-0.053441137,0.04752699,-0.9960141,nan,nan,nan,nan,nan,nan,0.0,0.0,0.0,0.0,0.0,0.0,nan,nan,nan,1,0,0,0
5726370048,5726370043,-0.17308263,0.06346734,-0.42770985,0.048950728,-0.066374,0.0540288,-0.99512774,nan,nan,nan,nan,nan,nan,0.0,0.0,0.0,0.0,0.0,0.0,nan,nan,nan,1,0,0,0
5726379462,5726379456,-0.17309263,0.06221839,-0.43750536,0.052579787,-0.052150834,0.056773666,-0.99563664,nan,nan,nan,nan,nan,nan,0.0,0.0,0.0,0.0,0.0,0.0,nan,nan,nan,1,0,0,0
5726390318,5726390313,-0.17275603,0.06222313,-0.44641834,0.048008785,-0.05239318,0.0598547,-0.9956744,nan,nan,nan,nan,nan,nan,0.0,0.0,0.0,0.0,0.0,0.0,nan,nan,nan,1,0,0,0
5726395298,5726395293,-0.17216238,0.06505231,-0.45366314,0.04683511,-0.06707974,0.046690416,-0.99555355,nan,nan,nan,nan,nan,nan,0.0,0.0,0.0,0.0,0.0,0.0,nan,nan,nan,1,0,0,0
5726403524,5726403518,-0.17206733,0.0638213,-0.45979854,0.035312008,-0.05627588,0.048659276,-0.99660337,nan,nan,nan,nan,nan,nan,0.0,0.0,0.0,0.0,0.0,0.0,nan,nan,nan,1,0,0,0
5726411300,5726411293,-0.17217334,0.06383665,-0.46312758,0.026150452,-0.05445756,0.049746647,-0.99693316,nan,nan,nan,nan,nan,nan,0.0,0.0,0.0,0.0,0.0,0.0,nan,nan,nan,1,0,0,0
5726420322,5726420317,-0.17254397,0.06509942,-0.46289203,0.025029575,-0.06500535,0.04696006,-0.996465,nan,nan,nan,nan,nan,nan,0.0,0.0,0.0,0.0,0.0,0.0,nan,nan,nan,1,0,0,0
5726428294,5726428288,-0.17324367,0.063790955,-0.46304417,0.017639238,-0.05153806,0.05190033,-0.99716544,nan,nan,nan,nan,nan,nan,0.0,0.0,0.0,0.0,0.0,0.0,nan,nan,nan,1,0,0,0
5726436611,5726436606,-0.17395079,0.06441333,-0.45921817,0.01359956,-0.055439483,0.058876902,-0.99663186,nan,nan,nan,nan,nan,nan,0.0,0.0,0.0,0.0,0.0,0.0,nan,nan,nan,1,0,0,0
5726447416,5726447411,-0.17473446,0.06524651,-0.4529913,0.014179153,-0.056980196,0.074800976,-0.9954682,nan,nan,nan,nan,nan,nan,0.0,0.0,0.0,0.0,0.0,0.0,nan,nan,nan,1,0,0,0
5726453294,5726453289,-0.17541364,0.06386195,-0.44688258,0.0062475787,-0.041751333,0.08546734,-0.99544615,nan,nan,nan,nan,nan,nan,0.0,0.0,0.0,0.0,0.0,0.0,nan,nan,nan,1,0,0,0
5726462291,5726462286,-0.17566387,0.06308309,-0.43770552,0.0066705816,-0.0371927,0.08523027,-0.9956445,nan,nan,nan,nan,nan,nan,0.0,0.0,0.0,0.0,0.0,0.0,nan,nan,nan,1,0,0,0
5726469895,5726469890,-0.17558698,0.06337008,-0.42830843,0.0036482373,-0.041634683,0.085882835,-0.9954282,nan,nan,nan,nan,nan,nan,0.0,0.0,0.0,0.0,0.0,0.0,nan,nan,nan,1,0,0,0
5726479320,5726479314,-0.1753575,0.06367785,-0.41600513,0.00473197,-0.048045095,0.08433405,-0.99526733,nan,nan,nan,nan,nan,nan,0.0,0.0,0.0,0.0,0.0,0.0,nan,nan,nan,1,0,0,0
5726487331,5726487296,-0.17501105,0.0632723,-0.4027984,0.006939721,-0.043354604,0.083431534,-0.9955458,nan,nan,nan,nan,nan,nan,0.0,0.0,0.0,0.0,0.0,0.0,nan,nan,nan,1,0,0,0
5726497281,5726497276,-0.1743345,0.063146986,-0.38777778,0.011424066,-0.043389756,0.07968318,-0.9958099,nan,nan,nan,nan,nan,nan,0.0,0.0,0.0,0.0,0.0,0.0,nan,nan,nan,1,0,0,0
5726503385,5726503380,-0.17316572,0.06333114,-0.3711675,0.017909853,-0.0469534,0.07617506,-0.99582726,nan,nan,nan,nan,nan,nan,0.0,0.0,0.0,0.0,0.0,0.0,nan,nan,nan,1,0,0,0
5726513301,5726513296,-0.17214611,0.06292364,-0.35381296,0.025020598,-0.04451846,0.068035185,-0.9963751,nan,nan,nan,nan,nan,nan,0.0,0.0,0.0,0.0,0.0,0.0,nan,nan,nan,1,0,0,0
5726521296,5726521290,-0.17065336,0.06311276,-0.33538288,0.027806275,-0.04703122,0.0655571,-0.99635196,nan,nan,nan,nan,nan,nan,0.0,0.0,0.0,0.0,0.0,0.0,nan,nan,nan,1,0,0,0
5726529310,5726529305,-0.16909248,0.062809676,-0.31548607,0.032615382,-0.04518034,0.06326601,-0.9964398,nan,nan,nan,nan,nan,nan,0.0,0.0,0.0,0.0,0.0,0.0,nan,nan,nan,1,0,0,0
5726537136,5726537131,-0.16708505,0.06312113,-0.2954547,0.034038182,-0.039396524,0.072549745,-0.9960049,nan,nan,nan,nan,nan,nan,0.0,0.0,0.0,0.0,0.0,0.0,nan,nan,nan,1,0,0,0
5726545303,5726545295,-0.16456756,0.06322308,-0.27440566,0.033913895,-0.043319087,0.07137635,-0.9959311,nan,nan,nan,nan,nan,nan,0.0,0.0,0.0,0.0,0.0,0.0,nan,nan,nan,1,0,0,0
5726553296,5726553290,-0.16247106,0.062158994,-0.2521796,0.03333323,-0.04359452,0.059928935,-0.996693,nan,nan,nan,nan,nan,nan,0.0,0.0,0.0,0.0,0.0,0.0,nan,nan,nan,1,0,0,0
5726562288,5726562282,-0.15962438,0.06281292,-0.23121451,0.03073572,-0.042771626,0.062258106,-0.9966694,nan,nan,nan,nan,nan,nan,0.0,0.0,0.0,0.0,0.0,0.0,nan,nan,nan,1,0,0,0
5726569770,5726569764,-0.15701455,0.06255849,-0.20944165,0.028803105,-0.043885916,0.050185964,-0.99735934,nan,nan,nan,nan,nan,nan,0.0,0.0,0.0,0.0,0.0,0.0,nan,nan,nan,1,0,0,0
5726579301,5726579295,-0.15470544,0.06258478,-0.18755455,0.025884118,-0.044236593,0.03713241,-0.99799514,nan,nan,nan,nan,nan,nan,0.0,0.0,0.0,0.0,0.0,0.0,nan,nan,nan,1,0,0,0
5726587294,5726587289,-0.15268674,0.06238989,-0.16399725,0.02660691,-0.044536754,0.02095506,-0.9984335,nan,nan,nan,nan,nan,nan,0.0,0.0,0.0,0.0,0.0,0.0,nan,nan,nan,1,0,0,0
5726597055,5726597050,-0.1512126,0.06392135,-0.14141577,0.0288199,-0.032079007,0.028245566,-0.99867034,nan,nan,nan,nan,nan,nan,0.0,0.0,0.0,0.0,0.0,0.0,nan,nan,nan,1,0,0,0
5726602625,5726602620,-0.14990191,0.06478601,-0.118124716,0.034142457,-0.02486717,0.02482121,-0.99879926,nan,nan,nan,nan,nan,nan,0.0,0.0,0.0,0.0,0.0,0.0,nan,nan,nan,1,0,0,0
5726612302,5726612295,-0.14861016,0.06562327,-0.09502322,0.03752864,-0.019981569,0.018050015,-0.9989327,nan,nan,nan,nan,nan,nan,0.0,0.0,0.0,0.0,0.0,0.0,nan,nan,nan,1,0,0,0
5726620722,5726620717,-0.14732221,0.06629774,-0.071952514,0.0406742,-0.018482367,0.012090983,-0.9989283,nan,nan,nan,nan,nan,nan,0.0,0.0,0.0,0.0,0.0,0.0,nan,nan,nan,1,0,0,0
5726629293,5726629288,-0.14628439,0.06714341,-0.049154192,0.043405935,-0.018231109,0.005514962,-0.998876,nan,nan,nan,nan,nan,nan,0.0,0.0,0.0,0.0,0.0,0.0,nan,nan,nan,1,0,0,0
5726636962,5726636957,-0.14527719,0.067867376,-0.0270131,0.04288122,-0.018936193,0.0005369331,-0.9989006,nan,nan,nan,nan,nan,nan,0.0,0.0,0.0,0.0,0.0,0.0,nan,nan,nan,1,0,0,0
5726647124,5726647118,-0.14461598,0.06879374,-0.0057683378,0.041876484,-0.023511477,-0.00418264,-0.99883735,nan,nan,nan,nan,nan,nan,0.0,0.0,0.0,0.0,0.0,0.0,nan,nan,nan,1,0,0,0
5726654293,5726654288,-0.14425392,0.069594584,0.014035666,0.037382323,-0.026384262,-0.0069196783,-0.9989288,nan,nan,nan,nan,nan,nan,0.0,0.0,0.0,0.0,0.0,0.0,nan,nan,nan,1,0,0,0
5726662289,5726662283,-0.14438103,0.06989488,0.033179924,0.035995457,-0.027769068,-0.008947042,-0.99892604,nan,nan,nan,nan,nan,nan,0.0,0.0,0.0,0.0,0.0,0.0,nan,nan,nan,1,0,0,0
5726670829,5726670823,-0.14474891,0.07037938,0.0502601,0.03282328,-0.027570698,-0.015470141,-0.99896103,nan,nan,nan,nan,nan,nan,0.0,0.0,0.0,0.0,0.0,0.0,nan,nan,nan,1,0,0,0
5726678302,5726678296,-0.14545785,0.071068875,0.06509838,0.0314847,-0.025327174,-0.019742392,-0.9989882,nan,nan,nan,nan,nan,nan,0.0,0.0,0.0,0.0,0.0,0.0,nan,nan,nan,1,0,0,0
5726688322,5726688317,-0.14647792,0.071816355,0.07782552,0.032648236,-0.020444734,-0.023844147,-0.99897325,nan,nan,nan,nan,nan,nan,0.0,0.0,0.0,0.0,0.0,0.0,nan,nan,nan,1,0,0,0
5726696340,5726696335,-0.14740744,0.07277271,0.08738917,0.031362604,-0.017288795,-0.025527881,-0.99903244,nan,nan,nan,nan,nan,nan,0.0,0.0,0.0,0.0,0.0,0.0,nan,nan,nan,1,0,0,0
5726703739,5726703733,-0.14817901,0.07334334,0.09397517,0.03156261,-0.016758027,-0.029573103,-0.9989236,nan,nan,nan,nan,nan,nan,0.0,0.0,0.0,0.0,0.0,0.0,nan,nan,nan,1,0,0,0
5726712291,5726712286,-0.14867212,0.0741584,0.09728859,0.03041081,-0.018895462,-0.0341425,-0.9987755,nan,nan,nan,nan,nan,nan,0.0,0.0,0.0,0.0,0.0,0.0,nan,nan,nan,1,0,0,0
5726721297,5726721292,-0.14917128,0.0745013,0.097491816,0.026679192,-0.020026062,-0.037654642,-0.99873394,nan,nan,nan,nan,nan,nan,0.0,0.0,0.0,0.0,0.0,0.0,nan,nan,nan,1,0,0,0
5726729295,5726729289,-0.14959978,0.07474819,0.095069245,0.02495062,-0.021212094,-0.038157586,-0.998735,nan,nan,nan,nan,nan,nan,0.0,0.0,0.0,0.0,0.0,0.0,nan,nan,nan,1,0,0,0
5726737209,5726737204,-0.14973816,0.07439466,0.0904269,0.024612602,-0.022912476,-0.03754526,-0.998729,nan,nan,nan,nan,nan,nan,0.0,0.0,0.0,0.0,0.0,0.0,nan,nan,nan,1,0,0,0
5726748323,5726748318,-0.14974843,0.07385546,0.083920345,0.027417377,-0.022423558,-0.032546766,-0.99884236,nan,nan,nan,nan,nan,nan,0.0,0.0,0.0,0.0,0.0,0.0,nan,nan,nan,1,0,0,0
5726754313,5726754307,-0.1497661,0.07257137,0.07519347,0.028856179,-0.015843268,-0.023375548,-0.99918467,nan,nan,nan,nan,nan,nan,0.0,0.0,0.0,0.0,0.0,0.0,nan,nan,nan,1,0,0,0
5726762403,5726762397,-0.14996117,0.07120705,0.064518094,0.031016909,-0.013093904,-0.014951175,-0.9993213,nan,nan,nan,nan,nan,nan,0.0,0.0,0.0,0.0,0.0,0.0,nan,nan,nan,1,0,0,0
5726770553,5726770546,-0.15012881,0.06925856,0.05126658,0.03269692,-0.010271244,-0.0075754747,-0.99938387,nan,nan,nan,nan,nan,nan,0.0,0.0,0.0,0.0,0.0,0.0,nan,nan,nan,1,0,0,0
5726779293,5726779287,-0.14996728,0.06745189,0.03622566,0.033198252,-0.012041044,0.00071243,-0.999376,nan,nan,nan,nan,nan,nan,0.0,0.0,0.0,0.0,0.0,0.0,nan,nan,nan,1,0,0,0
5726787410,5726787405,-0.14982219,0.065446764,0.018941514,0.033516444,-0.012363205,0.011155326,-0.99929947,nan,nan,nan,nan,nan,nan,0.0,0.0,0.0,0.0,0.0,0.0,nan,nan,nan,1,0,0,0
5726796986,5726796884,-0.15012376,0.06343348,-0.00074363593,0.03141516,-0.014105155,0.020648515,-0.9991935,nan,nan,nan,nan,nan,nan,0.0,0.0,0.0,0.0,0.0,0.0,nan,nan,nan,1,0,0,0
5726804201,5726804196,-0.15083696,0.062234703,-0.022199925,0.029889131,-0.021032127,0.030193815,-0.99887574,nan,nan,nan,nan,nan,nan,0.0,0.0,0.0,0.0,0.0,0.0,nan,nan,nan,1,0,0,0
5726811496,5726811467,-0.15151972,0.061612114,-0.045424692,0.028297756,-0.03063716,0.037893362,-0.9984111,nan,nan,nan,nan,nan,nan,0.0,0.0,0.0,0.0,0.0,0.0,nan,nan,nan,1,0,0,0
5726821382,5726821377,-0.15214941,0.06146464,-0.06995784,0.027238684,-0.04175222,0.04436374,-0.99777085,nan,nan,nan,nan,nan,nan,0.0,0.0,0.0,0.0,0.0,0.0,nan,nan,nan,1,0,0,0
5726828290,5726828284,-0.15355967,0.06134766,-0.0951397,0.02660056,-0.04541786,0.047600932,-0.9974787,nan,nan,nan,nan,nan,nan,0.0,0.0,0.0,0.0,0.0,0.0,nan,nan,nan,1,0,0,0
5726837050,5726837045,-0.15537702,0.06098619,-0.12007203,0.029545216,-0.051267885,0.042201154,-0.99735534,nan,nan,nan,nan,nan,nan,0.0,0.0,0.0,0.0,0.0,0.0,nan,nan,nan,1,0,0,0
5726846476,5726846470,-0.15688558,0.06143907,-0.14660512,0.031793933,-0.054055896,0.048619993,-0.9968466,nan,nan,nan,nan,nan,nan,0.0,0.0,0.0,0.0,0.0,0.0,nan,nan,nan,1,0,0,0
5726856608,5726856602,-0.15815164,0.062502675,-0.17324874,0.03807139,-0.051991843,0.06361432,-0.9958918,nan,nan,nan,nan,nan,nan,0.0,0.0,0.0,0.0,0.0,0.0,nan,nan,nan,1,0,0,0
5726862300,5726862294,-0.15958351,0.062316284,-0.19961454,0.041621447,-0.0486097,0.07015664,-0.9954812,nan,nan,nan,nan,nan,nan,0.0,0.0,0.0,0.0,0.0,0.0,nan,nan,nan,1,0,0,0
5726872690,5726872583,-0.16100457,0.06299858,-0.22578664,0.04744415,-0.04924763,0.074749224,-0.99485487,nan,nan,nan,nan,nan,nan,0.0,0.0,0.0,0.0,0.0,0.0,nan,nan,nan,1,0,0,0
5726879302,5726879296,-0.16249326,0.06336573,-0.25244686,0.04759957,-0.04771064,0.077099495,-0.99474305,nan,nan,nan,nan,nan,nan,0.0,0.0,0.0,0.0,0.0,0.0,nan,nan,nan,1,0,0,0
5726890419,5726890415,-0.16395253,0.06285128,-0.2786125,0.045743257,-0.053049106,0.0673997,-0.9952641,nan,nan,nan,nan,nan,nan,0.0,0.0,0.0,0.0,0.0,0.0,nan,nan,nan,1,0,0,0
5726896666,5726896661,-0.16544563,0.06327247,-0.3049393,0.042215124,-0.056821667,0.063244104,-0.99548453,nan,nan,nan,nan,nan,nan,0.0,0.0,0.0,0.0,0.0,0.0,nan,nan,nan,1,0,0,0
5726904753,5726904747,-0.16683485,0.0633431,-0.33006164,0.032438356,-0.06751822,0.06893519,-0.99480504,nan,nan,nan,nan,nan,nan,0.0,0.0,0.0,0.0,0.0,0.0,nan,nan,nan,1,0,0,0
5726913293,5726913287,-0.1678172,0.06355804,-0.3541271,0.029476488,-0.071658716,0.06489553,-0.9948793,nan,nan,nan,nan,nan,nan,0.0,0.0,0.0,0.0,0.0,0.0,nan,nan,nan,1,0,0,0
5726920448,5726920443,-0.16903004,0.06356968,-0.37683374,0.027753301,-0.06832265,0.061855875,-0.995357,nan,nan,nan,nan,nan,nan,0.0,0.0,0.0,0.0,0.0,0.0,nan,nan,nan,1,0,0,0
5726929293,5726929287,-0.1697252,0.06392027,-0.39788112,0.027861014,-0.06833269,0.06371821,-0.9952358,nan,nan,nan,nan,nan,nan,0.0,0.0,0.0,0.0,0.0,0.0,nan,nan,nan,1,0,0,0
5726936602,5726936597,-0.17025062,0.06388193,-0.41680056,0.027802719,-0.06735158,0.064040236,-0.99528366,nan,nan,nan,nan,nan,nan,0.0,0.0,0.0,0.0,0.0,0.0,nan,nan,nan,1,0,0,0
5726946880,5726946874,-0.17041193,0.06347044,-0.43385544,0.028873209,-0.06502518,0.06357771,-0.9954375,nan,nan,nan,nan,nan,nan,0.0,0.0,0.0,0.0,0.0,0.0,nan,nan,nan,1,0,0,0
5726953296,5726953290,-0.17034298,0.06395488,-0.4476858,0.03234757,-0.0716014,0.06855282,-0.9945488,nan,nan,nan,nan,nan,nan,0.0,0.0,0.0,0.0,0.0,0.0,nan,nan,nan,1,0,0,0
5726962467,5726962462,-0.17005612,0.063567124,-0.45981026,0.03243441,-0.069078654,0.07149915,-0.9945169,nan,nan,nan,nan,nan,nan,0.0,0.0,0.0,0.0,0.0,0.0,nan,nan,nan,1,0,0,0
5726970375,5726970370,-0.16997439,0.06336503,-0.4683112,0.03439467,-0.07050666,0.07518164,-0.99407923,nan,nan,nan,nan,nan,nan,0.0,0.0,0.0,0.0,0.0,0.0,nan,nan,nan,1,0,0,0
5726979301,5726979295,-0.16979717,0.06359732,-0.47494662,0.03210393,-0.07154487,0.08096122,-0.99362767,nan,nan,nan,nan,nan,nan,0.0,0.0,0.0,0.0,0.0,0.0,nan,nan,nan,1,0,0,0
5726987430,5726987424,-0.170001,0.064085424,-0.47817218,0.032341,-0.07284387,0.082298964,-0.99341565,nan,nan,nan,nan,nan,nan,0.0,0.0,0.0,0.0,0.0,0.0,nan,nan,nan,1,0,0,0
5726996291,5726996286,-0.1701235,0.06385013,-0.47982413,0.02911393,-0.068965256,0.076378815,-0.9942648,nan,nan,nan,nan,nan,nan,0.0,0.0,0.0,0.0,0.0,0.0,nan,nan,nan,1,0,0,0
5727003283,5727003277,-0.1707461,0.06419286,-0.4784867,0.029430375,-0.07017649,0.07112748,-0.99456024,nan,nan,nan,nan,nan,nan,0.0,0.0,0.0,0.0,0.0,0.0,nan,nan,nan,1,0,0,0
5727012395,5727012389,-0.171632,0.06413171,-0.4752165,0.02433919,-0.06794576,0.0687526,-0.99501956,nan,nan,nan,nan,nan,nan,0.0,0.0,0.0,0.0,0.0,0.0,nan,nan,nan,1,0,0,0
5727020297,5727020292,-0.1726248,0.06415316,-0.46893108,0.023864208,-0.066891804,0.06586405,-0.9952979,nan,nan,nan,nan,nan,nan,0.0,0.0,0.0,0.0,0.0,0.0,nan,nan,nan,1,0,0,0
5727029292,5727029286,-0.1735862,0.06448433,-0.4599563,0.023543803,-0.06668238,0.06591395,-0.99531627,nan,nan,nan,nan,nan,nan,0.0,0.0,0.0,0.0,0.0,0.0,nan,nan,nan,1,0,0,0
5727036749,5727036744,-0.1743315,0.06415398,-0.44915637,0.023804646,-0.066016525,0.064535275,-0.9954448,nan,nan,nan,nan,nan,nan,0.0,0.0,0.0,0.0,0.0,0.0,nan,nan,nan,1,0,0,0
5727046537,5727046532,-0.17531297,0.06389658,-0.4354786,0.029584251,-0.06513893,0.06407921,-0.9953771,nan,nan,nan,nan,nan,nan,0.0,0.0,0.0,0.0,0.0,0.0,nan,nan,nan,1,0,0,0
5727053324,5727053318,-0.17582056,0.06377618,-0.42004108,0.034456957,-0.061589457,0.06610802,-0.9953136,nan,nan,nan,nan,nan,nan,0.0,0.0,0.0,0.0,0.0,0.0,nan,nan,nan,1,0,0,0
5727063313,5727063308,-0.1759092,0.06353234,-0.40182644,0.041117348,-0.060360357,0.07059861,-0.99482757,nan,nan,nan,nan,nan,nan,0.0,0.0,0.0,0.0,0.0,0.0,nan,nan,nan,1,0,0,0
5727069613,5727069607,-0.17568275,0.06465164,-0.3814326,0.04845192,-0.07059102,0.07714064,-0.9933371,nan,nan,nan,nan,nan,nan,0.0,0.0,0.0,0.0,0.0,0.0,nan,nan,nan,1,0,0,0
5727079297,5727079291,-0.17511928,0.06151025,-0.36042958,0.0507575,-0.046796586,0.079964615,-0.9944041,nan,nan,nan,nan,nan,nan,0.0,0.0,0.0,0.0,0.0,0.0,nan,nan,nan,1,0,0,0
5727087307,5727087301,-0.17303799,0.06370202,-0.3396214,0.051868968,-0.047399584,0.08561164,-0.9938479,nan,nan,nan,nan,nan,nan,0.0,0.0,0.0,0.0,0.0,0.0,nan,nan,nan,1,0,0,0
5727096887,5727096882,-0.17122708,0.06314885,-0.31538236,0.0505123,-0.046838064,0.089165315,-0.99363184,nan,nan,nan,nan,nan,nan,0.0,0.0,0.0,0.0,0.0,0.0,nan,nan,nan,1,0,0,0
5727103119,5727103113,-0.16929677,0.062946565,-0.29016772,0.048444543,-0.044555757,0.09029171,-0.99373806,nan,nan,nan,nan,nan,nan,0.0,0.0,0.0,0.0,0.0,0.0,nan,nan,nan,1,0,0,0
5727112380,5727112375,-0.16696168,0.063209064,-0.2635437,0.0439515,-0.058432378,0.07761162,-0.99429893,nan,nan,nan,nan,nan,nan,0.0,0.0,0.0,0.0,0.0,0.0,nan,nan,nan,1,0,0,0
5727119317,5727119311,-0.16462797,0.06375195,-0.23789077,0.038525045,-0.055902496,0.08648745,-0.99393696,nan,nan,nan,nan,nan,nan,0.0,0.0,0.0,0.0,0.0,0.0,nan,nan,nan,1,0,0,0
5727129292,5727129286,-0.16235743,0.06289683,-0.2113117,0.028125148,-0.06094186,0.06923798,-0.99533975,nan,nan,nan,nan,nan,nan,0.0,0.0,0.0,0.0,0.0,0.0,nan,nan,nan,1,0,0,0
5727136340,5727136335,-0.16046387,0.0629671,-0.18514164,0.02375474,-0.05325402,0.07276305,-0.9956431,nan,nan,nan,nan,nan,nan,0.0,0.0,0.0,0.0,0.0,0.0,nan,nan,nan,1,0,0,0
5727145749,5727145744,-0.15860155,0.062968306,-0.1584919,0.015571575,-0.056196593,0.064880684,-0.99618775,nan,nan,nan,nan,nan,nan,0.0,0.0,0.0,0.0,0.0,0.0,nan,nan,nan,1,0,0,0
5727154313,5727154307,-0.15690434,0.062837094,-0.13146019,0.01125019,-0.055161256,0.05539879,-0.9968759,nan,nan,nan,nan,nan,nan,0.0,0.0,0.0,0.0,0.0,0.0,nan,nan,nan,1,0,0,0
5727162443,5727162437,-0.1557321,0.06262712,-0.104763694,0.0072943782,-0.051822077,0.041872542,-0.9977515,nan,nan,nan,nan,nan,nan,0.0,0.0,0.0,0.0,0.0,0.0,nan,nan,nan,1,0,0,0
5727170983,5727170938,-0.15476206,0.06310933,-0.078304715,0.0038541127,-0.052007668,0.032431778,-0.99811244,nan,nan,nan,nan,nan,nan,0.0,0.0,0.0,0.0,0.0,0.0,nan,nan,nan,1,0,0,0
5727179294,5727179289,-0.15448384,0.06371659,-0.051756892,0.003187469,-0.04596816,0.030495005,-0.9984722,nan,nan,nan,nan,nan,nan,0.0,0.0,0.0,0.0,0.0,0.0,nan,nan,nan,1,0,0,0
5727188425,5727188419,-0.1547497,0.0639531,-0.026190385,0.0015720553,-0.035685346,0.022606278,-0.9991061,nan,nan,nan,nan,nan,nan,0.0,0.0,0.0,0.0,0.0,0.0,nan,nan,nan,1,0,0,0
5727195532,5727195527,-0.15533184,0.065414295,-0.001245711,0.0033243694,-0.035072688,0.017972877,-0.9992176,nan,nan,nan,nan,nan,nan,0.0,0.0,0.0,0.0,0.0,0.0,nan,nan,nan,1,0,0,0
5727203050,5727203045,-0.15602884,0.06652275,0.022363923,0.0033297983,-0.03090412,0.0147505,-0.99940795,nan,nan,nan,nan,nan,nan,0.0,0.0,0.0,0.0,0.0,0.0,nan,nan,nan,1,0,0,0
5727223575,5727223570,-0.15652947,0.06743,0.043694623,0.0013402284,-0.024172686,0.0033652156,-0.99970126,nan,nan,nan,nan,nan,nan,0.0,0.0,0.0,0.0,0.0,0.0,nan,nan,nan,1,0,0,0
5727225685,5727225680,-0.15723263,0.06904671,0.0632161,0.0011652119,0.022350919,0.0054504387,0.99973464,nan,nan,nan,nan,nan,nan,0.0,0.0,0.0,0.0,0.0,0.0,nan,nan,nan,1,0,0,0
5727228387,5727228382,-0.15788917,0.070713624,0.08013241,0.0042265784,0.021788947,0.015696066,0.9996304,nan,nan,nan,nan,nan,nan,0.0,0.0,0.0,0.0,0.0,0.0,nan,nan,nan,1,0,0,0
5727237297,5727237291,-0.15864916,0.07287892,0.09363898,0.007142603,0.02113074,0.025485193,0.99942636,nan,nan,nan,nan,nan,nan,0.0,0.0,0.0,0.0,0.0,0.0,nan,nan,nan,1,0,0,0
5727246605,5727246600,-0.15918195,0.07467417,0.1039483,0.011943235,0.01890548,0.035263877,0.99912786,nan,nan,nan,nan,nan,nan,0.0,0.0,0.0,0.0,0.0,0.0,nan,nan,nan,1,0,0,0
5727254319,5727254313,-0.15953594,0.076469176,0.11108828,0.016107688,0.023075346,0.04605009,0.9985427,nan,nan,nan,nan,nan,nan,0.0,0.0,0.0,0.0,0.0,0.0,nan,nan,nan,1,0,0,0
5727261291,5727261286,-0.15938817,0.07778715,0.11497687,0.021114128,0.029857406,0.054899625,0.997822,nan,nan,nan,nan,nan,nan,0.0,0.0,0.0,0.0,0.0,0.0,nan,nan,nan,1,0,0,0
5727270119,5727270114,-0.15914406,0.07871971,0.11564442,0.025157766,0.03284903,0.058842387,0.99740946,nan,nan,nan,nan,nan,nan,0.0,0.0,0.0,0.0,0.0,0.0,nan,nan,nan,1,0,0,0
5727279296,5727279291,-0.15915339,0.0791176,0.11312522,0.028789451,0.0314446,0.059512362,0.9973168,nan,nan,nan,nan,nan,nan,0.0,0.0,0.0,0.0,0.0,0.0,nan,nan,nan,1,0,0,0
5727287325,5727287319,-0.15880424,0.078815386,0.10737585,0.032323584,0.032597072,0.0593057,0.99718374,nan,nan,nan,nan,nan,nan,0.0,0.0,0.0,0.0,0.0,0.0,nan,nan,nan,1,0,0,0
5727296169,5727296164,-0.15808184,0.07812773,0.099491246,0.03138813,0.035542965,0.056517698,0.99727494,nan,nan,nan,nan,nan,nan,0.0,0.0,0.0,0.0,0.0,0.0,nan,nan,nan,1,0,0,0
5727303608,5727303603,-0.15752766,0.07674996,0.08929099,0.02807998,0.03760391,0.05219209,0.99753374,nan,nan,nan,nan,nan,nan,0.0,0.0,0.0,0.0,0.0,0.0,nan,nan,nan,1,0,0,0
5727312288,5727312282,-0.15729606,0.07482628,0.07603891,0.024770977,0.033007953,0.042998828,0.9982224,nan,nan,nan,nan,nan,nan,0.0,0.0,0.0,0.0,0.0,0.0,nan,nan,nan,1,0,0,0
5727323306,5727323300,-0.15696715,0.07287672,0.060651112,0.018974023,0.029814254,0.029846061,0.99892956,nan,nan,nan,nan,nan,nan,0.0,0.0,0.0,0.0,0.0,0.0,nan,nan,nan,1,0,0,0
5727328467,5727328461,-0.15659657,0.07001946,0.0423527,0.017691692,0.024083016,0.018791415,0.9993767,nan,nan,nan,nan,nan,nan,0.0,0.0,0.0,0.0,0.0,0.0,nan,nan,nan,1,0,0,0
5727336464,5727336459,-0.15588467,0.068079256,0.023164166,0.012448327,0.02787435,0.0041681533,0.99952525,nan,nan,nan,nan,nan,nan,0.0,0.0,0.0,0.0,0.0,0.0,nan,nan,nan,1,0,0,0
5727346297,5727346291,-0.15517104,0.06523108,-0.0006286374,0.014191491,0.023818139,-0.007961261,0.9995839,nan,nan,nan,nan,nan,nan,0.0,0.0,0.0,0.0,0.0,0.0,nan,nan,nan,1,0,0,0
5727353297,5727353291,-0.15458821,0.06379318,-0.02512142,0.014233889,0.038941853,-0.018813157,0.99896294,nan,nan,nan,nan,nan,nan,0.0,0.0,0.0,0.0,0.0,0.0,nan,nan,nan,1,0,0,0
5727362291,5727362286,-0.1545181,0.06182659,-0.05287797,0.019692114,0.04138478,-0.028541403,0.9985414,nan,nan,nan,nan,nan,nan,0.0,0.0,0.0,0.0,0.0,0.0,nan,nan,nan,1,0,0,0
5727370040,5727370007,-0.15458232,0.061213356,-0.081388086,0.027368613,0.055094678,-0.03716544,0.9974138,nan,nan,nan,nan,nan,nan,0.0,0.0,0.0,0.0,0.0,0.0,nan,nan,nan,1,0,0,0
5727378297,5727378292,-0.15485968,0.060965396,-0.110968105,0.026436927,0.045057368,-0.049918875,0.99738616,nan,nan,nan,nan,nan,nan,0.0,0.0,0.0,0.0,0.0,0.0,nan,nan,nan,1,0,0,0
5727388294,5727388289,-0.15474738,0.061087336,-0.14078146,0.026719123,0.05168833,-0.060070585,0.99649686,nan,nan,nan,nan,nan,nan,0.0,0.0,0.0,0.0,0.0,0.0,nan,nan,nan,1,0,0,0
5727396305,5727396299,-0.15488411,0.06073663,-0.17077297,0.02583204,0.051896885,-0.06427205,0.99624723,nan,nan,nan,nan,nan,nan,0.0,0.0,0.0,0.0,0.0,0.0,nan,nan,nan,1,0,0,0
5727403440,5727403433,-0.15507878,0.060737558,-0.20021369,0.017496081,0.05078374,-0.06904984,0.99616617,nan,nan,nan,nan,nan,nan,0.0,0.0,0.0,0.0,0.0,0.0,nan,nan,nan,1,0,0,0
5727412327,5727412322,-0.15442055,0.061244894,-0.23030584,0.007330766,0.052546028,-0.071586125,0.9960224,nan,nan,nan,nan,nan,nan,0.0,0.0,0.0,0.0,0.0,0.0,nan,nan,nan,1,0,0,0
5727420326,5727420321,-0.15376969,0.062913895,-0.25931275,0.0034771676,-0.063385405,0.087559305,-0.99413466,nan,nan,nan,nan,nan,nan,0.0,0.0,0.0,0.0,0.0,0.0,nan,nan,nan,1,0,0,0
5727429751,5727429746,-0.15326096,0.062475316,-0.28775072,0.008024621,-0.069521315,0.07979685,-0.99435145,nan,nan,nan,nan,nan,nan,0.0,0.0,0.0,0.0,0.0,0.0,nan,nan,nan,1,0,0,0
5727436990,5727436985,-0.15264732,0.06377385,-0.3166926,0.013708382,-0.06384715,0.08679852,-0.99408334,nan,nan,nan,nan,nan,nan,0.0,0.0,0.0,0.0,0.0,0.0,nan,nan,nan,1,0,0,0
5727446301,5727446295,-0.15189308,0.06311645,-0.343276,0.011795537,-0.069662675,0.07644137,-0.9945676,nan,nan,nan,nan,nan,nan,0.0,0.0,0.0,0.0,0.0,0.0,nan,nan,nan,1,0,0,0
5727453297,5727453292,-0.15070188,0.06329777,-0.368716,0.008369907,-0.07276612,0.07271058,-0.9946599,nan,nan,nan,nan,nan,nan,0.0,0.0,0.0,0.0,0.0,0.0,nan,nan,nan,1,0,0,0
5727462292,5727462286,-0.14966194,0.063177206,-0.3914679,0.0030636042,-0.070717804,0.0690255,-0.99510056,nan,nan,nan,nan,nan,nan,0.0,0.0,0.0,0.0,0.0,0.0,nan,nan,nan,1,0,0,0
5727470014,5727469985,-0.1485259,0.06311819,-0.41130272,-0.000456619,-0.070724145,0.070836574,-0.9949775,nan,nan,nan,nan,nan,nan,0.0,0.0,0.0,0.0,0.0,0.0,nan,nan,nan,1,0,0,0
5727479845,5727479837,-0.14776996,0.06152139,-0.42755875,-0.0014562295,-0.052012704,0.071141884,-0.9961082,nan,nan,nan,nan,nan,nan,0.0,0.0,0.0,0.0,0.0,0.0,nan,nan,nan,1,0,0,0
5727487294,5727487289,-0.1466222,0.06298567,-0.4412957,0.0057316846,0.0690036,-0.07940403,0.99443483,nan,nan,nan,nan,nan,nan,0.0,0.0,0.0,0.0,0.0,0.0,nan,nan,nan,1,0,0,0
5727496319,5727496313,-0.14587958,0.06412792,-0.450087,-0.0040889354,-0.07865692,0.08670435,-0.99311566,nan,nan,nan,nan,nan,nan,0.0,0.0,0.0,0.0,0.0,0.0,nan,nan,nan,1,0,0,0
5727502828,5727502822,-0.14570089,0.06301759,-0.4571512,0.0069284616,0.069656536,-0.08836835,0.9936252,nan,nan,nan,nan,nan,nan,0.0,0.0,0.0,0.0,0.0,0.0,nan,nan,nan,1,0,0,0
5727513292,5727513287,-0.14627782,0.06301894,-0.4604224,0.010402182,0.06842154,-0.088104285,0.99370414,nan,nan,nan,nan,nan,nan,0.0,0.0,0.0,0.0,0.0,0.0,nan,nan,nan,1,0,0,0
5727522295,5727522290,-0.14727418,0.06316202,-0.46043932,0.012003519,0.067925714,-0.08504532,0.99398655,nan,nan,nan,nan,nan,nan,0.0,0.0,0.0,0.0,0.0,0.0,nan,nan,nan,1,0,0,0
5727529645,5727529639,-0.14891006,0.06336809,-0.4577968,0.018651212,0.060572434,-0.08883286,0.9940281,nan,nan,nan,nan,nan,nan,0.0,0.0,0.0,0.0,0.0,0.0,nan,nan,nan,1,0,0,0
5727536340,5727536335,-0.15116645,0.061974246,-0.45001754,0.01870138,0.04610039,-0.091612756,0.9945512,nan,nan,nan,nan,nan,nan,0.0,0.0,0.0,0.0,0.0,0.0,nan,nan,nan,1,0,0,0
5727546975,5727546970,-0.15315826,0.06443841,-0.4387546,0.017560499,0.07685631,-0.105935596,0.9912429,nan,nan,nan,nan,nan,nan,0.0,0.0,0.0,0.0,0.0,0.0,nan,nan,nan,1,0,0,0
5727555236,5727555231,-0.15579122,0.06275382,-0.42643464,0.015342537,0.06070758,-0.10812887,0.99216294,nan,nan,nan,nan,nan,nan,0.0,0.0,0.0,0.0,0.0,0.0,nan,nan,nan,1,0,0,0
5727562292,5727562286,-0.15887026,0.062241137,-0.4087674,-6.945453e-05,-0.05714295,0.117380954,-0.9914416,nan,nan,nan,nan,nan,nan,0.0,0.0,0.0,0.0,0.0,0.0,nan,nan,nan,1,0,0,0
5727569767,5727569761,-0.16133106,0.06291034,-0.3884859,0.01865291,-0.060074016,0.12448283,-0.99022585,nan,nan,nan,nan,nan,nan,0.0,0.0,0.0,0.0,0.0,0.0,nan,nan,nan,1,0,0,0
5727578299,5727578294,-0.16320762,0.06292717,-0.36596456,0.03542911,-0.06980403,0.12650345,-0.98887265,nan,nan,nan,nan,nan,nan,0.0,0.0,0.0,0.0,0.0,0.0,nan,nan,nan,1,0,0,0
5727587293,5727587288,-0.16526653,0.06359778,-0.3421508,0.050114054,-0.072454564,0.123232946,-0.98845965,nan,nan,nan,nan,nan,nan,0.0,0.0,0.0,0.0,0.0,0.0,nan,nan,nan,1,0,0,0
5727595814,5727595809,-0.16668567,0.06374281,-0.3169414,0.058794923,-0.07040514,0.1284181,-0.987469,nan,nan,nan,nan,nan,nan,0.0,0.0,0.0,0.0,0.0,0.0,nan,nan,nan,1,0,0,0
5727603266,5727603261,-0.1676989,0.06298559,-0.28992897,0.057576727,-0.07069812,0.11584257,-0.9890739,nan,nan,nan,nan,nan,nan,0.0,0.0,0.0,0.0,0.0,0.0,nan,nan,nan,1,0,0,0
5727612297,5727612292,-0.16744329,0.06353621,-0.26158905,0.055381306,-0.06942736,0.12318056,-0.98840237,nan,nan,nan,nan,nan,nan,0.0,0.0,0.0,0.0,0.0,0.0,nan,nan,nan,1,0,0,0
5727621356,5727621351,-0.16675884,0.06250664,-0.2314299,0.04906638,-0.075973004,0.11190213,-0.9895951,nan,nan,nan,nan,nan,nan,0.0,0.0,0.0,0.0,0.0,0.0,nan,nan,nan,1,0,0,0
5727629534,5727629527,-0.16603595,0.06280294,-0.20141907,0.044871077,-0.06808542,0.11654102,-0.98983294,nan,nan,nan,nan,nan,nan,0.0,0.0,0.0,0.0,0.0,0.0,nan,nan,nan,1,0,0,0
5727637388,5727637383,-0.16550253,0.061811157,-0.1700201,0.037978396,-0.07101399,0.09882516,-0.99184084,nan,nan,nan,nan,nan,nan,0.0,0.0,0.0,0.0,0.0,0.0,nan,nan,nan,1,0,0,0
5727645889,5727645882,-0.16479468,0.06251341,-0.13991947,0.040322885,-0.06091986,0.08921478,-0.9933295,nan,nan,nan,nan,nan,nan,0.0,0.0,0.0,0.0,0.0,0.0,nan,nan,nan,1,0,0,0
5727655400,5727655394,-0.16419356,0.06267058,-0.10857041,0.034533437,-0.060057297,0.078525245,-0.99450207,nan,nan,nan,nan,nan,nan,0.0,0.0,0.0,0.0,0.0,0.0,nan,nan,nan,1,0,0,0
5727662293,5727662287,-0.16381547,0.062352814,-0.07776948,0.028895542,-0.05904124,0.061327733,-0.9959508,nan,nan,nan,nan,nan,nan,0.0,0.0,0.0,0.0,0.0,0.0,nan,nan,nan,1,0,0,0
5727670358,5727670351,-0.16357361,0.062921606,-0.048271827,0.022123855,-0.05831732,0.04329853,-0.9971133,nan,nan,nan,nan,nan,nan,0.0,0.0,0.0,0.0,0.0,0.0,nan,nan,nan,1,0,0,0
5727679492,5727679458,-0.16401042,0.063756004,-0.018927898,0.0140605755,-0.05308815,0.031279493,-0.99800074,nan,nan,nan,nan,nan,nan,0.0,0.0,0.0,0.0,0.0,0.0,nan,nan,nan,1,0,0,0
5727686296,5727686291,-0.164881,0.065896325,0.0094344895,0.0086843,-0.05081617,0.020040859,-0.9984691,nan,nan,nan,nan,nan,nan,0.0,0.0,0.0,0.0,0.0,0.0,nan,nan,nan,1,0,0,0
5727696782,5727696776,-0.16589172,0.06811528,0.03630732,0.0077608814,-0.053219836,0.009114302,-0.9985111,nan,nan,nan,nan,nan,nan,0.0,0.0,0.0,0.0,0.0,0.0,nan,nan,nan,1,0,0,0
5727703797,5727703792,-0.16771859,0.06910732,0.060826417,0.0035223258,-0.043355115,-0.00958236,-0.99900764,nan,nan,nan,nan,nan,nan,0.0,0.0,0.0,0.0,0.0,0.0,nan,nan,nan,1,0,0,0
5727712311,5727712305,-0.16991861,0.071486115,0.08296687,0.0053795306,-0.03968189,-0.01918143,-0.99901366,nan,nan,nan,nan,nan,nan,0.0,0.0,0.0,0.0,0.0,0.0,nan,nan,nan,1,0,0,0
5727720298,5727720291,-0.17228685,0.07318046,0.10223324,0.005455951,-0.03664873,-0.03321514,-0.9987611,nan,nan,nan,nan,nan,nan,0.0,0.0,0.0,0.0,0.0,0.0,nan,nan,nan,1,0,0,0
5727728288,5727728282,-0.17398815,0.075558476,0.1176611,0.002761376,-0.037833255,-0.04177176,-0.9984068,nan,nan,nan,nan,nan,nan,0.0,0.0,0.0,0.0,0.0,0.0,nan,nan,nan,1,0,0,0
5727737288,5727737283,-0.17578605,0.07733753,0.12874463,-0.00060933526,0.038892373,0.051621966,0.9979089,nan,nan,nan,nan,nan,nan,0.0,0.0,0.0,0.0,0.0,0.0,nan,nan,nan,1,0,0,0
5727745303,5727745298,-0.17757016,0.07902741,0.13527015,0.004736866,0.036536884,0.05948078,0.99754936,nan,nan,nan,nan,nan,nan,0.0,0.0,0.0,0.0,0.0,0.0,nan,nan,nan,1,0,0,0
5727755547,5727755542,-0.17830303,0.080138244,0.13737282,0.010542265,0.04103632,0.06057024,0.9972643,nan,nan,nan,nan,nan,nan,0.0,0.0,0.0,0.0,0.0,0.0,nan,nan,nan,1,0,0,0
5727761454,5727761448,-0.17901446,0.08057841,0.13498017,0.014438016,0.045087606,0.06408268,0.9968209,nan,nan,nan,nan,nan,nan,0.0,0.0,0.0,0.0,0.0,0.0,nan,nan,nan,1,0,0,0
5727770765,5727770760,-0.17934921,0.08017273,0.12918393,0.014330708,0.0448976,0.06260073,0.9969253,nan,nan,nan,nan,nan,nan,0.0,0.0,0.0,0.0,0.0,0.0,nan,nan,nan,1,0,0,0
5727778300,5727778295,-0.17938842,0.079238996,0.119894385,0.0071722646,0.0399723,0.059171595,0.99742144,nan,nan,nan,nan,nan,nan,0.0,0.0,0.0,0.0,0.0,0.0,nan,nan,nan,1,0,0,0
5727787291,5727787286,-0.17822042,0.07796289,0.10652569,0.0021411232,0.041144297,0.053871796,0.99769753,nan,nan,nan,nan,nan,nan,0.0,0.0,0.0,0.0,0.0,0.0,nan,nan,nan,1,0,0,0
5727795289,5727795283,-0.17673282,0.07634559,0.090298645,0.0033543038,-0.037391648,-0.04366853,-0.9983405,nan,nan,nan,nan,nan,nan,0.0,0.0,0.0,0.0,0.0,0.0,nan,nan,nan,1,0,0,0
5727803635,5727803630,-0.17469469,0.074409075,0.07072224,0.005781921,-0.042260285,-0.03660755,-0.99841905,nan,nan,nan,nan,nan,nan,0.0,0.0,0.0,0.0,0.0,0.0,nan,nan,nan,1,0,0,0
5727812291,5727812285,-0.17229235,0.0719679,0.047181886,0.007914025,-0.038173087,-0.024415396,-0.99894154,nan,nan,nan,nan,nan,nan,0.0,0.0,0.0,0.0,0.0,0.0,nan,nan,nan,1,0,0,0
5727821390,5727821384,-0.16985522,0.069717556,0.021344595,0.008439866,-0.038466256,-0.011288781,-0.99916047,nan,nan,nan,nan,nan,nan,0.0,0.0,0.0,0.0,0.0,0.0,nan,nan,nan,1,0,0,0
5727829296,5727829291,-0.16742203,0.06677574,-0.0076628802,0.005234372,-0.03658267,0.00095872866,-0.99931645,nan,nan,nan,nan,nan,nan,0.0,0.0,0.0,0.0,0.0,0.0,nan,nan,nan,1,0,0,0
5727836510,5727836505,-0.16535228,0.064068645,-0.03845429,0.00069663476,0.03839804,-0.015348392,0.9991444,nan,nan,nan,nan,nan,nan,0.0,0.0,0.0,0.0,0.0,0.0,nan,nan,nan,1,0,0,0
5727846414,5727846409,-0.16377503,0.061482877,-0.071483955,0.0066090445,0.045650437,-0.029584667,0.9984974,nan,nan,nan,nan,nan,nan,0.0,0.0,0.0,0.0,0.0,0.0,nan,nan,nan,1,0,0,0
5727853298,5727853292,-0.16289887,0.061039146,-0.10559455,0.011336372,0.052042965,-0.042749483,0.99766505,nan,nan,nan,nan,nan,nan,0.0,0.0,0.0,0.0,0.0,0.0,nan,nan,nan,1,0,0,0
5727862332,5727862326,-0.16218387,0.061165035,-0.14119807,0.009925284,0.049258996,-0.05634169,0.99714625,nan,nan,nan,nan,nan,nan,0.0,0.0,0.0,0.0,0.0,0.0,nan,nan,nan,1,0,0,0
5727870091,5727870086,-0.16196483,0.061517157,-0.17747767,0.005372126,0.051993046,-0.063049994,0.9966407,nan,nan,nan,nan,nan,nan,0.0,0.0,0.0,0.0,0.0,0.0,nan,nan,nan,1,0,0,0
5727879409,5727879403,-0.16179356,0.06190568,-0.21418144,-0.0012343962,-0.053679906,0.059147034,-0.99680424,nan,nan,nan,nan,nan,nan,0.0,0.0,0.0,0.0,0.0,0.0,nan,nan,nan,1,0,0,0
5727887294,5727887289,-0.1613855,0.06263369,-0.25054872,0.0066407085,-0.05436965,0.054583218,-0.9970058,nan,nan,nan,nan,nan,nan,0.0,0.0,0.0,0.0,0.0,0.0,nan,nan,nan,1,0,0,0
5727895292,5727895287,-0.16075535,0.06282437,-0.28583336,0.011523869,-0.053492516,0.051493693,-0.9971731,nan,nan,nan,nan,nan,nan,0.0,0.0,0.0,0.0,0.0,0.0,nan,nan,nan,1,0,0,0
5727902833,5727902827,-0.1597939,0.062689014,-0.3184945,0.014234379,-0.05728133,0.054857638,-0.9967481,nan,nan,nan,nan,nan,nan,0.0,0.0,0.0,0.0,0.0,0.0,nan,nan,nan,1,0,0,0
5727911349,5727911344,-0.15847367,0.06370594,-0.3480366,0.01994961,-0.064867534,0.07239114,-0.99506474,nan,nan,nan,nan,nan,nan,0.0,0.0,0.0,0.0,0.0,0.0,nan,nan,nan,1,0,0,0
5727920297,5727920290,-0.15736087,0.062768854,-0.3755042,0.016999982,-0.06763751,0.077139996,-0.99457806,nan,nan,nan,nan,nan,nan,0.0,0.0,0.0,0.0,0.0,0.0,nan,nan,nan,1,0,0,0
5727929339,5727929334,-0.15661962,0.0626419,-0.39970723,0.02082319,-0.07025152,0.08631615,-0.9935697,nan,nan,nan,nan,nan,nan,0.0,0.0,0.0,0.0,0.0,0.0,nan,nan,nan,1,0,0,0
5727937831,5727937648,-0.15684082,0.06303592,-0.42042166,0.018895995,-0.07318245,0.088701874,-0.9931864,nan,nan,nan,nan,nan,nan,0.0,0.0,0.0,0.0,0.0,0.0,nan,nan,nan,1,0,0,0
5727946291,5727946286,-0.15755764,0.06336075,-0.43816224,0.014076964,-0.07578881,0.08711495,-0.9932113,nan,nan,nan,nan,nan,nan,0.0,0.0,0.0,0.0,0.0,0.0,nan,nan,nan,1,0,0,0
5727956298,5727956292,-0.15937981,0.06192908,-0.4511732,0.0069102757,-0.060565706,0.07878537,-0.9950261,nan,nan,nan,nan,nan,nan,0.0,0.0,0.0,0.0,0.0,0.0,nan,nan,nan,1,0,0,0
5727962479,5727962474,-0.16143242,0.061887864,-0.4603749,-0.0014671064,-0.0537714,0.06305092,-0.9965596,nan,nan,nan,nan,nan,nan,0.0,0.0,0.0,0.0,0.0,0.0,nan,nan,nan,1,0,0,0
5727969964,5727969959,-0.16374667,0.062329434,-0.46541426,0.013995875,0.05351971,-0.048090987,0.9973099,nan,nan,nan,nan,nan,nan,0.0,0.0,0.0,0.0,0.0,0.0,nan,nan,nan,1,0,0,0
5727978301,5727978293,-0.16556509,0.06578501,-0.46506912,0.022151344,0.07752892,-0.046442803,0.99566144,nan,nan,nan,nan,nan,nan,0.0,0.0,0.0,0.0,0.0,0.0,nan,nan,nan,1,0,0,0
5727987546,5727987541,-0.1683845,0.06307398,-0.45995966,0.027001236,0.055738557,-0.044772644,0.9970755,nan,nan,nan,nan,nan,nan,0.0,0.0,0.0,0.0,0.0,0.0,nan,nan,nan,1,0,0,0
5727996341,5727996336,-0.17132294,0.06262116,-0.44946304,0.018488936,0.055880684,-0.052265026,0.99689716,nan,nan,nan,nan,nan,nan,0.0,0.0,0.0,0.0,0.0,0.0,nan,nan,nan,1,0,0,0
5728003406,5728003400,-0.1742639,0.061818853,-0.4345632,0.00021273858,-0.049643043,0.067228384,-0.9965018,nan,nan,nan,nan,nan,nan,0.0,0.0,0.0,0.0,0.0,0.0,nan,nan,nan,1,0,0,0
5728012463,5728012458,-0.17679396,0.06471646,-0.41470706,0.021046609,-0.07216114,0.09381209,-0.99274826,nan,nan,nan,nan,nan,nan,0.0,0.0,0.0,0.0,0.0,0.0,nan,nan,nan,1,0,0,0
5728020292,5728020286,-0.17856844,0.061587658,-0.39187384,0.045981076,-0.05209018,0.11567752,-0.9908537,nan,nan,nan,nan,nan,nan,0.0,0.0,0.0,0.0,0.0,0.0,nan,nan,nan,1,0,0,0
5728029294,5728029288,-0.17843165,0.06424882,-0.366638,0.068049446,-0.06521596,0.14151376,-0.985439,nan,nan,nan,nan,nan,nan,0.0,0.0,0.0,0.0,0.0,0.0,nan,nan,nan,1,0,0,0
5728036319,5728036313,-0.17835745,0.06358196,-0.33935097,0.082302086,-0.06474272,0.1377453,-0.98491675,nan,nan,nan,nan,nan,nan,0.0,0.0,0.0,0.0,0.0,0.0,nan,nan,nan,1,0,0,0
5728045299,5728045294,-0.17788368,0.06256275,-0.31169146,0.08400858,-0.055395197,0.13324344,-0.9859615,nan,nan,nan,nan,nan,nan,0.0,0.0,0.0,0.0,0.0,0.0,nan,nan,nan,1,0,0,0
5728053320,5728053315,-0.17527945,0.06229977,-0.28373203,0.06927394,-0.062462714,0.1159134,-0.9888698,nan,nan,nan,nan,nan,nan,0.0,0.0,0.0,0.0,0.0,0.0,nan,nan,nan,1,0,0,0
5728062394,5728062388,-0.17126092,0.062113263,-0.25448754,0.04735983,-0.06496393,0.10151864,-0.9915799,nan,nan,nan,nan,nan,nan,0.0,0.0,0.0,0.0,0.0,0.0,nan,nan,nan,1,0,0,0
5728071189,5728071183,-0.16668545,0.062481735,-0.2232312,0.026389496,-0.065695606,0.07644967,-0.9945568,nan,nan,nan,nan,nan,nan,0.0,0.0,0.0,0.0,0.0,0.0,nan,nan,nan,1,0,0,0
5728080291,5728080286,-0.16250251,0.06366578,-0.19180685,0.006011954,-0.06582674,0.08348202,-0.9943146,nan,nan,nan,nan,nan,nan,0.0,0.0,0.0,0.0,0.0,0.0,nan,nan,nan,1,0,0,0
5728087334,5728087328,-0.15989175,0.06362788,-0.15808749,0.012085121,0.06465709,-0.076423,0.9949035,nan,nan,nan,nan,nan,nan,0.0,0.0,0.0,0.0,0.0,0.0,nan,nan,nan,1,0,0,0
5728096293,5728096287,-0.15870772,0.06308029,-0.12347944,0.016884401,0.060009785,-0.066027366,0.9958685,nan,nan,nan,nan,nan,nan,0.0,0.0,0.0,0.0,0.0,0.0,nan,nan,nan,1,0,0,0
5728102643,5728102638,-0.15883607,0.06276022,-0.089208536,0.01865147,0.057678077,-0.05231286,0.99678916,nan,nan,nan,nan,nan,nan,0.0,0.0,0.0,0.0,0.0,0.0,nan,nan,nan,1,0,0,0
5728112344,5728112338,-0.1606445,0.06294004,-0.055617906,0.015885985,0.056332663,-0.039596986,0.99750006,nan,nan,nan,nan,nan,nan,0.0,0.0,0.0,0.0,0.0,0.0,nan,nan,nan,1,0,0,0
5728120289,5728120283,-0.16381308,0.06362405,-0.022238363,0.008755846,0.05405627,-0.0312955,0.9980089,nan,nan,nan,nan,nan,nan,0.0,0.0,0.0,0.0,0.0,0.0,nan,nan,nan,1,0,0,0
5728129291,5728129286,-0.16741784,0.06355252,0.010249974,0.0030400604,0.044752575,-0.020245593,0.99878836,nan,nan,nan,nan,nan,nan,0.0,0.0,0.0,0.0,0.0,0.0,nan,nan,nan,1,0,0,0
5728136123,5728136118,-0.17125846,0.06501969,0.040533945,0.005625668,-0.04474751,0.015683796,-0.99885935,nan,nan,nan,nan,nan,nan,0.0,0.0,0.0,0.0,0.0,0.0,nan,nan,nan,1,0,0,0
5728146300,5728146295,-0.1760141,0.06599714,0.06819219,0.015343089,-0.041373055,0.005555777,-0.9990105,nan,nan,nan,nan,nan,nan,0.0,0.0,0.0,0.0,0.0,0.0,nan,nan,nan,1,0,0,0
5728154753,5728154746,-0.18069743,0.06776612,0.09236167,0.021860974,-0.03628315,-0.0019967512,-0.99910045,nan,nan,nan,nan,nan,nan,0.0,0.0,0.0,0.0,0.0,0.0,nan,nan,nan,1,0,0,0
5728162324,5728162318,-0.18492804,0.06949381,0.11137008,0.024417331,-0.02999293,-0.009472491,-0.9992069,nan,nan,nan,nan,nan,nan,0.0,0.0,0.0,0.0,0.0,0.0,nan,nan,nan,1,0,0,0
5728170959,5728170953,-0.18895647,0.07175017,0.124989904,0.023328679,-0.031251583,-0.022993963,-0.9989747,nan,nan,nan,nan,nan,nan,0.0,0.0,0.0,0.0,0.0,0.0,nan,nan,nan,1,0,0,0
5728178942,5728178937,-0.19227639,0.07404078,0.13202138,0.015241915,-0.0335704,-0.029317223,-0.99889,nan,nan,nan,nan,nan,nan,0.0,0.0,0.0,0.0,0.0,0.0,nan,nan,nan,1,0,0,0
5728187294,5728187289,-0.19478583,0.07546153,0.13385949,0.010107683,-0.03987067,-0.044853088,-0.9981465,nan,nan,nan,nan,nan,nan,0.0,0.0,0.0,0.0,0.0,0.0,nan,nan,nan,1,0,0,0
5728195306,5728195301,-0.19627833,0.07651948,0.13040785,0.0037932638,-0.03733507,-0.04857198,-0.99811447,nan,nan,nan,nan,nan,nan,0.0,0.0,0.0,0.0,0.0,0.0,nan,nan,nan,1,0,0,0
5728204459,5728204453,-0.19645262,0.07783165,0.12475879,0.0037576621,-0.03933935,-0.057716314,-0.9975506,nan,nan,nan,nan,nan,nan,0.0,0.0,0.0,0.0,0.0,0.0,nan,nan,nan,1,0,0,0
5728212330,5728212325,-0.19375956,0.07866732,0.117820255,0.0113892015,-0.03547048,-0.059849273,-0.997512,nan,nan,nan,nan,nan,nan,0.0,0.0,0.0,0.0,0.0,0.0,nan,nan,nan,1,0,0,0
5728221296,5728221289,-0.19049446,0.07805475,0.105540246,0.017184202,-0.026247757,-0.050890893,-0.9982113,nan,nan,nan,nan,nan,nan,0.0,0.0,0.0,0.0,0.0,0.0,nan,nan,nan,1,0,0,0
5728228853,5728228848,-0.18556455,0.077299275,0.08988806,0.016206406,-0.033072464,-0.048476912,-0.9981451,nan,nan,nan,nan,nan,nan,0.0,0.0,0.0,0.0,0.0,0.0,nan,nan,nan,1,0,0,0
5728237958,5728237953,-0.18085912,0.07661,0.07152209,0.02410619,-0.034666374,-0.044600658,-0.99811214,nan,nan,nan,nan,nan,nan,0.0,0.0,0.0,0.0,0.0,0.0,nan,nan,nan,1,0,0,0
5728245301,5728245296,-0.17555833,0.073988885,0.04749323,0.012238363,-0.038295086,-0.03860885,-0.99844533,nan,nan,nan,nan,nan,nan,0.0,0.0,0.0,0.0,0.0,0.0,nan,nan,nan,1,0,0,0
5728254416,5728254411,-0.16976093,0.07198415,0.020924434,0.0067166,-0.039581683,-0.02424481,-0.9988996,nan,nan,nan,nan,nan,nan,0.0,0.0,0.0,0.0,0.0,0.0,nan,nan,nan,1,0,0,0
5728262405,5728262399,-0.1653583,0.06951372,-0.009008424,0.0018529458,-0.03442955,-0.00699249,-0.99938095,nan,nan,nan,nan,nan,nan,0.0,0.0,0.0,0.0,0.0,0.0,nan,nan,nan,1,0,0,0
5728270173,5728270168,-0.16136496,0.06681386,-0.040535245,0.01292565,0.053960532,-0.004220178,0.9984505,nan,nan,nan,nan,nan,nan,0.0,0.0,0.0,0.0,0.0,0.0,nan,nan,nan,1,0,0,0
5728279413,5728279408,-0.15816979,0.06473255,-0.075007126,0.015332075,0.060767,-0.016730856,0.99789387,nan,nan,nan,nan,nan,nan,0.0,0.0,0.0,0.0,0.0,0.0,nan,nan,nan,1,0,0,0
5728287296,5728287290,-0.15664734,0.063560665,-0.110598855,0.014224591,0.06724753,-0.028111158,0.99723876,nan,nan,nan,nan,nan,nan,0.0,0.0,0.0,0.0,0.0,0.0,nan,nan,nan,1,0,0,0
5728298718,5728298712,-0.15690488,0.062444195,-0.14805387,0.008911418,0.06320539,-0.035599288,0.99732554,nan,nan,nan,nan,nan,nan,0.0,0.0,0.0,0.0,0.0,0.0,nan,nan,nan,1,0,0,0
5728310117,5728310111,-0.15802874,0.061753243,-0.18570817,0.003590017,0.05761703,-0.040006157,0.99753034,nan,nan,nan,nan,nan,nan,0.0,0.0,0.0,0.0,0.0,0.0,nan,nan,nan,1,0,0,0
5728332990,5728332984,-0.15895055,0.062382072,-0.22264765,0.0038429198,-0.05830828,0.043337375,-0.9973501,nan,nan,nan,nan,nan,nan,0.0,0.0,0.0,0.0,0.0,0.0,nan,nan,nan,1,0,0,0
5728335314,5728335309,-0.16019668,0.064047225,-0.2954209,0.01468715,-0.062219992,0.056649145,-0.9963453,nan,nan,nan,nan,nan,nan,0.0,0.0,0.0,0.0,0.0,0.0,nan,nan,nan,1,0,0,0
5728338582,5728338577,-0.16111472,0.06413699,-0.32973948,0.017469792,-0.06005446,0.062249932,-0.99609905,nan,nan,nan,nan,nan,nan,0.0,0.0,0.0,0.0,0.0,0.0,nan,nan,nan,1,0,0,0
5728345740,5728345735,-0.16149302,0.063632846,-0.36189923,0.017444178,-0.063789755,0.0636915,-0.9957761,nan,nan,nan,nan,nan,nan,0.0,0.0,0.0,0.0,0.0,0.0,nan,nan,nan,1,0,0,0
5728354791,5728354786,-0.16109483,0.06448986,-0.39192346,0.0159167,-0.07195567,0.060530473,-0.99544215,nan,nan,nan,nan,nan,nan,0.0,0.0,0.0,0.0,0.0,0.0,nan,nan,nan,1,0,0,0
5728362296,5728362290,-0.1609087,0.06400753,-0.41977984,0.00453742,-0.069147214,0.068498716,-0.99524164,nan,nan,nan,nan,nan,nan,0.0,0.0,0.0,0.0,0.0,0.0,nan,nan,nan,1,0,0,0
5728370294,5728370289,-0.16047196,0.06469272,-0.4440497,0.0049118325,0.07078557,-0.06390239,0.9954305,nan,nan,nan,nan,nan,nan,0.0,0.0,0.0,0.0,0.0,0.0,nan,nan,nan,1,0,0,0
5728379163,5728379157,-0.16009073,0.06488337,-0.46434543,0.01803132,0.0751265,-0.056992274,0.99538076,nan,nan,nan,nan,nan,nan,0.0,0.0,0.0,0.0,0.0,0.0,nan,nan,nan,1,0,0,0
5728387298,5728387292,-0.16051735,0.06519041,-0.48051748,0.032809287,0.07720252,-0.047994435,0.99531895,nan,nan,nan,nan,nan,nan,0.0,0.0,0.0,0.0,0.0,0.0,nan,nan,nan,1,0,0,0
5728396297,5728396291,-0.16188699,0.06570364,-0.49163097,0.046581235,0.07739488,-0.038965896,0.99514914,nan,nan,nan,nan,nan,nan,0.0,0.0,0.0,0.0,0.0,0.0,nan,nan,nan,1,0,0,0
5728404707,5728404701,-0.16415957,0.06616395,-0.49809682,0.062239397,0.08636679,-0.04062632,0.99348706,nan,nan,nan,nan,nan,nan,0.0,0.0,0.0,0.0,0.0,0.0,nan,nan,nan,1,0,0,0
5728412174,5728412169,-0.1660944,0.06839173,-0.50030744,0.06851556,0.09764731,-0.036003795,0.99220675,nan,nan,nan,nan,nan,nan,0.0,0.0,0.0,0.0,0.0,0.0,nan,nan,nan,1,0,0,0
5728420360,5728420355,-0.1686202,0.070893385,-0.49818268,0.06905188,0.10859144,-0.03401994,0.99110156,nan,nan,nan,nan,nan,nan,0.0,0.0,0.0,0.0,0.0,0.0,nan,nan,nan,1,0,0,0
5728429435,5728429430,-0.17223214,0.0719538,-0.49092123,0.062884144,0.12669782,-0.033470955,0.98938006,nan,nan,nan,nan,nan,nan,0.0,0.0,0.0,0.0,0.0,0.0,nan,nan,nan,1,0,0,0
5728437313,5728437308,-0.17692503,0.07191398,-0.47894526,0.044558622,0.12409928,-0.035353985,0.9906382,nan,nan,nan,nan,nan,nan,0.0,0.0,0.0,0.0,0.0,0.0,nan,nan,nan,1,0,0,0
5728445771,5728445766,-0.18222752,0.0685613,-0.46161538,0.014757657,0.10560106,-0.03989571,0.9934983,nan,nan,nan,nan,nan,nan,0.0,0.0,0.0,0.0,0.0,0.0,nan,nan,nan,1,0,0,0
5728454887,5728454882,-0.18748248,0.06525878,-0.44095126,0.021800252,-0.07572343,0.047197346,-0.9957726,nan,nan,nan,nan,nan,nan,0.0,0.0,0.0,0.0,0.0,0.0,nan,nan,nan,1,0,0,0
5728462296,5728462291,-0.19213796,0.061773904,-0.41640168,0.05143864,-0.04204237,0.068458326,-0.9954395,nan,nan,nan,nan,nan,nan,0.0,0.0,0.0,0.0,0.0,0.0,nan,nan,nan,1,0,0,0
5728470306,5728470301,-0.19141278,0.06380711,-0.3884819,0.06847328,-0.047827665,0.12040584,-0.989205,nan,nan,nan,nan,nan,nan,0.0,0.0,0.0,0.0,0.0,0.0,nan,nan,nan,1,0,0,0
5728481634,5728481628,-0.19000478,0.06403311,-0.3554044,0.08556388,-0.060068674,0.15915279,-0.9817031,nan,nan,nan,nan,nan,nan,0.0,0.0,0.0,0.0,0.0,0.0,nan,nan,nan,1,0,0,0
5728486330,5728486325,-0.18726401,0.06269878,-0.32420897,0.07895806,-0.063261636,0.1610877,-0.98174053,nan,nan,nan,nan,nan,nan,0.0,0.0,0.0,0.0,0.0,0.0,nan,nan,nan,1,0,0,0
5728495295,5728495289,-0.1831442,0.061811004,-0.29215628,0.060812946,-0.07177812,0.16717839,-0.9814281,nan,nan,nan,nan,nan,nan,0.0,0.0,0.0,0.0,0.0,0.0,nan,nan,nan,1,0,0,0
5728504456,5728504451,-0.1793531,0.061812356,-0.2589823,0.039792288,-0.070128396,0.15681803,-0.98433065,nan,nan,nan,nan,nan,nan,0.0,0.0,0.0,0.0,0.0,0.0,nan,nan,nan,1,0,0,0
5728512146,5728512019,-0.17431748,0.06235515,-0.22657856,0.016715802,-0.06294075,0.13748817,-0.98836035,nan,nan,nan,nan,nan,nan,0.0,0.0,0.0,0.0,0.0,0.0,nan,nan,nan,1,0,0,0
5728520326,5728520320,-0.17101583,0.061999854,-0.1911539,-0.0020933673,-0.057414047,0.11550394,-0.99164414,nan,nan,nan,nan,nan,nan,0.0,0.0,0.0,0.0,0.0,0.0,nan,nan,nan,1,0,0,0
5728529296,5728529290,-0.16920425,0.061751846,-0.1546338,0.012664041,0.05034321,-0.092739746,0.99433625,nan,nan,nan,nan,nan,nan,0.0,0.0,0.0,0.0,0.0,0.0,nan,nan,nan,1,0,0,0
5728537295,5728537290,-0.16855039,0.06179109,-0.117008224,0.018426323,0.050020568,-0.07724005,0.99558645,nan,nan,nan,nan,nan,nan,0.0,0.0,0.0,0.0,0.0,0.0,nan,nan,nan,1,0,0,0
5728544718,5728544712,-0.16888689,0.060964167,-0.079334855,0.019868637,0.04466235,-0.063655384,0.996774,nan,nan,nan,nan,nan,nan,0.0,0.0,0.0,0.0,0.0,0.0,nan,nan,nan,1,0,0,0
5728555488,5728555482,-0.1704888,0.06133044,-0.04201705,0.020137023,0.044372838,-0.053494453,0.9973785,nan,nan,nan,nan,nan,nan,0.0,0.0,0.0,0.0,0.0,0.0,nan,nan,nan,1,0,0,0
5728562295,5728562289,-0.17326167,0.060924165,-0.0056587574,0.015698718,0.03996446,-0.040926214,0.99823916,nan,nan,nan,nan,nan,nan,0.0,0.0,0.0,0.0,0.0,0.0,nan,nan,nan,1,0,0,0
5728571297,5728571291,-0.17592193,0.061632443,0.026996965,0.01950735,0.038234603,-0.031303033,0.99858785,nan,nan,nan,nan,nan,nan,0.0,0.0,0.0,0.0,0.0,0.0,nan,nan,nan,1,0,0,0
5728578285,5728578279,-0.17889106,0.06309507,0.05738271,0.01911696,0.036976486,-0.022787275,0.99887335,nan,nan,nan,nan,nan,nan,0.0,0.0,0.0,0.0,0.0,0.0,nan,nan,nan,1,0,0,0
5728587344,5728587337,-0.18215804,0.06504711,0.08292898,0.017948562,0.032364182,-0.0133088045,0.99922633,nan,nan,nan,nan,nan,nan,0.0,0.0,0.0,0.0,0.0,0.0,nan,nan,nan,1,0,0,0
5728595477,5728595471,-0.1852404,0.06798375,0.101993605,0.016872587,0.030738737,0.00093925226,0.9993846,nan,nan,nan,nan,nan,nan,0.0,0.0,0.0,0.0,0.0,0.0,nan,nan,nan,1,0,0,0
5728604719,5728604714,-0.18836614,0.07132229,0.11449653,0.013666526,0.024475522,0.018652836,0.999433,nan,nan,nan,nan,nan,nan,0.0,0.0,0.0,0.0,0.0,0.0,nan,nan,nan,1,0,0,0
5728611110,5728611104,-0.19081303,0.07453269,0.12033663,0.0124678435,0.025930466,0.037766952,0.9988723,nan,nan,nan,nan,nan,nan,0.0,0.0,0.0,0.0,0.0,0.0,nan,nan,nan,1,0,0,0
5728621331,5728621295,-0.19148335,0.07783085,0.11934062,0.014864154,0.032776505,0.053793255,0.9979033,nan,nan,nan,nan,nan,nan,0.0,0.0,0.0,0.0,0.0,0.0,nan,nan,nan,1,0,0,0
5728629293,5728629288,-0.19096175,0.0806684,0.112746514,0.017485574,0.034923606,0.06522685,0.9971059,nan,nan,nan,nan,nan,nan,0.0,0.0,0.0,0.0,0.0,0.0,nan,nan,nan,1,0,0,0
5728636316,5728636310,-0.18973188,0.08258966,0.100657046,0.021911379,0.035408024,0.070661634,0.9966309,nan,nan,nan,nan,nan,nan,0.0,0.0,0.0,0.0,0.0,0.0,nan,nan,nan,1,0,0,0
5728645388,5728645383,-0.18770278,0.08376638,0.08351047,0.024902256,0.038644027,0.07428574,0.9961767,nan,nan,nan,nan,nan,nan,0.0,0.0,0.0,0.0,0.0,0.0,nan,nan,nan,1,0,0,0
5728654478,5728654473,-0.18510938,0.08420691,0.062223323,0.025714228,0.04116396,0.071845494,0.9962341,nan,nan,nan,nan,nan,nan,0.0,0.0,0.0,0.0,0.0,0.0,nan,nan,nan,1,0,0,0
5728662289,5728662284,-0.18176648,0.0842486,0.037007358,0.029851267,0.044669297,0.0646308,0.9964619,nan,nan,nan,nan,nan,nan,0.0,0.0,0.0,0.0,0.0,0.0,nan,nan,nan,1,0,0,0
5728671304,5728671299,-0.17773224,0.08367262,0.008404949,0.03576768,0.04664787,0.055475943,0.9967281,nan,nan,nan,nan,nan,nan,0.0,0.0,0.0,0.0,0.0,0.0,nan,nan,nan,1,0,0,0
5728679382,5728679377,-0.17392826,0.082656756,-0.022557367,0.0390563,0.051513556,0.04337172,0.99696535,nan,nan,nan,nan,nan,nan,0.0,0.0,0.0,0.0,0.0,0.0,nan,nan,nan,1,0,0,0
5728687328,5728687322,-0.17031868,0.08079309,-0.054904304,0.0448915,0.06698424,0.031808753,0.99623597,nan,nan,nan,nan,nan,nan,0.0,0.0,0.0,0.0,0.0,0.0,nan,nan,nan,1,0,0,0
5728695319,5728695314,-0.16630389,0.077992655,-0.08960391,0.04736976,0.06640429,0.011557439,0.9966007,nan,nan,nan,nan,nan,nan,0.0,0.0,0.0,0.0,0.0,0.0,nan,nan,nan,1,0,0,0
5728704355,5728704350,-0.16291425,0.074316025,-0.1249501,0.044547234,0.06873375,-0.004405521,0.99663025,nan,nan,nan,nan,nan,nan,0.0,0.0,0.0,0.0,0.0,0.0,nan,nan,nan,1,0,0,0
5728713811,5728713804,-0.1604999,0.06966294,-0.16125907,0.040136173,0.06677617,-0.017559294,0.99680567,nan,nan,nan,nan,nan,nan,0.0,0.0,0.0,0.0,0.0,0.0,nan,nan,nan,1,0,0,0
5728721341,5728721336,-0.15829395,0.06448455,-0.19840051,0.03376607,0.06127368,-0.026626576,0.9971943,nan,nan,nan,nan,nan,nan,0.0,0.0,0.0,0.0,0.0,0.0,nan,nan,nan,1,0,0,0
5728728299,5728728294,-0.15694517,0.061746392,-0.23324154,0.024311198,0.052054666,-0.048100635,0.99718887,nan,nan,nan,nan,nan,nan,0.0,0.0,0.0,0.0,0.0,0.0,nan,nan,nan,1,0,0,0
5728738291,5728738286,-0.15368743,0.06282781,-0.26640522,-0.001246002,-0.06459682,0.0660843,-0.99572015,nan,nan,nan,nan,nan,nan,0.0,0.0,0.0,0.0,0.0,0.0,nan,nan,nan,1,0,0,0
5728744454,5728744449,-0.15076575,0.06281823,-0.2995207,0.0063757002,-0.053341806,0.09728118,-0.99380594,nan,nan,nan,nan,nan,nan,0.0,0.0,0.0,0.0,0.0,0.0,nan,nan,nan,1,0,0,0
5728754306,5728754300,-0.14835745,0.06188315,-0.33053675,0.02696819,-0.04763948,0.120246224,-0.9912335,nan,nan,nan,nan,nan,nan,0.0,0.0,0.0,0.0,0.0,0.0,nan,nan,nan,1,0,0,0
5728761510,5728761505,-0.14605168,0.06357369,-0.3592795,0.041609447,-0.06816404,0.12440086,-0.989013,nan,nan,nan,nan,nan,nan,0.0,0.0,0.0,0.0,0.0,0.0,nan,nan,nan,1,0,0,0
5728770289,5728770284,-0.14380774,0.06361065,-0.386772,0.043521706,-0.0779432,0.11562185,-0.9892736,nan,nan,nan,nan,nan,nan,0.0,0.0,0.0,0.0,0.0,0.0,nan,nan,nan,1,0,0,0
5728778632,5728778596,-0.14282513,0.0635359,-0.4114716,0.04070826,-0.07511751,0.11562156,-0.989612,nan,nan,nan,nan,nan,nan,0.0,0.0,0.0,0.0,0.0,0.0,nan,nan,nan,1,0,0,0
5728790294,5728790288,-0.14309102,0.064158835,-0.4326923,0.024466706,-0.07291269,0.10415898,-0.9915826,nan,nan,nan,nan,nan,nan,0.0,0.0,0.0,0.0,0.0,0.0,nan,nan,nan,1,0,0,0
5728794413,5728794408,-0.14382403,0.064752474,-0.45043188,-0.001750226,-0.07779176,0.08424141,-0.9934026,nan,nan,nan,nan,nan,nan,0.0,0.0,0.0,0.0,0.0,0.0,nan,nan,nan,1,0,0,0
5728804293,5728804287,-0.1454846,0.06580658,-0.46505454,0.028397696,0.07148234,-0.068790115,0.9946616,nan,nan,nan,nan,nan,nan,0.0,0.0,0.0,0.0,0.0,0.0,nan,nan,nan,1,0,0,0
5728811465,5728811460,-0.1479435,0.066178925,-0.47437724,0.057247307,0.06797168,-0.040762037,0.99520904,nan,nan,nan,nan,nan,nan,0.0,0.0,0.0,0.0,0.0,0.0,nan,nan,nan,1,0,0,0
5728820300,5728820293,-0.15117663,0.06849265,-0.47602138,0.08827546,0.08679929,-0.022977954,0.99204105,nan,nan,nan,nan,nan,nan,0.0,0.0,0.0,0.0,0.0,0.0,nan,nan,nan,1,0,0,0
5728828296,5728828291,-0.15488864,0.07072886,-0.47250727,0.09705911,0.1060618,-0.028297981,0.9892066,nan,nan,nan,nan,nan,nan,0.0,0.0,0.0,0.0,0.0,0.0,nan,nan,nan,1,0,0,0
5728837322,5728837317,-0.15969843,0.07158908,-0.4629359,0.08021308,0.108327545,-0.022239555,0.9906242,nan,nan,nan,nan,nan,nan,0.0,0.0,0.0,0.0,0.0,0.0,nan,nan,nan,1,0,0,0
5728845170,5728845164,-0.16619271,0.07007234,-0.44827735,0.050340388,0.08689759,-0.04110002,0.9940953,nan,nan,nan,nan,nan,nan,0.0,0.0,0.0,0.0,0.0,0.0,nan,nan,nan,1,0,0,0
5728854290,5728854284,-0.17278787,0.06554408,-0.42759153,0.015454508,0.07783205,-0.04581331,0.99579346,nan,nan,nan,nan,nan,nan,0.0,0.0,0.0,0.0,0.0,0.0,nan,nan,nan,1,0,0,0
5728861403,5728861397,-0.17750558,0.06435768,-0.4047928,0.017675372,-0.05694279,0.07894903,-0.99509406,nan,nan,nan,nan,nan,nan,0.0,0.0,0.0,0.0,0.0,0.0,nan,nan,nan,1,0,0,0
5728870292,5728870286,-0.17863993,0.062812254,-0.37510192,0.04419559,-0.057094138,0.13023485,-0.98885083,nan,nan,nan,nan,nan,nan,0.0,0.0,0.0,0.0,0.0,0.0,nan,nan,nan,1,0,0,0
5728877951,5728877946,-0.17827669,0.06222934,-0.3419007,0.07628935,-0.07078494,0.16823204,-0.9802384,nan,nan,nan,nan,nan,nan,0.0,0.0,0.0,0.0,0.0,0.0,nan,nan,nan,1,0,0,0
5728886331,5728886326,-0.17574024,0.06115741,-0.31088546,0.07717768,-0.081777535,0.18236694,-0.97677964,nan,nan,nan,nan,nan,nan,0.0,0.0,0.0,0.0,0.0,0.0,nan,nan,nan,1,0,0,0
5728898357,5728898351,-0.17324555,0.06077004,-0.2792259,0.073565625,-0.07287508,0.18490897,-0.977285,nan,nan,nan,nan,nan,nan,0.0,0.0,0.0,0.0,0.0,0.0,nan,nan,nan,1,0,0,0
5728903476,5728903440,-0.16930863,0.06218429,-0.24779241,0.056853876,-0.05577549,0.17056231,-0.98212284,nan,nan,nan,nan,nan,nan,0.0,0.0,0.0,0.0,0.0,0.0,nan,nan,nan,1,0,0,0
5728914247,5728914242,-0.16351937,0.061762083,-0.21602388,0.021118594,-0.059526578,0.14123276,-0.9879595,nan,nan,nan,nan,nan,nan,0.0,0.0,0.0,0.0,0.0,0.0,nan,nan,nan,1,0,0,0
5728920297,5728920291,-0.15886414,0.063148,-0.18239786,-0.0011381906,-0.061360326,0.12279527,-0.9905326,nan,nan,nan,nan,nan,nan,0.0,0.0,0.0,0.0,0.0,0.0,nan,nan,nan,1,0,0,0
5728929301,5728929295,-0.1566424,0.06205849,-0.14597392,0.021776421,0.051241826,-0.10345281,0.99307483,nan,nan,nan,nan,nan,nan,0.0,0.0,0.0,0.0,0.0,0.0,nan,nan,nan,1,0,0,0
5728937293,5728937287,-0.15447283,0.062626794,-0.1108355,0.03551003,0.067183144,-0.09099763,0.99294764,nan,nan,nan,nan,nan,nan,0.0,0.0,0.0,0.0,0.0,0.0,nan,nan,nan,1,0,0,0
5728945507,5728945501,-0.1567389,0.062489357,-0.0751877,0.048005253,0.05336714,-0.0794991,0.99424714,nan,nan,nan,nan,nan,nan,0.0,0.0,0.0,0.0,0.0,0.0,nan,nan,nan,1,0,0,0
5728955296,5728955290,-0.15986775,0.060892005,-0.040143505,0.05328265,0.043211997,-0.066299126,0.9954386,nan,nan,nan,nan,nan,nan,0.0,0.0,0.0,0.0,0.0,0.0,nan,nan,nan,1,0,0,0
5728964738,5728964733,-0.1633958,0.061832044,-0.0045667375,0.04600652,0.059049346,-0.0587908,0.9954598,nan,nan,nan,nan,nan,nan,0.0,0.0,0.0,0.0,0.0,0.0,nan,nan,nan,1,0,0,0
5728970289,5728970284,-0.16966216,0.061027426,0.028655563,0.036798447,0.050349146,-0.044263504,0.99707144,nan,nan,nan,nan,nan,nan,0.0,0.0,0.0,0.0,0.0,0.0,nan,nan,nan,1,0,0,0
5728978340,5728978334,-0.1755918,0.06212728,0.059680045,0.025258157,0.050800227,-0.038498323,0.99764687,nan,nan,nan,nan,nan,nan,0.0,0.0,0.0,0.0,0.0,0.0,nan,nan,nan,1,0,0,0
5728988290,5728988285,-0.18173179,0.063413784,0.08753805,0.004877345,0.046379287,-0.024211643,0.99861854,nan,nan,nan,nan,nan,nan,0.0,0.0,0.0,0.0,0.0,0.0,nan,nan,nan,1,0,0,0
5728995353,5728995348,-0.18718234,0.065618955,0.10994092,0.010527538,-0.03486931,0.013917117,-0.9992395,nan,nan,nan,nan,nan,nan,0.0,0.0,0.0,0.0,0.0,0.0,nan,nan,nan,1,0,0,0
5729004293,5729004288,-0.1926777,0.06878886,0.1262387,0.03193284,-0.034956504,-0.0021795589,-0.99887615,nan,nan,nan,nan,nan,nan,0.0,0.0,0.0,0.0,0.0,0.0,nan,nan,nan,1,0,0,0
5729014113,5729014107,-0.19783199,0.071965866,0.13584837,0.048958775,-0.033549633,-0.020391326,-0.99802893,nan,nan,nan,nan,nan,nan,0.0,0.0,0.0,0.0,0.0,0.0,nan,nan,nan,1,0,0,0
5729023623,5729023617,-0.20114912,0.07524297,0.13877104,0.06224947,-0.036270183,-0.035782583,-0.99675924,nan,nan,nan,nan,nan,nan,0.0,0.0,0.0,0.0,0.0,0.0,nan,nan,nan,1,0,0,0
5729028346,5729028341,-0.20297696,0.07748614,0.13529928,0.07219886,-0.03360922,-0.051015932,-0.99551755,nan,nan,nan,nan,nan,nan,0.0,0.0,0.0,0.0,0.0,0.0,nan,nan,nan,1,0,0,0
5729038324,5729038318,-0.20345029,0.07884225,0.12733264,0.07712048,-0.031694952,-0.05495424,-0.9950015,nan,nan,nan,nan,nan,nan,0.0,0.0,0.0,0.0,0.0,0.0,nan,nan,nan,1,0,0,0
5729045369,5729045363,-0.2025895,0.07908225,0.114139825,0.08503266,-0.031093773,-0.057959214,-0.9942048,nan,nan,nan,nan,nan,nan,0.0,0.0,0.0,0.0,0.0,0.0,nan,nan,nan,1,0,0,0
5729053629,5729053624,-0.20117562,0.078444175,0.097592466,0.0895638,-0.027846292,-0.05273063,-0.99419427,nan,nan,nan,nan,nan,nan,0.0,0.0,0.0,0.0,0.0,0.0,nan,nan,nan,1,0,0,0
5729063951,5729063946,-0.19811004,0.07690832,0.07630734,0.089903004,-0.029517679,-0.041161656,-0.99466175,nan,nan,nan,nan,nan,nan,0.0,0.0,0.0,0.0,0.0,0.0,nan,nan,nan,1,0,0,0
5729069288,5729069283,-0.19464505,0.07442592,0.051159397,0.09160168,-0.029258907,-0.031884275,-0.994855,nan,nan,nan,nan,nan,nan,0.0,0.0,0.0,0.0,0.0,0.0,nan,nan,nan,1,0,0,0
5729078885,5729078879,-0.19160311,0.071885034,0.023778081,0.09350115,-0.028793724,-0.017931331,-0.99504125,nan,nan,nan,nan,nan,nan,0.0,0.0,0.0,0.0,0.0,0.0,nan,nan,nan,1,0,0,0
5729087668,5729087662,-0.18769881,0.06867804,-0.0068858266,0.08596694,-0.029213078,-0.0015965231,-0.9958683,nan,nan,nan,nan,nan,nan,0.0,0.0,0.0,0.0,0.0,0.0,nan,nan,nan,1,0,0,0
5729095298,5729095292,-0.18385996,0.06584223,-0.03983335,0.08228623,-0.030153697,0.0118486555,-0.996082,nan,nan,nan,nan,nan,nan,0.0,0.0,0.0,0.0,0.0,0.0,nan,nan,nan,1,0,0,0
5729103997,5729103992,-0.18074325,0.063132435,-0.074298136,0.08039516,-0.031660024,0.02833057,-0.99585724,nan,nan,nan,nan,nan,nan,0.0,0.0,0.0,0.0,0.0,0.0,nan,nan,nan,1,0,0,0
5729111742,5729111737,-0.1776321,0.061390214,-0.10994852,0.077150196,-0.04215886,0.040609125,-0.9952997,nan,nan,nan,nan,nan,nan,0.0,0.0,0.0,0.0,0.0,0.0,nan,nan,nan,1,0,0,0
5729120302,5729120295,-0.17465642,0.062339496,-0.14627993,0.075896375,-0.056731354,0.047009293,-0.99439,nan,nan,nan,nan,nan,nan,0.0,0.0,0.0,0.0,0.0,0.0,nan,nan,nan,1,0,0,0
5729131298,5729131292,-0.17370059,0.06292306,-0.18226343,0.083770216,-0.058579877,0.062467713,-0.99279845,nan,nan,nan,nan,nan,nan,0.0,0.0,0.0,0.0,0.0,0.0,nan,nan,nan,1,0,0,0
5729137753,5729137748,-0.17344832,0.06262779,-0.2185254,0.09264056,-0.057894517,0.07586153,-0.99111605,nan,nan,nan,nan,nan,nan,0.0,0.0,0.0,0.0,0.0,0.0,nan,nan,nan,1,0,0,0
5729145350,5729145345,-0.17421317,0.062091913,-0.25471863,0.09216556,-0.03207692,0.08828494,-0.9913033,nan,nan,nan,nan,nan,nan,0.0,0.0,0.0,0.0,0.0,0.0,nan,nan,nan,1,0,0,0
5729154309,5729154303,-0.17372634,0.06339686,-0.28999692,0.10265898,-0.037585694,0.0917766,-0.9897603,nan,nan,nan,nan,nan,nan,0.0,0.0,0.0,0.0,0.0,0.0,nan,nan,nan,1,0,0,0
5729163554,5729163549,-0.17294738,0.06444703,-0.3249437,0.09868653,-0.049440257,0.091371655,-0.9896807,nan,nan,nan,nan,nan,nan,0.0,0.0,0.0,0.0,0.0,0.0,nan,nan,nan,1,0,0,0
5729171291,5729171286,-0.17138897,0.06296304,-0.35848403,0.097916335,-0.05131617,0.09839552,-0.988988,nan,nan,nan,nan,nan,nan,0.0,0.0,0.0,0.0,0.0,0.0,nan,nan,nan,1,0,0,0
5729178237,5729178232,-0.17028521,0.062242724,-0.38871527,0.09427549,-0.05732611,0.09268777,-0.989563,nan,nan,nan,nan,nan,nan,0.0,0.0,0.0,0.0,0.0,0.0,nan,nan,nan,1,0,0,0
5729187866,5729187860,-0.16918047,0.064973846,-0.4152767,0.08782325,-0.08147348,0.06982332,-0.9903403,nan,nan,nan,nan,nan,nan,0.0,0.0,0.0,0.0,0.0,0.0,nan,nan,nan,1,0,0,0
5729195296,5729195290,-0.16842814,0.06551824,-0.44028768,0.08057342,-0.07899799,0.05859185,-0.9918842,nan,nan,nan,nan,nan,nan,0.0,0.0,0.0,0.0,0.0,0.0,nan,nan,nan,1,0,0,0
5729204292,5729204287,-0.16888806,0.0641181,-0.46229208,0.059870645,-0.053595595,0.05687381,-0.9951424,nan,nan,nan,nan,nan,nan,0.0,0.0,0.0,0.0,0.0,0.0,nan,nan,nan,1,0,0,0
5729210967,5729210961,-0.16925351,0.06498006,-0.4794103,0.03623803,-0.051020455,0.04198347,-0.9971565,nan,nan,nan,nan,nan,nan,0.0,0.0,0.0,0.0,0.0,0.0,nan,nan,nan,1,0,0,0
5729221302,5729221295,-0.16999418,0.06619394,-0.4921644,0.0024818983,-0.06053028,0.025265863,-0.99784344,nan,nan,nan,nan,nan,nan,0.0,0.0,0.0,0.0,0.0,0.0,nan,nan,nan,1,0,0,0
5729229356,5729229350,-0.17192364,0.06850089,-0.49841934,0.02085978,0.068016894,-0.022436224,0.99721366,nan,nan,nan,nan,nan,nan,0.0,0.0,0.0,0.0,0.0,0.0,nan,nan,nan,1,0,0,0
5729237497,5729237492,-0.17475827,0.070270374,-0.49963486,0.043036547,0.0799531,-0.020431155,0.99565953,nan,nan,nan,nan,nan,nan,0.0,0.0,0.0,0.0,0.0,0.0,nan,nan,nan,1,0,0,0
5729245090,5729245085,-0.17843896,0.07124101,-0.49608847,0.055455256,0.08446223,-0.015625015,0.9947596,nan,nan,nan,nan,nan,nan,0.0,0.0,0.0,0.0,0.0,0.0,nan,nan,nan,1,0,0,0
5729254328,5729254323,-0.1832798,0.07089169,-0.48675102,0.05131915,0.07510387,-0.017077027,0.9957078,nan,nan,nan,nan,nan,nan,0.0,0.0,0.0,0.0,0.0,0.0,nan,nan,nan,1,0,0,0
5729264157,5729264152,-0.18879583,0.06846798,-0.47160682,0.040559474,0.06510615,-0.024487836,0.996753,nan,nan,nan,nan,nan,nan,0.0,0.0,0.0,0.0,0.0,0.0,nan,nan,nan,1,0,0,0
5729270293,5729270287,-0.19353929,0.06497085,-0.45173097,0.015936384,0.048528038,-0.027254416,0.9983227,nan,nan,nan,nan,nan,nan,0.0,0.0,0.0,0.0,0.0,0.0,nan,nan,nan,1,0,0,0
5729279223,5729279217,-0.19654334,0.062056717,-0.42797738,0.008260573,-0.043726847,0.05153592,-0.9976792,nan,nan,nan,nan,nan,nan,0.0,0.0,0.0,0.0,0.0,0.0,nan,nan,nan,1,0,0,0
5729287520,5729287489,-0.19658971,0.06263458,-0.40058872,0.028386533,-0.046932064,0.09314506,-0.9941406,nan,nan,nan,nan,nan,nan,0.0,0.0,0.0,0.0,0.0,0.0,nan,nan,nan,1,0,0,0
5729296292,5729296286,-0.1954898,0.06152657,-0.36780074,0.054045253,-0.035178393,0.14724806,-0.9869952,nan,nan,nan,nan,nan,nan,0.0,0.0,0.0,0.0,0.0,0.0,nan,nan,nan,1,0,0,0
5729304294,5729304289,-0.19169357,0.06364146,-0.3337843,0.066554055,-0.06323207,0.17747183,-0.97983474,nan,nan,nan,nan,nan,nan,0.0,0.0,0.0,0.0,0.0,0.0,nan,nan,nan,1,0,0,0
5729313615,5729313609,-0.18820952,0.061007567,-0.3003792,0.068599656,-0.05378797,0.18027872,-0.9797452,nan,nan,nan,nan,nan,nan,0.0,0.0,0.0,0.0,0.0,0.0,nan,nan,nan,1,0,0,0
5729321292,5729321287,-0.1843973,0.062006846,-0.26561126,0.06380141,-0.048754424,0.18283518,-0.97985905,nan,nan,nan,nan,nan,nan,0.0,0.0,0.0,0.0,0.0,0.0,nan,nan,nan,1,0,0,0
5729328294,5729328287,-0.17889413,0.06179363,-0.2312458,0.04050986,-0.049185846,0.15730774,-0.98549175,nan,nan,nan,nan,nan,nan,0.0,0.0,0.0,0.0,0.0,0.0,nan,nan,nan,1,0,0,0
5729337471,5729337466,-0.17287211,0.06132535,-0.19643292,0.00771075,-0.047853705,0.12851411,-0.99052244,nan,nan,nan,nan,nan,nan,0.0,0.0,0.0,0.0,0.0,0.0,nan,nan,nan,1,0,0,0
5729345544,5729345539,-0.16732903,0.061730433,-0.16010922,0.018552233,0.048684835,-0.101832986,0.9934362,nan,nan,nan,nan,nan,nan,0.0,0.0,0.0,0.0,0.0,0.0,nan,nan,nan,1,0,0,0
5729354224,5729354219,-0.16435353,0.061868973,-0.12205717,0.036745343,0.04760222,-0.07987003,0.9949897,nan,nan,nan,nan,nan,nan,0.0,0.0,0.0,0.0,0.0,0.0,nan,nan,nan,1,0,0,0
5729364437,5729364432,-0.16334048,0.06222766,-0.08427993,0.057968136,0.047933314,-0.061059855,0.9952958,nan,nan,nan,nan,nan,nan,0.0,0.0,0.0,0.0,0.0,0.0,nan,nan,nan,1,0,0,0
5729370297,5729370291,-0.16321318,0.06256505,-0.047315586,0.0689935,0.053432234,-0.036960702,0.99549925,nan,nan,nan,nan,nan,nan,0.0,0.0,0.0,0.0,0.0,0.0,nan,nan,nan,1,0,0,0
5729379046,5729379040,-0.16552283,0.06335449,-0.008289764,0.061548695,0.046122406,-0.027654193,0.9966543,nan,nan,nan,nan,nan,nan,0.0,0.0,0.0,0.0,0.0,0.0,nan,nan,nan,1,0,0,0
5729387458,5729387452,-0.1687584,0.064422034,0.029675316,0.05311763,0.03565446,-0.020170707,0.9977477,nan,nan,nan,nan,nan,nan,0.0,0.0,0.0,0.0,0.0,0.0,nan,nan,nan,1,0,0,0
5729396294,5729396288,-0.17312367,0.066695936,0.06458398,0.03571813,0.029761381,-0.015493416,0.9987985,nan,nan,nan,nan,nan,nan,0.0,0.0,0.0,0.0,0.0,0.0,nan,nan,nan,1,0,0,0
5729403683,5729403678,-0.17781143,0.06918254,0.09513193,0.018213892,0.028914006,0.0016775343,0.99941456,nan,nan,nan,nan,nan,nan,0.0,0.0,0.0,0.0,0.0,0.0,nan,nan,nan,1,0,0,0
5729411293,5729411288,-0.18098001,0.07266622,0.11954102,0.008938633,0.035727244,0.021930307,0.99908096,nan,nan,nan,nan,nan,nan,0.0,0.0,0.0,0.0,0.0,0.0,nan,nan,nan,1,0,0,0
5729420297,5729420291,-0.18456201,0.07624622,0.13756971,0.001889633,0.029576844,0.040256377,0.9987498,nan,nan,nan,nan,nan,nan,0.0,0.0,0.0,0.0,0.0,0.0,nan,nan,nan,1,0,0,0
5729429392,5729429387,-0.18804538,0.08023411,0.14917682,-0.0013345246,0.02936357,0.05817714,0.9978735,nan,nan,nan,nan,nan,nan,0.0,0.0,0.0,0.0,0.0,0.0,nan,nan,nan,1,0,0,0
5729439485,5729439480,-0.18963791,0.083488524,0.15324903,0.002252311,0.026954718,0.07425786,0.9968722,nan,nan,nan,nan,nan,nan,0.0,0.0,0.0,0.0,0.0,0.0,nan,nan,nan,1,0,0,0
5729445417,5729445412,-0.18989871,0.08802768,0.15142676,0.005581173,0.033524387,0.077734254,0.9963947,nan,nan,nan,nan,nan,nan,0.0,0.0,0.0,0.0,0.0,0.0,nan,nan,nan,1,0,0,0
5729453339,5729453334,-0.18864976,0.0907901,0.14277631,0.016653974,0.03847543,0.082723156,0.9956903,nan,nan,nan,nan,nan,nan,0.0,0.0,0.0,0.0,0.0,0.0,nan,nan,nan,1,0,0,0
5729463478,5729463473,-0.18599229,0.091114074,0.12811324,0.029521685,0.038054656,0.088357,0.9949238,nan,nan,nan,nan,nan,nan,0.0,0.0,0.0,0.0,0.0,0.0,nan,nan,nan,1,0,0,0
5729470404,5729470398,-0.18254213,0.09084107,0.10890474,0.03634449,0.038571514,0.09277374,0.9942758,nan,nan,nan,nan,nan,nan,0.0,0.0,0.0,0.0,0.0,0.0,nan,nan,nan,1,0,0,0
5729478306,5729478300,-0.1785516,0.09075269,0.086029954,0.044010244,0.04779147,0.08312522,0.9944191,nan,nan,nan,nan,nan,nan,0.0,0.0,0.0,0.0,0.0,0.0,nan,nan,nan,1,0,0,0
5729487296,5729487291,-0.17454311,0.08868266,0.05927464,0.051228028,0.043175243,0.073715515,0.9950264,nan,nan,nan,nan,nan,nan,0.0,0.0,0.0,0.0,0.0,0.0,nan,nan,nan,1,0,0,0
5729495294,5729495289,-0.16960613,0.08588209,0.02887538,0.059584584,0.03803198,0.06462166,0.9954031,nan,nan,nan,nan,nan,nan,0.0,0.0,0.0,0.0,0.0,0.0,nan,nan,nan,1,0,0,0
5729504295,5729504289,-0.1651483,0.08323046,-0.0035914618,0.060668238,0.03645886,0.04999039,0.99623847,nan,nan,nan,nan,nan,nan,0.0,0.0,0.0,0.0,0.0,0.0,nan,nan,nan,1,0,0,0
5729513609,5729513604,-0.16079153,0.07982663,-0.038585953,0.06428889,0.03612455,0.03094427,0.9967971,nan,nan,nan,nan,nan,nan,0.0,0.0,0.0,0.0,0.0,0.0,nan,nan,nan,1,0,0,0
5729520294,5729520288,-0.15643358,0.076260924,-0.07514377,0.065539144,0.040215183,0.013574369,0.9969469,nan,nan,nan,nan,nan,nan,0.0,0.0,0.0,0.0,0.0,0.0,nan,nan,nan,1,0,0,0
5729529295,5729529288,-0.15294352,0.07203098,-0.1129213,0.059817374,0.04223072,-0.0030099624,0.9973111,nan,nan,nan,nan,nan,nan,0.0,0.0,0.0,0.0,0.0,0.0,nan,nan,nan,1,0,0,0
5729538293,5729538288,-0.15107872,0.06669379,-0.15103108,0.05690649,0.058496814,-0.0220517,0.9964203,nan,nan,nan,nan,nan,nan,0.0,0.0,0.0,0.0,0.0,0.0,nan,nan,nan,1,0,0,0
5729544624,5729544619,-0.14964119,0.06197456,-0.19032152,0.044353556,0.058287162,-0.032746717,0.99677634,nan,nan,nan,nan,nan,nan,0.0,0.0,0.0,0.0,0.0,0.0,nan,nan,nan,1,0,0,0
5729554338,5729554332,-0.14756417,0.061466746,-0.22756058,0.018233515,0.04988297,-0.049138263,0.9973789,nan,nan,nan,nan,nan,nan,0.0,0.0,0.0,0.0,0.0,0.0,nan,nan,nan,1,0,0,0
5729565535,5729565529,-0.14500563,0.06117681,-0.26373848,0.0038535167,-0.051913455,0.07496031,-0.99582684,nan,nan,nan,nan,nan,nan,0.0,0.0,0.0,0.0,0.0,0.0,nan,nan,nan,1,0,0,0
5729570433,5729570428,-0.14218469,0.061717853,-0.29885647,0.021713058,-0.054317486,0.099914886,-0.993275,nan,nan,nan,nan,nan,nan,0.0,0.0,0.0,0.0,0.0,0.0,nan,nan,nan,1,0,0,0
5729578791,5729578785,-0.13950816,0.06237763,-0.3313915,0.04761434,-0.06459664,0.11504776,-0.9901132,nan,nan,nan,nan,nan,nan,0.0,0.0,0.0,0.0,0.0,0.0,nan,nan,nan,1,0,0,0
5729586300,5729586294,-0.1370732,0.063000515,-0.36202216,0.063705035,-0.07182471,0.13081528,-0.98674726,nan,nan,nan,nan,nan,nan,0.0,0.0,0.0,0.0,0.0,0.0,nan,nan,nan,1,0,0,0
5729596294,5729596288,-0.13518418,0.063361555,-0.39187416,0.06934485,-0.0780964,0.13764514,-0.98495996,nan,nan,nan,nan,nan,nan,0.0,0.0,0.0,0.0,0.0,0.0,nan,nan,nan,1,0,0,0
5729604289,5729604284,-0.13491288,0.063653275,-0.41965556,0.061656274,-0.080137864,0.13248537,-0.9860142,nan,nan,nan,nan,nan,nan,0.0,0.0,0.0,0.0,0.0,0.0,nan,nan,nan,1,0,0,0
5729613066,5729613059,-0.13645001,0.064573444,-0.44380137,0.044213995,-0.082767494,0.11968917,-0.98836696,nan,nan,nan,nan,nan,nan,0.0,0.0,0.0,0.0,0.0,0.0,nan,nan,nan,1,0,0,0
5729620480,5729620475,-0.13989711,0.06529376,-0.46435037,0.014519764,-0.08310663,0.09939439,-0.99146515,nan,nan,nan,nan,nan,nan,0.0,0.0,0.0,0.0,0.0,0.0,nan,nan,nan,1,0,0,0
5729629293,5729629286,-0.14488907,0.065695554,-0.48015237,0.021669764,0.08477565,-0.06966733,0.99372536,nan,nan,nan,nan,nan,nan,0.0,0.0,0.0,0.0,0.0,0.0,nan,nan,nan,1,0,0,0
5729637293,5729637287,-0.15060867,0.0650215,-0.49044,0.049474496,0.08405062,-0.041978948,0.9943468,nan,nan,nan,nan,nan,nan,0.0,0.0,0.0,0.0,0.0,0.0,nan,nan,nan,1,0,0,0
5729645350,5729645195,-0.15630467,0.06879929,-0.49237257,0.0680639,0.07948564,-0.03589643,0.99386156,nan,nan,nan,nan,nan,nan,0.0,0.0,0.0,0.0,0.0,0.0,nan,nan,nan,1,0,0,0
5729654298,5729654292,-0.16272838,0.07234991,-0.4877158,0.07248256,0.093948334,-0.044402994,0.9919417,nan,nan,nan,nan,nan,nan,0.0,0.0,0.0,0.0,0.0,0.0,nan,nan,nan,1,0,0,0
5729662615,5729662610,-0.16917636,0.07442516,-0.47713044,0.05904519,0.0921919,-0.02242396,0.99373615,nan,nan,nan,nan,nan,nan,0.0,0.0,0.0,0.0,0.0,0.0,nan,nan,nan,1,0,0,0
5729673374,5729673369,-0.17526273,0.07459355,-0.46054488,0.02404591,0.095916264,-0.011379542,0.9950338,nan,nan,nan,nan,nan,nan,0.0,0.0,0.0,0.0,0.0,0.0,nan,nan,nan,1,0,0,0
5729679353,5729679348,-0.18200244,0.07205437,-0.4381987,0.015378775,-0.08674455,0.009725174,-0.9960644,nan,nan,nan,nan,nan,nan,0.0,0.0,0.0,0.0,0.0,0.0,nan,nan,nan,1,0,0,0
5729687299,5729687293,-0.18783556,0.06698852,-0.41029114,0.05700396,-0.07476145,0.029657926,-0.9951289,nan,nan,nan,nan,nan,nan,0.0,0.0,0.0,0.0,0.0,0.0,nan,nan,nan,1,0,0,0
5729696298,5729696292,-0.19115014,0.061712366,-0.37988263,0.08994522,-0.042961013,0.05166056,-0.99367774,nan,nan,nan,nan,nan,nan,0.0,0.0,0.0,0.0,0.0,0.0,nan,nan,nan,1,0,0,0
5729704292,5729704286,-0.18990505,0.063475795,-0.34421527,0.10465285,-0.05438187,0.101177104,-0.987853,nan,nan,nan,nan,nan,nan,0.0,0.0,0.0,0.0,0.0,0.0,nan,nan,nan,1,0,0,0
5729713601,5729713596,-0.18727155,0.06269839,-0.30379197,0.1185416,-0.050983947,0.15937337,-0.97874856,nan,nan,nan,nan,nan,nan,0.0,0.0,0.0,0.0,0.0,0.0,nan,nan,nan,1,0,0,0
5729721303,5729721296,-0.18197392,0.06324665,-0.26714745,0.10824374,-0.038505025,0.17570902,-0.9777152,nan,nan,nan,nan,nan,nan,0.0,0.0,0.0,0.0,0.0,0.0,nan,nan,nan,1,0,0,0
5729728296,5729728289,-0.17484695,0.061154097,-0.2289129,0.085460864,-0.054201122,0.16812304,-0.9805577,nan,nan,nan,nan,nan,nan,0.0,0.0,0.0,0.0,0.0,0.0,nan,nan,nan,1,0,0,0
5729738290,5729738284,-0.16829838,0.06174502,-0.19098471,0.057035856,-0.06154822,0.14693886,-0.9855799,nan,nan,nan,nan,nan,nan,0.0,0.0,0.0,0.0,0.0,0.0,nan,nan,nan,1,0,0,0
5729745312,5729745307,-0.1629485,0.06169439,-0.15027457,0.018017191,-0.05047744,0.13442628,-0.98947304,nan,nan,nan,nan,nan,nan,0.0,0.0,0.0,0.0,0.0,0.0,nan,nan,nan,1,0,0,0
5729754303,5729754297,-0.15739022,0.06206854,-0.10978766,0.021596653,0.045737665,-0.11029087,0.99261147,nan,nan,nan,nan,nan,nan,0.0,0.0,0.0,0.0,0.0,0.0,nan,nan,nan,1,0,0,0
5729763365,5729763360,-0.15312521,0.061880723,-0.068184204,0.04822181,0.05283769,-0.07447683,0.99465376,nan,nan,nan,nan,nan,nan,0.0,0.0,0.0,0.0,0.0,0.0,nan,nan,nan,1,0,0,0
5729770289,5729770283,-0.15190162,0.06286846,-0.027724475,0.073644474,0.05710628,-0.042606723,0.9947362,nan,nan,nan,nan,nan,nan,0.0,0.0,0.0,0.0,0.0,0.0,nan,nan,nan,1,0,0,0
5729779292,5729779287,-0.15363932,0.06428137,0.013894276,0.08296772,0.046924576,-0.029133,0.9950205,nan,nan,nan,nan,nan,nan,0.0,0.0,0.0,0.0,0.0,0.0,nan,nan,nan,1,0,0,0
5729787290,5729787284,-0.15681967,0.06636712,0.053618442,0.0790185,0.041146204,-0.01359053,0.9959309,nan,nan,nan,nan,nan,nan,0.0,0.0,0.0,0.0,0.0,0.0,nan,nan,nan,1,0,0,0
5729796867,5729796862,-0.16089219,0.06950719,0.08815673,0.075442314,0.039701555,0.002794448,0.99635553,nan,nan,nan,nan,nan,nan,0.0,0.0,0.0,0.0,0.0,0.0,nan,nan,nan,1,0,0,0
5729803291,5729803285,-0.16534692,0.073956706,0.11655272,0.07244287,0.04631198,0.02678694,0.9959365,nan,nan,nan,nan,nan,nan,0.0,0.0,0.0,0.0,0.0,0.0,nan,nan,nan,1,0,0,0
5729813215,5729813210,-0.16956064,0.078772806,0.13702834,0.074133836,0.044947572,0.052324925,0.9948598,nan,nan,nan,nan,nan,nan,0.0,0.0,0.0,0.0,0.0,0.0,nan,nan,nan,1,0,0,0
5729823017,5729823012,-0.17294593,0.08379957,0.1497176,0.08009545,0.04177056,0.07782874,0.9928658,nan,nan,nan,nan,nan,nan,0.0,0.0,0.0,0.0,0.0,0.0,nan,nan,nan,1,0,0,0
5729828323,5729828317,-0.17507233,0.08975526,0.15428974,0.08777487,0.043084275,0.09261854,0.9908891,nan,nan,nan,nan,nan,nan,0.0,0.0,0.0,0.0,0.0,0.0,nan,nan,nan,1,0,0,0
5729837318,5729837313,-0.17576028,0.0957141,0.15167052,0.09430338,0.047665026,0.09869009,0.9894924,nan,nan,nan,nan,nan,nan,0.0,0.0,0.0,0.0,0.0,0.0,nan,nan,nan,1,0,0,0
5729845568,5729845563,-0.17518237,0.09838333,0.14145882,0.102764964,0.044081677,0.11287307,0.9872973,nan,nan,nan,nan,nan,nan,0.0,0.0,0.0,0.0,0.0,0.0,nan,nan,nan,1,0,0,0
5729855296,5729855291,-0.17369834,0.09932217,0.12597333,0.107834764,0.040182106,0.12101445,0.9859576,nan,nan,nan,nan,nan,nan,0.0,0.0,0.0,0.0,0.0,0.0,nan,nan,nan,1,0,0,0
5729863822,5729863817,-0.171452,0.09897839,0.10584926,0.10536812,0.039550915,0.12635894,0.9855794,nan,nan,nan,nan,nan,nan,0.0,0.0,0.0,0.0,0.0,0.0,nan,nan,nan,1,0,0,0
5729872744,5729872737,-0.16892776,0.097444154,0.08173434,0.09656841,0.041155063,0.12324494,0.9868087,nan,nan,nan,nan,nan,nan,0.0,0.0,0.0,0.0,0.0,0.0,nan,nan,nan,1,0,0,0
5729878413,5729878408,-0.1660799,0.09434654,0.05431238,0.086597204,0.036863506,0.11262003,0.98917073,nan,nan,nan,nan,nan,nan,0.0,0.0,0.0,0.0,0.0,0.0,nan,nan,nan,1,0,0,0
5729887302,5729887297,-0.16342667,0.090750806,0.024873639,0.06941544,0.031824805,0.09112363,0.99290735,nan,nan,nan,nan,nan,nan,0.0,0.0,0.0,0.0,0.0,0.0,nan,nan,nan,1,0,0,0
5729896630,5729896624,-0.16093309,0.086697064,-0.0072788564,0.046966456,0.028209152,0.06858915,0.9961395,nan,nan,nan,nan,nan,nan,0.0,0.0,0.0,0.0,0.0,0.0,nan,nan,nan,1,0,0,0
5729904288,5729904282,-0.15966848,0.081261754,-0.040495634,0.023931915,0.027714062,0.042494457,0.9984255,nan,nan,nan,nan,nan,nan,0.0,0.0,0.0,0.0,0.0,0.0,nan,nan,nan,1,0,0,0
5729913222,5729913217,-0.15823025,0.07523134,-0.0758399,0.0005150941,-0.019542705,-0.008147089,-0.9997757,nan,nan,nan,nan,nan,nan,0.0,0.0,0.0,0.0,0.0,0.0,nan,nan,nan,1,0,0,0
5729922298,5729922293,-0.15679115,0.06907152,-0.11268325,0.0199552,-0.023536509,0.016562112,-0.99938655,nan,nan,nan,nan,nan,nan,0.0,0.0,0.0,0.0,0.0,0.0,nan,nan,nan,1,0,0,0
5729929298,5729929291,-0.15560845,0.06267989,-0.15086721,0.044772174,-0.027463645,0.035140898,-0.99800116,nan,nan,nan,nan,nan,nan,0.0,0.0,0.0,0.0,0.0,0.0,nan,nan,nan,1,0,0,0
5729937293,5729937287,-0.1521796,0.06141647,-0.18810117,0.079327404,-0.06503987,0.043123096,-0.9937894,nan,nan,nan,nan,nan,nan,0.0,0.0,0.0,0.0,0.0,0.0,nan,nan,nan,1,0,0,0
5729945432,5729945426,-0.1502848,0.060998432,-0.22446206,0.0909829,-0.07937805,0.07470152,-0.9898692,nan,nan,nan,nan,nan,nan,0.0,0.0,0.0,0.0,0.0,0.0,nan,nan,nan,1,0,0,0
5729953301,5729953295,-0.14743753,0.06128144,-0.26060984,0.12627655,-0.06925447,0.10517171,-0.98397,nan,nan,nan,nan,nan,nan,0.0,0.0,0.0,0.0,0.0,0.0,nan,nan,nan,1,0,0,0
5729962915,5729962861,-0.14744768,0.06276126,-0.2948878,0.13942415,-0.07925199,0.102594174,-0.98170996,nan,nan,nan,nan,nan,nan,0.0,0.0,0.0,0.0,0.0,0.0,nan,nan,nan,1,0,0,0
5729969296,5729969291,-0.14675738,0.06461515,-0.330056,0.13969198,-0.0683862,0.12617719,-0.9797391,nan,nan,nan,nan,nan,nan,0.0,0.0,0.0,0.0,0.0,0.0,nan,nan,nan,1,0,0,0
5729978948,5729978943,-0.1457549,0.06391982,-0.36307314,0.1317488,-0.078052945,0.10374135,-0.98274493,nan,nan,nan,nan,nan,nan,0.0,0.0,0.0,0.0,0.0,0.0,nan,nan,nan,1,0,0,0
5729986572,5729986567,-0.14685768,0.06411832,-0.39500532,0.1143984,-0.07216554,0.0938359,-0.986357,nan,nan,nan,nan,nan,nan,0.0,0.0,0.0,0.0,0.0,0.0,nan,nan,nan,1,0,0,0
5729995296,5729995290,-0.14915931,0.06511297,-0.42388394,0.09363779,-0.06822738,0.07758994,-0.9902306,nan,nan,nan,nan,nan,nan,0.0,0.0,0.0,0.0,0.0,0.0,nan,nan,nan,1,0,0,0
5730004291,5730004286,-0.15188818,0.06545371,-0.44942182,0.05295529,-0.07478948,0.039697036,-0.9950007,nan,nan,nan,nan,nan,nan,0.0,0.0,0.0,0.0,0.0,0.0,nan,nan,nan,1,0,0,0
5730013038,5730013032,-0.15623249,0.065347925,-0.46930343,0.017914375,-0.04831239,0.015136175,-0.99855685,nan,nan,nan,nan,nan,nan,0.0,0.0,0.0,0.0,0.0,0.0,nan,nan,nan,1,0,0,0
5730020301,5730020295,-0.16137359,0.070742376,-0.48161355,0.0026917383,0.057967637,-0.0019974096,0.99831283,nan,nan,nan,nan,nan,nan,0.0,0.0,0.0,0.0,0.0,0.0,nan,nan,nan,1,0,0,0
5730029327,5730029291,-0.16745344,0.07475175,-0.48981988,0.02811146,0.056887392,0.010611189,0.9979283,nan,nan,nan,nan,nan,nan,0.0,0.0,0.0,0.0,0.0,0.0,nan,nan,nan,1,0,0,0
5730038338,5730038333,-0.17438613,0.07779299,-0.49073347,0.03567774,0.04860613,0.024525052,0.9978793,nan,nan,nan,nan,nan,nan,0.0,0.0,0.0,0.0,0.0,0.0,nan,nan,nan,1,0,0,0
5730044679,5730044674,-0.18102674,0.080937944,-0.4855249,0.03674704,0.04603915,0.04074531,0.9974316,nan,nan,nan,nan,nan,nan,0.0,0.0,0.0,0.0,0.0,0.0,nan,nan,nan,1,0,0,0
5730054300,5730054294,-0.18716735,0.082404114,-0.47465086,0.028737353,0.044226512,0.04670152,0.99751544,nan,nan,nan,nan,nan,nan,0.0,0.0,0.0,0.0,0.0,0.0,nan,nan,nan,1,0,0,0
5730062923,5730062917,-0.19316731,0.08156835,-0.45802557,0.0061327494,0.027940271,0.0461685,0.99852395,nan,nan,nan,nan,nan,nan,0.0,0.0,0.0,0.0,0.0,0.0,nan,nan,nan,1,0,0,0
5730070300,5730070295,-0.19805968,0.07908335,-0.43578142,0.017091876,-0.019922731,-0.027117312,-0.9992876,nan,nan,nan,nan,nan,nan,0.0,0.0,0.0,0.0,0.0,0.0,nan,nan,nan,1,0,0,0
5730078188,5730078182,-0.20093442,0.07473554,-0.40854442,0.04421218,-0.013980278,0.0013662387,-0.9989234,nan,nan,nan,nan,nan,nan,0.0,0.0,0.0,0.0,0.0,0.0,nan,nan,nan,1,0,0,0
5730087447,5730087441,-0.20259333,0.06887377,-0.3766905,0.07337654,-0.0064248494,0.032998636,-0.99673754,nan,nan,nan,nan,nan,nan,0.0,0.0,0.0,0.0,0.0,0.0,nan,nan,nan,1,0,0,0
5730096529,5730096523,-0.20223553,0.061421033,-0.34086344,0.1020171,-0.0077665816,0.059148863,-0.9929922,nan,nan,nan,nan,nan,nan,0.0,0.0,0.0,0.0,0.0,0.0,nan,nan,nan,1,0,0,0
5730106378,5730106373,-0.19733122,0.061669163,-0.3060257,0.10291326,-0.040342875,0.10959547,-0.9878108,nan,nan,nan,nan,nan,nan,0.0,0.0,0.0,0.0,0.0,0.0,nan,nan,nan,1,0,0,0
5730112851,5730112846,-0.19173396,0.062466152,-0.2655364,0.10026041,-0.06230031,0.16507348,-0.97919214,nan,nan,nan,nan,nan,nan,0.0,0.0,0.0,0.0,0.0,0.0,nan,nan,nan,1,0,0,0
5730120300,5730120295,-0.18817051,0.061219454,-0.22395368,0.102281034,-0.051623534,0.19198541,-0.9746873,nan,nan,nan,nan,nan,nan,0.0,0.0,0.0,0.0,0.0,0.0,nan,nan,nan,1,0,0,0
5730129365,5730129286,-0.18186074,0.0604762,-0.18327321,0.086157784,-0.060512666,0.19013911,-0.97609544,nan,nan,nan,nan,nan,nan,0.0,0.0,0.0,0.0,0.0,0.0,nan,nan,nan,1,0,0,0
5730137295,5730137289,-0.1766646,0.058876954,-0.14290208,0.08107493,-0.057433296,0.16430834,-0.9813924,nan,nan,nan,nan,nan,nan,0.0,0.0,0.0,0.0,0.0,0.0,nan,nan,nan,1,0,0,0
5730145213,5730145205,-0.17273515,0.059085097,-0.10227105,0.05482059,-0.04999033,0.13996185,-0.98737353,nan,nan,nan,nan,nan,nan,0.0,0.0,0.0,0.0,0.0,0.0,nan,nan,nan,1,0,0,0
5730154298,5730154292,-0.16867062,0.059219643,-0.062177032,0.022946924,-0.045632243,0.11804701,-0.99169356,nan,nan,nan,nan,nan,nan,0.0,0.0,0.0,0.0,0.0,0.0,nan,nan,nan,1,0,0,0
5730162770,5730162765,-0.16665937,0.059105527,-0.021005824,0.0047066407,-0.03815004,0.09034,-0.99516886,nan,nan,nan,nan,nan,nan,0.0,0.0,0.0,0.0,0.0,0.0,nan,nan,nan,1,0,0,0
5730172378,5730172373,-0.16454908,0.06007783,0.018805893,0.010556184,0.048705004,-0.06556236,0.99660325,nan,nan,nan,nan,nan,nan,0.0,0.0,0.0,0.0,0.0,0.0,nan,nan,nan,1,0,0,0
5730178059,5730178054,-0.16495694,0.061812345,0.057013433,0.018285709,0.05791659,-0.039797477,0.9973602,nan,nan,nan,nan,nan,nan,0.0,0.0,0.0,0.0,0.0,0.0,nan,nan,nan,1,0,0,0
5730187295,5730187290,-0.16776988,0.06344401,0.091898896,0.021439556,0.051466044,-0.02718496,0.9980745,nan,nan,nan,nan,nan,nan,0.0,0.0,0.0,0.0,0.0,0.0,nan,nan,nan,1,0,0,0
5730195347,5730195341,-0.17045937,0.06832078,0.12147972,0.017802635,0.051842704,-0.0037272687,0.9984897,nan,nan,nan,nan,nan,nan,0.0,0.0,0.0,0.0,0.0,0.0,nan,nan,nan,1,0,0,0
5730203481,5730203475,-0.17287111,0.07440381,0.14243053,0.018578459,0.05651429,0.023590887,0.9979501,nan,nan,nan,nan,nan,nan,0.0,0.0,0.0,0.0,0.0,0.0,nan,nan,nan,1,0,0,0
5730213488,5730213483,-0.17543814,0.08073205,0.15502246,0.029747864,0.05686081,0.05433316,0.99645865,nan,nan,nan,nan,nan,nan,0.0,0.0,0.0,0.0,0.0,0.0,nan,nan,nan,1,0,0,0
5730222410,5730222405,-0.17809826,0.086234085,0.16006789,0.033323318,0.050545603,0.08536137,0.994509,nan,nan,nan,nan,nan,nan,0.0,0.0,0.0,0.0,0.0,0.0,nan,nan,nan,1,0,0,0
5730230297,5730230290,-0.17977537,0.0913407,0.15714644,0.036766272,0.0367703,0.0997408,0.9936539,nan,nan,nan,nan,nan,nan,0.0,0.0,0.0,0.0,0.0,0.0,nan,nan,nan,1,0,0,0
5730237339,5730237310,-0.1800597,0.09813662,0.14742616,0.044407155,0.050235145,0.10179627,0.99254316,nan,nan,nan,nan,nan,nan,0.0,0.0,0.0,0.0,0.0,0.0,nan,nan,nan,1,0,0,0
5730246275,5730246242,-0.17932746,0.1014216,0.13120934,0.05776203,0.062055137,0.10412469,0.9909444,nan,nan,nan,nan,nan,nan,0.0,0.0,0.0,0.0,0.0,0.0,nan,nan,nan,1,0,0,0
5730254318,5730254313,-0.17827909,0.10328623,0.110840246,0.0673097,0.07063275,0.09714758,0.9904761,nan,nan,nan,nan,nan,nan,0.0,0.0,0.0,0.0,0.0,0.0,nan,nan,nan,1,0,0,0
5730262656,5730262651,-0.17765775,0.10211597,0.08501727,0.073517345,0.061272334,0.09681074,0.990691,nan,nan,nan,nan,nan,nan,0.0,0.0,0.0,0.0,0.0,0.0,nan,nan,nan,1,0,0,0
5730270339,5730270334,-0.17724773,0.1008362,0.056955878,0.07625388,0.05828912,0.08566984,0.9916897,nan,nan,nan,nan,nan,nan,0.0,0.0,0.0,0.0,0.0,0.0,nan,nan,nan,1,0,0,0
5730288550,5730288545,-0.17662576,0.09662858,0.025072772,0.07704925,0.048925083,0.077165514,0.9928319,nan,nan,nan,nan,nan,nan,0.0,0.0,0.0,0.0,0.0,0.0,nan,nan,nan,1,0,0,0
5730290298,5730290293,-0.17582005,0.09264479,-0.008177429,0.07113183,0.052411545,0.05832623,0.9943799,nan,nan,nan,nan,nan,nan,0.0,0.0,0.0,0.0,0.0,0.0,nan,nan,nan,1,0,0,0
5730294293,5730294288,-0.17567718,0.08667064,-0.043503337,0.063017115,0.059470158,0.05098729,0.99493337,nan,nan,nan,nan,nan,nan,0.0,0.0,0.0,0.0,0.0,0.0,nan,nan,nan,1,0,0,0
5730303353,5730303348,-0.17573652,0.08036202,-0.08059974,0.04747835,0.058694262,0.03338489,0.9965873,nan,nan,nan,nan,nan,nan,0.0,0.0,0.0,0.0,0.0,0.0,nan,nan,nan,1,0,0,0
5730312713,5730312708,-0.17654604,0.07324839,-0.11820246,0.026119329,0.058330994,0.018683515,0.9977807,nan,nan,nan,nan,nan,nan,0.0,0.0,0.0,0.0,0.0,0.0,nan,nan,nan,1,0,0,0
5730320301,5730320295,-0.17739509,0.06756929,-0.15225895,0.0033497836,0.053641967,-0.0156788,0.9984315,nan,nan,nan,nan,nan,nan,0.0,0.0,0.0,0.0,0.0,0.0,nan,nan,nan,1,0,0,0
5730328316,5730328311,-0.17716612,0.061933383,-0.19007523,0.033354204,-0.03926138,0.05019739,-0.99740976,nan,nan,nan,nan,nan,nan,0.0,0.0,0.0,0.0,0.0,0.0,nan,nan,nan,1,0,0,0
5730337294,5730337288,-0.17657183,0.06245023,-0.22305173,0.062262453,-0.04702304,0.06540681,-0.9948036,nan,nan,nan,nan,nan,nan,0.0,0.0,0.0,0.0,0.0,0.0,nan,nan,nan,1,0,0,0
5730346195,5730346189,-0.17478363,0.06274249,-0.25586316,0.10083654,-0.0655943,0.07752918,-0.98970634,nan,nan,nan,nan,nan,nan,0.0,0.0,0.0,0.0,0.0,0.0,nan,nan,nan,1,0,0,0
5730356304,5730356299,-0.17262311,0.06342955,-0.28584522,0.12548919,-0.090493105,0.1019301,-0.982687,nan,nan,nan,nan,nan,nan,0.0,0.0,0.0,0.0,0.0,0.0,nan,nan,nan,1,0,0,0
5730363291,5730363285,-0.1707591,0.06447583,-0.31528562,0.15092924,-0.091691166,0.12919042,-0.97576785,nan,nan,nan,nan,nan,nan,0.0,0.0,0.0,0.0,0.0,0.0,nan,nan,nan,1,0,0,0
5730370290,5730370285,-0.1689543,0.067584455,-0.3438215,0.16177475,-0.08684495,0.15348633,-0.97094226,nan,nan,nan,nan,nan,nan,0.0,0.0,0.0,0.0,0.0,0.0,nan,nan,nan,1,0,0,0
5730377893,5730377858,-0.16814223,0.07053156,-0.36987802,0.14422648,-0.089025624,0.15685587,-0.97296935,nan,nan,nan,nan,nan,nan,0.0,0.0,0.0,0.0,0.0,0.0,nan,nan,nan,1,0,0,0
5730386298,5730386293,-0.16757317,0.07376998,-0.39312366,0.121770866,-0.09826038,0.15614115,-0.97526234,nan,nan,nan,nan,nan,nan,0.0,0.0,0.0,0.0,0.0,0.0,nan,nan,nan,1,0,0,0
5730395303,5730395297,-0.16824321,0.077357724,-0.41257718,0.081590615,-0.112759404,0.14864552,-0.9790468,nan,nan,nan,nan,nan,nan,0.0,0.0,0.0,0.0,0.0,0.0,nan,nan,nan,1,0,0,0
5730404424,5730404419,-0.1699042,0.08159127,-0.42869294,0.037857737,-0.12688164,0.12691504,-0.98303634,nan,nan,nan,nan,nan,nan,0.0,0.0,0.0,0.0,0.0,0.0,nan,nan,nan,1,0,0,0
5730412019,5730412014,-0.17292123,0.08512327,-0.43946326,0.0009749224,-0.14198396,0.09442034,-0.9853549,nan,nan,nan,nan,nan,nan,0.0,0.0,0.0,0.0,0.0,0.0,nan,nan,nan,1,0,0,0
5730420298,5730420293,-0.17641304,0.08705212,-0.44477707,0.027947988,0.14489715,-0.051481225,0.98771125,nan,nan,nan,nan,nan,nan,0.0,0.0,0.0,0.0,0.0,0.0,nan,nan,nan,1,0,0,0
5730429396,5730429391,-0.1806813,0.08793612,-0.4437362,0.043189254,0.14010848,-0.0021357338,0.9891914,nan,nan,nan,nan,nan,nan,0.0,0.0,0.0,0.0,0.0,0.0,nan,nan,nan,1,0,0,0
5730436294,5730436289,-0.18628624,0.0867728,-0.43643987,0.044069655,0.11453505,0.032739803,0.9919011,nan,nan,nan,nan,nan,nan,0.0,0.0,0.0,0.0,0.0,0.0,nan,nan,nan,1,0,0,0
5730444914,5730444909,-0.19263649,0.08324001,-0.42286128,0.031702753,0.05460239,0.046409532,0.9969252,nan,nan,nan,nan,nan,nan,0.0,0.0,0.0,0.0,0.0,0.0,nan,nan,nan,1,0,0,0
5730453346,5730453341,-0.19745271,0.078391515,-0.4015638,0.015408869,0.012501165,0.047124587,0.998692,nan,nan,nan,nan,nan,nan,0.0,0.0,0.0,0.0,0.0,0.0,nan,nan,nan,1,0,0,0
5730462299,5730462293,-0.1986763,0.07464549,-0.37400287,0.0056513827,-0.006061787,-0.02918874,-0.99953955,nan,nan,nan,nan,nan,nan,0.0,0.0,0.0,0.0,0.0,0.0,nan,nan,nan,1,0,0,0
5730470314,5730470308,-0.19801418,0.07114438,-0.34216172,0.015122515,-0.026630271,0.0148065565,-0.9994213,nan,nan,nan,nan,nan,nan,0.0,0.0,0.0,0.0,0.0,0.0,nan,nan,nan,1,0,0,0
5730478416,5730478410,-0.19596267,0.06609565,-0.3053779,0.032191303,-0.039112996,0.051099166,-0.99740803,nan,nan,nan,nan,nan,nan,0.0,0.0,0.0,0.0,0.0,0.0,nan,nan,nan,1,0,0,0
5730487300,5730487295,-0.19223598,0.06099044,-0.2656025,0.05226735,-0.040585473,0.08080381,-0.9945309,nan,nan,nan,nan,nan,nan,0.0,0.0,0.0,0.0,0.0,0.0,nan,nan,nan,1,0,0,0
5730495304,5730495298,-0.18917513,0.0603072,-0.22648443,0.058357354,-0.023164803,0.13500607,-0.98885345,nan,nan,nan,nan,nan,nan,0.0,0.0,0.0,0.0,0.0,0.0,nan,nan,nan,1,0,0,0
5730503314,5730503308,-0.1868324,0.061810296,-0.17908294,0.05553484,-0.041914664,0.17493501,-0.98211855,nan,nan,nan,nan,nan,nan,0.0,0.0,0.0,0.0,0.0,0.0,nan,nan,nan,1,0,0,0
5730512425,5730512419,-0.18458746,0.060756028,-0.13383326,0.057381634,-0.028811924,0.1874236,-0.98017836,nan,nan,nan,nan,nan,nan,0.0,0.0,0.0,0.0,0.0,0.0,nan,nan,nan,1,0,0,0
5730520301,5730520293,-0.1814872,0.0606989,-0.091107346,0.040493023,-0.03352436,0.15852608,-0.98595434,nan,nan,nan,nan,nan,nan,0.0,0.0,0.0,0.0,0.0,0.0,nan,nan,nan,1,0,0,0
5730528297,5730528291,-0.17902525,0.06010774,-0.04985191,0.011216187,-0.039755266,0.11690441,-0.9922838,nan,nan,nan,nan,nan,nan,0.0,0.0,0.0,0.0,0.0,0.0,nan,nan,nan,1,0,0,0
5730539293,5730539287,-0.17654766,0.06061267,-0.008945227,0.0221357,0.05209751,-0.077206284,0.995407,nan,nan,nan,nan,nan,nan,0.0,0.0,0.0,0.0,0.0,0.0,nan,nan,nan,1,0,0,0
5730544738,5730544732,-0.17631269,0.061554223,0.03103099,0.04697212,0.045753274,-0.042214442,0.99695444,nan,nan,nan,nan,nan,nan,0.0,0.0,0.0,0.0,0.0,0.0,nan,nan,nan,1,0,0,0
5730553403,5730553398,-0.17766048,0.06438777,0.0687852,0.07279124,0.04447942,-0.027504839,0.99597514,nan,nan,nan,nan,nan,nan,0.0,0.0,0.0,0.0,0.0,0.0,nan,nan,nan,1,0,0,0
5730562412,5730562407,-0.17976108,0.069085516,0.10373503,0.07997236,0.051068883,-0.005741853,0.9954715,nan,nan,nan,nan,nan,nan,0.0,0.0,0.0,0.0,0.0,0.0,nan,nan,nan,1,0,0,0
5730571499,5730571492,-0.18260045,0.073855884,0.13292512,0.08714209,0.048636824,0.017655546,0.99485123,nan,nan,nan,nan,nan,nan,0.0,0.0,0.0,0.0,0.0,0.0,nan,nan,nan,1,0,0,0
5730578273,5730578268,-0.1847573,0.07992101,0.1562212,0.090695,0.056944788,0.048380222,0.9930715,nan,nan,nan,nan,nan,nan,0.0,0.0,0.0,0.0,0.0,0.0,nan,nan,nan,1,0,0,0
5730587296,5730587291,-0.1865224,0.085623465,0.17297252,0.09436295,0.061211552,0.07668292,0.9906909,nan,nan,nan,nan,nan,nan,0.0,0.0,0.0,0.0,0.0,0.0,nan,nan,nan,1,0,0,0
5730595830,5730595825,-0.18901284,0.09136794,0.18213242,0.10049444,0.044386193,0.08916176,0.98993987,nan,nan,nan,nan,nan,nan,0.0,0.0,0.0,0.0,0.0,0.0,nan,nan,nan,1,0,0,0
5730604317,5730604311,-0.18857309,0.096979216,0.18369071,0.10161643,0.04491421,0.107156895,0.98801535,nan,nan,nan,nan,nan,nan,0.0,0.0,0.0,0.0,0.0,0.0,nan,nan,nan,1,0,0,0
5730612398,5730612393,-0.18645686,0.1009148,0.17904375,0.10737827,0.052156053,0.12082108,0.9854704,nan,nan,nan,nan,nan,nan,0.0,0.0,0.0,0.0,0.0,0.0,nan,nan,nan,1,0,0,0
5730621441,5730621436,-0.18466604,0.10254591,0.16911753,0.11176321,0.0515408,0.12883271,0.9839994,nan,nan,nan,nan,nan,nan,0.0,0.0,0.0,0.0,0.0,0.0,nan,nan,nan,1,0,0,0
5730628294,5730628289,-0.18159427,0.102132194,0.15359043,0.11861533,0.052144095,0.13062625,0.9829284,nan,nan,nan,nan,nan,nan,0.0,0.0,0.0,0.0,0.0,0.0,nan,nan,nan,1,0,0,0
5730637295,5730637287,-0.17735922,0.10034377,0.13381784,0.12273427,0.05485056,0.12735076,0.9827051,nan,nan,nan,nan,nan,nan,0.0,0.0,0.0,0.0,0.0,0.0,nan,nan,nan,1,0,0,0
5730644633,5730644628,-0.17246425,0.09710878,0.11070655,0.12789021,0.058346543,0.120318145,0.98273253,nan,nan,nan,nan,nan,nan,0.0,0.0,0.0,0.0,0.0,0.0,nan,nan,nan,1,0,0,0
5730654298,5730654293,-0.16721149,0.092861935,0.08527358,0.13151601,0.0598683,0.100178815,0.9844204,nan,nan,nan,nan,nan,nan,0.0,0.0,0.0,0.0,0.0,0.0,nan,nan,nan,1,0,0,0
5730662291,5730662286,-0.1618002,0.08722488,0.057252638,0.1312631,0.058351893,0.07822876,0.986532,nan,nan,nan,nan,nan,nan,0.0,0.0,0.0,0.0,0.0,0.0,nan,nan,nan,1,0,0,0
5730671776,5730671771,-0.15645045,0.08087282,0.02740525,0.1258572,0.057074066,0.05551316,0.9888482,nan,nan,nan,nan,nan,nan,0.0,0.0,0.0,0.0,0.0,0.0,nan,nan,nan,1,0,0,0
5730678136,5730678131,-0.15292922,0.07481815,-0.0040051183,0.12462297,0.053058665,0.04282176,0.9898586,nan,nan,nan,nan,nan,nan,0.0,0.0,0.0,0.0,0.0,0.0,nan,nan,nan,1,0,0,0
5730687301,5730687295,-0.14837012,0.06913837,-0.03480699,0.10779967,0.0471867,0.010673876,0.9929948,nan,nan,nan,nan,nan,nan,0.0,0.0,0.0,0.0,0.0,0.0,nan,nan,nan,1,0,0,0
5730694297,5730694292,-0.14315878,0.06302383,-0.06916815,0.081288025,0.055147335,-0.032204103,0.9946426,nan,nan,nan,nan,nan,nan,0.0,0.0,0.0,0.0,0.0,0.0,nan,nan,nan,1,0,0,0
5730704293,5730704287,-0.14028543,0.06009596,-0.10100813,0.045094807,0.04520614,-0.057327192,0.9963114,nan,nan,nan,nan,nan,nan,0.0,0.0,0.0,0.0,0.0,0.0,nan,nan,nan,1,0,0,0
5730711987,5730711982,-0.13585603,0.060167454,-0.13219213,0.005143827,0.042098813,-0.085180566,0.9954625,nan,nan,nan,nan,nan,nan,0.0,0.0,0.0,0.0,0.0,0.0,nan,nan,nan,1,0,0,0
5730721495,5730721489,-0.13074476,0.06152678,-0.16241431,0.0232173,-0.05880038,0.1146957,-0.99138707,nan,nan,nan,nan,nan,nan,0.0,0.0,0.0,0.0,0.0,0.0,nan,nan,nan,1,0,0,0
5730728297,5730728291,-0.12662333,0.059745528,-0.19140765,0.07195903,-0.0743222,0.15854739,-0.98191696,nan,nan,nan,nan,nan,nan,0.0,0.0,0.0,0.0,0.0,0.0,nan,nan,nan,1,0,0,0
5730737294,5730737289,-0.12359341,0.059392057,-0.22119397,0.10075789,-0.079461716,0.18960607,-0.9734388,nan,nan,nan,nan,nan,nan,0.0,0.0,0.0,0.0,0.0,0.0,nan,nan,nan,1,0,0,0
5730745672,5730745666,-0.1191474,0.06255522,-0.25465226,0.13426965,-0.077239275,0.16952029,-0.9732772,nan,nan,nan,nan,nan,nan,0.0,0.0,0.0,0.0,0.0,0.0,nan,nan,nan,1,0,0,0
5730754341,5730754313,-0.11682169,0.06438768,-0.28982413,0.14850752,-0.08132066,0.147339,-0.97448635,nan,nan,nan,nan,nan,nan,0.0,0.0,0.0,0.0,0.0,0.0,nan,nan,nan,1,0,0,0
5730763308,5730763303,-0.115557216,0.06428758,-0.32509872,0.14146893,-0.07968503,0.13568161,-0.97735727,nan,nan,nan,nan,nan,nan,0.0,0.0,0.0,0.0,0.0,0.0,nan,nan,nan,1,0,0,0
5730773292,5730773286,-0.11517531,0.06445222,-0.3585718,0.12614469,-0.07981137,0.11534342,-0.98204565,nan,nan,nan,nan,nan,nan,0.0,0.0,0.0,0.0,0.0,0.0,nan,nan,nan,1,0,0,0
5730777986,5730777978,-0.11641362,0.065106854,-0.39046785,0.103693776,-0.080139115,0.09364079,-0.9869432,nan,nan,nan,nan,nan,nan,0.0,0.0,0.0,0.0,0.0,0.0,nan,nan,nan,1,0,0,0
5730787287,5730787281,-0.1183336,0.06550873,-0.4206947,0.07040078,-0.086393096,0.072191395,-0.9911449,nan,nan,nan,nan,nan,nan,0.0,0.0,0.0,0.0,0.0,0.0,nan,nan,nan,1,0,0,0
5730796454,5730796449,-0.11931485,0.065783285,-0.44797152,0.04140668,-0.098086216,0.044411164,-0.99332386,nan,nan,nan,nan,nan,nan,0.0,0.0,0.0,0.0,0.0,0.0,nan,nan,nan,1,0,0,0
5730803288,5730803283,-0.12008214,0.06766614,-0.47225383,0.032088816,-0.07649993,0.01919291,-0.9963682,nan,nan,nan,nan,nan,nan,0.0,0.0,0.0,0.0,0.0,0.0,nan,nan,nan,1,0,0,0
5730812207,5730812201,-0.12140836,0.068949774,-0.49068463,0.028896732,-0.06848859,0.022249036,-0.996985,nan,nan,nan,nan,nan,nan,0.0,0.0,0.0,0.0,0.0,0.0,nan,nan,nan,1,0,0,0
5730821193,5730821188,-0.12203785,0.06931519,-0.50629884,0.025701469,-0.06439017,0.024294214,-0.9972979,nan,nan,nan,nan,nan,nan,0.0,0.0,0.0,0.0,0.0,0.0,nan,nan,nan,1,0,0,0
5730829294,5730829288,-0.12326376,0.06948282,-0.51710236,0.032319345,-0.084694564,0.019945359,-0.9956829,nan,nan,nan,nan,nan,nan,0.0,0.0,0.0,0.0,0.0,0.0,nan,nan,nan,1,0,0,0
5730836533,5730836527,-0.12421472,0.06930772,-0.5266538,0.038789406,-0.08570152,0.015711443,-0.9954415,nan,nan,nan,nan,nan,nan,0.0,0.0,0.0,0.0,0.0,0.0,nan,nan,nan,1,0,0,0
5730845645,5730845639,-0.12538719,0.068707265,-0.5324595,0.043420505,-0.08758246,0.015248388,-0.99509376,nan,nan,nan,nan,nan,nan,0.0,0.0,0.0,0.0,0.0,0.0,nan,nan,nan,1,0,0,0
5730854289,5730854284,-0.12771419,0.06619103,-0.5355019,0.052118,-0.079310685,0.032689665,-0.99494976,nan,nan,nan,nan,nan,nan,0.0,0.0,0.0,0.0,0.0,0.0,nan,nan,nan,1,0,0,0
5730862325,5730862320,-0.13020843,0.06549651,-0.53621083,0.051506884,-0.041622486,0.017053194,-0.9976592,nan,nan,nan,nan,nan,nan,0.0,0.0,0.0,0.0,0.0,0.0,nan,nan,nan,1,0,0,0
5730871421,5730871416,-0.1304011,0.06339372,-0.53642863,0.06399271,-0.048283037,0.0429807,-0.9958546,nan,nan,nan,nan,nan,nan,0.0,0.0,0.0,0.0,0.0,0.0,nan,nan,nan,1,0,0,0
5730878449,5730878443,-0.13083124,0.06339547,-0.5343801,0.07026815,-0.052885473,0.049737856,-0.9948827,nan,nan,nan,nan,nan,nan,0.0,0.0,0.0,0.0,0.0,0.0,nan,nan,nan,1,0,0,0
5730887314,5730887309,-0.13091916,0.0637936,-0.53077924,0.06776209,-0.07346957,0.08536657,-0.99132395,nan,nan,nan,nan,nan,nan,0.0,0.0,0.0,0.0,0.0,0.0,nan,nan,nan,1,0,0,0
5730895639,5730895633,-0.13103528,0.063664295,-0.5270448,0.06119361,-0.07093444,0.10682131,-0.98985493,nan,nan,nan,nan,nan,nan,0.0,0.0,0.0,0.0,0.0,0.0,nan,nan,nan,1,0,0,0
5730903292,5730903287,-0.13165936,0.061162066,-0.5222848,0.054290414,-0.050753675,0.1245546,-0.9894255,nan,nan,nan,nan,nan,nan,0.0,0.0,0.0,0.0,0.0,0.0,nan,nan,nan,1,0,0,0
5730911990,5730911984,-0.13205734,0.06099284,-0.51757663,0.042238902,-0.051244676,0.14558694,-0.9871141,nan,nan,nan,nan,nan,nan,0.0,0.0,0.0,0.0,0.0,0.0,nan,nan,nan,1,0,0,0
5730921340,5730921334,-0.13106334,0.061626736,-0.51308763,0.037565373,-0.06484696,0.15678397,-0.9847855,nan,nan,nan,nan,nan,nan,0.0,0.0,0.0,0.0,0.0,0.0,nan,nan,nan,1,0,0,0
5730928296,5730928290,-0.13149889,0.06194628,-0.50902635,0.031631585,-0.07002842,0.16073917,-0.9840012,nan,nan,nan,nan,nan,nan,0.0,0.0,0.0,0.0,0.0,0.0,nan,nan,nan,1,0,0,0
5730937294,5730937287,-0.13191018,0.0634219,-0.5048543,0.037073255,-0.07937254,0.16143796,-0.982987,nan,nan,nan,nan,nan,nan,0.0,0.0,0.0,0.0,0.0,0.0,nan,nan,nan,1,0,0,0
5730945414,5730945409,-0.13353,0.063725285,-0.49997932,0.044988528,-0.08480531,0.16088852,-0.9822927,nan,nan,nan,nan,nan,nan,0.0,0.0,0.0,0.0,0.0,0.0,nan,nan,nan,1,0,0,0
5730954302,5730954296,-0.13509439,0.06371066,-0.496005,0.05254281,-0.08210121,0.1540834,-0.9832379,nan,nan,nan,nan,nan,nan,0.0,0.0,0.0,0.0,0.0,0.0,nan,nan,nan,1,0,0,0
5730962300,5730962292,-0.13631164,0.06406486,-0.49242303,0.054503188,-0.07980723,0.14765991,-0.9843052,nan,nan,nan,nan,nan,nan,0.0,0.0,0.0,0.0,0.0,0.0,nan,nan,nan,1,0,0,0
5730971033,5730971028,-0.1371591,0.06415525,-0.48838913,0.060913887,-0.078578226,0.13843659,-0.9853681,nan,nan,nan,nan,nan,nan,0.0,0.0,0.0,0.0,0.0,0.0,nan,nan,nan,1,0,0,0
5730978353,5730978348,-0.13763836,0.06416586,-0.4847041,0.06897542,-0.0770314,0.1275355,-0.9864296,nan,nan,nan,nan,nan,nan,0.0,0.0,0.0,0.0,0.0,0.0,nan,nan,nan,1,0,0,0
5730991733,5730991728,-0.13778901,0.06462146,-0.48115045,0.07661264,-0.07848453,0.112207055,-0.98761344,nan,nan,nan,nan,nan,nan,0.0,0.0,0.0,0.0,0.0,0.0,nan,nan,nan,1,0,0,0
5730995496,5730995469,-0.13809296,0.064961545,-0.4783529,0.084147,-0.07470271,0.09915645,-0.9886894,nan,nan,nan,nan,nan,nan,0.0,0.0,0.0,0.0,0.0,0.0,nan,nan,nan,1,0,0,0
5731005312,5731005306,-0.1387541,0.064974695,-0.47568467,0.08792216,-0.06834947,0.08156161,-0.990427,nan,nan,nan,nan,nan,nan,0.0,0.0,0.0,0.0,0.0,0.0,nan,nan,nan,1,0,0,0
5731011927,5731011922,-0.13864571,0.065733984,-0.4739551,0.096033774,-0.05591097,0.055972923,-0.9922291,nan,nan,nan,nan,nan,nan,0.0,0.0,0.0,0.0,0.0,0.0,nan,nan,nan,1,0,0,0
5731021187,5731021181,-0.13884935,0.06558088,-0.47124958,0.09420202,-0.057013843,0.051096417,-0.9926049,nan,nan,nan,nan,nan,nan,0.0,0.0,0.0,0.0,0.0,0.0,nan,nan,nan,1,0,0,0
5731029293,5731029287,-0.13924251,0.0658239,-0.4689272,0.093011916,-0.05141178,0.032458104,-0.9938068,nan,nan,nan,nan,nan,nan,0.0,0.0,0.0,0.0,0.0,0.0,nan,nan,nan,1,0,0,0
5731037468,5731037463,-0.13854414,0.066525094,-0.46774346,0.09413524,-0.04259327,0.013861851,-0.9945512,nan,nan,nan,nan,nan,nan,0.0,0.0,0.0,0.0,0.0,0.0,nan,nan,nan,1,0,0,0
5731044695,5731044688,-0.13699788,0.067478694,-0.46539173,0.0945503,-0.04991633,0.012979086,-0.9941831,nan,nan,nan,nan,nan,nan,0.0,0.0,0.0,0.0,0.0,0.0,nan,nan,nan,1,0,0,0
5731055329,5731055324,-0.13589187,0.06635618,-0.4634125,0.089699164,-0.038236443,0.014940565,-0.9951225,nan,nan,nan,nan,nan,nan,0.0,0.0,0.0,0.0,0.0,0.0,nan,nan,nan,1,0,0,0
5731062411,5731062405,-0.1349882,0.06511134,-0.4605312,0.088403136,-0.030669628,0.017942283,-0.9954508,nan,nan,nan,nan,nan,nan,0.0,0.0,0.0,0.0,0.0,0.0,nan,nan,nan,1,0,0,0
5731071302,5731071297,-0.13385867,0.06467493,-0.45818004,0.08848048,-0.030310906,0.01643318,-0.995481,nan,nan,nan,nan,nan,nan,0.0,0.0,0.0,0.0,0.0,0.0,nan,nan,nan,1,0,0,0
5731078178,5731078172,-0.13257426,0.06420271,-0.4561306,0.08648735,-0.030864675,0.016890181,-0.99563146,nan,nan,nan,nan,nan,nan,0.0,0.0,0.0,0.0,0.0,0.0,nan,nan,nan,1,0,0,0
5731087330,5731087325,-0.1315066,0.065057576,-0.4546109,0.08508267,-0.0440309,0.014968919,-0.99528795,nan,nan,nan,nan,nan,nan,0.0,0.0,0.0,0.0,0.0,0.0,nan,nan,nan,1,0,0,0
5731094296,5731094291,-0.13076249,0.06485615,-0.45243242,0.08294523,-0.044945158,0.014428911,-0.9954355,nan,nan,nan,nan,nan,nan,0.0,0.0,0.0,0.0,0.0,0.0,nan,nan,nan,1,0,0,0
5731104298,5731104293,-0.13008924,0.06373276,-0.44981498,0.08247227,-0.035530455,0.019775724,-0.9957635,nan,nan,nan,nan,nan,nan,0.0,0.0,0.0,0.0,0.0,0.0,nan,nan,nan,1,0,0,0
5731111454,5731111447,-0.12922989,0.064601205,-0.44850877,0.08058105,-0.044979896,0.014372068,-0.99562895,nan,nan,nan,nan,nan,nan,0.0,0.0,0.0,0.0,0.0,0.0,nan,nan,nan,1,0,0,0
5731121299,5731121294,-0.12884605,0.06399226,-0.44554988,0.07899478,-0.03690717,0.020110223,-0.99598855,nan,nan,nan,nan,nan,nan,0.0,0.0,0.0,0.0,0.0,0.0,nan,nan,nan,1,0,0,0
5731128295,5731128290,-0.12821162,0.06409118,-0.4434031,0.078643516,-0.035173822,0.018108457,-0.99611753,nan,nan,nan,nan,nan,nan,0.0,0.0,0.0,0.0,0.0,0.0,nan,nan,nan,1,0,0,0
5731137345,5731137339,-0.12744544,0.06490404,-0.44209057,0.0768975,-0.041867565,0.011817867,-0.99608946,nan,nan,nan,nan,nan,nan,0.0,0.0,0.0,0.0,0.0,0.0,nan,nan,nan,1,0,0,0
5731145226,5731145220,-0.12682064,0.065103464,-0.44002515,0.07577253,-0.040802438,0.01348722,-0.99619865,nan,nan,nan,nan,nan,nan,0.0,0.0,0.0,0.0,0.0,0.0,nan,nan,nan,1,0,0,0
5731154296,5731154290,-0.12632157,0.06486751,-0.43725938,0.07264732,-0.046224628,0.019442325,-0.99609613,nan,nan,nan,nan,nan,nan,0.0,0.0,0.0,0.0,0.0,0.0,nan,nan,nan,1,0,0,0
5731163295,5731163290,-0.12574907,0.06468772,-0.43515486,0.071246915,-0.042825572,0.0161039,-0.9964088,nan,nan,nan,nan,nan,nan,0.0,0.0,0.0,0.0,0.0,0.0,nan,nan,nan,1,0,0,0
5731171292,5731171287,-0.12518641,0.06389439,-0.43255994,0.07312595,-0.03518484,0.020850018,-0.9964838,nan,nan,nan,nan,nan,nan,0.0,0.0,0.0,0.0,0.0,0.0,nan,nan,nan,1,0,0,0
5731179307,5731179301,-0.12443225,0.064737,-0.43079558,0.0715431,-0.04233131,0.019112196,-0.9963555,nan,nan,nan,nan,nan,nan,0.0,0.0,0.0,0.0,0.0,0.0,nan,nan,nan,1,0,0,0
5731187386,5731187380,-0.12382385,0.06460255,-0.42845416,0.07097062,-0.042710222,0.018711252,-0.9963879,nan,nan,nan,nan,nan,nan,0.0,0.0,0.0,0.0,0.0,0.0,nan,nan,nan,1,0,0,0
5731196296,5731196290,-0.12335592,0.06352557,-0.42596516,0.072659224,-0.03501364,0.022724206,-0.99648297,nan,nan,nan,nan,nan,nan,0.0,0.0,0.0,0.0,0.0,0.0,nan,nan,nan,1,0,0,0
5731203580,5731203574,-0.12264338,0.064036265,-0.42470887,0.06988448,-0.04135368,0.017746568,-0.99653953,nan,nan,nan,nan,nan,nan,0.0,0.0,0.0,0.0,0.0,0.0,nan,nan,nan,1,0,0,0
5731212313,5731212307,-0.12203249,0.06405328,-0.4230784,0.06904127,-0.044231385,0.019475969,-0.99644244,nan,nan,nan,nan,nan,nan,0.0,0.0,0.0,0.0,0.0,0.0,nan,nan,nan,1,0,0,0
5731220651,5731220646,-0.121565096,0.06382151,-0.42204744,0.06749961,-0.046704575,0.020328626,-0.9964182,nan,nan,nan,nan,nan,nan,0.0,0.0,0.0,0.0,0.0,0.0,nan,nan,nan,1,0,0,0
5731229293,5731229288,-0.12128639,0.0624478,-0.42103067,0.06647676,-0.043629944,0.025549296,-0.9965062,nan,nan,nan,nan,nan,nan,0.0,0.0,0.0,0.0,0.0,0.0,nan,nan,nan,1,0,0,0
5731237290,5731237284,-0.12067684,0.06289397,-0.42147285,0.062897824,-0.057826083,0.023578506,-0.9960643,nan,nan,nan,nan,nan,nan,0.0,0.0,0.0,0.0,0.0,0.0,nan,nan,nan,1,0,0,0
5731245666,5731245660,-0.12024824,0.06287931,-0.42135224,0.06122147,-0.058807917,0.02636034,-0.9960415,nan,nan,nan,nan,nan,nan,0.0,0.0,0.0,0.0,0.0,0.0,nan,nan,nan,1,0,0,0
5731253384,5731253378,-0.12012251,0.06290481,-0.42162782,0.05996185,-0.057916585,0.027885538,-0.99612874,nan,nan,nan,nan,nan,nan,0.0,0.0,0.0,0.0,0.0,0.0,nan,nan,nan,1,0,0,0
5731261297,5731261292,-0.12019509,0.062013794,-0.42156267,0.060519982,-0.049262494,0.031897154,-0.99644023,nan,nan,nan,nan,nan,nan,0.0,0.0,0.0,0.0,0.0,0.0,nan,nan,nan,1,0,0,0
5731271497,5731271491,-0.1201832,0.062799215,-0.42258307,0.05771598,-0.0538171,0.02419189,-0.9965879,nan,nan,nan,nan,nan,nan,0.0,0.0,0.0,0.0,0.0,0.0,nan,nan,nan,1,0,0,0
5731278532,5731278527,-0.12033382,0.062459905,-0.42255187,0.058833368,-0.04914774,0.025779285,-0.996724,nan,nan,nan,nan,nan,nan,0.0,0.0,0.0,0.0,0.0,0.0,nan,nan,nan,1,0,0,0
5731287351,5731287345,-0.120289005,0.06338953,-0.4236269,0.056525525,-0.055690523,0.020056942,-0.9966449,nan,nan,nan,nan,nan,nan,0.0,0.0,0.0,0.0,0.0,0.0,nan,nan,nan,1,0,0,0
5731297297,5731297291,-0.12023757,0.06249112,-0.42321035,0.05924012,-0.04937562,0.0252253,-0.99670273,nan,nan,nan,nan,nan,nan,0.0,0.0,0.0,0.0,0.0,0.0,nan,nan,nan,1,0,0,0
5731304292,5731304286,-0.120035365,0.06226285,-0.42307267,0.06056331,-0.049281195,0.026796756,-0.99658686,nan,nan,nan,nan,nan,nan,0.0,0.0,0.0,0.0,0.0,0.0,nan,nan,nan,1,0,0,0
5731311331,5731311325,-0.11974388,0.06279,-0.42343014,0.060581632,-0.05549826,0.024100797,-0.99632776,nan,nan,nan,nan,nan,nan,0.0,0.0,0.0,0.0,0.0,0.0,nan,nan,nan,1,0,0,0
5731321296,5731321290,-0.119690716,0.06196787,-0.42265704,0.06414919,-0.049165267,0.030655913,-0.99625695,nan,nan,nan,nan,nan,nan,0.0,0.0,0.0,0.0,0.0,0.0,nan,nan,nan,1,0,0,0
5731329296,5731329290,-0.11957833,0.06189462,-0.4222528,0.066257626,-0.04866981,0.03098046,-0.99613327,nan,nan,nan,nan,nan,nan,0.0,0.0,0.0,0.0,0.0,0.0,nan,nan,nan,1,0,0,0
5731337294,5731337286,-0.11952934,0.061849523,-0.42198092,0.06829762,-0.048759907,0.032031644,-0.9959577,nan,nan,nan,nan,nan,nan,0.0,0.0,0.0,0.0,0.0,0.0,nan,nan,nan,1,0,0,0
5731345060,5731345055,-0.119742885,0.062378578,-0.4224537,0.06815284,-0.058759704,0.025429139,-0.9956183,nan,nan,nan,nan,nan,nan,0.0,0.0,0.0,0.0,0.0,0.0,nan,nan,nan,1,0,0,0
5731353430,5731353424,-0.11957277,0.061808646,-0.42194054,0.06992057,-0.048943568,0.03157975,-0.99585056,nan,nan,nan,nan,nan,nan,0.0,0.0,0.0,0.0,0.0,0.0,nan,nan,nan,1,0,0,0
5731362338,5731362332,-0.11959229,0.061845377,-0.4220145,0.069773376,-0.048972603,0.031212525,-0.99587107,nan,nan,nan,nan,nan,nan,0.0,0.0,0.0,0.0,0.0,0.0,nan,nan,nan,1,0,0,0
5731370703,5731370698,-0.1196079,0.06185329,-0.42220843,0.06932922,-0.048326947,0.03077819,-0.99594706,nan,nan,nan,nan,nan,nan,0.0,0.0,0.0,0.0,0.0,0.0,nan,nan,nan,1,0,0,0
5731379064,5731379058,-0.11967717,0.062083587,-0.4224978,0.068031475,-0.051233232,0.026599297,-0.99601173,nan,nan,nan,nan,nan,nan,0.0,0.0,0.0,0.0,0.0,0.0,nan,nan,nan,1,0,0,0
5731386320,5731386314,-0.11980936,0.062019482,-0.42245552,0.067709714,-0.04787817,0.028925706,-0.9961357,nan,nan,nan,nan,nan,nan,0.0,0.0,0.0,0.0,0.0,0.0,nan,nan,nan,1,0,0,0
5731395295,5731395290,-0.11989243,0.0619481,-0.42252913,0.067251205,-0.047585815,0.029033758,-0.9961776,nan,nan,nan,nan,nan,nan,0.0,0.0,0.0,0.0,0.0,0.0,nan,nan,nan,1,0,0,0
5731404888,5731404883,-0.119885445,0.062058758,-0.4227016,0.06636664,-0.05108599,0.025747474,-0.996154,nan,nan,nan,nan,nan,nan,0.0,0.0,0.0,0.0,0.0,0.0,nan,nan,nan,1,0,0,0
5731412274,5731412268,-0.11988928,0.061917894,-0.42244512,0.06684552,-0.04806073,0.02965553,-0.99616396,nan,nan,nan,nan,nan,nan,0.0,0.0,0.0,0.0,0.0,0.0,nan,nan,nan,1,0,0,0
5731421337,5731421331,-0.119867966,0.061898366,-0.4223773,0.06695042,-0.04798295,0.030316368,-0.99614066,nan,nan,nan,nan,nan,nan,0.0,0.0,0.0,0.0,0.0,0.0,nan,nan,nan,1,0,0,0
5731431178,5731431169,-0.11984252,0.061874345,-0.42236102,0.06698961,-0.048137702,0.030658342,-0.9961201,nan,nan,nan,nan,nan,nan,0.0,0.0,0.0,0.0,0.0,0.0,nan,nan,nan,1,0,0,0
5731437288,5731437282,-0.11980588,0.062006723,-0.42247996,0.06661381,-0.05132893,0.027072659,-0.9960899,nan,nan,nan,nan,nan,nan,0.0,0.0,0.0,0.0,0.0,0.0,nan,nan,nan,1,0,0,0
5731444821,5731444816,-0.11986795,0.061903145,-0.422367,0.066943385,-0.047948577,0.030423025,-0.9961395,nan,nan,nan,nan,nan,nan,0.0,0.0,0.0,0.0,0.0,0.0,nan,nan,nan,1,0,0,0
5731453295,5731453289,-0.119878575,0.06185772,-0.42239413,0.06696477,-0.04789889,0.03042709,-0.99614036,nan,nan,nan,nan,nan,nan,0.0,0.0,0.0,0.0,0.0,0.0,nan,nan,nan,1,0,0,0
5731462297,5731462292,-0.119859986,0.061900258,-0.42245907,0.06686841,-0.047994465,0.030007323,-0.996155,nan,nan,nan,nan,nan,nan,0.0,0.0,0.0,0.0,0.0,0.0,nan,nan,nan,1,0,0,0
5731470658,5731470653,-0.119853735,0.062038984,-0.42257753,0.06647637,-0.051098157,0.026533144,-0.9961254,nan,nan,nan,nan,nan,nan,0.0,0.0,0.0,0.0,0.0,0.0,nan,nan,nan,1,0,0,0
5731478360,5731478354,-0.11989974,0.061901845,-0.4224315,0.0668591,-0.047820523,0.030008765,-0.9961639,nan,nan,nan,nan,nan,nan,0.0,0.0,0.0,0.0,0.0,0.0,nan,nan,nan,1,0,0,0
5731487297,5731487292,-0.119843006,0.061991684,-0.42257166,0.06653086,-0.05095229,0.02700464,-0.9961165,nan,nan,nan,nan,nan,nan,0.0,0.0,0.0,0.0,0.0,0.0,nan,nan,nan,1,0,0,0
5731495336,5731495330,-0.1198251,0.06198611,-0.42252854,0.06661301,-0.05087259,0.027122263,-0.996112,nan,nan,nan,nan,nan,nan,0.0,0.0,0.0,0.0,0.0,0.0,nan,nan,nan,1,0,0,0
5731503290,5731503284,-0.1199257,0.061986763,-0.42254382,0.06631265,-0.051700596,0.026719598,-0.99610025,nan,nan,nan,nan,nan,nan,0.0,0.0,0.0,0.0,0.0,0.0,nan,nan,nan,1,0,0,0
5731511849,5731511843,-0.11992204,0.061972506,-0.42255697,0.066409,-0.051583286,0.026801383,-0.9960977,nan,nan,nan,nan,nan,nan,0.0,0.0,0.0,0.0,0.0,0.0,nan,nan,nan,1,0,0,0
5731521304,5731521299,-0.11977466,0.062636964,-0.42296556,0.069684654,-0.042175997,0.021641329,-0.9964421,nan,nan,nan,nan,nan,nan,0.0,0.0,0.0,0.0,0.0,0.0,nan,nan,nan,1,0,0,0
5731530755,5731530750,-0.1197975,0.06267109,-0.42297277,0.06958862,-0.042151604,0.021345042,-0.9964562,nan,nan,nan,nan,nan,nan,0.0,0.0,0.0,0.0,0.0,0.0,nan,nan,nan,1,0,0,0
5731537284,5731537279,-0.11982391,0.06265671,-0.42296273,0.069659926,-0.041828856,0.021302605,-0.9964658,nan,nan,nan,nan,nan,nan,0.0,0.0,0.0,0.0,0.0,0.0,nan,nan,nan,1,0,0,0
5731544708,5731544702,-0.11979292,0.06265657,-0.42296788,0.06966792,-0.042012405,0.021481002,-0.9964536,nan,nan,nan,nan,nan,nan,0.0,0.0,0.0,0.0,0.0,0.0,nan,nan,nan,1,0,0,0
5731554704,5731554699,-0.11977759,0.06265128,-0.42294827,0.06965745,-0.042183224,0.021474538,-0.9964473,nan,nan,nan,nan,nan,nan,0.0,0.0,0.0,0.0,0.0,0.0,nan,nan,nan,1,0,0,0
5731562292,5731562287,-0.11973585,0.062924884,-0.42328426,0.072510414,-0.035447523,0.028117167,-0.9963409,nan,nan,nan,nan,nan,nan,0.0,0.0,0.0,0.0,0.0,0.0,nan,nan,nan,1,0,0,0
5731571331,5731571325,-0.119736,0.062924236,-0.42324808,0.0724926,-0.03538408,0.028240042,-0.9963409,nan,nan,nan,nan,nan,nan,0.0,0.0,0.0,0.0,0.0,0.0,nan,nan,nan,1,0,0,0
5731578228,5731578222,-0.11970356,0.06292328,-0.42326534,0.07252205,-0.035844438,0.028073875,-0.99632704,nan,nan,nan,nan,nan,nan,0.0,0.0,0.0,0.0,0.0,0.0,nan,nan,nan,1,0,0,0
5731587295,5731587290,-0.119785145,0.062669866,-0.42297485,0.06957876,-0.04228621,0.021277165,-0.99645275,nan,nan,nan,nan,nan,nan,0.0,0.0,0.0,0.0,0.0,0.0,nan,nan,nan,1,0,0,0
5731595517,5731595511,-0.11981928,0.06265602,-0.42295748,0.06958874,-0.04199762,0.021374485,-0.9964621,nan,nan,nan,nan,nan,nan,0.0,0.0,0.0,0.0,0.0,0.0,nan,nan,nan,1,0,0,0
5731603288,5731603282,-0.11979418,0.06263474,-0.4229554,0.06961649,-0.04196733,0.021560699,-0.99645746,nan,nan,nan,nan,nan,nan,0.0,0.0,0.0,0.0,0.0,0.0,nan,nan,nan,1,0,0,0
5731611679,5731611673,-0.11990827,0.061849095,-0.42243892,0.06665967,-0.048420146,0.030537385,-0.99613225,nan,nan,nan,nan,nan,nan,0.0,0.0,0.0,0.0,0.0,0.0,nan,nan,nan,1,0,0,0
5731622299,5731622293,-0.11986918,0.061894808,-0.4224223,0.06701702,-0.04780746,0.03002231,-0.99615353,nan,nan,nan,nan,nan,nan,0.0,0.0,0.0,0.0,0.0,0.0,nan,nan,nan,1,0,0,0
5731630758,5731630753,-0.11984315,0.06201949,-0.4225131,0.06664839,-0.05037883,0.027117137,-0.9961349,nan,nan,nan,nan,nan,nan,0.0,0.0,0.0,0.0,0.0,0.0,nan,nan,nan,1,0,0,0
5731637314,5731637308,-0.11980404,0.062030274,-0.42251128,0.06668001,-0.050926518,0.026690764,-0.9961164,nan,nan,nan,nan,nan,nan,0.0,0.0,0.0,0.0,0.0,0.0,nan,nan,nan,1,0,0,0
5731644682,5731644648,-0.11981621,0.062016457,-0.4225338,0.06657672,-0.050982013,0.02675381,-0.9961188,nan,nan,nan,nan,nan,nan,0.0,0.0,0.0,0.0,0.0,0.0,nan,nan,nan,1,0,0,0
5731654748,5731654743,-0.11988945,0.061889917,-0.42242324,0.06689676,-0.04781445,0.030065008,-0.99616,nan,nan,nan,nan,nan,nan,0.0,0.0,0.0,0.0,0.0,0.0,nan,nan,nan,1,0,0,0
5731661324,5731661319,-0.1198835,0.061896563,-0.42241466,0.066861115,-0.047963858,0.030196797,-0.99615115,nan,nan,nan,nan,nan,nan,0.0,0.0,0.0,0.0,0.0,0.0,nan,nan,nan,1,0,0,0
5731670663,5731670657,-0.11985809,0.06190224,-0.4224157,0.06692347,-0.048062306,0.030241823,-0.9961409,nan,nan,nan,nan,nan,nan,0.0,0.0,0.0,0.0,0.0,0.0,nan,nan,nan,1,0,0,0
5731678028,5731678017,-0.11989103,0.061877236,-0.42242318,0.06692065,-0.048016094,0.030151479,-0.9961461,nan,nan,nan,nan,nan,nan,0.0,0.0,0.0,0.0,0.0,0.0,nan,nan,nan,1,0,0,0
5731688298,5731688292,-0.11990085,0.06187403,-0.42242083,0.066851325,-0.047871172,0.030086048,-0.9961597,nan,nan,nan,nan,nan,nan,0.0,0.0,0.0,0.0,0.0,0.0,nan,nan,nan,1,0,0,0
5731694480,5731694475,-0.11984004,0.06200804,-0.42255118,0.066462114,-0.051370244,0.026643584,-0.9961094,nan,nan,nan,nan,nan,nan,0.0,0.0,0.0,0.0,0.0,0.0,nan,nan,nan,1,0,0,0
5731704843,5731704838,-0.11983928,0.062010847,-0.4225416,0.06647983,-0.051234208,0.026846949,-0.9961098,nan,nan,nan,nan,nan,nan,0.0,0.0,0.0,0.0,0.0,0.0,nan,nan,nan,1,0,0,0
5731710986,5731710980,-0.119892955,0.06188446,-0.42240435,0.06696033,-0.047893677,0.030124351,-0.99615014,nan,nan,nan,nan,nan,nan,0.0,0.0,0.0,0.0,0.0,0.0,nan,nan,nan,1,0,0,0
5731720765,5731720760,-0.11985458,0.062000908,-0.42253804,0.066484645,-0.05134302,0.026441969,-0.99611473,nan,nan,nan,nan,nan,nan,0.0,0.0,0.0,0.0,0.0,0.0,nan,nan,nan,1,0,0,0
5731728296,5731728291,-0.11983643,0.06199638,-0.4225304,0.06653856,-0.050847866,0.02711901,-0.99611825,nan,nan,nan,nan,nan,nan,0.0,0.0,0.0,0.0,0.0,0.0,nan,nan,nan,1,0,0,0
5731737292,5731737286,-0.11988328,0.061873127,-0.42240107,0.06688857,-0.047983397,0.030176017,-0.99614906,nan,nan,nan,nan,nan,nan,0.0,0.0,0.0,0.0,0.0,0.0,nan,nan,nan,1,0,0,0
5731745052,5731745046,-0.11989188,0.06188577,-0.4224288,0.066909015,-0.04787608,0.030075887,-0.99615586,nan,nan,nan,nan,nan,nan,0.0,0.0,0.0,0.0,0.0,0.0,nan,nan,nan,1,0,0,0
5731754429,5731754424,-0.11984551,0.062002577,-0.42255408,0.066478126,-0.051288623,0.026410095,-0.9961188,nan,nan,nan,nan,nan,nan,0.0,0.0,0.0,0.0,0.0,0.0,nan,nan,nan,1,0,0,0
5731763293,5731763288,-0.119837664,0.062008474,-0.42253685,0.066608235,-0.05094977,0.026978556,-0.9961123,nan,nan,nan,nan,nan,nan,0.0,0.0,0.0,0.0,0.0,0.0,nan,nan,nan,1,0,0,0
5731770293,5731770288,-0.11994624,0.061870534,-0.4224402,0.06663781,-0.048170023,0.030446544,-0.9961486,nan,nan,nan,nan,nan,nan,0.0,0.0,0.0,0.0,0.0,0.0,nan,nan,nan,1,0,0,0
5731780581,5731780576,-0.11981094,0.06265416,-0.4229699,0.0696422,-0.042044558,0.021456026,-0.99645466,nan,nan,nan,nan,nan,nan,0.0,0.0,0.0,0.0,0.0,0.0,nan,nan,nan,1,0,0,0
5731786461,5731786456,-0.11978942,0.06268587,-0.42293003,0.06965106,-0.042219505,0.021543983,-0.9964447,nan,nan,nan,nan,nan,nan,0.0,0.0,0.0,0.0,0.0,0.0,nan,nan,nan,1,0,0,0
5731795330,5731795324,-0.11979215,0.06269299,-0.42292902,0.06966519,-0.042114463,0.021543246,-0.9964482,nan,nan,nan,nan,nan,nan,0.0,0.0,0.0,0.0,0.0,0.0,nan,nan,nan,1,0,0,0
5731803288,5731803283,-0.119813606,0.06264657,-0.42297834,0.06955572,-0.042068772,0.021398772,-0.99646086,nan,nan,nan,nan,nan,nan,0.0,0.0,0.0,0.0,0.0,0.0,nan,nan,nan,1,0,0,0
5731812185,5731812179,-0.11980422,0.06265006,-0.42297032,0.069586195,-0.041985843,0.021473536,-0.9964607,nan,nan,nan,nan,nan,nan,0.0,0.0,0.0,0.0,0.0,0.0,nan,nan,nan,1,0,0,0
5731821411,5731821406,-0.11978684,0.062677026,-0.42294425,0.0696162,-0.042172376,0.021558179,-0.9964489,nan,nan,nan,nan,nan,nan,0.0,0.0,0.0,0.0,0.0,0.0,nan,nan,nan,1,0,0,0
5731830751,5731830745,-0.11972457,0.06292774,-0.42326564,0.07246478,-0.03567647,0.028090639,-0.99633676,nan,nan,nan,nan,nan,nan,0.0,0.0,0.0,0.0,0.0,0.0,nan,nan,nan,1,0,0,0
5731837290,5731837284,-0.11973905,0.06292594,-0.42327684,0.07249257,-0.035450112,0.028068542,-0.9963434,nan,nan,nan,nan,nan,nan,0.0,0.0,0.0,0.0,0.0,0.0,nan,nan,nan,1,0,0,0
5731844895,5731844890,-0.119725265,0.0629133,-0.42327175,0.072497696,-0.035465993,0.028104901,-0.9963415,nan,nan,nan,nan,nan,nan,0.0,0.0,0.0,0.0,0.0,0.0,nan,nan,nan,1,0,0,0
5731855300,5731855295,-0.1197911,0.062662385,-0.42293304,0.0696516,-0.042185012,0.02155049,-0.99644595,nan,nan,nan,nan,nan,nan,0.0,0.0,0.0,0.0,0.0,0.0,nan,nan,nan,1,0,0,0
5731862323,5731862318,-0.11980067,0.0626859,-0.4229262,0.06957512,-0.04213041,0.021522291,-0.99645424,nan,nan,nan,nan,nan,nan,0.0,0.0,0.0,0.0,0.0,0.0,nan,nan,nan,1,0,0,0
5731870762,5731870757,-0.119801685,0.06268009,-0.4229524,0.06958672,-0.042135682,0.021339128,-0.99645716,nan,nan,nan,nan,nan,nan,0.0,0.0,0.0,0.0,0.0,0.0,nan,nan,nan,1,0,0,0
5731878355,5731878350,-0.119787805,0.06266088,-0.42294458,0.06967056,-0.042048007,0.02149784,-0.9964516,nan,nan,nan,nan,nan,nan,0.0,0.0,0.0,0.0,0.0,0.0,nan,nan,nan,1,0,0,0
5731886342,5731886337,-0.11971571,0.06289854,-0.42325163,0.07264675,-0.03541554,0.028349971,-0.9963255,nan,nan,nan,nan,nan,nan,0.0,0.0,0.0,0.0,0.0,0.0,nan,nan,nan,1,0,0,0
5731895294,5731895289,-0.11980438,0.06268329,-0.4229799,0.069533385,-0.042196818,0.021442387,-0.9964561,nan,nan,nan,nan,nan,nan,0.0,0.0,0.0,0.0,0.0,0.0,nan,nan,nan,1,0,0,0
5731904323,5731904317,-0.11972979,0.06292719,-0.4232876,0.07251901,-0.03556732,0.028116144,-0.996336,nan,nan,nan,nan,nan,nan,0.0,0.0,0.0,0.0,0.0,0.0,nan,nan,nan,1,0,0,0
5731911940,5731911935,-0.11972101,0.06293216,-0.42325816,0.07250791,-0.035566475,0.028265832,-0.9963326,nan,nan,nan,nan,nan,nan,0.0,0.0,0.0,0.0,0.0,0.0,nan,nan,nan,1,0,0,0
5731920296,5731920291,-0.11972234,0.06294651,-0.4232535,0.072482206,-0.03559976,0.028073726,-0.99633867,nan,nan,nan,nan,nan,nan,0.0,0.0,0.0,0.0,0.0,0.0,nan,nan,nan,1,0,0,0
5731930443,5731930437,-0.119738914,0.062921576,-0.42328784,0.07252892,-0.03550317,0.028097313,-0.9963381,nan,nan,nan,nan,nan,nan,0.0,0.0,0.0,0.0,0.0,0.0,nan,nan,nan,1,0,0,0
5731937286,5731937279,-0.119799785,0.06265341,-0.42295712,0.06966477,-0.042067807,0.021571197,-0.99644965,nan,nan,nan,nan,nan,nan,0.0,0.0,0.0,0.0,0.0,0.0,nan,nan,nan,1,0,0,0
5731945334,5731945328,-0.119797654,0.06265377,-0.4229362,0.06967262,-0.042092636,0.02150454,-0.9964494,nan,nan,nan,nan,nan,nan,0.0,0.0,0.0,0.0,0.0,0.0,nan,nan,nan,1,0,0,0
5731954365,5731954360,-0.11980637,0.06268205,-0.42297474,0.06958191,-0.042185787,0.02137098,-0.9964548,nan,nan,nan,nan,nan,nan,0.0,0.0,0.0,0.0,0.0,0.0,nan,nan,nan,1,0,0,0
5731965296,5731965291,-0.11973474,0.06290515,-0.42327976,0.07249347,-0.035586804,0.028263845,-0.99633294,nan,nan,nan,nan,nan,nan,0.0,0.0,0.0,0.0,0.0,0.0,nan,nan,nan,1,0,0,0
5731971294,5731971288,-0.119726196,0.06293792,-0.42328754,0.07243114,-0.03564439,0.028122824,-0.9963395,nan,nan,nan,nan,nan,nan,0.0,0.0,0.0,0.0,0.0,0.0,nan,nan,nan,1,0,0,0
5731978198,5731978193,-0.11972138,0.06293777,-0.42326644,0.0725474,-0.03562036,0.028073236,-0.99633324,nan,nan,nan,nan,nan,nan,0.0,0.0,0.0,0.0,0.0,0.0,nan,nan,nan,1,0,0,0
5731987487,5731987481,-0.119728625,0.06295026,-0.4232654,0.07249711,-0.03553887,0.028130408,-0.9963382,nan,nan,nan,nan,nan,nan,0.0,0.0,0.0,0.0,0.0,0.0,nan,nan,nan,1,0,0,0
5731995343,5731995337,-0.11973144,0.06291351,-0.4232647,0.07257486,-0.035481766,0.028160691,-0.9963337,nan,nan,nan,nan,nan,nan,0.0,0.0,0.0,0.0,0.0,0.0,nan,nan,nan,1,0,0,0
5732003292,5732003286,-0.11979325,0.0626548,-0.4229502,0.06964813,-0.042205147,0.021547828,-0.9964454,nan,nan,nan,nan,nan,nan,0.0,0.0,0.0,0.0,0.0,0.0,nan,nan,nan,1,0,0,0
5732011715,5732011710,-0.1198,0.06266991,-0.42294958,0.06963465,-0.04214184,0.021437954,-0.9964515,nan,nan,nan,nan,nan,nan,0.0,0.0,0.0,0.0,0.0,0.0,nan,nan,nan,1,0,0,0
5732021301,5732021295,-0.11981532,0.06265892,-0.42294747,0.06957667,-0.04205193,0.021421509,-0.99645966,nan,nan,nan,nan,nan,nan,0.0,0.0,0.0,0.0,0.0,0.0,nan,nan,nan,1,0,0,0
5732028298,5732028293,-0.11980366,0.06301109,-0.42327815,0.07261748,-0.036712013,0.027661627,-0.99630004,nan,nan,nan,nan,nan,nan,0.0,0.0,0.0,0.0,0.0,0.0,nan,nan,nan,1,0,0,0
5732037393,5732037388,-0.119801335,0.06301758,-0.4232588,0.07261156,-0.036594536,0.027689112,-0.996304,nan,nan,nan,nan,nan,nan,0.0,0.0,0.0,0.0,0.0,0.0,nan,nan,nan,1,0,0,0
5732044514,5732044508,-0.11981077,0.06304232,-0.4232759,0.07254396,-0.03661864,0.027595961,-0.99631065,nan,nan,nan,nan,nan,nan,0.0,0.0,0.0,0.0,0.0,0.0,nan,nan,nan,1,0,0,0
5732053344,5732053338,-0.11979369,0.06268756,-0.4229603,0.06968794,-0.04194282,0.021469085,-0.9964555,nan,nan,nan,nan,nan,nan,0.0,0.0,0.0,0.0,0.0,0.0,nan,nan,nan,1,0,0,0
5732061296,5732061290,-0.11971268,0.062913515,-0.42325443,0.072502166,-0.035451535,0.028359216,-0.9963344,nan,nan,nan,nan,nan,nan,0.0,0.0,0.0,0.0,0.0,0.0,nan,nan,nan,1,0,0,0
5732070294,5732070288,-0.11971894,0.06294875,-0.42326418,0.07250882,-0.0355906,0.02811547,-0.9963359,nan,nan,nan,nan,nan,nan,0.0,0.0,0.0,0.0,0.0,0.0,nan,nan,nan,1,0,0,0
5732080126,5732080121,-0.11972837,0.06293154,-0.42325428,0.072480395,-0.035612755,0.028028414,-0.9963397,nan,nan,nan,nan,nan,nan,0.0,0.0,0.0,0.0,0.0,0.0,nan,nan,nan,1,0,0,0
5732087517,5732087511,-0.11979294,0.06266167,-0.4229483,0.06965513,-0.042114258,0.02142175,-0.99645156,nan,nan,nan,nan,nan,nan,0.0,0.0,0.0,0.0,0.0,0.0,nan,nan,nan,1,0,0,0
5732095295,5732095290,-0.11972721,0.06291017,-0.42327386,0.07252291,-0.03563559,0.028082855,-0.99633425,nan,nan,nan,nan,nan,nan,0.0,0.0,0.0,0.0,0.0,0.0,nan,nan,nan,1,0,0,0
5732103289,5732103283,-0.11973046,0.062938176,-0.42327705,0.072441995,-0.035644494,0.02793505,-0.9963439,nan,nan,nan,nan,nan,nan,0.0,0.0,0.0,0.0,0.0,0.0,nan,nan,nan,1,0,0,0
5732111484,5732111478,-0.11973316,0.06292827,-0.4232584,0.07249639,-0.03568352,0.028032275,-0.99633586,nan,nan,nan,nan,nan,nan,0.0,0.0,0.0,0.0,0.0,0.0,nan,nan,nan,1,0,0,0
5732120334,5732120329,-0.11972507,0.062904246,-0.42324963,0.0724803,-0.035726473,0.028363226,-0.9963261,nan,nan,nan,nan,nan,nan,0.0,0.0,0.0,0.0,0.0,0.0,nan,nan,nan,1,0,0,0
5732129861,5732129601,-0.11973067,0.06288723,-0.42326176,0.07253964,-0.035563845,0.028228547,-0.99633145,nan,nan,nan,nan,nan,nan,0.0,0.0,0.0,0.0,0.0,0.0,nan,nan,nan,1,0,0,0
5732137318,5732137312,-0.119743004,0.0628973,-0.42327288,0.07250314,-0.035542365,0.02810917,-0.9963381,nan,nan,nan,nan,nan,nan,0.0,0.0,0.0,0.0,0.0,0.0,nan,nan,nan,1,0,0,0
5732145641,5732145635,-0.11980913,0.062624745,-0.42293024,0.069652334,-0.04198603,0.021522747,-0.99645495,nan,nan,nan,nan,nan,nan,0.0,0.0,0.0,0.0,0.0,0.0,nan,nan,nan,1,0,0,0
5732154294,5732154288,-0.11979667,0.06263436,-0.42294014,0.06956438,-0.04219142,0.02162568,-0.9964502,nan,nan,nan,nan,nan,nan,0.0,0.0,0.0,0.0,0.0,0.0,nan,nan,nan,1,0,0,0
5732161305,5732161300,-0.119806655,0.062625684,-0.42294756,0.06962361,-0.042054933,0.021544984,-0.99645364,nan,nan,nan,nan,nan,nan,0.0,0.0,0.0,0.0,0.0,0.0,nan,nan,nan,1,0,0,0
5732170762,5732170756,-0.11980603,0.062605664,-0.42294732,0.06962198,-0.04205036,0.02162456,-0.99645215,nan,nan,nan,nan,nan,nan,0.0,0.0,0.0,0.0,0.0,0.0,nan,nan,nan,1,0,0,0
5732177866,5732177860,-0.1198056,0.06261218,-0.42293856,0.06963255,-0.042138323,0.021578612,-0.9964487,nan,nan,nan,nan,nan,nan,0.0,0.0,0.0,0.0,0.0,0.0,nan,nan,nan,1,0,0,0
5732186301,5732186293,-0.11980437,0.06260829,-0.42292836,0.06964321,-0.041966386,0.021566935,-0.9964555,nan,nan,nan,nan,nan,nan,0.0,0.0,0.0,0.0,0.0,0.0,nan,nan,nan,1,0,0,0
5732195293,5732195288,-0.11980663,0.06261288,-0.422946,0.0696461,-0.04212166,0.021584813,-0.9964484,nan,nan,nan,nan,nan,nan,0.0,0.0,0.0,0.0,0.0,0.0,nan,nan,nan,1,0,0,0
5732204292,5732204286,-0.119737,0.06286448,-0.42326385,0.072519824,-0.035460666,0.028192462,-0.9963376,nan,nan,nan,nan,nan,nan,0.0,0.0,0.0,0.0,0.0,0.0,nan,nan,nan,1,0,0,0
5732211372,5732211366,-0.119801536,0.06262425,-0.42293918,0.069579065,-0.042108353,0.021633025,-0.9964525,nan,nan,nan,nan,nan,nan,0.0,0.0,0.0,0.0,0.0,0.0,nan,nan,nan,1,0,0,0
5732221292,5732221286,-0.11979445,0.06263975,-0.42293724,0.06958188,-0.04212843,0.021526981,-0.99645376,nan,nan,nan,nan,nan,nan,0.0,0.0,0.0,0.0,0.0,0.0,nan,nan,nan,1,0,0,0
5732229766,5732229658,-0.11980131,0.06264329,-0.42293343,0.06961443,-0.042105693,0.021584507,-0.99645126,nan,nan,nan,nan,nan,nan,0.0,0.0,0.0,0.0,0.0,0.0,nan,nan,nan,1,0,0,0
5732237298,5732237291,-0.11979305,0.06265144,-0.42292503,0.06964326,-0.042020496,0.021533696,-0.99645394,nan,nan,nan,nan,nan,nan,0.0,0.0,0.0,0.0,0.0,0.0,nan,nan,nan,1,0,0,0
5732244256,5732244245,-0.11970954,0.0628933,-0.42324114,0.07254364,-0.035557244,0.028254583,-0.9963306,nan,nan,nan,nan,nan,nan,0.0,0.0,0.0,0.0,0.0,0.0,nan,nan,nan,1,0,0,0
5732253857,5732253852,-0.11971457,0.06291433,-0.42326435,0.072569646,-0.03551591,0.028130664,-0.99633366,nan,nan,nan,nan,nan,nan,0.0,0.0,0.0,0.0,0.0,0.0,nan,nan,nan,1,0,0,0
5732262297,5732262291,-0.119791955,0.06267909,-0.42293906,0.06958983,-0.0420757,0.02146918,-0.99645674,nan,nan,nan,nan,nan,nan,0.0,0.0,0.0,0.0,0.0,0.0,nan,nan,nan,1,0,0,0
5732271289,5732271283,-0.11971253,0.062946096,-0.42325246,0.07255153,-0.035562873,0.02810353,-0.9963342,nan,nan,nan,nan,nan,nan,0.0,0.0,0.0,0.0,0.0,0.0,nan,nan,nan,1,0,0,0
5732279880,5732279875,-0.11978754,0.06266504,-0.4229375,0.06969651,-0.04198637,0.021563077,-0.99645096,nan,nan,nan,nan,nan,nan,0.0,0.0,0.0,0.0,0.0,0.0,nan,nan,nan,1,0,0,0
5732290005,5732289999,-0.11979307,0.062653005,-0.42296126,0.06959711,-0.04208521,0.021511136,-0.9964549,nan,nan,nan,nan,nan,nan,0.0,0.0,0.0,0.0,0.0,0.0,nan,nan,nan,1,0,0,0
5732295292,5732295286,-0.11972414,0.0629055,-0.42327082,0.07254804,-0.03543774,0.028153451,-0.9963374,nan,nan,nan,nan,nan,nan,0.0,0.0,0.0,0.0,0.0,0.0,nan,nan,nan,1,0,0,0
5732303730,5732303725,-0.11971934,0.0629127,-0.42325804,0.07245692,-0.03569441,0.028107937,-0.99633616,nan,nan,nan,nan,nan,nan,0.0,0.0,0.0,0.0,0.0,0.0,nan,nan,nan,1,0,0,0
5732311855,5732311850,-0.11979844,0.06266322,-0.422947,0.069656685,-0.042132337,0.021537524,-0.99644816,nan,nan,nan,nan,nan,nan,0.0,0.0,0.0,0.0,0.0,0.0,nan,nan,nan,1,0,0,0
5732320600,5732320594,-0.11980209,0.06264391,-0.42294914,0.069635384,-0.04210544,0.02144713,-0.99645275,nan,nan,nan,nan,nan,nan,0.0,0.0,0.0,0.0,0.0,0.0,nan,nan,nan,1,0,0,0
5732329500,5732329495,-0.119726814,0.062885396,-0.42325285,0.07251015,-0.035567425,0.028178975,-0.9963348,nan,nan,nan,nan,nan,nan,0.0,0.0,0.0,0.0,0.0,0.0,nan,nan,nan,1,0,0,0
5732337290,5732337284,-0.119720705,0.06289269,-0.42324346,0.072539754,-0.0354774,0.028318655,-0.99633193,nan,nan,nan,nan,nan,nan,0.0,0.0,0.0,0.0,0.0,0.0,nan,nan,nan,1,0,0,0
5732344751,5732344745,-0.11972337,0.06288784,-0.42324916,0.07251585,-0.035463117,0.028198374,-0.99633765,nan,nan,nan,nan,nan,nan,0.0,0.0,0.0,0.0,0.0,0.0,nan,nan,nan,1,0,0,0
5732353589,5732353584,-0.119733326,0.06287705,-0.42326078,0.07253994,-0.03538798,0.028273027,-0.9963364,nan,nan,nan,nan,nan,nan,0.0,0.0,0.0,0.0,0.0,0.0,nan,nan,nan,1,0,0,0
5732362297,5732362292,-0.119724,0.062887274,-0.42326123,0.07250874,-0.035561692,0.028217224,-0.9963341,nan,nan,nan,nan,nan,nan,0.0,0.0,0.0,0.0,0.0,0.0,nan,nan,nan,1,0,0,0
5732370024,5732370017,-0.11972859,0.06288051,-0.42325956,0.07254856,-0.03549779,0.028285129,-0.9963315,nan,nan,nan,nan,nan,nan,0.0,0.0,0.0,0.0,0.0,0.0,nan,nan,nan,1,0,0,0
5732381391,5732381386,-0.11974064,0.06288368,-0.42326838,0.07249885,-0.035544783,0.028107185,-0.9963385,nan,nan,nan,nan,nan,nan,0.0,0.0,0.0,0.0,0.0,0.0,nan,nan,nan,1,0,0,0
5732386300,5732386295,-0.11980032,0.06262679,-0.42294744,0.06967171,-0.04196931,0.02156405,-0.9964534,nan,nan,nan,nan,nan,nan,0.0,0.0,0.0,0.0,0.0,0.0,nan,nan,nan,1,0,0,0
5732396300,5732396294,-0.119798124,0.06263291,-0.42294136,0.06964108,-0.042052217,0.021664632,-0.9964498,nan,nan,nan,nan,nan,nan,0.0,0.0,0.0,0.0,0.0,0.0,nan,nan,nan,1,0,0,0
5732404486,5732404480,-0.11979824,0.062646575,-0.42294043,0.06963398,-0.042010006,0.021559794,-0.9964544,nan,nan,nan,nan,nan,nan,0.0,0.0,0.0,0.0,0.0,0.0,nan,nan,nan,1,0,0,0
5732411712,5732411707,-0.11980581,0.06263156,-0.4229452,0.069630325,-0.042014502,0.021603415,-0.9964536,nan,nan,nan,nan,nan,nan,0.0,0.0,0.0,0.0,0.0,0.0,nan,nan,nan,1,0,0,0
5732420292,5732420287,-0.11978828,0.062650256,-0.4229527,0.06959318,-0.04217051,0.0215979,-0.99644965,nan,nan,nan,nan,nan,nan,0.0,0.0,0.0,0.0,0.0,0.0,nan,nan,nan,1,0,0,0
5732429610,5732429581,-0.119720526,0.06291171,-0.42324963,0.07245447,-0.035627656,0.028156929,-0.99633735,nan,nan,nan,nan,nan,nan,0.0,0.0,0.0,0.0,0.0,0.0,nan,nan,nan,1,0,0,0
5732436422,5732436315,-0.11979271,0.06264563,-0.4229398,0.069607414,-0.042081706,0.021564504,-0.99645317,nan,nan,nan,nan,nan,nan,0.0,0.0,0.0,0.0,0.0,0.0,nan,nan,nan,1,0,0,0
5732444560,5732444554,-0.11972355,0.06288563,-0.42325217,0.072568074,-0.035478186,0.028118322,-0.9963355,nan,nan,nan,nan,nan,nan,0.0,0.0,0.0,0.0,0.0,0.0,nan,nan,nan,1,0,0,0
5732455315,5732455310,-0.11972075,0.06289215,-0.42326224,0.07238964,-0.035640556,0.02822503,-0.9963397,nan,nan,nan,nan,nan,nan,0.0,0.0,0.0,0.0,0.0,0.0,nan,nan,nan,1,0,0,0
5732462352,5732462346,-0.11978381,0.062636055,-0.42291844,0.06965249,-0.04202931,0.021497905,-0.99645364,nan,nan,nan,nan,nan,nan,0.0,0.0,0.0,0.0,0.0,0.0,nan,nan,nan,1,0,0,0
5732471294,5732471288,-0.11972097,0.06290184,-0.42325082,0.07250317,-0.035560027,0.028222285,-0.99633443,nan,nan,nan,nan,nan,nan,0.0,0.0,0.0,0.0,0.0,0.0,nan,nan,nan,1,0,0,0
5732479580,5732479575,-0.11978493,0.06263462,-0.42294273,0.069648266,-0.04214942,0.021580888,-0.99644715,nan,nan,nan,nan,nan,nan,0.0,0.0,0.0,0.0,0.0,0.0,nan,nan,nan,1,0,0,0
5732486302,5732486296,-0.11979204,0.06262875,-0.42293903,0.06964408,-0.042125404,0.021658702,-0.99644667,nan,nan,nan,nan,nan,nan,0.0,0.0,0.0,0.0,0.0,0.0,nan,nan,nan,1,0,0,0
5732494332,5732494327,-0.11979339,0.06263345,-0.42294443,0.06965976,-0.042002484,0.021550078,-0.9964531,nan,nan,nan,nan,nan,nan,0.0,0.0,0.0,0.0,0.0,0.0,nan,nan,nan,1,0,0,0
5732504324,5732504318,-0.119726144,0.06289599,-0.4232628,0.07242199,-0.035499513,0.028232468,-0.9963422,nan,nan,nan,nan,nan,nan,0.0,0.0,0.0,0.0,0.0,0.0,nan,nan,nan,1,0,0,0
5732511034,5732511029,-0.11978895,0.0626602,-0.42294002,0.069589674,-0.042109422,0.021491967,-0.9964548,nan,nan,nan,nan,nan,nan,0.0,0.0,0.0,0.0,0.0,0.0,nan,nan,nan,1,0,0,0
5732521294,5732521288,-0.119787395,0.06265787,-0.42292446,0.069632396,-0.042048194,0.02167732,-0.99645036,nan,nan,nan,nan,nan,nan,0.0,0.0,0.0,0.0,0.0,0.0,nan,nan,nan,1,0,0,0
5732529711,5732529706,-0.11972429,0.06290045,-0.4232522,0.07254673,-0.03553583,0.028180776,-0.9963333,nan,nan,nan,nan,nan,nan,0.0,0.0,0.0,0.0,0.0,0.0,nan,nan,nan,1,0,0,0
5732537294,5732537289,-0.11972592,0.062889256,-0.4232763,0.07253413,-0.03545854,0.02827216,-0.9963343,nan,nan,nan,nan,nan,nan,0.0,0.0,0.0,0.0,0.0,0.0,nan,nan,nan,1,0,0,0
5732545196,5732545162,-0.11979632,0.06264217,-0.4229433,0.069642276,-0.042033046,0.02165255,-0.9964509,nan,nan,nan,nan,nan,nan,0.0,0.0,0.0,0.0,0.0,0.0,nan,nan,nan,1,0,0,0
5732559718,5732559712,-0.1197301,0.06289693,-0.42324227,0.07242798,-0.035645682,0.028216569,-0.996337,nan,nan,nan,nan,nan,nan,0.0,0.0,0.0,0.0,0.0,0.0,nan,nan,nan,1,0,0,0
5732563379,5732563374,-0.119736865,0.06289663,-0.4232589,0.07247155,-0.035599466,0.028166238,-0.9963368,nan,nan,nan,nan,nan,nan,0.0,0.0,0.0,0.0,0.0,0.0,nan,nan,nan,1,0,0,0
5732570293,5732570288,-0.11973396,0.06288946,-0.42327434,0.07250378,-0.035409063,0.028241262,-0.9963392,nan,nan,nan,nan,nan,nan,0.0,0.0,0.0,0.0,0.0,0.0,nan,nan,nan,1,0,0,0
5732579308,5732579303,-0.119734176,0.06287756,-0.42326504,0.07252027,-0.03560754,0.028134989,-0.99633384,nan,nan,nan,nan,nan,nan,0.0,0.0,0.0,0.0,0.0,0.0,nan,nan,nan,1,0,0,0
5732589751,5732589745,-0.11980905,0.062647805,-0.42295504,0.0697034,-0.041996486,0.021404156,-0.9964535,nan,nan,nan,nan,nan,nan,0.0,0.0,0.0,0.0,0.0,0.0,nan,nan,nan,1,0,0,0
5732595435,5732595430,-0.119737394,0.06292546,-0.42325518,0.07245944,-0.035677798,0.028007122,-0.99633944,nan,nan,nan,nan,nan,nan,0.0,0.0,0.0,0.0,0.0,0.0,nan,nan,nan,1,0,0,0
5732603490,5732603484,-0.119802184,0.06264753,-0.42292804,0.06961316,-0.042119835,0.021638097,-0.99644953,nan,nan,nan,nan,nan,nan,0.0,0.0,0.0,0.0,0.0,0.0,nan,nan,nan,1,0,0,0
5732612195,5732612189,-0.11973195,0.062895566,-0.42326343,0.072504476,-0.035506375,0.028197596,-0.9963369,nan,nan,nan,nan,nan,nan,0.0,0.0,0.0,0.0,0.0,0.0,nan,nan,nan,1,0,0,0
5732620484,5732620478,-0.119809546,0.06264348,-0.42296618,0.06956685,-0.04222701,0.021549158,-0.9964502,nan,nan,nan,nan,nan,nan,0.0,0.0,0.0,0.0,0.0,0.0,nan,nan,nan,1,0,0,0
5732629194,5732629189,-0.119731925,0.06288543,-0.42327195,0.07247936,-0.035569582,0.028066864,-0.9963402,nan,nan,nan,nan,nan,nan,0.0,0.0,0.0,0.0,0.0,0.0,nan,nan,nan,1,0,0,0
5732637294,5732637288,-0.11972759,0.06288626,-0.42325798,0.072444595,-0.03552853,0.028318359,-0.99633706,nan,nan,nan,nan,nan,nan,0.0,0.0,0.0,0.0,0.0,0.0,nan,nan,nan,1,0,0,0
5732644384,5732644378,-0.119717464,0.06291062,-0.42323297,0.072497144,-0.035452176,0.02834172,-0.99633527,nan,nan,nan,nan,nan,nan,0.0,0.0,0.0,0.0,0.0,0.0,nan,nan,nan,1,0,0,0
5732654294,5732654288,-0.11979824,0.06263829,-0.42294237,0.069634475,-0.042167597,0.021505592,-0.9964489,nan,nan,nan,nan,nan,nan,0.0,0.0,0.0,0.0,0.0,0.0,nan,nan,nan,1,0,0,0
5732661325,5732661320,-0.11979487,0.06262647,-0.42295027,0.06966048,-0.042092472,0.021499706,-0.9964504,nan,nan,nan,nan,nan,nan,0.0,0.0,0.0,0.0,0.0,0.0,nan,nan,nan,1,0,0,0
5732670429,5732670424,-0.11979108,0.06264768,-0.4229407,0.06962476,-0.04211237,0.021611838,-0.9964496,nan,nan,nan,nan,nan,nan,0.0,0.0,0.0,0.0,0.0,0.0,nan,nan,nan,1,0,0,0
5732679494,5732679489,-0.11978505,0.062660836,-0.42294157,0.069651596,-0.042024996,0.021588746,-0.9964519,nan,nan,nan,nan,nan,nan,0.0,0.0,0.0,0.0,0.0,0.0,nan,nan,nan,1,0,0,0
5732687300,5732687294,-0.119795635,0.062649846,-0.4229438,0.069583125,-0.042066764,0.021654777,-0.9964535,nan,nan,nan,nan,nan,nan,0.0,0.0,0.0,0.0,0.0,0.0,nan,nan,nan,1,0,0,0
5732696296,5732696291,-0.11971203,0.062910475,-0.42326194,0.072510794,-0.03549671,0.028275697,-0.99633455,nan,nan,nan,nan,nan,nan,0.0,0.0,0.0,0.0,0.0,0.0,nan,nan,nan,1,0,0,0
5732706291,5732706285,-0.119789,0.062666036,-0.42294917,0.06958552,-0.0422408,0.021549635,-0.9964483,nan,nan,nan,nan,nan,nan,0.0,0.0,0.0,0.0,0.0,0.0,nan,nan,nan,1,0,0,0
5732712195,5732712189,-0.11979255,0.062665515,-0.42293492,0.06960313,-0.04211262,0.021450061,-0.99645466,nan,nan,nan,nan,nan,nan,0.0,0.0,0.0,0.0,0.0,0.0,nan,nan,nan,1,0,0,0
5732721288,5732721283,-0.11971473,0.062930934,-0.42324227,0.072541654,-0.035396468,0.028258754,-0.9963364,nan,nan,nan,nan,nan,nan,0.0,0.0,0.0,0.0,0.0,0.0,nan,nan,nan,1,0,0,0
5732729720,5732729714,-0.119715825,0.06292432,-0.42324552,0.07251117,-0.03550823,0.028241267,-0.99633515,nan,nan,nan,nan,nan,nan,0.0,0.0,0.0,0.0,0.0,0.0,nan,nan,nan,1,0,0,0
5732737294,5732737288,-0.11978946,0.06266492,-0.42294392,0.06964352,-0.042047635,0.021533184,-0.99645275,nan,nan,nan,nan,nan,nan,0.0,0.0,0.0,0.0,0.0,0.0,nan,nan,nan,1,0,0,0
5732744987,5732744982,-0.11980171,0.062659755,-0.42295632,0.06957187,-0.042073917,0.021504242,-0.99645734,nan,nan,nan,nan,nan,nan,0.0,0.0,0.0,0.0,0.0,0.0,nan,nan,nan,1,0,0,0
5732753302,5732753296,-0.11979648,0.06268067,-0.42295673,0.06968865,-0.042044073,0.021570439,-0.9964489,nan,nan,nan,nan,nan,nan,0.0,0.0,0.0,0.0,0.0,0.0,nan,nan,nan,1,0,0,0
5732762324,5732762318,-0.11973398,0.06293812,-0.42324802,0.0724165,-0.035622362,0.028158143,-0.9963403,nan,nan,nan,nan,nan,nan,0.0,0.0,0.0,0.0,0.0,0.0,nan,nan,nan,1,0,0,0
5732770292,5732770287,-0.119795114,0.06270604,-0.42293823,0.06967151,-0.042049885,0.021520125,-0.996451,nan,nan,nan,nan,nan,nan,0.0,0.0,0.0,0.0,0.0,0.0,nan,nan,nan,1,0,0,0
5732779322,5732779317,-0.11971811,0.06294215,-0.4232754,0.0724744,-0.03557627,0.028212912,-0.9963361,nan,nan,nan,nan,nan,nan,0.0,0.0,0.0,0.0,0.0,0.0,nan,nan,nan,1,0,0,0
5732786449,5732786443,-0.119721435,0.06294995,-0.4232684,0.07254897,-0.035551473,0.028178731,-0.9963326,nan,nan,nan,nan,nan,nan,0.0,0.0,0.0,0.0,0.0,0.0,nan,nan,nan,1,0,0,0
5732795300,5732795295,-0.119730026,0.06297367,-0.42326906,0.07242014,-0.03567358,0.02805399,-0.9963411,nan,nan,nan,nan,nan,nan,0.0,0.0,0.0,0.0,0.0,0.0,nan,nan,nan,1,0,0,0
5732803294,5732803289,-0.119801626,0.06268752,-0.42295727,0.06961954,-0.042021245,0.02141726,-0.99645805,nan,nan,nan,nan,nan,nan,0.0,0.0,0.0,0.0,0.0,0.0,nan,nan,nan,1,0,0,0
5732811947,5732811942,-0.11974308,0.062961236,-0.42327803,0.072446205,-0.035757583,0.028012684,-0.9963375,nan,nan,nan,nan,nan,nan,0.0,0.0,0.0,0.0,0.0,0.0,nan,nan,nan,1,0,0,0
5732820326,5732820319,-0.11973072,0.06295543,-0.42327282,0.072482005,-0.035524476,0.028196808,-0.99633795,nan,nan,nan,nan,nan,nan,0.0,0.0,0.0,0.0,0.0,0.0,nan,nan,nan,1,0,0,0
5732829410,5732829404,-0.119813025,0.062681474,-0.42296764,0.069643155,-0.041994557,0.021585507,-0.9964539,nan,nan,nan,nan,nan,nan,0.0,0.0,0.0,0.0,0.0,0.0,nan,nan,nan,1,0,0,0
5732837293,5732837288,-0.11980762,0.062678464,-0.4229665,0.06960404,-0.04207154,0.021552956,-0.99645406,nan,nan,nan,nan,nan,nan,0.0,0.0,0.0,0.0,0.0,0.0,nan,nan,nan,1,0,0,0
5732845457,5732845452,-0.11973461,0.0629316,-0.4232648,0.07253858,-0.035386533,0.028410051,-0.99633265,nan,nan,nan,nan,nan,nan,0.0,0.0,0.0,0.0,0.0,0.0,nan,nan,nan,1,0,0,0
5732853297,5732853291,-0.11972988,0.06295366,-0.42324772,0.07249893,-0.03549693,0.028271286,-0.99633557,nan,nan,nan,nan,nan,nan,0.0,0.0,0.0,0.0,0.0,0.0,nan,nan,nan,1,0,0,0
5732862331,5732862326,-0.11973626,0.0629481,-0.4232666,0.07241964,-0.035655227,0.028046023,-0.99634206,nan,nan,nan,nan,nan,nan,0.0,0.0,0.0,0.0,0.0,0.0,nan,nan,nan,1,0,0,0
5732870297,5732870292,-0.11973211,0.0629004,-0.42326027,0.07251773,-0.03532056,0.028180357,-0.996343,nan,nan,nan,nan,nan,nan,0.0,0.0,0.0,0.0,0.0,0.0,nan,nan,nan,1,0,0,0
5732879154,5732879148,-0.11973751,0.06292005,-0.42326188,0.07246397,-0.035550635,0.028347656,-0.996334,nan,nan,nan,nan,nan,nan,0.0,0.0,0.0,0.0,0.0,0.0,nan,nan,nan,1,0,0,0
5732887323,5732887318,-0.119809546,0.062644064,-0.42293742,0.06967338,-0.04194841,0.021585474,-0.99645364,nan,nan,nan,nan,nan,nan,0.0,0.0,0.0,0.0,0.0,0.0,nan,nan,nan,1,0,0,0
5732895297,5732895291,-0.119804576,0.06267074,-0.42294532,0.0695541,-0.04220528,0.021531463,-0.9964524,nan,nan,nan,nan,nan,nan,0.0,0.0,0.0,0.0,0.0,0.0,nan,nan,nan,1,0,0,0
5732904295,5732904290,-0.11973069,0.06291188,-0.4232468,0.07248692,-0.035595115,0.028305802,-0.99633193,nan,nan,nan,nan,nan,nan,0.0,0.0,0.0,0.0,0.0,0.0,nan,nan,nan,1,0,0,0
5732911761,5732911756,-0.11972574,0.062900886,-0.42324865,0.07251917,-0.035442945,0.028364467,-0.99633336,nan,nan,nan,nan,nan,nan,0.0,0.0,0.0,0.0,0.0,0.0,nan,nan,nan,1,0,0,0
5732921370,5732921365,-0.11966147,0.062902644,-0.4232224,0.07228111,-0.035183974,0.028991975,-0.9963418,nan,nan,nan,nan,nan,nan,0.0,0.0,0.0,0.0,0.0,0.0,nan,nan,nan,1,0,0,0
5732929528,5732929523,-0.11980215,0.06263646,-0.4229345,0.06960516,-0.04207952,0.02159295,-0.9964528,nan,nan,nan,nan,nan,nan,0.0,0.0,0.0,0.0,0.0,0.0,nan,nan,nan,1,0,0,0
5732939294,5732939289,-0.11972842,0.06265284,-0.42287266,0.06962427,-0.042130835,0.021639768,-0.9964483,nan,nan,nan,nan,nan,nan,0.0,0.0,0.0,0.0,0.0,0.0,nan,nan,nan,1,0,0,0
5732944634,5732944628,-0.119651675,0.06268052,-0.4228504,0.07015682,-0.04253083,0.021464838,-0.9963977,nan,nan,nan,nan,nan,nan,0.0,0.0,0.0,0.0,0.0,0.0,nan,nan,nan,1,0,0,0
5732953308,5732953303,-0.11968318,0.06277675,-0.42288756,0.07164063,-0.035946604,0.027952747,-0.9963905,nan,nan,nan,nan,nan,nan,0.0,0.0,0.0,0.0,0.0,0.0,nan,nan,nan,1,0,0,0
5732962813,5732962808,-0.11972127,0.062357504,-0.42251182,0.06848751,-0.04205617,0.024924086,-0.99645346,nan,nan,nan,nan,nan,nan,0.0,0.0,0.0,0.0,0.0,0.0,nan,nan,nan,1,0,0,0
5732969299,5732969293,-0.11974705,0.06282412,-0.42290747,0.0705821,-0.038143728,0.025290016,-0.99645555,nan,nan,nan,nan,nan,nan,0.0,0.0,0.0,0.0,0.0,0.0,nan,nan,nan,1,0,0,0
5732979100,5732979094,-0.119667985,0.062361967,-0.42250645,0.069107585,-0.042078022,0.024630424,-0.996417,nan,nan,nan,nan,nan,nan,0.0,0.0,0.0,0.0,0.0,0.0,nan,nan,nan,1,0,0,0
5732989481,5732989476,-0.11967246,0.062366143,-0.4225105,0.06915114,-0.04187679,0.024550892,-0.9964245,nan,nan,nan,nan,nan,nan,0.0,0.0,0.0,0.0,0.0,0.0,nan,nan,nan,1,0,0,0
5732995297,5732995292,-0.11967727,0.062367063,-0.42248744,0.06912423,-0.041928776,0.024644107,-0.9964219,nan,nan,nan,nan,nan,nan,0.0,0.0,0.0,0.0,0.0,0.0,nan,nan,nan,1,0,0,0
5733003300,5733003294,-0.11968143,0.062365748,-0.42250097,0.06916106,-0.04199752,0.024576794,-0.99641806,nan,nan,nan,nan,nan,nan,0.0,0.0,0.0,0.0,0.0,0.0,nan,nan,nan,1,0,0,0
5733011750,5733011744,-0.11972739,0.06235529,-0.4225599,0.06954576,-0.041804552,0.024377542,-0.99640423,nan,nan,nan,nan,nan,nan,0.0,0.0,0.0,0.0,0.0,0.0,nan,nan,nan,1,0,0,0
5733020305,5733020299,-0.11973041,0.06234587,-0.4225657,0.0696234,-0.041880175,0.024427477,-0.9963944,nan,nan,nan,nan,nan,nan,0.0,0.0,0.0,0.0,0.0,0.0,nan,nan,nan,1,0,0,0
5733029295,5733029290,-0.11975735,0.061969165,-0.42223853,0.06747128,-0.04893996,0.02920228,-0.9960922,nan,nan,nan,nan,nan,nan,0.0,0.0,0.0,0.0,0.0,0.0,nan,nan,nan,1,0,0,0
5733038821,5733038655,-0.119759105,0.061978888,-0.42224526,0.067488626,-0.04883482,0.029249374,-0.9960949,nan,nan,nan,nan,nan,nan,0.0,0.0,0.0,0.0,0.0,0.0,nan,nan,nan,1,0,0,0
5733045826,5733045785,-0.11975885,0.06198056,-0.42226014,0.06754153,-0.048852663,0.029269911,-0.9960897,nan,nan,nan,nan,nan,nan,0.0,0.0,0.0,0.0,0.0,0.0,nan,nan,nan,1,0,0,0
5733054297,5733054292,-0.11982209,0.06196816,-0.4222811,0.06705509,-0.048763208,0.029453399,-0.99612164,nan,nan,nan,nan,nan,nan,0.0,0.0,0.0,0.0,0.0,0.0,nan,nan,nan,1,0,0,0
5733063337,5733063331,-0.11987289,0.061962906,-0.4223002,0.0668644,-0.048404865,0.029505037,-0.9961503,nan,nan,nan,nan,nan,nan,0.0,0.0,0.0,0.0,0.0,0.0,nan,nan,nan,1,0,0,0
5733070297,5733070292,-0.119873084,0.06194449,-0.42228013,0.066882536,-0.048428744,0.029521173,-0.9961475,nan,nan,nan,nan,nan,nan,0.0,0.0,0.0,0.0,0.0,0.0,nan,nan,nan,1,0,0,0
5733078897,5733078892,-0.119868875,0.061941445,-0.42229265,0.06684799,-0.04844611,0.029514883,-0.99614924,nan,nan,nan,nan,nan,nan,0.0,0.0,0.0,0.0,0.0,0.0,nan,nan,nan,1,0,0,0
5733088664,5733088659,-0.11985883,0.061923977,-0.42226976,0.06693015,-0.048409306,0.029472336,-0.9961468,nan,nan,nan,nan,nan,nan,0.0,0.0,0.0,0.0,0.0,0.0,nan,nan,nan,1,0,0,0
5733095300,5733095295,-0.1199244,0.061932996,-0.42233452,0.066743836,-0.04828379,0.029472265,-0.9961653,nan,nan,nan,nan,nan,nan,0.0,0.0,0.0,0.0,0.0,0.0,nan,nan,nan,1,0,0,0
5733104295,5733104289,-0.11992615,0.06193292,-0.42234355,0.0667486,-0.04834051,0.029454863,-0.99616283,nan,nan,nan,nan,nan,nan,0.0,0.0,0.0,0.0,0.0,0.0,nan,nan,nan,1,0,0,0
5733111103,5733111098,-0.11992148,0.061936293,-0.42233992,0.066734016,-0.04840593,0.0294528,-0.99616057,nan,nan,nan,nan,nan,nan,0.0,0.0,0.0,0.0,0.0,0.0,nan,nan,nan,1,0,0,0
5733120301,5733120296,-0.11986587,0.061954852,-0.42230994,0.06700164,-0.048552703,0.029430855,-0.9961362,nan,nan,nan,nan,nan,nan,0.0,0.0,0.0,0.0,0.0,0.0,nan,nan,nan,1,0,0,0
5733129102,5733129097,-0.11985997,0.061960775,-0.42230278,0.06704125,-0.04843905,0.029419634,-0.99613947,nan,nan,nan,nan,nan,nan,0.0,0.0,0.0,0.0,0.0,0.0,nan,nan,nan,1,0,0,0
5733139388,5733139382,-0.11986447,0.06195599,-0.42228717,0.06706971,-0.04841831,0.029398974,-0.9961391,nan,nan,nan,nan,nan,nan,0.0,0.0,0.0,0.0,0.0,0.0,nan,nan,nan,1,0,0,0
5733145041,5733145036,-0.1198589,0.061952498,-0.42230222,0.06703951,-0.048442952,0.029472183,-0.9961378,nan,nan,nan,nan,nan,nan,0.0,0.0,0.0,0.0,0.0,0.0,nan,nan,nan,1,0,0,0
5733154294,5733154288,-0.11985978,0.061964944,-0.42229673,0.067243345,-0.048416782,0.029199354,-0.9961333,nan,nan,nan,nan,nan,nan,0.0,0.0,0.0,0.0,0.0,0.0,nan,nan,nan,1,0,0,0
5733161300,5733161295,-0.119914085,0.061940577,-0.42232963,0.0667345,-0.048315186,0.02944739,-0.99616516,nan,nan,nan,nan,nan,nan,0.0,0.0,0.0,0.0,0.0,0.0,nan,nan,nan,1,0,0,0
5733173618,5733173612,-0.11991864,0.06193455,-0.42235684,0.066718325,-0.048424736,0.029440224,-0.99616116,nan,nan,nan,nan,nan,nan,0.0,0.0,0.0,0.0,0.0,0.0,nan,nan,nan,1,0,0,0
5733178936,5733178931,-0.11984922,0.0618383,-0.42229447,0.067002565,-0.050093886,0.027935665,-0.99610287,nan,nan,nan,nan,nan,nan,0.0,0.0,0.0,0.0,0.0,0.0,nan,nan,nan,1,0,0,0
5733186305,5733186299,-0.11985199,0.06186234,-0.42227682,0.06699715,-0.050065346,0.028002277,-0.99610275,nan,nan,nan,nan,nan,nan,0.0,0.0,0.0,0.0,0.0,0.0,nan,nan,nan,1,0,0,0
5733195309,5733195303,-0.119845204,0.06185579,-0.4222944,0.066975676,-0.0501186,0.028044483,-0.9961003,nan,nan,nan,nan,nan,nan,0.0,0.0,0.0,0.0,0.0,0.0,nan,nan,nan,1,0,0,0
5733203589,5733203584,-0.1198579,0.061940193,-0.4223035,0.06723506,-0.048517764,0.029224208,-0.99612826,nan,nan,nan,nan,nan,nan,0.0,0.0,0.0,0.0,0.0,0.0,nan,nan,nan,1,0,0,0
5733211350,5733211344,-0.11985824,0.06194758,-0.4223103,0.067179374,-0.048584327,0.029261686,-0.9961276,nan,nan,nan,nan,nan,nan,0.0,0.0,0.0,0.0,0.0,0.0,nan,nan,nan,1,0,0,0
5733221337,5733221293,-0.11985556,0.061953854,-0.42229414,0.06719706,-0.04849928,0.029222619,-0.9961318,nan,nan,nan,nan,nan,nan,0.0,0.0,0.0,0.0,0.0,0.0,nan,nan,nan,1,0,0,0
5733229300,5733229295,-0.11986039,0.061941322,-0.4223015,0.06716669,-0.048463866,0.029234694,-0.9961352,nan,nan,nan,nan,nan,nan,0.0,0.0,0.0,0.0,0.0,0.0,nan,nan,nan,1,0,0,0
5733238198,5733238193,-0.119863816,0.06195335,-0.4223243,0.06718675,-0.04850567,0.029258335,-0.9961311,nan,nan,nan,nan,nan,nan,0.0,0.0,0.0,0.0,0.0,0.0,nan,nan,nan,1,0,0,0
5733245496,5733245490,-0.11992184,0.06192011,-0.42232645,0.066739455,-0.04832504,0.029501723,-0.9961628,nan,nan,nan,nan,nan,nan,0.0,0.0,0.0,0.0,0.0,0.0,nan,nan,nan,1,0,0,0
5733253407,5733253401,-0.11998072,0.062116012,-0.42244086,0.06597427,-0.049511544,0.027718762,-0.99620664,nan,nan,nan,nan,nan,nan,0.0,0.0,0.0,0.0,0.0,0.0,nan,nan,nan,1,0,0,0
5733262597,5733262592,-0.119987346,0.062103316,-0.4224446,0.06600793,-0.049470708,0.027814845,-0.9962038,nan,nan,nan,nan,nan,nan,0.0,0.0,0.0,0.0,0.0,0.0,nan,nan,nan,1,0,0,0
5733270296,5733270291,-0.11998487,0.062095895,-0.42245075,0.06596615,-0.049440067,0.027729122,-0.99621046,nan,nan,nan,nan,nan,nan,0.0,0.0,0.0,0.0,0.0,0.0,nan,nan,nan,1,0,0,0
5733280295,5733280289,-0.11998425,0.06211929,-0.42243803,0.065979525,-0.049505174,0.027853867,-0.9962028,nan,nan,nan,nan,nan,nan,0.0,0.0,0.0,0.0,0.0,0.0,nan,nan,nan,1,0,0,0
5733288978,5733288972,-0.11999547,0.06209783,-0.42242873,0.06600361,-0.049481153,0.027774738,-0.9962047,nan,nan,nan,nan,nan,nan,0.0,0.0,0.0,0.0,0.0,0.0,nan,nan,nan,1,0,0,0
5733295299,5733295294,-0.11992381,0.061920106,-0.4223491,0.06670232,-0.048391834,0.029480908,-0.9961626,nan,nan,nan,nan,nan,nan,0.0,0.0,0.0,0.0,0.0,0.0,nan,nan,nan,1,0,0,0
5733303338,5733303332,-0.11998194,0.06209837,-0.4224398,0.06597558,-0.04944961,0.027815873,-0.99620694,nan,nan,nan,nan,nan,nan,0.0,0.0,0.0,0.0,0.0,0.0,nan,nan,nan,1,0,0,0
5733311845,5733311839,-0.12003089,0.062091697,-0.4224591,0.06580878,-0.049852803,0.027903972,-0.9961954,nan,nan,nan,nan,nan,nan,0.0,0.0,0.0,0.0,0.0,0.0,nan,nan,nan,1,0,0,0
5733320296,5733320291,-0.12003272,0.062107872,-0.42246556,0.0657893,-0.04983528,0.028040979,-0.9961937,nan,nan,nan,nan,nan,nan,0.0,0.0,0.0,0.0,0.0,0.0,nan,nan,nan,1,0,0,0
5733329058,5733329052,-0.11996505,0.0619241,-0.4223543,0.06661463,-0.048768926,0.02976949,-0.9961415,nan,nan,nan,nan,nan,nan,0.0,0.0,0.0,0.0,0.0,0.0,nan,nan,nan,1,0,0,0
5733338024,5733338017,-0.1200278,0.062116463,-0.42245978,0.06579401,-0.049793735,0.027964776,-0.9961975,nan,nan,nan,nan,nan,nan,0.0,0.0,0.0,0.0,0.0,0.0,nan,nan,nan,1,0,0,0
5733344727,5733344721,-0.11996152,0.06193843,-0.42237896,0.06656181,-0.048671093,0.029694745,-0.9961521,nan,nan,nan,nan,nan,nan,0.0,0.0,0.0,0.0,0.0,0.0,nan,nan,nan,1,0,0,0
5733353420,5733353414,-0.119953774,0.061915655,-0.42236266,0.06657237,-0.048668172,0.02968956,-0.9961517,nan,nan,nan,nan,nan,nan,0.0,0.0,0.0,0.0,0.0,0.0,nan,nan,nan,1,0,0,0
5733362774,5733362766,-0.11995908,0.06194647,-0.4223591,0.0665931,-0.0487252,0.029646458,-0.99614877,nan,nan,nan,nan,nan,nan,0.0,0.0,0.0,0.0,0.0,0.0,nan,nan,nan,1,0,0,0
5733370298,5733370292,-0.12001979,0.06211894,-0.42245567,0.0657783,-0.049871467,0.027919136,-0.99619603,nan,nan,nan,nan,nan,nan,0.0,0.0,0.0,0.0,0.0,0.0,nan,nan,nan,1,0,0,0
5733378732,5733378727,-0.12001551,0.06212656,-0.42245588,0.0657625,-0.049769256,0.027831206,-0.9962047,nan,nan,nan,nan,nan,nan,0.0,0.0,0.0,0.0,0.0,0.0,nan,nan,nan,1,0,0,0
5733390301,5733390296,-0.12000871,0.062130086,-0.4224665,0.06577514,-0.049794994,0.02786665,-0.9962015,nan,nan,nan,nan,nan,nan,0.0,0.0,0.0,0.0,0.0,0.0,nan,nan,nan,1,0,0,0
5733395295,5733395290,-0.12000271,0.062133458,-0.42246568,0.06580106,-0.04987895,0.027895957,-0.9961948,nan,nan,nan,nan,nan,nan,0.0,0.0,0.0,0.0,0.0,0.0,nan,nan,nan,1,0,0,0
5733403294,5733403288,-0.11999845,0.06214971,-0.42245308,0.06585453,-0.049871407,0.027934948,-0.9961906,nan,nan,nan,nan,nan,nan,0.0,0.0,0.0,0.0,0.0,0.0,nan,nan,nan,1,0,0,0
5733411136,5733411130,-0.1199957,0.06216478,-0.42246106,0.0658065,-0.04977208,0.027921373,-0.9961991,nan,nan,nan,nan,nan,nan,0.0,0.0,0.0,0.0,0.0,0.0,nan,nan,nan,1,0,0,0
5733420298,5733420293,-0.12000059,0.062145665,-0.42246118,0.06587964,-0.04984513,0.027956339,-0.9961896,nan,nan,nan,nan,nan,nan,0.0,0.0,0.0,0.0,0.0,0.0,nan,nan,nan,1,0,0,0
5733428596,5733428591,-0.120002806,0.0621477,-0.42249045,0.065752365,-0.049913272,0.02798235,-0.9961939,nan,nan,nan,nan,nan,nan,0.0,0.0,0.0,0.0,0.0,0.0,nan,nan,nan,1,0,0,0
5733438865,5733438860,-0.120004,0.062157206,-0.42249325,0.06573395,-0.049941108,0.027921023,-0.9961954,nan,nan,nan,nan,nan,nan,0.0,0.0,0.0,0.0,0.0,0.0,nan,nan,nan,1,0,0,0
5733445271,5733445265,-0.11993686,0.06240592,-0.42263755,0.06450899,-0.05303953,0.027161296,-0.99613637,nan,nan,nan,nan,nan,nan,0.0,0.0,0.0,0.0,0.0,0.0,nan,nan,nan,1,0,0,0
5733454450,5733454444,-0.11994103,0.062427457,-0.4226442,0.064499006,-0.053000547,0.02713925,-0.99613965,nan,nan,nan,nan,nan,nan,0.0,0.0,0.0,0.0,0.0,0.0,nan,nan,nan,1,0,0,0
5733463302,5733463297,-0.11995911,0.06280488,-0.42290255,0.06343621,-0.056697242,0.028670281,-0.9959615,nan,nan,nan,nan,nan,nan,0.0,0.0,0.0,0.0,0.0,0.0,nan,nan,nan,1,0,0,0
5733471314,5733471308,-0.120015465,0.06290556,-0.42303476,0.06367574,-0.056933906,0.02988433,-0.995897,nan,nan,nan,nan,nan,nan,0.0,0.0,0.0,0.0,0.0,0.0,nan,nan,nan,1,0,0,0
5733478129,5733478122,-0.11997835,0.062652454,-0.42281422,0.064194694,-0.055136696,0.02921182,-0.99598473,nan,nan,nan,nan,nan,nan,0.0,0.0,0.0,0.0,0.0,0.0,nan,nan,nan,1,0,0,0
5733488542,5733488537,-0.1199851,0.062649064,-0.42278665,0.06424065,-0.055064853,0.029154463,-0.99598753,nan,nan,nan,nan,nan,nan,0.0,0.0,0.0,0.0,0.0,0.0,nan,nan,nan,1,0,0,0
5733495311,5733495305,-0.1199618,0.0632111,-0.42327687,0.06728285,-0.046405975,0.028362863,-0.99625045,nan,nan,nan,nan,nan,nan,0.0,0.0,0.0,0.0,0.0,0.0,nan,nan,nan,1,0,0,0
5733504413,5733504377,-0.11996068,0.06320216,-0.4232867,0.06713653,-0.04675826,0.028786011,-0.9962318,nan,nan,nan,nan,nan,nan,0.0,0.0,0.0,0.0,0.0,0.0,nan,nan,nan,1,0,0,0
5733513572,5733513566,-0.119966984,0.0631969,-0.42328766,0.06726271,-0.046408445,0.02858358,-0.9962454,nan,nan,nan,nan,nan,nan,0.0,0.0,0.0,0.0,0.0,0.0,nan,nan,nan,1,0,0,0
5733521297,5733521291,-0.11996348,0.06319723,-0.42330003,0.06732922,-0.046213754,0.0286883,-0.99624693,nan,nan,nan,nan,nan,nan,0.0,0.0,0.0,0.0,0.0,0.0,nan,nan,nan,1,0,0,0
5733528299,5733528294,-0.11995241,0.063256815,-0.4233418,0.06749509,-0.04588837,0.028410487,-0.99625874,nan,nan,nan,nan,nan,nan,0.0,0.0,0.0,0.0,0.0,0.0,nan,nan,nan,1,0,0,0
5733539030,5733539025,-0.11995731,0.06300012,-0.42304188,0.06523079,-0.051528186,0.031218879,-0.99604976,nan,nan,nan,nan,nan,nan,0.0,0.0,0.0,0.0,0.0,0.0,nan,nan,nan,1,0,0,0
5733544503,5733544498,-0.1199555,0.062983245,-0.42301786,0.06526579,-0.051402897,0.031198302,-0.9960546,nan,nan,nan,nan,nan,nan,0.0,0.0,0.0,0.0,0.0,0.0,nan,nan,nan,1,0,0,0
5733554299,5733554293,-0.119967625,0.06299006,-0.42301106,0.06580558,-0.05039464,0.031130154,-0.99607277,nan,nan,nan,nan,nan,nan,0.0,0.0,0.0,0.0,0.0,0.0,nan,nan,nan,1,0,0,0
5733561297,5733561291,-0.119962886,0.06297856,-0.42299765,0.065769054,-0.05033057,0.031063665,-0.9960806,nan,nan,nan,nan,nan,nan,0.0,0.0,0.0,0.0,0.0,0.0,nan,nan,nan,1,0,0,0
5733572317,5733572311,-0.11974746,0.06357094,-0.42361575,0.06482436,-0.05558357,0.027789596,-0.9959598,nan,nan,nan,nan,nan,nan,0.0,0.0,0.0,0.0,0.0,0.0,nan,nan,nan,1,0,0,0
5733578445,5733578439,-0.11975255,0.06357041,-0.42359412,0.06491439,-0.055570573,0.0278019,-0.9959544,nan,nan,nan,nan,nan,nan,0.0,0.0,0.0,0.0,0.0,0.0,nan,nan,nan,1,0,0,0
5733590548,5733590543,-0.119629085,0.06427087,-0.42426842,0.06752829,-0.047078155,0.027673349,-0.9962218,nan,nan,nan,nan,nan,nan,0.0,0.0,0.0,0.0,0.0,0.0,nan,nan,nan,1,0,0,0
5733595440,5733595435,-0.11962096,0.06428031,-0.42427585,0.06753802,-0.047043733,0.027688656,-0.9962223,nan,nan,nan,nan,nan,nan,0.0,0.0,0.0,0.0,0.0,0.0,nan,nan,nan,1,0,0,0
5733604292,5733604287,-0.1196276,0.06427001,-0.4242854,0.06757373,-0.047049057,0.02771602,-0.99621886,nan,nan,nan,nan,nan,nan,0.0,0.0,0.0,0.0,0.0,0.0,nan,nan,nan,1,0,0,0
5733611496,5733611491,-0.11962618,0.064279206,-0.42427003,0.067565165,-0.047138188,0.02769539,-0.9962158,nan,nan,nan,nan,nan,nan,0.0,0.0,0.0,0.0,0.0,0.0,nan,nan,nan,1,0,0,0
5733620440,5733620435,-0.119625196,0.06427819,-0.42426214,0.06757062,-0.047121357,0.027600864,-0.99621886,nan,nan,nan,nan,nan,nan,0.0,0.0,0.0,0.0,0.0,0.0,nan,nan,nan,1,0,0,0
5733628349,5733628344,-0.119624086,0.064283475,-0.42427722,0.06762129,-0.046980105,0.027707348,-0.99621916,nan,nan,nan,nan,nan,nan,0.0,0.0,0.0,0.0,0.0,0.0,nan,nan,nan,1,0,0,0
5733637591,5733637551,-0.119626045,0.06426843,-0.4242588,0.06751667,-0.047100626,0.027670609,-0.9962216,nan,nan,nan,nan,nan,nan,0.0,0.0,0.0,0.0,0.0,0.0,nan,nan,nan,1,0,0,0
5733644992,5733644987,-0.11962169,0.064287305,-0.42428115,0.06752273,-0.047146328,0.027788682,-0.99621564,nan,nan,nan,nan,nan,nan,0.0,0.0,0.0,0.0,0.0,0.0,nan,nan,nan,1,0,0,0
5733654425,5733654419,-0.11962779,0.064269304,-0.42427346,0.06754852,-0.047132157,0.027640449,-0.9962187,nan,nan,nan,nan,nan,nan,0.0,0.0,0.0,0.0,0.0,0.0,nan,nan,nan,1,0,0,0
5733661340,5733661334,-0.11962561,0.064300776,-0.4242794,0.06754826,-0.047042135,0.02775034,-0.99622,nan,nan,nan,nan,nan,nan,0.0,0.0,0.0,0.0,0.0,0.0,nan,nan,nan,1,0,0,0
5733670383,5733670377,-0.11962548,0.06428846,-0.42426816,0.06755276,-0.04701612,0.027772017,-0.99622023,nan,nan,nan,nan,nan,nan,0.0,0.0,0.0,0.0,0.0,0.0,nan,nan,nan,1,0,0,0
5733679121,5733679115,-0.11962108,0.064297855,-0.4242823,0.067514874,-0.047102533,0.027820371,-0.99621737,nan,nan,nan,nan,nan,nan,0.0,0.0,0.0,0.0,0.0,0.0,nan,nan,nan,1,0,0,0
5733686328,5733686323,-0.11962895,0.064282574,-0.42428124,0.06757902,-0.047100227,0.02776191,-0.9962148,nan,nan,nan,nan,nan,nan,0.0,0.0,0.0,0.0,0.0,0.0,nan,nan,nan,1,0,0,0
5733695347,5733695341,-0.119629204,0.06429387,-0.42428017,0.0675048,-0.047142033,0.027805768,-0.9962166,nan,nan,nan,nan,nan,nan,0.0,0.0,0.0,0.0,0.0,0.0,nan,nan,nan,1,0,0,0
5733703302,5733703296,-0.11963332,0.0642829,-0.42427757,0.0675368,-0.047191374,0.027773228,-0.996213,nan,nan,nan,nan,nan,nan,0.0,0.0,0.0,0.0,0.0,0.0,nan,nan,nan,1,0,0,0
5733714212,5733714205,-0.119638525,0.0642693,-0.4242819,0.06757114,-0.04708321,0.027732054,-0.9962169,nan,nan,nan,nan,nan,nan,0.0,0.0,0.0,0.0,0.0,0.0,nan,nan,nan,1,0,0,0
5733720375,5733720369,-0.11964112,0.0642912,-0.42429066,0.0675633,-0.04708932,0.02769809,-0.9962182,nan,nan,nan,nan,nan,nan,0.0,0.0,0.0,0.0,0.0,0.0,nan,nan,nan,1,0,0,0
5733729398,5733729393,-0.119648404,0.06427168,-0.42427608,0.0675519,-0.047150686,0.027740229,-0.9962148,nan,nan,nan,nan,nan,nan,0.0,0.0,0.0,0.0,0.0,0.0,nan,nan,nan,1,0,0,0
5733738428,5733738422,-0.11963546,0.06428443,-0.4243093,0.0675736,-0.046923265,0.027701622,-0.9962252,nan,nan,nan,nan,nan,nan,0.0,0.0,0.0,0.0,0.0,0.0,nan,nan,nan,1,0,0,0
5733745490,5733745485,-0.11964051,0.06427309,-0.42428303,0.06756713,-0.047160428,0.027707053,-0.9962142,nan,nan,nan,nan,nan,nan,0.0,0.0,0.0,0.0,0.0,0.0,nan,nan,nan,1,0,0,0
5733753312,5733753307,-0.11964155,0.06427537,-0.42428434,0.06758431,-0.047044743,0.02768443,-0.9962192,nan,nan,nan,nan,nan,nan,0.0,0.0,0.0,0.0,0.0,0.0,nan,nan,nan,1,0,0,0
5733762335,5733762329,-0.11964218,0.06426499,-0.42428258,0.06755618,-0.047119368,0.0277317,-0.9962163,nan,nan,nan,nan,nan,nan,0.0,0.0,0.0,0.0,0.0,0.0,nan,nan,nan,1,0,0,0
5733770350,5733770306,-0.11963917,0.06427351,-0.42426866,0.06755798,-0.04693692,0.0276839,-0.99622613,nan,nan,nan,nan,nan,nan,0.0,0.0,0.0,0.0,0.0,0.0,nan,nan,nan,1,0,0,0
5733778337,5733778332,-0.11964453,0.06426766,-0.4242772,0.06753272,-0.04714323,0.027782582,-0.99621534,nan,nan,nan,nan,nan,nan,0.0,0.0,0.0,0.0,0.0,0.0,nan,nan,nan,1,0,0,0
