timestamp,timestamp_sample,xyz[0],xyz[1],xyz[2]
5696527803,5696527511,0.0,0.0,-0.001
5696529010,5696528753,0.0,0.0,-0.001
5696535236,5696534996,0.0,0.0,-0.001
5696538989,5696538741,0.0,0.0,-0.001
5696543973,5696543735,0.0,0.0,-0.001
5696548979,5696548728,0.0,0.0,-0.001
5696553993,5696553722,0.0,0.0,-0.001
5696560199,5696559964,0.0,0.0,-0.001
5696563962,5696563710,0.0,0.0,-0.001
5696570196,5696569952,0.0,0.0,-0.001
5696573934,5696573697,0.0,0.0,-0.001
5696581440,5696581188,0.0,0.0,-0.001
5696583933,5696583686,0.0,0.0,-0.001
5696591430,5696591178,0.0,0.0,-0.001
5696595169,5696594921,0.0,0.0,-0.001
5696598923,5696598669,0.0,0.0,-0.001
5696605168,5696604908,0.0,0.0,-0.001
5696608902,5696608654,0.0,0.0,-0.001
5696613903,5696613648,0.0,0.0,-0.001
5696618885,5696618641,0.0,0.0,-0.001
5696622635,5696622387,0.0,0.0,-0.001
5696630119,5696629877,0.0,0.0,-0.001
5696633865,5696633623,0.0,0.0,-0.001
5696640096,5696639865,0.0,0.0,-0.001
5696643845,5696643610,0.0,0.0,-0.001
5696651339,5696651101,0.0,0.0,-0.001
5696653844,5696653598,0.0,0.0,-0.001
5696661340,5696661089,0.0,0.0,-0.001
5696665081,5696664834,0.0,0.0,-0.001
5696668817,5696668579,0.0,0.0,-0.001
5696675063,5696674821,0.0,0.0,-0.001
5696678808,5696678567,0.0,0.0,-0.001
5696683815,5696683561,0.0,0.0,-0.001
5696690043,5696689803,0.0,0.0,-0.001
5696693791,5696693548,0.0,0.0,-0.001
5696700030,5696699790,0.0,0.0,-0.001
5696703778,5696703536,0.0,0.0,-0.001
5696710008,5696709777,0.0,0.0,-0.001
5696713765,5696713523,0.0,0.0,-0.001
5696721270,5696721014,0.0,0.0,-0.001
5696725006,5696724759,0.0,0.0,-0.001
5696731257,5696731001,0.0,0.0,-0.001
5696734989,5696734746,0.0,0.0,-0.001
5696738798,5696738500,0.0,0.0,-0.001
5696744973,5696744734,0.0,0.0,-0.001
5696748714,5696748482,0.0,0.0,-0.001
5696753710,5696753474,0.0,0.0,-0.001
5696759954,5696759715,0.0,0.0,-0.001
5696766194,5696765958,0.0,0.0,-0.001
5696769997,5696769704,0.0,0.0,-0.001
5696773690,5696773449,0.0,0.0,-0.001
5696779934,5696779691,0.0,0.0,-0.001
5696783680,5696783436,0.0,0.0,-0.001
5696791175,5696790927,0.0,0.0,-0.001
5696794935,5696794672,0.0,0.0,-0.001
5696801233,5696800919,0.0,0.0,-0.001
5696804901,5696804660,0.0,0.0,-0.001
5696808686,5696808406,0.0,0.0,-0.001
5696813644,5696813399,0.0,0.0,-0.001
5696818628,5696818392,0.0,0.0,-0.001
5696823626,5696823388,0.0,0.0,-0.001
5696829861,5696829628,0.0,0.0,-0.001
5696833632,5696833374,0.0,0.0,-0.001
5696839850,5696839616,0.0,0.0,-0.001
5696843607,5696843362,0.0,0.0,-0.001
5696849839,5696849603,0.0,0.0,-0.001
5696853582,5696853349,0.0,0.0,-0.001
5696861086,5696860839,0.0,0.0,-0.001
5696864827,5696864585,0.0,0.0,-0.001
5696871066,5696870827,0.0,0.0,-0.001
5696874810,5696874573,0.0,0.0,-0.001
5696878556,5696878318,0.0,0.0,-0.001
5696883550,5696883315,0.0,0.0,-0.001
5696888547,5696888305,0.0,0.0,-0.001
5696896034,5696895796,0.0,0.0,-0.001
5696899780,5696899541,0.0,0.0,-0.001
5696903531,5696903287,0.0,0.0,-0.001
5696909759,5696909529,0.0,0.0,-0.001
5696913517,5696913280,0.0,0.0,-0.001
5696921003,5696920765,0.0,0.0,-0.001
5696923504,5696923262,0.0,0.0,-0.001
5696930988,5696930752,0.0,0.0,-0.001
5696934739,5696934498,0.0,0.0,-0.001
5696940974,5696940740,0.0,0.0,-0.001
5696944734,5696944486,0.0,0.0,-0.001
5696948485,5696948231,0.0,0.0,-0.001
5696955962,5696955721,0.0,0.0,-0.001
5696958470,5696958218,0.0,0.0,-0.001
5696963452,5696963212,0.0,0.0,-0.001
5696969688,5696969454,0.0,0.0,-0.001
5696975928,5696975696,0.0,0.0,-0.001
5696979695,5696979442,0.0,0.0,-0.001
5696983438,5696983197,0.0,0.0,-0.001
5696990924,5696990678,0.0,0.0,-0.001
5696994673,5696994423,0.0,0.0,-0.001
5697000908,5697000665,0.0,0.0,-0.001
5697004649,5697004411,0.0,0.0,-0.001
5697010889,5697010653,0.0,0.0,-0.001
5697014653,5697014398,0.0,0.0,-0.001
5697018381,5697018144,0.0,0.0,-0.001
5697023378,5697023137,0.0,0.0,-0.001
5697028377,5697028132,0.0,0.0,-0.001
5697033364,5697033125,0.0,0.0,-0.001
5697039597,5697039367,0.0,0.0,-0.001
5697043422,5697043121,0.0,0.0,-0.001
5697049589,5697049355,0.0,0.0,-0.001
5697053342,5697053101,0.0,0.0,-0.001
5697060825,5697060590,0.0,0.0,-0.001
5697063331,5697063088,0.0,0.0,-0.001
5697070807,5697070578,0.0,0.0,-0.001
5697074563,5697074324,0.0,0.0,-0.001
5697080805,5697080566,0.0,0.0,-0.001
5697084552,5697084312,0.0,0.0,-0.001
5697088307,5697088057,0.0,0.0,-0.001
5697094536,5697094299,0.0,0.0,-0.001
5697098296,5697098044,0.0,0.0,-0.001
5697105765,5697105534,0.0,0.0,-0.001
5697109510,5697109280,0.0,0.0,-0.001
5697113285,5697113025,0.0,0.0,-0.001
5697119503,5697119268,0.0,0.0,-0.001
5697123267,5697123013,0.0,0.0,-0.001
5697130739,5697130504,0.0,0.0,-0.001
5697133243,5697133001,0.0,0.0,-0.001
5697140731,5697140491,0.0,0.0,-0.001
5697144480,5697144237,0.0,0.0,-0.001
5697153215,5697152976,0.0,0.0,-0.001
5697154488,5697154232,0.0,0.0,-0.001
5697158210,5697157969,0.0,0.0,-0.001
5697163206,5697162963,0.0,0.0,-0.001
5697169446,5697169205,0.0,0.0,-0.001
5697173185,5697172951,0.0,0.0,-0.001
5697179434,5697179193,0.0,0.0,-0.001
5697183179,5697182939,0.0,0.0,-0.001
5697189414,5697189180,0.0,0.0,-0.001
5697193166,5697192926,0.0,0.0,-0.001
5697200649,5697200416,0.0,0.0,-0.001
5697204417,5697204162,0.0,0.0,-0.001
5697210635,5697210404,0.0,0.0,-0.001
5697214389,5697214150,0.0,0.0,-0.001
5697223128,5697222889,0.0,0.0,-0.001
5697224383,5697224138,0.0,0.0,-0.001
5697228144,5697227882,0.0,0.0,-0.001
5697235624,5697235373,0.0,0.0,-0.001
5697239352,5697239118,0.0,0.0,-0.001
5697243109,5697242864,0.0,0.0,-0.001
5697249340,5697249106,0.0,0.0,-0.001
5697256828,5697256596,0.0,0.0,-0.001
5697259350,5697259093,0.0,0.0,-0.001
5697263091,5697262839,0.0,0.0,-0.001
5697270564,5697270329,0.0,0.0,-0.001
5697274313,5697274075,0.0,0.0,-0.001
5697280547,5697280317,0.0,0.0,-0.001
5697284303,5697284063,0.0,0.0,-0.001
5697293048,5697292802,0.0,0.0,-0.001
5697294311,5697294061,0.0,0.0,-0.001
5697298048,5697297799,0.0,0.0,-0.001
5697303029,5697302789,0.0,0.0,-0.001
5697309269,5697309031,0.0,0.0,-0.001
5697315510,5697315273,0.0,0.0,-0.001
5697319259,5697319019,0.0,0.0,-0.001
5697324264,5697324013,0.0,0.0,-0.001
5697330501,5697330259,0.0,0.0,-0.001
5697332990,5697332752,0.0,0.0,-0.001
5697340476,5697340242,0.0,0.0,-0.001
5697344225,5697343988,0.0,0.0,-0.001
5697350473,5697350230,0.0,0.0,-0.001
5697354231,5697353980,0.0,0.0,-0.001
5697362952,5697362715,0.0,0.0,-0.001
5697365450,5697365211,0.0,0.0,-0.001
5697367948,5697367708,0.0,0.0,-0.001
5697375432,5697375199,0.0,0.0,-0.001
5697379202,5697378944,0.0,0.0,-0.001
5697385417,5697385186,0.0,0.0,-0.001
5697389169,5697388932,0.0,0.0,-0.001
5697392922,5697392677,0.0,0.0,-0.001
5697405402,5697405162,0.0,0.0,-0.001
5697406643,5697406410,0.0,0.0,-0.001
5697414130,5697413901,0.0,0.0,-0.001
5697417899,5697417646,0.0,0.0,-0.001
5697420376,5697420143,0.0,0.0,-0.001
5697427874,5697427633,0.0,0.0,-0.001
5697432861,5697432627,0.0,0.0,-0.001
5697437854,5697437621,0.0,0.0,-0.001
5697441594,5697441366,0.0,0.0,-0.001
5697449094,5697448857,0.0,0.0,-0.001
5697452840,5697452608,0.0,0.0,-0.001
5697455328,5697455099,0.0,0.0,-0.001
5697462844,5697462590,0.0,0.0,-0.001
5697466566,5697466335,0.0,0.0,-0.001
5697474064,5697473826,0.0,0.0,-0.001
5697476549,5697476323,0.0,0.0,-0.001
5697484045,5697483815,0.0,0.0,-0.001
5697487794,5697487559,0.0,0.0,-0.001
5697490290,5697490056,0.0,0.0,-0.001
5697497778,5697497547,0.0,0.0,-0.001
5697501532,5697501292,0.0,0.0,-0.001
5697509010,5697508782,0.0,0.0,-0.001
5697512758,5697512528,0.0,0.0,-0.001
5697518997,5697518770,0.0,0.0,-0.001
5697522751,5697522517,0.0,0.0,-0.001
5697525267,5697525012,0.0,0.0,-0.001
5697532737,5697532503,0.0,0.0,-0.001
5697536503,5697536248,0.0,0.0,-0.001
5697543971,5697543739,0.0,0.0,-0.001
5697546475,5697546236,0.0,0.0,-0.001
5697553957,5697553726,0.0,0.0,-0.001
5697557712,5697557472,0.0,0.0,-0.001
5697562697,5697562466,0.0,0.0,-0.001
5697567692,5697567459,0.0,0.0,-0.001
5697572687,5697572454,0.0,0.0,-0.001
5697578948,5697578695,0.0,0.0,-0.001
5697582675,5697582441,0.0,0.0,-0.001
5697585171,5697584937,0.0,0.0,-0.001
5697592665,5697592428,0.0,0.0,-0.001
5697596413,5697596174,0.0,0.0,-0.001
5697602644,5697602416,0.0,0.0,-0.001
5697606393,5697606161,0.0,0.0,-0.001
5697613893,5697613652,0.0,0.0,-0.001
5697616380,5697616149,0.0,0.0,-0.001
5697623875,5697623640,0.0,0.0,-0.001
5697627622,5697627388,0.0,0.0,-0.001
5697632608,5697632379,0.0,0.0,-0.001
5697637625,5697637372,0.0,0.0,-0.001
5697642603,5697642366,0.0,0.0,-0.001
5697648835,5697648608,0.0,0.0,-0.001
5697652586,5697652354,0.0,0.0,-0.001
5697658822,5697658596,0.0,0.0,-0.001
5697662571,5697662341,0.0,0.0,-0.001
5697666323,5697666087,0.0,0.0,-0.001
5697672567,5697672329,0.0,0.0,-0.001
5697676312,5697676074,0.0,0.0,-0.001
5697683798,5697683565,0.0,0.0,-0.001
5697686297,5697686062,0.0,0.0,-0.001
5697693785,5697693552,0.0,0.0,-0.001
5697697529,5697697297,0.0,0.0,-0.001
5697702532,5697702292,0.0,0.0,-0.001
5697707517,5697707285,0.0,0.0,-0.001
5697712533,5697712279,0.0,0.0,-0.001
5697718751,5697718521,0.0,0.0,-0.001
5697722501,5697722267,0.0,0.0,-0.001
5697728737,5697728509,0.0,0.0,-0.001
5697732488,5697732255,0.0,0.0,-0.001
5697736233,5697735999,0.0,0.0,-0.001
5697742480,5697742242,0.0,0.0,-0.001
5697746217,5697745987,0.0,0.0,-0.001
5697753721,5697753478,0.0,0.0,-0.001
5697757465,5697757223,0.0,0.0,-0.001
5697763704,5697763472,0.0,0.0,-0.001
5697767499,5697767211,0.0,0.0,-0.001
5697772440,5697772204,0.0,0.0,-0.001
5697777434,5697777199,0.0,0.0,-0.001
5697782419,5697782192,0.0,0.0,-0.001
5697788662,5697788434,0.0,0.0,-0.001
5697792422,5697792179,0.0,0.0,-0.001
5697798700,5697798422,0.0,0.0,-0.001
5697802399,5697802167,0.0,0.0,-0.001
5697806141,5697805913,0.0,0.0,-0.001
5697812389,5697812155,0.0,0.0,-0.001
5697816128,5697815900,0.0,0.0,-0.001
5697823622,5697823391,0.0,0.0,-0.001
5697827369,5697827136,0.0,0.0,-0.001
5697833614,5697833379,0.0,0.0,-0.001
5697837360,5697837124,0.0,0.0,-0.001
5697842346,5697842117,0.0,0.0,-0.001
5697847352,5697847111,0.0,0.0,-0.001
5697852338,5697852105,0.0,0.0,-0.001
5697858575,5697858347,0.0,0.0,-0.001
5697862330,5697862093,0.0,0.0,-0.001
5697868561,5697868335,0.0,0.0,-0.001
5697872320,5697872080,0.0,0.0,-0.001
5697876052,5697875825,0.0,0.0,-0.001
5697882307,5697882071,0.0,0.0,-0.001
5697886046,5697885813,0.0,0.0,-0.001
5697893539,5697893304,0.0,0.0,-0.001
5697897315,5697897049,0.0,0.0,-0.001
5697903521,5697903291,0.0,0.0,-0.001
5697907273,5697907037,0.0,0.0,-0.001
5697912282,5697912035,0.0,0.0,-0.001
5697918506,5697918272,0.0,0.0,-0.001
5697922265,5697922018,0.0,0.0,-0.001
5697928496,5697928262,0.0,0.0,-0.001
5697932245,5697932006,0.0,0.0,-0.001
5697935977,5697935750,0.0,0.0,-0.001
5697942236,5697941993,0.0,0.0,-0.001
5697945967,5697945738,0.0,0.0,-0.001
5697953481,5697953229,0.0,0.0,-0.001
5697955958,5697955726,0.0,0.0,-0.001
5697963450,5697963217,0.0,0.0,-0.001
5697967194,5697966962,0.0,0.0,-0.001
5697972192,5697971956,0.0,0.0,-0.001
5697977181,5697976949,0.0,0.0,-0.001
5697980935,5697980694,0.0,0.0,-0.001
5697988426,5697988186,0.0,0.0,-0.001
5697993411,5697993180,0.0,0.0,-0.001
5697998420,5697998173,0.0,0.0,-0.001
5698002152,5698001918,0.0,0.0,-0.001
5698005903,5698005664,0.0,0.0,-0.001
5698012139,5698011907,0.0,0.0,-0.001
5698015888,5698015651,0.0,0.0,-0.001
5698023379,5698023146,0.0,0.0,-0.001
5698025871,5698025639,0.0,0.0,-0.001
5698033367,5698033130,0.0,0.0,-0.001
5698037121,5698036879,0.0,0.0,-0.001
5698040912,5698040620,0.0,0.0,-0.001
5698047090,5698046862,0.0,0.0,-0.001
5698052104,5698051856,0.0,0.0,-0.001
5698058328,5698058098,0.0,0.0,-0.001
5698062085,5698061844,0.0,0.0,-0.001
5698068317,5698068086,0.0,0.0,-0.001
5698072115,5698071831,0.0,0.0,-0.001
5698075801,5698075576,0.0,0.0,-0.001
5698082062,5698081819,0.0,0.0,-0.001
5698085794,5698085564,0.0,0.0,-0.001
5698093293,5698093055,0.0,0.0,-0.001
5698097042,5698096800,0.0,0.0,-0.001
5698103312,5698103042,0.0,0.0,-0.001
5698107025,5698106788,0.0,0.0,-0.001
5698112016,5698111782,0.0,0.0,-0.001
5698117005,5698116775,0.0,0.0,-0.001
5698122001,5698121769,0.0,0.0,-0.001
5698128242,5698128011,0.0,0.0,-0.001
5698131991,5698131757,0.0,0.0,-0.001
5698138247,5698138012,0.0,0.0,-0.001
5698143225,5698142993,0.0,0.0,-0.001
5698145718,5698145489,0.0,0.0,-0.001
5698151964,5698151732,0.0,0.0,-0.001
5698155706,5698155477,0.0,0.0,-0.001
5698163198,5698162968,0.0,0.0,-0.001
5698166956,5698166713,0.0,0.0,-0.001
5698173186,5698172955,0.0,0.0,-0.001
5698176940,5698176700,0.0,0.0,-0.001
5698180682,5698180446,0.0,0.0,-0.001
5698186925,5698186688,0.0,0.0,-0.001
5698191917,5698191684,0.0,0.0,-0.001
5698198152,5698197924,0.0,0.0,-0.001
5698201910,5698201670,0.0,0.0,-0.001
5698208144,5698207912,0.0,0.0,-0.001
5698213147,5698212906,0.0,0.0,-0.001
5698215629,5698215402,0.0,0.0,-0.001
5698223124,5698222893,0.0,0.0,-0.001
5698225650,5698225390,0.0,0.0,-0.001
5698233108,5698232880,0.0,0.0,-0.001
5698236860,5698236626,0.0,0.0,-0.001
5698243103,5698242871,0.0,0.0,-0.001
5698246843,5698246614,0.0,0.0,-0.001
5698250590,5698250359,0.0,0.0,-0.001
5698256847,5698256604,0.0,0.0,-0.001
5698261830,5698261596,0.0,0.0,-0.001
5698268070,5698267837,0.0,0.0,-0.001
5698271816,5698271583,0.0,0.0,-0.001
5698278057,5698277824,0.0,0.0,-0.001
5698281806,5698281570,0.0,0.0,-0.001
5698285549,5698285315,0.0,0.0,-0.001
5698293040,5698292808,0.0,0.0,-0.001
5698295530,5698295303,0.0,0.0,-0.001
5698303034,5698302793,0.0,0.0,-0.001
5698306767,5698306539,0.0,0.0,-0.001
5698313018,5698312781,0.0,0.0,-0.001
5698316765,5698316529,0.0,0.0,-0.001
5698320503,5698320272,0.0,0.0,-0.001
5698327996,5698327769,0.0,0.0,-0.001
5698331744,5698331508,0.0,0.0,-0.001
5698337978,5698337750,0.0,0.0,-0.001
5698341729,5698341496,0.0,0.0,-0.001
5698345485,5698345241,0.0,0.0,-0.001
5698351713,5698351483,0.0,0.0,-0.001
5698355492,5698355228,0.0,0.0,-0.001
5698362960,5698362719,0.0,0.0,-0.001
5698365446,5698365216,0.0,0.0,-0.001
5698372945,5698372706,0.0,0.0,-0.001
5698376689,5698376452,0.0,0.0,-0.001
5698381677,5698381446,0.0,0.0,-0.001
5698386672,5698386439,0.0,0.0,-0.001
5698391671,5698391433,0.0,0.0,-0.001
5698397922,5698397675,0.0,0.0,-0.001
5698400404,5698400172,0.0,0.0,-0.001
5698407893,5698407663,0.0,0.0,-0.001
5698411640,5698411408,0.0,0.0,-0.001
5698415402,5698415154,0.0,0.0,-0.001
5698421628,5698421396,0.0,0.0,-0.001
5698429133,5698428886,0.0,0.0,-0.001
5698432861,5698432632,0.0,0.0,-0.001
5698435365,5698435129,0.0,0.0,-0.001
5698442853,5698442620,0.0,0.0,-0.001
5698446600,5698446365,0.0,0.0,-0.001
5698450339,5698450110,0.0,0.0,-0.001
5698456585,5698456352,0.0,0.0,-0.001
5698461585,5698461346,0.0,0.0,-0.001
5698467830,5698467588,0.0,0.0,-0.001
5698470325,5698470085,0.0,0.0,-0.001
5698477801,5698477576,0.0,0.0,-0.001
5698481558,5698481326,0.0,0.0,-0.001
5698487792,5698487563,0.0,0.0,-0.001
5698491601,5698491315,0.0,0.0,-0.001
5698495308,5698495055,0.0,0.0,-0.001
5698502776,5698502544,0.0,0.0,-0.001
5698505282,5698505042,0.0,0.0,-0.001
5698512763,5698512533,0.0,0.0,-0.001
5698516510,5698516278,0.0,0.0,-0.001
5698520274,5698520026,0.0,0.0,-0.001
5698526501,5698526265,0.0,0.0,-0.001
5698531497,5698531262,0.0,0.0,-0.001
5698537729,5698537501,0.0,0.0,-0.001
5698541485,5698541247,0.0,0.0,-0.001
5698547722,5698547488,0.0,0.0,-0.001
5698551476,5698551234,0.0,0.0,-0.001
5698558967,5698558725,0.0,0.0,-0.001
5698561451,5698561222,0.0,0.0,-0.001
5698568948,5698568712,0.0,0.0,-0.001
5698572691,5698572458,0.0,0.0,-0.001
5698576448,5698576203,0.0,0.0,-0.001
5698582677,5698582446,0.0,0.0,-0.001
5698586428,5698586193,0.0,0.0,-0.001
5698592661,5698592433,0.0,0.0,-0.001
5698596417,5698596178,0.0,0.0,-0.001
5698601404,5698601172,0.0,0.0,-0.001
5698607640,5698607414,0.0,0.0,-0.001
5698611410,5698611161,0.0,0.0,-0.001
5698617639,5698617402,0.0,0.0,-0.001
5698621379,5698621147,0.0,0.0,-0.001
5698628867,5698628638,0.0,0.0,-0.001
5698631372,5698631135,0.0,0.0,-0.001
5698638851,5698638625,0.0,0.0,-0.001
5698642605,5698642371,0.0,0.0,-0.001
5698646346,5698646116,0.0,0.0,-0.001
5698652591,5698652358,0.0,0.0,-0.001
5698656352,5698656104,0.0,0.0,-0.001
5698661328,5698661097,0.0,0.0,-0.001
5698666326,5698666091,0.0,0.0,-0.001
5698671326,5698671088,0.0,0.0,-0.001
5698677554,5698677327,0.0,0.0,-0.001
5698681314,5698681072,0.0,0.0,-0.001
5698687543,5698687315,0.0,0.0,-0.001
5698691297,5698691060,0.0,0.0,-0.001
5698698777,5698698550,0.0,0.0,-0.001
5698701286,5698701048,0.0,0.0,-0.001
5698708765,5698708538,0.0,0.0,-0.001
5698712515,5698712284,0.0,0.0,-0.001
5698716264,5698716029,0.0,0.0,-0.001
5698722503,5698722272,0.0,0.0,-0.001
5698726247,5698726016,0.0,0.0,-0.001
5698731246,5698731010,0.0,0.0,-0.001
5698737495,5698737266,0.0,0.0,-0.001
5698741225,5698740998,0.0,0.0,-0.001
5698747470,5698747240,0.0,0.0,-0.001
5698751222,5698750985,0.0,0.0,-0.001
5698757461,5698757227,0.0,0.0,-0.001
5698761208,5698760973,0.0,0.0,-0.001
5698768687,5698768463,0.0,0.0,-0.001
5698772446,5698772209,0.0,0.0,-0.001
5698778676,5698778451,0.0,0.0,-0.001
5698782429,5698782197,0.0,0.0,-0.001
5698786182,5698785942,0.0,0.0,-0.001
5698791172,5698790936,0.0,0.0,-0.001
5698796187,5698795929,0.0,0.0,-0.001
5698803654,5698803420,0.0,0.0,-0.001
5698807405,5698807166,0.0,0.0,-0.001
5698812390,5698812159,0.0,0.0,-0.001
5698817388,5698817159,0.0,0.0,-0.001
5698821141,5698820899,0.0,0.0,-0.001
5698827387,5698827141,0.0,0.0,-0.001
5698831120,5698830886,0.0,0.0,-0.001
5698838606,5698838376,0.0,0.0,-0.001
5698842351,5698842122,0.0,0.0,-0.001
5698848595,5698848364,0.0,0.0,-0.001
5698852345,5698852109,0.0,0.0,-0.001
5698856095,5698855854,0.0,0.0,-0.001
5698861083,5698860848,0.0,0.0,-0.001
5698866080,5698865842,0.0,0.0,-0.001
5698871082,5698870836,0.0,0.0,-0.001
5698877319,5698877078,0.0,0.0,-0.001
5698881067,5698880832,0.0,0.0,-0.001
5698887307,5698887066,0.0,0.0,-0.001
5698891051,5698890811,0.0,0.0,-0.001
5698897294,5698897053,0.0,0.0,-0.001
5698901036,5698900799,0.0,0.0,-0.001
5698908520,5698908289,0.0,0.0,-0.001
5698912276,5698912037,0.0,0.0,-0.001
5698916018,5698915780,0.0,0.0,-0.001
5698922269,5698922028,0.0,0.0,-0.001
5698926001,5698925768,0.0,0.0,-0.001
5698930997,5698930762,0.0,0.0,-0.001
5698935986,5698935755,0.0,0.0,-0.001
5698943475,5698943246,0.0,0.0,-0.001
5698947222,5698946991,0.0,0.0,-0.001
5698950969,5698950737,0.0,0.0,-0.001
5698957206,5698956978,0.0,0.0,-0.001
5698960966,5698960724,0.0,0.0,-0.001
5698968447,5698968214,0.0,0.0,-0.001
5698970948,5698970714,0.0,0.0,-0.001
5698978433,5698978202,0.0,0.0,-0.001
5698982176,5698981948,0.0,0.0,-0.001
5698985934,5698985693,0.0,0.0,-0.001
5698992167,5698991935,0.0,0.0,-0.001
5698995917,5698995684,0.0,0.0,-0.001
5699000909,5699000675,0.0,0.0,-0.001
5699005909,5699005668,0.0,0.0,-0.001
5699010893,5699010662,0.0,0.0,-0.001
5699017151,5699016904,0.0,0.0,-0.001
5699020891,5699020649,0.0,0.0,-0.001
5699027119,5699026892,0.0,0.0,-0.001
5699030875,5699030637,0.0,0.0,-0.001
5699038383,5699038128,0.0,0.0,-0.001
5699040856,5699040624,0.0,0.0,-0.001
5699048348,5699048116,0.0,0.0,-0.001
5699052094,5699051860,0.0,0.0,-0.001
5699055849,5699055606,0.0,0.0,-0.001
5699062095,5699061848,0.0,0.0,-0.001
5699065823,5699065593,0.0,0.0,-0.001
5699070825,5699070587,0.0,0.0,-0.001
5699075814,5699075581,0.0,0.0,-0.001
5699083301,5699083072,0.0,0.0,-0.001
5699087053,5699086817,0.0,0.0,-0.001
5699090802,5699090568,0.0,0.0,-0.001
5699097059,5699096805,0.0,0.0,-0.001
5699100781,5699100552,0.0,0.0,-0.001
5699108283,5699108041,0.0,0.0,-0.001
5699112022,5699111789,0.0,0.0,-0.001
5699118273,5699118028,0.0,0.0,-0.001
5699122007,5699121773,0.0,0.0,-0.001
5699125756,5699125518,0.0,0.0,-0.001
5699131989,5699131761,0.0,0.0,-0.001
5699135741,5699135506,0.0,0.0,-0.001
5699140732,5699140500,0.0,0.0,-0.001
5699146979,5699146742,0.0,0.0,-0.001
5699150723,5699150488,0.0,0.0,-0.001
5699156973,5699156730,0.0,0.0,-0.001
5699164467,5699164221,0.0,0.0,-0.001
5699166945,5699166717,0.0,0.0,-0.001
5699170699,5699170467,0.0,0.0,-0.001
5699178181,5699177953,0.0,0.0,-0.001
5699181939,5699181699,0.0,0.0,-0.001
5699188177,5699187941,0.0,0.0,-0.001
5699191925,5699191687,0.0,0.0,-0.001
5699200663,5699200426,0.0,0.0,-0.001
5699201910,5699201674,0.0,0.0,-0.001
5699205650,5699205419,0.0,0.0,-0.001
5699210654,5699210417,0.0,0.0,-0.001
5699216883,5699216655,0.0,0.0,-0.001
5699223128,5699222897,0.0,0.0,-0.001
5699226872,5699226643,0.0,0.0,-0.001
5699230624,5699230388,0.0,0.0,-0.001
5699236870,5699236630,0.0,0.0,-0.001
5699240609,5699240376,0.0,0.0,-0.001
5699248092,5699247866,0.0,0.0,-0.001
5699251841,5699251612,0.0,0.0,-0.001
5699258087,5699257854,0.0,0.0,-0.001
5699261832,5699261600,0.0,0.0,-0.001
5699270573,5699270339,0.0,0.0,-0.001
5699271826,5699271588,0.0,0.0,-0.001
5699275572,5699275332,0.0,0.0,-0.001
5699283057,5699282823,0.0,0.0,-0.001
5699286799,5699286568,0.0,0.0,-0.001
5699293041,5699292810,0.0,0.0,-0.001
5699296791,5699296557,0.0,0.0,-0.001
5699304335,5699304049,0.0,0.0,-0.001
5699306776,5699306543,0.0,0.0,-0.001
5699310542,5699310289,0.0,0.0,-0.001
5699318006,5699317779,0.0,0.0,-0.001
5699321758,5699321525,0.0,0.0,-0.001
5699328013,5699327767,0.0,0.0,-0.001
5699331744,5699331512,0.0,0.0,-0.001
5699339236,5699339003,0.0,0.0,-0.001
5699342976,5699342748,0.0,0.0,-0.001
5699345485,5699345245,0.0,0.0,-0.001
5699350475,5699350239,0.0,0.0,-0.001
5699356715,5699356481,0.0,0.0,-0.001
5699362951,5699362723,0.0,0.0,-0.001
5699366728,5699366470,0.0,0.0,-0.001
5699370446,5699370214,0.0,0.0,-0.001
5699377949,5699377705,0.0,0.0,-0.001
5699380436,5699380202,0.0,0.0,-0.001
5699387921,5699387692,0.0,0.0,-0.001
5699391671,5699391438,0.0,0.0,-0.001
5699397910,5699397679,0.0,0.0,-0.001
5699401673,5699401432,0.0,0.0,-0.001
5699410395,5699410165,0.0,0.0,-0.001
5699412907,5699412668,0.0,0.0,-0.001
5699415392,5699415158,0.0,0.0,-0.001
5699422883,5699422649,0.0,0.0,-0.001
5699426648,5699426394,0.0,0.0,-0.001
5699432863,5699432636,0.0,0.0,-0.001
5699436613,5699436381,0.0,0.0,-0.001
5699444100,5699443872,0.0,0.0,-0.001
5699447843,5699447617,0.0,0.0,-0.001
5699450354,5699450115,0.0,0.0,-0.001
5699457843,5699457605,0.0,0.0,-0.001
5699461587,5699461350,0.0,0.0,-0.001
5699467821,5699467593,0.0,0.0,-0.001
5699471570,5699471338,0.0,0.0,-0.001
5699480314,5699480077,0.0,0.0,-0.001
5699482802,5699482574,0.0,0.0,-0.001
5699485313,5699485071,0.0,0.0,-0.001
5699492793,5699492562,0.0,0.0,-0.001
5699496541,5699496311,0.0,0.0,-0.001
5699504031,5699503798,0.0,0.0,-0.001
5699506531,5699506295,0.0,0.0,-0.001
5699514032,5699513785,0.0,0.0,-0.001
5699517763,5699517530,0.0,0.0,-0.001
5699521514,5699521276,0.0,0.0,-0.001
5699527755,5699527518,0.0,0.0,-0.001
5699531497,5699531263,0.0,0.0,-0.001
5699540245,5699540003,0.0,0.0,-0.001
5699541489,5699541255,0.0,0.0,-0.001
5699550220,5699549990,0.0,0.0,-0.001
5699552734,5699552487,0.0,0.0,-0.001
5699556469,5699556233,0.0,0.0,-0.001
5699562705,5699562474,0.0,0.0,-0.001
5699566460,5699566220,0.0,0.0,-0.001
5699573948,5699573710,0.0,0.0,-0.001
5699576445,5699576208,0.0,0.0,-0.001
5699583927,5699583698,0.0,0.0,-0.001
5699587671,5699587443,0.0,0.0,-0.001
5699591443,5699591189,0.0,0.0,-0.001
5699597665,5699597431,0.0,0.0,-0.001
5699601408,5699601177,0.0,0.0,-0.001
5699610147,5699609916,0.0,0.0,-0.001
5699611408,5699611164,0.0,0.0,-0.001
5699620139,5699619907,0.0,0.0,-0.001
5699622629,5699622400,0.0,0.0,-0.001
5699626383,5699626145,0.0,0.0,-0.001
5699632627,5699632388,0.0,0.0,-0.001
5699636365,5699636133,0.0,0.0,-0.001
5699643850,5699643623,0.0,0.0,-0.001
5699646352,5699646120,0.0,0.0,-0.001
5699653841,5699653611,0.0,0.0,-0.001
5699657593,5699657356,0.0,0.0,-0.001
5699661337,5699661102,0.0,0.0,-0.001
5699667576,5699667344,0.0,0.0,-0.001
5699671330,5699671089,0.0,0.0,-0.001
5699678814,5699678580,0.0,0.0,-0.001
5699681313,5699681077,0.0,0.0,-0.001
5699690055,5699689816,0.0,0.0,-0.001
5699692546,5699692313,0.0,0.0,-0.001
5699696304,5699696058,0.0,0.0,-0.001
5699702530,5699702300,0.0,0.0,-0.001
5699706282,5699706046,0.0,0.0,-0.001
5699713761,5699713536,0.0,0.0,-0.001
5699716281,5699716033,0.0,0.0,-0.001
5699723862,5699723527,0.0,0.0,-0.001
5699727500,5699727269,0.0,0.0,-0.001
5699731308,5699731020,0.0,0.0,-0.001
5699737493,5699737260,0.0,0.0,-0.001
5699741233,5699741002,0.0,0.0,-0.001
5699749982,5699749745,0.0,0.0,-0.001
5699752471,5699752238,0.0,0.0,-0.001
5699759965,5699759729,0.0,0.0,-0.001
5699762472,5699762226,0.0,0.0,-0.001
5699766200,5699765971,0.0,0.0,-0.001
5699772442,5699772213,0.0,0.0,-0.001
5699776242,5699775961,0.0,0.0,-0.001
5699783735,5699783451,0.0,0.0,-0.001
5699787446,5699787202,0.0,0.0,-0.001
5699793664,5699793437,0.0,0.0,-0.001
5699797414,5699797182,0.0,0.0,-0.001
5699801158,5699800928,0.0,0.0,-0.001
5699807404,5699807170,0.0,0.0,-0.001
5699811146,5699810915,0.0,0.0,-0.001
5699819886,5699819654,0.0,0.0,-0.001
5699822382,5699822151,0.0,0.0,-0.001
5699829878,5699829642,0.0,0.0,-0.001
5699832366,5699832139,0.0,0.0,-0.001
5699836171,5699835884,0.0,0.0,-0.001
5699842360,5699842126,0.0,0.0,-0.001
5699846099,5699845871,0.0,0.0,-0.001
5699853597,5699853362,0.0,0.0,-0.001
5699857348,5699857108,0.0,0.0,-0.001
5699863578,5699863350,0.0,0.0,-0.001
5699867330,5699867095,0.0,0.0,-0.001
5699871075,5699870842,0.0,0.0,-0.001
5699877325,5699877083,0.0,0.0,-0.001
5699881126,5699880828,0.0,0.0,-0.001
5699889805,5699889567,0.0,0.0,-0.001
5699892296,5699892064,0.0,0.0,-0.001
5699899798,5699899564,0.0,0.0,-0.001
5699902295,5699902054,0.0,0.0,-0.001
5699906027,5699905797,0.0,0.0,-0.001
5699912292,5699912049,0.0,0.0,-0.001
5699916009,5699915784,0.0,0.0,-0.001
5699923506,5699923275,0.0,0.0,-0.001
5699927260,5699927020,0.0,0.0,-0.001
5699933541,5699933262,0.0,0.0,-0.001
5699937240,5699937008,0.0,0.0,-0.001
5699941033,5699940753,0.0,0.0,-0.001
5699947226,5699946995,0.0,0.0,-0.001
5699950973,5699950741,0.0,0.0,-0.001
5699959715,5699959481,0.0,0.0,-0.001
5699962219,5699961977,0.0,0.0,-0.001
5699969701,5699969468,0.0,0.0,-0.001
5699972192,5699971964,0.0,0.0,-0.001
5699975940,5699975710,0.0,0.0,-0.001
5699983443,5699983201,0.0,0.0,-0.001
5699985967,5699985697,0.0,0.0,-0.001
5699993484,5699993188,0.0,0.0,-0.001
5699997190,5699996933,0.0,0.0,-0.001
5700003414,5700003175,0.0,0.0,-0.001
5700007157,5700006921,0.0,0.0,-0.001
5700010907,5700010666,0.0,0.0,-0.001
5700019635,5700019406,0.0,0.0,-0.001
5700020890,5700020654,0.0,0.0,-0.001
5700029636,5700029393,0.0,0.0,-0.001
5700032124,5700031890,0.0,0.0,-0.001
5700039622,5700039381,0.0,0.0,-0.001
5700042104,5700041877,0.0,0.0,-0.001
5700045888,5700045623,0.0,0.0,-0.001
5700053397,5700053113,0.0,0.0,-0.001
5700055835,5700055610,0.0,0.0,-0.001
5700063333,5700063101,0.0,0.0,-0.001
5700067075,5700066846,0.0,0.0,-0.001
5700073326,5700073089,0.0,0.0,-0.001
5700077067,5700076834,0.0,0.0,-0.001
5700080814,5700080579,0.0,0.0,-0.001
5700089553,5700089319,0.0,0.0,-0.001
5700090848,5700090567,0.0,0.0,-0.001
5700099539,5700099307,0.0,0.0,-0.001
5700102043,5700101802,0.0,0.0,-0.001
5700108274,5700108045,0.0,0.0,-0.001
5700112017,5700111790,0.0,0.0,-0.001
5700115771,5700115536,0.0,0.0,-0.001
5700123261,5700123026,0.0,0.0,-0.001
5700125755,5700125523,0.0,0.0,-0.001
5700133258,5700133014,0.0,0.0,-0.001
5700136991,5700136759,0.0,0.0,-0.001
5700144493,5700144250,0.0,0.0,-0.001
5700146986,5700146747,0.0,0.0,-0.001
5700150761,5700150492,0.0,0.0,-0.001
5700159468,5700159231,0.0,0.0,-0.001
5700161968,5700161734,0.0,0.0,-0.001
5700169453,5700169219,0.0,0.0,-0.001
5700171942,5700171715,0.0,0.0,-0.001
5700179453,5700179207,0.0,0.0,-0.001
5700181937,5700181703,0.0,0.0,-0.001
5700185684,5700185448,0.0,0.0,-0.001
5700193168,5700192939,0.0,0.0,-0.001
5700196933,5700196684,0.0,0.0,-0.001
5700203193,5700202929,0.0,0.0,-0.001
5700206898,5700206672,0.0,0.0,-0.001
5700214403,5700214163,0.0,0.0,-0.001
5700216887,5700216659,0.0,0.0,-0.001
5700220636,5700220405,0.0,0.0,-0.001
5700229376,5700229144,0.0,0.0,-0.001
5700231877,5700231641,0.0,0.0,-0.001
5700239387,5700239132,0.0,0.0,-0.001
5700241859,5700241629,0.0,0.0,-0.001
5700249360,5700249127,0.0,0.0,-0.001
5700251842,5700251616,0.0,0.0,-0.001
5700255615,5700255361,0.0,0.0,-0.001
5700263115,5700262852,0.0,0.0,-0.001
5700266828,5700266597,0.0,0.0,-0.001
5700273088,5700272839,0.0,0.0,-0.001
5700276813,5700276585,0.0,0.0,-0.001
5700284315,5700284076,0.0,0.0,-0.001
5700286811,5700286573,0.0,0.0,-0.001
5700290555,5700290318,0.0,0.0,-0.001
5700299305,5700299057,0.0,0.0,-0.001
5700301781,5700301554,0.0,0.0,-0.001
5700309283,5700309045,0.0,0.0,-0.001
5700311771,5700311541,0.0,0.0,-0.001
5700319271,5700319032,0.0,0.0,-0.001
5700323029,5700322777,0.0,0.0,-0.001
5700325550,5700325274,0.0,0.0,-0.001
5700332990,5700332765,0.0,0.0,-0.001
5700336748,5700336511,0.0,0.0,-0.001
5700342977,5700342752,0.0,0.0,-0.001
5700346733,5700346498,0.0,0.0,-0.001
5700354220,5700353989,0.0,0.0,-0.001
5700359221,5700358983,0.0,0.0,-0.001
5700360491,5700360231,0.0,0.0,-0.001
5700367973,5700367721,0.0,0.0,-0.001
5700371693,5700371467,0.0,0.0,-0.001
5700379187,5700378957,0.0,0.0,-0.001
5700381683,5700381454,0.0,0.0,-0.001
5700389181,5700388945,0.0,0.0,-0.001
5700392930,5700392690,0.0,0.0,-0.001
5700395445,5700395187,0.0,0.0,-0.001
5700402910,5700402678,0.0,0.0,-0.001
5700406656,5700406424,0.0,0.0,-0.001
5700412927,5700412667,0.0,0.0,-0.001
5700416643,5700416411,0.0,0.0,-0.001
5700424134,5700423901,0.0,0.0,-0.001
5700429136,5700428896,0.0,0.0,-0.001
5700430382,5700430150,0.0,0.0,-0.001
5700437867,5700437634,0.0,0.0,-0.001
5700441605,5700441379,0.0,0.0,-0.001
5700449100,5700448871,0.0,0.0,-0.001
5700451600,5700451367,0.0,0.0,-0.001
5700459093,5700458858,0.0,0.0,-0.001
5700462830,5700462603,0.0,0.0,-0.001
5700465341,5700465101,0.0,0.0,-0.001
5700472837,5700472592,0.0,0.0,-0.001
5700476579,5700476337,0.0,0.0,-0.001
5700482812,5700482578,0.0,0.0,-0.001
5700486553,5700486324,0.0,0.0,-0.001
5700494047,5700493814,0.0,0.0,-0.001
5700499043,5700498808,0.0,0.0,-0.001
5700500301,5700500057,0.0,0.0,-0.001
5700509035,5700508796,0.0,0.0,-0.001
5700511521,5700511292,0.0,0.0,-0.001
5700517767,5700517535,0.0,0.0,-0.001
5700521508,5700521280,0.0,0.0,-0.001
5700529015,5700528771,0.0,0.0,-0.001
5700532756,5700532516,0.0,0.0,-0.001
5700535246,5700535014,0.0,0.0,-0.001
5700542733,5700542504,0.0,0.0,-0.001
5700546487,5700546249,0.0,0.0,-0.001
5700553986,5700553740,0.0,0.0,-0.001
5700556478,5700556237,0.0,0.0,-0.001
5700563964,5700563727,0.0,0.0,-0.001
5700568964,5700568721,0.0,0.0,-0.001
5700571455,5700571218,0.0,0.0,-0.001
5700577700,5700577460,0.0,0.0,-0.001
5700581432,5700581205,0.0,0.0,-0.001
5700588938,5700588697,0.0,0.0,-0.001
5700591423,5700591193,0.0,0.0,-0.001
5700598922,5700598684,0.0,0.0,-0.001
5700602658,5700602429,0.0,0.0,-0.001
5700606419,5700606175,0.0,0.0,-0.001
5700612650,5700612420,0.0,0.0,-0.001
5700616400,5700616162,0.0,0.0,-0.001
5700623898,5700623652,0.0,0.0,-0.001
5700626380,5700626150,0.0,0.0,-0.001
5700633873,5700633640,0.0,0.0,-0.001
5700638870,5700638637,0.0,0.0,-0.001
5700641362,5700641133,0.0,0.0,-0.001
5700647603,5700647373,0.0,0.0,-0.001
5700651344,5700651118,0.0,0.0,-0.001
5700658846,5700658609,0.0,0.0,-0.001
5700661338,5700661106,0.0,0.0,-0.001
5700668831,5700668597,0.0,0.0,-0.001
5700672575,5700672342,0.0,0.0,-0.001
5700676318,5700676087,0.0,0.0,-0.001
5700682555,5700682330,0.0,0.0,-0.001
5700686322,5700686075,0.0,0.0,-0.001
5700693799,5700693566,0.0,0.0,-0.001
5700696308,5700696063,0.0,0.0,-0.001
5700703785,5700703553,0.0,0.0,-0.001
5700708781,5700708547,0.0,0.0,-0.001
5700711287,5700711044,0.0,0.0,-0.001
5700718769,5700718535,0.0,0.0,-0.001
5700721283,5700721031,0.0,0.0,-0.001
5700728776,5700728525,0.0,0.0,-0.001
5700732498,5700732268,0.0,0.0,-0.001
5700738755,5700738519,0.0,0.0,-0.001
5700742490,5700742255,0.0,0.0,-0.001
5700746235,5700746000,0.0,0.0,-0.001
5700752490,5700752243,0.0,0.0,-0.001
5700756217,5700755988,0.0,0.0,-0.001
5700763712,5700763479,0.0,0.0,-0.001
5700768710,5700768472,0.0,0.0,-0.001
5700773706,5700773466,0.0,0.0,-0.001
5700778695,5700778460,0.0,0.0,-0.001
5700781184,5700780957,0.0,0.0,-0.001
5700787430,5700787199,0.0,0.0,-0.001
5700791175,5700790947,0.0,0.0,-0.001
5700798667,5700798435,0.0,0.0,-0.001
5700802427,5700802180,0.0,0.0,-0.001
5700808654,5700808423,0.0,0.0,-0.001
5700812398,5700812168,0.0,0.0,-0.001
5700816147,5700815913,0.0,0.0,-0.001
5700822384,5700822155,0.0,0.0,-0.001
5700826133,5700825901,0.0,0.0,-0.001
5700833633,5700833392,0.0,0.0,-0.001
5700837367,5700837137,0.0,0.0,-0.001
5700843612,5700843379,0.0,0.0,-0.001
5700848611,5700848373,0.0,0.0,-0.001
5700851099,5700850871,0.0,0.0,-0.001
5700858591,5700858360,0.0,0.0,-0.001
5700861084,5700860857,0.0,0.0,-0.001
5700868580,5700868348,0.0,0.0,-0.001
5700872323,5700872093,0.0,0.0,-0.001
5700878581,5700878341,0.0,0.0,-0.001
5700882314,5700882082,0.0,0.0,-0.001
5700886063,5700885826,0.0,0.0,-0.001
5700892299,5700892068,0.0,0.0,-0.001
5700896048,5700895816,0.0,0.0,-0.001
5700903539,5700903305,0.0,0.0,-0.001
5700908559,5700908298,0.0,0.0,-0.001
5700913527,5700913292,0.0,0.0,-0.001
5700917275,5700917037,0.0,0.0,-0.001
5700921010,5700920782,0.0,0.0,-0.001
5700928507,5700928273,0.0,0.0,-0.001
5700931003,5700930770,0.0,0.0,-0.001
5700938498,5700938261,0.0,0.0,-0.001
5700942245,5700942006,0.0,0.0,-0.001
5700948489,5700948248,0.0,0.0,-0.001
5700952220,5700951994,0.0,0.0,-0.001
5700955971,5700955739,0.0,0.0,-0.001
5700963478,5700963237,0.0,0.0,-0.001
5700965955,5700965726,0.0,0.0,-0.001
5700973450,5700973217,0.0,0.0,-0.001
5700978441,5700978211,0.0,0.0,-0.001
5700983446,5700983205,0.0,0.0,-0.001
5700987181,5700986950,0.0,0.0,-0.001
5700990925,5700990695,0.0,0.0,-0.001
5700998443,5700998187,0.0,0.0,-0.001
5701000916,5701000683,0.0,0.0,-0.001
5701008412,5701008178,0.0,0.0,-0.001
5701012144,5701011919,0.0,0.0,-0.001
5701018393,5701018161,0.0,0.0,-0.001
5701022141,5701021907,0.0,0.0,-0.001
5701025881,5701025652,0.0,0.0,-0.001
5701033375,5701033143,0.0,0.0,-0.001
5701035870,5701035639,0.0,0.0,-0.001
5701043371,5701043130,0.0,0.0,-0.001
5701048354,5701048124,0.0,0.0,-0.001
5701053352,5701053118,0.0,0.0,-0.001
5701058350,5701058112,0.0,0.0,-0.001
5701060838,5701060608,0.0,0.0,-0.001
5701068335,5701068100,0.0,0.0,-0.001
5701070822,5701070596,0.0,0.0,-0.001
5701078323,5701078087,0.0,0.0,-0.001
5701082071,5701081832,0.0,0.0,-0.001
5701088353,5701088074,0.0,0.0,-0.001
5701092058,5701091819,0.0,0.0,-0.001
5701095796,5701095565,0.0,0.0,-0.001
5701103306,5701103056,0.0,0.0,-0.001
5701105789,5701105552,0.0,0.0,-0.001
5701113284,5701113043,0.0,0.0,-0.001
5701117023,5701116788,0.0,0.0,-0.001
5701123265,5701123031,0.0,0.0,-0.001
5701128270,5701128024,0.0,0.0,-0.001
5701130753,5701130521,0.0,0.0,-0.001
5701138247,5701138012,0.0,0.0,-0.001
5701141991,5701141757,0.0,0.0,-0.001
5701148243,5701148000,0.0,0.0,-0.001
5701151975,5701151745,0.0,0.0,-0.001
5701159471,5701159236,0.0,0.0,-0.001
5701161960,5701161733,0.0,0.0,-0.001
5701165703,5701165478,0.0,0.0,-0.001
5701173201,5701172968,0.0,0.0,-0.001
5701176957,5701176714,0.0,0.0,-0.001
5701183191,5701182956,0.0,0.0,-0.001
5701188193,5701187950,0.0,0.0,-0.001
5701194428,5701194192,0.0,0.0,-0.001
5701198168,5701197937,0.0,0.0,-0.001
5701200670,5701200434,0.0,0.0,-0.001
5701208162,5701207925,0.0,0.0,-0.001
5701211917,5701211677,0.0,0.0,-0.001
5701218145,5701217913,0.0,0.0,-0.001
5701221882,5701221658,0.0,0.0,-0.001
5701229379,5701229149,0.0,0.0,-0.001
5701231891,5701231646,0.0,0.0,-0.001
5701235620,5701235391,0.0,0.0,-0.001
5701243116,5701242882,0.0,0.0,-0.001
5701248109,5701247878,0.0,0.0,-0.001
5701253106,5701252872,0.0,0.0,-0.001
5701258106,5701257867,0.0,0.0,-0.001
5701264340,5701264105,0.0,0.0,-0.001
5701268097,5701267851,0.0,0.0,-0.001
5701270575,5701270347,0.0,0.0,-0.001
5701279330,5701279087,0.0,0.0,-0.001
5701281808,5701281583,0.0,0.0,-0.001
5701288062,5701287825,0.0,0.0,-0.001
5701291795,5701291571,0.0,0.0,-0.001
5701299378,5701299064,0.0,0.0,-0.001
5701301788,5701301558,0.0,0.0,-0.001
5701305552,5701305304,0.0,0.0,-0.001
5701313033,5701312795,0.0,0.0,-0.001
5701316771,5701316540,0.0,0.0,-0.001
5701323015,5701322782,0.0,0.0,-0.001
5701328024,5701327776,0.0,0.0,-0.001
5701334255,5701334018,0.0,0.0,-0.001
5701337990,5701337764,0.0,0.0,-0.001
5701340489,5701340260,0.0,0.0,-0.001
5701349231,5701348999,0.0,0.0,-0.001
5701351724,5701351496,0.0,0.0,-0.001
5701357976,5701357738,0.0,0.0,-0.001
5701361762,5701361484,0.0,0.0,-0.001
5701369213,5701368974,0.0,0.0,-0.001
5701372967,5701372719,0.0,0.0,-0.001
5701375451,5701375217,0.0,0.0,-0.001
5701382940,5701382707,0.0,0.0,-0.001
5701387941,5701387702,0.0,0.0,-0.001
5701392967,5701392698,0.0,0.0,-0.001
5701397922,5701397689,0.0,0.0,-0.001
5701404161,5701403931,0.0,0.0,-0.001
5701407916,5701407676,0.0,0.0,-0.001
5701410404,5701410173,0.0,0.0,-0.001
5701417914,5701417664,0.0,0.0,-0.001
5701421654,5701421409,0.0,0.0,-0.001
5701429132,5701428900,0.0,0.0,-0.001
5701431640,5701431397,0.0,0.0,-0.001
5701439116,5701438888,0.0,0.0,-0.001
5701442870,5701442633,0.0,0.0,-0.001
5701445362,5701445130,0.0,0.0,-0.001
5701452852,5701452620,0.0,0.0,-0.001
5701457849,5701457616,0.0,0.0,-0.001
5701462843,5701462608,0.0,0.0,-0.001
5701467834,5701467602,0.0,0.0,-0.001
5701474082,5701473843,0.0,0.0,-0.001
5701477825,5701477589,0.0,0.0,-0.001
5701480317,5701480086,0.0,0.0,-0.001
5701487816,5701487577,0.0,0.0,-0.001
5701491552,5701491322,0.0,0.0,-0.001
5701499044,5701498813,0.0,0.0,-0.001
5701501539,5701501310,0.0,0.0,-0.001
5701509036,5701508800,0.0,0.0,-0.001
5701512786,5701512546,0.0,0.0,-0.001
5701515282,5701515042,0.0,0.0,-0.001
5701522769,5701522533,0.0,0.0,-0.001
5701527768,5701527527,0.0,0.0,-0.001
5701534010,5701533769,0.0,0.0,-0.001
5701536494,5701536266,0.0,0.0,-0.001
5701543985,5701543757,0.0,0.0,-0.001
5701547737,5701547502,0.0,0.0,-0.001
5701551484,5701551248,0.0,0.0,-0.001
5701557721,5701557490,0.0,0.0,-0.001
5701561482,5701561235,0.0,0.0,-0.001
5701568981,5701568725,0.0,0.0,-0.001
5701571470,5701571224,0.0,0.0,-0.001
5701578947,5701578713,0.0,0.0,-0.001
5701582698,5701582460,0.0,0.0,-0.001
5701586444,5701586204,0.0,0.0,-0.001
5701592683,5701592446,0.0,0.0,-0.001
5701597678,5701597440,0.0,0.0,-0.001
5701603927,5701603682,0.0,0.0,-0.001
5701607665,5701607432,0.0,0.0,-0.001
5701613899,5701613669,0.0,0.0,-0.001
5701617644,5701617415,0.0,0.0,-0.001
5701621401,5701621160,0.0,0.0,-0.001
5701627639,5701627403,0.0,0.0,-0.001
5701631380,5701631148,0.0,0.0,-0.001
5701638874,5701638639,0.0,0.0,-0.001
5701641366,5701641136,0.0,0.0,-0.001
5701648857,5701648626,0.0,0.0,-0.001
5701652611,5701652378,0.0,0.0,-0.001
5701657604,5701657369,0.0,0.0,-0.001
5701662595,5701662359,0.0,0.0,-0.001
5701667592,5701667358,0.0,0.0,-0.001
5701673832,5701673595,0.0,0.0,-0.001
5701676322,5701676092,0.0,0.0,-0.001
5701683811,5701683582,0.0,0.0,-0.001
5701687567,5701687328,0.0,0.0,-0.001
5701691310,5701691073,0.0,0.0,-0.001
5701697552,5701697317,0.0,0.0,-0.001
5701701295,5701701061,0.0,0.0,-0.001
5701708782,5701708552,0.0,0.0,-0.001
5701711293,5701711048,0.0,0.0,-0.001
5701718770,5701718539,0.0,0.0,-0.001
5701722513,5701722284,0.0,0.0,-0.001
5701727508,5701727278,0.0,0.0,-0.001
5701732509,5701732272,0.0,0.0,-0.001
5701737498,5701737266,0.0,0.0,-0.001
5701743737,5701743508,0.0,0.0,-0.001
5701747488,5701747255,0.0,0.0,-0.001
5701753731,5701753495,0.0,0.0,-0.001
5701757484,5701757242,0.0,0.0,-0.001
5701761215,5701760986,0.0,0.0,-0.001
5701767470,5701767229,0.0,0.0,-0.001
5701771207,5701770974,0.0,0.0,-0.001
5701778696,5701778464,0.0,0.0,-0.001
5701782453,5701782210,0.0,0.0,-0.001
5701788690,5701788452,0.0,0.0,-0.001
5701792432,5701792197,0.0,0.0,-0.001
5701797427,5701797191,0.0,0.0,-0.001
5701802419,5701802186,0.0,0.0,-0.001
5701806159,5701805930,0.0,0.0,-0.001
5701813651,5701813421,0.0,0.0,-0.001
5701817419,5701817176,0.0,0.0,-0.001
5701823639,5701823408,0.0,0.0,-0.001
5701827395,5701827154,0.0,0.0,-0.001
5701831138,5701830899,0.0,0.0,-0.001
5701837377,5701837142,0.0,0.0,-0.001
5701841117,5701840887,0.0,0.0,-0.001
5701848610,5701848377,0.0,0.0,-0.001
5701852353,5701852122,0.0,0.0,-0.001
5701858597,5701858365,0.0,0.0,-0.001
5701862342,5701862110,0.0,0.0,-0.001
5701867340,5701867104,0.0,0.0,-0.001
5701872334,5701872101,0.0,0.0,-0.001
5701877324,5701877091,0.0,0.0,-0.001
5701883565,5701883333,0.0,0.0,-0.001
5701887331,5701887080,0.0,0.0,-0.001
5701893552,5701893321,0.0,0.0,-0.001
5701897303,5701897067,0.0,0.0,-0.001
5701901043,5701900812,0.0,0.0,-0.001
5701907295,5701907055,0.0,0.0,-0.001
5701911028,5701910799,0.0,0.0,-0.001
5701918520,5701918291,0.0,0.0,-0.001
5701922277,5701922036,0.0,0.0,-0.001
5701928512,5701928279,0.0,0.0,-0.001
5701932278,5701932023,0.0,0.0,-0.001
5701935995,5701935768,0.0,0.0,-0.001
5701943490,5701943259,0.0,0.0,-0.001
5701947237,5701947004,0.0,0.0,-0.001
5701953479,5701953246,0.0,0.0,-0.001
5701957224,5701956992,0.0,0.0,-0.001
5701960982,5701960737,0.0,0.0,-0.001
5701967215,5701966980,0.0,0.0,-0.001
5701970953,5701970725,0.0,0.0,-0.001
5701978457,5701978216,0.0,0.0,-0.001
5701980950,5701980712,0.0,0.0,-0.001
5701988438,5701988203,0.0,0.0,-0.001
5701992188,5701991948,0.0,0.0,-0.001
5701995929,5701995693,0.0,0.0,-0.001
5702002169,5702001936,0.0,0.0,-0.001
5702007202,5702006930,0.0,0.0,-0.001
5702013412,5702013173,0.0,0.0,-0.001
5702017152,5702016917,0.0,0.0,-0.001
5702023387,5702023160,0.0,0.0,-0.001
5702027139,5702026905,0.0,0.0,-0.001
5702030877,5702030650,0.0,0.0,-0.001
5702037132,5702036893,0.0,0.0,-0.001
5702040869,5702040638,0.0,0.0,-0.001
5702048365,5702048129,0.0,0.0,-0.001
5702050873,5702050626,0.0,0.0,-0.001
5702058351,5702058116,0.0,0.0,-0.001
5702062104,5702061861,0.0,0.0,-0.001
5702067092,5702066855,0.0,0.0,-0.001
5702072097,5702071849,0.0,0.0,-0.001
5702075821,5702075594,0.0,0.0,-0.001
5702083318,5702083085,0.0,0.0,-0.001
5702087067,5702086830,0.0,0.0,-0.001
5702093311,5702093072,0.0,0.0,-0.001
5702097052,5702096818,0.0,0.0,-0.001
5702100811,5702100563,0.0,0.0,-0.001
5702107040,5702106806,0.0,0.0,-0.001
5702110783,5702110551,0.0,0.0,-0.001
5702118280,5702118043,0.0,0.0,-0.001
5702120769,5702120539,0.0,0.0,-0.001
5702128271,5702128030,0.0,0.0,-0.001
5702132041,5702131776,0.0,0.0,-0.001
5702137001,5702136770,0.0,0.0,-0.001
5702141991,5702141762,0.0,0.0,-0.001
5702146990,5702146756,0.0,0.0,-0.001
5702153232,5702152998,0.0,0.0,-0.001
5702156984,5702156746,0.0,0.0,-0.001
5702163225,5702162986,0.0,0.0,-0.001
5702166965,5702166730,0.0,0.0,-0.001
5702174459,5702174222,0.0,0.0,-0.001
5702176962,5702176722,0.0,0.0,-0.001
5702180701,5702180464,0.0,0.0,-0.001
5702188184,5702187954,0.0,0.0,-0.001
5702191943,5702191699,0.0,0.0,-0.001
5702198174,5702197942,0.0,0.0,-0.001
5702201922,5702201692,0.0,0.0,-0.001
5702206932,5702206689,0.0,0.0,-0.001
5702211910,5702211675,0.0,0.0,-0.001
5702215657,5702215420,0.0,0.0,-0.001
5702223147,5702222911,0.0,0.0,-0.001
5702226901,5702226657,0.0,0.0,-0.001
5702233130,5702232898,0.0,0.0,-0.001
5702236889,5702236644,0.0,0.0,-0.001
5702244366,5702244134,0.0,0.0,-0.001
5702246864,5702246631,0.0,0.0,-0.001
5702250603,5702250376,0.0,0.0,-0.001
5702258107,5702257872,0.0,0.0,-0.001
5702261844,5702261612,0.0,0.0,-0.001
5702268085,5702267854,0.0,0.0,-0.001
5702271828,5702271600,0.0,0.0,-0.001
5702275574,5702275345,0.0,0.0,-0.001
5702281826,5702281587,0.0,0.0,-0.001
5702286814,5702286581,0.0,0.0,-0.001
5702293053,5702292823,0.0,0.0,-0.001
5702296804,5702296570,0.0,0.0,-0.001
5702303042,5702302811,0.0,0.0,-0.001
5702306798,5702306566,0.0,0.0,-0.001
5702314289,5702314047,0.0,0.0,-0.001
5702318030,5702317793,0.0,0.0,-0.001
5702320517,5702320290,0.0,0.0,-0.001
5702328015,5702327780,0.0,0.0,-0.001
5702331759,5702331525,0.0,0.0,-0.001
5702338001,5702337768,0.0,0.0,-0.001
5702341747,5702341513,0.0,0.0,-0.001
5702346744,5702346510,0.0,0.0,-0.001
5702352985,5702352749,0.0,0.0,-0.001
5702355493,5702355246,0.0,0.0,-0.001
5702362967,5702362737,0.0,0.0,-0.001
5702366716,5702366482,0.0,0.0,-0.001
5702372955,5702372724,0.0,0.0,-0.001
5702376702,5702376470,0.0,0.0,-0.001
5702384191,5702383960,0.0,0.0,-0.001
5702387943,5702387705,0.0,0.0,-0.001
5702390437,5702390203,0.0,0.0,-0.001
5702397937,5702397693,0.0,0.0,-0.001
5702401671,5702401438,0.0,0.0,-0.001
5702405460,5702405184,0.0,0.0,-0.001
5702411663,5702411426,0.0,0.0,-0.001
5702416654,5702416420,0.0,0.0,-0.001
5702422895,5702422662,0.0,0.0,-0.001
5702426636,5702426407,0.0,0.0,-0.001
5702432876,5702432649,0.0,0.0,-0.001
5702436648,5702436396,0.0,0.0,-0.001
5702442864,5702442637,0.0,0.0,-0.001
5702446615,5702446382,0.0,0.0,-0.001
5702454129,5702453873,0.0,0.0,-0.001
5702457844,5702457618,0.0,0.0,-0.001
5702460356,5702460121,0.0,0.0,-0.001
5702467851,5702467606,0.0,0.0,-0.001
5702471607,5702471352,0.0,0.0,-0.001
5702476581,5702476345,0.0,0.0,-0.001
5702481571,5702481339,0.0,0.0,-0.001
5702486569,5702486333,0.0,0.0,-0.001
5702492804,5702492575,0.0,0.0,-0.001
5702495316,5702495072,0.0,0.0,-0.001
5702502789,5702502562,0.0,0.0,-0.001
5702506547,5702506316,0.0,0.0,-0.001
5702512782,5702512553,0.0,0.0,-0.001
5702516529,5702516296,0.0,0.0,-0.001
5702524014,5702523786,0.0,0.0,-0.001
5702527763,5702527531,0.0,0.0,-0.001
5702531516,5702531277,0.0,0.0,-0.001
5702537752,5702537519,0.0,0.0,-0.001
5702541498,5702541264,0.0,0.0,-0.001
5702546489,5702546258,0.0,0.0,-0.001
5702551488,5702551255,0.0,0.0,-0.001
5702556484,5702556245,0.0,0.0,-0.001
5702562717,5702562488,0.0,0.0,-0.001
5702566469,5702566233,0.0,0.0,-0.001
5702572704,5702572475,0.0,0.0,-0.001
5702576454,5702576221,0.0,0.0,-0.001
5702583944,5702583711,0.0,0.0,-0.001
5702586444,5702586208,0.0,0.0,-0.001
5702593933,5702593699,0.0,0.0,-0.001
5702597711,5702597444,0.0,0.0,-0.001
5702601432,5702601190,0.0,0.0,-0.001
5702607658,5702607432,0.0,0.0,-0.001
5702611409,5702611177,0.0,0.0,-0.001
5702616449,5702616171,0.0,0.0,-0.001
5702621399,5702621165,0.0,0.0,-0.001
5702626400,5702626165,0.0,0.0,-0.001
5702632631,5702632400,0.0,0.0,-0.001
5702636380,5702636146,0.0,0.0,-0.001
5702642616,5702642388,0.0,0.0,-0.001
5702646369,5702646139,0.0,0.0,-0.001
5702653852,5702653624,0.0,0.0,-0.001
5702656353,5702656121,0.0,0.0,-0.001
5702663854,5702663612,0.0,0.0,-0.001
5702667587,5702667357,0.0,0.0,-0.001
5702671337,5702671103,0.0,0.0,-0.001
5702677585,5702677345,0.0,0.0,-0.001
5702681325,5702681090,0.0,0.0,-0.001
5702686319,5702686084,0.0,0.0,-0.001
5702691322,5702691078,0.0,0.0,-0.001
5702696314,5702696071,0.0,0.0,-0.001
5702702553,5702702313,0.0,0.0,-0.001
5702706310,5702706066,0.0,0.0,-0.001
5702712529,5702712301,0.0,0.0,-0.001
5702716286,5702716047,0.0,0.0,-0.001
5702723769,5702723537,0.0,0.0,-0.001
5702727515,5702727283,0.0,0.0,-0.001
5702733760,5702733525,0.0,0.0,-0.001
5702737502,5702737270,0.0,0.0,-0.001
5702741270,5702741018,0.0,0.0,-0.001
5702747490,5702747258,0.0,0.0,-0.001
5702751238,5702751003,0.0,0.0,-0.001
5702756232,5702755997,0.0,0.0,-0.001
5702762478,5702762239,0.0,0.0,-0.001
5702766218,5702765984,0.0,0.0,-0.001
5702772467,5702772227,0.0,0.0,-0.001
5702776204,5702775972,0.0,0.0,-0.001
5702782441,5702782214,0.0,0.0,-0.001
5702786193,5702785960,0.0,0.0,-0.001
5702793686,5702793450,0.0,0.0,-0.001
5702797441,5702797196,0.0,0.0,-0.001
5702803678,5702803438,0.0,0.0,-0.001
5702807416,5702807183,0.0,0.0,-0.001
5702811158,5702810928,0.0,0.0,-0.001
5702816155,5702815922,0.0,0.0,-0.001
5702821152,5702820921,0.0,0.0,-0.001
5702826142,5702825910,0.0,0.0,-0.001
5702832382,5702832152,0.0,0.0,-0.001
5702836133,5702835897,0.0,0.0,-0.001
5702842368,5702842139,0.0,0.0,-0.001
5702846114,5702845885,0.0,0.0,-0.001
5702852355,5702852127,0.0,0.0,-0.001
5702856106,5702855872,0.0,0.0,-0.001
5702863600,5702863363,0.0,0.0,-0.001
5702867343,5702867109,0.0,0.0,-0.001
5702873579,5702873351,0.0,0.0,-0.001
5702877333,5702877100,0.0,0.0,-0.001
5702881078,5702880842,0.0,0.0,-0.001
5702886073,5702885835,0.0,0.0,-0.001
5702891073,5702890829,0.0,0.0,-0.001
5702898557,5702898319,0.0,0.0,-0.001
5702902300,5702902065,0.0,0.0,-0.001
5702906049,5702905810,0.0,0.0,-0.001
5702912296,5702912052,0.0,0.0,-0.001
5702916038,5702915798,0.0,0.0,-0.001
5702922286,5702922040,0.0,0.0,-0.001
5702926018,5702925786,0.0,0.0,-0.001
5702933508,5702933276,0.0,0.0,-0.001
5702937274,5702937027,0.0,0.0,-0.001
5702943495,5702943264,0.0,0.0,-0.001
5702947241,5702947009,0.0,0.0,-0.001
5702950990,5702950754,0.0,0.0,-0.001
5702955981,5702955748,0.0,0.0,-0.001
5702960982,5702960742,0.0,0.0,-0.001
5702965970,5702965736,0.0,0.0,-0.001
5702972207,5702971978,0.0,0.0,-0.001
5702978449,5702978220,0.0,0.0,-0.001
5702982197,5702981965,0.0,0.0,-0.001
5702985945,5702985711,0.0,0.0,-0.001
5702993444,5702993202,0.0,0.0,-0.001
5702995933,5702995698,0.0,0.0,-0.001
5703003425,5703003193,0.0,0.0,-0.001
5703007167,5703006934,0.0,0.0,-0.001
5703013414,5703013177,0.0,0.0,-0.001
5703017160,5703016929,0.0,0.0,-0.001
5703020898,5703020667,0.0,0.0,-0.001
5703025901,5703025661,0.0,0.0,-0.001
5703030903,5703030655,0.0,0.0,-0.001
5703038376,5703038145,0.0,0.0,-0.001
5703042117,5703041890,0.0,0.0,-0.001
5703048366,5703048133,0.0,0.0,-0.001
5703052104,5703051878,0.0,0.0,-0.001
5703055861,5703055623,0.0,0.0,-0.001
5703063346,5703063114,0.0,0.0,-0.001
5703065841,5703065611,0.0,0.0,-0.001
5703073333,5703073102,0.0,0.0,-0.001
5703077086,5703076847,0.0,0.0,-0.001
5703083323,5703083090,0.0,0.0,-0.001
5703087076,5703086835,0.0,0.0,-0.001
5703090812,5703090580,0.0,0.0,-0.001
5703098308,5703098071,0.0,0.0,-0.001
5703100800,5703100567,0.0,0.0,-0.001
5703108297,5703108065,0.0,0.0,-0.001
5703112041,5703111804,0.0,0.0,-0.001
5703118274,5703118046,0.0,0.0,-0.001
5703122024,5703121791,0.0,0.0,-0.001
5703125771,5703125537,0.0,0.0,-0.001
5703133264,5703133027,0.0,0.0,-0.001
5703137008,5703136773,0.0,0.0,-0.001
5703143265,5703143015,0.0,0.0,-0.001
5703146992,5703146761,0.0,0.0,-0.001
5703154487,5703154255,0.0,0.0,-0.001
5703156988,5703156748,0.0,0.0,-0.001
5703160729,5703160493,0.0,0.0,-0.001
5703168209,5703167984,0.0,0.0,-0.001
5703171958,5703171729,0.0,0.0,-0.001
5703175705,5703175475,0.0,0.0,-0.001
5703181943,5703181716,0.0,0.0,-0.001
5703189450,5703189212,0.0,0.0,-0.001
5703191981,5703191704,0.0,0.0,-0.001
5703195687,5703195450,0.0,0.0,-0.001
5703203172,5703202940,0.0,0.0,-0.001
5703206922,5703206686,0.0,0.0,-0.001
5703213167,5703212928,0.0,0.0,-0.001
5703216907,5703216673,0.0,0.0,-0.001
5703225669,5703225412,0.0,0.0,-0.001
5703226901,5703226661,0.0,0.0,-0.001
5703230636,5703230406,0.0,0.0,-0.001
5703238123,5703237896,0.0,0.0,-0.001
5703241879,5703241642,0.0,0.0,-0.001
5703248113,5703247884,0.0,0.0,-0.001
5703251856,5703251629,0.0,0.0,-0.001
5703259353,5703259120,0.0,0.0,-0.001
5703261845,5703261617,0.0,0.0,-0.001
5703265599,5703265363,0.0,0.0,-0.001
5703273085,5703272853,0.0,0.0,-0.001
5703276833,5703276598,0.0,0.0,-0.001
5703283073,5703282841,0.0,0.0,-0.001
5703286820,5703286586,0.0,0.0,-0.001
5703295557,5703295325,0.0,0.0,-0.001
5703296809,5703296574,0.0,0.0,-0.001
5703304311,5703304064,0.0,0.0,-0.001
5703308040,5703307809,0.0,0.0,-0.001
5703311784,5703311555,0.0,0.0,-0.001
5703318031,5703317797,0.0,0.0,-0.001
5703321770,5703321542,0.0,0.0,-0.001
5703329272,5703329033,0.0,0.0,-0.001
5703331757,5703331530,0.0,0.0,-0.001
5703339264,5703339020,0.0,0.0,-0.001
5703342995,5703342766,0.0,0.0,-0.001
5703346741,5703346511,0.0,0.0,-0.001
5703352997,5703352754,0.0,0.0,-0.001
5703356730,5703356499,0.0,0.0,-0.001
5703365476,5703365238,0.0,0.0,-0.001
5703367970,5703367735,0.0,0.0,-0.001
5703375463,5703375225,0.0,0.0,-0.001
5703377959,5703377732,0.0,0.0,-0.001
5703381698,5703381468,0.0,0.0,-0.001
5703387937,5703387710,0.0,0.0,-0.001
5703391684,5703391455,0.0,0.0,-0.001
5703399175,5703398946,0.0,0.0,-0.001
5703402992,5703402694,0.0,0.0,-0.001
5703409164,5703408936,0.0,0.0,-0.001
5703412910,5703412679,0.0,0.0,-0.001
5703416656,5703416424,0.0,0.0,-0.001
5703422898,5703422666,0.0,0.0,-0.001
5703426647,5703426412,0.0,0.0,-0.001
5703435389,5703435151,0.0,0.0,-0.001
5703437877,5703437647,0.0,0.0,-0.001
5703445373,5703445139,0.0,0.0,-0.001
5703447862,5703447635,0.0,0.0,-0.001
5703451605,5703451380,0.0,0.0,-0.001
5703457847,5703457623,0.0,0.0,-0.001
5703461596,5703461368,0.0,0.0,-0.001
5703469091,5703468859,0.0,0.0,-0.001
5703472834,5703472604,0.0,0.0,-0.001
5703479085,5703478846,0.0,0.0,-0.001
5703482822,5703482592,0.0,0.0,-0.001
5703486567,5703486337,0.0,0.0,-0.001
5703492810,5703492579,0.0,0.0,-0.001
5703496600,5703496325,0.0,0.0,-0.001
5703504047,5703503815,0.0,0.0,-0.001
5703507787,5703507561,0.0,0.0,-0.001
5703515291,5703515051,0.0,0.0,-0.001
5703517780,5703517549,0.0,0.0,-0.001
5703521523,5703521294,0.0,0.0,-0.001
5703527794,5703527536,0.0,0.0,-0.001
5703531517,5703531281,0.0,0.0,-0.001
5703539002,5703538772,0.0,0.0,-0.001
5703542749,5703542517,0.0,0.0,-0.001
5703546493,5703546262,0.0,0.0,-0.001
5703552730,5703552505,0.0,0.0,-0.001
5703556498,5703556256,0.0,0.0,-0.001
5703565223,5703564989,0.0,0.0,-0.001
5703566479,5703566238,0.0,0.0,-0.001
5703573955,5703573728,0.0,0.0,-0.001
5703577698,5703577473,0.0,0.0,-0.001
5703581459,5703581219,0.0,0.0,-0.001
5703587696,5703587461,0.0,0.0,-0.001
5703591441,5703591206,0.0,0.0,-0.001
5703598939,5703598697,0.0,0.0,-0.001
5703601432,5703601194,0.0,0.0,-0.001
5703608919,5703608685,0.0,0.0,-0.001
5703612659,5703612430,0.0,0.0,-0.001
5703616417,5703616176,0.0,0.0,-0.001
5703622656,5703622418,0.0,0.0,-0.001
5703626413,5703626163,0.0,0.0,-0.001
5703635146,5703634910,0.0,0.0,-0.001
5703636385,5703636150,0.0,0.0,-0.001
5703645195,5703644898,0.0,0.0,-0.001
5703647615,5703647386,0.0,0.0,-0.001
5703651371,5703651132,0.0,0.0,-0.001
5703657601,5703657374,0.0,0.0,-0.001
5703661347,5703661119,0.0,0.0,-0.001
5703668837,5703668610,0.0,0.0,-0.001
5703671339,5703671107,0.0,0.0,-0.001
5703678825,5703678598,0.0,0.0,-0.001
5703682579,5703682343,0.0,0.0,-0.001
5703688813,5703688585,0.0,0.0,-0.001
5703692562,5703692331,0.0,0.0,-0.001
5703696316,5703696077,0.0,0.0,-0.001
5703705066,5703704815,0.0,0.0,-0.001
5703706309,5703706064,0.0,0.0,-0.001
5703715035,5703714803,0.0,0.0,-0.001
5703717528,5703717299,0.0,0.0,-0.001
5703725027,5703724790,0.0,0.0,-0.001
5703727516,5703727287,0.0,0.0,-0.001
5703731280,5703731033,0.0,0.0,-0.001
5703738798,5703738523,0.0,0.0,-0.001
5703742500,5703742269,0.0,0.0,-0.001
5703748743,5703748510,0.0,0.0,-0.001
5703752487,5703752256,0.0,0.0,-0.001
5703759979,5703759747,0.0,0.0,-0.001
5703762481,5703762244,0.0,0.0,-0.001
5703766222,5703765989,0.0,0.0,-0.001
5703774964,5703774728,0.0,0.0,-0.001
5703777456,5703777225,0.0,0.0,-0.001
5703783695,5703783467,0.0,0.0,-0.001
5703787439,5703787212,0.0,0.0,-0.001
5703794946,5703794703,0.0,0.0,-0.001
5703797430,5703797200,0.0,0.0,-0.001
5703801209,5703800947,0.0,0.0,-0.001
5703808662,5703808436,0.0,0.0,-0.001
5703812422,5703812181,0.0,0.0,-0.001
5703818651,5703818423,0.0,0.0,-0.001
5703822398,5703822169,0.0,0.0,-0.001
5703829896,5703829659,0.0,0.0,-0.001
5703832407,5703832157,0.0,0.0,-0.001
5703836134,5703835902,0.0,0.0,-0.001
5703844884,5703844641,0.0,0.0,-0.001
5703847366,5703847138,0.0,0.0,-0.001
5703854863,5703854628,0.0,0.0,-0.001
5703857356,5703857125,0.0,0.0,-0.001
5703864855,5703864616,0.0,0.0,-0.001
5703867341,5703867113,0.0,0.0,-0.001
5703871084,5703870858,0.0,0.0,-0.001
5703878579,5703878349,0.0,0.0,-0.001
5703882326,5703882094,0.0,0.0,-0.001
5703888569,5703888336,0.0,0.0,-0.001
5703892317,5703892084,0.0,0.0,-0.001
5703899806,5703899573,0.0,0.0,-0.001
5703902301,5703902069,0.0,0.0,-0.001
5703906050,5703905814,0.0,0.0,-0.001
5703914789,5703914554,0.0,0.0,-0.001
5703917288,5703917051,0.0,0.0,-0.001
5703923521,5703923293,0.0,0.0,-0.001
5703927269,5703927038,0.0,0.0,-0.001
5703934761,5703934529,0.0,0.0,-0.001
5703937260,5703937026,0.0,0.0,-0.001
5703940997,5703940771,0.0,0.0,-0.001
5703948493,5703948262,0.0,0.0,-0.001
5703952247,5703952007,0.0,0.0,-0.001
5703958485,5703958249,0.0,0.0,-0.001
5703962223,5703961995,0.0,0.0,-0.001
5703969717,5703969485,0.0,0.0,-0.001
5703973474,5703973231,0.0,0.0,-0.001
5703975957,5703975728,0.0,0.0,-0.001
5703984703,5703984467,0.0,0.0,-0.001
5703987193,5703986963,0.0,0.0,-0.001
5703994686,5703994455,0.0,0.0,-0.001
5703997180,5703996951,0.0,0.0,-0.001
5704004694,5704004442,0.0,0.0,-0.001
5704008428,5704008188,0.0,0.0,-0.001
5704010911,5704010684,0.0,0.0,-0.001
5704018405,5704018175,0.0,0.0,-0.001
5704022150,5704021920,0.0,0.0,-0.001
5704028395,5704028163,0.0,0.0,-0.001
5704032134,5704031907,0.0,0.0,-0.001
5704039645,5704039398,0.0,0.0,-0.001
5704044628,5704044392,0.0,0.0,-0.001
5704045875,5704045640,0.0,0.0,-0.001
5704053360,5704053131,0.0,0.0,-0.001
5704057104,5704056876,0.0,0.0,-0.001
5704064613,5704064368,0.0,0.0,-0.001
5704067101,5704066871,0.0,0.0,-0.001
5704074592,5704074359,0.0,0.0,-0.001
5704078334,5704078100,0.0,0.0,-0.001
5704080824,5704080597,0.0,0.0,-0.001
5704088332,5704088088,0.0,0.0,-0.001
5704092078,5704091833,0.0,0.0,-0.001
5704098318,5704098075,0.0,0.0,-0.001
5704102056,5704101820,0.0,0.0,-0.001
5704109540,5704109311,0.0,0.0,-0.001
5704114543,5704114305,0.0,0.0,-0.001
5704115791,5704115554,0.0,0.0,-0.001
5704124527,5704124293,0.0,0.0,-0.001
5704127082,5704126795,0.0,0.0,-0.001
5704134512,5704134281,0.0,0.0,-0.001
5704137013,5704136777,0.0,0.0,-0.001
5704144506,5704144268,0.0,0.0,-0.001
5704148245,5704148013,0.0,0.0,-0.001
5704151993,5704151758,0.0,0.0,-0.001
5704158288,5704158000,0.0,0.0,-0.001
5704161978,5704161746,0.0,0.0,-0.001
5704169473,5704169236,0.0,0.0,-0.001
5704171961,5704171733,0.0,0.0,-0.001
5704179486,5704179224,0.0,0.0,-0.001
5704184451,5704184218,0.0,0.0,-0.001
5704186954,5704186715,0.0,0.0,-0.001
5704194442,5704194206,0.0,0.0,-0.001
5704196941,5704196702,0.0,0.0,-0.001
5704204444,5704204193,0.0,0.0,-0.001
5704206921,5704206690,0.0,0.0,-0.001
5704214418,5704214186,0.0,0.0,-0.001
5704218155,5704217926,0.0,0.0,-0.001
5704221917,5704221671,0.0,0.0,-0.001
5704228147,5704227914,0.0,0.0,-0.001
5704231893,5704231659,0.0,0.0,-0.001
5704239385,5704239150,0.0,0.0,-0.001
5704241880,5704241647,0.0,0.0,-0.001
5704249375,5704249137,0.0,0.0,-0.001
5704254364,5704254131,0.0,0.0,-0.001
5704256863,5704256628,0.0,0.0,-0.001
5704264370,5704264125,0.0,0.0,-0.001
5704266854,5704266615,0.0,0.0,-0.001
5704274340,5704274107,0.0,0.0,-0.001
5704276834,5704276603,0.0,0.0,-0.001
5704284347,5704284094,0.0,0.0,-0.001
5704288070,5704287839,0.0,0.0,-0.001
5704291814,5704291584,0.0,0.0,-0.001
5704298057,5704297826,0.0,0.0,-0.001
5704301804,5704301572,0.0,0.0,-0.001
5704309302,5704309062,0.0,0.0,-0.001
5704314308,5704314056,0.0,0.0,-0.001
5704319291,5704319053,0.0,0.0,-0.001
5704323023,5704322795,0.0,0.0,-0.001
5704326774,5704326540,0.0,0.0,-0.001
5704334274,5704334031,0.0,0.0,-0.001
5704336759,5704336528,0.0,0.0,-0.001
5704344264,5704344019,0.0,0.0,-0.001
5704348005,5704347764,0.0,0.0,-0.001
5704354246,5704354008,0.0,0.0,-0.001
5704357982,5704357752,0.0,0.0,-0.001
5704361730,5704361497,0.0,0.0,-0.001
5704367969,5704367739,0.0,0.0,-0.001
5704371715,5704371485,0.0,0.0,-0.001
5704379211,5704378976,0.0,0.0,-0.001
5704382958,5704382721,0.0,0.0,-0.001
5704389195,5704388963,0.0,0.0,-0.001
5704394226,5704393960,0.0,0.0,-0.001
5704396687,5704396454,0.0,0.0,-0.001
5704402933,5704402696,0.0,0.0,-0.001
5704406676,5704406441,0.0,0.0,-0.001
5704414169,5704413932,0.0,0.0,-0.001
5704417912,5704417677,0.0,0.0,-0.001
5704424160,5704423920,0.0,0.0,-0.001
5704427891,5704427664,0.0,0.0,-0.001
5704431671,5704431414,0.0,0.0,-0.001
5704437883,5704437652,0.0,0.0,-0.001
5704441626,5704441397,0.0,0.0,-0.001
5704449132,5704448888,0.0,0.0,-0.001
5704454119,5704453882,0.0,0.0,-0.001
5704459112,5704458876,0.0,0.0,-0.001
5704462850,5704462621,0.0,0.0,-0.001
5704466600,5704466366,0.0,0.0,-0.001
5704474111,5704473857,0.0,0.0,-0.001
5704476584,5704476354,0.0,0.0,-0.001
5704484089,5704483844,0.0,0.0,-0.001
5704487822,5704487590,0.0,0.0,-0.001
5704494071,5704493832,0.0,0.0,-0.001
5704497830,5704497591,0.0,0.0,-0.001
5704501552,5704501323,0.0,0.0,-0.001
5704507810,5704507565,0.0,0.0,-0.001
5704511619,5704511318,0.0,0.0,-0.001
5704519103,5704518808,0.0,0.0,-0.001
5704524033,5704523795,0.0,0.0,-0.001
5704529025,5704528789,0.0,0.0,-0.001
5704532762,5704532534,0.0,0.0,-0.001
5704536509,5704536280,0.0,0.0,-0.001
5704544012,5704543770,0.0,0.0,-0.001
5704546499,5704546267,0.0,0.0,-0.001
5704554003,5704553762,0.0,0.0,-0.001
5704557733,5704557503,0.0,0.0,-0.001
5704561492,5704561249,0.0,0.0,-0.001
5704567722,5704567490,0.0,0.0,-0.001
5704571537,5704571239,0.0,0.0,-0.001
5704577706,5704577478,0.0,0.0,-0.001
5704581465,5704581223,0.0,0.0,-0.001
5704588953,5704588714,0.0,0.0,-0.001
5704592688,5704592459,0.0,0.0,-0.001
5704596446,5704596205,0.0,0.0,-0.001
5704603934,5704603696,0.0,0.0,-0.001
5704606424,5704606193,0.0,0.0,-0.001
5704613925,5704613683,0.0,0.0,-0.001
5704616466,5704616180,0.0,0.0,-0.001
5704623954,5704623671,0.0,0.0,-0.001
5704627650,5704627416,0.0,0.0,-0.001
5704631467,5704631161,0.0,0.0,-0.001
5704637633,5704637403,0.0,0.0,-0.001
5704641380,5704641149,0.0,0.0,-0.001
5704648876,5704648639,0.0,0.0,-0.001
5704651369,5704651137,0.0,0.0,-0.001
5704658859,5704658627,0.0,0.0,-0.001
5704662606,5704662372,0.0,0.0,-0.001
5704668900,5704668614,0.0,0.0,-0.001
5704673839,5704673609,0.0,0.0,-0.001
5704676391,5704676106,0.0,0.0,-0.001
5704683876,5704683596,0.0,0.0,-0.001
5704686331,5704686093,0.0,0.0,-0.001
5704693818,5704693584,0.0,0.0,-0.001
5704697592,5704697331,0.0,0.0,-0.001
5704703805,5704703571,0.0,0.0,-0.001
5704707565,5704707317,0.0,0.0,-0.001
5704711321,5704711062,0.0,0.0,-0.001
5704718788,5704718553,0.0,0.0,-0.001
5704721331,5704721049,0.0,0.0,-0.001
5704728848,5704728540,0.0,0.0,-0.001
5704733769,5704733534,0.0,0.0,-0.001
5704738759,5704738527,0.0,0.0,-0.001
5704742504,5704742273,0.0,0.0,-0.001
5704746271,5704746018,0.0,0.0,-0.001
5704753748,5704753509,0.0,0.0,-0.001
5704757484,5704757255,0.0,0.0,-0.001
5704763729,5704763496,0.0,0.0,-0.001
5704767480,5704767243,0.0,0.0,-0.001
5704774979,5704774733,0.0,0.0,-0.001
5704777465,5704777229,0.0,0.0,-0.001
5704781256,5704780974,0.0,0.0,-0.001
5704788745,5704788465,0.0,0.0,-0.001
5704793692,5704793459,0.0,0.0,-0.001
5704798683,5704798453,0.0,0.0,-0.001
5704802429,5704802198,0.0,0.0,-0.001
5704806173,5704805943,0.0,0.0,-0.001
5704813664,5704813435,0.0,0.0,-0.001
5704816167,5704815931,0.0,0.0,-0.001
5704823658,5704823422,0.0,0.0,-0.001
5704827413,5704827168,0.0,0.0,-0.001
5704833694,5704833410,0.0,0.0,-0.001
5704837385,5704837155,0.0,0.0,-0.001
5704844877,5704844646,0.0,0.0,-0.001
5704847378,5704847143,0.0,0.0,-0.001
5704851115,5704850887,0.0,0.0,-0.001
5704858610,5704858378,0.0,0.0,-0.001
5704863645,5704863372,0.0,0.0,-0.001
5704868596,5704868366,0.0,0.0,-0.001
5704873593,5704873360,0.0,0.0,-0.001
5704879839,5704879602,0.0,0.0,-0.001
5704882331,5704882102,0.0,0.0,-0.001
5704886111,5704885844,0.0,0.0,-0.001
5704893608,5704893335,0.0,0.0,-0.001
5704897328,5704897080,0.0,0.0,-0.001
5704903556,5704903322,0.0,0.0,-0.001
5704907305,5704907068,0.0,0.0,-0.001
5704914787,5704914558,0.0,0.0,-0.001
5704917294,5704917055,0.0,0.0,-0.001
5704921037,5704920805,0.0,0.0,-0.001
5704928535,5704928291,0.0,0.0,-0.001
5704933519,5704933285,0.0,0.0,-0.001
5704938539,5704938287,0.0,0.0,-0.001
5704943507,5704943273,0.0,0.0,-0.001
5704949742,5704949515,0.0,0.0,-0.001
5704952247,5704952011,0.0,0.0,-0.001
5704955985,5704955757,0.0,0.0,-0.001
5704963498,5704963248,0.0,0.0,-0.001
5704967236,5704966993,0.0,0.0,-0.001
5704973474,5704973235,0.0,0.0,-0.001
5704977214,5704976980,0.0,0.0,-0.001
5704984716,5704984471,0.0,0.0,-0.001
5704988457,5704988216,0.0,0.0,-0.001
5704990977,5704990713,0.0,0.0,-0.001
5704998492,5704998204,0.0,0.0,-0.001
5705003435,5705003198,0.0,0.0,-0.001
5705008426,5705008192,0.0,0.0,-0.001
5705013451,5705013186,0.0,0.0,-0.001
5705019657,5705019427,0.0,0.0,-0.001
5705023417,5705023174,0.0,0.0,-0.001
5705025959,5705025670,0.0,0.0,-0.001
5705033396,5705033163,0.0,0.0,-0.001
5705037162,5705036906,0.0,0.0,-0.001
5705043405,5705043148,0.0,0.0,-0.001
5705047121,5705046894,0.0,0.0,-0.001
5705054616,5705054384,0.0,0.0,-0.001
5705058411,5705058129,0.0,0.0,-0.001
5705060858,5705060626,0.0,0.0,-0.001
5705068351,5705068117,0.0,0.0,-0.001
5705073362,5705073112,0.0,0.0,-0.001
5705078339,5705078105,0.0,0.0,-0.001
5705083331,5705083098,0.0,0.0,-0.001
5705089575,5705089341,0.0,0.0,-0.001
5705093323,5705093086,0.0,0.0,-0.001
5705095846,5705095583,0.0,0.0,-0.001
5705103335,5705103075,0.0,0.0,-0.001
5705107053,5705106819,0.0,0.0,-0.001
5705113307,5705113068,0.0,0.0,-0.001
5705117038,5705116806,0.0,0.0,-0.001
5705124528,5705124297,0.0,0.0,-0.001
5705128283,5705128042,0.0,0.0,-0.001
5705133299,5705133037,0.0,0.0,-0.001
5705138286,5705138038,0.0,0.0,-0.001
5705143261,5705143024,0.0,0.0,-0.001
5705149494,5705149266,0.0,0.0,-0.001
5705153247,5705153011,0.0,0.0,-0.001
5705159484,5705159254,0.0,0.0,-0.001
5705163247,5705162999,0.0,0.0,-0.001
5705166975,5705166744,0.0,0.0,-0.001
5705173218,5705172987,0.0,0.0,-0.001
5705176975,5705176732,0.0,0.0,-0.001
5705184459,5705184223,0.0,0.0,-0.001
5705186950,5705186719,0.0,0.0,-0.001
5705194445,5705194210,0.0,0.0,-0.001
5705198201,5705197955,0.0,0.0,-0.001
5705203181,5705202949,0.0,0.0,-0.001
5705208189,5705207943,0.0,0.0,-0.001
5705213179,5705212938,0.0,0.0,-0.001
5705219414,5705219179,0.0,0.0,-0.001
5705223180,5705222924,0.0,0.0,-0.001
5705229403,5705229167,0.0,0.0,-0.001
5705234391,5705234162,0.0,0.0,-0.001
5705236898,5705236657,0.0,0.0,-0.001
5705243136,5705242899,0.0,0.0,-0.001
5705246874,5705246644,0.0,0.0,-0.001
5705254367,5705254139,0.0,0.0,-0.001
5705256857,5705256632,0.0,0.0,-0.001
5705264359,5705264123,0.0,0.0,-0.001
5705268119,5705267868,0.0,0.0,-0.001
5705273115,5705272862,0.0,0.0,-0.001
5705278091,5705277856,0.0,0.0,-0.001
5705283100,5705282850,0.0,0.0,-0.001
5705289323,5705289092,0.0,0.0,-0.001
5705293072,5705292837,0.0,0.0,-0.001
5705299320,5705299079,0.0,0.0,-0.001
5705303056,5705302825,0.0,0.0,-0.001
5705306800,5705306570,0.0,0.0,-0.001
5705313066,5705312812,0.0,0.0,-0.001
5705316789,5705316558,0.0,0.0,-0.001
5705324286,5705324048,0.0,0.0,-0.001
5705326774,5705326545,0.0,0.0,-0.001
5705334289,5705334044,0.0,0.0,-0.001
5705338017,5705337781,0.0,0.0,-0.001
5705343012,5705342775,0.0,0.0,-0.001
5705348002,5705347769,0.0,0.0,-0.001
5705352994,5705352763,0.0,0.0,-0.001
5705359287,5705359005,0.0,0.0,-0.001
5705362991,5705362759,0.0,0.0,-0.001
5705369223,5705368992,0.0,0.0,-0.001
5705372983,5705372738,0.0,0.0,-0.001
5705376722,5705376483,0.0,0.0,-0.001
5705382961,5705382725,0.0,0.0,-0.001
5705386698,5705386470,0.0,0.0,-0.001
5705394202,5705393962,0.0,0.0,-0.001
5705397944,5705397707,0.0,0.0,-0.001
5705404177,5705403949,0.0,0.0,-0.001
5705407935,5705407694,0.0,0.0,-0.001
5705412929,5705412688,0.0,0.0,-0.001
5705417939,5705417682,0.0,0.0,-0.001
5705422920,5705422676,0.0,0.0,-0.001
5705429154,5705428918,0.0,0.0,-0.001
5705432928,5705432663,0.0,0.0,-0.001
5705439132,5705438905,0.0,0.0,-0.001
5705442883,5705442651,0.0,0.0,-0.001
5705446632,5705446403,0.0,0.0,-0.001
5705452896,5705452638,0.0,0.0,-0.001
5705456614,5705456383,0.0,0.0,-0.001
5705464104,5705463874,0.0,0.0,-0.001
5705467852,5705467620,0.0,0.0,-0.001
5705474104,5705473861,0.0,0.0,-0.001
5705477852,5705477607,0.0,0.0,-0.001
5705482833,5705482601,0.0,0.0,-0.001
5705487830,5705487596,0.0,0.0,-0.001
5705492824,5705492589,0.0,0.0,-0.001
5705499066,5705498831,0.0,0.0,-0.001
5705502809,5705502576,0.0,0.0,-0.001
5705509049,5705508818,0.0,0.0,-0.001
5705512811,5705512564,0.0,0.0,-0.001
5705516543,5705516309,0.0,0.0,-0.001
5705522780,5705522551,0.0,0.0,-0.001
5705526543,5705526296,0.0,0.0,-0.001
5705534031,5705533787,0.0,0.0,-0.001
5705537790,5705537534,0.0,0.0,-0.001
5705542760,5705542527,0.0,0.0,-0.001
5705547754,5705547520,0.0,0.0,-0.001
5705552747,5705552517,0.0,0.0,-0.001
5705558983,5705558756,0.0,0.0,-0.001
5705562735,5705562503,0.0,0.0,-0.001
5705568983,5705568743,0.0,0.0,-0.001
5705572726,5705572489,0.0,0.0,-0.001
5705576474,5705576234,0.0,0.0,-0.001
5705582706,5705582477,0.0,0.0,-0.001
5705586462,5705586222,0.0,0.0,-0.001
5705593964,5705593713,0.0,0.0,-0.001
5705596448,5705596210,0.0,0.0,-0.001
5705603931,5705603700,0.0,0.0,-0.001
5705607677,5705607445,0.0,0.0,-0.001
5705612669,5705612440,0.0,0.0,-0.001
5705617666,5705617433,0.0,0.0,-0.001
5705622666,5705622436,0.0,0.0,-0.001
5705628911,5705628669,0.0,0.0,-0.001
5705632672,5705632414,0.0,0.0,-0.001
5705638912,5705638656,0.0,0.0,-0.001
5705642635,5705642405,0.0,0.0,-0.001
5705646379,5705646147,0.0,0.0,-0.001
5705652622,5705652390,0.0,0.0,-0.001
5705656380,5705656135,0.0,0.0,-0.001
5705663870,5705663626,0.0,0.0,-0.001
5705666352,5705666122,0.0,0.0,-0.001
5705673847,5705673613,0.0,0.0,-0.001
5705677592,5705677358,0.0,0.0,-0.001
5705682587,5705682352,0.0,0.0,-0.001
5705687629,5705687349,0.0,0.0,-0.001
5705692572,5705692340,0.0,0.0,-0.001
5705698813,5705698582,0.0,0.0,-0.001
5705702557,5705702327,0.0,0.0,-0.001
5705708798,5705708569,0.0,0.0,-0.001
5705712549,5705712316,0.0,0.0,-0.001
5705716301,5705716060,0.0,0.0,-0.001
5705722536,5705722302,0.0,0.0,-0.001
5705726285,5705726048,0.0,0.0,-0.001
5705733771,5705733539,0.0,0.0,-0.001
5705736273,5705736035,0.0,0.0,-0.001
5705743772,5705743526,0.0,0.0,-0.001
5705747504,5705747274,0.0,0.0,-0.001
5705752499,5705752265,0.0,0.0,-0.001
5705757491,5705757259,0.0,0.0,-0.001
5705762486,5705762255,0.0,0.0,-0.001
5705768724,5705768495,0.0,0.0,-0.001
5705772482,5705772241,0.0,0.0,-0.001
5705778715,5705778482,0.0,0.0,-0.001
5705782468,5705782228,0.0,0.0,-0.001
5705786205,5705785973,0.0,0.0,-0.001
5705792447,5705792215,0.0,0.0,-0.001
5705796189,5705795961,0.0,0.0,-0.001
5705803679,5705803451,0.0,0.0,-0.001
5705807432,5705807197,0.0,0.0,-0.001
5705813676,5705813440,0.0,0.0,-0.001
5705817420,5705817184,0.0,0.0,-0.001
5705822406,5705822178,0.0,0.0,-0.001
5705827414,5705827172,0.0,0.0,-0.001
5705833644,5705833414,0.0,0.0,-0.001
5705838643,5705838408,0.0,0.0,-0.001
5705842397,5705842153,0.0,0.0,-0.001
5705848629,5705848395,0.0,0.0,-0.001
5705852373,5705852143,0.0,0.0,-0.001
5705856115,5705855886,0.0,0.0,-0.001
5705862364,5705862128,0.0,0.0,-0.001
5705866099,5705865873,0.0,0.0,-0.001
5705873597,5705873365,0.0,0.0,-0.001
5705877343,5705877110,0.0,0.0,-0.001
5705883584,5705883352,0.0,0.0,-0.001
5705887330,5705887097,0.0,0.0,-0.001
5705892323,5705892091,0.0,0.0,-0.001
5705897319,5705897085,0.0,0.0,-0.001
5705903557,5705903327,0.0,0.0,-0.001
5705908553,5705908321,0.0,0.0,-0.001
5705912331,5705912066,0.0,0.0,-0.001
5705918538,5705918308,0.0,0.0,-0.001
5705922294,5705922056,0.0,0.0,-0.001
5705926032,5705925799,0.0,0.0,-0.001
5705932281,5705932041,0.0,0.0,-0.001
5705936012,5705935787,0.0,0.0,-0.001
5705943513,5705943277,0.0,0.0,-0.001
5705947263,5705947023,0.0,0.0,-0.001
5705952285,5705952016,0.0,0.0,-0.001
5705957256,5705957010,0.0,0.0,-0.001
5705962261,5705962004,0.0,0.0,-0.001
5705968482,5705968246,0.0,0.0,-0.001
5705972224,5705971991,0.0,0.0,-0.001
5705978474,5705978234,0.0,0.0,-0.001
5705982210,5705981979,0.0,0.0,-0.001
5705988460,5705988221,0.0,0.0,-0.001
5705992220,5705991967,0.0,0.0,-0.001
5705999684,5705999457,0.0,0.0,-0.001
5706003444,5706003203,0.0,0.0,-0.001
5706005932,5706005699,0.0,0.0,-0.001
5706013424,5706013190,0.0,0.0,-0.001
5706017172,5706016936,0.0,0.0,-0.001
5706022163,5706021929,0.0,0.0,-0.001
5706027159,5706026923,0.0,0.0,-0.001
5706032158,5706031917,0.0,0.0,-0.001
5706038401,5706038162,0.0,0.0,-0.001
5706042137,5706041904,0.0,0.0,-0.001
5706048385,5706048147,0.0,0.0,-0.001
5706053382,5706053142,0.0,0.0,-0.001
5706055880,5706055637,0.0,0.0,-0.001
5706062119,5706061879,0.0,0.0,-0.001
5706069606,5706069371,0.0,0.0,-0.001
5706073348,5706073115,0.0,0.0,-0.001
5706075843,5706075612,0.0,0.0,-0.001
5706083340,5706083103,0.0,0.0,-0.001
5706087095,5706086848,0.0,0.0,-0.001
5706092095,5706091842,0.0,0.0,-0.001
5706097088,5706096836,0.0,0.0,-0.001
5706100808,5706100581,0.0,0.0,-0.001
5706108308,5706108072,0.0,0.0,-0.001
5706112063,5706111817,0.0,0.0,-0.001
5706118299,5706118059,0.0,0.0,-0.001
5706122053,5706121805,0.0,0.0,-0.001
5706129525,5706129296,0.0,0.0,-0.001
5706132035,5706131792,0.0,0.0,-0.001
5706139524,5706139283,0.0,0.0,-0.001
5706143265,5706143028,0.0,0.0,-0.001
5706147022,5706146774,0.0,0.0,-0.001
5706153267,5706153016,0.0,0.0,-0.001
5706156993,5706156761,0.0,0.0,-0.001
5706162003,5706161755,0.0,0.0,-0.001
5706166977,5706166749,0.0,0.0,-0.001
5706170722,5706170495,0.0,0.0,-0.001
5706178212,5706177984,0.0,0.0,-0.001
5706181969,5706181730,0.0,0.0,-0.001
5706188203,5706187972,0.0,0.0,-0.001
5706191958,5706191725,0.0,0.0,-0.001
5706199446,5706199208,0.0,0.0,-0.001
5706201937,5706201705,0.0,0.0,-0.001
5706209430,5706209196,0.0,0.0,-0.001
5706213173,5706212941,0.0,0.0,-0.001
5706216930,5706216687,0.0,0.0,-0.001
5706223161,5706222929,0.0,0.0,-0.001
5706226915,5706226674,0.0,0.0,-0.001
5706231905,5706231668,0.0,0.0,-0.001
5706236903,5706236662,0.0,0.0,-0.001
5706241896,5706241656,0.0,0.0,-0.001
5706248126,5706247898,0.0,0.0,-0.001
5706251902,5706251643,0.0,0.0,-0.001
5706258169,5706257886,0.0,0.0,-0.001
5706261884,5706261640,0.0,0.0,-0.001
5706269352,5706269122,0.0,0.0,-0.001
5706271848,5706271618,0.0,0.0,-0.001
5706279339,5706279109,0.0,0.0,-0.001
5706283087,5706282854,0.0,0.0,-0.001
5706286838,5706286600,0.0,0.0,-0.001
5706293083,5706292842,0.0,0.0,-0.001
5706296817,5706296587,0.0,0.0,-0.001
5706300564,5706300333,0.0,0.0,-0.001
5706306806,5706306574,0.0,0.0,-0.001
5706311801,5706311569,0.0,0.0,-0.001
5706318039,5706317810,0.0,0.0,-0.001
5706321798,5706321557,0.0,0.0,-0.001
5706328030,5706327798,0.0,0.0,-0.001
5706331779,5706331544,0.0,0.0,-0.001
5706339272,5706339034,0.0,0.0,-0.001
5706343008,5706342779,0.0,0.0,-0.001
5706349269,5706349026,0.0,0.0,-0.001
5706353008,5706352767,0.0,0.0,-0.001
5706356748,5706356513,0.0,0.0,-0.001
5706361737,5706361506,0.0,0.0,-0.001
5706366728,5706366500,0.0,0.0,-0.001
5706371732,5706371495,0.0,0.0,-0.001
5706377973,5706377736,0.0,0.0,-0.001
5706381713,5706381481,0.0,0.0,-0.001
5706387949,5706387723,0.0,0.0,-0.001
5706391704,5706391471,0.0,0.0,-0.001
5706397944,5706397711,0.0,0.0,-0.001
5706401693,5706401457,0.0,0.0,-0.001
5706409183,5706408947,0.0,0.0,-0.001
5706412954,5706412692,0.0,0.0,-0.001
5706419165,5706418935,0.0,0.0,-0.001
5706422913,5706422680,0.0,0.0,-0.001
5706426658,5706426426,0.0,0.0,-0.001
5706431654,5706431420,0.0,0.0,-0.001
5706436647,5706436414,0.0,0.0,-0.001
5706441639,5706441407,0.0,0.0,-0.001
5706447878,5706447649,0.0,0.0,-0.001
5706451628,5706451395,0.0,0.0,-0.001
5706457861,5706457636,0.0,0.0,-0.001
5706461617,5706461382,0.0,0.0,-0.001
5706467852,5706467624,0.0,0.0,-0.001
5706471608,5706471369,0.0,0.0,-0.001
5706479119,5706478860,0.0,0.0,-0.001
5706482837,5706482606,0.0,0.0,-0.001
5706489076,5706488848,0.0,0.0,-0.001
5706492827,5706492593,0.0,0.0,-0.001
5706496577,5706496338,0.0,0.0,-0.001
5706502812,5706502581,0.0,0.0,-0.001
5706506563,5706506326,0.0,0.0,-0.001
5706511552,5706511320,0.0,0.0,-0.001
5706517787,5706517562,0.0,0.0,-0.001
5706524034,5706523804,0.0,0.0,-0.001
5706527775,5706527549,0.0,0.0,-0.001
5706531528,5706531295,0.0,0.0,-0.001
5706539016,5706538785,0.0,0.0,-0.001
5706541512,5706541283,0.0,0.0,-0.001
5706548999,5706548773,0.0,0.0,-0.001
5706552751,5706552518,0.0,0.0,-0.001
5706556493,5706556264,0.0,0.0,-0.001
5706562735,5706562506,0.0,0.0,-0.001
5706566491,5706566255,0.0,0.0,-0.001
5706571482,5706571245,0.0,0.0,-0.001
5706576483,5706576239,0.0,0.0,-0.001
5706583958,5706583729,0.0,0.0,-0.001
5706587705,5706587475,0.0,0.0,-0.001
5706591488,5706591220,0.0,0.0,-0.001
5706597692,5706597462,0.0,0.0,-0.001
5706601441,5706601208,0.0,0.0,-0.001
5706608934,5706608699,0.0,0.0,-0.001
5706611431,5706611198,0.0,0.0,-0.001
5706618916,5706618686,0.0,0.0,-0.001
5706622683,5706622432,0.0,0.0,-0.001
5706626416,5706626176,0.0,0.0,-0.001
5706632670,5706632425,0.0,0.0,-0.001
5706636406,5706636165,0.0,0.0,-0.001
5706643889,5706643655,0.0,0.0,-0.001
5706646389,5706646152,0.0,0.0,-0.001
5706652627,5706652394,0.0,0.0,-0.001
5706657620,5706657388,0.0,0.0,-0.001
5706661366,5706661134,0.0,0.0,-0.001
5706667603,5706667375,0.0,0.0,-0.001
5706671355,5706671121,0.0,0.0,-0.001
5706678860,5706678611,0.0,0.0,-0.001
5706681345,5706681108,0.0,0.0,-0.001
5706688829,5706688599,0.0,0.0,-0.001
5706692574,5706692344,0.0,0.0,-0.001
5706698814,5706698587,0.0,0.0,-0.001
5706702565,5706702332,0.0,0.0,-0.001
5706706335,5706706077,0.0,0.0,-0.001
5706711322,5706711071,0.0,0.0,-0.001
5706716305,5706716065,0.0,0.0,-0.001
5706721299,5706721058,0.0,0.0,-0.001
5706727531,5706727301,0.0,0.0,-0.001
5706731287,5706731046,0.0,0.0,-0.001
5706737520,5706737288,0.0,0.0,-0.001
5706741279,5706741034,0.0,0.0,-0.001
5706748755,5706748524,0.0,0.0,-0.001
5706752510,5706752270,0.0,0.0,-0.001
5706758737,5706758512,0.0,0.0,-0.001
5706762492,5706762259,0.0,0.0,-0.001
5706771278,5706770997,0.0,0.0,-0.001
5706772480,5706772245,0.0,0.0,-0.001
5706776224,5706775990,0.0,0.0,-0.001
5706781232,5706780984,0.0,0.0,-0.001
5706787458,5706787226,0.0,0.0,-0.001
5706791207,5706790971,0.0,0.0,-0.001
5706797446,5706797214,0.0,0.0,-0.001
5706802465,5706802207,0.0,0.0,-0.001
5706807431,5706807201,0.0,0.0,-0.001
5706811176,5706810947,0.0,0.0,-0.001
5706818666,5706818437,0.0,0.0,-0.001
5706822424,5706822183,0.0,0.0,-0.001
5706828657,5706828425,0.0,0.0,-0.001
5706832401,5706832170,0.0,0.0,-0.001
5706841153,5706840914,0.0,0.0,-0.001
5706842392,5706842158,0.0,0.0,-0.001
5706846137,5706845903,0.0,0.0,-0.001
5706851131,5706850897,0.0,0.0,-0.001
5706857371,5706857139,0.0,0.0,-0.001
5706863610,5706863381,0.0,0.0,-0.001
5706867360,5706867127,0.0,0.0,-0.001
5706871102,5706870872,0.0,0.0,-0.001
5706877348,5706877114,0.0,0.0,-0.001
5706881099,5706880860,0.0,0.0,-0.001
5706888643,5706888357,0.0,0.0,-0.001
5706892325,5706892095,0.0,0.0,-0.001
5706898579,5706898338,0.0,0.0,-0.001
5706902318,5706902084,0.0,0.0,-0.001
5706911058,5706910824,0.0,0.0,-0.001
5706912315,5706912070,0.0,0.0,-0.001
5706916048,5706915816,0.0,0.0,-0.001
5706923535,5706923307,0.0,0.0,-0.001
5706927293,5706927052,0.0,0.0,-0.001
5706933522,5706933294,0.0,0.0,-0.001
5706937282,5706937039,0.0,0.0,-0.001
5706944763,5706944531,0.0,0.0,-0.001
5706948505,5706948275,0.0,0.0,-0.001
5706952276,5706952021,0.0,0.0,-0.001
5706958490,5706958263,0.0,0.0,-0.001
5706962272,5706962008,0.0,0.0,-0.001
5706968482,5706968255,0.0,0.0,-0.001
5706972224,5706971996,0.0,0.0,-0.001
5706980973,5706980735,0.0,0.0,-0.001
5706983469,5706983233,0.0,0.0,-0.001
5706985961,5706985729,0.0,0.0,-0.001
5706993448,5706993219,0.0,0.0,-0.001
5706997191,5706996965,0.0,0.0,-0.001
5707003440,5707003207,0.0,0.0,-0.001
5707007181,5707006952,0.0,0.0,-0.001
5707014676,5707014443,0.0,0.0,-0.001
5707018429,5707018189,0.0,0.0,-0.001
5707022165,5707021934,0.0,0.0,-0.001
5707028406,5707028176,0.0,0.0,-0.001
5707032164,5707031921,0.0,0.0,-0.001
5707038395,5707038163,0.0,0.0,-0.001
5707042143,5707041909,0.0,0.0,-0.001
5707050888,5707050657,0.0,0.0,-0.001
5707053381,5707053145,0.0,0.0,-0.001
5707055874,5707055641,0.0,0.0,-0.001
5707063373,5707063132,0.0,0.0,-0.001
5707067104,5707066878,0.0,0.0,-0.001
5707073346,5707073120,0.0,0.0,-0.001
5707077099,5707076865,0.0,0.0,-0.001
5707084588,5707084356,0.0,0.0,-0.001
5707088329,5707088101,0.0,0.0,-0.001
5707090831,5707090598,0.0,0.0,-0.001
5707098320,5707098089,0.0,0.0,-0.001
5707102078,5707101834,0.0,0.0,-0.001
5707108317,5707108076,0.0,0.0,-0.001
5707112069,5707111822,0.0,0.0,-0.001
5707119546,5707119313,0.0,0.0,-0.001
5707123292,5707123058,0.0,0.0,-0.001
5707127035,5707126803,0.0,0.0,-0.001
5707133281,5707133046,0.0,0.0,-0.001
5707137018,5707136791,0.0,0.0,-0.001
5707143269,5707143033,0.0,0.0,-0.001
5707147003,5707146778,0.0,0.0,-0.001
5707154509,5707154269,0.0,0.0,-0.001
5707158249,5707158014,0.0,0.0,-0.001
5707160742,5707160511,0.0,0.0,-0.001
5707168231,5707168002,0.0,0.0,-0.001
5707171982,5707171748,0.0,0.0,-0.001
5707180719,5707180486,0.0,0.0,-0.001
5707181966,5707181734,0.0,0.0,-0.001
5707190708,5707190474,0.0,0.0,-0.001
5707193225,5707192971,0.0,0.0,-0.001
5707196959,5707196716,0.0,0.0,-0.001
5707203193,5707202959,0.0,0.0,-0.001
5707206932,5707206703,0.0,0.0,-0.001
5707214431,5707214194,0.0,0.0,-0.001
5707216940,5707216691,0.0,0.0,-0.001
5707224430,5707224182,0.0,0.0,-0.001
5707228173,5707227927,0.0,0.0,-0.001
5707231919,5707231672,0.0,0.0,-0.001
5707238145,5707237915,0.0,0.0,-0.001
5707241892,5707241660,0.0,0.0,-0.001
5707250636,5707250399,0.0,0.0,-0.001
5707251880,5707251648,0.0,0.0,-0.001
5707260620,5707260387,0.0,0.0,-0.001
5707263113,5707262884,0.0,0.0,-0.001
5707266855,5707266629,0.0,0.0,-0.001
5707273101,5707272871,0.0,0.0,-0.001
5707276841,5707276616,0.0,0.0,-0.001
5707284340,5707284107,0.0,0.0,-0.001
5707286842,5707286604,0.0,0.0,-0.001
5707294328,5707294095,0.0,0.0,-0.001
5707298092,5707297840,0.0,0.0,-0.001
5707301812,5707301585,0.0,0.0,-0.001
5707308055,5707307827,0.0,0.0,-0.001
5707311821,5707311573,0.0,0.0,-0.001
5707320541,5707320312,0.0,0.0,-0.001
5707321805,5707321566,0.0,0.0,-0.001
5707330544,5707330300,0.0,0.0,-0.001
5707333031,5707332796,0.0,0.0,-0.001
5707336773,5707336545,0.0,0.0,-0.001
5707343016,5707342784,0.0,0.0,-0.001
5707346760,5707346529,0.0,0.0,-0.001
5707354279,5707354020,0.0,0.0,-0.001
5707358002,5707357768,0.0,0.0,-0.001
5707364242,5707364008,0.0,0.0,-0.001
5707367981,5707367753,0.0,0.0,-0.001
5707371731,5707371499,0.0,0.0,-0.001
5707377986,5707377740,0.0,0.0,-0.001
5707381716,5707381486,0.0,0.0,-0.001
5707390468,5707390230,0.0,0.0,-0.001
5707392962,5707392722,0.0,0.0,-0.001
5707400445,5707400212,0.0,0.0,-0.001
5707402942,5707402709,0.0,0.0,-0.001
5707406684,5707406455,0.0,0.0,-0.001
5707412934,5707412697,0.0,0.0,-0.001
5707416672,5707416442,0.0,0.0,-0.001
5707424164,5707423933,0.0,0.0,-0.001
5707427990,5707427685,0.0,0.0,-0.001
5707434163,5707433920,0.0,0.0,-0.001
5707437897,5707437666,0.0,0.0,-0.001
5707441645,5707441411,0.0,0.0,-0.001
5707447884,5707447653,0.0,0.0,-0.001
5707451630,5707451399,0.0,0.0,-0.001
5707459167,5707458889,0.0,0.0,-0.001
5707462871,5707462635,0.0,0.0,-0.001
5707470357,5707470125,0.0,0.0,-0.001
5707472855,5707472623,0.0,0.0,-0.001
5707476599,5707476368,0.0,0.0,-0.001
5707482842,5707482610,0.0,0.0,-0.001
5707486602,5707486356,0.0,0.0,-0.001
5707494096,5707493846,0.0,0.0,-0.001
5707497818,5707497591,0.0,0.0,-0.001
5707504067,5707503834,0.0,0.0,-0.001
5707507806,5707507579,0.0,0.0,-0.001
5707511557,5707511324,0.0,0.0,-0.001
5707517797,5707517566,0.0,0.0,-0.001
5707521563,5707521312,0.0,0.0,-0.001
5707529038,5707528802,0.0,0.0,-0.001
5707532776,5707532548,0.0,0.0,-0.001
5707540278,5707540038,0.0,0.0,-0.001
5707542765,5707542535,0.0,0.0,-0.001
5707546517,5707546281,0.0,0.0,-0.001
5707552762,5707552524,0.0,0.0,-0.001
5707556495,5707556268,0.0,0.0,-0.001
5707563992,5707563759,0.0,0.0,-0.001
5707567738,5707567505,0.0,0.0,-0.001
5707573981,5707573746,0.0,0.0,-0.001
5707577719,5707577492,0.0,0.0,-0.001
5707581475,5707581237,0.0,0.0,-0.001
5707590211,5707589976,0.0,0.0,-0.001
5707591477,5707591225,0.0,0.0,-0.001
5707600199,5707599964,0.0,0.0,-0.001
5707602690,5707602460,0.0,0.0,-0.001
5707610218,5707609952,0.0,0.0,-0.001
5707612675,5707612448,0.0,0.0,-0.001
5707616421,5707616193,0.0,0.0,-0.001
5707623920,5707623684,0.0,0.0,-0.001
5707626408,5707626181,0.0,0.0,-0.001
5707633910,5707633672,0.0,0.0,-0.001
5707637659,5707637417,0.0,0.0,-0.001
5707643894,5707643659,0.0,0.0,-0.001
5707647635,5707647405,0.0,0.0,-0.001
5707651387,5707651150,0.0,0.0,-0.001
5707658872,5707658640,0.0,0.0,-0.001
5707661371,5707661138,0.0,0.0,-0.001
5707670121,5707669877,0.0,0.0,-0.001
5707672607,5707672374,0.0,0.0,-0.001
5707678851,5707678616,0.0,0.0,-0.001
5707682590,5707682361,0.0,0.0,-0.001
5707686338,5707686107,0.0,0.0,-0.001
5707693826,5707693597,0.0,0.0,-0.001
5707696396,5707696100,0.0,0.0,-0.001
5707703815,5707703585,0.0,0.0,-0.001
5707707566,5707707330,0.0,0.0,-0.001
5707713806,5707713573,0.0,0.0,-0.001
5707717552,5707717318,0.0,0.0,-0.001
5707721299,5707721063,0.0,0.0,-0.001
5707730041,5707729805,0.0,0.0,-0.001
5707731291,5707731051,0.0,0.0,-0.001
5707740029,5707739790,0.0,0.0,-0.001
5707742520,5707742287,0.0,0.0,-0.001
5707750018,5707749778,0.0,0.0,-0.001
5707752504,5707752274,0.0,0.0,-0.001
5707756257,5707756019,0.0,0.0,-0.001
5707763752,5707763510,0.0,0.0,-0.001
5707767492,5707767256,0.0,0.0,-0.001
5707773725,5707773498,0.0,0.0,-0.001
5707777496,5707777243,0.0,0.0,-0.001
5707784971,5707784734,0.0,0.0,-0.001
5707787478,5707787231,0.0,0.0,-0.001
5707791217,5707790976,0.0,0.0,-0.001
5707799948,5707799715,0.0,0.0,-0.001
5707802450,5707802213,0.0,0.0,-0.001
5707808689,5707808454,0.0,0.0,-0.001
5707812430,5707812200,0.0,0.0,-0.001
5707819936,5707819690,0.0,0.0,-0.001
5707822418,5707822187,0.0,0.0,-0.001
5707826158,5707825932,0.0,0.0,-0.001
5707833656,5707833424,0.0,0.0,-0.001
5707837406,5707837169,0.0,0.0,-0.001
5707843639,5707843411,0.0,0.0,-0.001
5707847385,5707847156,0.0,0.0,-0.001
5707854880,5707854646,0.0,0.0,-0.001
5707857384,5707857144,0.0,0.0,-0.001
5707861203,5707860894,0.0,0.0,-0.001
5707869868,5707869635,0.0,0.0,-0.001
5707872354,5707872125,0.0,0.0,-0.001
5707878595,5707878367,0.0,0.0,-0.001
5707882337,5707882112,0.0,0.0,-0.001
5707889837,5707889603,0.0,0.0,-0.001
5707892329,5707892100,0.0,0.0,-0.001
5707896074,5707895845,0.0,0.0,-0.001
5707903569,5707903336,0.0,0.0,-0.001
5707907342,5707907081,0.0,0.0,-0.001
5707913610,5707913326,0.0,0.0,-0.001
5707917305,5707917069,0.0,0.0,-0.001
5707924794,5707924559,0.0,0.0,-0.001
5707927300,5707927057,0.0,0.0,-0.001
5707931044,5707930802,0.0,0.0,-0.001
5707939776,5707939541,0.0,0.0,-0.001
5707942268,5707942038,0.0,0.0,-0.001
5707949763,5707949529,0.0,0.0,-0.001
5707952283,5707952032,0.0,0.0,-0.001
5707959762,5707959523,0.0,0.0,-0.001
5707963494,5707963262,0.0,0.0,-0.001
5707966045,5707965759,0.0,0.0,-0.001
5707973544,5707973250,0.0,0.0,-0.001
5707977222,5707976994,0.0,0.0,-0.001
5707983473,5707983237,0.0,0.0,-0.001
5707987211,5707986982,0.0,0.0,-0.001
5707994705,5707994473,0.0,0.0,-0.001
5707999700,5707999466,0.0,0.0,-0.001
5708000966,5708000715,0.0,0.0,-0.001
5708009688,5708009454,0.0,0.0,-0.001
5708012178,5708011951,0.0,0.0,-0.001
5708019675,5708019441,0.0,0.0,-0.001
5708022164,5708021938,0.0,0.0,-0.001
5708029663,5708029429,0.0,0.0,-0.001
5708033477,5708033174,0.0,0.0,-0.001
5708035925,5708035671,0.0,0.0,-0.001
5708043394,5708043162,0.0,0.0,-0.001
5708047136,5708046907,0.0,0.0,-0.001
5708053381,5708053150,0.0,0.0,-0.001
5708057140,5708056895,0.0,0.0,-0.001
5708064624,5708064386,0.0,0.0,-0.001
5708069610,5708069379,0.0,0.0,-0.001
5708070908,5708070628,0.0,0.0,-0.001
5708078402,5708078119,0.0,0.0,-0.001
5708082094,5708081863,0.0,0.0,-0.001
5708089592,5708089355,0.0,0.0,-0.001
5708092089,5708091851,0.0,0.0,-0.001
5708099576,5708099342,0.0,0.0,-0.001
5708103328,5708103091,0.0,0.0,-0.001
5708105812,5708105584,0.0,0.0,-0.001
5708113317,5708113075,0.0,0.0,-0.001
5708117055,5708116820,0.0,0.0,-0.001
5708123338,5708123062,0.0,0.0,-0.001
5708127042,5708126807,0.0,0.0,-0.001
5708134533,5708134298,0.0,0.0,-0.001
5708139529,5708139292,0.0,0.0,-0.001
5708140781,5708140541,0.0,0.0,-0.001
5708149526,5708149280,0.0,0.0,-0.001
5708152001,5708151777,0.0,0.0,-0.001
5708159500,5708159267,0.0,0.0,-0.001
5708162008,5708161764,0.0,0.0,-0.001
5708169505,5708169267,0.0,0.0,-0.001
5708173295,5708173004,0.0,0.0,-0.001
5708176994,5708176745,0.0,0.0,-0.001
5708183260,5708182988,0.0,0.0,-0.001
5708186964,5708186733,0.0,0.0,-0.001
5708194459,5708194224,0.0,0.0,-0.001
5708196969,5708196721,0.0,0.0,-0.001
5708204507,5708204211,0.0,0.0,-0.001
5708210688,5708210454,0.0,0.0,-0.001
5708211938,5708211702,0.0,0.0,-0.001
5708219423,5708219193,0.0,0.0,-0.001
5708221931,5708221689,0.0,0.0,-0.001
5708229435,5708229180,0.0,0.0,-0.001
5708231908,5708231677,0.0,0.0,-0.001
5708239403,5708239168,0.0,0.0,-0.001
5708243182,5708242913,0.0,0.0,-0.001
5708246898,5708246658,0.0,0.0,-0.001
5708253138,5708252900,0.0,0.0,-0.001
5708256871,5708256646,0.0,0.0,-0.001
5708264369,5708264137,0.0,0.0,-0.001
5708266902,5708266634,0.0,0.0,-0.001
5708274362,5708274124,0.0,0.0,-0.001
5708279351,5708279118,0.0,0.0,-0.001
5708281844,5708281615,0.0,0.0,-0.001
5708289340,5708289105,0.0,0.0,-0.001
5708291832,5708291602,0.0,0.0,-0.001
5708299331,5708299096,0.0,0.0,-0.001
5708303114,5708302838,0.0,0.0,-0.001
5708309319,5708309081,0.0,0.0,-0.001
5708313058,5708312826,0.0,0.0,-0.001
5708316805,5708316572,0.0,0.0,-0.001
5708323048,5708322813,0.0,0.0,-0.001
5708326793,5708326559,0.0,0.0,-0.001
5708334309,5708334050,0.0,0.0,-0.001
5708336781,5708336547,0.0,0.0,-0.001
5708344270,5708344037,0.0,0.0,-0.001
5708349284,5708349039,0.0,0.0,-0.001
5708351754,5708351528,0.0,0.0,-0.001
5708359266,5708359028,0.0,0.0,-0.001
5708361749,5708361515,0.0,0.0,-0.001
5708369240,5708369006,0.0,0.0,-0.001
5708372984,5708372751,0.0,0.0,-0.001
5708379263,5708378994,0.0,0.0,-0.001
5708382965,5708382739,0.0,0.0,-0.001
5708386719,5708386484,0.0,0.0,-0.001
5708392989,5708392726,0.0,0.0,-0.001
5708396705,5708396472,0.0,0.0,-0.001
5708404198,5708403963,0.0,0.0,-0.001
5708409194,5708408957,0.0,0.0,-0.001
5708414188,5708413950,0.0,0.0,-0.001
5708419182,5708418944,0.0,0.0,-0.001
5708421671,5708421441,0.0,0.0,-0.001
5708429165,5708428933,0.0,0.0,-0.001
5708431661,5708431428,0.0,0.0,-0.001
5708439156,5708438919,0.0,0.0,-0.001
5708442903,5708442664,0.0,0.0,-0.001
5708449148,5708448907,0.0,0.0,-0.001
5708452919,5708452652,0.0,0.0,-0.001
5708456629,5708456397,0.0,0.0,-0.001
5708462874,5708462640,0.0,0.0,-0.001
5708466615,5708466385,0.0,0.0,-0.001
5708474113,5708473876,0.0,0.0,-0.001
5708479105,5708478869,0.0,0.0,-0.001
5708484120,5708483863,0.0,0.0,-0.001
5708489100,5708488857,0.0,0.0,-0.001
5708491581,5708491354,0.0,0.0,-0.001
5708499084,5708498845,0.0,0.0,-0.001
5708501575,5708501341,0.0,0.0,-0.001
5708509078,5708508832,0.0,0.0,-0.001
5708512823,5708512577,0.0,0.0,-0.001
5708519057,5708518820,0.0,0.0,-0.001
5708522791,5708522565,0.0,0.0,-0.001
5708526543,5708526310,0.0,0.0,-0.001
5708534041,5708533801,0.0,0.0,-0.001
5708536532,5708536298,0.0,0.0,-0.001
5708544026,5708543788,0.0,0.0,-0.001
5708549028,5708548784,0.0,0.0,-0.001
5708554016,5708553776,0.0,0.0,-0.001
5708557769,5708557525,0.0,0.0,-0.001
5708561493,5708561266,0.0,0.0,-0.001
5708569002,5708568761,0.0,0.0,-0.001
5708571482,5708571256,0.0,0.0,-0.001
5708578980,5708578745,0.0,0.0,-0.001
5708582722,5708582490,0.0,0.0,-0.001
5708588977,5708588732,0.0,0.0,-0.001
5708592705,5708592478,0.0,0.0,-0.001
5708596480,5708596223,0.0,0.0,-0.001
5708603958,5708603715,0.0,0.0,-0.001
5708606443,5708606211,0.0,0.0,-0.001
5708613936,5708613701,0.0,0.0,-0.001
5708618931,5708618696,0.0,0.0,-0.001
5708623923,5708623689,0.0,0.0,-0.001
5708628935,5708628683,0.0,0.0,-0.001
5708631409,5708631180,0.0,0.0,-0.001
5708638911,5708638671,0.0,0.0,-0.001
5708641398,5708641167,0.0,0.0,-0.001
5708648902,5708648660,0.0,0.0,-0.001
5708652649,5708652404,0.0,0.0,-0.001
5708658883,5708658645,0.0,0.0,-0.001
5708662632,5708662391,0.0,0.0,-0.001
5708666371,5708666137,0.0,0.0,-0.001
5708673860,5708673627,0.0,0.0,-0.001
5708676360,5708676124,0.0,0.0,-0.001
5708683842,5708683614,0.0,0.0,-0.001
5708688876,5708688608,0.0,0.0,-0.001
5708693853,5708693602,0.0,0.0,-0.001
5708698827,5708698596,0.0,0.0,-0.001
5708701325,5708701092,0.0,0.0,-0.001
5708708820,5708708583,0.0,0.0,-0.001
5708711326,5708711080,0.0,0.0,-0.001
5708718806,5708718571,0.0,0.0,-0.001
5708722552,5708722316,0.0,0.0,-0.001
5708730047,5708729807,0.0,0.0,-0.001
5708732537,5708732304,0.0,0.0,-0.001
5708736293,5708736049,0.0,0.0,-0.001
5708743775,5708743540,0.0,0.0,-0.001
5708746299,5708746036,0.0,0.0,-0.001
5708753765,5708753527,0.0,0.0,-0.001
5708758755,5708758523,0.0,0.0,-0.001
5708764993,5708764763,0.0,0.0,-0.001
5708768750,5708768512,0.0,0.0,-0.001
5708771235,5708771005,0.0,0.0,-0.001
5708778727,5708778496,0.0,0.0,-0.001
5708782476,5708782242,0.0,0.0,-0.001
5708788718,5708788485,0.0,0.0,-0.001
5708792466,5708792230,0.0,0.0,-0.001
5708799959,5708799719,0.0,0.0,-0.001
5708802448,5708802217,0.0,0.0,-0.001
5708806199,5708805962,0.0,0.0,-0.001
5708813691,5708813453,0.0,0.0,-0.001
5708818676,5708818447,0.0,0.0,-0.001
5708823675,5708823440,0.0,0.0,-0.001
5708827424,5708827186,0.0,0.0,-0.001
5708834923,5708834677,0.0,0.0,-0.001
5708838656,5708838422,0.0,0.0,-0.001
5708841147,5708840920,0.0,0.0,-0.001
5708848642,5708848409,0.0,0.0,-0.001
5708852401,5708852155,0.0,0.0,-0.001
5708858633,5708858397,0.0,0.0,-0.001
5708862375,5708862144,0.0,0.0,-0.001
5708869871,5708869632,0.0,0.0,-0.001
5708872358,5708872132,0.0,0.0,-0.001
5708876117,5708875875,0.0,0.0,-0.001
5708883601,5708883366,0.0,0.0,-0.001
5708888594,5708888359,0.0,0.0,-0.001
5708893585,5708893353,0.0,0.0,-0.001
5708898586,5708898347,0.0,0.0,-0.001
5708904815,5708904589,0.0,0.0,-0.001
5708908575,5708908343,0.0,0.0,-0.001
5708911063,5708910831,0.0,0.0,-0.001
5708918558,5708918323,0.0,0.0,-0.001
5708922301,5708922068,0.0,0.0,-0.001
5708928578,5708928310,0.0,0.0,-0.001
5708932290,5708932059,0.0,0.0,-0.001
5708939775,5708939545,0.0,0.0,-0.001
5708942279,5708942045,0.0,0.0,-0.001
5708946017,5708945788,0.0,0.0,-0.001
5708953512,5708953279,0.0,0.0,-0.001
5708958504,5708958272,0.0,0.0,-0.001
5708963520,5708963266,0.0,0.0,-0.001
5708968494,5708968260,0.0,0.0,-0.001
5708974730,5708974502,0.0,0.0,-0.001
5708978508,5708978247,0.0,0.0,-0.001
5708980980,5708980744,0.0,0.0,-0.001
5708988477,5708988240,0.0,0.0,-0.001
5708992216,5708991980,0.0,0.0,-0.001
5708998454,5708998223,0.0,0.0,-0.001
5709002208,5709001968,0.0,0.0,-0.001
5709009695,5709009458,0.0,0.0,-0.001
5709013445,5709013204,0.0,0.0,-0.001
5709015936,5709015701,0.0,0.0,-0.001
5709023446,5709023191,0.0,0.0,-0.001
5709028422,5709028185,0.0,0.0,-0.001
5709033427,5709033179,0.0,0.0,-0.001
5709038415,5709038173,0.0,0.0,-0.001
5709044641,5709044415,0.0,0.0,-0.001
5709048404,5709048161,0.0,0.0,-0.001
5709050883,5709050657,0.0,0.0,-0.001
5709058385,5709058148,0.0,0.0,-0.001
5709062125,5709061893,0.0,0.0,-0.001
5709068372,5709068136,0.0,0.0,-0.001
5709072111,5709071881,0.0,0.0,-0.001
5709079603,5709079371,0.0,0.0,-0.001
5709083355,5709083117,0.0,0.0,-0.001
5709085872,5709085614,0.0,0.0,-0.001
5709093336,5709093104,0.0,0.0,-0.001
5709098335,5709098098,0.0,0.0,-0.001
5709103337,5709103092,0.0,0.0,-0.001
5709108322,5709108086,0.0,0.0,-0.001
5709114555,5709114328,0.0,0.0,-0.001
5709118310,5709118073,0.0,0.0,-0.001
5709120804,5709120570,0.0,0.0,-0.001
5709128316,5709128061,0.0,0.0,-0.001
5709132043,5709131806,0.0,0.0,-0.001
5709138291,5709138054,0.0,0.0,-0.001
5709142019,5709141794,0.0,0.0,-0.001
5709149520,5709149284,0.0,0.0,-0.001
5709153283,5709153030,0.0,0.0,-0.001
5709155754,5709155526,0.0,0.0,-0.001
5709163257,5709163018,0.0,0.0,-0.001
5709168247,5709168012,0.0,0.0,-0.001
5709174481,5709174254,0.0,0.0,-0.001
5709178255,5709177999,0.0,0.0,-0.001
5709184480,5709184241,0.0,0.0,-0.001
5709188223,5709187986,0.0,0.0,-0.001
5709191957,5709191731,0.0,0.0,-0.001
5709198209,5709197974,0.0,0.0,-0.001
5709202000,5709201719,0.0,0.0,-0.001
5709209480,5709209210,0.0,0.0,-0.001
5709213197,5709212955,0.0,0.0,-0.001
5709219433,5709219197,0.0,0.0,-0.001
5709223172,5709222942,0.0,0.0,-0.001
5709228172,5709227936,0.0,0.0,-0.001
5709233220,5709232931,0.0,0.0,-0.001
5709238162,5709237927,0.0,0.0,-0.001
5709244409,5709244166,0.0,0.0,-0.001
5709248152,5709247912,0.0,0.0,-0.001
5709254385,5709254154,0.0,0.0,-0.001
5709259377,5709259148,0.0,0.0,-0.001
5709261870,5709261644,0.0,0.0,-0.001
5709268123,5709267887,0.0,0.0,-0.001
5709271870,5709271632,0.0,0.0,-0.001
5709279355,5709279123,0.0,0.0,-0.001
5709281844,5709281619,0.0,0.0,-0.001
5709289340,5709289110,0.0,0.0,-0.001
5709293090,5709292855,0.0,0.0,-0.001
5709298091,5709297856,0.0,0.0,-0.001
5709303077,5709302843,0.0,0.0,-0.001
5709308081,5709307837,0.0,0.0,-0.001
5709314313,5709314079,0.0,0.0,-0.001
5709318061,5709317825,0.0,0.0,-0.001
5709324305,5709324069,0.0,0.0,-0.001
5709328071,5709327812,0.0,0.0,-0.001
5709331790,5709331558,0.0,0.0,-0.001
5709338034,5709337800,0.0,0.0,-0.001
5709341771,5709341545,0.0,0.0,-0.001
5709349271,5709349036,0.0,0.0,-0.001
5709353033,5709352781,0.0,0.0,-0.001
5709359265,5709359024,0.0,0.0,-0.001
5709363004,5709362769,0.0,0.0,-0.001
5709367997,5709367763,0.0,0.0,-0.001
5709372985,5709372756,0.0,0.0,-0.001
5709376730,5709376501,0.0,0.0,-0.001
5709384228,5709383992,0.0,0.0,-0.001
5709387971,5709387738,0.0,0.0,-0.001
5709394207,5709393980,0.0,0.0,-0.001
5709397959,5709397725,0.0,0.0,-0.001
5709401704,5709401470,0.0,0.0,-0.001
5709407947,5709407713,0.0,0.0,-0.001
5709411683,5709411458,0.0,0.0,-0.001
5709419180,5709418949,0.0,0.0,-0.001
5709422938,5709422694,0.0,0.0,-0.001
5709429169,5709428938,0.0,0.0,-0.001
5709432923,5709432682,0.0,0.0,-0.001
5709437919,5709437675,0.0,0.0,-0.001
5709442910,5709442669,0.0,0.0,-0.001
5709446645,5709446414,0.0,0.0,-0.001
5709454140,5709453905,0.0,0.0,-0.001
5709457891,5709457650,0.0,0.0,-0.001
5709464121,5709463893,0.0,0.0,-0.001
5709467873,5709467638,0.0,0.0,-0.001
5709471611,5709471384,0.0,0.0,-0.001
5709477858,5709477626,0.0,0.0,-0.001
5709481595,5709481371,0.0,0.0,-0.001
5709489093,5709488862,0.0,0.0,-0.001
5709492840,5709492607,0.0,0.0,-0.001
5709499108,5709498849,0.0,0.0,-0.001
5709502839,5709502594,0.0,0.0,-0.001
5709507819,5709507588,0.0,0.0,-0.001
5709512816,5709512582,0.0,0.0,-0.001
5709517807,5709517576,0.0,0.0,-0.001
5709524049,5709523818,0.0,0.0,-0.001
5709527800,5709527564,0.0,0.0,-0.001
5709534041,5709533806,0.0,0.0,-0.001
5709537786,5709537551,0.0,0.0,-0.001
5709541525,5709541296,0.0,0.0,-0.001
5709549017,5709548787,0.0,0.0,-0.001
5709551516,5709551284,0.0,0.0,-0.001
5709559009,5709558774,0.0,0.0,-0.001
5709562753,5709562520,0.0,0.0,-0.001
5709567749,5709567514,0.0,0.0,-0.001
5709572739,5709572507,0.0,0.0,-0.001
5709576494,5709576253,0.0,0.0,-0.001
5709583980,5709583745,0.0,0.0,-0.001
5709587724,5709587489,0.0,0.0,-0.001
5709593961,5709593731,0.0,0.0,-0.001
5709597709,5709597477,0.0,0.0,-0.001
5709601460,5709601221,0.0,0.0,-0.001
5709607697,5709607465,0.0,0.0,-0.001
5709611446,5709611213,0.0,0.0,-0.001
5709618933,5709618700,0.0,0.0,-0.001
5709621424,5709621197,0.0,0.0,-0.001
5709628930,5709628688,0.0,0.0,-0.001
5709632668,5709632432,0.0,0.0,-0.001
5709637661,5709637426,0.0,0.0,-0.001
5709642656,5709642420,0.0,0.0,-0.001
5709647647,5709647414,0.0,0.0,-0.001
5709653884,5709653656,0.0,0.0,-0.001
5709657635,5709657402,0.0,0.0,-0.001
5709663876,5709663644,0.0,0.0,-0.001
5709667623,5709667389,0.0,0.0,-0.001
5709671366,5709671135,0.0,0.0,-0.001
5709677615,5709677377,0.0,0.0,-0.001
5709681355,5709681122,0.0,0.0,-0.001
5709688839,5709688613,0.0,0.0,-0.001
5709691342,5709691110,0.0,0.0,-0.001
5709698829,5709698600,0.0,0.0,-0.001
5709702576,5709702345,0.0,0.0,-0.001
5709707571,5709707339,0.0,0.0,-0.001
5709712568,5709712334,0.0,0.0,-0.001
5709717559,5709717328,0.0,0.0,-0.001
5709723794,5709723569,0.0,0.0,-0.001
5709726303,5709726066,0.0,0.0,-0.001
5709733788,5709733557,0.0,0.0,-0.001
5709737538,5709737302,0.0,0.0,-0.001
5709741284,5709741048,0.0,0.0,-0.001
5709747522,5709747290,0.0,0.0,-0.001
5709751286,5709751035,0.0,0.0,-0.001
5709758762,5709758526,0.0,0.0,-0.001
5709762503,5709762271,0.0,0.0,-0.001
5709768747,5709768513,0.0,0.0,-0.001
5709772491,5709772259,0.0,0.0,-0.001
5709776235,5709776004,0.0,0.0,-0.001
5709782486,5709782248,0.0,0.0,-0.001
5709787507,5709787240,0.0,0.0,-0.001
5709793709,5709793482,0.0,0.0,-0.001
5709797467,5709797228,0.0,0.0,-0.001
5709803699,5709803470,0.0,0.0,-0.001
5709807451,5709807215,0.0,0.0,-0.001
5709811196,5709810960,0.0,0.0,-0.001
5709817433,5709817203,0.0,0.0,-0.001
5709821182,5709820950,0.0,0.0,-0.001
5709828669,5709828439,0.0,0.0,-0.001
5709832424,5709832184,0.0,0.0,-0.001
5709838653,5709838426,0.0,0.0,-0.001
5709842406,5709842172,0.0,0.0,-0.001
5709846146,5709845917,0.0,0.0,-0.001
5709852393,5709852160,0.0,0.0,-0.001
5709857382,5709857153,0.0,0.0,-0.001
5709863625,5709863395,0.0,0.0,-0.001
5709867373,5709867140,0.0,0.0,-0.001
5709873622,5709873382,0.0,0.0,-0.001
5709877362,5709877128,0.0,0.0,-0.001
5709884850,5709884618,0.0,0.0,-0.001
5709887350,5709887116,0.0,0.0,-0.001
5709891088,5709890861,0.0,0.0,-0.001
5709898605,5709898352,0.0,0.0,-0.001
5709902331,5709902100,0.0,0.0,-0.001
5709908571,5709908339,0.0,0.0,-0.001
5709912341,5709912086,0.0,0.0,-0.001
5709917314,5709917079,0.0,0.0,-0.001
5709922312,5709922075,0.0,0.0,-0.001
5709927307,5709927066,0.0,0.0,-0.001
5709933543,5709933308,0.0,0.0,-0.001
5709937291,5709937053,0.0,0.0,-0.001
5709943523,5709943296,0.0,0.0,-0.001
5709947284,5709947041,0.0,0.0,-0.001
5709954764,5709954532,0.0,0.0,-0.001
5709958514,5709958277,0.0,0.0,-0.001
5709961014,5709960774,0.0,0.0,-0.001
5709968495,5709968264,0.0,0.0,-0.001
5709972261,5709972010,0.0,0.0,-0.001
5709978499,5709978267,0.0,0.0,-0.001
5709982233,5709981997,0.0,0.0,-0.001
5709987235,5709986992,0.0,0.0,-0.001
5709993465,5709993233,0.0,0.0,-0.001
5709995961,5709995730,0.0,0.0,-0.001
5710003447,5710003221,0.0,0.0,-0.001
5710007197,5710006966,0.0,0.0,-0.001
5710013438,5710013208,0.0,0.0,-0.001
5710017187,5710016954,0.0,0.0,-0.001
5710024677,5710024445,0.0,0.0,-0.001
5710028434,5710028190,0.0,0.0,-0.001
5710030925,5710030687,0.0,0.0,-0.001
5710038411,5710038177,0.0,0.0,-0.001
5710042153,5710041923,0.0,0.0,-0.001
5710047150,5710046917,0.0,0.0,-0.001
5710052146,5710051913,0.0,0.0,-0.001
5710055892,5710055656,0.0,0.0,-0.001
5710063379,5710063147,0.0,0.0,-0.001
5710067124,5710066892,0.0,0.0,-0.001
5710073360,5710073134,0.0,0.0,-0.001
5710077109,5710076879,0.0,0.0,-0.001
5710083358,5710083121,0.0,0.0,-0.001
5710087098,5710086868,0.0,0.0,-0.001
5710094587,5710094357,0.0,0.0,-0.001
5710098335,5710098103,0.0,0.0,-0.001
5710100828,5710100600,0.0,0.0,-0.001
5710108319,5710108090,0.0,0.0,-0.001
5710112092,5710111836,0.0,0.0,-0.001
5710117063,5710116830,0.0,0.0,-0.001
5710122070,5710121823,0.0,0.0,-0.001
5710127052,5710126817,0.0,0.0,-0.001
5710133303,5710133059,0.0,0.0,-0.001
5710135783,5710135556,0.0,0.0,-0.001
5710143283,5710143047,0.0,0.0,-0.001
5710147036,5710146792,0.0,0.0,-0.001
5710153286,5710153035,0.0,0.0,-0.001
5710157014,5710156780,0.0,0.0,-0.001
5710164512,5710164271,0.0,0.0,-0.001
5710168264,5710168016,0.0,0.0,-0.001
5710171995,5710171761,0.0,0.0,-0.001
5710178241,5710178004,0.0,0.0,-0.001
5710181984,5710181749,0.0,0.0,-0.001
5710186976,5710186743,0.0,0.0,-0.001
5710191968,5710191736,0.0,0.0,-0.001
5710196971,5710196730,0.0,0.0,-0.001
5710203199,5710202972,0.0,0.0,-0.001
5710206961,5710206718,0.0,0.0,-0.001
5710213194,5710212960,0.0,0.0,-0.001
5710216950,5710216712,0.0,0.0,-0.001
5710224436,5710224196,0.0,0.0,-0.001
5710228178,5710227941,0.0,0.0,-0.001
5710234415,5710234183,0.0,0.0,-0.001
5710238180,5710237929,0.0,0.0,-0.001
5710241914,5710241674,0.0,0.0,-0.001
5710248143,5710247916,0.0,0.0,-0.001
5710251888,5710251661,0.0,0.0,-0.001
5710256891,5710256656,0.0,0.0,-0.001
5710261907,5710261649,0.0,0.0,-0.001
5710266875,5710266643,0.0,0.0,-0.001
5710273110,5710272885,0.0,0.0,-0.001
5710276878,5710276631,0.0,0.0,-0.001
5710283116,5710282873,0.0,0.0,-0.001
5710286850,5710286618,0.0,0.0,-0.001
5710294344,5710294113,0.0,0.0,-0.001
5710298091,5710297856,0.0,0.0,-0.001
5710304330,5710304096,0.0,0.0,-0.001
5710308083,5710307842,0.0,0.0,-0.001
5710311832,5710311587,0.0,0.0,-0.001
5710318064,5710317829,0.0,0.0,-0.001
5710321805,5710321574,0.0,0.0,-0.001
5710329303,5710329065,0.0,0.0,-0.001
5710331853,5710331564,0.0,0.0,-0.001
5710336799,5710336556,0.0,0.0,-0.001
5710343030,5710342798,0.0,0.0,-0.001
5710346777,5710346544,0.0,0.0,-0.001
5710353019,5710352786,0.0,0.0,-0.001
5710356764,5710356531,0.0,0.0,-0.001
5710364267,5710364026,0.0,0.0,-0.001
5710368003,5710367768,0.0,0.0,-0.001
5710374246,5710374009,0.0,0.0,-0.001
5710377984,5710377755,0.0,0.0,-0.001
5710381740,5710381505,0.0,0.0,-0.001
5710386738,5710386494,0.0,0.0,-0.001
5710391717,5710391487,0.0,0.0,-0.001
5710399207,5710398978,0.0,0.0,-0.001
5710402965,5710402723,0.0,0.0,-0.001
5710406703,5710406469,0.0,0.0,-0.001
5710412949,5710412711,0.0,0.0,-0.001
5710416688,5710416457,0.0,0.0,-0.001
5710422923,5710422698,0.0,0.0,-0.001
5710426683,5710426446,0.0,0.0,-0.001
5710434163,5710433934,0.0,0.0,-0.001
5710437919,5710437680,0.0,0.0,-0.001
5710444154,5710443922,0.0,0.0,-0.001
5710447902,5710447667,0.0,0.0,-0.001
5710451645,5710451413,0.0,0.0,-0.001
5710456653,5710456406,0.0,0.0,-0.001
5710461646,5710461400,0.0,0.0,-0.001
5710466634,5710466397,0.0,0.0,-0.001
5710472871,5710472636,0.0,0.0,-0.001
5710479106,5710478879,0.0,0.0,-0.001
5710482854,5710482624,0.0,0.0,-0.001
5710486614,5710486370,0.0,0.0,-0.001
5710492839,5710492611,0.0,0.0,-0.001
5710496590,5710496357,0.0,0.0,-0.001
5710504080,5710503847,0.0,0.0,-0.001
5710507824,5710507593,0.0,0.0,-0.001
5710514074,5710513835,0.0,0.0,-0.001
5710517816,5710517582,0.0,0.0,-0.001
5710521559,5710521326,0.0,0.0,-0.001
5710526548,5710526319,0.0,0.0,-0.001
5710531550,5710531313,0.0,0.0,-0.001
5710536542,5710536308,0.0,0.0,-0.001
5710542829,5710542550,0.0,0.0,-0.001
5710549017,5710548791,0.0,0.0,-0.001
5710552768,5710552537,0.0,0.0,-0.001
5710556515,5710556282,0.0,0.0,-0.001
5710562753,5710562524,0.0,0.0,-0.001
5710566505,5710566270,0.0,0.0,-0.001
5710574046,5710573760,0.0,0.0,-0.001
5710577738,5710577506,0.0,0.0,-0.001
5710581484,5710581255,0.0,0.0,-0.001
5710587726,5710587494,0.0,0.0,-0.001
5710591487,5710591239,0.0,0.0,-0.001
5710598966,5710598729,0.0,0.0,-0.001
5710601467,5710601226,0.0,0.0,-0.001
5710606458,5710606220,0.0,0.0,-0.001
5710612688,5710612462,0.0,0.0,-0.001
5710618931,5710618704,0.0,0.0,-0.001
5710622681,5710622450,0.0,0.0,-0.001
5710626429,5710626195,0.0,0.0,-0.001
5710633926,5710633686,0.0,0.0,-0.001
5710636447,5710636183,0.0,0.0,-0.001
5710643902,5710643674,0.0,0.0,-0.001
5710647651,5710647419,0.0,0.0,-0.001
5710653890,5710653661,0.0,0.0,-0.001
5710657637,5710657406,0.0,0.0,-0.001
5710661391,5710661151,0.0,0.0,-0.001
5710668874,5710668642,0.0,0.0,-0.001
5710671382,5710671140,0.0,0.0,-0.001
5710676364,5710676133,0.0,0.0,-0.001
5710682604,5710682375,0.0,0.0,-0.001
5710686356,5710686121,0.0,0.0,-0.001
5710692587,5710692363,0.0,0.0,-0.001
5710696341,5710696108,0.0,0.0,-0.001
5710703834,5710703599,0.0,0.0,-0.001
5710706329,5710706098,0.0,0.0,-0.001
5710713815,5710713587,0.0,0.0,-0.001
5710717562,5710717331,0.0,0.0,-0.001
5710723801,5710723574,0.0,0.0,-0.001
5710727553,5710727319,0.0,0.0,-0.001
5710731307,5710731064,0.0,0.0,-0.001
5710738784,5710738555,0.0,0.0,-0.001
5710741293,5710741055,0.0,0.0,-0.001
5710748774,5710748543,0.0,0.0,-0.001
5710752522,5710752291,0.0,0.0,-0.001
5710756274,5710756033,0.0,0.0,-0.001
5710762508,5710762276,0.0,0.0,-0.001
5710766263,5710766025,0.0,0.0,-0.001
5710773736,5710773512,0.0,0.0,-0.001
5710777499,5710777268,0.0,0.0,-0.001
5710783727,5710783499,0.0,0.0,-0.001
5710787498,5710787245,0.0,0.0,-0.001
5710794964,5710794735,0.0,0.0,-0.001
5710797487,5710797232,0.0,0.0,-0.001
5710801211,5710800977,0.0,0.0,-0.001
5710808695,5710808468,0.0,0.0,-0.001
5710812459,5710812220,0.0,0.0,-0.001
5710818682,5710818456,0.0,0.0,-0.001
5710822432,5710822201,0.0,0.0,-0.001
5710826176,5710825946,0.0,0.0,-0.001
5710832419,5710832189,0.0,0.0,-0.001
5710836167,5710835934,0.0,0.0,-0.001
5710843654,5710843424,0.0,0.0,-0.001
5710847451,5710847170,0.0,0.0,-0.001
5710853648,5710853412,0.0,0.0,-0.001
5710857390,5710857158,0.0,0.0,-0.001
5710866130,5710865897,0.0,0.0,-0.001
5710867379,5710867146,0.0,0.0,-0.001
5710871143,5710870890,0.0,0.0,-0.001
5710878630,5710878381,0.0,0.0,-0.001
5710882355,5710882126,0.0,0.0,-0.001
5710888598,5710888369,0.0,0.0,-0.001
5710892343,5710892114,0.0,0.0,-0.001
5710899853,5710899605,0.0,0.0,-0.001
5710902334,5710902102,0.0,0.0,-0.001
5710906085,5710905847,0.0,0.0,-0.001
5710913569,5710913338,0.0,0.0,-0.001
5710917316,5710917083,0.0,0.0,-0.001
5710923557,5710923325,0.0,0.0,-0.001
5710927315,5710927071,0.0,0.0,-0.001
5710936047,5710935810,0.0,0.0,-0.001
5710937295,5710937058,0.0,0.0,-0.001
5710946035,5710945797,0.0,0.0,-0.001
5710948524,5710948294,0.0,0.0,-0.001
5710952285,5710952040,0.0,0.0,-0.001
5710958511,5710958282,0.0,0.0,-0.001
5710962272,5710962027,0.0,0.0,-0.001
5710969748,5710969518,0.0,0.0,-0.001
5710973497,5710973263,0.0,0.0,-0.001
5710975991,5710975760,0.0,0.0,-0.001
5710983486,5710983255,0.0,0.0,-0.001
5710987228,5710986996,0.0,0.0,-0.001
5710993477,5710993238,0.0,0.0,-0.001
5710997229,5710996985,0.0,0.0,-0.001
5711004711,5711004474,0.0,0.0,-0.001
5711008452,5711008219,0.0,0.0,-0.001
5711012194,5711011965,0.0,0.0,-0.001
5711018433,5711018207,0.0,0.0,-0.001
5711022183,5711021952,0.0,0.0,-0.001
5711028429,5711028194,0.0,0.0,-0.001
5711032175,5711031940,0.0,0.0,-0.001
5711039662,5711039431,0.0,0.0,-0.001
5711043417,5711043176,0.0,0.0,-0.001
5711045907,5711045674,0.0,0.0,-0.001
5711053398,5711053164,0.0,0.0,-0.001
5711057149,5711056909,0.0,0.0,-0.001
5711063384,5711063151,0.0,0.0,-0.001
5711067126,5711066896,0.0,0.0,-0.001
5711075868,5711075636,0.0,0.0,-0.001
5711078362,5711078132,0.0,0.0,-0.001
5711080871,5711080629,0.0,0.0,-0.001
5711088352,5711088120,0.0,0.0,-0.001
5711092094,5711091865,0.0,0.0,-0.001
5711098342,5711098107,0.0,0.0,-0.001
5711102094,5711101853,0.0,0.0,-0.001
5711109581,5711109344,0.0,0.0,-0.001
5711113329,5711113089,0.0,0.0,-0.001
5711115821,5711115586,0.0,0.0,-0.001
5711123314,5711123077,0.0,0.0,-0.001
5711127058,5711126822,0.0,0.0,-0.001
5711133299,5711133064,0.0,0.0,-0.001
5711137062,5711136809,0.0,0.0,-0.001
5711145784,5711145548,0.0,0.0,-0.001
5711148284,5711148045,0.0,0.0,-0.001
5711155769,5711155536,0.0,0.0,-0.001
5711158266,5711158033,0.0,0.0,-0.001
5711162006,5711161778,0.0,0.0,-0.001
5711168254,5711168020,0.0,0.0,-0.001
5711171999,5711171766,0.0,0.0,-0.001
5711179487,5711179258,0.0,0.0,-0.001
5711183267,5711183002,0.0,0.0,-0.001
5711186978,5711186747,0.0,0.0,-0.001
5711193220,5711192989,0.0,0.0,-0.001
5711196983,5711196735,0.0,0.0,-0.001
5711203207,5711202977,0.0,0.0,-0.001
5711206956,5711206722,0.0,0.0,-0.001
5711214445,5711214214,0.0,0.0,-0.001
5711218187,5711217958,0.0,0.0,-0.001
5711221947,5711221703,0.0,0.0,-0.001
5711228176,5711227946,0.0,0.0,-0.001
5711231917,5711231691,0.0,0.0,-0.001
5711239423,5711239182,0.0,0.0,-0.001
5711241905,5711241679,0.0,0.0,-0.001
5711249401,5711249170,0.0,0.0,-0.001
5711253150,5711252920,0.0,0.0,-0.001
5711256917,5711256660,0.0,0.0,-0.001
5711263134,5711262902,0.0,0.0,-0.001
5711266915,5711266648,0.0,0.0,-0.001
5711275619,5711275387,0.0,0.0,-0.001
5711276872,5711276636,0.0,0.0,-0.001
5711285607,5711285374,0.0,0.0,-0.001
5711288100,5711287871,0.0,0.0,-0.001
5711291844,5711291617,0.0,0.0,-0.001
5711298107,5711297859,0.0,0.0,-0.001
5711301834,5711301604,0.0,0.0,-0.001
5711309328,5711309095,0.0,0.0,-0.001
5711311820,5711311591,0.0,0.0,-0.001
5711319328,5711319082,0.0,0.0,-0.001
5711323057,5711322828,0.0,0.0,-0.001
5711326806,5711326573,0.0,0.0,-0.001
5711333046,5711332815,0.0,0.0,-0.001
5711336814,5711336562,0.0,0.0,-0.001
5711344298,5711344052,0.0,0.0,-0.001
5711348030,5711347796,0.0,0.0,-0.001
5711356766,5711356536,0.0,0.0,-0.001
5711358027,5711357784,0.0,0.0,-0.001
5711365509,5711365275,0.0,0.0,-0.001
5711367997,5711367772,0.0,0.0,-0.001
5711371748,5711371517,0.0,0.0,-0.001
5711379243,5711379008,0.0,0.0,-0.001
5711382980,5711382753,0.0,0.0,-0.001
5711389223,5711388995,0.0,0.0,-0.001
5711392983,5711392740,0.0,0.0,-0.001
5711400487,5711400232,0.0,0.0,-0.001
5711402956,5711402728,0.0,0.0,-0.001
5711406706,5711406474,0.0,0.0,-0.001
5711414200,5711413964,0.0,0.0,-0.001
5711417944,5711417709,0.0,0.0,-0.001
5711425431,5711425200,0.0,0.0,-0.001
5711427930,5711427697,0.0,0.0,-0.001
5711435428,5711435188,0.0,0.0,-0.001
5711437918,5711437684,0.0,0.0,-0.001
5711441657,5711441430,0.0,0.0,-0.001
5711449149,5711448921,0.0,0.0,-0.001
5711452905,5711452666,0.0,0.0,-0.001
5711459138,5711458908,0.0,0.0,-0.001
5711462890,5711462654,0.0,0.0,-0.001
5711470377,5711470144,0.0,0.0,-0.001
5711472876,5711472641,0.0,0.0,-0.001
5711476623,5711476387,0.0,0.0,-0.001
5711485360,5711485126,0.0,0.0,-0.001
5711487857,5711487622,0.0,0.0,-0.001
5711495356,5711495113,0.0,0.0,-0.001
5711497871,5711497610,0.0,0.0,-0.001
5711505337,5711505101,0.0,0.0,-0.001
5711507823,5711507597,0.0,0.0,-0.001
5711511577,5711511343,0.0,0.0,-0.001
5711519066,5711518833,0.0,0.0,-0.001
5711522809,5711522579,0.0,0.0,-0.001
5711529053,5711528821,0.0,0.0,-0.001
5711532804,5711532566,0.0,0.0,-0.001
5711540312,5711540057,0.0,0.0,-0.001
5711542790,5711542554,0.0,0.0,-0.001
5711546534,5711546300,0.0,0.0,-0.001
5711554030,5711553790,0.0,0.0,-0.001
5711557763,5711557535,0.0,0.0,-0.001
5711565265,5711565026,0.0,0.0,-0.001
5711567749,5711567523,0.0,0.0,-0.001
5711575249,5711575013,0.0,0.0,-0.001
5711578989,5711578759,0.0,0.0,-0.001
5711581489,5711581256,0.0,0.0,-0.001
5711588982,5711588746,0.0,0.0,-0.001
5711592731,5711592492,0.0,0.0,-0.001
5711598966,5711598734,0.0,0.0,-0.001
5711602719,5711602481,0.0,0.0,-0.001
5711610198,5711609970,0.0,0.0,-0.001
5711615200,5711614964,0.0,0.0,-0.001
5711616457,5711616213,0.0,0.0,-0.001
5711625185,5711624952,0.0,0.0,-0.001
5711627688,5711627448,0.0,0.0,-0.001
5711633915,5711633691,0.0,0.0,-0.001
5711637669,5711637436,0.0,0.0,-0.001
5711645163,5711644926,0.0,0.0,-0.001
5711648906,5711648672,0.0,0.0,-0.001
5711651401,5711651170,0.0,0.0,-0.001
5711658890,5711658659,0.0,0.0,-0.001
5711662637,5711662405,0.0,0.0,-0.001
5711668884,5711668647,0.0,0.0,-0.001
5711672622,5711672393,0.0,0.0,-0.001
5711680114,5711679883,0.0,0.0,-0.001
5711685112,5711684878,0.0,0.0,-0.001
5711686373,5711686125,0.0,0.0,-0.001
5711695097,5711694865,0.0,0.0,-0.001
5711697605,5711697361,0.0,0.0,-0.001
5711705096,5711704852,0.0,0.0,-0.001
5711707576,5711707349,0.0,0.0,-0.001
5711715077,5711714840,0.0,0.0,-0.001
5711718812,5711718585,0.0,0.0,-0.001
5711721332,5711721082,0.0,0.0,-0.001
5711728802,5711728572,0.0,0.0,-0.001
5711732548,5711732318,0.0,0.0,-0.001
5711738789,5711738560,0.0,0.0,-0.001
5711742537,5711742305,0.0,0.0,-0.001
5711750031,5711749796,0.0,0.0,-0.001
5711755027,5711754790,0.0,0.0,-0.001
5711756282,5711756038,0.0,0.0,-0.001
5711765017,5711764778,0.0,0.0,-0.001
5711767505,5711767274,0.0,0.0,-0.001
5711775002,5711774765,0.0,0.0,-0.001
5711777493,5711777262,0.0,0.0,-0.001
5711784983,5711784753,0.0,0.0,-0.001
5711788729,5711788498,0.0,0.0,-0.001
5711792479,5711792243,0.0,0.0,-0.001
5711798714,5711798485,0.0,0.0,-0.001
5711802497,5711802231,0.0,0.0,-0.001
5711809966,5711809722,0.0,0.0,-0.001
5711812449,5711812219,0.0,0.0,-0.001
5711819942,5711819709,0.0,0.0,-0.001
5711824946,5711824703,0.0,0.0,-0.001
5711827444,5711827199,0.0,0.0,-0.001
5711834921,5711834692,0.0,0.0,-0.001
5711837487,5711837187,0.0,0.0,-0.001
5711844923,5711844678,0.0,0.0,-0.001
5711847414,5711847175,0.0,0.0,-0.001
5711854917,5711854668,0.0,0.0,-0.001
5711858640,5711858411,0.0,0.0,-0.001
5711862404,5711862156,0.0,0.0,-0.001
5711868664,5711868398,0.0,0.0,-0.001
5711872376,5711872145,0.0,0.0,-0.001
5711879867,5711879634,0.0,0.0,-0.001
5711882362,5711882131,0.0,0.0,-0.001
5711889853,5711889622,0.0,0.0,-0.001
5711894850,5711894616,0.0,0.0,-0.001
5711897343,5711897112,0.0,0.0,-0.001
5711904847,5711904604,0.0,0.0,-0.001
5711907388,5711907105,0.0,0.0,-0.001
5711914829,5711914593,0.0,0.0,-0.001
5711917315,5711917088,0.0,0.0,-0.001
5711924813,5711924578,0.0,0.0,-0.001
5711928556,5711928324,0.0,0.0,-0.001
5711932320,5711932070,0.0,0.0,-0.001
5711938542,5711938312,0.0,0.0,-0.001
5711942293,5711942059,0.0,0.0,-0.001
5711949781,5711949547,0.0,0.0,-0.001
5711952329,5711952046,0.0,0.0,-0.001
5711959822,5711959537,0.0,0.0,-0.001
5711964764,5711964529,0.0,0.0,-0.001
5711967313,5711967029,0.0,0.0,-0.001
5711973495,5711973268,0.0,0.0,-0.001
5711977240,5711977013,0.0,0.0,-0.001
5711984736,5711984504,0.0,0.0,-0.001
5711988482,5711988249,0.0,0.0,-0.001
5711994727,5711994491,0.0,0.0,-0.001
5711998464,5711998236,0.0,0.0,-0.001
5712002223,5712001982,0.0,0.0,-0.001
5712008459,5712008225,0.0,0.0,-0.001
5712012290,5712011969,0.0,0.0,-0.001
5712019746,5712019460,0.0,0.0,-0.001
5712024683,5712024455,0.0,0.0,-0.001
5712029687,5712029448,0.0,0.0,-0.001
5712033431,5712033193,0.0,0.0,-0.001
5712037169,5712036938,0.0,0.0,-0.001
5712044661,5712044429,0.0,0.0,-0.001
5712047154,5712046926,0.0,0.0,-0.001
5712054652,5712054417,0.0,0.0,-0.001
5712058398,5712058162,0.0,0.0,-0.001
5712064692,5712064405,0.0,0.0,-0.001
5712068380,5712068150,0.0,0.0,-0.001
5712072172,5712071895,0.0,0.0,-0.001
5712078380,5712078137,0.0,0.0,-0.001
5712082113,5712081882,0.0,0.0,-0.001
5712089607,5712089373,0.0,0.0,-0.001
5712094642,5712094367,0.0,0.0,-0.001
5712099594,5712099361,0.0,0.0,-0.001
5712103352,5712103107,0.0,0.0,-0.001
5712107084,5712106851,0.0,0.0,-0.001
5712114579,5712114348,0.0,0.0,-0.001
5712117121,5712116839,0.0,0.0,-0.001
5712124612,5712124330,0.0,0.0,-0.001
5712128313,5712128075,0.0,0.0,-0.001
5712134559,5712134321,0.0,0.0,-0.001
5712138297,5712138063,0.0,0.0,-0.001
5712142048,5712141808,0.0,0.0,-0.001
5712148289,5712148050,0.0,0.0,-0.001
5712152041,5712151795,0.0,0.0,-0.001
5712159520,5712159286,0.0,0.0,-0.001
5712164513,5712164280,0.0,0.0,-0.001
5712167012,5712166777,0.0,0.0,-0.001
5712174505,5712174267,0.0,0.0,-0.001
5712177043,5712176764,0.0,0.0,-0.001
5712184537,5712184255,0.0,0.0,-0.001
5712186980,5712186752,0.0,0.0,-0.001
5712194486,5712194245,0.0,0.0,-0.001
5712198221,5712197988,0.0,0.0,-0.001
5712201962,5712201733,0.0,0.0,-0.001
5712208204,5712207975,0.0,0.0,-0.001
5712211947,5712211721,0.0,0.0,-0.001
5712219452,5712219212,0.0,0.0,-0.001
5712221986,5712221708,0.0,0.0,-0.001
5712229484,5712229199,0.0,0.0,-0.001
5712234434,5712234202,0.0,0.0,-0.001
5712236979,5712236690,0.0,0.0,-0.001
5712244458,5712244181,0.0,0.0,-0.001
5712246908,5712246677,0.0,0.0,-0.001
5712254412,5712254168,0.0,0.0,-0.001
5712256942,5712256665,0.0,0.0,-0.001
5712264387,5712264156,0.0,0.0,-0.001
5712268137,5712267901,0.0,0.0,-0.001
5712271880,5712271646,0.0,0.0,-0.001
5712278136,5712277889,0.0,0.0,-0.001
5712281895,5712281635,0.0,0.0,-0.001
5712289406,5712289128,0.0,0.0,-0.001
5712291852,5712291621,0.0,0.0,-0.001
5712299376,5712299112,0.0,0.0,-0.001
5712304368,5712304108,0.0,0.0,-0.001
5712309334,5712309100,0.0,0.0,-0.001
5712314327,5712314094,0.0,0.0,-0.001
5712316821,5712316590,0.0,0.0,-0.001
5712324320,5712324081,0.0,0.0,-0.001
5712326839,5712326578,0.0,0.0,-0.001
5712334337,5712334071,0.0,0.0,-0.001
5712338047,5712337814,0.0,0.0,-0.001
5712344309,5712344058,0.0,0.0,-0.001
5712348032,5712347801,0.0,0.0,-0.001
5712351782,5712351547,0.0,0.0,-0.001
5712359276,5712359038,0.0,0.0,-0.001
5712361767,5712361534,0.0,0.0,-0.001
5712369272,5712369025,0.0,0.0,-0.001
5712374282,5712374025,0.0,0.0,-0.001
5712380503,5712380266,0.0,0.0,-0.001
5712384243,5712384007,0.0,0.0,-0.001
5712386762,5712386503,0.0,0.0,-0.001
5712394288,5712393994,0.0,0.0,-0.001
5712397975,5712397739,0.0,0.0,-0.001
5712404223,5712403982,0.0,0.0,-0.001
5712407953,5712407727,0.0,0.0,-0.001
5712415457,5712415218,0.0,0.0,-0.001
5712417959,5712417715,0.0,0.0,-0.001
5712421693,5712421460,0.0,0.0,-0.001
5712429186,5712428952,0.0,0.0,-0.001
5712434181,5712433944,0.0,0.0,-0.001
5712439195,5712438938,0.0,0.0,-0.001
5712442915,5712442683,0.0,0.0,-0.001
5712450414,5712450174,0.0,0.0,-0.001
5712454180,5712453920,0.0,0.0,-0.001
5712456645,5712456416,0.0,0.0,-0.001
5712464141,5712463909,0.0,0.0,-0.001
5712467919,5712467652,0.0,0.0,-0.001
5712474124,5712473894,0.0,0.0,-0.001
5712477886,5712477640,0.0,0.0,-0.001
5712485367,5712485131,0.0,0.0,-0.001
5712487871,5712487631,0.0,0.0,-0.001
5712491637,5712491373,0.0,0.0,-0.001
5712499180,5712498864,0.0,0.0,-0.001
5712504095,5712503857,0.0,0.0,-0.001
5712509091,5712508851,0.0,0.0,-0.001
5712514108,5712513845,0.0,0.0,-0.001
5712520324,5712520087,0.0,0.0,-0.001
5712524071,5712523836,0.0,0.0,-0.001
5712526553,5712526329,0.0,0.0,-0.001
5712534061,5712533820,0.0,0.0,-0.001
5712537797,5712537565,0.0,0.0,-0.001
5712544058,5712543807,0.0,0.0,-0.001
5712547783,5712547553,0.0,0.0,-0.001
5712555300,5712555044,0.0,0.0,-0.001
5712557767,5712557540,0.0,0.0,-0.001
5712561536,5712561286,0.0,0.0,-0.001
5712569010,5712568777,0.0,0.0,-0.001
5712574035,5712573775,0.0,0.0,-0.001
5712579009,5712578764,0.0,0.0,-0.001
5712583992,5712583758,0.0,0.0,-0.001
5712590234,5712590000,0.0,0.0,-0.001
5712593989,5712593745,0.0,0.0,-0.001
5712596497,5712596242,0.0,0.0,-0.001
5712603997,5712603734,0.0,0.0,-0.001
5712607708,5712607478,0.0,0.0,-0.001
5712615199,5712614969,0.0,0.0,-0.001
5712617703,5712617466,0.0,0.0,-0.001
5712625187,5712624956,0.0,0.0,-0.001
5712628965,5712628702,0.0,0.0,-0.001
5712631424,5712631199,0.0,0.0,-0.001
5712638925,5712638690,0.0,0.0,-0.001
5712642668,5712642434,0.0,0.0,-0.001
5712648936,5712648677,0.0,0.0,-0.001
5712653906,5712653671,0.0,0.0,-0.001
5712660150,5712659913,0.0,0.0,-0.001
5712663913,5712663658,0.0,0.0,-0.001
5712666383,5712666155,0.0,0.0,-0.001
5712673886,5712673646,0.0,0.0,-0.001
5712677621,5712677391,0.0,0.0,-0.001
5712683873,5712683634,0.0,0.0,-0.001
5712687611,5712687379,0.0,0.0,-0.001
5712695107,5712694873,0.0,0.0,-0.001
5712698854,5712698615,0.0,0.0,-0.001
5712701353,5712701112,0.0,0.0,-0.001
5712708844,5712708602,0.0,0.0,-0.001
5712712577,5712712348,0.0,0.0,-0.001
5712718819,5712718590,0.0,0.0,-0.001
5712723824,5712723585,0.0,0.0,-0.001
5712730058,5712729826,0.0,0.0,-0.001
5712733809,5712733571,0.0,0.0,-0.001
5712736308,5712736068,0.0,0.0,-0.001
5712743791,5712743559,0.0,0.0,-0.001
5712747544,5712747306,0.0,0.0,-0.001
5712755032,5712754795,0.0,0.0,-0.001
5712757524,5712757292,0.0,0.0,-0.001
5712765038,5712764786,0.0,0.0,-0.001
5712768767,5712768529,0.0,0.0,-0.001
5712771264,5712771028,0.0,0.0,-0.001
5712778748,5712778515,0.0,0.0,-0.001
5712782490,5712782261,0.0,0.0,-0.001
5712789979,5712789751,0.0,0.0,-0.001
5712793732,5712793497,0.0,0.0,-0.001
5712796227,5712795993,0.0,0.0,-0.001
5712803735,5712803484,0.0,0.0,-0.001
5712807471,5712807231,0.0,0.0,-0.001
5712813714,5712813472,0.0,0.0,-0.001
5712817453,5712817217,0.0,0.0,-0.001
5712824961,5712824708,0.0,0.0,-0.001
5712827507,5712827205,0.0,0.0,-0.001
5712834939,5712834696,0.0,0.0,-0.001
5712838676,5712838441,0.0,0.0,-0.001
5712843668,5712843435,0.0,0.0,-0.001
5712848662,5712848428,0.0,0.0,-0.001
5712853666,5712853422,0.0,0.0,-0.001
5712859905,5712859664,0.0,0.0,-0.001
5712862398,5712862169,0.0,0.0,-0.001
5712869881,5712869651,0.0,0.0,-0.001
5712873629,5712873398,0.0,0.0,-0.001
5712877374,5712877144,0.0,0.0,-0.001
5712883623,5712883391,0.0,0.0,-0.001
5712887359,5712887130,0.0,0.0,-0.001
5712894850,5712894621,0.0,0.0,-0.001
5712897351,5712897118,0.0,0.0,-0.001
5712904846,5712904608,0.0,0.0,-0.001
5712908582,5712908353,0.0,0.0,-0.001
5712913581,5712913347,0.0,0.0,-0.001
5712918587,5712918341,0.0,0.0,-0.001
5712923569,5712923335,0.0,0.0,-0.001
5712929805,5712929577,0.0,0.0,-0.001
5712932317,5712932075,0.0,0.0,-0.001
5712939803,5712939565,0.0,0.0,-0.001
5712943541,5712943310,0.0,0.0,-0.001
5712947291,5712947055,0.0,0.0,-0.001
5712953538,5712953298,0.0,0.0,-0.001
5712957283,5712957043,0.0,0.0,-0.001
5712964771,5712964534,0.0,0.0,-0.001
5712967267,5712967031,0.0,0.0,-0.001
5712974760,5712974521,0.0,0.0,-0.001
5712978517,5712978266,0.0,0.0,-0.001
5712983501,5712983263,0.0,0.0,-0.001
5712988491,5712988255,0.0,0.0,-0.001
5712993483,5712993248,0.0,0.0,-0.001
5712999721,5712999490,0.0,0.0,-0.001
5713003482,5713003236,0.0,0.0,-0.001
5713009713,5713009477,0.0,0.0,-0.001
5713013470,5713013223,0.0,0.0,-0.001
5713017205,5713016968,0.0,0.0,-0.001
5713023440,5713023211,0.0,0.0,-0.001
5713027186,5713026956,0.0,0.0,-0.001
5713034688,5713034447,0.0,0.0,-0.001
5713038482,5713038192,0.0,0.0,-0.001
5713044666,5713044434,0.0,0.0,-0.001
5713048411,5713048179,0.0,0.0,-0.001
5713053402,5713053173,0.0,0.0,-0.001
5713058404,5713058167,0.0,0.0,-0.001
5713063396,5713063161,0.0,0.0,-0.001
5713069683,5713069403,0.0,0.0,-0.001
5713073385,5713073149,0.0,0.0,-0.001
5713079621,5713079390,0.0,0.0,-0.001
5713083365,5713083136,0.0,0.0,-0.001
5713087113,5713086881,0.0,0.0,-0.001
5713093358,5713093124,0.0,0.0,-0.001
5713097098,5713096871,0.0,0.0,-0.001
5713104592,5713104360,0.0,0.0,-0.001
5713108346,5713108105,0.0,0.0,-0.001
5713114585,5713114350,0.0,0.0,-0.001
5713118336,5713118093,0.0,0.0,-0.001
5713123325,5713123086,0.0,0.0,-0.001
5713128339,5713128080,0.0,0.0,-0.001
5713133330,5713133074,0.0,0.0,-0.001
5713139542,5713139316,0.0,0.0,-0.001
5713143296,5713143061,0.0,0.0,-0.001
5713149539,5713149304,0.0,0.0,-0.001
5713153294,5713153049,0.0,0.0,-0.001
5713157031,5713156794,0.0,0.0,-0.001
5713163301,5713163037,0.0,0.0,-0.001
5713167016,5713166782,0.0,0.0,-0.001
5713174510,5713174273,0.0,0.0,-0.001
5713178290,5713178018,0.0,0.0,-0.001
5713181997,5713181763,0.0,0.0,-0.001
5713188239,5713188006,0.0,0.0,-0.001
5713193237,5713192999,0.0,0.0,-0.001
5713199480,5713199242,0.0,0.0,-0.001
5713203217,5713202987,0.0,0.0,-0.001
5713209471,5713209229,0.0,0.0,-0.001
5713213207,5713212974,0.0,0.0,-0.001
5713216962,5713216719,0.0,0.0,-0.001
5713223207,5713222962,0.0,0.0,-0.001
5713226939,5713226707,0.0,0.0,-0.001
5713234439,5713234198,0.0,0.0,-0.001
5713236933,5713236696,0.0,0.0,-0.001
5713244419,5713244185,0.0,0.0,-0.001
5713248162,5713247931,0.0,0.0,-0.001
5713253161,5713252929,0.0,0.0,-0.001
5713258158,5713257918,0.0,0.0,-0.001
5713263144,5713262912,0.0,0.0,-0.001
5713269394,5713269154,0.0,0.0,-0.001
5713273137,5713272900,0.0,0.0,-0.001
5713279381,5713279143,0.0,0.0,-0.001
5713283119,5713282887,0.0,0.0,-0.001
5713286860,5713286632,0.0,0.0,-0.001
5713293106,5713292875,0.0,0.0,-0.001
5713296850,5713296620,0.0,0.0,-0.001
5713304346,5713304111,0.0,0.0,-0.001
5713306836,5713306607,0.0,0.0,-0.001
5713314329,5713314099,0.0,0.0,-0.001
5713318082,5713317844,0.0,0.0,-0.001
5713323071,5713322838,0.0,0.0,-0.001
5713328066,5713327831,0.0,0.0,-0.001
5713333064,5713332825,0.0,0.0,-0.001
5713339304,5713339067,0.0,0.0,-0.001
5713343106,5713342813,0.0,0.0,-0.001
5713349293,5713349055,0.0,0.0,-0.001
5713353033,5713352800,0.0,0.0,-0.001
5713356785,5713356547,0.0,0.0,-0.001
5713363026,5713362788,0.0,0.0,-0.001
5713366759,5713366533,0.0,0.0,-0.001
5713374302,5713374024,0.0,0.0,-0.001
5713376757,5713376521,0.0,0.0,-0.001
5713384246,5713384011,0.0,0.0,-0.001
5713387988,5713387756,0.0,0.0,-0.001
5713392985,5713392753,0.0,0.0,-0.001
5713397995,5713397760,0.0,0.0,-0.001
5713402989,5713402738,0.0,0.0,-0.001
5713409214,5713408980,0.0,0.0,-0.001
5713412992,5713412726,0.0,0.0,-0.001
5713419212,5713418968,0.0,0.0,-0.001
5713422945,5713422714,0.0,0.0,-0.001
5713426689,5713426458,0.0,0.0,-0.001
5713432944,5713432701,0.0,0.0,-0.001
5713436675,5713436446,0.0,0.0,-0.001
5713444171,5713443937,0.0,0.0,-0.001
5713447929,5713447682,0.0,0.0,-0.001
5713454158,5713453924,0.0,0.0,-0.001
5713457899,5713457670,0.0,0.0,-0.001
5713462905,5713462663,0.0,0.0,-0.001
5713467895,5713467660,0.0,0.0,-0.001
5713472907,5713472651,0.0,0.0,-0.001
5713479128,5713478893,0.0,0.0,-0.001
5713482874,5713482639,0.0,0.0,-0.001
5713489114,5713488881,0.0,0.0,-0.001
5713492869,5713492626,0.0,0.0,-0.001
5713496619,5713496371,0.0,0.0,-0.001
5713502842,5713502614,0.0,0.0,-0.001
5713506591,5713506359,0.0,0.0,-0.001
5713514100,5713513851,0.0,0.0,-0.001
5713517823,5713517595,0.0,0.0,-0.001
5713524065,5713523837,0.0,0.0,-0.001
5713527826,5713527582,0.0,0.0,-0.001
5713532807,5713532577,0.0,0.0,-0.001
5713537818,5713537570,0.0,0.0,-0.001
5713542795,5713542564,0.0,0.0,-0.001
5713549035,5713548806,0.0,0.0,-0.001
5713552802,5713552553,0.0,0.0,-0.001
5713559035,5713558794,0.0,0.0,-0.001
5713562768,5713562539,0.0,0.0,-0.001
5713570275,5713570030,0.0,0.0,-0.001
5713574014,5713573775,0.0,0.0,-0.001
5713576497,5713576272,0.0,0.0,-0.001
5713583993,5713583763,0.0,0.0,-0.001
5713587740,5713587508,0.0,0.0,-0.001
5713592731,5713592502,0.0,0.0,-0.001
5713597723,5713597495,0.0,0.0,-0.001
5713602733,5713602490,0.0,0.0,-0.001
5713608963,5713608731,0.0,0.0,-0.001
5713612705,5713612477,0.0,0.0,-0.001
5713618946,5713618719,0.0,0.0,-0.001
5713622700,5713622467,0.0,0.0,-0.001
5713628940,5713628707,0.0,0.0,-0.001
5713632685,5713632453,0.0,0.0,-0.001
5713640175,5713639943,0.0,0.0,-0.001
5713643929,5713643688,0.0,0.0,-0.001
5713646418,5713646185,0.0,0.0,-0.001
5713653906,5713653675,0.0,0.0,-0.001
5713657653,5713657421,0.0,0.0,-0.001
5713663907,5713663663,0.0,0.0,-0.001
5713667636,5713667408,0.0,0.0,-0.001
5713672641,5713672403,0.0,0.0,-0.001
5713678891,5713678644,0.0,0.0,-0.001
5713682625,5713682395,0.0,0.0,-0.001
5713688858,5713688632,0.0,0.0,-0.001
5713692612,5713692377,0.0,0.0,-0.001
5713698847,5713698620,0.0,0.0,-0.001
5713702606,5713702365,0.0,0.0,-0.001
5713710088,5713709855,0.0,0.0,-0.001
5713713839,5713713602,0.0,0.0,-0.001
5713716327,5713716098,0.0,0.0,-0.001
5713723819,5713723588,0.0,0.0,-0.001
5713727578,5713727334,0.0,0.0,-0.001
5713732563,5713732328,0.0,0.0,-0.001
5713737555,5713737321,0.0,0.0,-0.001
5713742545,5713742315,0.0,0.0,-0.001
5713748783,5713748557,0.0,0.0,-0.001
5713752549,5713752303,0.0,0.0,-0.001
5713758772,5713758545,0.0,0.0,-0.001
5713762525,5713762290,0.0,0.0,-0.001
5713768758,5713768532,0.0,0.0,-0.001
5713772519,5713772278,0.0,0.0,-0.001
5713779996,5713779768,0.0,0.0,-0.001
5713783747,5713783514,0.0,0.0,-0.001
5713787498,5713787268,0.0,0.0,-0.001
5713793741,5713793502,0.0,0.0,-0.001
5713797503,5713797247,0.0,0.0,-0.001
5713802498,5713802241,0.0,0.0,-0.001
5713807472,5713807235,0.0,0.0,-0.001
5713812477,5713812228,0.0,0.0,-0.001
5713818708,5713818470,0.0,0.0,-0.001
5713822460,5713822216,0.0,0.0,-0.001
5713828688,5713828458,0.0,0.0,-0.001
5713832440,5713832204,0.0,0.0,-0.001
5713839931,5713839694,0.0,0.0,-0.001
5713842426,5713842191,0.0,0.0,-0.001
5713849926,5713849681,0.0,0.0,-0.001
5713853659,5713853427,0.0,0.0,-0.001
5713857422,5713857172,0.0,0.0,-0.001
5713863662,5713863419,0.0,0.0,-0.001
5713867398,5713867161,0.0,0.0,-0.001
5713872388,5713872153,0.0,0.0,-0.001
5713877381,5713877148,0.0,0.0,-0.001
5713882380,5713882142,0.0,0.0,-0.001
5713888611,5713888383,0.0,0.0,-0.001
5713892359,5713892129,0.0,0.0,-0.001
5713898608,5713898371,0.0,0.0,-0.001
5713902350,5713902116,0.0,0.0,-0.001
5713909833,5713909607,0.0,0.0,-0.001
5713912340,5713912104,0.0,0.0,-0.001
5713919824,5713919594,0.0,0.0,-0.001
5713923573,5713923340,0.0,0.0,-0.001
5713927325,5713927085,0.0,0.0,-0.001
5713933559,5713933328,0.0,0.0,-0.001
5713937313,5713937073,0.0,0.0,-0.001
5713942305,5713942066,0.0,0.0,-0.001
5713947300,5713947061,0.0,0.0,-0.001
5713952304,5713952054,0.0,0.0,-0.001
5713958526,5713958296,0.0,0.0,-0.001
5713962284,5713962042,0.0,0.0,-0.001
5713968516,5713968284,0.0,0.0,-0.001
5713972272,5713972036,0.0,0.0,-0.001
5713979749,5713979520,0.0,0.0,-0.001
5713983497,5713983265,0.0,0.0,-0.001
5713989737,5713989508,0.0,0.0,-0.001
5713993486,5713993255,0.0,0.0,-0.001
5713997236,5713996998,0.0,0.0,-0.001
5714002238,5714001992,0.0,0.0,-0.001
5714007226,5714006986,0.0,0.0,-0.001
5714012262,5714011979,0.0,0.0,-0.001
5714018458,5714018221,0.0,0.0,-0.001
5714022201,5714021967,0.0,0.0,-0.001
5714028439,5714028209,0.0,0.0,-0.001
5714033433,5714033203,0.0,0.0,-0.001
5714038426,5714038197,0.0,0.0,-0.001
5714042174,5714041942,0.0,0.0,-0.001
5714049666,5714049434,0.0,0.0,-0.001
5714053423,5714053179,0.0,0.0,-0.001
5714059653,5714059420,0.0,0.0,-0.001
5714063399,5714063166,0.0,0.0,-0.001
5714067149,5714066911,0.0,0.0,-0.001
5714072138,5714071905,0.0,0.0,-0.001
5714077145,5714076899,0.0,0.0,-0.001
5714082123,5714081893,0.0,0.0,-0.001
5714088367,5714088135,0.0,0.0,-0.001
5714092122,5714091880,0.0,0.0,-0.001
5714098367,5714098122,0.0,0.0,-0.001
5714102100,5714101871,0.0,0.0,-0.001
5714108340,5714108110,0.0,0.0,-0.001
5714113332,5714113104,0.0,0.0,-0.001
5714119575,5714119346,0.0,0.0,-0.001
5714123324,5714123091,0.0,0.0,-0.001
5714129626,5714129338,0.0,0.0,-0.001
5714133324,5714133079,0.0,0.0,-0.001
5714137076,5714136824,0.0,0.0,-0.001
5714142064,5714141821,0.0,0.0,-0.001
5714147052,5714146812,0.0,0.0,-0.001
5714152053,5714151806,0.0,0.0,-0.001
5714158280,5714158047,0.0,0.0,-0.001
5714162041,5714161793,0.0,0.0,-0.001
5714168273,5714168035,0.0,0.0,-0.001
5714172014,5714171781,0.0,0.0,-0.001
5714178274,5714178025,0.0,0.0,-0.001
5714181999,5714181768,0.0,0.0,-0.001
5714189494,5714189259,0.0,0.0,-0.001
5714193242,5714193004,0.0,0.0,-0.001
5714197002,5714196749,0.0,0.0,-0.001
5714203224,5714202991,0.0,0.0,-0.001
5714206967,5714206737,0.0,0.0,-0.001
5714211970,5714211731,0.0,0.0,-0.001
5714216964,5714216724,0.0,0.0,-0.001
5714221949,5714221719,0.0,0.0,-0.001
5714228192,5714227961,0.0,0.0,-0.001
5714231952,5714231706,0.0,0.0,-0.001
5714238181,5714237948,0.0,0.0,-0.001
5714241926,5714241694,0.0,0.0,-0.001
5714249425,5714249184,0.0,0.0,-0.001
5714251921,5714251681,0.0,0.0,-0.001
5714259402,5714259172,0.0,0.0,-0.001
5714263157,5714262917,0.0,0.0,-0.001
5714269391,5714269160,0.0,0.0,-0.001
5714273146,5714272906,0.0,0.0,-0.001
5714276893,5714276650,0.0,0.0,-0.001
5714281889,5714281651,0.0,0.0,-0.001
5714286889,5714286637,0.0,0.0,-0.001
5714291864,5714291632,0.0,0.0,-0.001
5714298136,5714297873,0.0,0.0,-0.001
5714301850,5714301619,0.0,0.0,-0.001
5714308087,5714307861,0.0,0.0,-0.001
5714311841,5714311607,0.0,0.0,-0.001
5714319330,5714319097,0.0,0.0,-0.001
5714321829,5714321595,0.0,0.0,-0.001
5714329320,5714329085,0.0,0.0,-0.001
5714333062,5714332830,0.0,0.0,-0.001
5714339309,5714339072,0.0,0.0,-0.001
5714343054,5714342817,0.0,0.0,-0.001
5714346794,5714346563,0.0,0.0,-0.001
5714354300,5714354058,0.0,0.0,-0.001
5714356781,5714356550,0.0,0.0,-0.001
5714361780,5714361545,0.0,0.0,-0.001
5714368012,5714367786,0.0,0.0,-0.001
5714374270,5714374029,0.0,0.0,-0.001
5714378001,5714377774,0.0,0.0,-0.001
5714381761,5714381528,0.0,0.0,-0.001
5714389245,5714389010,0.0,0.0,-0.001
5714393001,5714392755,0.0,0.0,-0.001
5714399233,5714398998,0.0,0.0,-0.001
5714403028,5714402743,0.0,0.0,-0.001
5714411725,5714411482,0.0,0.0,-0.001
5714412971,5714412731,0.0,0.0,-0.001
5714421705,5714421470,0.0,0.0,-0.001
5714424194,5714423967,0.0,0.0,-0.001
5714427948,5714427712,0.0,0.0,-0.001
5714434232,5714433954,0.0,0.0,-0.001
5714437931,5714437699,0.0,0.0,-0.001
5714445439,5714445199,0.0,0.0,-0.001
5714447912,5714447687,0.0,0.0,-0.001
5714455418,5714455178,0.0,0.0,-0.001
5714459153,5714458923,0.0,0.0,-0.001
5714462908,5714462668,0.0,0.0,-0.001
5714469147,5714468911,0.0,0.0,-0.001
5714472883,5714472656,0.0,0.0,-0.001
5714481630,5714481395,0.0,0.0,-0.001
5714482884,5714482644,0.0,0.0,-0.001
5714491614,5714491383,0.0,0.0,-0.001
5714494117,5714493879,0.0,0.0,-0.001
5714497854,5714497625,0.0,0.0,-0.001
5714504097,5714503871,0.0,0.0,-0.001
5714507842,5714507612,0.0,0.0,-0.001
5714515334,5714515104,0.0,0.0,-0.001
5714517828,5714517600,0.0,0.0,-0.001
5714525327,5714525092,0.0,0.0,-0.001
5714529075,5714528836,0.0,0.0,-0.001
5714532815,5714532582,0.0,0.0,-0.001
5714539055,5714538823,0.0,0.0,-0.001
5714542796,5714542569,0.0,0.0,-0.001
5714551541,5714551308,0.0,0.0,-0.001
5714552790,5714552557,0.0,0.0,-0.001
5714561528,5714561296,0.0,0.0,-0.001
5714564026,5714563792,0.0,0.0,-0.001
5714567767,5714567538,0.0,0.0,-0.001
5714574013,5714573780,0.0,0.0,-0.001
5714577753,5714577525,0.0,0.0,-0.001
5714585261,5714585016,0.0,0.0,-0.001
5714588998,5714588761,0.0,0.0,-0.001
5714595237,5714595004,0.0,0.0,-0.001
5714598979,5714598749,0.0,0.0,-0.001
5714602725,5714602494,0.0,0.0,-0.001
5714608976,5714608736,0.0,0.0,-0.001
5714612713,5714612482,0.0,0.0,-0.001
5714621456,5714621221,0.0,0.0,-0.001
5714623956,5714623718,0.0,0.0,-0.001
5714631442,5714631208,0.0,0.0,-0.001
5714633933,5714633705,0.0,0.0,-0.001
5714637681,5714637451,0.0,0.0,-0.001
5714643923,5714643693,0.0,0.0,-0.001
5714647664,5714647438,0.0,0.0,-0.001
5714655158,5714654929,0.0,0.0,-0.001
5714658913,5714658674,0.0,0.0,-0.001
5714665147,5714664920,0.0,0.0,-0.001
5714668896,5714668662,0.0,0.0,-0.001
5714672640,5714672407,0.0,0.0,-0.001
5714678874,5714678649,0.0,0.0,-0.001
5714682632,5714682395,0.0,0.0,-0.001
5714691381,5714691144,0.0,0.0,-0.001
5714693859,5714693631,0.0,0.0,-0.001
5714701356,5714701122,0.0,0.0,-0.001
5714703845,5714703618,0.0,0.0,-0.001
5714707592,5714707363,0.0,0.0,-0.001
5714712601,5714712358,0.0,0.0,-0.001
5714717583,5714717351,0.0,0.0,-0.001
5714725070,5714724842,0.0,0.0,-0.001
5714728816,5714728587,0.0,0.0,-0.001
5714735061,5714734829,0.0,0.0,-0.001
5714738804,5714738575,0.0,0.0,-0.001
5714742552,5714742320,0.0,0.0,-0.001
5714748793,5714748562,0.0,0.0,-0.001
5714752540,5714752308,0.0,0.0,-0.001
5714761288,5714761047,0.0,0.0,-0.001
5714763774,5714763544,0.0,0.0,-0.001
5714771277,5714771035,0.0,0.0,-0.001
5714773760,5714773531,0.0,0.0,-0.001
5714777507,5714777277,0.0,0.0,-0.001
5714785003,5714784767,0.0,0.0,-0.001
5714787494,5714787265,0.0,0.0,-0.001
5714794985,5714794755,0.0,0.0,-0.001
5714798773,5714798500,0.0,0.0,-0.001
5714804979,5714804742,0.0,0.0,-0.001
5714808720,5714808488,0.0,0.0,-0.001
5714812489,5714812233,0.0,0.0,-0.001
5714819957,5714819724,0.0,0.0,-0.001
5714822463,5714822225,0.0,0.0,-0.001
5714831202,5714830963,0.0,0.0,-0.001
5714833691,5714833457,0.0,0.0,-0.001
5714839933,5714839699,0.0,0.0,-0.001
5714843671,5714843444,0.0,0.0,-0.001
5714847422,5714847190,0.0,0.0,-0.001
5714854914,5714854680,0.0,0.0,-0.001
5714857404,5714857177,0.0,0.0,-0.001
5714864897,5714864668,0.0,0.0,-0.001
5714868641,5714868413,0.0,0.0,-0.001
5714874885,5714874656,0.0,0.0,-0.001
5714878631,5714878401,0.0,0.0,-0.001
5714882375,5714882146,0.0,0.0,-0.001
5714891121,5714890885,0.0,0.0,-0.001
5714892391,5714892134,0.0,0.0,-0.001
5714899851,5714899625,0.0,0.0,-0.001
5714903597,5714903370,0.0,0.0,-0.001
5714911092,5714910860,0.0,0.0,-0.001
5714913587,5714913357,0.0,0.0,-0.001
5714917334,5714917103,0.0,0.0,-0.001
5714924822,5714924593,0.0,0.0,-0.001
5714927317,5714927090,0.0,0.0,-0.001
5714934807,5714934581,0.0,0.0,-0.001
5714938557,5714938327,0.0,0.0,-0.001
5714944802,5714944568,0.0,0.0,-0.001
5714948542,5714948314,0.0,0.0,-0.001
5714952300,5714952060,0.0,0.0,-0.001
5714961037,5714960803,0.0,0.0,-0.001
5714962304,5714962048,0.0,0.0,-0.001
5714969770,5714969537,0.0,0.0,-0.001
5714973511,5714973282,0.0,0.0,-0.001
5714981005,5714980773,0.0,0.0,-0.001
5714983496,5714983270,0.0,0.0,-0.001
5714987270,5714987015,0.0,0.0,-0.001
5714994735,5714994506,0.0,0.0,-0.001
5714998494,5714998255,0.0,0.0,-0.001
5715004726,5715004494,0.0,0.0,-0.001
5715008474,5715008239,0.0,0.0,-0.001
5715015960,5715015730,0.0,0.0,-0.001
5715018479,5715018227,0.0,0.0,-0.001
5715022203,5715021972,0.0,0.0,-0.001
5715030945,5715030712,0.0,0.0,-0.001
5715033444,5715033208,0.0,0.0,-0.001
5715040991,5715040703,0.0,0.0,-0.001
5715043420,5715043195,0.0,0.0,-0.001
5715050931,5715050686,0.0,0.0,-0.001
5715053412,5715053183,0.0,0.0,-0.001
5715057155,5715056928,0.0,0.0,-0.001
5715064667,5715064423,0.0,0.0,-0.001
5715068403,5715068165,0.0,0.0,-0.001
5715074639,5715074407,0.0,0.0,-0.001
5715078384,5715078152,0.0,0.0,-0.001
5715085895,5715085643,0.0,0.0,-0.001
5715088370,5715088140,0.0,0.0,-0.001
5715092114,5715091885,0.0,0.0,-0.001
5715100860,5715100624,0.0,0.0,-0.001
5715103405,5715103121,0.0,0.0,-0.001
5715109589,5715109363,0.0,0.0,-0.001
5715113337,5715113108,0.0,0.0,-0.001
5715120832,5715120599,0.0,0.0,-0.001
5715123326,5715123096,0.0,0.0,-0.001
5715127070,5715126841,0.0,0.0,-0.001
5715134604,5715134332,0.0,0.0,-0.001
5715138316,5715138078,0.0,0.0,-0.001
5715144552,5715144320,0.0,0.0,-0.001
5715148301,5715148065,0.0,0.0,-0.001
5715155787,5715155556,0.0,0.0,-0.001
5715160785,5715160549,0.0,0.0,-0.001
5715162061,5715161798,0.0,0.0,-0.001
5715170772,5715170537,0.0,0.0,-0.001
5715173269,5715173034,0.0,0.0,-0.001
5715179513,5715179276,0.0,0.0,-0.001
5715183260,5715183026,0.0,0.0,-0.001
5715190745,5715190512,0.0,0.0,-0.001
5715194493,5715194263,0.0,0.0,-0.001
5715197013,5715196754,0.0,0.0,-0.001
5715204482,5715204245,0.0,0.0,-0.001
5715208220,5715207990,0.0,0.0,-0.001
5715214470,5715214233,0.0,0.0,-0.001
5715218209,5715217978,0.0,0.0,-0.001
5715225696,5715225468,0.0,0.0,-0.001
5715230697,5715230462,0.0,0.0,-0.001
5715231945,5715231711,0.0,0.0,-0.001
5715240683,5715240450,0.0,0.0,-0.001
5715243176,5715242947,0.0,0.0,-0.001
5715250670,5715250438,0.0,0.0,-0.001
5715253175,5715252937,0.0,0.0,-0.001
5715260672,5715260428,0.0,0.0,-0.001
5715264414,5715264171,0.0,0.0,-0.001
5715266903,5715266667,0.0,0.0,-0.001
5715274391,5715274158,0.0,0.0,-0.001
5715278135,5715277906,0.0,0.0,-0.001
5715284378,5715284146,0.0,0.0,-0.001
5715288121,5715287891,0.0,0.0,-0.001
5715295617,5715295382,0.0,0.0,-0.001
5715300607,5715300376,0.0,0.0,-0.001
5715301858,5715301624,0.0,0.0,-0.001
5715310595,5715310363,0.0,0.0,-0.001
5715313087,5715312860,0.0,0.0,-0.001
5715320579,5715320351,0.0,0.0,-0.001
5715323091,5715322847,0.0,0.0,-0.001
5715330578,5715330345,0.0,0.0,-0.001
5715334323,5715334084,0.0,0.0,-0.001
5715336807,5715336580,0.0,0.0,-0.001
5715344319,5715344071,0.0,0.0,-0.001
5715348050,5715347816,0.0,0.0,-0.001
5715354304,5715354059,0.0,0.0,-0.001
5715358031,5715357804,0.0,0.0,-0.001
5715365535,5715365295,0.0,0.0,-0.001
5715370526,5715370288,0.0,0.0,-0.001
5715371769,5715371537,0.0,0.0,-0.001
5715380509,5715380276,0.0,0.0,-0.001
5715383001,5715382773,0.0,0.0,-0.001
5715390498,5715390264,0.0,0.0,-0.001
5715392994,5715392760,0.0,0.0,-0.001
5715400492,5715400255,0.0,0.0,-0.001
5715404231,5715403996,0.0,0.0,-0.001
5715406719,5715406493,0.0,0.0,-0.001
5715414215,5715413984,0.0,0.0,-0.001
5715417959,5715417729,0.0,0.0,-0.001
5715425465,5715425221,0.0,0.0,-0.001
5715427943,5715427717,0.0,0.0,-0.001
5715435440,5715435208,0.0,0.0,-0.001
5715440440,5715440202,0.0,0.0,-0.001
5715442938,5715442698,0.0,0.0,-0.001
5715450421,5715450189,0.0,0.0,-0.001
5715452925,5715452686,0.0,0.0,-0.001
5715460419,5715460177,0.0,0.0,-0.001
5715462917,5715462673,0.0,0.0,-0.001
5715470438,5715470164,0.0,0.0,-0.001
5715474138,5715473909,0.0,0.0,-0.001
5715477881,5715477655,0.0,0.0,-0.001
5715484126,5715483897,0.0,0.0,-0.001
5715487875,5715487642,0.0,0.0,-0.001
5715495365,5715495133,0.0,0.0,-0.001
5715497863,5715497630,0.0,0.0,-0.001
5715505354,5715505121,0.0,0.0,-0.001
5715510347,5715510114,0.0,0.0,-0.001
5715512840,5715512611,0.0,0.0,-0.001
5715519086,5715518853,0.0,0.0,-0.001
5715522825,5715522599,0.0,0.0,-0.001
5715530322,5715530090,0.0,0.0,-0.001
5715532845,5715532587,0.0,0.0,-0.001
5715540318,5715540077,0.0,0.0,-0.001
5715544058,5715543822,0.0,0.0,-0.001
5715547795,5715547568,0.0,0.0,-0.001
5715554046,5715553810,0.0,0.0,-0.001
5715557789,5715557555,0.0,0.0,-0.001
5715565298,5715565046,0.0,0.0,-0.001
5715570291,5715570040,0.0,0.0,-0.001
5715575273,5715575034,0.0,0.0,-0.001
5715579009,5715578779,0.0,0.0,-0.001
5715582750,5715582524,0.0,0.0,-0.001
5715590267,5715590027,0.0,0.0,-0.001
5715592740,5715592512,0.0,0.0,-0.001
5715600236,5715600002,0.0,0.0,-0.001
5715603979,5715603748,0.0,0.0,-0.001
5715610222,5715609990,0.0,0.0,-0.001
5715613962,5715613735,0.0,0.0,-0.001
5715617707,5715617480,0.0,0.0,-0.001
5715623957,5715623723,0.0,0.0,-0.001
5715627700,5715627468,0.0,0.0,-0.001
5715635192,5715634959,0.0,0.0,-0.001
5715638945,5715638704,0.0,0.0,-0.001
5715645177,5715644946,0.0,0.0,-0.001
5715650239,5715649942,0.0,0.0,-0.001
5715652665,5715652437,0.0,0.0,-0.001
5715660162,5715659931,0.0,0.0,-0.001
5715662654,5715662425,0.0,0.0,-0.001
5715670152,5715669916,0.0,0.0,-0.001
5715673897,5715673660,0.0,0.0,-0.001
5715680133,5715679903,0.0,0.0,-0.001
5715683882,5715683648,0.0,0.0,-0.001
5715687632,5715687394,0.0,0.0,-0.001
5715693867,5715693636,0.0,0.0,-0.001
5715697613,5715697381,0.0,0.0,-0.001
5715705101,5715704872,0.0,0.0,-0.001
5715710108,5715709871,0.0,0.0,-0.001
5715715100,5715714860,0.0,0.0,-0.001
5715720090,5715719853,0.0,0.0,-0.001
5715722577,5715722350,0.0,0.0,-0.001
5715728825,5715728592,0.0,0.0,-0.001
5715732566,5715732338,0.0,0.0,-0.001
5715740067,5715739828,0.0,0.0,-0.001
5715743833,5715743574,0.0,0.0,-0.001
5715750051,5715749816,0.0,0.0,-0.001
5715753793,5715753561,0.0,0.0,-0.001
5715757537,5715757307,0.0,0.0,-0.001
5715763782,5715763549,0.0,0.0,-0.001
5715767528,5715767294,0.0,0.0,-0.001
5715775019,5715774785,0.0,0.0,-0.001
5715778757,5715778530,0.0,0.0,-0.001
5715785004,5715784772,0.0,0.0,-0.001
5715790000,5715789767,0.0,0.0,-0.001
5715792489,5715792263,0.0,0.0,-0.001
5715799992,5715799754,0.0,0.0,-0.001
5715802501,5715802264,0.0,0.0,-0.001
5715809985,5715809746,0.0,0.0,-0.001
5715813734,5715813487,0.0,0.0,-0.001
5715819962,5715819729,0.0,0.0,-0.001
5715823707,5715823475,0.0,0.0,-0.001
5715827451,5715827220,0.0,0.0,-0.001
5715834986,5715834711,0.0,0.0,-0.001
5715837434,5715837207,0.0,0.0,-0.001
5715844944,5715844698,0.0,0.0,-0.001
5715849925,5715849693,0.0,0.0,-0.001
5715854930,5715854685,0.0,0.0,-0.001
5715858665,5715858430,0.0,0.0,-0.001
5715862407,5715862176,0.0,0.0,-0.001
5715869910,5715869667,0.0,0.0,-0.001
5715872390,5715872164,0.0,0.0,-0.001
5715879900,5715879663,0.0,0.0,-0.001
5715883632,5715883400,0.0,0.0,-0.001
5715889887,5715889643,0.0,0.0,-0.001
5715893624,5715893388,0.0,0.0,-0.001
5715897372,5715897133,0.0,0.0,-0.001
5715904856,5715904623,0.0,0.0,-0.001
5715907354,5715907120,0.0,0.0,-0.001
5715914843,5715914611,0.0,0.0,-0.001
5715918583,5715918356,0.0,0.0,-0.001
5715926088,5715925847,0.0,0.0,-0.001
5715929843,5715929594,0.0,0.0,-0.001
5715932317,5715932089,0.0,0.0,-0.001
5715939814,5715939580,0.0,0.0,-0.001
5715942310,5715942078,0.0,0.0,-0.001
5715949809,5715949577,0.0,0.0,-0.001
5715953604,5715953318,0.0,0.0,-0.001
5715959787,5715959557,0.0,0.0,-0.001
5715963531,5715963302,0.0,0.0,-0.001
5715967284,5715967046,0.0,0.0,-0.001
5715974770,5715974536,0.0,0.0,-0.001
5715977267,5715977033,0.0,0.0,-0.001
5715984764,5715984524,0.0,0.0,-0.001
5715989755,5715989518,0.0,0.0,-0.001
5715995989,5715995760,0.0,0.0,-0.001
5715999735,5715999506,0.0,0.0,-0.001
5716002238,5716002002,0.0,0.0,-0.001
5716009726,5716009493,0.0,0.0,-0.001
5716012215,5716011989,0.0,0.0,-0.001
5716019714,5716019481,0.0,0.0,-0.001
5716023468,5716023226,0.0,0.0,-0.001
5716030957,5716030716,0.0,0.0,-0.001
5716033446,5716033213,0.0,0.0,-0.001
5716037188,5716036959,0.0,0.0,-0.001
5716044681,5716044449,0.0,0.0,-0.001
5716049675,5716049443,0.0,0.0,-0.001
5716054672,5716054437,0.0,0.0,-0.001
5716059669,5716059437,0.0,0.0,-0.001
5716065959,5716065673,0.0,0.0,-0.001
5716068401,5716068171,0.0,0.0,-0.001
5716072140,5716071915,0.0,0.0,-0.001
5716079644,5716079411,0.0,0.0,-0.001
5716083382,5716083151,0.0,0.0,-0.001
5716089638,5716089400,0.0,0.0,-0.001
5716093375,5716093139,0.0,0.0,-0.001
5716100862,5716100629,0.0,0.0,-0.001
5716103412,5716103126,0.0,0.0,-0.001
5716107096,5716106871,0.0,0.0,-0.001
5716114592,5716114362,0.0,0.0,-0.001
5716119591,5716119357,0.0,0.0,-0.001
5716124580,5716124349,0.0,0.0,-0.001
5716129576,5716129343,0.0,0.0,-0.001
5716135822,5716135586,0.0,0.0,-0.001
5716139576,5716139332,0.0,0.0,-0.001
5716142073,5716141828,0.0,0.0,-0.001
5716149553,5716149319,0.0,0.0,-0.001
5716153316,5716153064,0.0,0.0,-0.001
5716159536,5716159306,0.0,0.0,-0.001
5716163334,5716163051,0.0,0.0,-0.001
5716170841,5716170542,0.0,0.0,-0.001
5716174522,5716174288,0.0,0.0,-0.001
5716177025,5716176784,0.0,0.0,-0.001
5716184505,5716184275,0.0,0.0,-0.001
5716188259,5716188020,0.0,0.0,-0.001
5716194504,5716194263,0.0,0.0,-0.001
5716199487,5716199256,0.0,0.0,-0.001
5716205730,5716205498,0.0,0.0,-0.001
5716209487,5716209244,0.0,0.0,-0.001
5716211973,5716211741,0.0,0.0,-0.001
5716219486,5716219241,0.0,0.0,-0.001
5716223271,5716222977,0.0,0.0,-0.001
5716229456,5716229219,0.0,0.0,-0.001
5716233193,5716232964,0.0,0.0,-0.001
5716240693,5716240455,0.0,0.0,-0.001
5716244442,5716244201,0.0,0.0,-0.001
5716246936,5716246697,0.0,0.0,-0.001
5716254427,5716254188,0.0,0.0,-0.001
5716259414,5716259182,0.0,0.0,-0.001
5716264415,5716264180,0.0,0.0,-0.001
5716268197,5716267921,0.0,0.0,-0.001
5716275693,5716275412,0.0,0.0,-0.001
5716279396,5716279157,0.0,0.0,-0.001
5716281890,5716281654,0.0,0.0,-0.001
5716289383,5716289145,0.0,0.0,-0.001
5716293128,5716292890,0.0,0.0,-0.001
5716299368,5716299132,0.0,0.0,-0.001
5716303105,5716302878,0.0,0.0,-0.001
5716310601,5716310368,0.0,0.0,-0.001
5716314351,5716314114,0.0,0.0,-0.001
5716316848,5716316610,0.0,0.0,-0.001
5716324335,5716324103,0.0,0.0,-0.001
5716329338,5716329095,0.0,0.0,-0.001
5716334322,5716334089,0.0,0.0,-0.001
5716338068,5716337834,0.0,0.0,-0.001
5716345563,5716345325,0.0,0.0,-0.001
5716349305,5716349070,0.0,0.0,-0.001
5716351813,5716351572,0.0,0.0,-0.001
5716359298,5716359058,0.0,0.0,-0.001
5716363047,5716362803,0.0,0.0,-0.001
5716369297,5716369047,0.0,0.0,-0.001
5716373061,5716372790,0.0,0.0,-0.001
5716380547,5716380281,0.0,0.0,-0.001
5716384265,5716384027,0.0,0.0,-0.001
5716389262,5716389020,0.0,0.0,-0.001
5716394248,5716394014,0.0,0.0,-0.001
5716399248,5716399011,0.0,0.0,-0.001
5716405523,5716405254,0.0,0.0,-0.001
5716409232,5716408996,0.0,0.0,-0.001
5716415490,5716415245,0.0,0.0,-0.001
5716419222,5716418983,0.0,0.0,-0.001
5716422959,5716422728,0.0,0.0,-0.001
5716429204,5716428970,0.0,0.0,-0.001
5716432981,5716432716,0.0,0.0,-0.001
5716440467,5716440207,0.0,0.0,-0.001
5716442929,5716442703,0.0,0.0,-0.001
5716450426,5716450194,0.0,0.0,-0.001
5716454169,5716453939,0.0,0.0,-0.001
5716459167,5716458933,0.0,0.0,-0.001
5716464167,5716463927,0.0,0.0,-0.001
5716469164,5716468928,0.0,0.0,-0.001
5716475402,5716475163,0.0,0.0,-0.001
5716479148,5716478909,0.0,0.0,-0.001
5716485407,5716485151,0.0,0.0,-0.001
5716489136,5716488896,0.0,0.0,-0.001
5716492908,5716492641,0.0,0.0,-0.001
5716499113,5716498884,0.0,0.0,-0.001
5716502858,5716502629,0.0,0.0,-0.001
5716510352,5716510120,0.0,0.0,-0.001
5716512850,5716512616,0.0,0.0,-0.001
5716520338,5716520108,0.0,0.0,-0.001
5716524097,5716523852,0.0,0.0,-0.001
5716529089,5716528846,0.0,0.0,-0.001
5716534081,5716533840,0.0,0.0,-0.001
5716539074,5716538834,0.0,0.0,-0.001
5716545330,5716545076,0.0,0.0,-0.001
5716547806,5716547573,0.0,0.0,-0.001
5716555306,5716555064,0.0,0.0,-0.001
5716559054,5716558817,0.0,0.0,-0.001
5716562794,5716562554,0.0,0.0,-0.001
5716569035,5716568797,0.0,0.0,-0.001
5716572774,5716572542,0.0,0.0,-0.001
5716580271,5716580033,0.0,0.0,-0.001
5716582772,5716582530,0.0,0.0,-0.001
5716590279,5716590020,0.0,0.0,-0.001
5716594007,5716593765,0.0,0.0,-0.001
5716599002,5716598759,0.0,0.0,-0.001
5716603989,5716603754,0.0,0.0,-0.001
5716608984,5716608747,0.0,0.0,-0.001
5716615216,5716614989,0.0,0.0,-0.001
5716618972,5716618734,0.0,0.0,-0.001
5716625207,5716624976,0.0,0.0,-0.001
5716628969,5716628722,0.0,0.0,-0.001
5716632697,5716632467,0.0,0.0,-0.001
5716638944,5716638710,0.0,0.0,-0.001
5716642702,5716642457,0.0,0.0,-0.001
5716650189,5716649946,0.0,0.0,-0.001
5716653933,5716653691,0.0,0.0,-0.001
5716660164,5716659933,0.0,0.0,-0.001
5716663912,5716663678,0.0,0.0,-0.001
5716668905,5716668672,0.0,0.0,-0.001
5716673902,5716673666,0.0,0.0,-0.001
5716678898,5716678660,0.0,0.0,-0.001
5716685137,5716684902,0.0,0.0,-0.001
5716688885,5716688648,0.0,0.0,-0.001
5716695129,5716694893,0.0,0.0,-0.001
5716698867,5716698635,0.0,0.0,-0.001
5716702682,5716702383,0.0,0.0,-0.001
5716708855,5716708622,0.0,0.0,-0.001
5716712601,5716712368,0.0,0.0,-0.001
5716720088,5716719858,0.0,0.0,-0.001
5716723832,5716723603,0.0,0.0,-0.001
5716730085,5716729846,0.0,0.0,-0.001
5716733853,5716733591,0.0,0.0,-0.001
5716738817,5716738585,0.0,0.0,-0.001
5716743812,5716743579,0.0,0.0,-0.001
5716748811,5716748574,0.0,0.0,-0.001
5716755054,5716754815,0.0,0.0,-0.001
5716758796,5716758560,0.0,0.0,-0.001
5716765046,5716764804,0.0,0.0,-0.001
5716768780,5716768548,0.0,0.0,-0.001
5716772524,5716772293,0.0,0.0,-0.001
5716780010,5716779784,0.0,0.0,-0.001
5716782512,5716782281,0.0,0.0,-0.001
5716790004,5716789771,0.0,0.0,-0.001
5716793753,5716793517,0.0,0.0,-0.001
5716798747,5716798510,0.0,0.0,-0.001
5716803738,5716803504,0.0,0.0,-0.001
5716808735,5716808498,0.0,0.0,-0.001
5716814975,5716814740,0.0,0.0,-0.001
5716818723,5716818486,0.0,0.0,-0.001
5716824966,5716824728,0.0,0.0,-0.001
5716828720,5716828479,0.0,0.0,-0.001
5716832458,5716832219,0.0,0.0,-0.001
5716838696,5716838461,0.0,0.0,-0.001
5716842440,5716842206,0.0,0.0,-0.001
5716849937,5716849697,0.0,0.0,-0.001
5716852429,5716852194,0.0,0.0,-0.001
5716859920,5716859685,0.0,0.0,-0.001
5716863664,5716863430,0.0,0.0,-0.001
5716869906,5716869672,0.0,0.0,-0.001
5716873651,5716873418,0.0,0.0,-0.001
5716878647,5716878411,0.0,0.0,-0.001
5716884878,5716884653,0.0,0.0,-0.001
5716888633,5716888399,0.0,0.0,-0.001
5716894875,5716894641,0.0,0.0,-0.001
5716898629,5716898393,0.0,0.0,-0.001
5716904855,5716904631,0.0,0.0,-0.001
5716908611,5716908374,0.0,0.0,-0.001
5716912345,5716912120,0.0,0.0,-0.001
5716919835,5716919611,0.0,0.0,-0.001
5716922336,5716922107,0.0,0.0,-0.001
5716929831,5716929597,0.0,0.0,-0.001
5716933577,5716933343,0.0,0.0,-0.001
5716937338,5716937089,0.0,0.0,-0.001
5716943576,5716943333,0.0,0.0,-0.001
5716949824,5716949573,0.0,0.0,-0.001
5716954798,5716954566,0.0,0.0,-0.001
5716958546,5716958312,0.0,0.0,-0.001
5716964779,5716964554,0.0,0.0,-0.001
5716968534,5716968299,0.0,0.0,-0.001
5716976024,5716975790,0.0,0.0,-0.001
5716978519,5716978287,0.0,0.0,-0.001
5716982270,5716982036,0.0,0.0,-0.001
5716989756,5716989523,0.0,0.0,-0.001
5716993502,5716993268,0.0,0.0,-0.001
5716999742,5716999510,0.0,0.0,-0.001
5717003507,5717003268,0.0,0.0,-0.001
5717008478,5717008249,0.0,0.0,-0.001
5717013486,5717013243,0.0,0.0,-0.001
5717019720,5717019486,0.0,0.0,-0.001
5717024707,5717024479,0.0,0.0,-0.001
5717028509,5717028225,0.0,0.0,-0.001
5717034701,5717034467,0.0,0.0,-0.001
5717038448,5717038218,0.0,0.0,-0.001
5717045937,5717045703,0.0,0.0,-0.001
5717048440,5717048200,0.0,0.0,-0.001
5717052172,5717051945,0.0,0.0,-0.001
5717059704,5717059436,0.0,0.0,-0.001
5717063429,5717063181,0.0,0.0,-0.001
5717069652,5717069424,0.0,0.0,-0.001
5717073405,5717073169,0.0,0.0,-0.001
5717077146,5717076919,0.0,0.0,-0.001
5717083390,5717083157,0.0,0.0,-0.001
5717088386,5717088150,0.0,0.0,-0.001
5717094619,5717094392,0.0,0.0,-0.001
5717098374,5717098138,0.0,0.0,-0.001
5717104610,5717104379,0.0,0.0,-0.001
5717108363,5717108125,0.0,0.0,-0.001
5717115852,5717115616,0.0,0.0,-0.001
5717118348,5717118115,0.0,0.0,-0.001
5717122126,5717121858,0.0,0.0,-0.001
5717129607,5717129349,0.0,0.0,-0.001
5717133331,5717133094,0.0,0.0,-0.001
5717139571,5717139337,0.0,0.0,-0.001
5717143334,5717143083,0.0,0.0,-0.001
5717148316,5717148078,0.0,0.0,-0.001
5717153329,5717153070,0.0,0.0,-0.001
5717158302,5717158063,0.0,0.0,-0.001
5717164535,5717164305,0.0,0.0,-0.001
5717168292,5717168051,0.0,0.0,-0.001
5717174519,5717174293,0.0,0.0,-0.001
5717178300,5717178041,0.0,0.0,-0.001
5717185765,5717185529,0.0,0.0,-0.001
5717189502,5717189274,0.0,0.0,-0.001
5717191997,5717191771,0.0,0.0,-0.001
5717199496,5717199262,0.0,0.0,-0.001
5717203239,5717203007,0.0,0.0,-0.001
5717208285,5717208001,0.0,0.0,-0.001
5717213232,5717212995,0.0,0.0,-0.001
5717216974,5717216740,0.0,0.0,-0.001
5717224467,5717224231,0.0,0.0,-0.001
5717228217,5717227976,0.0,0.0,-0.001
5717234448,5717234218,0.0,0.0,-0.001
5717238195,5717237964,0.0,0.0,-0.001
5717244440,5717244206,0.0,0.0,-0.001
5717249428,5717249200,0.0,0.0,-0.001
5717255674,5717255442,0.0,0.0,-0.001
5717259437,5717259187,0.0,0.0,-0.001
5717261909,5717261684,0.0,0.0,-0.001
5717269407,5717269175,0.0,0.0,-0.001
5717273159,5717272920,0.0,0.0,-0.001
5717278144,5717277914,0.0,0.0,-0.001
5717283145,5717282908,0.0,0.0,-0.001
5717286880,5717286653,0.0,0.0,-0.001
5717294374,5717294144,0.0,0.0,-0.001
5717298127,5717297895,0.0,0.0,-0.001
5717304367,5717304131,0.0,0.0,-0.001
5717308109,5717307876,0.0,0.0,-0.001
5717314350,5717314119,0.0,0.0,-0.001
5717318104,5717317872,0.0,0.0,-0.001
5717325642,5717325359,0.0,0.0,-0.001
5717329331,5717329100,0.0,0.0,-0.001
5717331824,5717331597,0.0,0.0,-0.001
5717339315,5717339088,0.0,0.0,-0.001
5717343067,5717342833,0.0,0.0,-0.001
5717348060,5717347827,0.0,0.0,-0.001
5717353058,5717352821,0.0,0.0,-0.001
5717358056,5717357814,0.0,0.0,-0.001
5717364291,5717364056,0.0,0.0,-0.001
5717368038,5717367802,0.0,0.0,-0.001
5717374286,5717374044,0.0,0.0,-0.001
5717378026,5717377790,0.0,0.0,-0.001
5717384274,5717384032,0.0,0.0,-0.001
5717388043,5717387777,0.0,0.0,-0.001
5717395500,5717395269,0.0,0.0,-0.001
5717399247,5717399013,0.0,0.0,-0.001
5717402990,5717402759,0.0,0.0,-0.001
5717409232,5717409000,0.0,0.0,-0.001
5717412984,5717412746,0.0,0.0,-0.001
5717417972,5717417740,0.0,0.0,-0.001
5717422969,5717422733,0.0,0.0,-0.001
5717426705,5717426479,0.0,0.0,-0.001
5717434213,5717433969,0.0,0.0,-0.001
5717437958,5717437715,0.0,0.0,-0.001
5717444188,5717443957,0.0,0.0,-0.001
5717447939,5717447703,0.0,0.0,-0.001
5717455436,5717455193,0.0,0.0,-0.001
5717457922,5717457690,0.0,0.0,-0.001
5717465411,5717465181,0.0,0.0,-0.001
5717469158,5717468926,0.0,0.0,-0.001
5717472911,5717472671,0.0,0.0,-0.001
5717479145,5717478913,0.0,0.0,-0.001
5717482901,5717482659,0.0,0.0,-0.001
5717487888,5717487653,0.0,0.0,-0.001
5717492879,5717492646,0.0,0.0,-0.001
5717500369,5717500137,0.0,0.0,-0.001
5717504110,5717503882,0.0,0.0,-0.001
5717507865,5717507632,0.0,0.0,-0.001
5717514108,5717513870,0.0,0.0,-0.001
5717517856,5717517623,0.0,0.0,-0.001
5717525346,5717525114,0.0,0.0,-0.001
5717527835,5717527603,0.0,0.0,-0.001
5717535327,5717535094,0.0,0.0,-0.001
5717539073,5717538839,0.0,0.0,-0.001
5717542813,5717542584,0.0,0.0,-0.001
5717547812,5717547578,0.0,0.0,-0.001
5717552809,5717552572,0.0,0.0,-0.001
5717557797,5717557566,0.0,0.0,-0.001
5717562792,5717562559,0.0,0.0,-0.001
5717567838,5717567553,0.0,0.0,-0.001
5717574031,5717573795,0.0,0.0,-0.001
5717577774,5717577541,0.0,0.0,-0.001
5717584011,5717583783,0.0,0.0,-0.001
5717587765,5717587529,0.0,0.0,-0.001
5717595261,5717595019,0.0,0.0,-0.001
5717597749,5717597516,0.0,0.0,-0.001
5717605243,5717605006,0.0,0.0,-0.001
5717608986,5717608752,0.0,0.0,-0.001
5717612729,5717612497,0.0,0.0,-0.001
5717617728,5717617491,0.0,0.0,-0.001
5717622726,5717622485,0.0,0.0,-0.001
5717630220,5717629976,0.0,0.0,-0.001
5717633957,5717633721,0.0,0.0,-0.001
5717637697,5717637466,0.0,0.0,-0.001
5717643946,5717643708,0.0,0.0,-0.001
5717647698,5717647454,0.0,0.0,-0.001
5717653932,5717653696,0.0,0.0,-0.001
5717657677,5717657441,0.0,0.0,-0.001
5717665161,5717664932,0.0,0.0,-0.001
5717668938,5717668678,0.0,0.0,-0.001
5717675149,5717674920,0.0,0.0,-0.001
5717678896,5717678665,0.0,0.0,-0.001
5717682640,5717682410,0.0,0.0,-0.001
5717687641,5717687404,0.0,0.0,-0.001
5717692633,5717692398,0.0,0.0,-0.001
5717697623,5717697391,0.0,0.0,-0.001
5717703865,5717703634,0.0,0.0,-0.001
5717707619,5717707379,0.0,0.0,-0.001
5717713849,5717713622,0.0,0.0,-0.001
5717717609,5717717367,0.0,0.0,-0.001
5717723835,5717723609,0.0,0.0,-0.001
5717727591,5717727355,0.0,0.0,-0.001
5717735085,5717734845,0.0,0.0,-0.001
5717738818,5717738590,0.0,0.0,-0.001
5717745066,5717744832,0.0,0.0,-0.001
5717748808,5717748578,0.0,0.0,-0.001
5717752557,5717752323,0.0,0.0,-0.001
5717758797,5717758565,0.0,0.0,-0.001
5717762543,5717762311,0.0,0.0,-0.001
5717767537,5717767304,0.0,0.0,-0.001
5717773773,5717773547,0.0,0.0,-0.001
5717780029,5717779789,0.0,0.0,-0.001
5717783764,5717783534,0.0,0.0,-0.001
5717787512,5717787280,0.0,0.0,-0.001
5717794998,5717794771,0.0,0.0,-0.001
5717797506,5717797267,0.0,0.0,-0.001
5717804993,5717804764,0.0,0.0,-0.001
5717808737,5717808504,0.0,0.0,-0.001
5717814976,5717814747,0.0,0.0,-0.001
5717818722,5717818491,0.0,0.0,-0.001
5717822484,5717822236,0.0,0.0,-0.001
5717829958,5717829727,0.0,0.0,-0.001
5717832477,5717832224,0.0,0.0,-0.001
5717839944,5717839714,0.0,0.0,-0.001
5717843690,5717843459,0.0,0.0,-0.001
5717847443,5717847205,0.0,0.0,-0.001
5717853677,5717853447,0.0,0.0,-0.001
5717857426,5717857193,0.0,0.0,-0.001
5717864966,5717864683,0.0,0.0,-0.001
5717867423,5717867181,0.0,0.0,-0.001
5717874901,5717874671,0.0,0.0,-0.001
5717878646,5717878417,0.0,0.0,-0.001
5717884893,5717884658,0.0,0.0,-0.001
5717888638,5717888404,0.0,0.0,-0.001
5717892384,5717892149,0.0,0.0,-0.001
5717899873,5717899640,0.0,0.0,-0.001
5717902370,5717902137,0.0,0.0,-0.001
5717909853,5717909627,0.0,0.0,-0.001
5717913602,5717913373,0.0,0.0,-0.001
5717917349,5717917118,0.0,0.0,-0.001
5717923590,5717923360,0.0,0.0,-0.001
5717927348,5717927107,0.0,0.0,-0.001
5717934822,5717934596,0.0,0.0,-0.001
5717937330,5717937093,0.0,0.0,-0.001
5717944824,5717944584,0.0,0.0,-0.001
5717948563,5717948330,0.0,0.0,-0.001
5717954802,5717954571,0.0,0.0,-0.001
5717958547,5717958317,0.0,0.0,-0.001
5717962307,5717962062,0.0,0.0,-0.001
5717969783,5717969553,0.0,0.0,-0.001
5717972286,5717972051,0.0,0.0,-0.001
5717979769,5717979540,0.0,0.0,-0.001
5717983516,5717983286,0.0,0.0,-0.001
5717987274,5717987031,0.0,0.0,-0.001
5717993504,5717993273,0.0,0.0,-0.001
5717997262,5717997019,0.0,0.0,-0.001
5718004735,5718004509,0.0,0.0,-0.001
5718008487,5718008255,0.0,0.0,-0.001
5718014728,5718014497,0.0,0.0,-0.001
5718018480,5718018243,0.0,0.0,-0.001
5718027214,5718026982,0.0,0.0,-0.001
5718028474,5718028230,0.0,0.0,-0.001
5718032208,5718031975,0.0,0.0,-0.001
5718039698,5718039466,0.0,0.0,-0.001
5718043448,5718043211,0.0,0.0,-0.001
5718049678,5718049453,0.0,0.0,-0.001
5718053429,5718053199,0.0,0.0,-0.001
5718060941,5718060689,0.0,0.0,-0.001
5718063415,5718063189,0.0,0.0,-0.001
5718068416,5718068181,0.0,0.0,-0.001
5718074649,5718074422,0.0,0.0,-0.001
5718078409,5718078168,0.0,0.0,-0.001
5718084640,5718084410,0.0,0.0,-0.001
5718088387,5718088155,0.0,0.0,-0.001
5718095874,5718095646,0.0,0.0,-0.001
5718098376,5718098143,0.0,0.0,-0.001
5718102119,5718101888,0.0,0.0,-0.001
5718109606,5718109378,0.0,0.0,-0.001
5718113355,5718113124,0.0,0.0,-0.001
5718119593,5718119366,0.0,0.0,-0.001
5718123344,5718123112,0.0,0.0,-0.001
5718130839,5718130603,0.0,0.0,-0.001
5718133330,5718133099,0.0,0.0,-0.001
5718137104,5718136844,0.0,0.0,-0.001
5718144566,5718144335,0.0,0.0,-0.001
5718148319,5718148081,0.0,0.0,-0.001
5718154554,5718154323,0.0,0.0,-0.001
5718158306,5718158068,0.0,0.0,-0.001
5718167042,5718166807,0.0,0.0,-0.001
5718168294,5718168056,0.0,0.0,-0.001
5718172043,5718171801,0.0,0.0,-0.001
5718179524,5718179292,0.0,0.0,-0.001
5718183272,5718183037,0.0,0.0,-0.001
5718189505,5718189279,0.0,0.0,-0.001
5718193267,5718193026,0.0,0.0,-0.001
5718200741,5718200515,0.0,0.0,-0.001
5718204492,5718204261,0.0,0.0,-0.001
5718206999,5718206763,0.0,0.0,-0.001
5718214486,5718214248,0.0,0.0,-0.001
5718218227,5718217994,0.0,0.0,-0.001
5718224474,5718224236,0.0,0.0,-0.001
5718228214,5718227981,0.0,0.0,-0.001
5718236974,5718236721,0.0,0.0,-0.001
5718239458,5718239217,0.0,0.0,-0.001
5718241947,5718241714,0.0,0.0,-0.001
5718249433,5718249204,0.0,0.0,-0.001
5718253189,5718252951,0.0,0.0,-0.001
5718259416,5718259192,0.0,0.0,-0.001
5718263169,5718262938,0.0,0.0,-0.001
5718270660,5718270428,0.0,0.0,-0.001
5718274418,5718274179,0.0,0.0,-0.001
5718276974,5718276676,0.0,0.0,-0.001
5718284388,5718284161,0.0,0.0,-0.001
5718288141,5718287907,0.0,0.0,-0.001
5718294381,5718294149,0.0,0.0,-0.001
5718298141,5718297894,0.0,0.0,-0.001
5718306866,5718306633,0.0,0.0,-0.001
5718309361,5718309130,0.0,0.0,-0.001
5718311858,5718311627,0.0,0.0,-0.001
5718319345,5718319118,0.0,0.0,-0.001
5718323097,5718322863,0.0,0.0,-0.001
5718329332,5718329105,0.0,0.0,-0.001
5718333092,5718332850,0.0,0.0,-0.001
5718340588,5718340341,0.0,0.0,-0.001
5718344330,5718344087,0.0,0.0,-0.001
5718346815,5718346584,0.0,0.0,-0.001
5718354322,5718354074,0.0,0.0,-0.001
5718358055,5718357820,0.0,0.0,-0.001
5718364307,5718364069,0.0,0.0,-0.001
5718368042,5718367807,0.0,0.0,-0.001
5718375527,5718375298,0.0,0.0,-0.001
5718379288,5718379043,0.0,0.0,-0.001
5718383019,5718382788,0.0,0.0,-0.001
5718389269,5718389031,0.0,0.0,-0.001
5718393001,5718392776,0.0,0.0,-0.001
5718400498,5718400267,0.0,0.0,-0.001
5718402994,5718402764,0.0,0.0,-0.001
5718410489,5718410255,0.0,0.0,-0.001
5718414233,5718413999,0.0,0.0,-0.001
5718417975,5718417745,0.0,0.0,-0.001
5718424215,5718423987,0.0,0.0,-0.001
5718427971,5718427739,0.0,0.0,-0.001
5718436707,5718436471,0.0,0.0,-0.001
5718437950,5718437720,0.0,0.0,-0.001
5718446695,5718446462,0.0,0.0,-0.001
5718449192,5718448956,0.0,0.0,-0.001
5718452937,5718452701,0.0,0.0,-0.001
5718459171,5718458943,0.0,0.0,-0.001
5718462917,5718462690,0.0,0.0,-0.001
5718470419,5718470180,0.0,0.0,-0.001
5718472908,5718472676,0.0,0.0,-0.001
5718480405,5718480168,0.0,0.0,-0.001
5718484143,5718483912,0.0,0.0,-0.001
5718487915,5718487659,0.0,0.0,-0.001
5718494133,5718493900,0.0,0.0,-0.001
5718497880,5718497647,0.0,0.0,-0.001
5718506622,5718506385,0.0,0.0,-0.001
5718507864,5718507633,0.0,0.0,-0.001
5718516605,5718516372,0.0,0.0,-0.001
5718519111,5718518872,0.0,0.0,-0.001
5718522855,5718522626,0.0,0.0,-0.001
5718529086,5718528856,0.0,0.0,-0.001
5718532828,5718532602,0.0,0.0,-0.001
5718540322,5718540093,0.0,0.0,-0.001
5718542869,5718542589,0.0,0.0,-0.001
5718550314,5718550080,0.0,0.0,-0.001
5718554065,5718553825,0.0,0.0,-0.001
5718557797,5718557571,0.0,0.0,-0.001
5718564047,5718563813,0.0,0.0,-0.001
5718567788,5718567559,0.0,0.0,-0.001
5718576533,5718576297,0.0,0.0,-0.001
5718577783,5718577546,0.0,0.0,-0.001
5718586518,5718586285,0.0,0.0,-0.001
5718589009,5718588782,0.0,0.0,-0.001
5718592757,5718592527,0.0,0.0,-0.001
5718599011,5718598769,0.0,0.0,-0.001
5718602746,5718602515,0.0,0.0,-0.001
5718610243,5718610005,0.0,0.0,-0.001
5718613996,5718613751,0.0,0.0,-0.001
5718620222,5718619993,0.0,0.0,-0.001
5718623965,5718623738,0.0,0.0,-0.001
5718627727,5718627484,0.0,0.0,-0.001
5718633955,5718633726,0.0,0.0,-0.001
5718637711,5718637478,0.0,0.0,-0.001
5718646445,5718646211,0.0,0.0,-0.001
5718648955,5718648707,0.0,0.0,-0.001
5718655180,5718654949,0.0,0.0,-0.001
5718658926,5718658695,0.0,0.0,-0.001
5718662673,5718662440,0.0,0.0,-0.001
5718668921,5718668682,0.0,0.0,-0.001
5718672654,5718672428,0.0,0.0,-0.001
5718680148,5718679919,0.0,0.0,-0.001
5718683905,5718683664,0.0,0.0,-0.001
5718690137,5718689906,0.0,0.0,-0.001
5718693898,5718693651,0.0,0.0,-0.001
5718697633,5718697397,0.0,0.0,-0.001
5718703876,5718703639,0.0,0.0,-0.001
5718707621,5718707384,0.0,0.0,-0.001
5718716356,5718716124,0.0,0.0,-0.001
5718718850,5718718620,0.0,0.0,-0.001
5718726353,5718726111,0.0,0.0,-0.001
5718728836,5718728608,0.0,0.0,-0.001
5718732586,5718732353,0.0,0.0,-0.001
5718738826,5718738595,0.0,0.0,-0.001
5718742567,5718742341,0.0,0.0,-0.001
5718750064,5718749831,0.0,0.0,-0.001
5718753806,5718753579,0.0,0.0,-0.001
5718760050,5718759819,0.0,0.0,-0.001
5718763793,5718763564,0.0,0.0,-0.001
5718767544,5718767310,0.0,0.0,-0.001
5718773784,5718773552,0.0,0.0,-0.001
5718777579,5718777297,0.0,0.0,-0.001
5718785013,5718784788,0.0,0.0,-0.001
5718788763,5718788533,0.0,0.0,-0.001
5718796268,5718796025,0.0,0.0,-0.001
5718798749,5718798521,0.0,0.0,-0.001
5718802497,5718802268,0.0,0.0,-0.001
5718809992,5718809757,0.0,0.0,-0.001
5718812502,5718812266,0.0,0.0,-0.001
5718819988,5718819744,0.0,0.0,-0.001
5718823715,5718823490,0.0,0.0,-0.001
5718829959,5718829732,0.0,0.0,-0.001
5718833708,5718833477,0.0,0.0,-0.001
5718837456,5718837223,0.0,0.0,-0.001
5718846203,5718845969,0.0,0.0,-0.001
5718847442,5718847211,0.0,0.0,-0.001
5718854933,5718854701,0.0,0.0,-0.001
5718858671,5718858446,0.0,0.0,-0.001
5718866170,5718865937,0.0,0.0,-0.001
5718868664,5718868434,0.0,0.0,-0.001
5718872421,5718872179,0.0,0.0,-0.001
5718879911,5718879670,0.0,0.0,-0.001
5718882398,5718882169,0.0,0.0,-0.001
5718889897,5718889658,0.0,0.0,-0.001
5718893634,5718893403,0.0,0.0,-0.001
5718899877,5718899645,0.0,0.0,-0.001
5718903620,5718903390,0.0,0.0,-0.001
5718907377,5718907136,0.0,0.0,-0.001
5718916110,5718915875,0.0,0.0,-0.001
5718917362,5718917128,0.0,0.0,-0.001
5718926143,5718925862,0.0,0.0,-0.001
5718928587,5718928359,0.0,0.0,-0.001
5718934827,5718934602,0.0,0.0,-0.001
5718938574,5718938347,0.0,0.0,-0.001
5718942316,5718942092,0.0,0.0,-0.001
5718949811,5718949583,0.0,0.0,-0.001
5718952315,5718952083,0.0,0.0,-0.001
5718959802,5718959570,0.0,0.0,-0.001
5718963554,5718963317,0.0,0.0,-0.001
5718971042,5718970806,0.0,0.0,-0.001
5718973536,5718973307,0.0,0.0,-0.001
5718977296,5718977049,0.0,0.0,-0.001
5718986032,5718985788,0.0,0.0,-0.001
5718987288,5718987036,0.0,0.0,-0.001
5718996007,5718995776,0.0,0.0,-0.001
5718998509,5718998272,0.0,0.0,-0.001
5719005996,5719005763,0.0,0.0,-0.001
5719008487,5719008260,0.0,0.0,-0.001
5719012314,5719012010,0.0,0.0,-0.001
5719019721,5719019496,0.0,0.0,-0.001
5719023494,5719023242,0.0,0.0,-0.001
5719029715,5719029484,0.0,0.0,-0.001
5719033464,5719033229,0.0,0.0,-0.001
5719040970,5719040720,0.0,0.0,-0.001
5719043505,5719043216,0.0,0.0,-0.001
5719047191,5719046962,0.0,0.0,-0.001
5719054692,5719054453,0.0,0.0,-0.001
5719058431,5719058198,0.0,0.0,-0.001
5719065923,5719065689,0.0,0.0,-0.001
5719068414,5719068185,0.0,0.0,-0.001
5719075933,5719075681,0.0,0.0,-0.001
5719078402,5719078173,0.0,0.0,-0.001
5719082147,5719081918,0.0,0.0,-0.001
5719089644,5719089409,0.0,0.0,-0.001
5719093394,5719093154,0.0,0.0,-0.001
5719099628,5719099397,0.0,0.0,-0.001
5719103380,5719103142,0.0,0.0,-0.001
5719110867,5719110632,0.0,0.0,-0.001
5719113359,5719113130,0.0,0.0,-0.001
5719117107,5719116875,0.0,0.0,-0.001
5719125849,5719125614,0.0,0.0,-0.001
5719128338,5719128111,0.0,0.0,-0.001
5719135836,5719135602,0.0,0.0,-0.001
5719138330,5719138101,0.0,0.0,-0.001
5719145826,5719145589,0.0,0.0,-0.001
5719148316,5719148086,0.0,0.0,-0.001
5719152068,5719151831,0.0,0.0,-0.001
5719159553,5719159322,0.0,0.0,-0.001
5719163313,5719163068,0.0,0.0,-0.001
5719169543,5719169309,0.0,0.0,-0.001
5719173291,5719173055,0.0,0.0,-0.001
5719180778,5719180545,0.0,0.0,-0.001
5719183277,5719183042,0.0,0.0,-0.001
5719187028,5719186788,0.0,0.0,-0.001
5719194509,5719194279,0.0,0.0,-0.001
5719198257,5719198023,0.0,0.0,-0.001
5719205747,5719205514,0.0,0.0,-0.001
5719208240,5719208011,0.0,0.0,-0.001
5719215737,5719215502,0.0,0.0,-0.001
5719218224,5719217999,0.0,0.0,-0.001
5719221971,5719221744,0.0,0.0,-0.001
5719229512,5719229235,0.0,0.0,-0.001
5719233211,5719232980,0.0,0.0,-0.001
5719239456,5719239223,0.0,0.0,-0.001
5719243200,5719242967,0.0,0.0,-0.001
5719250699,5719250459,0.0,0.0,-0.001
5719254443,5719254204,0.0,0.0,-0.001
5719256941,5719256701,0.0,0.0,-0.001
5719265674,5719265440,0.0,0.0,-0.001
5719268167,5719267937,0.0,0.0,-0.001
5719275663,5719275429,0.0,0.0,-0.001
5719278154,5719277924,0.0,0.0,-0.001
5719285660,5719285416,0.0,0.0,-0.001
5719289401,5719289161,0.0,0.0,-0.001
5719291892,5719291657,0.0,0.0,-0.001
5719299376,5719299148,0.0,0.0,-0.001
5719303120,5719302893,0.0,0.0,-0.001
5719309366,5719309136,0.0,0.0,-0.001
5719313116,5719312881,0.0,0.0,-0.001
5719320611,5719320372,0.0,0.0,-0.001
5719325598,5719325365,0.0,0.0,-0.001
5719326846,5719326614,0.0,0.0,-0.001
5719335598,5719335353,0.0,0.0,-0.001
5719338086,5719337850,0.0,0.0,-0.001
5719345576,5719345341,0.0,0.0,-0.001
5719348067,5719347837,0.0,0.0,-0.001
5719355564,5719355328,0.0,0.0,-0.001
5719359307,5719359073,0.0,0.0,-0.001
5719361796,5719361570,0.0,0.0,-0.001
5719369317,5719369061,0.0,0.0,-0.001
5719373036,5719372806,0.0,0.0,-0.001
5719379306,5719379048,0.0,0.0,-0.001
5719383020,5719382794,0.0,0.0,-0.001
5719390519,5719390285,0.0,0.0,-0.001
5719395516,5719395278,0.0,0.0,-0.001
5719396765,5719396527,0.0,0.0,-0.001
5719405498,5719405267,0.0,0.0,-0.001
5719407986,5719407762,0.0,0.0,-0.001
5719415487,5719415254,0.0,0.0,-0.001
5719417985,5719417750,0.0,0.0,-0.001
5719425481,5719425243,0.0,0.0,-0.001
5719429241,5719428986,0.0,0.0,-0.001
5719432976,5719432731,0.0,0.0,-0.001
5719439206,5719438974,0.0,0.0,-0.001
5719442947,5719442719,0.0,0.0,-0.001
5719450452,5719450210,0.0,0.0,-0.001
5719452947,5719452706,0.0,0.0,-0.001
5719460452,5719460198,0.0,0.0,-0.001
5719465425,5719465191,0.0,0.0,-0.001
5719467923,5719467688,0.0,0.0,-0.001
5719475411,5719475179,0.0,0.0,-0.001
5719477912,5719477675,0.0,0.0,-0.001
5719485409,5719485166,0.0,0.0,-0.001
5719487905,5719487663,0.0,0.0,-0.001
5719495387,5719495154,0.0,0.0,-0.001
5719499148,5719498899,0.0,0.0,-0.001
5719502875,5719502644,0.0,0.0,-0.001
5719509114,5719508886,0.0,0.0,-0.001
5719512862,5719512632,0.0,0.0,-0.001
5719520358,5719520123,0.0,0.0,-0.001
5719522847,5719522621,0.0,0.0,-0.001
5719530342,5719530111,0.0,0.0,-0.001
5719535343,5719535104,0.0,0.0,-0.001
5719537830,5719537601,0.0,0.0,-0.001
5719545332,5719545092,0.0,0.0,-0.001
5719547820,5719547588,0.0,0.0,-0.001
5719555316,5719555079,0.0,0.0,-0.001
5719557813,5719557576,0.0,0.0,-0.001
5719565313,5719565067,0.0,0.0,-0.001
5719569041,5719568812,0.0,0.0,-0.001
5719572792,5719572557,0.0,0.0,-0.001
5719579035,5719578800,0.0,0.0,-0.001
5719582776,5719582545,0.0,0.0,-0.001
5719590278,5719590040,0.0,0.0,-0.001
5719592767,5719592533,0.0,0.0,-0.001
5719600263,5719600027,0.0,0.0,-0.001
5719605258,5719605017,0.0,0.0,-0.001
5719607740,5719607514,0.0,0.0,-0.001
5719615241,5719615005,0.0,0.0,-0.001
5719617733,5719617501,0.0,0.0,-0.001
5719625232,5719624993,0.0,0.0,-0.001
5719628978,5719628737,0.0,0.0,-0.001
5719635212,5719634980,0.0,0.0,-0.001
5719638951,5719638725,0.0,0.0,-0.001
5719642698,5719642470,0.0,0.0,-0.001
5719648944,5719648712,0.0,0.0,-0.001
5719652688,5719652458,0.0,0.0,-0.001
5719660190,5719659949,0.0,0.0,-0.001
5719665175,5719664943,0.0,0.0,-0.001
5719670187,5719669936,0.0,0.0,-0.001
5719675171,5719674930,0.0,0.0,-0.001
5719677659,5719677427,0.0,0.0,-0.001
5719685166,5719684918,0.0,0.0,-0.001
5719687647,5719687417,0.0,0.0,-0.001
5719695193,5719694906,0.0,0.0,-0.001
5719698877,5719698650,0.0,0.0,-0.001
5719705130,5719704893,0.0,0.0,-0.001
5719708872,5719708638,0.0,0.0,-0.001
5719712617,5719712383,0.0,0.0,-0.001
5719718859,5719718625,0.0,0.0,-0.001
5719722611,5719722371,0.0,0.0,-0.001
5719730105,5719729861,0.0,0.0,-0.001
5719735102,5719734856,0.0,0.0,-0.001
5719740082,5719739849,0.0,0.0,-0.001
5719745089,5719744843,0.0,0.0,-0.001
5719747569,5719747340,0.0,0.0,-0.001
5719753815,5719753582,0.0,0.0,-0.001
5719757580,5719757328,0.0,0.0,-0.001
5719765051,5719764818,0.0,0.0,-0.001
5719768796,5719768564,0.0,0.0,-0.001
5719775046,5719774806,0.0,0.0,-0.001
5719778780,5719778551,0.0,0.0,-0.001
5719782532,5719782297,0.0,0.0,-0.001
5719790031,5719789787,0.0,0.0,-0.001
5719792516,5719792284,0.0,0.0,-0.001
5719800006,5719799774,0.0,0.0,-0.001
5719803752,5719803520,0.0,0.0,-0.001
5719809996,5719809762,0.0,0.0,-0.001
5719814999,5719814762,0.0,0.0,-0.001
5719817483,5719817255,0.0,0.0,-0.001
5719824983,5719824744,0.0,0.0,-0.001
5719827478,5719827240,0.0,0.0,-0.001
5719834968,5719834731,0.0,0.0,-0.001
5719838707,5719838476,0.0,0.0,-0.001
5719844972,5719844727,0.0,0.0,-0.001
5719848695,5719848464,0.0,0.0,-0.001
5719852446,5719852210,0.0,0.0,-0.001
5719859944,5719859700,0.0,0.0,-0.001
5719862428,5719862197,0.0,0.0,-0.001
5719869925,5719869688,0.0,0.0,-0.001
5719874954,5719874681,0.0,0.0,-0.001
5719879919,5719879675,0.0,0.0,-0.001
5719883650,5719883420,0.0,0.0,-0.001
5719887396,5719887166,0.0,0.0,-0.001
5719894904,5719894657,0.0,0.0,-0.001
5719897382,5719897153,0.0,0.0,-0.001
5719904876,5719904644,0.0,0.0,-0.001
5719908620,5719908390,0.0,0.0,-0.001
5719914867,5719914632,0.0,0.0,-0.001
5719918607,5719918377,0.0,0.0,-0.001
5719922352,5719922122,0.0,0.0,-0.001
5719929845,5719929613,0.0,0.0,-0.001
5719932348,5719932112,0.0,0.0,-0.001
5719939833,5719939601,0.0,0.0,-0.001
5719943580,5719943346,0.0,0.0,-0.001
5719949821,5719949588,0.0,0.0,-0.001
5719954822,5719954582,0.0,0.0,-0.001
5719957316,5719957079,0.0,0.0,-0.001
5719964806,5719964570,0.0,0.0,-0.001
5719967305,5719967066,0.0,0.0,-0.001
5719974794,5719974557,0.0,0.0,-0.001
5719978534,5719978303,0.0,0.0,-0.001
5719984841,5719984552,0.0,0.0,-0.001
5719988523,5719988290,0.0,0.0,-0.001
5719992282,5719992037,0.0,0.0,-0.001
5719999773,5719999529,0.0,0.0,-0.001
5720002281,5720002028,0.0,0.0,-0.001
5720009751,5720009514,0.0,0.0,-0.001
5720013487,5720013259,0.0,0.0,-0.001
5720020988,5720020749,0.0,0.0,-0.001
5720024737,5720024495,0.0,0.0,-0.001
5720027220,5720026992,0.0,0.0,-0.001
5720034718,5720034483,0.0,0.0,-0.001
5720038463,5720038228,0.0,0.0,-0.001
5720044765,5720044473,0.0,0.0,-0.001
5720048447,5720048216,0.0,0.0,-0.001
5720055951,5720055706,0.0,0.0,-0.001
5720058436,5720058203,0.0,0.0,-0.001
5720062176,5720061949,0.0,0.0,-0.001
5720069670,5720069439,0.0,0.0,-0.001
5720074721,5720074433,0.0,0.0,-0.001
5720079659,5720079427,0.0,0.0,-0.001
5720084652,5720084420,0.0,0.0,-0.001
5720090909,5720090662,0.0,0.0,-0.001
5720093390,5720093160,0.0,0.0,-0.001
5720097190,5720096905,0.0,0.0,-0.001
5720104690,5720104396,0.0,0.0,-0.001
5720108369,5720108141,0.0,0.0,-0.001
5720114622,5720114390,0.0,0.0,-0.001
5720118366,5720118129,0.0,0.0,-0.001
5720125850,5720125619,0.0,0.0,-0.001
5720128350,5720128117,0.0,0.0,-0.001
5720132128,5720131862,0.0,0.0,-0.001
5720139579,5720139352,0.0,0.0,-0.001
5720144587,5720144346,0.0,0.0,-0.001
5720149625,5720149339,0.0,0.0,-0.001
5720154563,5720154333,0.0,0.0,-0.001
5720160802,5720160575,0.0,0.0,-0.001
5720164616,5720164321,0.0,0.0,-0.001
5720167051,5720166818,0.0,0.0,-0.001
5720174544,5720174308,0.0,0.0,-0.001
5720178300,5720178054,0.0,0.0,-0.001
5720184529,5720184296,0.0,0.0,-0.001
5720188282,5720188041,0.0,0.0,-0.001
5720195769,5720195538,0.0,0.0,-0.001
5720198268,5720198029,0.0,0.0,-0.001
5720202054,5720201774,0.0,0.0,-0.001
5720209540,5720209265,0.0,0.0,-0.001
5720214495,5720214259,0.0,0.0,-0.001
5720219487,5720219255,0.0,0.0,-0.001
5720224528,5720224247,0.0,0.0,-0.001
5720230734,5720230489,0.0,0.0,-0.001
5720234495,5720234234,0.0,0.0,-0.001
5720236978,5720236737,0.0,0.0,-0.001
5720244454,5720244221,0.0,0.0,-0.001
5720248193,5720247967,0.0,0.0,-0.001
5720254497,5720254209,0.0,0.0,-0.001
5720258187,5720257954,0.0,0.0,-0.001
5720265699,5720265445,0.0,0.0,-0.001
5720269471,5720269191,0.0,0.0,-0.001
5720271918,5720271687,0.0,0.0,-0.001
5720279412,5720279178,0.0,0.0,-0.001
5720284451,5720284172,0.0,0.0,-0.001
5720289403,5720289166,0.0,0.0,-0.001
5720294393,5720294159,0.0,0.0,-0.001
5720300636,5720300402,0.0,0.0,-0.001
5720304378,5720304147,0.0,0.0,-0.001
5720306917,5720306644,0.0,0.0,-0.001
5720314407,5720314135,0.0,0.0,-0.001
5720318107,5720317880,0.0,0.0,-0.001
5720324356,5720324122,0.0,0.0,-0.001
5720328092,5720327867,0.0,0.0,-0.001
5720335588,5720335358,0.0,0.0,-0.001
5720339339,5720339103,0.0,0.0,-0.001
5720341838,5720341601,0.0,0.0,-0.001
5720349325,5720349091,0.0,0.0,-0.001
5720354329,5720354085,0.0,0.0,-0.001
5720359347,5720359078,0.0,0.0,-0.001
5720364310,5720364073,0.0,0.0,-0.001
5720370551,5720370315,0.0,0.0,-0.001
5720374335,5720374060,0.0,0.0,-0.001
5720376787,5720376557,0.0,0.0,-0.001
5720384289,5720384047,0.0,0.0,-0.001
5720388025,5720387793,0.0,0.0,-0.001
5720394289,5720394035,0.0,0.0,-0.001
5720398010,5720397783,0.0,0.0,-0.001
5720405514,5720405280,0.0,0.0,-0.001
5720409260,5720409016,0.0,0.0,-0.001
5720412993,5720412762,0.0,0.0,-0.001
5720419290,5720419004,0.0,0.0,-0.001
5720424234,5720423998,0.0,0.0,-0.001
5720430475,5720430240,0.0,0.0,-0.001
5720434270,5720433985,0.0,0.0,-0.001
5720440462,5720440228,0.0,0.0,-0.001
5720444210,5720443973,0.0,0.0,-0.001
5720447950,5720447718,0.0,0.0,-0.001
5720454196,5720453960,0.0,0.0,-0.001
5720457931,5720457706,0.0,0.0,-0.001
5720465437,5720465197,0.0,0.0,-0.001
5720467928,5720467693,0.0,0.0,-0.001
5720475425,5720475184,0.0,0.0,-0.001
5720479185,5720478929,0.0,0.0,-0.001
5720484156,5720483926,0.0,0.0,-0.001
5720489157,5720488918,0.0,0.0,-0.001
5720492891,5720492662,0.0,0.0,-0.001
5720500385,5720500153,0.0,0.0,-0.001
5720504139,5720503899,0.0,0.0,-0.001
5720510384,5720510146,0.0,0.0,-0.001
5720514119,5720513886,0.0,0.0,-0.001
5720517860,5720517631,0.0,0.0,-0.001
5720524128,5720523874,0.0,0.0,-0.001
5720527845,5720527619,0.0,0.0,-0.001
5720535341,5720535110,0.0,0.0,-0.001
5720537832,5720537606,0.0,0.0,-0.001
5720545344,5720545097,0.0,0.0,-0.001
5720549085,5720548842,0.0,0.0,-0.001
5720554098,5720553836,0.0,0.0,-0.001
5720559063,5720558830,0.0,0.0,-0.001
5720562822,5720562589,0.0,0.0,-0.001
5720570304,5720570066,0.0,0.0,-0.001
5720574056,5720573811,0.0,0.0,-0.001
5720580286,5720580053,0.0,0.0,-0.001
5720584059,5720583799,0.0,0.0,-0.001
5720587775,5720587544,0.0,0.0,-0.001
5720594030,5720593787,0.0,0.0,-0.001
5720597756,5720597532,0.0,0.0,-0.001
5720605261,5720605025,0.0,0.0,-0.001
5720609002,5720608768,0.0,0.0,-0.001
5720615243,5720615010,0.0,0.0,-0.001
5720618986,5720618756,0.0,0.0,-0.001
5720623989,5720623749,0.0,0.0,-0.001
5720628988,5720628743,0.0,0.0,-0.001
5720633982,5720633737,0.0,0.0,-0.001
5720640208,5720639979,0.0,0.0,-0.001
5720643978,5720643727,0.0,0.0,-0.001
5720650191,5720649966,0.0,0.0,-0.001
5720653943,5720653712,0.0,0.0,-0.001
5720657687,5720657457,0.0,0.0,-0.001
5720663940,5720663705,0.0,0.0,-0.001
5720667674,5720667445,0.0,0.0,-0.001
5720675166,5720674935,0.0,0.0,-0.001
5720678928,5720678681,0.0,0.0,-0.001
5720685153,5720684923,0.0,0.0,-0.001
5720688927,5720688669,0.0,0.0,-0.001
5720693896,5720693663,0.0,0.0,-0.001
5720698918,5720698658,0.0,0.0,-0.001
5720702640,5720702401,0.0,0.0,-0.001
5720710122,5720709892,0.0,0.0,-0.001
5720713878,5720713637,0.0,0.0,-0.001
5720720109,5720719880,0.0,0.0,-0.001
5720723853,5720723625,0.0,0.0,-0.001
5720727602,5720727370,0.0,0.0,-0.001
5720733873,5720733617,0.0,0.0,-0.001
5720737588,5720737358,0.0,0.0,-0.001
5720745086,5720744849,0.0,0.0,-0.001
5720748836,5720748594,0.0,0.0,-0.001
5720755072,5720754836,0.0,0.0,-0.001
5720758819,5720758581,0.0,0.0,-0.001
5720763821,5720763578,0.0,0.0,-0.001
5720768798,5720768569,0.0,0.0,-0.001
5720773804,5720773571,0.0,0.0,-0.001
5720780037,5720779805,0.0,0.0,-0.001
5720783784,5720783551,0.0,0.0,-0.001
5720790018,5720789792,0.0,0.0,-0.001
5720793777,5720793538,0.0,0.0,-0.001
5720797510,5720797283,0.0,0.0,-0.001
5720805007,5720804774,0.0,0.0,-0.001
5720807500,5720807271,0.0,0.0,-0.001
5720814996,5720814762,0.0,0.0,-0.001
5720818740,5720818507,0.0,0.0,-0.001
5720823742,5720823501,0.0,0.0,-0.001
5720828729,5720828495,0.0,0.0,-0.001
5720833720,5720833489,0.0,0.0,-0.001
5720839964,5720839730,0.0,0.0,-0.001
5720843710,5720843478,0.0,0.0,-0.001
5720849947,5720849718,0.0,0.0,-0.001
5720853708,5720853463,0.0,0.0,-0.001
5720857459,5720857209,0.0,0.0,-0.001
5720863684,5720863451,0.0,0.0,-0.001
5720867437,5720867197,0.0,0.0,-0.001
5720874922,5720874687,0.0,0.0,-0.001
5720877418,5720877184,0.0,0.0,-0.001
5720884911,5720884674,0.0,0.0,-0.001
5720888655,5720888420,0.0,0.0,-0.001
5720893651,5720893414,0.0,0.0,-0.001
5720898651,5720898408,0.0,0.0,-0.001
5720903633,5720903401,0.0,0.0,-0.001
5720909869,5720909643,0.0,0.0,-0.001
5720913639,5720913395,0.0,0.0,-0.001
5720919869,5720919642,0.0,0.0,-0.001
5720923607,5720923376,0.0,0.0,-0.001
5720929870,5720929618,0.0,0.0,-0.001
5720933600,5720933364,0.0,0.0,-0.001
5720937342,5720937109,0.0,0.0,-0.001
5720944837,5720944600,0.0,0.0,-0.001
5720947333,5720947097,0.0,0.0,-0.001
5720954834,5720954588,0.0,0.0,-0.001
5720958564,5720958336,0.0,0.0,-0.001
5720963561,5720963327,0.0,0.0,-0.001
5720968554,5720968320,0.0,0.0,-0.001
5720973541,5720973314,0.0,0.0,-0.001
5720979785,5720979556,0.0,0.0,-0.001
5720982291,5720982055,0.0,0.0,-0.001
5720989770,5720989544,0.0,0.0,-0.001
5720993525,5720993289,0.0,0.0,-0.001
5720999763,5720999531,0.0,0.0,-0.001
5721003512,5721003282,0.0,0.0,-0.001
5721007266,5721007028,0.0,0.0,-0.001
5721014749,5721014513,0.0,0.0,-0.001
5721018505,5721018263,0.0,0.0,-0.001
5721024737,5721024500,0.0,0.0,-0.001
5721028492,5721028246,0.0,0.0,-0.001
5721033480,5721033242,0.0,0.0,-0.001
5721038474,5721038234,0.0,0.0,-0.001
5721042213,5721041979,0.0,0.0,-0.001
5721049695,5721049469,0.0,0.0,-0.001
5721053457,5721053214,0.0,0.0,-0.001
5721059685,5721059457,0.0,0.0,-0.001
5721063434,5721063206,0.0,0.0,-0.001
5721070934,5721070693,0.0,0.0,-0.001
5721073431,5721073198,0.0,0.0,-0.001
5721077167,5721076936,0.0,0.0,-0.001
5721084661,5721084426,0.0,0.0,-0.001
5721088413,5721088171,0.0,0.0,-0.001
5721094648,5721094413,0.0,0.0,-0.001
5721098416,5721098159,0.0,0.0,-0.001
5721103388,5721103153,0.0,0.0,-0.001
5721108376,5721108147,0.0,0.0,-0.001
5721113375,5721113141,0.0,0.0,-0.001
5721119621,5721119382,0.0,0.0,-0.001
5721123416,5721123128,0.0,0.0,-0.001
5721129601,5721129370,0.0,0.0,-0.001
5721133354,5721133121,0.0,0.0,-0.001
5721140837,5721140606,0.0,0.0,-0.001
5721143335,5721143103,0.0,0.0,-0.001
5721147133,5721146848,0.0,0.0,-0.001
5721154572,5721154339,0.0,0.0,-0.001
5721158323,5721158084,0.0,0.0,-0.001
5721164558,5721164326,0.0,0.0,-0.001
5721168309,5721168072,0.0,0.0,-0.001
5721173307,5721173065,0.0,0.0,-0.001
5721178339,5721178059,0.0,0.0,-0.001
5721183289,5721183053,0.0,0.0,-0.001
5721189526,5721189295,0.0,0.0,-0.001
5721193281,5721193041,0.0,0.0,-0.001
5721199523,5721199283,0.0,0.0,-0.001
5721203274,5721203028,0.0,0.0,-0.001
5721210752,5721210519,0.0,0.0,-0.001
5721214500,5721214264,0.0,0.0,-0.001
5721216988,5721216761,0.0,0.0,-0.001
5721224486,5721224255,0.0,0.0,-0.001
5721228228,5721227997,0.0,0.0,-0.001
5721233235,5721232991,0.0,0.0,-0.001
5721238230,5721237985,0.0,0.0,-0.001
5721243208,5721242979,0.0,0.0,-0.001
5721249455,5721249221,0.0,0.0,-0.001
5721253200,5721252966,0.0,0.0,-0.001
5721259440,5721259208,0.0,0.0,-0.001
5721263186,5721262954,0.0,0.0,-0.001
5721269436,5721269200,0.0,0.0,-0.001
5721273176,5721272943,0.0,0.0,-0.001
5721280657,5721280432,0.0,0.0,-0.001
5721284419,5721284177,0.0,0.0,-0.001
5721286906,5721286674,0.0,0.0,-0.001
5721294398,5721294165,0.0,0.0,-0.001
5721298142,5721297910,0.0,0.0,-0.001
5721301889,5721301655,0.0,0.0,-0.001
5721308128,5721307898,0.0,0.0,-0.001
5721313140,5721312898,0.0,0.0,-0.001
5721319370,5721319134,0.0,0.0,-0.001
5721323109,5721322879,0.0,0.0,-0.001
5721329352,5721329121,0.0,0.0,-0.001
5721333098,5721332867,0.0,0.0,-0.001
5721339343,5721339109,0.0,0.0,-0.001
5721343091,5721342854,0.0,0.0,-0.001
5721350577,5721350345,0.0,0.0,-0.001
5721354328,5721354090,0.0,0.0,-0.001
5721356819,5721356587,0.0,0.0,-0.001
5721364324,5721364078,0.0,0.0,-0.001
5721368058,5721367823,0.0,0.0,-0.001
5721373051,5721372817,0.0,0.0,-0.001
5721378041,5721377811,0.0,0.0,-0.001
5721383043,5721382807,0.0,0.0,-0.001
5721389295,5721389047,0.0,0.0,-0.001
5721393027,5721392792,0.0,0.0,-0.001
5721399273,5721399034,0.0,0.0,-0.001
5721403012,5721402780,0.0,0.0,-0.001
5721410499,5721410270,0.0,0.0,-0.001
5721413004,5721412767,0.0,0.0,-0.001
5721420504,5721420266,0.0,0.0,-0.001
5721424243,5721424005,0.0,0.0,-0.001
5721427986,5721427749,0.0,0.0,-0.001
5721434218,5721433991,0.0,0.0,-0.001
5721437967,5721437736,0.0,0.0,-0.001
5721442967,5721442730,0.0,0.0,-0.001
5721447961,5721447724,0.0,0.0,-0.001
5721452959,5721452718,0.0,0.0,-0.001
5721459187,5721458960,0.0,0.0,-0.001
5721462947,5721462705,0.0,0.0,-0.001
5721469183,5721468947,0.0,0.0,-0.001
5721472940,5721472693,0.0,0.0,-0.001
5721480429,5721480184,0.0,0.0,-0.001
5721482941,5721482680,0.0,0.0,-0.001
5721490398,5721490171,0.0,0.0,-0.001
5721494146,5721493916,0.0,0.0,-0.001
5721497908,5721497662,0.0,0.0,-0.001
5721504147,5721503904,0.0,0.0,-0.001
5721507889,5721507649,0.0,0.0,-0.001
5721512875,5721512643,0.0,0.0,-0.001
5721517877,5721517636,0.0,0.0,-0.001
5721522865,5721522630,0.0,0.0,-0.001
5721529105,5721528873,0.0,0.0,-0.001
5721532853,5721532618,0.0,0.0,-0.001
5721539100,5721538860,0.0,0.0,-0.001
5721542836,5721542606,0.0,0.0,-0.001
5721550326,5721550096,0.0,0.0,-0.001
5721552828,5721552594,0.0,0.0,-0.001
5721560335,5721560084,0.0,0.0,-0.001
5721564062,5721563829,0.0,0.0,-0.001
5721567802,5721567574,0.0,0.0,-0.001
5721574061,5721573817,0.0,0.0,-0.001
5721577815,5721577562,0.0,0.0,-0.001
5721582790,5721582556,0.0,0.0,-0.001
5721587779,5721587550,0.0,0.0,-0.001
5721592782,5721592543,0.0,0.0,-0.001
5721599037,5721598786,0.0,0.0,-0.001
5721602762,5721602533,0.0,0.0,-0.001
5721608999,5721608773,0.0,0.0,-0.001
5721612754,5721612519,0.0,0.0,-0.001
5721620242,5721620009,0.0,0.0,-0.001
5721623983,5721623754,0.0,0.0,-0.001
5721630235,5721629997,0.0,0.0,-0.001
5721633989,5721633742,0.0,0.0,-0.001
5721637723,5721637488,0.0,0.0,-0.001
5721642717,5721642481,0.0,0.0,-0.001
5721647705,5721647475,0.0,0.0,-0.001
5721652707,5721652469,0.0,0.0,-0.001
5721658944,5721658711,0.0,0.0,-0.001
5721662689,5721662457,0.0,0.0,-0.001
5721668937,5721668698,0.0,0.0,-0.001
5721672676,5721672444,0.0,0.0,-0.001
5721678926,5721678686,0.0,0.0,-0.001
5721682669,5721682432,0.0,0.0,-0.001
5721690149,5721689922,0.0,0.0,-0.001
5721693918,5721693668,0.0,0.0,-0.001
5721700140,5721699910,0.0,0.0,-0.001
5721703908,5721703655,0.0,0.0,-0.001
5721707630,5721707401,0.0,0.0,-0.001
5721712631,5721712394,0.0,0.0,-0.001
5721717623,5721717388,0.0,0.0,-0.001
5721722624,5721722384,0.0,0.0,-0.001
5721728860,5721728624,0.0,0.0,-0.001
5721732610,5721732369,0.0,0.0,-0.001
5721738842,5721738611,0.0,0.0,-0.001
5721742590,5721742357,0.0,0.0,-0.001
5721748828,5721748599,0.0,0.0,-0.001
5721752576,5721752345,0.0,0.0,-0.001
5721760067,5721759835,0.0,0.0,-0.001
5721763828,5721763594,0.0,0.0,-0.001
5721770077,5721769824,0.0,0.0,-0.001
5721773799,5721773568,0.0,0.0,-0.001
5721777571,5721777314,0.0,0.0,-0.001
5721782539,5721782307,0.0,0.0,-0.001
5721787536,5721787301,0.0,0.0,-0.001
5721792531,5721792295,0.0,0.0,-0.001
5721798774,5721798537,0.0,0.0,-0.001
5721802516,5721802282,0.0,0.0,-0.001
5721808760,5721808525,0.0,0.0,-0.001
5721812502,5721812270,0.0,0.0,-0.001
5721819986,5721819761,0.0,0.0,-0.001
5721822494,5721822263,0.0,0.0,-0.001
5721829976,5721829748,0.0,0.0,-0.001
5721833736,5721833494,0.0,0.0,-0.001
5721839965,5721839738,0.0,0.0,-0.001
5721843719,5721843481,0.0,0.0,-0.001
5721847464,5721847227,0.0,0.0,-0.001
5721854957,5721854717,0.0,0.0,-0.001
5721857450,5721857214,0.0,0.0,-0.001
5721862442,5721862208,0.0,0.0,-0.001
5721868675,5721868450,0.0,0.0,-0.001
5721872440,5721872196,0.0,0.0,-0.001
5721878677,5721878442,0.0,0.0,-0.001
5721882417,5721882183,0.0,0.0,-0.001
5721889909,5721889673,0.0,0.0,-0.001
5721892412,5721892171,0.0,0.0,-0.001
5721899887,5721899661,0.0,0.0,-0.001
5721903645,5721903407,0.0,0.0,-0.001
5721909874,5721909649,0.0,0.0,-0.001
5721913627,5721913395,0.0,0.0,-0.001
5721917375,5721917140,0.0,0.0,-0.001
5721924857,5721924630,0.0,0.0,-0.001
5721927370,5721927127,0.0,0.0,-0.001
5721934846,5721934617,0.0,0.0,-0.001
5721938593,5721938363,0.0,0.0,-0.001
5721944834,5721944605,0.0,0.0,-0.001
5721948580,5721948350,0.0,0.0,-0.001
5721952329,5721952096,0.0,0.0,-0.001
5721959820,5721959586,0.0,0.0,-0.001
5721962327,5721962084,0.0,0.0,-0.001
5721969818,5721969575,0.0,0.0,-0.001
5721973550,5721973320,0.0,0.0,-0.001
5721979788,5721979562,0.0,0.0,-0.001
5721983540,5721983307,0.0,0.0,-0.001
5721987304,5721987052,0.0,0.0,-0.001
5721992284,5721992046,0.0,0.0,-0.001
5721997286,5721997040,0.0,0.0,-0.001
5722004772,5722004530,0.0,0.0,-0.001
5722008511,5722008276,0.0,0.0,-0.001
5722016003,5722015766,0.0,0.0,-0.001
5722018491,5722018263,0.0,0.0,-0.001
5722022255,5722022009,0.0,0.0,-0.001
5722029730,5722029500,0.0,0.0,-0.001
5722033484,5722033246,0.0,0.0,-0.001
5722039717,5722039487,0.0,0.0,-0.001
5722043494,5722043233,0.0,0.0,-0.001
5722052203,5722051972,0.0,0.0,-0.001
5722053475,5722053220,0.0,0.0,-0.001
5722057201,5722056965,0.0,0.0,-0.001
5722064683,5722064456,0.0,0.0,-0.001
5722068439,5722068201,0.0,0.0,-0.001
5722074666,5722074444,0.0,0.0,-0.001
5722078419,5722078189,0.0,0.0,-0.001
5722085927,5722085680,0.0,0.0,-0.001
5722088411,5722088176,0.0,0.0,-0.001
5722093402,5722093171,0.0,0.0,-0.001
5722099642,5722099412,0.0,0.0,-0.001
5722103398,5722103158,0.0,0.0,-0.001
5722109632,5722109400,0.0,0.0,-0.001
5722113375,5722113146,0.0,0.0,-0.001
5722122120,5722121885,0.0,0.0,-0.001
5722123367,5722123133,0.0,0.0,-0.001
5722127112,5722126879,0.0,0.0,-0.001
5722134595,5722134369,0.0,0.0,-0.001
5722138344,5722138114,0.0,0.0,-0.001
5722144581,5722144357,0.0,0.0,-0.001
5722148333,5722148102,0.0,0.0,-0.001
5722155822,5722155592,0.0,0.0,-0.001
5722158321,5722158090,0.0,0.0,-0.001
5722162082,5722161835,0.0,0.0,-0.001
5722169557,5722169325,0.0,0.0,-0.001
5722173306,5722173071,0.0,0.0,-0.001
5722179544,5722179313,0.0,0.0,-0.001
5722183294,5722183058,0.0,0.0,-0.001
5722192065,5722191798,0.0,0.0,-0.001
5722193289,5722193046,0.0,0.0,-0.001
5722197037,5722196794,0.0,0.0,-0.001
5722204514,5722204282,0.0,0.0,-0.001
5722208264,5722208028,0.0,0.0,-0.001
5722214497,5722214269,0.0,0.0,-0.001
5722218271,5722218015,0.0,0.0,-0.001
5722225733,5722225505,0.0,0.0,-0.001
5722229490,5722229263,0.0,0.0,-0.001
5722231981,5722231748,0.0,0.0,-0.001
5722239473,5722239239,0.0,0.0,-0.001
5722243217,5722242984,0.0,0.0,-0.001
5722249462,5722249226,0.0,0.0,-0.001
5722253205,5722252971,0.0,0.0,-0.001
5722261941,5722261711,0.0,0.0,-0.001
5722264448,5722264208,0.0,0.0,-0.001
5722266939,5722266704,0.0,0.0,-0.001
5722274423,5722274195,0.0,0.0,-0.001
5722278208,5722277941,0.0,0.0,-0.001
5722284411,5722284183,0.0,0.0,-0.001
5722288159,5722287928,0.0,0.0,-0.001
5722295648,5722295418,0.0,0.0,-0.001
5722299404,5722299164,0.0,0.0,-0.001
5722301897,5722301661,0.0,0.0,-0.001
5722309392,5722309152,0.0,0.0,-0.001
5722313137,5722312898,0.0,0.0,-0.001
5722319371,5722319139,0.0,0.0,-0.001
5722323126,5722322885,0.0,0.0,-0.001
5722331857,5722331625,0.0,0.0,-0.001
5722334349,5722334121,0.0,0.0,-0.001
5722336852,5722336618,0.0,0.0,-0.001
5722344356,5722344108,0.0,0.0,-0.001
5722348082,5722347853,0.0,0.0,-0.001
5722354329,5722354096,0.0,0.0,-0.001
5722358080,5722357841,0.0,0.0,-0.001
5722365566,5722365331,0.0,0.0,-0.001
5722369325,5722369084,0.0,0.0,-0.001
5722371808,5722371574,0.0,0.0,-0.001
5722379310,5722379065,0.0,0.0,-0.001
5722383042,5722382810,0.0,0.0,-0.001
5722389287,5722389052,0.0,0.0,-0.001
5722394313,5722394046,0.0,0.0,-0.001
5722401781,5722401544,0.0,0.0,-0.001
5722404275,5722404034,0.0,0.0,-0.001
5722408007,5722407779,0.0,0.0,-0.001
5722414258,5722414022,0.0,0.0,-0.001
5722417994,5722417766,0.0,0.0,-0.001
5722425487,5722425257,0.0,0.0,-0.001
5722427987,5722427754,0.0,0.0,-0.001
5722435481,5722435245,0.0,0.0,-0.001
5722439217,5722438990,0.0,0.0,-0.001
5722442964,5722442735,0.0,0.0,-0.001
5722449207,5722448977,0.0,0.0,-0.001
5722452959,5722452723,0.0,0.0,-0.001
5722461698,5722461462,0.0,0.0,-0.001
5722462942,5722462711,0.0,0.0,-0.001
5722472935,5722472699,0.0,0.0,-0.001
5722474188,5722473947,0.0,0.0,-0.001
5722481676,5722481441,0.0,0.0,-0.001
5722484164,5722483934,0.0,0.0,-0.001
5722487910,5722487679,0.0,0.0,-0.001
5722495408,5722495170,0.0,0.0,-0.001
5722497898,5722497667,0.0,0.0,-0.001
5722505389,5722505158,0.0,0.0,-0.001
5722509140,5722508903,0.0,0.0,-0.001
5722515378,5722515145,0.0,0.0,-0.001
5722519120,5722518890,0.0,0.0,-0.001
5722522871,5722522636,0.0,0.0,-0.001
5722531609,5722531375,0.0,0.0,-0.001
5722532864,5722532624,0.0,0.0,-0.001
5722541595,5722541362,0.0,0.0,-0.001
5722544140,5722543859,0.0,0.0,-0.001
5722550330,5722550102,0.0,0.0,-0.001
5722554085,5722553847,0.0,0.0,-0.001
5722557824,5722557592,0.0,0.0,-0.001
5722565314,5722565083,0.0,0.0,-0.001
5722567811,5722567580,0.0,0.0,-0.001
5722575339,5722575071,0.0,0.0,-0.001
5722579049,5722578817,0.0,0.0,-0.001
5722585309,5722585058,0.0,0.0,-0.001
5722589033,5722588803,0.0,0.0,-0.001
5722592782,5722592549,0.0,0.0,-0.001
5722600278,5722600040,0.0,0.0,-0.001
5722604031,5722603785,0.0,0.0,-0.001
5722611511,5722611275,0.0,0.0,-0.001
5722614008,5722613772,0.0,0.0,-0.001
5722621495,5722621263,0.0,0.0,-0.001
5722623987,5722623760,0.0,0.0,-0.001
5722627733,5722627505,0.0,0.0,-0.001
5722635226,5722634996,0.0,0.0,-0.001
5722638975,5722638741,0.0,0.0,-0.001
5722645210,5722644984,0.0,0.0,-0.001
5722648965,5722648729,0.0,0.0,-0.001
5722656462,5722656220,0.0,0.0,-0.001
5722658943,5722658716,0.0,0.0,-0.001
5722662696,5722662462,0.0,0.0,-0.001
5722671441,5722671202,0.0,0.0,-0.001
5722673932,5722673698,0.0,0.0,-0.001
5722681420,5722681189,0.0,0.0,-0.001
5722683911,5722683685,0.0,0.0,-0.001
5722691415,5722691176,0.0,0.0,-0.001
5722693916,5722693673,0.0,0.0,-0.001
5722697650,5722697418,0.0,0.0,-0.001
5722705147,5722704909,0.0,0.0,-0.001
5722708892,5722708654,0.0,0.0,-0.001
5722715126,5722714897,0.0,0.0,-0.001
5722718868,5722718642,0.0,0.0,-0.001
5722726364,5722726133,0.0,0.0,-0.001
5722728864,5722728630,0.0,0.0,-0.001
5722732609,5722732375,0.0,0.0,-0.001
5722741349,5722741114,0.0,0.0,-0.001
5722743836,5722743611,0.0,0.0,-0.001
5722751335,5722751102,0.0,0.0,-0.001
5722753823,5722753598,0.0,0.0,-0.001
5722761329,5722761089,0.0,0.0,-0.001
5722763812,5722763586,0.0,0.0,-0.001
5722767555,5722767331,0.0,0.0,-0.001
5722775052,5722774822,0.0,0.0,-0.001
5722778798,5722778567,0.0,0.0,-0.001
5722785039,5722784809,0.0,0.0,-0.001
5722788785,5722788555,0.0,0.0,-0.001
5722796305,5722796046,0.0,0.0,-0.001
5722798769,5722798542,0.0,0.0,-0.001
5722802518,5722802288,0.0,0.0,-0.001
5722811280,5722811027,0.0,0.0,-0.001
5722813752,5722813524,0.0,0.0,-0.001
5722820024,5722819766,0.0,0.0,-0.001
5722823738,5722823511,0.0,0.0,-0.001
5722831240,5722831004,0.0,0.0,-0.001
5722834987,5722834747,0.0,0.0,-0.001
5722837477,5722837244,0.0,0.0,-0.001
5722844982,5722844735,0.0,0.0,-0.001
5722848716,5722848481,0.0,0.0,-0.001
5722854952,5722854723,0.0,0.0,-0.001
5722858701,5722858468,0.0,0.0,-0.001
5722866193,5722865958,0.0,0.0,-0.001
5722871204,5722870953,0.0,0.0,-0.001
5722872434,5722872201,0.0,0.0,-0.001
5722881172,5722880940,0.0,0.0,-0.001
5722883672,5722883437,0.0,0.0,-0.001
5722891158,5722890928,0.0,0.0,-0.001
5722893654,5722893424,0.0,0.0,-0.001
5722901159,5722900915,0.0,0.0,-0.001
5722904899,5722904660,0.0,0.0,-0.001
5722907390,5722907158,0.0,0.0,-0.001
5722914874,5722914648,0.0,0.0,-0.001
5722918625,5722918394,0.0,0.0,-0.001
5722924865,5722924635,0.0,0.0,-0.001
5722928618,5722928389,0.0,0.0,-0.001
5722936103,5722935872,0.0,0.0,-0.001
5722941103,5722940866,0.0,0.0,-0.001
5722942349,5722942114,0.0,0.0,-0.001
5722951105,5722950853,0.0,0.0,-0.001
5722953577,5722953350,0.0,0.0,-0.001
5722961091,5722960841,0.0,0.0,-0.001
5722963616,5722963337,0.0,0.0,-0.001
5722971065,5722970829,0.0,0.0,-0.001
5722974804,5722974573,0.0,0.0,-0.001
5722977339,5722977070,0.0,0.0,-0.001
5722984793,5722984561,0.0,0.0,-0.001
5722988537,5722988306,0.0,0.0,-0.001
5722994815,5722994549,0.0,0.0,-0.001
5722998523,5722998294,0.0,0.0,-0.001
5723006018,5723005784,0.0,0.0,-0.001
5723009756,5723009530,0.0,0.0,-0.001
5723012280,5723012027,0.0,0.0,-0.001
5723020998,5723020766,0.0,0.0,-0.001
5723023488,5723023263,0.0,0.0,-0.001
5723030986,5723030754,0.0,0.0,-0.001
5723033479,5723033254,0.0,0.0,-0.001
5723040979,5723040741,0.0,0.0,-0.001
5723044716,5723044486,0.0,0.0,-0.001
5723048468,5723048232,0.0,0.0,-0.001
5723054706,5723054474,0.0,0.0,-0.001
5723058456,5723058220,0.0,0.0,-0.001
5723065946,5723065710,0.0,0.0,-0.001
5723068439,5723068207,0.0,0.0,-0.001
5723075931,5723075699,0.0,0.0,-0.001
5723079672,5723079443,0.0,0.0,-0.001
5723083426,5723083188,0.0,0.0,-0.001
5723090911,5723090679,0.0,0.0,-0.001
5723093406,5723093176,0.0,0.0,-0.001
5723100907,5723100667,0.0,0.0,-0.001
5723103393,5723103164,0.0,0.0,-0.001
5723110895,5723110654,0.0,0.0,-0.001
5723114625,5723114399,0.0,0.0,-0.001
5723118396,5723118145,0.0,0.0,-0.001
5723124615,5723124387,0.0,0.0,-0.001
5723128364,5723128133,0.0,0.0,-0.001
5723135858,5723135623,0.0,0.0,-0.001
5723138352,5723138120,0.0,0.0,-0.001
5723145844,5723145611,0.0,0.0,-0.001
5723150837,5723150605,0.0,0.0,-0.001
5723153334,5723153101,0.0,0.0,-0.001
5723159572,5723159343,0.0,0.0,-0.001
5723163324,5723163089,0.0,0.0,-0.001
5723170820,5723170586,0.0,0.0,-0.001
5723173309,5723173076,0.0,0.0,-0.001
5723180801,5723180567,0.0,0.0,-0.001
5723184555,5723184312,0.0,0.0,-0.001
5723188292,5723188058,0.0,0.0,-0.001
5723194532,5723194301,0.0,0.0,-0.001
5723198282,5723198045,0.0,0.0,-0.001
5723205789,5723205536,0.0,0.0,-0.001
5723208270,5723208033,0.0,0.0,-0.001
5723215760,5723215524,0.0,0.0,-0.001
5723220746,5723220517,0.0,0.0,-0.001
5723223248,5723223014,0.0,0.0,-0.001
5723229500,5723229265,0.0,0.0,-0.001
5723233247,5723233002,0.0,0.0,-0.001
5723240730,5723240493,0.0,0.0,-0.001
5723244493,5723244238,0.0,0.0,-0.001
5723250715,5723250480,0.0,0.0,-0.001
5723254466,5723254225,0.0,0.0,-0.001
5723258200,5723257971,0.0,0.0,-0.001
5723264445,5723264214,0.0,0.0,-0.001
5723268191,5723267959,0.0,0.0,-0.001
5723275677,5723275449,0.0,0.0,-0.001
5723279433,5723279194,0.0,0.0,-0.001
5723285676,5723285436,0.0,0.0,-0.001
5723290663,5723290430,0.0,0.0,-0.001
5723293160,5723292927,0.0,0.0,-0.001
5723300651,5723300418,0.0,0.0,-0.001
5723303145,5723302915,0.0,0.0,-0.001
5723310643,5723310406,0.0,0.0,-0.001
5723314382,5723314151,0.0,0.0,-0.001
5723320630,5723320393,0.0,0.0,-0.001
5723324374,5723324138,0.0,0.0,-0.001
5723328112,5723327884,0.0,0.0,-0.001
5723334358,5723334126,0.0,0.0,-0.001
5723338102,5723337871,0.0,0.0,-0.001
5723345598,5723345362,0.0,0.0,-0.001
5723350588,5723350356,0.0,0.0,-0.001
5723355585,5723355350,0.0,0.0,-0.001
5723360577,5723360343,0.0,0.0,-0.001
5723363080,5723362840,0.0,0.0,-0.001
5723370562,5723370331,0.0,0.0,-0.001
5723373062,5723372828,0.0,0.0,-0.001
5723380553,5723380319,0.0,0.0,-0.001
5723384301,5723384064,0.0,0.0,-0.001
5723390543,5723390310,0.0,0.0,-0.001
5723394300,5723394058,0.0,0.0,-0.001
5723398033,5723397796,0.0,0.0,-0.001
5723404276,5723404039,0.0,0.0,-0.001
5723408013,5723407784,0.0,0.0,-0.001
5723415502,5723415275,0.0,0.0,-0.001
5723420504,5723420269,0.0,0.0,-0.001
5723425495,5723425262,0.0,0.0,-0.001
5723430496,5723430257,0.0,0.0,-0.001
5723432981,5723432753,0.0,0.0,-0.001
5723440538,5723440246,0.0,0.0,-0.001
5723442970,5723442741,0.0,0.0,-0.001
5723450470,5723450232,0.0,0.0,-0.001
5723454208,5723453981,0.0,0.0,-0.001
5723460463,5723460226,0.0,0.0,-0.001
5723464193,5723463964,0.0,0.0,-0.001
5723467936,5723467709,0.0,0.0,-0.001
5723475437,5723475200,0.0,0.0,-0.001
5723477928,5723477697,0.0,0.0,-0.001
5723485426,5723485188,0.0,0.0,-0.001
5723489165,5723488934,0.0,0.0,-0.001
5723495406,5723495175,0.0,0.0,-0.001
5723500408,5723500176,0.0,0.0,-0.001
5723502914,5723502666,0.0,0.0,-0.001
5723510396,5723510157,0.0,0.0,-0.001
5723512891,5723512654,0.0,0.0,-0.001
5723520377,5723520144,0.0,0.0,-0.001
5723524115,5723523889,0.0,0.0,-0.001
5723530366,5723530132,0.0,0.0,-0.001
5723534119,5723533877,0.0,0.0,-0.001
5723537861,5723537623,0.0,0.0,-0.001
5723545346,5723545113,0.0,0.0,-0.001
5723547838,5723547610,0.0,0.0,-0.001
5723555339,5723555101,0.0,0.0,-0.001
5723560330,5723560095,0.0,0.0,-0.001
5723565340,5723565089,0.0,0.0,-0.001
5723570322,5723570083,0.0,0.0,-0.001
5723572805,5723572579,0.0,0.0,-0.001
5723580312,5723580070,0.0,0.0,-0.001
5723582796,5723582567,0.0,0.0,-0.001
5723590302,5723590057,0.0,0.0,-0.001
5723594047,5723593809,0.0,0.0,-0.001
5723600287,5723600045,0.0,0.0,-0.001
5723604017,5723603790,0.0,0.0,-0.001
5723607766,5723607536,0.0,0.0,-0.001
5723615265,5723615027,0.0,0.0,-0.001
5723617751,5723617523,0.0,0.0,-0.001
5723625248,5723625014,0.0,0.0,-0.001
5723630248,5723630008,0.0,0.0,-0.001
5723636488,5723636255,0.0,0.0,-0.001
5723638981,5723638747,0.0,0.0,-0.001
5723642720,5723642492,0.0,0.0,-0.001
5723650215,5723649983,0.0,0.0,-0.001
5723653964,5723653728,0.0,0.0,-0.001
5723660216,5723659970,0.0,0.0,-0.001
5723663943,5723663715,0.0,0.0,-0.001
5723671449,5723671207,0.0,0.0,-0.001
5723673946,5723673703,0.0,0.0,-0.001
5723677679,5723677449,0.0,0.0,-0.001
5723685171,5723684939,0.0,0.0,-0.001
5723690167,5723689933,0.0,0.0,-0.001
5723695163,5723694927,0.0,0.0,-0.001
5723700154,5723699921,0.0,0.0,-0.001
5723706452,5723706163,0.0,0.0,-0.001
5723708893,5723708660,0.0,0.0,-0.001
5723712633,5723712405,0.0,0.0,-0.001
5723720127,5723719896,0.0,0.0,-0.001
5723723869,5723723641,0.0,0.0,-0.001
5723730124,5723729883,0.0,0.0,-0.001
5723733860,5723733628,0.0,0.0,-0.001
5723741354,5723741120,0.0,0.0,-0.001
5723743854,5723743616,0.0,0.0,-0.001
5723747593,5723747361,0.0,0.0,-0.001
5723755092,5723754855,0.0,0.0,-0.001
5723760082,5723759846,0.0,0.0,-0.001
5723765085,5723764840,0.0,0.0,-0.001
5723770080,5723769839,0.0,0.0,-0.001
5723776318,5723776076,0.0,0.0,-0.001
5723778802,5723778573,0.0,0.0,-0.001
5723782545,5723782318,0.0,0.0,-0.001
5723790049,5723789809,0.0,0.0,-0.001
5723793786,5723793554,0.0,0.0,-0.001
5723800040,5723799797,0.0,0.0,-0.001
5723803773,5723803542,0.0,0.0,-0.001
5723811288,5723811033,0.0,0.0,-0.001
5723815009,5723814778,0.0,0.0,-0.001
5723817507,5723817275,0.0,0.0,-0.001
5723825003,5723824765,0.0,0.0,-0.001
5723828743,5723828511,0.0,0.0,-0.001
5723834984,5723834753,0.0,0.0,-0.001
5723839981,5723839747,0.0,0.0,-0.001
5723846219,5723845989,0.0,0.0,-0.001
5723849967,5723849734,0.0,0.0,-0.001
5723852472,5723852231,0.0,0.0,-0.001
5723859967,5723859722,0.0,0.0,-0.001
5723863706,5723863467,0.0,0.0,-0.001
5723869946,5723869710,0.0,0.0,-0.001
5723873687,5723873454,0.0,0.0,-0.001
5723881175,5723880945,0.0,0.0,-0.001
5723884937,5723884691,0.0,0.0,-0.001
5723887424,5723887189,0.0,0.0,-0.001
5723894920,5723894681,0.0,0.0,-0.001
5723899913,5723899672,0.0,0.0,-0.001
5723904900,5723904666,0.0,0.0,-0.001
5723909912,5723909660,0.0,0.0,-0.001
5723916130,5723915902,0.0,0.0,-0.001
5723919896,5723919653,0.0,0.0,-0.001
5723922380,5723922145,0.0,0.0,-0.001
5723929876,5723929635,0.0,0.0,-0.001
5723933612,5723933380,0.0,0.0,-0.001
5723939852,5723939623,0.0,0.0,-0.001
5723943604,5723943368,0.0,0.0,-0.001
5723951099,5723950858,0.0,0.0,-0.001
5723954832,5723954603,0.0,0.0,-0.001
5723957334,5723957101,0.0,0.0,-0.001
5723964855,5723964592,0.0,0.0,-0.001
5723969830,5723969585,0.0,0.0,-0.001
5723974818,5723974579,0.0,0.0,-0.001
5723978559,5723978326,0.0,0.0,-0.001
5723986055,5723985815,0.0,0.0,-0.001
5723989798,5723989565,0.0,0.0,-0.001
5723992291,5723992060,0.0,0.0,-0.001
5723999783,5723999548,0.0,0.0,-0.001
5724003525,5724003293,0.0,0.0,-0.001
5724011014,5724010784,0.0,0.0,-0.001
5724013513,5724013281,0.0,0.0,-0.001
5724021003,5724020772,0.0,0.0,-0.001
5724024749,5724024517,0.0,0.0,-0.001
5724028496,5724028264,0.0,0.0,-0.001
5724034743,5724034504,0.0,0.0,-0.001
5724039729,5724039498,0.0,0.0,-0.001
5724045967,5724045740,0.0,0.0,-0.001
5724049721,5724049486,0.0,0.0,-0.001
5724055958,5724055728,0.0,0.0,-0.001
5724059707,5724059474,0.0,0.0,-0.001
5724063488,5724063219,0.0,0.0,-0.001
5724069696,5724069461,0.0,0.0,-0.001
5724073433,5724073206,0.0,0.0,-0.001
5724080933,5724080697,0.0,0.0,-0.001
5724083426,5724083194,0.0,0.0,-0.001
5724090919,5724090684,0.0,0.0,-0.001
5724094689,5724094430,0.0,0.0,-0.001
5724099663,5724099424,0.0,0.0,-0.001
5724104647,5724104417,0.0,0.0,-0.001
5724109641,5724109411,0.0,0.0,-0.001
5724115886,5724115653,0.0,0.0,-0.001
5724118384,5724118150,0.0,0.0,-0.001
5724125864,5724125641,0.0,0.0,-0.001
5724129632,5724129395,0.0,0.0,-0.001
5724133369,5724133132,0.0,0.0,-0.001
5724139610,5724139374,0.0,0.0,-0.001
5724143354,5724143119,0.0,0.0,-0.001
5724150843,5724150610,0.0,0.0,-0.001
5724153338,5724153107,0.0,0.0,-0.001
5724160841,5724160597,0.0,0.0,-0.001
5724164576,5724164343,0.0,0.0,-0.001
5724169575,5724169337,0.0,0.0,-0.001
5724174562,5724174330,0.0,0.0,-0.001
5724179558,5724179324,0.0,0.0,-0.001
5724185795,5724185566,0.0,0.0,-0.001
5724189546,5724189311,0.0,0.0,-0.001
5724195781,5724195554,0.0,0.0,-0.001
5724199532,5724199300,0.0,0.0,-0.001
5724203283,5724203045,0.0,0.0,-0.001
5724209521,5724209287,0.0,0.0,-0.001
5724213276,5724213032,0.0,0.0,-0.001
5724220754,5724220523,0.0,0.0,-0.001
5724223260,5724223019,0.0,0.0,-0.001
5724230744,5724230510,0.0,0.0,-0.001
5724234497,5724234256,0.0,0.0,-0.001
5724239487,5724239250,0.0,0.0,-0.001
5724244502,5724244243,0.0,0.0,-0.001
5724249488,5724249246,0.0,0.0,-0.001
5724255705,5724255479,0.0,0.0,-0.001
5724259464,5724259225,0.0,0.0,-0.001
5724265694,5724265467,0.0,0.0,-0.001
5724269448,5724269212,0.0,0.0,-0.001
5724273187,5724272957,0.0,0.0,-0.001
5724279437,5724279200,0.0,0.0,-0.001
5724283178,5724282945,0.0,0.0,-0.001
5724290672,5724290436,0.0,0.0,-0.001
5724294430,5724294185,0.0,0.0,-0.001
5724300656,5724300424,0.0,0.0,-0.001
5724304404,5724304169,0.0,0.0,-0.001
5724308144,5724307914,0.0,0.0,-0.001
5724314386,5724314156,0.0,0.0,-0.001
5724319381,5724319150,0.0,0.0,-0.001
5724325619,5724325392,0.0,0.0,-0.001
5724329415,5724329139,0.0,0.0,-0.001
5724335610,5724335380,0.0,0.0,-0.001
5724339362,5724339125,0.0,0.0,-0.001
5724343100,5724342870,0.0,0.0,-0.001
5724349348,5724349113,0.0,0.0,-0.001
5724353100,5724352858,0.0,0.0,-0.001
5724360605,5724360349,0.0,0.0,-0.001
5724364329,5724364094,0.0,0.0,-0.001
5724370567,5724370336,0.0,0.0,-0.001
5724374317,5724374082,0.0,0.0,-0.001
5724379317,5724379076,0.0,0.0,-0.001
5724384321,5724384070,0.0,0.0,-0.001
5724389302,5724389063,0.0,0.0,-0.001
5724395551,5724395305,0.0,0.0,-0.001
5724399296,5724399051,0.0,0.0,-0.001
5724405533,5724405293,0.0,0.0,-0.001
5724409277,5724409038,0.0,0.0,-0.001
5724413018,5724412783,0.0,0.0,-0.001
5724420508,5724420274,0.0,0.0,-0.001
5724423001,5724422774,0.0,0.0,-0.001
5724430522,5724430289,0.0,0.0,-0.001
5724434259,5724434008,0.0,0.0,-0.001
5724437986,5724437753,0.0,0.0,-0.001
5724444235,5724443995,0.0,0.0,-0.001
5724449223,5724448989,0.0,0.0,-0.001
5724455473,5724455231,0.0,0.0,-0.001
5724459230,5724458985,0.0,0.0,-0.001
5724465451,5724465218,0.0,0.0,-0.001
5724469197,5724468964,0.0,0.0,-0.001
5724472957,5724472709,0.0,0.0,-0.001
5724479190,5724478952,0.0,0.0,-0.001
5724482929,5724482697,0.0,0.0,-0.001
5724490432,5724490188,0.0,0.0,-0.001
5724492920,5724492684,0.0,0.0,-0.001
5724500401,5724500175,0.0,0.0,-0.001
5724504163,5724503920,0.0,0.0,-0.001
5724509181,5724508914,0.0,0.0,-0.001
5724514140,5724513908,0.0,0.0,-0.001
5724519142,5724518902,0.0,0.0,-0.001
5724525377,5724525143,0.0,0.0,-0.001
5724529130,5724528897,0.0,0.0,-0.001
5724535359,5724535131,0.0,0.0,-0.001
5724539109,5724538877,0.0,0.0,-0.001
5724542854,5724542622,0.0,0.0,-0.001
5724549101,5724548864,0.0,0.0,-0.001
5724552843,5724552610,0.0,0.0,-0.001
5724560333,5724560100,0.0,0.0,-0.001
5724562832,5724562597,0.0,0.0,-0.001
5724570324,5724570088,0.0,0.0,-0.001
5724574074,5724573833,0.0,0.0,-0.001
5724579067,5724578827,0.0,0.0,-0.001
5724584066,5724583821,0.0,0.0,-0.001
5724587796,5724587566,0.0,0.0,-0.001
5724595358,5724595060,0.0,0.0,-0.001
5724599037,5724598802,0.0,0.0,-0.001
5724605279,5724605044,0.0,0.0,-0.001
5724609036,5724608790,0.0,0.0,-0.001
5724615284,5724615032,0.0,0.0,-0.001
5724619011,5724618777,0.0,0.0,-0.001
5724622755,5724622522,0.0,0.0,-0.001
5724630266,5724630013,0.0,0.0,-0.001
5724633997,5724633759,0.0,0.0,-0.001
5724640233,5724640001,0.0,0.0,-0.001
5724643977,5724643746,0.0,0.0,-0.001
5724648982,5724648740,0.0,0.0,-0.001
5724653979,5724653734,0.0,0.0,-0.001
5724658963,5724658728,0.0,0.0,-0.001
5724665202,5724664970,0.0,0.0,-0.001
5724668975,5724668720,0.0,0.0,-0.001
5724675193,5724674957,0.0,0.0,-0.001
5724678936,5724678703,0.0,0.0,-0.001
5724686437,5724686195,0.0,0.0,-0.001
5724688949,5724688690,0.0,0.0,-0.001
5724692669,5724692436,0.0,0.0,-0.001
5724700159,5724699926,0.0,0.0,-0.001
5724703911,5724703672,0.0,0.0,-0.001
5724710146,5724709915,0.0,0.0,-0.001
5724713896,5724713659,0.0,0.0,-0.001
5724717635,5724717404,0.0,0.0,-0.001
5724723877,5724723646,0.0,0.0,-0.001
5724728880,5724728643,0.0,0.0,-0.001
5724735114,5724734883,0.0,0.0,-0.001
5724738862,5724738628,0.0,0.0,-0.001
5724745101,5724744870,0.0,0.0,-0.001
5724748852,5724748620,0.0,0.0,-0.001
5724756345,5724756107,0.0,0.0,-0.001
5724758840,5724758603,0.0,0.0,-0.001
5724762585,5724762349,0.0,0.0,-0.001
5724770084,5724769839,0.0,0.0,-0.001
5724773823,5724773585,0.0,0.0,-0.001
5724780117,5724779832,0.0,0.0,-0.001
5724783804,5724783575,0.0,0.0,-0.001
5724788807,5724788567,0.0,0.0,-0.001
5724793798,5724793560,0.0,0.0,-0.001
5724798790,5724798554,0.0,0.0,-0.001
5724805027,5724804796,0.0,0.0,-0.001
5724808773,5724808541,0.0,0.0,-0.001
5724815025,5724814783,0.0,0.0,-0.001
5724818771,5724818529,0.0,0.0,-0.001
5724826270,5724826019,0.0,0.0,-0.001
5724830003,5724829766,0.0,0.0,-0.001
5724832556,5724832262,0.0,0.0,-0.001
5724840038,5724839753,0.0,0.0,-0.001
5724843732,5724843498,0.0,0.0,-0.001
5724849970,5724849740,0.0,0.0,-0.001
5724853719,5724853485,0.0,0.0,-0.001
5724858712,5724858479,0.0,0.0,-0.001
5724864964,5724864721,0.0,0.0,-0.001
5724868708,5724868467,0.0,0.0,-0.001
5724874937,5724874708,0.0,0.0,-0.001
5724878696,5724878454,0.0,0.0,-0.001
5724884985,5724884696,0.0,0.0,-0.001
5724888675,5724888442,0.0,0.0,-0.001
5724896164,5724895932,0.0,0.0,-0.001
5724899970,5724899678,0.0,0.0,-0.001
5724902409,5724902175,0.0,0.0,-0.001
5724909903,5724909666,0.0,0.0,-0.001
5724913644,5724913411,0.0,0.0,-0.001
5724918636,5724918404,0.0,0.0,-0.001
5724923690,5724923400,0.0,0.0,-0.001
5724928622,5724928392,0.0,0.0,-0.001
5724934870,5724934634,0.0,0.0,-0.001
5724938622,5724938380,0.0,0.0,-0.001
5724944904,5724944622,0.0,0.0,-0.001
5724948600,5724948367,0.0,0.0,-0.001
5724954879,5724954609,0.0,0.0,-0.001
5724958591,5724958355,0.0,0.0,-0.001
5724966075,5724965845,0.0,0.0,-0.001
5724969823,5724969592,0.0,0.0,-0.001
5724972318,5724972090,0.0,0.0,-0.001
5724979809,5724979578,0.0,0.0,-0.001
5724983564,5724983324,0.0,0.0,-0.001
5724988550,5724988317,0.0,0.0,-0.001
5724993547,5724993311,0.0,0.0,-0.001
5724997337,5724997056,0.0,0.0,-0.001
5725004817,5725004547,0.0,0.0,-0.001
5725008522,5725008292,0.0,0.0,-0.001
5725014761,5725014535,0.0,0.0,-0.001
5725018517,5725018280,0.0,0.0,-0.001
5725024747,5725024522,0.0,0.0,-0.001
5725028508,5725028268,0.0,0.0,-0.001
5725035998,5725035758,0.0,0.0,-0.001
5725039738,5725039505,0.0,0.0,-0.001
5725043493,5725043249,0.0,0.0,-0.001
5725049765,5725049491,0.0,0.0,-0.001
5725053494,5725053237,0.0,0.0,-0.001
5725058476,5725058231,0.0,0.0,-0.001
5725063470,5725063224,0.0,0.0,-0.001
5725068451,5725068218,0.0,0.0,-0.001
5725074689,5725074460,0.0,0.0,-0.001
5725078444,5725078205,0.0,0.0,-0.001
5725084674,5725084447,0.0,0.0,-0.001
5725088432,5725088194,0.0,0.0,-0.001
5725095925,5725095683,0.0,0.0,-0.001
5725098425,5725098181,0.0,0.0,-0.001
5725105910,5725105671,0.0,0.0,-0.001
5725109684,5725109417,0.0,0.0,-0.001
5725113402,5725113162,0.0,0.0,-0.001
5725119642,5725119409,0.0,0.0,-0.001
5725123377,5725123149,0.0,0.0,-0.001
5725128386,5725128144,0.0,0.0,-0.001
5725133380,5725133137,0.0,0.0,-0.001
5725138364,5725138131,0.0,0.0,-0.001
5725144603,5725144373,0.0,0.0,-0.001
5725148354,5725148119,0.0,0.0,-0.001
5725154621,5725154361,0.0,0.0,-0.001
5725158340,5725158106,0.0,0.0,-0.001
5725165824,5725165596,0.0,0.0,-0.001
5725168325,5725168094,0.0,0.0,-0.001
5725175814,5725175584,0.0,0.0,-0.001
5725179566,5725179330,0.0,0.0,-0.001
5725183314,5725183075,0.0,0.0,-0.001
5725189550,5725189317,0.0,0.0,-0.001
5725193306,5725193063,0.0,0.0,-0.001
5725198294,5725198056,0.0,0.0,-0.001
5725203292,5725203050,0.0,0.0,-0.001
5725208287,5725208044,0.0,0.0,-0.001
5725214547,5725214286,0.0,0.0,-0.001
5725218271,5725218032,0.0,0.0,-0.001
5725224506,5725224274,0.0,0.0,-0.001
5725228258,5725228019,0.0,0.0,-0.001
5725235744,5725235509,0.0,0.0,-0.001
5725239485,5725239255,0.0,0.0,-0.001
5725245736,5725245498,0.0,0.0,-0.001
5725249484,5725249243,0.0,0.0,-0.001
5725253225,5725252988,0.0,0.0,-0.001
5725258218,5725257982,0.0,0.0,-0.001
5725263213,5725262976,0.0,0.0,-0.001
5725270695,5725270466,0.0,0.0,-0.001
5725274474,5725274212,0.0,0.0,-0.001
5725278192,5725277957,0.0,0.0,-0.001
5725284429,5725284199,0.0,0.0,-0.001
5725288171,5725287945,0.0,0.0,-0.001
5725294417,5725294187,0.0,0.0,-0.001
5725298171,5725297932,0.0,0.0,-0.001
5725305657,5725305424,0.0,0.0,-0.001
5725309410,5725309169,0.0,0.0,-0.001
5725315648,5725315410,0.0,0.0,-0.001
5725319426,5725319156,0.0,0.0,-0.001
5725323136,5725322901,0.0,0.0,-0.001
5725328127,5725327895,0.0,0.0,-0.001
5725333131,5725332889,0.0,0.0,-0.001
5725340609,5725340379,0.0,0.0,-0.001
5725344359,5725344124,0.0,0.0,-0.001
5725348110,5725347870,0.0,0.0,-0.001
5725354344,5725354112,0.0,0.0,-0.001
5725358099,5725357858,0.0,0.0,-0.001
5725364346,5725364100,0.0,0.0,-0.001
5725368083,5725367845,0.0,0.0,-0.001
5725375572,5725375336,0.0,0.0,-0.001
5725379335,5725379081,0.0,0.0,-0.001
5725385556,5725385323,0.0,0.0,-0.001
5725389305,5725389069,0.0,0.0,-0.001
5725393047,5725392814,0.0,0.0,-0.001
5725399301,5725399057,0.0,0.0,-0.001
5725403036,5725402802,0.0,0.0,-0.001
5725408034,5725407795,0.0,0.0,-0.001
5725414284,5725414038,0.0,0.0,-0.001
5725418027,5725417783,0.0,0.0,-0.001
5725424273,5725424026,0.0,0.0,-0.001
5725428005,5725427771,0.0,0.0,-0.001
5725434243,5725434012,0.0,0.0,-0.001
5725437994,5725437758,0.0,0.0,-0.001
5725445485,5725445249,0.0,0.0,-0.001
5725449229,5725448994,0.0,0.0,-0.001
5725455494,5725455237,0.0,0.0,-0.001
5725459213,5725458982,0.0,0.0,-0.001
5725462963,5725462727,0.0,0.0,-0.001
5725467949,5725467721,0.0,0.0,-0.001
5725472957,5725472715,0.0,0.0,-0.001
5725480431,5725480205,0.0,0.0,-0.001
5725484203,5725483951,0.0,0.0,-0.001
5725487941,5725487696,0.0,0.0,-0.001
5725494167,5725493938,0.0,0.0,-0.001
5725497917,5725497684,0.0,0.0,-0.001
5725505415,5725505174,0.0,0.0,-0.001
5725507911,5725507671,0.0,0.0,-0.001
5725515399,5725515162,0.0,0.0,-0.001
5725519139,5725518907,0.0,0.0,-0.001
5725525384,5725525151,0.0,0.0,-0.001
5725529152,5725528895,0.0,0.0,-0.001
5725532871,5725532640,0.0,0.0,-0.001
5725537874,5725537634,0.0,0.0,-0.001
5725542860,5725542627,0.0,0.0,-0.001
5725550345,5725550118,0.0,0.0,-0.001
5725554096,5725553863,0.0,0.0,-0.001
5725560335,5725560106,0.0,0.0,-0.001
5725564087,5725563851,0.0,0.0,-0.001
5725567831,5725567597,0.0,0.0,-0.001
5725575319,5725575087,0.0,0.0,-0.001
5725577859,5725577584,0.0,0.0,-0.001
5725585325,5725585075,0.0,0.0,-0.001
5725589060,5725588820,0.0,0.0,-0.001
5725595320,5725595062,0.0,0.0,-0.001
5725599045,5725598808,0.0,0.0,-0.001
5725602786,5725602553,0.0,0.0,-0.001
5725609055,5725608795,0.0,0.0,-0.001
5725612779,5725612541,0.0,0.0,-0.001
5725617766,5725617534,0.0,0.0,-0.001
5725624004,5725623777,0.0,0.0,-0.001
5725631498,5725631267,0.0,0.0,-0.001
5725634006,5725633765,0.0,0.0,-0.001
5725637742,5725637509,0.0,0.0,-0.001
5725645234,5725645000,0.0,0.0,-0.001
5725648988,5725648745,0.0,0.0,-0.001
5725655219,5725654988,0.0,0.0,-0.001
5725658964,5725658733,0.0,0.0,-0.001
5725667705,5725667472,0.0,0.0,-0.001
5725668968,5725668721,0.0,0.0,-0.001
5725672700,5725672466,0.0,0.0,-0.001
5725680187,5725679956,0.0,0.0,-0.001
5725683935,5725683702,0.0,0.0,-0.001
5725690175,5725689944,0.0,0.0,-0.001
5725693920,5725693689,0.0,0.0,-0.001
5725701422,5725701180,0.0,0.0,-0.001
5725703905,5725703677,0.0,0.0,-0.001
5725707654,5725707422,0.0,0.0,-0.001
5725715142,5725714913,0.0,0.0,-0.001
5725718897,5725718658,0.0,0.0,-0.001
5725725136,5725724900,0.0,0.0,-0.001
5725728879,5725728646,0.0,0.0,-0.001
5725737617,5725737385,0.0,0.0,-0.001
5725738859,5725738634,0.0,0.0,-0.001
5725742613,5725742379,0.0,0.0,-0.001
5725750100,5725749869,0.0,0.0,-0.001
5725753852,5725753615,0.0,0.0,-0.001
5725757620,5725757360,0.0,0.0,-0.001
5725763851,5725763603,0.0,0.0,-0.001
5725771338,5725771093,0.0,0.0,-0.001
5725773820,5725773590,0.0,0.0,-0.001
5725777580,5725777335,0.0,0.0,-0.001
5725785062,5725784826,0.0,0.0,-0.001
5725788808,5725788571,0.0,0.0,-0.001
5725795060,5725794814,0.0,0.0,-0.001
5725798809,5725798563,0.0,0.0,-0.001
5725807533,5725807298,0.0,0.0,-0.001
5725808780,5725808547,0.0,0.0,-0.001
5725812583,5725812295,0.0,0.0,-0.001
5725820025,5725819782,0.0,0.0,-0.001
5725823757,5725823528,0.0,0.0,-0.001
5725828749,5725828522,0.0,0.0,-0.001
5725833741,5725833515,0.0,0.0,-0.001
5725841244,5725841006,0.0,0.0,-0.001
5725844990,5725844751,0.0,0.0,-0.001
5725847488,5725847249,0.0,0.0,-0.001
5725854966,5725854739,0.0,0.0,-0.001
5725858711,5725858484,0.0,0.0,-0.001
5725864960,5725864726,0.0,0.0,-0.001
5725868704,5725868472,0.0,0.0,-0.001
5725876205,5725875967,0.0,0.0,-0.001
5725879944,5725879708,0.0,0.0,-0.001
5725882436,5725882205,0.0,0.0,-0.001
5725889924,5725889696,0.0,0.0,-0.001
5725893670,5725893441,0.0,0.0,-0.001
5725899917,5725899683,0.0,0.0,-0.001
5725903657,5725903429,0.0,0.0,-0.001
5725908652,5725908423,0.0,0.0,-0.001
5725914905,5725914664,0.0,0.0,-0.001
5725917394,5725917162,0.0,0.0,-0.001
5725924886,5725924652,0.0,0.0,-0.001
5725928640,5725928402,0.0,0.0,-0.001
5725934865,5725934639,0.0,0.0,-0.001
5725938622,5725938385,0.0,0.0,-0.001
5725947361,5725947124,0.0,0.0,-0.001
5725949846,5725949621,0.0,0.0,-0.001
5725952351,5725952118,0.0,0.0,-0.001
5725959834,5725959608,0.0,0.0,-0.001
5725963582,5725963354,0.0,0.0,-0.001
5725969829,5725969596,0.0,0.0,-0.001
5725973570,5725973341,0.0,0.0,-0.001
5725981062,5725980832,0.0,0.0,-0.001
5725984801,5725984577,0.0,0.0,-0.001
5725987326,5725987074,0.0,0.0,-0.001
5725994793,5725994565,0.0,0.0,-0.001
5725998544,5725998311,0.0,0.0,-0.001
5726004780,5726004553,0.0,0.0,-0.001
5726008528,5726008298,0.0,0.0,-0.001
5726017279,5726017037,0.0,0.0,-0.001
5726019762,5726019534,0.0,0.0,-0.001
5726022271,5726022036,0.0,0.0,-0.001
5726029750,5726029521,0.0,0.0,-0.001
5726033512,5726033268,0.0,0.0,-0.001
5726040992,5726040758,0.0,0.0,-0.001
5726043484,5726043255,0.0,0.0,-0.001
5726050976,5726050745,0.0,0.0,-0.001
5726054745,5726054491,0.0,0.0,-0.001
5726058473,5726058236,0.0,0.0,-0.001
5726064717,5726064478,0.0,0.0,-0.001
5726068454,5726068224,0.0,0.0,-0.001
5726075951,5726075714,0.0,0.0,-0.001
5726078446,5726078211,0.0,0.0,-0.001
5726087188,5726086950,0.0,0.0,-0.001
5726089674,5726089447,0.0,0.0,-0.001
5726093428,5726093192,0.0,0.0,-0.001
5726099663,5726099435,0.0,0.0,-0.001
5726103413,5726103180,0.0,0.0,-0.001
5726110908,5726110670,0.0,0.0,-0.001
5726113398,5726113168,0.0,0.0,-0.001
5726120885,5726120658,0.0,0.0,-0.001
5726124629,5726124404,0.0,0.0,-0.001
5726128379,5726128149,0.0,0.0,-0.001
5726134622,5726134391,0.0,0.0,-0.001
5726138373,5726138141,0.0,0.0,-0.001
5726147106,5726146876,0.0,0.0,-0.001
5726148352,5726148125,0.0,0.0,-0.001
5726157097,5726156863,0.0,0.0,-0.001
5726159593,5726159360,0.0,0.0,-0.001
5726163343,5726163105,0.0,0.0,-0.001
5726169584,5726169347,0.0,0.0,-0.001
5726173328,5726173093,0.0,0.0,-0.001
5726180813,5726180584,0.0,0.0,-0.001
5726183317,5726183081,0.0,0.0,-0.001
5726190802,5726190571,0.0,0.0,-0.001
5726194555,5726194317,0.0,0.0,-0.001
5726198303,5726198062,0.0,0.0,-0.001
5726204538,5726204304,0.0,0.0,-0.001
5726208287,5726208049,0.0,0.0,-0.001
5726217028,5726216789,0.0,0.0,-0.001
5726218269,5726218037,0.0,0.0,-0.001
5726227011,5726226776,0.0,0.0,-0.001
5726229502,5726229273,0.0,0.0,-0.001
5726233257,5726233018,0.0,0.0,-0.001
5726239487,5726239260,0.0,0.0,-0.001
5726243243,5726243006,0.0,0.0,-0.001
5726250722,5726250496,0.0,0.0,-0.001
5726254493,5726254242,0.0,0.0,-0.001
5726260716,5726260484,0.0,0.0,-0.001
5726264465,5726264230,0.0,0.0,-0.001
5726268206,5726267975,0.0,0.0,-0.001
5726274449,5726274217,0.0,0.0,-0.001
5726278198,5726277965,0.0,0.0,-0.001
5726286940,5726286702,0.0,0.0,-0.001
5726289438,5726289198,0.0,0.0,-0.001
5726295684,5726295441,0.0,0.0,-0.001
5726299417,5726299186,0.0,0.0,-0.001
5726303175,5726302931,0.0,0.0,-0.001
5726309402,5726309174,0.0,0.0,-0.001
5726313150,5726312921,0.0,0.0,-0.001
5726320640,5726320410,0.0,0.0,-0.001
5726324397,5726324155,0.0,0.0,-0.001
5726330626,5726330398,0.0,0.0,-0.001
5726334376,5726334143,0.0,0.0,-0.001
5726338119,5726337888,0.0,0.0,-0.001
5726344369,5726344130,0.0,0.0,-0.001
5726348108,5726347876,0.0,0.0,-0.001
5726356853,5726356615,0.0,0.0,-0.001
5726359344,5726359115,0.0,0.0,-0.001
5726366837,5726366602,0.0,0.0,-0.001
5726369335,5726369099,0.0,0.0,-0.001
5726373074,5726372844,0.0,0.0,-0.001
5726379333,5726379087,0.0,0.0,-0.001
5726383063,5726382832,0.0,0.0,-0.001
5726390560,5726390323,0.0,0.0,-0.001
5726394327,5726394068,0.0,0.0,-0.001
5726400553,5726400310,0.0,0.0,-0.001
5726404292,5726404056,0.0,0.0,-0.001
5726408039,5726407801,0.0,0.0,-0.001
5726414287,5726414043,0.0,0.0,-0.001
5726418024,5726417790,0.0,0.0,-0.001
5726426756,5726426527,0.0,0.0,-0.001
5726429262,5726429025,0.0,0.0,-0.001
5726435504,5726435267,0.0,0.0,-0.001
5726439246,5726439012,0.0,0.0,-0.001
5726443026,5726442757,0.0,0.0,-0.001
5726449229,5726448999,0.0,0.0,-0.001
5726452988,5726452745,0.0,0.0,-0.001
5726460479,5726460235,0.0,0.0,-0.001
5726464211,5726463981,0.0,0.0,-0.001
5726470464,5726470223,0.0,0.0,-0.001
5726474230,5726473969,0.0,0.0,-0.001
5726477944,5726477714,0.0,0.0,-0.001
5726486686,5726486453,0.0,0.0,-0.001
5726487932,5726487702,0.0,0.0,-0.001
5726496671,5726496440,0.0,0.0,-0.001
5726499197,5726498938,0.0,0.0,-0.001
5726506665,5726506428,0.0,0.0,-0.001
5726509154,5726508926,0.0,0.0,-0.001
5726512903,5726512671,0.0,0.0,-0.001
5726520410,5726520161,0.0,0.0,-0.001
5726522890,5726522658,0.0,0.0,-0.001
5726530381,5726530149,0.0,0.0,-0.001
5726534134,5726533894,0.0,0.0,-0.001
5726540366,5726540137,0.0,0.0,-0.001
5726544113,5726543882,0.0,0.0,-0.001
5726547853,5726547627,0.0,0.0,-0.001
5726556602,5726556366,0.0,0.0,-0.001
5726557849,5726557614,0.0,0.0,-0.001
5726566588,5726566354,0.0,0.0,-0.001
5726569096,5726568850,0.0,0.0,-0.001
5726576573,5726576341,0.0,0.0,-0.001
5726579082,5726578838,0.0,0.0,-0.001
5726582809,5726582583,0.0,0.0,-0.001
5726590315,5726590074,0.0,0.0,-0.001
5726592801,5726592571,0.0,0.0,-0.001
5726600295,5726600062,0.0,0.0,-0.001
5726604038,5726603807,0.0,0.0,-0.001
5726610303,5726610049,0.0,0.0,-0.001
5726614029,5726613794,0.0,0.0,-0.001
5726617771,5726617540,0.0,0.0,-0.001
5726626514,5726626279,0.0,0.0,-0.001
5726629012,5726628776,0.0,0.0,-0.001
5726636503,5726636266,0.0,0.0,-0.001
5726638992,5726638763,0.0,0.0,-0.001
5726646489,5726646254,0.0,0.0,-0.001
5726648982,5726648751,0.0,0.0,-0.001
5726652725,5726652497,0.0,0.0,-0.001
5726660230,5726659987,0.0,0.0,-0.001
5726663965,5726663732,0.0,0.0,-0.001
5726670206,5726669974,0.0,0.0,-0.001
5726673953,5726673720,0.0,0.0,-0.001
5726681455,5726681211,0.0,0.0,-0.001
5726683932,5726683707,0.0,0.0,-0.001
5726687685,5726687453,0.0,0.0,-0.001
5726695172,5726694943,0.0,0.0,-0.001
5726698936,5726698689,0.0,0.0,-0.001
5726706412,5726706180,0.0,0.0,-0.001
5726708907,5726708676,0.0,0.0,-0.001
5726716414,5726716167,0.0,0.0,-0.001
5726718902,5726718664,0.0,0.0,-0.001
5726722641,5726722409,0.0,0.0,-0.001
5726730128,5726729900,0.0,0.0,-0.001
5726733875,5726733645,0.0,0.0,-0.001
5726740168,5726739888,0.0,0.0,-0.001
5726743856,5726743633,0.0,0.0,-0.001
5726751358,5726751124,0.0,0.0,-0.001
5726753850,5726753620,0.0,0.0,-0.001
5726757598,5726757366,0.0,0.0,-0.001
5726766342,5726766105,0.0,0.0,-0.001
5726768830,5726768602,0.0,0.0,-0.001
5726775077,5726774844,0.0,0.0,-0.001
5726778817,5726778589,0.0,0.0,-0.001
5726786323,5726786081,0.0,0.0,-0.001
5726788805,5726788577,0.0,0.0,-0.001
5726792549,5726792322,0.0,0.0,-0.001
5726800051,5726799813,0.0,0.0,-0.001
5726803788,5726803558,0.0,0.0,-0.001
5726810049,5726809801,0.0,0.0,-0.001
5726813776,5726813546,0.0,0.0,-0.001
5726821282,5726821037,0.0,0.0,-0.001
5726825009,5726824782,0.0,0.0,-0.001
5726827509,5726827279,0.0,0.0,-0.001
5726836271,5726836018,0.0,0.0,-0.001
5726838741,5726838515,0.0,0.0,-0.001
5726846243,5726846006,0.0,0.0,-0.001
5726848726,5726848502,0.0,0.0,-0.001
5726856226,5726855993,0.0,0.0,-0.001
5726859969,5726859738,0.0,0.0,-0.001
5726862474,5726862235,0.0,0.0,-0.001
5726869954,5726869726,0.0,0.0,-0.001
5726873703,5726873471,0.0,0.0,-0.001
5726879941,5726879714,0.0,0.0,-0.001
5726883683,5726883459,0.0,0.0,-0.001
5726891184,5726890950,0.0,0.0,-0.001
5726896188,5726895946,0.0,0.0,-0.001
5726897433,5726897192,0.0,0.0,-0.001
5726906167,5726905931,0.0,0.0,-0.001
5726908657,5726908428,0.0,0.0,-0.001
5726916151,5726915919,0.0,0.0,-0.001
5726918642,5726918415,0.0,0.0,-0.001
5726926137,5726925906,0.0,0.0,-0.001
5726929892,5726929652,0.0,0.0,-0.001
5726932377,5726932148,0.0,0.0,-0.001
5726939869,5726939639,0.0,0.0,-0.001
5726943615,5726943384,0.0,0.0,-0.001
5726949855,5726949628,0.0,0.0,-0.001
5726953603,5726953372,0.0,0.0,-0.001
5726961100,5726960863,0.0,0.0,-0.001
5726966094,5726965857,0.0,0.0,-0.001
5726967339,5726967105,0.0,0.0,-0.001
5726974820,5726974596,0.0,0.0,-0.001
5726978569,5726978341,0.0,0.0,-0.001
5726986071,5726985832,0.0,0.0,-0.001
5726988554,5726988328,0.0,0.0,-0.001
5726996058,5726995821,0.0,0.0,-0.001
5726999795,5726999564,0.0,0.0,-0.001
5727002307,5727002061,0.0,0.0,-0.001
5727009787,5727009552,0.0,0.0,-0.001
5727013589,5727013302,0.0,0.0,-0.001
5727019771,5727019540,0.0,0.0,-0.001
5727023520,5727023285,0.0,0.0,-0.001
5727031015,5727030776,0.0,0.0,-0.001
5727036003,5727035770,0.0,0.0,-0.001
5727038497,5727038266,0.0,0.0,-0.001
5727046000,5727045757,0.0,0.0,-0.001
5727048482,5727048255,0.0,0.0,-0.001
5727056000,5727055749,0.0,0.0,-0.001
5727058473,5727058241,0.0,0.0,-0.001
5727065966,5727065732,0.0,0.0,-0.001
5727069711,5727069478,0.0,0.0,-0.001
5727073466,5727073223,0.0,0.0,-0.001
5727079699,5727079468,0.0,0.0,-0.001
5727083440,5727083211,0.0,0.0,-0.001
5727090946,5727090701,0.0,0.0,-0.001
5727093431,5727093198,0.0,0.0,-0.001
5727100932,5727100688,0.0,0.0,-0.001
5727104673,5727104434,0.0,0.0,-0.001
5727108420,5727108179,0.0,0.0,-0.001
5727115910,5727115670,0.0,0.0,-0.001
5727118398,5727118167,0.0,0.0,-0.001
5727125902,5727125658,0.0,0.0,-0.001
5727128383,5727128154,0.0,0.0,-0.001
5727135885,5727135645,0.0,0.0,-0.001
5727139636,5727139391,0.0,0.0,-0.001
5727143367,5727143136,0.0,0.0,-0.001
5727149610,5727149378,0.0,0.0,-0.001
5727153354,5727153124,0.0,0.0,-0.001
5727160879,5727160616,0.0,0.0,-0.001
5727163348,5727163111,0.0,0.0,-0.001
5727170837,5727170602,0.0,0.0,-0.001
5727175826,5727175595,0.0,0.0,-0.001
5727178326,5727178092,0.0,0.0,-0.001
5727185819,5727185583,0.0,0.0,-0.001
5727188322,5727188080,0.0,0.0,-0.001
5727195804,5727195571,0.0,0.0,-0.001
5727198297,5727198067,0.0,0.0,-0.001
5727205791,5727205558,0.0,0.0,-0.001
5727209538,5727209303,0.0,0.0,-0.001
5727213286,5727213049,0.0,0.0,-0.001
5727219524,5727219293,0.0,0.0,-0.001
5727223290,5727223040,0.0,0.0,-0.001
5727230761,5727230527,0.0,0.0,-0.001
5727235757,5727235521,0.0,0.0,-0.001
5727240747,5727240514,0.0,0.0,-0.001
5727245739,5727245508,0.0,0.0,-0.001
5727248244,5727248010,0.0,0.0,-0.001
5727255777,5727255496,0.0,0.0,-0.001
5727258219,5727257993,0.0,0.0,-0.001
5727265720,5727265484,0.0,0.0,-0.001
5727269476,5727269229,0.0,0.0,-0.001
5727275703,5727275471,0.0,0.0,-0.001
5727279449,5727279217,0.0,0.0,-0.001
5727283189,5727282962,0.0,0.0,-0.001
5727289446,5727289204,0.0,0.0,-0.001
5727293179,5727292949,0.0,0.0,-0.001
5727300682,5727300441,0.0,0.0,-0.001
5727305669,5727305434,0.0,0.0,-0.001
5727310685,5727310428,0.0,0.0,-0.001
5727315658,5727315422,0.0,0.0,-0.001
5727318169,5727317918,0.0,0.0,-0.001
5727325638,5727325409,0.0,0.0,-0.001
5727328137,5727327906,0.0,0.0,-0.001
5727335631,5727335397,0.0,0.0,-0.001
5727339374,5727339142,0.0,0.0,-0.001
5727345622,5727345387,0.0,0.0,-0.001
5727349384,5727349130,0.0,0.0,-0.001
5727353107,5727352875,0.0,0.0,-0.001
5727359350,5727359117,0.0,0.0,-0.001
5727363091,5727362862,0.0,0.0,-0.001
5727370585,5727370353,0.0,0.0,-0.001
5727375585,5727375347,0.0,0.0,-0.001
5727380583,5727380342,0.0,0.0,-0.001
5727385568,5727385335,0.0,0.0,-0.001
5727388059,5727387831,0.0,0.0,-0.001
5727395551,5727395322,0.0,0.0,-0.001
5727398065,5727397819,0.0,0.0,-0.001
5727405544,5727405310,0.0,0.0,-0.001
5727409290,5727409055,0.0,0.0,-0.001
5727415535,5727415297,0.0,0.0,-0.001
5727419285,5727419043,0.0,0.0,-0.001
5727423015,5727422788,0.0,0.0,-0.001
5727429274,5727429030,0.0,0.0,-0.001
5727433015,5727432775,0.0,0.0,-0.001
5727440533,5727440266,0.0,0.0,-0.001
5727445497,5727445262,0.0,0.0,-0.001
5727450487,5727450255,0.0,0.0,-0.001
5727454230,5727453999,0.0,0.0,-0.001
5727457972,5727457744,0.0,0.0,-0.001
5727466717,5727466483,0.0,0.0,-0.001
5727467964,5727467732,0.0,0.0,-0.001
5727475460,5727475223,0.0,0.0,-0.001
5727479199,5727478968,0.0,0.0,-0.001
5727485449,5727485210,0.0,0.0,-0.001
5727489186,5727488955,0.0,0.0,-0.001
5727492937,5727492701,0.0,0.0,-0.001
5727500450,5727500192,0.0,0.0,-0.001
5727502935,5727502689,0.0,0.0,-0.001
5727510409,5727510179,0.0,0.0,-0.001
5727515407,5727515173,0.0,0.0,-0.001
5727520412,5727520167,0.0,0.0,-0.001
5727525394,5727525160,0.0,0.0,-0.001
5727527892,5727527664,0.0,0.0,-0.001
5727535394,5727535148,0.0,0.0,-0.001
5727537872,5727537645,0.0,0.0,-0.001
5727546617,5727546385,0.0,0.0,-0.001
5727549110,5727548881,0.0,0.0,-0.001
5727555361,5727555123,0.0,0.0,-0.001
5727559105,5727558869,0.0,0.0,-0.001
5727562872,5727562622,0.0,0.0,-0.001
5727570341,5727570105,0.0,0.0,-0.001
5727572827,5727572601,0.0,0.0,-0.001
5727580326,5727580092,0.0,0.0,-0.001
5727584077,5727583837,0.0,0.0,-0.001
5727590323,5727590080,0.0,0.0,-0.001
5727595316,5727595073,0.0,0.0,-0.001
5727597802,5727597570,0.0,0.0,-0.001
5727605315,5727605063,0.0,0.0,-0.001
5727607782,5727607558,0.0,0.0,-0.001
5727615293,5727615048,0.0,0.0,-0.001
5727619026,5727618794,0.0,0.0,-0.001
5727625275,5727625036,0.0,0.0,-0.001
5727629011,5727628781,0.0,0.0,-0.001
5727632756,5727632527,0.0,0.0,-0.001
5727640256,5727640017,0.0,0.0,-0.001
5727645246,5727645011,0.0,0.0,-0.001
5727650247,5727650006,0.0,0.0,-0.001
5727653990,5727653750,0.0,0.0,-0.001
5727661486,5727661241,0.0,0.0,-0.001
5727665227,5727664986,0.0,0.0,-0.001
5727667711,5727667483,0.0,0.0,-0.001
5727675213,5727674974,0.0,0.0,-0.001
5727678953,5727678719,0.0,0.0,-0.001
5727685195,5727684962,0.0,0.0,-0.001
5727688945,5727688707,0.0,0.0,-0.001
5727696439,5727696198,0.0,0.0,-0.001
5727698929,5727698694,0.0,0.0,-0.001
5727702676,5727702440,0.0,0.0,-0.001
5727710169,5727709930,0.0,0.0,-0.001
5727715159,5727714924,0.0,0.0,-0.001
5727720153,5727719919,0.0,0.0,-0.001
5727725155,5727724912,0.0,0.0,-0.001
5727731395,5727731154,0.0,0.0,-0.001
5727735133,5727734899,0.0,0.0,-0.001
5727737631,5727737396,0.0,0.0,-0.001
5727745141,5727744890,0.0,0.0,-0.001
5727748870,5727748632,0.0,0.0,-0.001
5727755111,5727754874,0.0,0.0,-0.001
5727758853,5727758620,0.0,0.0,-0.001
5727766350,5727766111,0.0,0.0,-0.001
5727768835,5727768607,0.0,0.0,-0.001
5727772585,5727772353,0.0,0.0,-0.001
5727780082,5727779843,0.0,0.0,-0.001
5727785083,5727784837,0.0,0.0,-0.001
5727790064,5727789831,0.0,0.0,-0.001
5727793805,5727793576,0.0,0.0,-0.001
5727801310,5727801067,0.0,0.0,-0.001
5727805046,5727804812,0.0,0.0,-0.001
5727807536,5727807309,0.0,0.0,-0.001
5727815037,5727814800,0.0,0.0,-0.001
5727818776,5727818545,0.0,0.0,-0.001
5727825025,5727824788,0.0,0.0,-0.001
5727828772,5727828533,0.0,0.0,-0.001
5727836281,5727836026,0.0,0.0,-0.001
5727840003,5727839769,0.0,0.0,-0.001
5727842498,5727842266,0.0,0.0,-0.001
5727849994,5727849761,0.0,0.0,-0.001
5727854986,5727854750,0.0,0.0,-0.001
5727859980,5727859744,0.0,0.0,-0.001
5727863726,5727863489,0.0,0.0,-0.001
5727871211,5727870980,0.0,0.0,-0.001
5727874971,5727874726,0.0,0.0,-0.001
5727877448,5727877222,0.0,0.0,-0.001
5727884961,5727884713,0.0,0.0,-0.001
5727888688,5727888459,0.0,0.0,-0.001
5727894938,5727894701,0.0,0.0,-0.001
5727898710,5727898446,0.0,0.0,-0.001
5727906170,5727905936,0.0,0.0,-0.001
5727909922,5727909682,0.0,0.0,-0.001
5727912416,5727912179,0.0,0.0,-0.001
5727919913,5727919669,0.0,0.0,-0.001
5727924906,5727924666,0.0,0.0,-0.001
5727929895,5727929657,0.0,0.0,-0.001
5727934896,5727934651,0.0,0.0,-0.001
5727941128,5727940893,0.0,0.0,-0.001
5727944876,5727944639,0.0,0.0,-0.001
5727947366,5727947135,0.0,0.0,-0.001
5727954861,5727954626,0.0,0.0,-0.001
5727958603,5727958371,0.0,0.0,-0.001
5727964851,5727964614,0.0,0.0,-0.001
5727968590,5727968359,0.0,0.0,-0.001
5727976092,5727975850,0.0,0.0,-0.001
5727979898,5727979600,0.0,0.0,-0.001
5727982333,5727982092,0.0,0.0,-0.001
5727989816,5727989582,0.0,0.0,-0.001
5727994819,5727994576,0.0,0.0,-0.001
5727999797,5727999570,0.0,0.0,-0.001
5728003545,5728003316,0.0,0.0,-0.001
5728011088,5728010806,0.0,0.0,-0.001
5728014791,5728014551,0.0,0.0,-0.001
5728017285,5728017048,0.0,0.0,-0.001
5728024776,5728024539,0.0,0.0,-0.001
5728028516,5728028284,0.0,0.0,-0.001
5728036009,5728035775,0.0,0.0,-0.001
5728038505,5728038272,0.0,0.0,-0.001
5728046002,5728045763,0.0,0.0,-0.001
5728049736,5728049508,0.0,0.0,-0.001
5728053494,5728053265,0.0,0.0,-0.001
5728059730,5728059496,0.0,0.0,-0.001
5728064720,5728064489,0.0,0.0,-0.001
5728070962,5728070731,0.0,0.0,-0.001
5728074713,5728074477,0.0,0.0,-0.001
5728080954,5728080719,0.0,0.0,-0.001
5728084765,5728084469,0.0,0.0,-0.001
5728088449,5728088210,0.0,0.0,-0.001
5728094692,5728094452,0.0,0.0,-0.001
5728098423,5728098197,0.0,0.0,-0.001
5728105933,5728105688,0.0,0.0,-0.001
5728108423,5728108185,0.0,0.0,-0.001
5728115907,5728115675,0.0,0.0,-0.001
5728119659,5728119421,0.0,0.0,-0.001
5728124656,5728124415,0.0,0.0,-0.001
5728129701,5728129411,0.0,0.0,-0.001
5728134634,5728134402,0.0,0.0,-0.001
5728140869,5728140644,0.0,0.0,-0.001
5728144688,5728144390,0.0,0.0,-0.001
5728150857,5728150632,0.0,0.0,-0.001
5728154610,5728154378,0.0,0.0,-0.001
5728158355,5728158123,0.0,0.0,-0.001
5728164607,5728164365,0.0,0.0,-0.001
5728168345,5728168110,0.0,0.0,-0.001
5728175836,5728175601,0.0,0.0,-0.001
5728178331,5728178098,0.0,0.0,-0.001
5728185828,5728185589,0.0,0.0,-0.001
5728189618,5728189335,0.0,0.0,-0.001
5728194575,5728194328,0.0,0.0,-0.001
5728199568,5728199322,0.0,0.0,-0.001
5728203309,5728203067,0.0,0.0,-0.001
5728210784,5728210557,0.0,0.0,-0.001
5728214537,5728214303,0.0,0.0,-0.001
5728220788,5728220545,0.0,0.0,-0.001
5728224524,5728224290,0.0,0.0,-0.001
5728228286,5728228036,0.0,0.0,-0.001
5728234564,5728234278,0.0,0.0,-0.001
5728238261,5728238026,0.0,0.0,-0.001
5728245750,5728245514,0.0,0.0,-0.001
5728249550,5728249262,0.0,0.0,-0.001
5728255731,5728255502,0.0,0.0,-0.001
5728259488,5728259248,0.0,0.0,-0.001
5728264528,5728264241,0.0,0.0,-0.001
5728269494,5728269235,0.0,0.0,-0.001
5728274464,5728274228,0.0,0.0,-0.001
5728280700,5728280470,0.0,0.0,-0.001
5728284475,5728284216,0.0,0.0,-0.001
5728290688,5728290458,0.0,0.0,-0.001
5728294487,5728294203,0.0,0.0,-0.001
5728298180,5728297949,0.0,0.0,-0.001
5728304430,5728304197,0.0,0.0,-0.001
5728308169,5728307936,0.0,0.0,-0.001
5728315670,5728315430,0.0,0.0,-0.001
5728319412,5728319173,0.0,0.0,-0.001
5728325653,5728325414,0.0,0.0,-0.001
5728329394,5728329160,0.0,0.0,-0.001
5728334386,5728334154,0.0,0.0,-0.001
5728339426,5728339148,0.0,0.0,-0.001
5728344376,5728344141,0.0,0.0,-0.001
5728350611,5728350383,0.0,0.0,-0.001
5728354412,5728354129,0.0,0.0,-0.001
5728360598,5728360371,0.0,0.0,-0.001
5728364350,5728364116,0.0,0.0,-0.001
5728368086,5728367862,0.0,0.0,-0.001
5728374336,5728374104,0.0,0.0,-0.001
5728378087,5728377853,0.0,0.0,-0.001
5728385578,5728385340,0.0,0.0,-0.001
5728389320,5728389085,0.0,0.0,-0.001
5728395575,5728395332,0.0,0.0,-0.001
5728399346,5728399073,0.0,0.0,-0.001
5728404309,5728404067,0.0,0.0,-0.001
5728409298,5728409061,0.0,0.0,-0.001
5728413036,5728412806,0.0,0.0,-0.001
5728420531,5728420302,0.0,0.0,-0.001
5728424284,5728424042,0.0,0.0,-0.001
5728430518,5728430284,0.0,0.0,-0.001
5728434275,5728434029,0.0,0.0,-0.001
5728438015,5728437774,0.0,0.0,-0.001
5728445513,5728445268,0.0,0.0,-0.001
5728447988,5728447762,0.0,0.0,-0.001
5728455491,5728455256,0.0,0.0,-0.001
5728459276,5728459000,0.0,0.0,-0.001
5728462986,5728462744,0.0,0.0,-0.001
5728469227,5728468986,0.0,0.0,-0.001
5728474262,5728473980,0.0,0.0,-0.001
5728480457,5728480222,0.0,0.0,-0.001
5728484213,5728483967,0.0,0.0,-0.001
5728490447,5728490210,0.0,0.0,-0.001
5728494194,5728493955,0.0,0.0,-0.001
5728497936,5728497700,0.0,0.0,-0.001
5728504216,5728503944,0.0,0.0,-0.001
5728507918,5728507688,0.0,0.0,-0.001
5728515420,5728515179,0.0,0.0,-0.001
5728517902,5728517675,0.0,0.0,-0.001
5728525398,5728525166,0.0,0.0,-0.001
5728529150,5728528911,0.0,0.0,-0.001
5728534159,5728533905,0.0,0.0,-0.001
5728539133,5728538899,0.0,0.0,-0.001
5728542876,5728542644,0.0,0.0,-0.001
5728550425,5728550135,0.0,0.0,-0.001
5728554124,5728553880,0.0,0.0,-0.001
5728560358,5728560122,0.0,0.0,-0.001
5728564125,5728563868,0.0,0.0,-0.001
5728567852,5728567613,0.0,0.0,-0.001
5728574103,5728573856,0.0,0.0,-0.001
5728577828,5728577601,0.0,0.0,-0.001
5728585322,5728585092,0.0,0.0,-0.001
5728587820,5728587588,0.0,0.0,-0.001
5728595334,5728595079,0.0,0.0,-0.001
5728599064,5728598824,0.0,0.0,-0.001
5728604054,5728603818,0.0,0.0,-0.001
5728609067,5728608812,0.0,0.0,-0.001
5728614046,5728613806,0.0,0.0,-0.001
5728620285,5728620048,0.0,0.0,-0.001
5728624047,5728623794,0.0,0.0,-0.001
5728630271,5728630036,0.0,0.0,-0.001
5728634027,5728633781,0.0,0.0,-0.001
5728640262,5728640023,0.0,0.0,-0.001
5728644002,5728643769,0.0,0.0,-0.001
5728647746,5728647513,0.0,0.0,-0.001
5728655246,5728655005,0.0,0.0,-0.001
5728658985,5728658750,0.0,0.0,-0.001
5728665233,5728664992,0.0,0.0,-0.001
5728668998,5728668737,0.0,0.0,-0.001
5728673969,5728673731,0.0,0.0,-0.001
5728678957,5728678725,0.0,0.0,-0.001
5728683973,5728683719,0.0,0.0,-0.001
5728690189,5728689961,0.0,0.0,-0.001
5728693951,5728693707,0.0,0.0,-0.001
5728700184,5728699949,0.0,0.0,-0.001
5728703944,5728703694,0.0,0.0,-0.001
5728711423,5728711185,0.0,0.0,-0.001
5728713928,5728713683,0.0,0.0,-0.001
5728717655,5728717426,0.0,0.0,-0.001
5728725151,5728724921,0.0,0.0,-0.001
5728728927,5728728663,0.0,0.0,-0.001
5728735135,5728734905,0.0,0.0,-0.001
5728738891,5728738650,0.0,0.0,-0.001
5728743891,5728743644,0.0,0.0,-0.001
5728748871,5728748638,0.0,0.0,-0.001
5728752619,5728752385,0.0,0.0,-0.001
5728760112,5728759874,0.0,0.0,-0.001
5728763855,5728763619,0.0,0.0,-0.001
5728770108,5728769861,0.0,0.0,-0.001
5728773854,5728773610,0.0,0.0,-0.001
5728781338,5728781101,0.0,0.0,-0.001
5728783829,5728783595,0.0,0.0,-0.001
5728787571,5728787340,0.0,0.0,-0.001
5728795064,5728794831,0.0,0.0,-0.001
5728798811,5728798576,0.0,0.0,-0.001
5728805052,5728804818,0.0,0.0,-0.001
5728808795,5728808563,0.0,0.0,-0.001
5728813797,5728813557,0.0,0.0,-0.001
5728820050,5728819799,0.0,0.0,-0.001
5728823777,5728823545,0.0,0.0,-0.001
5728830012,5728829787,0.0,0.0,-0.001
5728833775,5728833534,0.0,0.0,-0.001
5728840000,5728839774,0.0,0.0,-0.001
5728843751,5728843520,0.0,0.0,-0.001
5728851243,5728851010,0.0,0.0,-0.001
5728854987,5728854756,0.0,0.0,-0.001
5728857490,5728857255,0.0,0.0,-0.001
5728864985,5728864744,0.0,0.0,-0.001
5728868733,5728868489,0.0,0.0,-0.001
5728873715,5728873483,0.0,0.0,-0.001
5728878717,5728878477,0.0,0.0,-0.001
5728883701,5728883470,0.0,0.0,-0.001
5728889946,5728889712,0.0,0.0,-0.001
5728893695,5728893458,0.0,0.0,-0.001
5728899928,5728899700,0.0,0.0,-0.001
5728903679,5728903446,0.0,0.0,-0.001
5728909928,5728909687,0.0,0.0,-0.001
5728913663,5728913433,0.0,0.0,-0.001
5728921151,5728920923,0.0,0.0,-0.001
5728924908,5728924669,0.0,0.0,-0.001
5728927397,5728927166,0.0,0.0,-0.001
5728934903,5728934657,0.0,0.0,-0.001
5728938696,5728938403,0.0,0.0,-0.001
5728943629,5728943396,0.0,0.0,-0.001
5728948628,5728948389,0.0,0.0,-0.001
5728953625,5728953383,0.0,0.0,-0.001
5728959859,5728959625,0.0,0.0,-0.001
5728963615,5728963371,0.0,0.0,-0.001
5728969873,5728969613,0.0,0.0,-0.001
5728973595,5728973358,0.0,0.0,-0.001
5728979827,5728979600,0.0,0.0,-0.001
5728983577,5728983346,0.0,0.0,-0.001
5728991067,5728990837,0.0,0.0,-0.001
5728994819,5728994582,0.0,0.0,-0.001
5728997313,5728997079,0.0,0.0,-0.001
5729004798,5729004569,0.0,0.0,-0.001
5729008543,5729008315,0.0,0.0,-0.001
5729013553,5729013309,0.0,0.0,-0.001
5729018537,5729018302,0.0,0.0,-0.001
5729022295,5729022048,0.0,0.0,-0.001
5729029773,5729029538,0.0,0.0,-0.001
5729034763,5729034532,0.0,0.0,-0.001
5729039752,5729039526,0.0,0.0,-0.001
5729043507,5729043271,0.0,0.0,-0.001
5729050991,5729050762,0.0,0.0,-0.001
5729053502,5729053264,0.0,0.0,-0.001
5729060982,5729060749,0.0,0.0,-0.001
5729064738,5729064495,0.0,0.0,-0.001
5729068494,5729068241,0.0,0.0,-0.001
5729074728,5729074483,0.0,0.0,-0.001
5729078473,5729078228,0.0,0.0,-0.001
5729085951,5729085718,0.0,0.0,-0.001
5729088451,5729088218,0.0,0.0,-0.001
5729093452,5729093209,0.0,0.0,-0.001
5729099686,5729099451,0.0,0.0,-0.001
5729103435,5729103198,0.0,0.0,-0.001
5729109663,5729109439,0.0,0.0,-0.001
5729113416,5729113184,0.0,0.0,-0.001
5729120913,5729120675,0.0,0.0,-0.001
5729123408,5729123172,0.0,0.0,-0.001
5729130892,5729130663,0.0,0.0,-0.001
5729134648,5729134408,0.0,0.0,-0.001
5729138401,5729138157,0.0,0.0,-0.001
5729144627,5729144395,0.0,0.0,-0.001
5729148370,5729148141,0.0,0.0,-0.001
5729153367,5729153135,0.0,0.0,-0.001
5729158366,5729158129,0.0,0.0,-0.001
5729163349,5729163122,0.0,0.0,-0.001
5729169596,5729169364,0.0,0.0,-0.001
5729173409,5729173110,0.0,0.0,-0.001
5729179582,5729179352,0.0,0.0,-0.001
5729184576,5729184346,0.0,0.0,-0.001
5729190813,5729190588,0.0,0.0,-0.001
5729193328,5729193085,0.0,0.0,-0.001
5729200804,5729200576,0.0,0.0,-0.001
5729204593,5729204321,0.0,0.0,-0.001
5729208303,5729208067,0.0,0.0,-0.001
5729214540,5729214309,0.0,0.0,-0.001
5729218295,5729218054,0.0,0.0,-0.001
5729223285,5729223049,0.0,0.0,-0.001
5729228299,5729228043,0.0,0.0,-0.001
5729233275,5729233035,0.0,0.0,-0.001
5729239510,5729239277,0.0,0.0,-0.001
5729243267,5729243023,0.0,0.0,-0.001
5729249495,5729249265,0.0,0.0,-0.001
5729253244,5729253010,0.0,0.0,-0.001
5729260729,5729260501,0.0,0.0,-0.001
5729264484,5729264247,0.0,0.0,-0.001
5729270721,5729270488,0.0,0.0,-0.001
5729274469,5729274234,0.0,0.0,-0.001
5729278212,5729277979,0.0,0.0,-0.001
5729283205,5729282973,0.0,0.0,-0.001
5729288198,5729287967,0.0,0.0,-0.001
5729295689,5729295457,0.0,0.0,-0.001
5729299440,5729299203,0.0,0.0,-0.001
5729303187,5729302948,0.0,0.0,-0.001
5729309419,5729309190,0.0,0.0,-0.001
5729313167,5729312936,0.0,0.0,-0.001
5729319410,5729319179,0.0,0.0,-0.001
5729323161,5729322924,0.0,0.0,-0.001
5729330656,5729330414,0.0,0.0,-0.001
5729334397,5729334160,0.0,0.0,-0.001
5729340629,5729340401,0.0,0.0,-0.001
5729344380,5729344147,0.0,0.0,-0.001
5729348125,5729347892,0.0,0.0,-0.001
5729353149,5729352886,0.0,0.0,-0.001
5729358111,5729357880,0.0,0.0,-0.001
5729365596,5729365370,0.0,0.0,-0.001
5729369362,5729369124,0.0,0.0,-0.001
5729373094,5729372861,0.0,0.0,-0.001
5729379334,5729379103,0.0,0.0,-0.001
5729383084,5729382849,0.0,0.0,-0.001
5729389323,5729389091,0.0,0.0,-0.001
5729393081,5729392836,0.0,0.0,-0.001
5729400552,5729400327,0.0,0.0,-0.001
5729404317,5729404073,0.0,0.0,-0.001
5729410543,5729410315,0.0,0.0,-0.001
5729414293,5729414061,0.0,0.0,-0.001
5729418036,5729417805,0.0,0.0,-0.001
5729424280,5729424047,0.0,0.0,-0.001
5729428027,5729427793,0.0,0.0,-0.001
5729433017,5729432787,0.0,0.0,-0.001
5729439314,5729439029,0.0,0.0,-0.001
5729443014,5729442774,0.0,0.0,-0.001
5729449247,5729449016,0.0,0.0,-0.001
5729452995,5729452762,0.0,0.0,-0.001
5729460490,5729460255,0.0,0.0,-0.001
5729462979,5729462750,0.0,0.0,-0.001
5729470506,5729470240,0.0,0.0,-0.001
5729474218,5729473986,0.0,0.0,-0.001
5729480469,5729480228,0.0,0.0,-0.001
5729484205,5729483974,0.0,0.0,-0.001
5729487954,5729487718,0.0,0.0,-0.001
5729492948,5729492712,0.0,0.0,-0.001
5729497947,5729497706,0.0,0.0,-0.001
5729505423,5729505196,0.0,0.0,-0.001
5729509178,5729508942,0.0,0.0,-0.001
5729512942,5729512687,0.0,0.0,-0.001
5729519158,5729518929,0.0,0.0,-0.001
5729522905,5729522675,0.0,0.0,-0.001
5729530401,5729530165,0.0,0.0,-0.001
5729532900,5729532663,0.0,0.0,-0.001
5729540380,5729540153,0.0,0.0,-0.001
5729544142,5729543910,0.0,0.0,-0.001
5729550373,5729550141,0.0,0.0,-0.001
5729554121,5729553886,0.0,0.0,-0.001
5729557874,5729557631,0.0,0.0,-0.001
5729562861,5729562625,0.0,0.0,-0.001
5729567846,5729567619,0.0,0.0,-0.001
5729572846,5729572613,0.0,0.0,-0.001
5729579091,5729578855,0.0,0.0,-0.001
5729582829,5729582600,0.0,0.0,-0.001
5729589073,5729588842,0.0,0.0,-0.001
5729592823,5729592588,0.0,0.0,-0.001
5729600313,5729600078,0.0,0.0,-0.001
5729602807,5729602576,0.0,0.0,-0.001
5729610320,5729610066,0.0,0.0,-0.001
5729614048,5729613811,0.0,0.0,-0.001
5729620312,5729620054,0.0,0.0,-0.001
5729624035,5729623799,0.0,0.0,-0.001
5729627775,5729627545,0.0,0.0,-0.001
5729634026,5729633787,0.0,0.0,-0.001
5729639007,5729638780,0.0,0.0,-0.001
5729645262,5729645027,0.0,0.0,-0.001
5729648993,5729648768,0.0,0.0,-0.001
5729656495,5729656259,0.0,0.0,-0.001
5729658981,5729658755,0.0,0.0,-0.001
5729662732,5729662501,0.0,0.0,-0.001
5729670225,5729669991,0.0,0.0,-0.001
5729673981,5729673738,0.0,0.0,-0.001
5729680207,5729679979,0.0,0.0,-0.001
5729683958,5729683724,0.0,0.0,-0.001
5729692699,5729692464,0.0,0.0,-0.001
5729693944,5729693712,0.0,0.0,-0.001
5729697720,5729697458,0.0,0.0,-0.001
5729705248,5729704951,0.0,0.0,-0.001
5729708928,5729708693,0.0,0.0,-0.001
5729712673,5729712439,0.0,0.0,-0.001
5729718907,5729718681,0.0,0.0,-0.001
5729726411,5729726172,0.0,0.0,-0.001
5729728904,5729728668,0.0,0.0,-0.001
5729732642,5729732414,0.0,0.0,-0.001
5729740140,5729739905,0.0,0.0,-0.001
5729743885,5729743650,0.0,0.0,-0.001
5729750121,5729749892,0.0,0.0,-0.001
5729753870,5729753638,0.0,0.0,-0.001
5729762607,5729762378,0.0,0.0,-0.001
5729763860,5729763627,0.0,0.0,-0.001
5729767636,5729767371,0.0,0.0,-0.001
5729775093,5729774861,0.0,0.0,-0.001
5729778832,5729778606,0.0,0.0,-0.001
5729782586,5729782351,0.0,0.0,-0.001
5729788822,5729788594,0.0,0.0,-0.001
5729796345,5729796086,0.0,0.0,-0.001
5729798812,5729798581,0.0,0.0,-0.001
5729802558,5729802327,0.0,0.0,-0.001
5729810049,5729809817,0.0,0.0,-0.001
5729813795,5729813563,0.0,0.0,-0.001
5729820041,5729819805,0.0,0.0,-0.001
5729823787,5729823555,0.0,0.0,-0.001
5729832522,5729832289,0.0,0.0,-0.001
5729833775,5729833541,0.0,0.0,-0.001
5729837518,5729837284,0.0,0.0,-0.001
5729845000,5729844774,0.0,0.0,-0.001
5729848749,5729848519,0.0,0.0,-0.001
5729854992,5729854761,0.0,0.0,-0.001
5729858732,5729858507,0.0,0.0,-0.001
5729862495,5729862260,0.0,0.0,-0.001
5729869984,5729869743,0.0,0.0,-0.001
5729872479,5729872240,0.0,0.0,-0.001
5729879956,5729879730,0.0,0.0,-0.001
5729883711,5729883476,0.0,0.0,-0.001
5729889940,5729889718,0.0,0.0,-0.001
5729893710,5729893463,0.0,0.0,-0.001
5729902435,5729902203,0.0,0.0,-0.001
5729904934,5729904699,0.0,0.0,-0.001
5729907430,5729907197,0.0,0.0,-0.001
5729914926,5729914687,0.0,0.0,-0.001
5729918658,5729918432,0.0,0.0,-0.001
5729924902,5729924674,0.0,0.0,-0.001
5729928648,5729928420,0.0,0.0,-0.001
5729933648,5729933414,0.0,0.0,-0.001
5729939880,5729939656,0.0,0.0,-0.001
5729942381,5729942153,0.0,0.0,-0.001
5729949868,5729949643,0.0,0.0,-0.001
5729953622,5729953389,0.0,0.0,-0.001
5729959871,5729959631,0.0,0.0,-0.001
5729963607,5729963376,0.0,0.0,-0.001
5729972346,5729972116,0.0,0.0,-0.001
5729974837,5729974612,0.0,0.0,-0.001
5729977344,5729977109,0.0,0.0,-0.001
5729984841,5729984600,0.0,0.0,-0.001
5729988573,5729988345,0.0,0.0,-0.001
5729994814,5729994588,0.0,0.0,-0.001
5729998571,5729998333,0.0,0.0,-0.001
5730006054,5730005823,0.0,0.0,-0.001
5730009796,5730009569,0.0,0.0,-0.001
5730012311,5730012066,0.0,0.0,-0.001
5730019784,5730019556,0.0,0.0,-0.001
5730023537,5730023302,0.0,0.0,-0.001
5730029780,5730029544,0.0,0.0,-0.001
5730033524,5730033289,0.0,0.0,-0.001
5730042273,5730042037,0.0,0.0,-0.001
5730044757,5730044525,0.0,0.0,-0.001
5730048500,5730048271,0.0,0.0,-0.001
5730054741,5730054513,0.0,0.0,-0.001
5730058484,5730058258,0.0,0.0,-0.001
5730065979,5730065749,0.0,0.0,-0.001
5730068479,5730068246,0.0,0.0,-0.001
5730075965,5730075736,0.0,0.0,-0.001
5730079710,5730079482,0.0,0.0,-0.001
5730083463,5730083227,0.0,0.0,-0.001
5730089696,5730089469,0.0,0.0,-0.001
5730093471,5730093215,0.0,0.0,-0.001
5730100943,5730100705,0.0,0.0,-0.001
5730103433,5730103202,0.0,0.0,-0.001
5730112179,5730111942,0.0,0.0,-0.001
5730114665,5730114438,0.0,0.0,-0.001
5730118423,5730118184,0.0,0.0,-0.001
5730124656,5730124426,0.0,0.0,-0.001
5730128405,5730128172,0.0,0.0,-0.001
5730135898,5730135662,0.0,0.0,-0.001
5730138385,5730138159,0.0,0.0,-0.001
5730145887,5730145650,0.0,0.0,-0.001
5730149633,5730149395,0.0,0.0,-0.001
5730153371,5730153141,0.0,0.0,-0.001
5730159610,5730159382,0.0,0.0,-0.001
5730163358,5730163128,0.0,0.0,-0.001
5730170847,5730170619,0.0,0.0,-0.001
5730173346,5730173115,0.0,0.0,-0.001
5730182095,5730181855,0.0,0.0,-0.001
5730184575,5730184351,0.0,0.0,-0.001
5730188331,5730188097,0.0,0.0,-0.001
5730194569,5730194339,0.0,0.0,-0.001
5730198319,5730198084,0.0,0.0,-0.001
5730205805,5730205575,0.0,0.0,-0.001
5730208304,5730208072,0.0,0.0,-0.001
5730215793,5730215563,0.0,0.0,-0.001
5730219545,5730219308,0.0,0.0,-0.001
5730223292,5730223053,0.0,0.0,-0.001
5730229534,5730229297,0.0,0.0,-0.001
5730233276,5730233041,0.0,0.0,-0.001
5730242019,5730241781,0.0,0.0,-0.001
5730243270,5730243029,0.0,0.0,-0.001
5730250750,5730250519,0.0,0.0,-0.001
5730254494,5730254264,0.0,0.0,-0.001
5730258244,5730258010,0.0,0.0,-0.001
5730264481,5730264255,0.0,0.0,-0.001
5730268231,5730267997,0.0,0.0,-0.001
5730275720,5730275488,0.0,0.0,-0.001
5730279469,5730279237,0.0,0.0,-0.001
5730285705,5730285475,0.0,0.0,-0.001
5730289454,5730289221,0.0,0.0,-0.001
5730293199,5730292966,0.0,0.0,-0.001
5730299446,5730299209,0.0,0.0,-0.001
5730303184,5730302954,0.0,0.0,-0.001
5730311925,5730311693,0.0,0.0,-0.001
5730314428,5730314190,0.0,0.0,-0.001
5730320662,5730320432,0.0,0.0,-0.001
5730324407,5730324178,0.0,0.0,-0.001
5730328197,5730327923,0.0,0.0,-0.001
5730334395,5730334165,0.0,0.0,-0.001
5730338138,5730337910,0.0,0.0,-0.001
5730345637,5730345401,0.0,0.0,-0.001
5730349372,5730349146,0.0,0.0,-0.001
5730355627,5730355388,0.0,0.0,-0.001
5730359382,5730359139,0.0,0.0,-0.001
5730363112,5730362879,0.0,0.0,-0.001
5730369353,5730369122,0.0,0.0,-0.001
5730373096,5730372867,0.0,0.0,-0.001
5730383098,5730382858,0.0,0.0,-0.001
5730384334,5730384105,0.0,0.0,-0.001
5730391848,5730391594,0.0,0.0,-0.001
5730394322,5730394092,0.0,0.0,-0.001
5730398063,5730397836,0.0,0.0,-0.001
5730404321,5730404078,0.0,0.0,-0.001
5730408056,5730407823,0.0,0.0,-0.001
5730415556,5730415314,0.0,0.0,-0.001
5730419297,5730419060,0.0,0.0,-0.001
5730425535,5730425302,0.0,0.0,-0.001
5730429292,5730429047,0.0,0.0,-0.001
5730433027,5730432793,0.0,0.0,-0.001
5730439267,5730439034,0.0,0.0,-0.001
5730443011,5730442780,0.0,0.0,-0.001
5730452996,5730452767,0.0,0.0,-0.001
5730454270,5730454016,0.0,0.0,-0.001
5730460499,5730460266,0.0,0.0,-0.001
5730464246,5730464003,0.0,0.0,-0.001
5730467975,5730467748,0.0,0.0,-0.001
5730475484,5730475240,0.0,0.0,-0.001
5730477971,5730477736,0.0,0.0,-0.001
5730485476,5730485227,0.0,0.0,-0.001
5730489202,5730488972,0.0,0.0,-0.001
5730495447,5730495215,0.0,0.0,-0.001
5730499197,5730498960,0.0,0.0,-0.001
5730502932,5730502705,0.0,0.0,-0.001
5730511679,5730511445,0.0,0.0,-0.001
5730512936,5730512693,0.0,0.0,-0.001
5730520415,5730520183,0.0,0.0,-0.001
5730524157,5730523929,0.0,0.0,-0.001
5730532908,5730532668,0.0,0.0,-0.001
5730534148,5730533917,0.0,0.0,-0.001
5730537892,5730537662,0.0,0.0,-0.001
5730545399,5730545158,0.0,0.0,-0.001
5730547887,5730547649,0.0,0.0,-0.001
5730555364,5730555140,0.0,0.0,-0.001
5730559115,5730558885,0.0,0.0,-0.001
5730565370,5730565128,0.0,0.0,-0.001
5730569105,5730568873,0.0,0.0,-0.001
5730572863,5730572619,0.0,0.0,-0.001
5730581592,5730581358,0.0,0.0,-0.001
5730582840,5730582606,0.0,0.0,-0.001
5730591577,5730591345,0.0,0.0,-0.001
5730594127,5730593842,0.0,0.0,-0.001
5730601561,5730601333,0.0,0.0,-0.001
5730604060,5730603829,0.0,0.0,-0.001
5730607805,5730607575,0.0,0.0,-0.001
5730615295,5730615065,0.0,0.0,-0.001
5730617795,5730617562,0.0,0.0,-0.001
5730625319,5730625055,0.0,0.0,-0.001
5730629034,5730628798,0.0,0.0,-0.001
5730635288,5730635041,0.0,0.0,-0.001
5730639014,5730638786,0.0,0.0,-0.001
5730642766,5730642532,0.0,0.0,-0.001
5730650256,5730650023,0.0,0.0,-0.001
5730652750,5730652519,0.0,0.0,-0.001
5730661493,5730661260,0.0,0.0,-0.001
5730663982,5730663755,0.0,0.0,-0.001
5730671486,5730671246,0.0,0.0,-0.001
5730673981,5730673742,0.0,0.0,-0.001
5730677718,5730677488,0.0,0.0,-0.001
5730685203,5730684978,0.0,0.0,-0.001
5730688967,5730688724,0.0,0.0,-0.001
5730695203,5730694973,0.0,0.0,-0.001
5730698939,5730698711,0.0,0.0,-0.001
5730706439,5730706202,0.0,0.0,-0.001
5730708938,5730708699,0.0,0.0,-0.001
5730712684,5730712444,0.0,0.0,-0.001
5730720169,5730719935,0.0,0.0,-0.001
5730723919,5730723680,0.0,0.0,-0.001
5730731409,5730731171,0.0,0.0,-0.001
5730733902,5730733668,0.0,0.0,-0.001
5730741397,5730741159,0.0,0.0,-0.001
5730743901,5730743656,0.0,0.0,-0.001
5730747630,5730747401,0.0,0.0,-0.001
5730755123,5730754892,0.0,0.0,-0.001
5730758861,5730758637,0.0,0.0,-0.001
5730765107,5730764879,0.0,0.0,-0.001
5730768854,5730768624,0.0,0.0,-0.001
5730776347,5730776115,0.0,0.0,-0.001
5730778845,5730778612,0.0,0.0,-0.001
5730782591,5730782357,0.0,0.0,-0.001
5730791333,5730791097,0.0,0.0,-0.001
5730793822,5730793593,0.0,0.0,-0.001
5730801328,5730801084,0.0,0.0,-0.001
5730803809,5730803581,0.0,0.0,-0.001
5730811317,5730811072,0.0,0.0,-0.001
5730813800,5730813568,0.0,0.0,-0.001
5730817547,5730817314,0.0,0.0,-0.001
5730825035,5730824804,0.0,0.0,-0.001
5730828786,5730828550,0.0,0.0,-0.001
5730835034,5730834792,0.0,0.0,-0.001
5730838767,5730838537,0.0,0.0,-0.001
5730846269,5730846028,0.0,0.0,-0.001
5730848751,5730848525,0.0,0.0,-0.001
5730852502,5730852270,0.0,0.0,-0.001
5730861266,5730861010,0.0,0.0,-0.001
5730863734,5730863506,0.0,0.0,-0.001
5730871247,5730870997,0.0,0.0,-0.001
5730873724,5730873494,0.0,0.0,-0.001
5730881216,5730880985,0.0,0.0,-0.001
5730884962,5730884730,0.0,0.0,-0.001
5730887481,5730887227,0.0,0.0,-0.001
5730894945,5730894717,0.0,0.0,-0.001
5730898689,5730898463,0.0,0.0,-0.001
5730904937,5730904705,0.0,0.0,-0.001
5730908678,5730908450,0.0,0.0,-0.001
5730916175,5730915941,0.0,0.0,-0.001
5730919931,5730919686,0.0,0.0,-0.001
5730922435,5730922184,0.0,0.0,-0.001
5730931157,5730930924,0.0,0.0,-0.001
5730933650,5730933419,0.0,0.0,-0.001
5730941154,5730940910,0.0,0.0,-0.001
5730943645,5730943412,0.0,0.0,-0.001
5730951149,5730950898,0.0,0.0,-0.001
5730954874,5730954643,0.0,0.0,-0.001
5730957373,5730957140,0.0,0.0,-0.001
5730964856,5730964630,0.0,0.0,-0.001
5730968609,5730968376,0.0,0.0,-0.001
5730974847,5730974618,0.0,0.0,-0.001
5730978597,5730978363,0.0,0.0,-0.001
5730986097,5730985854,0.0,0.0,-0.001
5730991086,5730990848,0.0,0.0,-0.001
5730992334,5730992100,0.0,0.0,-0.001
5730999823,5730999587,0.0,0.0,-0.001
5731003562,5731003332,0.0,0.0,-0.001
5731011059,5731010823,0.0,0.0,-0.001
5731013546,5731013320,0.0,0.0,-0.001
5731021044,5731020811,0.0,0.0,-0.001
5731024786,5731024556,0.0,0.0,-0.001
5731027301,5731027053,0.0,0.0,-0.001
5731034782,5731034544,0.0,0.0,-0.001
5731038523,5731038289,0.0,0.0,-0.001
5731046012,5731045779,0.0,0.0,-0.001
5731048509,5731048276,0.0,0.0,-0.001
5731056007,5731055767,0.0,0.0,-0.001
5731060997,5731060761,0.0,0.0,-0.001
5731063487,5731063258,0.0,0.0,-0.001
5731070984,5731070749,0.0,0.0,-0.001
5731073476,5731073245,0.0,0.0,-0.001
5731080974,5731080736,0.0,0.0,-0.001
5731083464,5731083233,0.0,0.0,-0.001
5731090956,5731090724,0.0,0.0,-0.001
5731094701,5731094469,0.0,0.0,-0.001
5731098455,5731098214,0.0,0.0,-0.001
5731104693,5731104456,0.0,0.0,-0.001
5731108434,5731108202,0.0,0.0,-0.001
5731115940,5731115693,0.0,0.0,-0.001
5731118421,5731118190,0.0,0.0,-0.001
5731125910,5731125680,0.0,0.0,-0.001
5731132158,5731131923,0.0,0.0,-0.001
5731133415,5731133171,0.0,0.0,-0.001
5731140892,5731140662,0.0,0.0,-0.001
5731143392,5731143158,0.0,0.0,-0.001
5731150893,5731150649,0.0,0.0,-0.001
5731153373,5731153146,0.0,0.0,-0.001
5731160868,5731160637,0.0,0.0,-0.001
5731164626,5731164382,0.0,0.0,-0.001
5731168358,5731168128,0.0,0.0,-0.001
5731174601,5731174370,0.0,0.0,-0.001
5731178346,5731178115,0.0,0.0,-0.001
5731185897,5731185605,0.0,0.0,-0.001
5731188337,5731188103,0.0,0.0,-0.001
5731195825,5731195593,0.0,0.0,-0.001
5731200818,5731200587,0.0,0.0,-0.001
5731203329,5731203084,0.0,0.0,-0.001
5731210818,5731210575,0.0,0.0,-0.001
5731213309,5731213072,0.0,0.0,-0.001
5731220799,5731220563,0.0,0.0,-0.001
5731223295,5731223059,0.0,0.0,-0.001
5731230779,5731230550,0.0,0.0,-0.001
5731234527,5731234295,0.0,0.0,-0.001
5731238276,5731238040,0.0,0.0,-0.001
5731244515,5731244284,0.0,0.0,-0.001
5731248279,5731248028,0.0,0.0,-0.001
5731255749,5731255519,0.0,0.0,-0.001
5731260753,5731260512,0.0,0.0,-0.001
5731265740,5731265506,0.0,0.0,-0.001
5731270731,5731270500,0.0,0.0,-0.001
5731273227,5731272997,0.0,0.0,-0.001
5731280726,5731280488,0.0,0.0,-0.001
5731283213,5731282984,0.0,0.0,-0.001
5731290711,5731290475,0.0,0.0,-0.001
5731294467,5731294221,0.0,0.0,-0.001
5731300697,5731300463,0.0,0.0,-0.001
5731304441,5731304208,0.0,0.0,-0.001
5731308183,5731307953,0.0,0.0,-0.001
5731314426,5731314196,0.0,0.0,-0.001
5731318168,5731317941,0.0,0.0,-0.001
5731325660,5731325432,0.0,0.0,-0.001
5731330659,5731330425,0.0,0.0,-0.001
5731335667,5731335419,0.0,0.0,-0.001
5731340645,5731340413,0.0,0.0,-0.001
5731343142,5731342910,0.0,0.0,-0.001
5731350631,5731350400,0.0,0.0,-0.001
5731353140,5731352898,0.0,0.0,-0.001
5731360634,5731360388,0.0,0.0,-0.001
5731364367,5731364133,0.0,0.0,-0.001
5731370610,5731370376,0.0,0.0,-0.001
5731374351,5731374121,0.0,0.0,-0.001
5731378096,5731377866,0.0,0.0,-0.001
5731384339,5731384109,0.0,0.0,-0.001
5731388089,5731387854,0.0,0.0,-0.001
5731395582,5731395345,0.0,0.0,-0.001
5731399328,5731399090,0.0,0.0,-0.001
5731405564,5731405332,0.0,0.0,-0.001
5731410565,5731410326,0.0,0.0,-0.001
5731413054,5731412823,0.0,0.0,-0.001
5731420552,5731420313,0.0,0.0,-0.001
5731423042,5731422810,0.0,0.0,-0.001
5731430537,5731430301,0.0,0.0,-0.001
5731434285,5731434046,0.0,0.0,-0.001
5731440519,5731440289,0.0,0.0,-0.001
5731444278,5731444034,0.0,0.0,-0.001
5731448008,5731447779,0.0,0.0,-0.001
5731455501,5731455270,0.0,0.0,-0.001
5731457995,5731457767,0.0,0.0,-0.001
5731465496,5731465258,0.0,0.0,-0.001
5731470495,5731470260,0.0,0.0,-0.001
5731475484,5731475245,0.0,0.0,-0.001
5731480476,5731480239,0.0,0.0,-0.001
5731483006,5731482736,0.0,0.0,-0.001
5731490467,5731490227,0.0,0.0,-0.001
5731492961,5731492723,0.0,0.0,-0.001
5731500446,5731500214,0.0,0.0,-0.001
5731504188,5731503959,0.0,0.0,-0.001
5731510446,5731510202,0.0,0.0,-0.001
5731514209,5731513947,0.0,0.0,-0.001
5731517919,5731517692,0.0,0.0,-0.001
5731525422,5731525183,0.0,0.0,-0.001
5731527908,5731527680,0.0,0.0,-0.001
5731535403,5731535170,0.0,0.0,-0.001
5731540398,5731540165,0.0,0.0,-0.001
5731545405,5731545158,0.0,0.0,-0.001
5731550388,5731550153,0.0,0.0,-0.001
5731552885,5731552649,0.0,0.0,-0.001
5731560372,5731560140,0.0,0.0,-0.001
5731562869,5731562636,0.0,0.0,-0.001
5731570364,5731570127,0.0,0.0,-0.001
5731574110,5731573872,0.0,0.0,-0.001
5731580348,5731580115,0.0,0.0,-0.001
5731584087,5731583860,0.0,0.0,-0.001
5731587836,5731587605,0.0,0.0,-0.001
5731595345,5731595096,0.0,0.0,-0.001
5731597817,5731597593,0.0,0.0,-0.001
5731605319,5731605084,0.0,0.0,-0.001
5731610321,5731610077,0.0,0.0,-0.001
5731615309,5731615071,0.0,0.0,-0.001
5731619051,5731618817,0.0,0.0,-0.001
5731622795,5731622562,0.0,0.0,-0.001
5731630291,5731630052,0.0,0.0,-0.001
5731634035,5731633798,0.0,0.0,-0.001
5731640281,5731640040,0.0,0.0,-0.001
5731644032,5731643785,0.0,0.0,-0.001
5731650265,5731650028,0.0,0.0,-0.001
5731654006,5731653773,0.0,0.0,-0.001
5731657743,5731657518,0.0,0.0,-0.001
5731665245,5731665009,0.0,0.0,-0.001
5731670239,5731670003,0.0,0.0,-0.001
5731675238,5731674998,0.0,0.0,-0.001
5731680220,5731679991,0.0,0.0,-0.001
5731686494,5731686233,0.0,0.0,-0.001
5731690211,5731689978,0.0,0.0,-0.001
5731692702,5731692475,0.0,0.0,-0.001
5731700201,5731699966,0.0,0.0,-0.001
5731703963,5731703711,0.0,0.0,-0.001
5731710196,5731709953,0.0,0.0,-0.001
5731713925,5731713698,0.0,0.0,-0.001
5731721444,5731721196,0.0,0.0,-0.001
5731723923,5731723686,0.0,0.0,-0.001
5731727660,5731727431,0.0,0.0,-0.001
5731735159,5731734922,0.0,0.0,-0.001
5731740150,5731739916,0.0,0.0,-0.001
5731745147,5731744910,0.0,0.0,-0.001
5731750141,5731749903,0.0,0.0,-0.001
5731756379,5731756146,0.0,0.0,-0.001
5731760122,5731759891,0.0,0.0,-0.001
5731762618,5731762389,0.0,0.0,-0.001
5731770119,5731769879,0.0,0.0,-0.001
5731773854,5731773624,0.0,0.0,-0.001
5731780142,5731779866,0.0,0.0,-0.001
5731783838,5731783611,0.0,0.0,-0.001
5731791336,5731791102,0.0,0.0,-0.001
5731793835,5731793599,0.0,0.0,-0.001
5731797571,5731797344,0.0,0.0,-0.001
5731805078,5731804835,0.0,0.0,-0.001
5731810067,5731809829,0.0,0.0,-0.001
5731815061,5731814823,0.0,0.0,-0.001
5731818796,5731818568,0.0,0.0,-0.001
5731826294,5731826059,0.0,0.0,-0.001
5731830037,5731829804,0.0,0.0,-0.001
5731832532,5731832301,0.0,0.0,-0.001
5731840028,5731839792,0.0,0.0,-0.001
5731843769,5731843537,0.0,0.0,-0.001
5731850007,5731849779,0.0,0.0,-0.001
5731853760,5731853524,0.0,0.0,-0.001
5731861286,5731861023,0.0,0.0,-0.001
5731864997,5731864760,0.0,0.0,-0.001
5731867492,5731867258,0.0,0.0,-0.001
5731874985,5731874748,0.0,0.0,-0.001
5731879974,5731879742,0.0,0.0,-0.001
5731884976,5731884735,0.0,0.0,-0.001
5731888709,5731888481,0.0,0.0,-0.001
5731896206,5731895971,0.0,0.0,-0.001
5731899963,5731899717,0.0,0.0,-0.001
5731902444,5731902214,0.0,0.0,-0.001
5731909937,5731909705,0.0,0.0,-0.001
5731913686,5731913450,0.0,0.0,-0.001
5731919931,5731919692,0.0,0.0,-0.001
5731923670,5731923437,0.0,0.0,-0.001
5731931166,5731930928,0.0,0.0,-0.001
5731934917,5731934674,0.0,0.0,-0.001
5731937405,5731937170,0.0,0.0,-0.001
5731944892,5731944661,0.0,0.0,-0.001
5731949887,5731949655,0.0,0.0,-0.001
5731954890,5731954649,0.0,0.0,-0.001
5731959905,5731959642,0.0,0.0,-0.001
5731966115,5731965885,0.0,0.0,-0.001
5731969871,5731969630,0.0,0.0,-0.001
5731972353,5731972127,0.0,0.0,-0.001
5731979852,5731979618,0.0,0.0,-0.001
5731983602,5731983363,0.0,0.0,-0.001
5731989837,5731989605,0.0,0.0,-0.001
5731993582,5731993351,0.0,0.0,-0.001
5732001092,5732000841,0.0,0.0,-0.001
5732004817,5732004586,0.0,0.0,-0.001
5732007318,5732007083,0.0,0.0,-0.001
5732014811,5732014574,0.0,0.0,-0.001
5732019799,5732019568,0.0,0.0,-0.001
5732024797,5732024565,0.0,0.0,-0.001
5732028536,5732028307,0.0,0.0,-0.001
5732036029,5732035797,0.0,0.0,-0.001
5732039779,5732039543,0.0,0.0,-0.001
5732043521,5732043289,0.0,0.0,-0.001
5732049764,5732049531,0.0,0.0,-0.001
5732053514,5732053276,0.0,0.0,-0.001
5732061004,5732060767,0.0,0.0,-0.001
5732063566,5732063270,0.0,0.0,-0.001
5732071052,5732070761,0.0,0.0,-0.001
5732074731,5732074499,0.0,0.0,-0.001
5732077286,5732076996,0.0,0.0,-0.001
5732084714,5732084487,0.0,0.0,-0.001
5732089714,5732089481,0.0,0.0,-0.001
5732095962,5732095723,0.0,0.0,-0.001
5732099698,5732099468,0.0,0.0,-0.001
5732105936,5732105710,0.0,0.0,-0.001
5732109694,5732109456,0.0,0.0,-0.001
5732113439,5732113202,0.0,0.0,-0.001
5732119676,5732119444,0.0,0.0,-0.001
5732123493,5732123195,0.0,0.0,-0.001
5732130972,5732130682,0.0,0.0,-0.001
5732133409,5732133177,0.0,0.0,-0.001
5732140907,5732140667,0.0,0.0,-0.001
5732144645,5732144413,0.0,0.0,-0.001
5732148385,5732148158,0.0,0.0,-0.001
5732154632,5732154400,0.0,0.0,-0.001
5732159624,5732159394,0.0,0.0,-0.001
5732165870,5732165636,0.0,0.0,-0.001
5732169629,5732169381,0.0,0.0,-0.001
5732175904,5732175624,0.0,0.0,-0.001
5732179605,5732179369,0.0,0.0,-0.001
5732183422,5732183114,0.0,0.0,-0.001
5732189587,5732189357,0.0,0.0,-0.001
5732193336,5732193102,0.0,0.0,-0.001
5732200828,5732200592,0.0,0.0,-0.001
5732203331,5732203090,0.0,0.0,-0.001
5732210820,5732210580,0.0,0.0,-0.001
5732214555,5732214325,0.0,0.0,-0.001
5732219554,5732219319,0.0,0.0,-0.001
5732224552,5732224313,0.0,0.0,-0.001
5732228334,5732228058,0.0,0.0,-0.001
5732235842,5732235549,0.0,0.0,-0.001
5732239529,5732239295,0.0,0.0,-0.001
5732245762,5732245536,0.0,0.0,-0.001
5732249515,5732249282,0.0,0.0,-0.001
5732253271,5732253027,0.0,0.0,-0.001
5732259505,5732259270,0.0,0.0,-0.001
5732263275,5732263015,0.0,0.0,-0.001
5732270738,5732270506,0.0,0.0,-0.001
5732274496,5732274255,0.0,0.0,-0.001
5732280771,5732280493,0.0,0.0,-0.001
5732284477,5732284238,0.0,0.0,-0.001
5732289475,5732289232,0.0,0.0,-0.001
5732294474,5732294227,0.0,0.0,-0.001
5732299454,5732299220,0.0,0.0,-0.001
5732305687,5732305462,0.0,0.0,-0.001
5732309455,5732309208,0.0,0.0,-0.001
5732315677,5732315449,0.0,0.0,-0.001
5732319435,5732319195,0.0,0.0,-0.001
5732323176,5732322940,0.0,0.0,-0.001
5732329419,5732329187,0.0,0.0,-0.001
5732333216,5732332928,0.0,0.0,-0.001
5732340746,5732340419,0.0,0.0,-0.001
5732344409,5732344164,0.0,0.0,-0.001
5732350640,5732350406,0.0,0.0,-0.001
5732354385,5732354152,0.0,0.0,-0.001
5732358130,5732357897,0.0,0.0,-0.001
5732364383,5732364139,0.0,0.0,-0.001
5732369370,5732369133,0.0,0.0,-0.001
5732375600,5732375375,0.0,0.0,-0.001
5732379364,5732379121,0.0,0.0,-0.001
5732385646,5732385364,0.0,0.0,-0.001
5732389342,5732389108,0.0,0.0,-0.001
5732393122,5732392853,0.0,0.0,-0.001
5732399326,5732399095,0.0,0.0,-0.001
5732403113,5732402841,0.0,0.0,-0.001
5732410571,5732410332,0.0,0.0,-0.001
5732414316,5732414077,0.0,0.0,-0.001
5732420551,5732420319,0.0,0.0,-0.001
5732424308,5732424065,0.0,0.0,-0.001
5732429305,5732429060,0.0,0.0,-0.001
5732434310,5732434053,0.0,0.0,-0.001
5732439291,5732439046,0.0,0.0,-0.001
5732445564,5732445288,0.0,0.0,-0.001
5732449273,5732449034,0.0,0.0,-0.001
5732455505,5732455276,0.0,0.0,-0.001
5732459265,5732459023,0.0,0.0,-0.001
5732463007,5732462766,0.0,0.0,-0.001
5732470492,5732470258,0.0,0.0,-0.001
5732472981,5732472754,0.0,0.0,-0.001
5732480489,5732480252,0.0,0.0,-0.001
5732484230,5732483990,0.0,0.0,-0.001
5732489259,5732488986,0.0,0.0,-0.001
5732494213,5732493981,0.0,0.0,-0.001
5732499215,5732498971,0.0,0.0,-0.001
5732505477,5732505213,0.0,0.0,-0.001
5732509192,5732508959,0.0,0.0,-0.001
5732515429,5732515201,0.0,0.0,-0.001
5732519178,5732518947,0.0,0.0,-0.001
5732522937,5732522692,0.0,0.0,-0.001
5732529168,5732528934,0.0,0.0,-0.001
5732532910,5732532679,0.0,0.0,-0.001
5732540414,5732540170,0.0,0.0,-0.001
5732542923,5732542667,0.0,0.0,-0.001
5732550415,5732550158,0.0,0.0,-0.001
5732554139,5732553903,0.0,0.0,-0.001
5732559134,5732558897,0.0,0.0,-0.001
5732564125,5732563891,0.0,0.0,-0.001
5732569118,5732568885,0.0,0.0,-0.001
5732575420,5732575130,0.0,0.0,-0.001
5732579104,5732578872,0.0,0.0,-0.001
5732585342,5732585114,0.0,0.0,-0.001
5732589096,5732588859,0.0,0.0,-0.001
5732595357,5732595102,0.0,0.0,-0.001
5732599086,5732598847,0.0,0.0,-0.001
5732602848,5732602592,0.0,0.0,-0.001
5732610347,5732610083,0.0,0.0,-0.001
5732612814,5732612580,0.0,0.0,-0.001
5732620325,5732620073,0.0,0.0,-0.001
5732624050,5732623816,0.0,0.0,-0.001
5732627794,5732627562,0.0,0.0,-0.001
5732634060,5732633803,0.0,0.0,-0.001
5732639037,5732638797,0.0,0.0,-0.001
5732645276,5732645040,0.0,0.0,-0.001
5732649028,5732648785,0.0,0.0,-0.001
5732655281,5732655027,0.0,0.0,-0.001
5732659003,5732658772,0.0,0.0,-0.001
5732666491,5732666263,0.0,0.0,-0.001
5732668996,5732668760,0.0,0.0,-0.001
5732672737,5732672506,0.0,0.0,-0.001
5732680229,5732679996,0.0,0.0,-0.001
5732683979,5732683742,0.0,0.0,-0.001
5732690219,5732689984,0.0,0.0,-0.001
5732693983,5732693729,0.0,0.0,-0.001
5732698955,5732698723,0.0,0.0,-0.001
5732703958,5732703717,0.0,0.0,-0.001
5732708958,5732708711,0.0,0.0,-0.001
5732715198,5732714953,0.0,0.0,-0.001
5732718938,5732718698,0.0,0.0,-0.001
5732725177,5732724940,0.0,0.0,-0.001
5732728933,5732728685,0.0,0.0,-0.001
5732736417,5732736176,0.0,0.0,-0.001
5732738908,5732738673,0.0,0.0,-0.001
5732742652,5732742419,0.0,0.0,-0.001
5732750145,5732749909,0.0,0.0,-0.001
5732753903,5732753655,0.0,0.0,-0.001
5732760145,5732759898,0.0,0.0,-0.001
5732763876,5732763642,0.0,0.0,-0.001
5732768876,5732768636,0.0,0.0,-0.001
5732773872,5732773630,0.0,0.0,-0.001
5732778861,5732778624,0.0,0.0,-0.001
5732785092,5732784866,0.0,0.0,-0.001
5732788844,5732788611,0.0,0.0,-0.001
5732795092,5732794853,0.0,0.0,-0.001
5732798863,5732798599,0.0,0.0,-0.001
5732806322,5732806089,0.0,0.0,-0.001
5732810125,5732809834,0.0,0.0,-0.001
5732812576,5732812332,0.0,0.0,-0.001
5732820066,5732819826,0.0,0.0,-0.001
5732823819,5732823568,0.0,0.0,-0.001
5732830054,5732829810,0.0,0.0,-0.001
5732833809,5732833555,0.0,0.0,-0.001
5732838790,5732838549,0.0,0.0,-0.001
5732843788,5732843543,0.0,0.0,-0.001
5732848774,5732848537,0.0,0.0,-0.001
5732855012,5732854779,0.0,0.0,-0.001
5732858769,5732858524,0.0,0.0,-0.001
5732865012,5732864770,0.0,0.0,-0.001
5732868753,5732868512,0.0,0.0,-0.001
5732876248,5732876002,0.0,0.0,-0.001
5732880001,5732879748,0.0,0.0,-0.001
5732882482,5732882244,0.0,0.0,-0.001
5732889971,5732889735,0.0,0.0,-0.001
5732893723,5732893481,0.0,0.0,-0.001
5732898720,5732898474,0.0,0.0,-0.001
5732903731,5732903468,0.0,0.0,-0.001
5732908702,5732908462,0.0,0.0,-0.001
5732914949,5732914704,0.0,0.0,-0.001
5732918692,5732918449,0.0,0.0,-0.001
5732924933,5732924692,0.0,0.0,-0.001
5732928687,5732928437,0.0,0.0,-0.001
5732934914,5732934679,0.0,0.0,-0.001
5732938675,5732938425,0.0,0.0,-0.001
5732946152,5732945915,0.0,0.0,-0.001
5732949909,5732949661,0.0,0.0,-0.001
5732952396,5732952158,0.0,0.0,-0.001
5732959896,5732959648,0.0,0.0,-0.001
5732963642,5732963394,0.0,0.0,-0.001
5732968630,5732968388,0.0,0.0,-0.001
5732973619,5732973381,0.0,0.0,-0.001
5732978619,5732978375,0.0,0.0,-0.001
5732984856,5732984617,0.0,0.0,-0.001
5732988609,5732988362,0.0,0.0,-0.001
5732994845,5732994605,0.0,0.0,-0.001
5732998590,5732998350,0.0,0.0,-0.001
5733004831,5733004592,0.0,0.0,-0.001
5733008586,5733008338,0.0,0.0,-0.001
5733016065,5733015828,0.0,0.0,-0.001
5733019814,5733019574,0.0,0.0,-0.001
5733022319,5733022071,0.0,0.0,-0.001
5733029814,5733029562,0.0,0.0,-0.001
5733033566,5733033307,0.0,0.0,-0.001
5733037299,5733037052,0.0,0.0,-0.001
5733043538,5733043294,0.0,0.0,-0.001
5733048531,5733048288,0.0,0.0,-0.001
5733054765,5733054530,0.0,0.0,-0.001
5733058515,5733058275,0.0,0.0,-0.001
5733064749,5733064517,0.0,0.0,-0.001
5733068504,5733068263,0.0,0.0,-0.001
5733074734,5733074506,0.0,0.0,-0.001
5733078498,5733078255,0.0,0.0,-0.001
5733085981,5733085741,0.0,0.0,-0.001
5733089744,5733089491,0.0,0.0,-0.001
5733093488,5733093232,0.0,0.0,-0.001
5733099718,5733099474,0.0,0.0,-0.001
5733103479,5733103220,0.0,0.0,-0.001
5733108458,5733108213,0.0,0.0,-0.001
5733113454,5733113207,0.0,0.0,-0.001
5733118446,5733118206,0.0,0.0,-0.001
5733124680,5733124443,0.0,0.0,-0.001
5733128444,5733128188,0.0,0.0,-0.001
5733134667,5733134431,0.0,0.0,-0.001
5733138437,5733138176,0.0,0.0,-0.001
5733145905,5733145667,0.0,0.0,-0.001
5733148405,5733148164,0.0,0.0,-0.001
5733155887,5733155654,0.0,0.0,-0.001
5733159641,5733159400,0.0,0.0,-0.001
5733163404,5733163145,0.0,0.0,-0.001
5733169630,5733169388,0.0,0.0,-0.001
5733173387,5733173140,0.0,0.0,-0.001
5733178363,5733178126,0.0,0.0,-0.001
5733183365,5733183121,0.0,0.0,-0.001
5733190841,5733190611,0.0,0.0,-0.001
5733194593,5733194356,0.0,0.0,-0.001
5733198354,5733198102,0.0,0.0,-0.001
5733204579,5733204344,0.0,0.0,-0.001
5733208338,5733208089,0.0,0.0,-0.001
5733215811,5733215580,0.0,0.0,-0.001
5733218329,5733218076,0.0,0.0,-0.001
5733225808,5733225567,0.0,0.0,-0.001
5733229560,5733229314,0.0,0.0,-0.001
5733233311,5733233058,0.0,0.0,-0.001
5733239540,5733239306,0.0,0.0,-0.001
5733243294,5733243046,0.0,0.0,-0.001
5733248296,5733248039,0.0,0.0,-0.001
5733253296,5733253033,0.0,0.0,-0.001
5733258275,5733258027,0.0,0.0,-0.001
5733264505,5733264269,0.0,0.0,-0.001
5733268274,5733268015,0.0,0.0,-0.001
5733274488,5733274257,0.0,0.0,-0.001
5733278248,5733278002,0.0,0.0,-0.001
5733285735,5733285493,0.0,0.0,-0.001
5733289486,5733289238,0.0,0.0,-0.001
5733295715,5733295480,0.0,0.0,-0.001
5733299479,5733299230,0.0,0.0,-0.001
5733303215,5733302971,0.0,0.0,-0.001
5733308211,5733307965,0.0,0.0,-0.001
5733313200,5733312959,0.0,0.0,-0.001
5733320684,5733320449,0.0,0.0,-0.001
5733324435,5733324194,0.0,0.0,-0.001
5733328179,5733327940,0.0,0.0,-0.001
5733334413,5733334182,0.0,0.0,-0.001
5733338181,5733337932,0.0,0.0,-0.001
5733344414,5733344175,0.0,0.0,-0.001
5733348158,5733347915,0.0,0.0,-0.001
5733355640,5733355406,0.0,0.0,-0.001
5733359406,5733359151,0.0,0.0,-0.001
5733365630,5733365393,0.0,0.0,-0.001
5733369379,5733369139,0.0,0.0,-0.001
5733373132,5733372884,0.0,0.0,-0.001
5733378115,5733377878,0.0,0.0,-0.001
5733383123,5733382878,0.0,0.0,-0.001
5733390598,5733390362,0.0,0.0,-0.001
5733394349,5733394108,0.0,0.0,-0.001
5733398108,5733397853,0.0,0.0,-0.001
5733404339,5733404095,0.0,0.0,-0.001
5733408086,5733407841,0.0,0.0,-0.001
5733414334,5733414083,0.0,0.0,-0.001
5733418068,5733417828,0.0,0.0,-0.001
5733425561,5733425319,0.0,0.0,-0.001
5733429317,5733429064,0.0,0.0,-0.001
5733435544,5733435306,0.0,0.0,-0.001
5733439298,5733439052,0.0,0.0,-0.001
5733443045,5733442797,0.0,0.0,-0.001
5733448033,5733447791,0.0,0.0,-0.001
5733453024,5733452785,0.0,0.0,-0.001
5733458020,5733457778,0.0,0.0,-0.001
5733464294,5733464021,0.0,0.0,-0.001
5733468011,5733467766,0.0,0.0,-0.001
5733474254,5733474009,0.0,0.0,-0.001
5733477995,5733477754,0.0,0.0,-0.001
5733484233,5733483995,0.0,0.0,-0.001
5733488008,5733487741,0.0,0.0,-0.001
5733495485,5733495232,0.0,0.0,-0.001
5733499217,5733498977,0.0,0.0,-0.001
5733505471,5733505220,0.0,0.0,-0.001
5733509199,5733508965,0.0,0.0,-0.001
5733512967,5733512710,0.0,0.0,-0.001
5733517941,5733517704,0.0,0.0,-0.001
5733524183,5733523947,0.0,0.0,-0.001
5733530419,5733530188,0.0,0.0,-0.001
5733534166,5733533934,0.0,0.0,-0.001
5733537930,5733537679,0.0,0.0,-0.001
5733544160,5733543921,0.0,0.0,-0.001
5733547917,5733547667,0.0,0.0,-0.001
5733555416,5733555158,0.0,0.0,-0.001
5733557892,5733557654,0.0,0.0,-0.001
5733565382,5733565146,0.0,0.0,-0.001
5733569126,5733568890,0.0,0.0,-0.001
5733575369,5733575132,0.0,0.0,-0.001
5733579119,5733578878,0.0,0.0,-0.001
5733582859,5733582623,0.0,0.0,-0.001
5733587855,5733587617,0.0,0.0,-0.001
5733592859,5733592611,0.0,0.0,-0.001
5733600340,5733600101,0.0,0.0,-0.001
5733604083,5733603847,0.0,0.0,-0.001
5733610334,5733610089,0.0,0.0,-0.001
5733614076,5733613834,0.0,0.0,-0.001
5733617821,5733617580,0.0,0.0,-0.001
5733625319,5733625070,0.0,0.0,-0.001
5733629060,5733628816,0.0,0.0,-0.001
5733635309,5733635058,0.0,0.0,-0.001
5733639042,5733638803,0.0,0.0,-0.001
5733645291,5733645045,0.0,0.0,-0.001
5733649044,5733648791,0.0,0.0,-0.001
5733652789,5733652536,0.0,0.0,-0.001
5733660336,5733660029,0.0,0.0,-0.001
5733664024,5733663772,0.0,0.0,-0.001
5733667758,5733667521,0.0,0.0,-0.001
5733673998,5733673760,0.0,0.0,-0.001
5733677747,5733677505,0.0,0.0,-0.001
5733683981,5733683747,0.0,0.0,-0.001
5733687736,5733687493,0.0,0.0,-0.001
5733695221,5733694983,0.0,0.0,-0.001
5733698971,5733698730,0.0,0.0,-0.001
5733705205,5733704971,0.0,0.0,-0.001
5733708968,5733708716,0.0,0.0,-0.001
5733716448,5733716207,0.0,0.0,-0.001
5733718940,5733718704,0.0,0.0,-0.001
5733722713,5733722449,0.0,0.0,-0.001
5733730185,5733729940,0.0,0.0,-0.001
5733733931,5733733685,0.0,0.0,-0.001
5733740166,5733739927,0.0,0.0,-0.001
5733743903,5733743673,0.0,0.0,-0.001
5733751416,5733751163,0.0,0.0,-0.001
5733753898,5733753660,0.0,0.0,-0.001
5733757653,5733757406,0.0,0.0,-0.001
5733765135,5733764896,0.0,0.0,-0.001
5733768883,5733768642,0.0,0.0,-0.001
5733775117,5733774884,0.0,0.0,-0.001
5733778871,5733778629,0.0,0.0,-0.001
5733786372,5733786120,0.0,0.0,-0.001
