timestamp,timestamp_sample,xyz[0],xyz[1],xyz[2]
5111924240,5111924000,0.0,0.0,-0.001
5111925491,5111925249,0.0,0.0,-0.001
5111931775,5111931491,0.0,0.0,-0.001
5111937967,5111937733,0.0,0.0,-0.001
5111940487,5111940236,0.0,0.0,-0.001
5111944214,5111943975,0.0,0.0,-0.001
5111951708,5111951466,0.0,0.0,-0.001
5111955451,5111955211,0.0,0.0,-0.001
5111961694,5111961454,0.0,0.0,-0.001
5111965447,5111965199,0.0,0.0,-0.001
5111972933,5111972689,0.0,0.0,-0.001
5112014123,5112013888,0.0,0.0,-0.001
5112021620,5112021378,0.0,0.0,-0.001
5112025382,5112025124,0.0,0.0,-0.001
5112032850,5112032615,0.0,0.0,-0.001
5112035347,5112035111,0.0,0.0,-0.001
5112042844,5112042602,0.0,0.0,-0.001
5112045352,5112045099,0.0,0.0,-0.001
5112049084,5112048844,0.0,0.0,-0.001
5112056590,5112056336,0.0,0.0,-0.001
5112061570,5112061328,0.0,0.0,-0.001
5112066562,5112066322,0.0,0.0,-0.001
5112071556,5112071316,0.0,0.0,-0.001
5112077789,5112077558,0.0,0.0,-0.001
5112081547,5112081303,0.0,0.0,-0.001
5112084042,5112083800,0.0,0.0,-0.001
5112091534,5112091291,0.0,0.0,-0.001
5112095281,5112095036,0.0,0.0,-0.001
5112101516,5112101278,0.0,0.0,-0.001
5112105276,5112105032,0.0,0.0,-0.001
5112112756,5112112514,0.0,0.0,-0.001
5112116513,5112116271,0.0,0.0,-0.001
5112118993,5112118759,0.0,0.0,-0.001
5112126504,5112126247,0.0,0.0,-0.001
5112131489,5112131241,0.0,0.0,-0.001
5112136487,5112136234,0.0,0.0,-0.001
5112141483,5112141228,0.0,0.0,-0.001
5112147700,5112147470,0.0,0.0,-0.001
5112151466,5112151216,0.0,0.0,-0.001
5112153949,5112153712,0.0,0.0,-0.001
5112161444,5112161203,0.0,0.0,-0.001
5112165183,5112164948,0.0,0.0,-0.001
5112171433,5112171191,0.0,0.0,-0.001
5112175174,5112174936,0.0,0.0,-0.001
5112182669,5112182429,0.0,0.0,-0.001
5112186431,5112186172,0.0,0.0,-0.001
5112188906,5112188670,0.0,0.0,-0.001
5112196401,5112196159,0.0,0.0,-0.001
5112201393,5112201153,0.0,0.0,-0.001
5112206394,5112206147,0.0,0.0,-0.001
5112211384,5112211141,0.0,0.0,-0.001
5112217612,5112217382,0.0,0.0,-0.001
5112221370,5112221128,0.0,0.0,-0.001
5112223858,5112223625,0.0,0.0,-0.001
5112231363,5112231116,0.0,0.0,-0.001
5112235093,5112234860,0.0,0.0,-0.001
5112242594,5112242352,0.0,0.0,-0.001
5112245085,5112244848,0.0,0.0,-0.001
5112252580,5112252339,0.0,0.0,-0.001
5112256344,5112256084,0.0,0.0,-0.001
5112261333,5112261078,0.0,0.0,-0.001
5112266328,5112266072,0.0,0.0,-0.001
5112271319,5112271065,0.0,0.0,-0.001
5112276307,5112276059,0.0,0.0,-0.001
5112281312,5112281053,0.0,0.0,-0.001
5112287530,5112287295,0.0,0.0,-0.001
5112291299,5112291050,0.0,0.0,-0.001
5112293776,5112293537,0.0,0.0,-0.001
5112301279,5112301028,0.0,0.0,-0.001
5112305018,5112304773,0.0,0.0,-0.001
5112312504,5112312264,0.0,0.0,-0.001
5112314991,5112314760,0.0,0.0,-0.001
5112322549,5112322252,0.0,0.0,-0.001
5112326257,5112325997,0.0,0.0,-0.001
5112329973,5112329742,0.0,0.0,-0.001
5112336219,5112335984,0.0,0.0,-0.001
5112341218,5112340978,0.0,0.0,-0.001
5112347474,5112347226,0.0,0.0,-0.001
5112351208,5112350965,0.0,0.0,-0.001
5112357450,5112357207,0.0,0.0,-0.001
5112361194,5112360953,0.0,0.0,-0.001
5112364953,5112364698,0.0,0.0,-0.001
5112371182,5112370940,0.0,0.0,-0.001
5112374916,5112374686,0.0,0.0,-0.001
5112382424,5112382176,0.0,0.0,-0.001
5112384956,5112384673,0.0,0.0,-0.001
5112392402,5112392167,0.0,0.0,-0.001
5112396149,5112395909,0.0,0.0,-0.001
5112401154,5112400903,0.0,0.0,-0.001
5112406201,5112405900,0.0,0.0,-0.001
5112411127,5112410890,0.0,0.0,-0.001
5112417372,5112417132,0.0,0.0,-0.001
5112421192,5112420882,0.0,0.0,-0.001
5112427360,5112427120,0.0,0.0,-0.001
5112431107,5112430871,0.0,0.0,-0.001
5112434844,5112434610,0.0,0.0,-0.001
5112441095,5112440853,0.0,0.0,-0.001
5112444826,5112444598,0.0,0.0,-0.001
5112452322,5112452088,0.0,0.0,-0.001
5112456074,5112455833,0.0,0.0,-0.001
5112462318,5112462077,0.0,0.0,-0.001
5112466131,5112465824,0.0,0.0,-0.001
5112472306,5112472064,0.0,0.0,-0.001
5112476050,5112475809,0.0,0.0,-0.001
5112479801,5112479554,0.0,0.0,-0.001
5112487288,5112487045,0.0,0.0,-0.001
5112491036,5112490790,0.0,0.0,-0.001
5112497278,5112497032,0.0,0.0,-0.001
5112501019,5112500779,0.0,0.0,-0.001
5112504757,5112504522,0.0,0.0,-0.001
5112511067,5112510766,0.0,0.0,-0.001
5112514747,5112514510,0.0,0.0,-0.001
5112522244,5112522000,0.0,0.0,-0.001
5112524739,5112524499,0.0,0.0,-0.001
5112532231,5112531989,0.0,0.0,-0.001
5112535980,5112535734,0.0,0.0,-0.001
5112541044,5112540727,0.0,0.0,-0.001
5112545964,5112545721,0.0,0.0,-0.001
5112552203,5112551964,0.0,0.0,-0.001
5112557197,5112556957,0.0,0.0,-0.001
5112560964,5112560704,0.0,0.0,-0.001
5112567185,5112566944,0.0,0.0,-0.001
5112570979,5112570690,0.0,0.0,-0.001
5112574675,5112574435,0.0,0.0,-0.001
5112580934,5112580677,0.0,0.0,-0.001
5112584656,5112584423,0.0,0.0,-0.001
5112592149,5112591913,0.0,0.0,-0.001
5112595963,5112595658,0.0,0.0,-0.001
5112602147,5112601901,0.0,0.0,-0.001
5112605886,5112605646,0.0,0.0,-0.001
5112610894,5112610640,0.0,0.0,-0.001
5112615926,5112615633,0.0,0.0,-0.001
5112620868,5112620627,0.0,0.0,-0.001
5112627133,5112626872,0.0,0.0,-0.001
5112630907,5112630615,0.0,0.0,-0.001
5112637092,5112636857,0.0,0.0,-0.001
5112640846,5112640602,0.0,0.0,-0.001
5112644591,5112644347,0.0,0.0,-0.001
5112650836,5112650590,0.0,0.0,-0.001
5112654583,5112654335,0.0,0.0,-0.001
5112662077,5112661825,0.0,0.0,-0.001
5112665812,5112665572,0.0,0.0,-0.001
5112672068,5112671813,0.0,0.0,-0.001
5112675833,5112675558,0.0,0.0,-0.001
5112680793,5112680552,0.0,0.0,-0.001
5112685782,5112685546,0.0,0.0,-0.001
5112690823,5112690540,0.0,0.0,-0.001
5112697012,5112696782,0.0,0.0,-0.001
5112700770,5112700527,0.0,0.0,-0.001
5112707011,5112706769,0.0,0.0,-0.001
5112710761,5112710515,0.0,0.0,-0.001
5112714522,5112714271,0.0,0.0,-0.001
5112722016,5112721750,0.0,0.0,-0.001
5112724509,5112724248,0.0,0.0,-0.001
5112731973,5112731738,0.0,0.0,-0.001
5112735748,5112735484,0.0,0.0,-0.001
5112740728,5112740477,0.0,0.0,-0.001
5112750746,5112750465,0.0,0.0,-0.001
5112753194,5112752961,0.0,0.0,-0.001
5112756953,5112756707,0.0,0.0,-0.001
5112760686,5112760452,0.0,0.0,-0.001
5112766938,5112766694,0.0,0.0,-0.001
5112770673,5112770439,0.0,0.0,-0.001
5112776926,5112776681,0.0,0.0,-0.001
5112784409,5112784172,0.0,0.0,-0.001
5112788177,5112787917,0.0,0.0,-0.001
5112791903,5112791662,0.0,0.0,-0.001
5112798133,5112797905,0.0,0.0,-0.001
5112801880,5112801650,0.0,0.0,-0.001
5112810653,5112810389,0.0,0.0,-0.001
5112811890,5112811644,0.0,0.0,-0.001
5112819363,5112819128,0.0,0.0,-0.001
5112823105,5112822873,0.0,0.0,-0.001
5112826853,5112826619,0.0,0.0,-0.001
5112833121,5112832861,0.0,0.0,-0.001
5112836834,5112836606,0.0,0.0,-0.001
5112844340,5112844097,0.0,0.0,-0.001
5112846820,5112846594,0.0,0.0,-0.001
5112854317,5112854085,0.0,0.0,-0.001
5112858063,5112857830,0.0,0.0,-0.001
5112861809,5112861575,0.0,0.0,-0.001
5112868051,5112867817,0.0,0.0,-0.001
5112871797,5112871562,0.0,0.0,-0.001
5112879301,5112879053,0.0,0.0,-0.001
5112881796,5112881558,0.0,0.0,-0.001
5112890526,5112890289,0.0,0.0,-0.001
5112893038,5112892786,0.0,0.0,-0.001
5112896758,5112896531,0.0,0.0,-0.001
5112903003,5112902773,0.0,0.0,-0.001
5112906747,5112906518,0.0,0.0,-0.001
5112914245,5112914009,0.0,0.0,-0.001
5112917983,5112917754,0.0,0.0,-0.001
5112924234,5112923997,0.0,0.0,-0.001
5112927968,5112927742,0.0,0.0,-0.001
5112931725,5112931487,0.0,0.0,-0.001
5112937977,5112937729,0.0,0.0,-0.001
5112941716,5112941475,0.0,0.0,-0.001
5112950448,5112950214,0.0,0.0,-0.001
5112952975,5112952711,0.0,0.0,-0.001
5112959182,5112958953,0.0,0.0,-0.001
5112962929,5112962698,0.0,0.0,-0.001
5112966677,5112966444,0.0,0.0,-0.001
5112972922,5112972686,0.0,0.0,-0.001
5112976664,5112976431,0.0,0.0,-0.001
5112984204,5112983922,0.0,0.0,-0.001
5112987901,5112987668,0.0,0.0,-0.001
5112994137,5112993909,0.0,0.0,-0.001
5112997922,5112997655,0.0,0.0,-0.001
5113001635,5113001400,0.0,0.0,-0.001
5113007873,5113007642,0.0,0.0,-0.001
5113011619,5113011387,0.0,0.0,-0.001
5113020379,5113020126,0.0,0.0,-0.001
5113022849,5113022623,0.0,0.0,-0.001
5113030347,5113030114,0.0,0.0,-0.001
5113032853,5113032610,0.0,0.0,-0.001
5113036589,5113036356,0.0,0.0,-0.001
5113042842,5113042598,0.0,0.0,-0.001
5113046614,5113046344,0.0,0.0,-0.001
5113054070,5113053834,0.0,0.0,-0.001
5113057820,5113057580,0.0,0.0,-0.001
5113064051,5113063821,0.0,0.0,-0.001
5113067796,5113067567,0.0,0.0,-0.001
5113071552,5113071312,0.0,0.0,-0.001
5113077807,5113077554,0.0,0.0,-0.001
5113081547,5113081300,0.0,0.0,-0.001
5113090287,5113090039,0.0,0.0,-0.001
5113092762,5113092536,0.0,0.0,-0.001
5113099003,5113098778,0.0,0.0,-0.001
5113102764,5113102525,0.0,0.0,-0.001
5113106500,5113106269,0.0,0.0,-0.001
5113113997,5113113759,0.0,0.0,-0.001
5113116495,5113116264,0.0,0.0,-0.001
5113123973,5113123746,0.0,0.0,-0.001
5113127720,5113127491,0.0,0.0,-0.001
5113131482,5113131237,0.0,0.0,-0.001
5113137707,5113137479,0.0,0.0,-0.001
5113141468,5113141225,0.0,0.0,-0.001
5113150199,5113149963,0.0,0.0,-0.001
5113151445,5113151212,0.0,0.0,-0.001
5113160189,5113159951,0.0,0.0,-0.001
5113162690,5113162448,0.0,0.0,-0.001
5113166435,5113166193,0.0,0.0,-0.001
5113172670,5113172435,0.0,0.0,-0.001
5113176411,5113176181,0.0,0.0,-0.001
5113183903,5113183671,0.0,0.0,-0.001
5113186404,5113186169,0.0,0.0,-0.001
5113193888,5113193659,0.0,0.0,-0.001
5113197636,5113197404,0.0,0.0,-0.001
5113201395,5113201150,0.0,0.0,-0.001
5113207629,5113207392,0.0,0.0,-0.001
5113211371,5113211137,0.0,0.0,-0.001
5113220107,5113219876,0.0,0.0,-0.001
5113221363,5113221125,0.0,0.0,-0.001
5113228841,5113228615,0.0,0.0,-0.001
5113232589,5113232360,0.0,0.0,-0.001
5113240101,5113239851,0.0,0.0,-0.001
5113242576,5113242348,0.0,0.0,-0.001
5113246334,5113246093,0.0,0.0,-0.001
5113253815,5113253583,0.0,0.0,-0.001
5113256328,5113256081,0.0,0.0,-0.001
5113263816,5113263571,0.0,0.0,-0.001
5113267553,5113267318,0.0,0.0,-0.001
5113273788,5113273558,0.0,0.0,-0.001
5113277537,5113277304,0.0,0.0,-0.001
5113281300,5113281049,0.0,0.0,-0.001
5113290053,5113289789,0.0,0.0,-0.001
5113291294,5113291037,0.0,0.0,-0.001
5113300010,5113299776,0.0,0.0,-0.001
5113302500,5113302272,0.0,0.0,-0.001
5113306275,5113306018,0.0,0.0,-0.001
5113312496,5113312260,0.0,0.0,-0.001
5113316242,5113316006,0.0,0.0,-0.001
5113323730,5113323496,0.0,0.0,-0.001
5113326224,5113325993,0.0,0.0,-0.001
5113333714,5113333483,0.0,0.0,-0.001
5113337467,5113337229,0.0,0.0,-0.001
5113344968,5113344719,0.0,0.0,-0.001
5113347449,5113347216,0.0,0.0,-0.001
5113351247,5113350962,0.0,0.0,-0.001
5113359934,5113359701,0.0,0.0,-0.001
5113362432,5113362198,0.0,0.0,-0.001
5113369929,5113369688,0.0,0.0,-0.001
5113372414,5113372186,0.0,0.0,-0.001
5113379914,5113379679,0.0,0.0,-0.001
5113382430,5113382173,0.0,0.0,-0.001
5113386145,5113385918,0.0,0.0,-0.001
5113393636,5113393408,0.0,0.0,-0.001
5113397394,5113397155,0.0,0.0,-0.001
5113403636,5113403397,0.0,0.0,-0.001
5113407376,5113407141,0.0,0.0,-0.001
5113414873,5113414632,0.0,0.0,-0.001
5113417353,5113417129,0.0,0.0,-0.001
5113421104,5113420874,0.0,0.0,-0.001
5113429848,5113429613,0.0,0.0,-0.001
5113432345,5113432110,0.0,0.0,-0.001
5113439831,5113439604,0.0,0.0,-0.001
5113442327,5113442099,0.0,0.0,-0.001
5113449823,5113449588,0.0,0.0,-0.001
5113452319,5113452088,0.0,0.0,-0.001
5113456063,5113455830,0.0,0.0,-0.001
5113463558,5113463321,0.0,0.0,-0.001
5113467317,5113467066,0.0,0.0,-0.001
5113473542,5113473309,0.0,0.0,-0.001
5113477292,5113477054,0.0,0.0,-0.001
5113484778,5113484546,0.0,0.0,-0.001
5113487280,5113487041,0.0,0.0,-0.001
5113491038,5113490787,0.0,0.0,-0.001
5113498506,5113498277,0.0,0.0,-0.001
5113502262,5113502022,0.0,0.0,-0.001
5113509747,5113509513,0.0,0.0,-0.001
5113512243,5113512010,0.0,0.0,-0.001
5113519734,5113519500,0.0,0.0,-0.001
5113523486,5113523245,0.0,0.0,-0.001
5113525970,5113525742,0.0,0.0,-0.001
5113533482,5113533233,0.0,0.0,-0.001
5113537209,5113536980,0.0,0.0,-0.001
5113543454,5113543221,0.0,0.0,-0.001
5113547197,5113546966,0.0,0.0,-0.001
5113554688,5113554456,0.0,0.0,-0.001
5113559687,5113559450,0.0,0.0,-0.001
5113562222,5113561947,0.0,0.0,-0.001
5113569670,5113569438,0.0,0.0,-0.001
5113572166,5113571934,0.0,0.0,-0.001
5113579664,5113579432,0.0,0.0,-0.001
5113582148,5113581923,0.0,0.0,-0.001
5113585906,5113585667,0.0,0.0,-0.001
5113593425,5113593158,0.0,0.0,-0.001
5113595881,5113595655,0.0,0.0,-0.001
5113603371,5113603145,0.0,0.0,-0.001
5113607121,5113606891,0.0,0.0,-0.001
5113613370,5113613133,0.0,0.0,-0.001
5113617110,5113616878,0.0,0.0,-0.001
5113624630,5113624369,0.0,0.0,-0.001
5113629597,5113629363,0.0,0.0,-0.001
5113630846,5113630611,0.0,0.0,-0.001
5113638335,5113638102,0.0,0.0,-0.001
5113642083,5113641847,0.0,0.0,-0.001
5113649571,5113649338,0.0,0.0,-0.001
5113652076,5113651834,0.0,0.0,-0.001
5113659563,5113659330,0.0,0.0,-0.001
5113663307,5113663071,0.0,0.0,-0.001
5113665804,5113665567,0.0,0.0,-0.001
5113673302,5113673058,0.0,0.0,-0.001
5113677035,5113676803,0.0,0.0,-0.001
5113683287,5113683045,0.0,0.0,-0.001
5113687049,5113686791,0.0,0.0,-0.001
5113694513,5113694286,0.0,0.0,-0.001
5113698272,5113698026,0.0,0.0,-0.001
5113700756,5113700524,0.0,0.0,-0.001
5113709495,5113709263,0.0,0.0,-0.001
5113711986,5113711759,0.0,0.0,-0.001
5113719491,5113719255,0.0,0.0,-0.001
5113721976,5113721747,0.0,0.0,-0.001
5113729482,5113729245,0.0,0.0,-0.001
5113733216,5113732983,0.0,0.0,-0.001
5113736964,5113736728,0.0,0.0,-0.001
5113743196,5113742970,0.0,0.0,-0.001
5113746942,5113746716,0.0,0.0,-0.001
5113754446,5113754207,0.0,0.0,-0.001
5113756945,5113756703,0.0,0.0,-0.001
5113764423,5113764193,0.0,0.0,-0.001
5113769420,5113769188,0.0,0.0,-0.001
5113771925,5113771684,0.0,0.0,-0.001
5113779408,5113779175,0.0,0.0,-0.001
5113781909,5113781672,0.0,0.0,-0.001
5113789405,5113789163,0.0,0.0,-0.001
5113791885,5113791659,0.0,0.0,-0.001
5113799380,5113799150,0.0,0.0,-0.001
5113803122,5113802895,0.0,0.0,-0.001
5113806869,5113806641,0.0,0.0,-0.001
5113813109,5113812883,0.0,0.0,-0.001
5113816871,5113816628,0.0,0.0,-0.001
5113824354,5113824119,0.0,0.0,-0.001
5113826842,5113826615,0.0,0.0,-0.001
5113834343,5113834106,0.0,0.0,-0.001
5113839333,5113839100,0.0,0.0,-0.001
5113841826,5113841597,0.0,0.0,-0.001
5113849326,5113849088,0.0,0.0,-0.001
5113851811,5113851584,0.0,0.0,-0.001
5113859317,5113859075,0.0,0.0,-0.001
5113861798,5113861571,0.0,0.0,-0.001
5113869302,5113869062,0.0,0.0,-0.001
5113873038,5113872807,0.0,0.0,-0.001
5113876785,5113876553,0.0,0.0,-0.001
5113883028,5113882795,0.0,0.0,-0.001
5113886776,5113886540,0.0,0.0,-0.001
5113894276,5113894031,0.0,0.0,-0.001
5113899279,5113899029,0.0,0.0,-0.001
5113904258,5113904018,0.0,0.0,-0.001
5113909265,5113909013,0.0,0.0,-0.001
5113911733,5113911509,0.0,0.0,-0.001
5113919232,5113919000,0.0,0.0,-0.001
5113921730,5113921496,0.0,0.0,-0.001
5113929241,5113928987,0.0,0.0,-0.001
5113932968,5113932732,0.0,0.0,-0.001
5113939207,5113938975,0.0,0.0,-0.001
5113942945,5113942720,0.0,0.0,-0.001
5113946700,5113946466,0.0,0.0,-0.001
5113952945,5113952707,0.0,0.0,-0.001
5113956682,5113956453,0.0,0.0,-0.001
5113964180,5113963943,0.0,0.0,-0.001
5113969173,5113968937,0.0,0.0,-0.001
5113974165,5113973931,0.0,0.0,-0.001
5113979160,5113978925,0.0,0.0,-0.001
5113981649,5113981421,0.0,0.0,-0.001
5113989143,5113988912,0.0,0.0,-0.001
5113991639,5113991409,0.0,0.0,-0.001
5113999129,5113998900,0.0,0.0,-0.001
5114002881,5114002645,0.0,0.0,-0.001
5114009117,5114008887,0.0,0.0,-0.001
5114012867,5114012632,0.0,0.0,-0.001
5114016612,5114016378,0.0,0.0,-0.001
5114022845,5114022620,0.0,0.0,-0.001
5114026601,5114026365,0.0,0.0,-0.001
5114034099,5114033856,0.0,0.0,-0.001
5114039086,5114038849,0.0,0.0,-0.001
5114044080,5114043843,0.0,0.0,-0.001
5114049075,5114048837,0.0,0.0,-0.001
5114051563,5114051334,0.0,0.0,-0.001
5114059058,5114058825,0.0,0.0,-0.001
5114061553,5114061327,0.0,0.0,-0.001
5114069045,5114068812,0.0,0.0,-0.001
5114072787,5114072557,0.0,0.0,-0.001
5114076538,5114076303,0.0,0.0,-0.001
5114082775,5114082545,0.0,0.0,-0.001
5114086523,5114086290,0.0,0.0,-0.001
5114092764,5114092532,0.0,0.0,-0.001
5114096514,5114096278,0.0,0.0,-0.001
5114103998,5114103768,0.0,0.0,-0.001
5114108997,5114108762,0.0,0.0,-0.001
5114111486,5114111258,0.0,0.0,-0.001
5114118982,5114118749,0.0,0.0,-0.001
5114121487,5114121246,0.0,0.0,-0.001
5114128979,5114128737,0.0,0.0,-0.001
5114131497,5114131234,0.0,0.0,-0.001
5114138965,5114138725,0.0,0.0,-0.001
5114142704,5114142474,0.0,0.0,-0.001
5114146454,5114146215,0.0,0.0,-0.001
5114152686,5114152457,0.0,0.0,-0.001
5114156435,5114156203,0.0,0.0,-0.001
5114163938,5114163693,0.0,0.0,-0.001
5114166420,5114166190,0.0,0.0,-0.001
5114173917,5114173681,0.0,0.0,-0.001
5114178905,5114178674,0.0,0.0,-0.001
5114181415,5114181171,0.0,0.0,-0.001
5114188901,5114188662,0.0,0.0,-0.001
5114191384,5114191158,0.0,0.0,-0.001
5114198895,5114198650,0.0,0.0,-0.001
5114201380,5114201146,0.0,0.0,-0.001
5114208869,5114208637,0.0,0.0,-0.001
5114212615,5114212382,0.0,0.0,-0.001
5114216360,5114216127,0.0,0.0,-0.001
5114222613,5114222370,0.0,0.0,-0.001
5114226344,5114226115,0.0,0.0,-0.001
5114233838,5114233605,0.0,0.0,-0.001
5114236334,5114236102,0.0,0.0,-0.001
5114243832,5114243593,0.0,0.0,-0.001
5114247571,5114247338,0.0,0.0,-0.001
5114253812,5114253580,0.0,0.0,-0.001
5114258805,5114258574,0.0,0.0,-0.001
5114261306,5114261071,0.0,0.0,-0.001
5114268798,5114268561,0.0,0.0,-0.001
5114271294,5114271059,0.0,0.0,-0.001
5114278781,5114278549,0.0,0.0,-0.001
5114282525,5114282294,0.0,0.0,-0.001
5114290027,5114289785,0.0,0.0,-0.001
5114292513,5114292282,0.0,0.0,-0.001
5114296266,5114296027,0.0,0.0,-0.001
5114303751,5114303518,0.0,0.0,-0.001
5114307492,5114307263,0.0,0.0,-0.001
5114313739,5114313505,0.0,0.0,-0.001
5114318750,5114318509,0.0,0.0,-0.001
5114324977,5114324741,0.0,0.0,-0.001
5114328721,5114328487,0.0,0.0,-0.001
5114331212,5114330983,0.0,0.0,-0.001
5114338703,5114338474,0.0,0.0,-0.001
5114342455,5114342219,0.0,0.0,-0.001
5114348744,5114348461,0.0,0.0,-0.001
5114352440,5114352207,0.0,0.0,-0.001
5114359937,5114359697,0.0,0.0,-0.001
5114362439,5114362194,0.0,0.0,-0.001
5114366170,5114365939,0.0,0.0,-0.001
5114373666,5114373430,0.0,0.0,-0.001
5114378658,5114378424,0.0,0.0,-0.001
5114383650,5114383418,0.0,0.0,-0.001
5114387390,5114387163,0.0,0.0,-0.001
5114394878,5114394653,0.0,0.0,-0.001
5114398637,5114398405,0.0,0.0,-0.001
5114401132,5114400896,0.0,0.0,-0.001
5114408621,5114408386,0.0,0.0,-0.001
5114412369,5114412132,0.0,0.0,-0.001
5114418604,5114418374,0.0,0.0,-0.001
5114422350,5114422119,0.0,0.0,-0.001
5114429842,5114429610,0.0,0.0,-0.001
5114432335,5114432106,0.0,0.0,-0.001
5114436085,5114435852,0.0,0.0,-0.001
5114443578,5114443343,0.0,0.0,-0.001
5114447319,5114447088,0.0,0.0,-0.001
5114453568,5114453332,0.0,0.0,-0.001
5114458555,5114458324,0.0,0.0,-0.001
5114464793,5114464566,0.0,0.0,-0.001
5114468547,5114468311,0.0,0.0,-0.001
5114471036,5114470808,0.0,0.0,-0.001
5114478529,5114478299,0.0,0.0,-0.001
5114482290,5114482046,0.0,0.0,-0.001
5114488516,5114488286,0.0,0.0,-0.001
5114492269,5114492035,0.0,0.0,-0.001
5114499755,5114499522,0.0,0.0,-0.001
5114503499,5114503268,0.0,0.0,-0.001
5114505995,5114505764,0.0,0.0,-0.001
5114513489,5114513256,0.0,0.0,-0.001
5114517232,5114517000,0.0,0.0,-0.001
5114523489,5114523242,0.0,0.0,-0.001
5114528532,5114528238,0.0,0.0,-0.001
5114534705,5114534478,0.0,0.0,-0.001
5114538460,5114538223,0.0,0.0,-0.001
5114540955,5114540720,0.0,0.0,-0.001
5114548442,5114548211,0.0,0.0,-0.001
5114552185,5114551956,0.0,0.0,-0.001
5114558433,5114558202,0.0,0.0,-0.001
5114562169,5114561943,0.0,0.0,-0.001
5114569667,5114569435,0.0,0.0,-0.001
5114573423,5114573180,0.0,0.0,-0.001
5114575925,5114575676,0.0,0.0,-0.001
5114583403,5114583168,0.0,0.0,-0.001
5114588398,5114588161,0.0,0.0,-0.001
5114593397,5114593155,0.0,0.0,-0.001
5114598378,5114598149,0.0,0.0,-0.001
5114604616,5114604390,0.0,0.0,-0.001
5114608373,5114608140,0.0,0.0,-0.001
5114610870,5114610632,0.0,0.0,-0.001
5114618355,5114618124,0.0,0.0,-0.001
5114622126,5114621868,0.0,0.0,-0.001
5114628344,5114628111,0.0,0.0,-0.001
5114632094,5114631856,0.0,0.0,-0.001
5114639582,5114639347,0.0,0.0,-0.001
5114643328,5114643093,0.0,0.0,-0.001
5114645818,5114645589,0.0,0.0,-0.001
5114653330,5114653081,0.0,0.0,-0.001
5114658315,5114658073,0.0,0.0,-0.001
5114663328,5114663067,0.0,0.0,-0.001
5114667047,5114666812,0.0,0.0,-0.001
5114674535,5114674303,0.0,0.0,-0.001
5114678286,5114678048,0.0,0.0,-0.001
5114680772,5114680545,0.0,0.0,-0.001
5114688275,5114688036,0.0,0.0,-0.001
5114692007,5114691781,0.0,0.0,-0.001
5114699504,5114699272,0.0,0.0,-0.001
5114702001,5114701768,0.0,0.0,-0.001
5114709495,5114709259,0.0,0.0,-0.001
5114713235,5114713004,0.0,0.0,-0.001
5114718240,5114717998,0.0,0.0,-0.001
5114723243,5114722992,0.0,0.0,-0.001
5114728217,5114727986,0.0,0.0,-0.001
5114734468,5114734228,0.0,0.0,-0.001
5114738206,5114737973,0.0,0.0,-0.001
5114740700,5114740470,0.0,0.0,-0.001
5114748202,5114747961,0.0,0.0,-0.001
5114751941,5114751706,0.0,0.0,-0.001
5114758183,5114757949,0.0,0.0,-0.001
5114761926,5114761693,0.0,0.0,-0.001
5114769425,5114769184,0.0,0.0,-0.001
5114771908,5114771681,0.0,0.0,-0.001
5114779406,5114779171,0.0,0.0,-0.001
5114783150,5114782917,0.0,0.0,-0.001
5114788142,5114787910,0.0,0.0,-0.001
5114793145,5114792905,0.0,0.0,-0.001
5114798135,5114797903,0.0,0.0,-0.001
5114804374,5114804141,0.0,0.0,-0.001
5114808128,5114807886,0.0,0.0,-0.001
5114814364,5114814128,0.0,0.0,-0.001
5114818105,5114817873,0.0,0.0,-0.001
5114821853,5114821620,0.0,0.0,-0.001
5114828101,5114827860,0.0,0.0,-0.001
5114831834,5114831606,0.0,0.0,-0.001
5114839333,5114839096,0.0,0.0,-0.001
5114841822,5114841593,0.0,0.0,-0.001
5114849315,5114849084,0.0,0.0,-0.001
5114853065,5114852829,0.0,0.0,-0.001
5114858059,5114857823,0.0,0.0,-0.001
5114863049,5114862817,0.0,0.0,-0.001
5114868047,5114867810,0.0,0.0,-0.001
5114874300,5114874058,0.0,0.0,-0.001
5114878040,5114877806,0.0,0.0,-0.001
5114884275,5114884040,0.0,0.0,-0.001
5114888018,5114887785,0.0,0.0,-0.001
5114891763,5114891531,0.0,0.0,-0.001
5114898005,5114897773,0.0,0.0,-0.001
5114901746,5114901518,0.0,0.0,-0.001
5114909241,5114909009,0.0,0.0,-0.001
5114912996,5114912754,0.0,0.0,-0.001
5114919234,5114918996,0.0,0.0,-0.001
5114922972,5114922742,0.0,0.0,-0.001
5114927979,5114927737,0.0,0.0,-0.001
5114932973,5114932732,0.0,0.0,-0.001
5114937955,5114937723,0.0,0.0,-0.001
5114944192,5114943965,0.0,0.0,-0.001
5114947950,5114947711,0.0,0.0,-0.001
5114954189,5114953952,0.0,0.0,-0.001
5114957953,5114957705,0.0,0.0,-0.001
5114961672,5114961443,0.0,0.0,-0.001
5114967926,5114967685,0.0,0.0,-0.001
5114971668,5114971431,0.0,0.0,-0.001
5114979149,5114978921,0.0,0.0,-0.001
5114982906,5114982666,0.0,0.0,-0.001
5114989168,5114988909,0.0,0.0,-0.001
5114992898,5114992654,0.0,0.0,-0.001
5114997888,5114997648,0.0,0.0,-0.001
5115002876,5115002642,0.0,0.0,-0.001
5115007876,5115007636,0.0,0.0,-0.001
5115014129,5115013877,0.0,0.0,-0.001
5115017857,5115017623,0.0,0.0,-0.001
5115024099,5115023865,0.0,0.0,-0.001
5115027846,5115027614,0.0,0.0,-0.001
5115031588,5115031355,0.0,0.0,-0.001
5115037830,5115037598,0.0,0.0,-0.001
5115041579,5115041343,0.0,0.0,-0.001
5115049067,5115048834,0.0,0.0,-0.001
5115052814,5115052579,0.0,0.0,-0.001
5115059050,5115058821,0.0,0.0,-0.001
5115062798,5115062566,0.0,0.0,-0.001
5115067796,5115067560,0.0,0.0,-0.001
5115074039,5115073802,0.0,0.0,-0.001
5115077781,5115077548,0.0,0.0,-0.001
5115084019,5115083789,0.0,0.0,-0.001
5115087764,5115087535,0.0,0.0,-0.001
5115094011,5115093777,0.0,0.0,-0.001
5115097760,5115097529,0.0,0.0,-0.001
5115101498,5115101268,0.0,0.0,-0.001
5115108996,5115108758,0.0,0.0,-0.001
5115111486,5115111255,0.0,0.0,-0.001
5115118977,5115118746,0.0,0.0,-0.001
5115122720,5115122491,0.0,0.0,-0.001
5115127721,5115127485,0.0,0.0,-0.001
5115132723,5115132479,0.0,0.0,-0.001
5115137736,5115137474,0.0,0.0,-0.001
5115143947,5115143715,0.0,0.0,-0.001
5115146440,5115146211,0.0,0.0,-0.001
5115153927,5115153702,0.0,0.0,-0.001
5115157680,5115157447,0.0,0.0,-0.001
5115161430,5115161192,0.0,0.0,-0.001
5115167670,5115167437,0.0,0.0,-0.001
5115171411,5115171180,0.0,0.0,-0.001
5115178908,5115178671,0.0,0.0,-0.001
5115181399,5115181168,0.0,0.0,-0.001
5115188890,5115188658,0.0,0.0,-0.001
5115192631,5115192403,0.0,0.0,-0.001
5115196374,5115196149,0.0,0.0,-0.001
5115202632,5115202392,0.0,0.0,-0.001
5115207627,5115207385,0.0,0.0,-0.001
5115213853,5115213627,0.0,0.0,-0.001
5115216364,5115216132,0.0,0.0,-0.001
5115223841,5115223614,0.0,0.0,-0.001
5115227598,5115227360,0.0,0.0,-0.001
5115231337,5115231105,0.0,0.0,-0.001
5115237578,5115237347,0.0,0.0,-0.001
5115241326,5115241093,0.0,0.0,-0.001
5115248820,5115248584,0.0,0.0,-0.001
5115251320,5115251080,0.0,0.0,-0.001
5115258803,5115258571,0.0,0.0,-0.001
5115262560,5115262316,0.0,0.0,-0.001
5115267538,5115267310,0.0,0.0,-0.001
5115272545,5115272303,0.0,0.0,-0.001
5115277531,5115277297,0.0,0.0,-0.001
5115283762,5115283539,0.0,0.0,-0.001
5115287521,5115287285,0.0,0.0,-0.001
5115293761,5115293526,0.0,0.0,-0.001
5115297524,5115297272,0.0,0.0,-0.001
5115301256,5115301017,0.0,0.0,-0.001
5115307495,5115307260,0.0,0.0,-0.001
5115311238,5115311005,0.0,0.0,-0.001
5115318725,5115318495,0.0,0.0,-0.001
5115321221,5115320992,0.0,0.0,-0.001
5115328711,5115328483,0.0,0.0,-0.001
5115332475,5115332228,0.0,0.0,-0.001
5115337452,5115337222,0.0,0.0,-0.001
5115342444,5115342216,0.0,0.0,-0.001
5115347443,5115347209,0.0,0.0,-0.001
5115353706,5115353452,0.0,0.0,-0.001
5115357442,5115357197,0.0,0.0,-0.001
5115363671,5115363439,0.0,0.0,-0.001
5115367418,5115367185,0.0,0.0,-0.001
5115371160,5115370930,0.0,0.0,-0.001
5115377407,5115377172,0.0,0.0,-0.001
5115381160,5115380920,0.0,0.0,-0.001
5115388639,5115388408,0.0,0.0,-0.001
5115392383,5115392153,0.0,0.0,-0.001
5115398629,5115398395,0.0,0.0,-0.001
5115402372,5115402142,0.0,0.0,-0.001
5115407370,5115407135,0.0,0.0,-0.001
5115412363,5115412128,0.0,0.0,-0.001
5115417357,5115417122,0.0,0.0,-0.001
5115423592,5115423364,0.0,0.0,-0.001
5115427344,5115427109,0.0,0.0,-0.001
5115433582,5115433352,0.0,0.0,-0.001
5115437332,5115437099,0.0,0.0,-0.001
5115441080,5115440842,0.0,0.0,-0.001
5115447330,5115447089,0.0,0.0,-0.001
5115451065,5115450829,0.0,0.0,-0.001
5115458552,5115458321,0.0,0.0,-0.001
5115462303,5115462068,0.0,0.0,-0.001
5115468539,5115468308,0.0,0.0,-0.001
5115472288,5115472053,0.0,0.0,-0.001
5115477285,5115477048,0.0,0.0,-0.001
5115482297,5115482040,0.0,0.0,-0.001
5115487273,5115487034,0.0,0.0,-0.001
5115493502,5115493276,0.0,0.0,-0.001
5115497263,5115497023,0.0,0.0,-0.001
5115500999,5115500767,0.0,0.0,-0.001
5115507245,5115507011,0.0,0.0,-0.001
5115511010,5115510754,0.0,0.0,-0.001
5115518479,5115518245,0.0,0.0,-0.001
5115520984,5115520742,0.0,0.0,-0.001
5115528468,5115528232,0.0,0.0,-0.001
5115532209,5115531978,0.0,0.0,-0.001
5115537201,5115536972,0.0,0.0,-0.001
5115542201,5115541965,0.0,0.0,-0.001
5115547197,5115546963,0.0,0.0,-0.001
5115553440,5115553201,0.0,0.0,-0.001
5115555939,5115555698,0.0,0.0,-0.001
5115563429,5115563189,0.0,0.0,-0.001
5115567166,5115566934,0.0,0.0,-0.001
5115573411,5115573176,0.0,0.0,-0.001
5115577163,5115576922,0.0,0.0,-0.001
5115584647,5115584414,0.0,0.0,-0.001
5115588396,5115588157,0.0,0.0,-0.001
5115590901,5115590654,0.0,0.0,-0.001
5115598379,5115598145,0.0,0.0,-0.001
5115602123,5115601891,0.0,0.0,-0.001
5115607119,5115606884,0.0,0.0,-0.001
5115612105,5115611877,0.0,0.0,-0.001
5115617107,5115616875,0.0,0.0,-0.001
5115623341,5115623113,0.0,0.0,-0.001
5115627144,5115626861,0.0,0.0,-0.001
5115633327,5115633101,0.0,0.0,-0.001
5115637086,5115636850,0.0,0.0,-0.001
5115643325,5115643088,0.0,0.0,-0.001
5115647070,5115646834,0.0,0.0,-0.001
5115654555,5115654324,0.0,0.0,-0.001
5115658370,5115658070,0.0,0.0,-0.001
5115662057,5115661815,0.0,0.0,-0.001
5115668293,5115668058,0.0,0.0,-0.001
5115672042,5115671803,0.0,0.0,-0.001
5115677033,5115676797,0.0,0.0,-0.001
5115682024,5115681790,0.0,0.0,-0.001
5115687016,5115686784,0.0,0.0,-0.001
5115693257,5115693026,0.0,0.0,-0.001
5115697029,5115696771,0.0,0.0,-0.001
5115703245,5115703013,0.0,0.0,-0.001
5115706993,5115706759,0.0,0.0,-0.001
5115714486,5115714250,0.0,0.0,-0.001
5115716981,5115716746,0.0,0.0,-0.001
5115724493,5115724245,0.0,0.0,-0.001
5115728214,5115727982,0.0,0.0,-0.001
5115731962,5115731728,0.0,0.0,-0.001
5115738198,5115737969,0.0,0.0,-0.001
5115741949,5115741715,0.0,0.0,-0.001
5115746945,5115746709,0.0,0.0,-0.001
5115751960,5115751702,0.0,0.0,-0.001
5115756936,5115756696,0.0,0.0,-0.001
5115763167,5115762938,0.0,0.0,-0.001
5115766932,5115766684,0.0,0.0,-0.001
5115773155,5115772927,0.0,0.0,-0.001
5115776903,5115776671,0.0,0.0,-0.001
5115784407,5115784162,0.0,0.0,-0.001
5115786899,5115786666,0.0,0.0,-0.001
5115794382,5115794149,0.0,0.0,-0.001
5115798126,5115797895,0.0,0.0,-0.001
5115801873,5115801640,0.0,0.0,-0.001
5115808113,5115807882,0.0,0.0,-0.001
5115811871,5115811628,0.0,0.0,-0.001
5115816856,5115816621,0.0,0.0,-0.001
5115821847,5115821615,0.0,0.0,-0.001
5115826847,5115826614,0.0,0.0,-0.001
5115833087,5115832850,0.0,0.0,-0.001
5115836833,5115836596,0.0,0.0,-0.001
5115843070,5115842838,0.0,0.0,-0.001
5115846820,5115846584,0.0,0.0,-0.001
5115854313,5115854074,0.0,0.0,-0.001
5115856805,5115856572,0.0,0.0,-0.001
5115864303,5115864062,0.0,0.0,-0.001
5115868040,5115867807,0.0,0.0,-0.001
5115871790,5115871552,0.0,0.0,-0.001
5115878031,5115877794,0.0,0.0,-0.001
5115881776,5115881540,0.0,0.0,-0.001
5115886767,5115886533,0.0,0.0,-0.001
5115893004,5115892775,0.0,0.0,-0.001
5115896752,5115896521,0.0,0.0,-0.001
5115902991,5115902763,0.0,0.0,-0.001
5115907984,5115907757,0.0,0.0,-0.001
5115912991,5115912751,0.0,0.0,-0.001
5115916733,5115916496,0.0,0.0,-0.001
5115924216,5115923986,0.0,0.0,-0.001
5115927962,5115927732,0.0,0.0,-0.001
5115934210,5115933981,0.0,0.0,-0.001
5115937947,5115937719,0.0,0.0,-0.001
5115941699,5115941465,0.0,0.0,-0.001
5115946690,5115946459,0.0,0.0,-0.001
5115951686,5115951452,0.0,0.0,-0.001
5115955427,5115955197,0.0,0.0,-0.001
5115962957,5115962688,0.0,0.0,-0.001
5115966667,5115966433,0.0,0.0,-0.001
5115972907,5115972675,0.0,0.0,-0.001
5115976655,5115976421,0.0,0.0,-0.001
5115982903,5115982663,0.0,0.0,-0.001
5115986639,5115986408,0.0,0.0,-0.001
5115994153,5115993899,0.0,0.0,-0.001
5115997898,5115997645,0.0,0.0,-0.001
5116004114,5116003886,0.0,0.0,-0.001
5116007866,5116007632,0.0,0.0,-0.001
5116011612,5116011377,0.0,0.0,-0.001
5116015355,5116015122,0.0,0.0,-0.001
5116021597,5116021364,0.0,0.0,-0.001
5116026597,5116026358,0.0,0.0,-0.001
5116032839,5116032601,0.0,0.0,-0.001
5116039068,5116038842,0.0,0.0,-0.001
5116042821,5116042588,0.0,0.0,-0.001
5116046565,5116046333,0.0,0.0,-0.001
5116052806,5116052575,0.0,0.0,-0.001
5116056565,5116056321,0.0,0.0,-0.001
5116064045,5116063811,0.0,0.0,-0.001
5116067784,5116067556,0.0,0.0,-0.001
5116074039,5116073798,0.0,0.0,-0.001
5116077774,5116077544,0.0,0.0,-0.001
5116081520,5116081289,0.0,0.0,-0.001
5116086518,5116086283,0.0,0.0,-0.001
5116091510,5116091277,0.0,0.0,-0.001
5116096512,5116096272,0.0,0.0,-0.001
5116102745,5116102517,0.0,0.0,-0.001
5116106493,5116106261,0.0,0.0,-0.001
5116112730,5116112500,0.0,0.0,-0.001
5116116485,5116116246,0.0,0.0,-0.001
5116123975,5116123736,0.0,0.0,-0.001
5116126468,5116126233,0.0,0.0,-0.001
5116133950,5116133724,0.0,0.0,-0.001
5116137708,5116137469,0.0,0.0,-0.001
5116141461,5116141214,0.0,0.0,-0.001
5116147695,5116147465,0.0,0.0,-0.001
5116151433,5116151202,0.0,0.0,-0.001
5116156427,5116156195,0.0,0.0,-0.001
5116161426,5116161189,0.0,0.0,-0.001
5116166418,5116166183,0.0,0.0,-0.001
5116172658,5116172425,0.0,0.0,-0.001
5116176412,5116176170,0.0,0.0,-0.001
5116182648,5116182413,0.0,0.0,-0.001
5116186396,5116186162,0.0,0.0,-0.001
5116193879,5116193648,0.0,0.0,-0.001
5116196383,5116196152,0.0,0.0,-0.001
5116203862,5116203636,0.0,0.0,-0.001
5116207612,5116207382,0.0,0.0,-0.001
5116211361,5116211127,0.0,0.0,-0.001
5116217600,5116217369,0.0,0.0,-0.001
5116221346,5116221114,0.0,0.0,-0.001
5116226340,5116226108,0.0,0.0,-0.001
5116231356,5116231102,0.0,0.0,-0.001
5116236373,5116236095,0.0,0.0,-0.001
5116242575,5116242338,0.0,0.0,-0.001
5116248806,5116248580,0.0,0.0,-0.001
5116252558,5116252325,0.0,0.0,-0.001
5116256325,5116256075,0.0,0.0,-0.001
5116263787,5116263561,0.0,0.0,-0.001
5116266306,5116266058,0.0,0.0,-0.001
5116273796,5116273549,0.0,0.0,-0.001
5116277526,5116277294,0.0,0.0,-0.001
5116283777,5116283540,0.0,0.0,-0.001
5116287518,5116287282,0.0,0.0,-0.001
5116291274,5116291027,0.0,0.0,-0.001
5116296260,5116296020,0.0,0.0,-0.001
5116302499,5116302263,0.0,0.0,-0.001
5116308730,5116308504,0.0,0.0,-0.001
5116312487,5116312255,0.0,0.0,-0.001
5116316233,5116315996,0.0,0.0,-0.001
5116322479,5116322238,0.0,0.0,-0.001
5116326217,5116325983,0.0,0.0,-0.001
5116333711,5116333473,0.0,0.0,-0.001
5116337458,5116337219,0.0,0.0,-0.001
5116343690,5116343460,0.0,0.0,-0.001
5116347445,5116347206,0.0,0.0,-0.001
5116356179,5116355945,0.0,0.0,-0.001
5116357437,5116357203,0.0,0.0,-0.001
5116361172,5116360939,0.0,0.0,-0.001
5116368657,5116368429,0.0,0.0,-0.001
5116372413,5116372175,0.0,0.0,-0.001
5116378648,5116378417,0.0,0.0,-0.001
5116382395,5116382162,0.0,0.0,-0.001
5116389909,5116389653,0.0,0.0,-0.001
5116392382,5116392150,0.0,0.0,-0.001
5116396129,5116395896,0.0,0.0,-0.001
5116403611,5116403385,0.0,0.0,-0.001
5116407369,5116407131,0.0,0.0,-0.001
5116413607,5116413373,0.0,0.0,-0.001
5116417350,5116417119,0.0,0.0,-0.001
5116426092,5116425857,0.0,0.0,-0.001
5116427339,5116427106,0.0,0.0,-0.001
5116431114,5116430851,0.0,0.0,-0.001
5116438569,5116438342,0.0,0.0,-0.001
5116442318,5116442088,0.0,0.0,-0.001
5116448558,5116448329,0.0,0.0,-0.001
5116452326,5116452077,0.0,0.0,-0.001
5116459855,5116459572,0.0,0.0,-0.001
5116462295,5116462064,0.0,0.0,-0.001
5116466046,5116465808,0.0,0.0,-0.001
5116473546,5116473303,0.0,0.0,-0.001
5116477287,5116477043,0.0,0.0,-0.001
5116483530,5116483286,0.0,0.0,-0.001
5116487269,5116487031,0.0,0.0,-0.001
5116496003,5116495770,0.0,0.0,-0.001
5116498498,5116498269,0.0,0.0,-0.001
5116500996,5116500764,0.0,0.0,-0.001
5116505997,5116505758,0.0,0.0,-0.001
5116512291,5116512002,0.0,0.0,-0.001
5116518472,5116518241,0.0,0.0,-0.001
5116522213,5116521987,0.0,0.0,-0.001
5116529702,5116529477,0.0,0.0,-0.001
5116533460,5116533223,0.0,0.0,-0.001
5116535954,5116535720,0.0,0.0,-0.001
5116543444,5116543210,0.0,0.0,-0.001
5116547187,5116546956,0.0,0.0,-0.001
5116553429,5116553198,0.0,0.0,-0.001
5116557230,5116556943,0.0,0.0,-0.001
5116564715,5116564434,0.0,0.0,-0.001
5116568434,5116568179,0.0,0.0,-0.001
5116570923,5116570676,0.0,0.0,-0.001
5116578395,5116578166,0.0,0.0,-0.001
5116582148,5116581912,0.0,0.0,-0.001
5116588388,5116588154,0.0,0.0,-0.001
5116592131,5116591899,0.0,0.0,-0.001
5116599621,5116599390,0.0,0.0,-0.001
5116603375,5116603136,0.0,0.0,-0.001
5116605865,5116605632,0.0,0.0,-0.001
5116613355,5116613123,0.0,0.0,-0.001
5116617154,5116616868,0.0,0.0,-0.001
5116623342,5116623110,0.0,0.0,-0.001
5116627086,5116626855,0.0,0.0,-0.001
5116634576,5116634346,0.0,0.0,-0.001
5116638321,5116638091,0.0,0.0,-0.001
5116640822,5116640589,0.0,0.0,-0.001
5116648319,5116648079,0.0,0.0,-0.001
5116652064,5116651824,0.0,0.0,-0.001
5116655813,5116655569,0.0,0.0,-0.001
5116662098,5116661812,0.0,0.0,-0.001
5116669585,5116669302,0.0,0.0,-0.001
5116673294,5116673048,0.0,0.0,-0.001
5116675776,5116675544,0.0,0.0,-0.001
5116683272,5116683035,0.0,0.0,-0.001
5116687016,5116686780,0.0,0.0,-0.001
5116693276,5116693026,0.0,0.0,-0.001
5116697001,5116696768,0.0,0.0,-0.001
5116705741,5116705507,0.0,0.0,-0.001
5116708233,5116708004,0.0,0.0,-0.001
5116711984,5116711749,0.0,0.0,-0.001
5116718223,5116717991,0.0,0.0,-0.001
5116722013,5116721736,0.0,0.0,-0.001
5116729497,5116729227,0.0,0.0,-0.001
5116731958,5116731729,0.0,0.0,-0.001
5116739450,5116739215,0.0,0.0,-0.001
5116743189,5116742960,0.0,0.0,-0.001
5116746946,5116746707,0.0,0.0,-0.001
5116753183,5116752947,0.0,0.0,-0.001
5116756941,5116756693,0.0,0.0,-0.001
5116764420,5116764184,0.0,0.0,-0.001
5116766952,5116766680,0.0,0.0,-0.001
5116775656,5116775419,0.0,0.0,-0.001
5116778145,5116777916,0.0,0.0,-0.001
5116781943,5116781661,0.0,0.0,-0.001
5116788130,5116787904,0.0,0.0,-0.001
5116791880,5116791649,0.0,0.0,-0.001
5116799376,5116799140,0.0,0.0,-0.001
5116801861,5116801636,0.0,0.0,-0.001
5116809359,5116809127,0.0,0.0,-0.001
5116813115,5116812872,0.0,0.0,-0.001
5116816849,5116816617,0.0,0.0,-0.001
5116823108,5116822861,0.0,0.0,-0.001
5116826876,5116826605,0.0,0.0,-0.001
5116834361,5116834098,0.0,0.0,-0.001
5116836825,5116836593,0.0,0.0,-0.001
5116845569,5116845337,0.0,0.0,-0.001
5116848060,5116847828,0.0,0.0,-0.001
5116851802,5116851574,0.0,0.0,-0.001
5116858047,5116857816,0.0,0.0,-0.001
5116861787,5116861561,0.0,0.0,-0.001
5116869287,5116869052,0.0,0.0,-0.001
5116871811,5116871549,0.0,0.0,-0.001
5116879297,5116879039,0.0,0.0,-0.001
5116883018,5116882785,0.0,0.0,-0.001
5116886797,5116886533,0.0,0.0,-0.001
5116892999,5116892772,0.0,0.0,-0.001
5116896755,5116896522,0.0,0.0,-0.001
5116904238,5116904008,0.0,0.0,-0.001
5116907981,5116907753,0.0,0.0,-0.001
5116915483,5116915245,0.0,0.0,-0.001
5116917979,5116917741,0.0,0.0,-0.001
5116921720,5116921486,0.0,0.0,-0.001
5116927955,5116927728,0.0,0.0,-0.001
5116931727,5116931474,0.0,0.0,-0.001
5116939220,5116938964,0.0,0.0,-0.001
5116942962,5116942709,0.0,0.0,-0.001
5116949183,5116948952,0.0,0.0,-0.001
5116952933,5116952697,0.0,0.0,-0.001
5116956675,5116956443,0.0,0.0,-0.001
5116962920,5116962684,0.0,0.0,-0.001
5116966660,5116966430,0.0,0.0,-0.001
5116974148,5116973920,0.0,0.0,-0.001
5116977902,5116977666,0.0,0.0,-0.001
5116985396,5116985156,0.0,0.0,-0.001
5116987886,5116987653,0.0,0.0,-0.001
5116991706,5116991400,0.0,0.0,-0.001
5116997869,5116997641,0.0,0.0,-0.001
5117001613,5117001386,0.0,0.0,-0.001
5117009103,5117008877,0.0,0.0,-0.001
5117012854,5117012622,0.0,0.0,-0.001
5117019091,5117018864,0.0,0.0,-0.001
5117022889,5117022609,0.0,0.0,-0.001
5117026587,5117026355,0.0,0.0,-0.001
5117032827,5117032597,0.0,0.0,-0.001
5117036597,5117036342,0.0,0.0,-0.001
5117045331,5117045089,0.0,0.0,-0.001
5117047805,5117047578,0.0,0.0,-0.001
5117055311,5117055069,0.0,0.0,-0.001
5117057791,5117057565,0.0,0.0,-0.001
5117061543,5117061312,0.0,0.0,-0.001
5117069033,5117068801,0.0,0.0,-0.001
5117071528,5117071298,0.0,0.0,-0.001
5117079018,5117078789,0.0,0.0,-0.001
5117082772,5117082535,0.0,0.0,-0.001
5117089029,5117088777,0.0,0.0,-0.001
5117092754,5117092522,0.0,0.0,-0.001
5117096532,5117096267,0.0,0.0,-0.001
5117105251,5117105006,0.0,0.0,-0.001
5117106496,5117106260,0.0,0.0,-0.001
5117113982,5117113745,0.0,0.0,-0.001
5117117719,5117117490,0.0,0.0,-0.001
5117125213,5117124981,0.0,0.0,-0.001
5117127706,5117127478,0.0,0.0,-0.001
5117131474,5117131224,0.0,0.0,-0.001
5117138949,5117138714,0.0,0.0,-0.001
5117141481,5117141211,0.0,0.0,-0.001
5117148958,5117148702,0.0,0.0,-0.001
5117152680,5117152447,0.0,0.0,-0.001
5117158919,5117158689,0.0,0.0,-0.001
5117162666,5117162434,0.0,0.0,-0.001
5117166412,5117166180,0.0,0.0,-0.001
5117175156,5117174918,0.0,0.0,-0.001
5117176400,5117176167,0.0,0.0,-0.001
5117185145,5117184906,0.0,0.0,-0.001
5117187634,5117187403,0.0,0.0,-0.001
5117195129,5117194894,0.0,0.0,-0.001
5117197618,5117197390,0.0,0.0,-0.001
5117201378,5117201136,0.0,0.0,-0.001
5117208869,5117208628,0.0,0.0,-0.001
5117211359,5117211123,0.0,0.0,-0.001
5117218843,5117218614,0.0,0.0,-0.001
5117222593,5117222359,0.0,0.0,-0.001
5117228832,5117228601,0.0,0.0,-0.001
5117232582,5117232346,0.0,0.0,-0.001
5117236332,5117236099,0.0,0.0,-0.001
5117245065,5117244831,0.0,0.0,-0.001
5117246319,5117246083,0.0,0.0,-0.001
5117255056,5117254818,0.0,0.0,-0.001
5117257555,5117257315,0.0,0.0,-0.001
5117265085,5117264806,0.0,0.0,-0.001
5117267533,5117267303,0.0,0.0,-0.001
5117271284,5117271048,0.0,0.0,-0.001
5117278768,5117278539,0.0,0.0,-0.001
5117281278,5117281036,0.0,0.0,-0.001
5117288753,5117288526,0.0,0.0,-0.001
5117292501,5117292271,0.0,0.0,-0.001
5117299998,5117299762,0.0,0.0,-0.001
5117302485,5117302259,0.0,0.0,-0.001
5117306257,5117306004,0.0,0.0,-0.001
5117314980,5117314743,0.0,0.0,-0.001
5117317488,5117317240,0.0,0.0,-0.001
5117324969,5117324731,0.0,0.0,-0.001
5117327485,5117327228,0.0,0.0,-0.001
5117334959,5117334718,0.0,0.0,-0.001
5117337449,5117337215,0.0,0.0,-0.001
5117341189,5117340960,0.0,0.0,-0.001
5117348681,5117348451,0.0,0.0,-0.001
5117352442,5117352197,0.0,0.0,-0.001
5117358750,5117358439,0.0,0.0,-0.001
5117362419,5117362184,0.0,0.0,-0.001
5117369917,5117369674,0.0,0.0,-0.001
5117372403,5117372173,0.0,0.0,-0.001
5117376149,5117375917,0.0,0.0,-0.001
5117384892,5117384656,0.0,0.0,-0.001
5117387382,5117387152,0.0,0.0,-0.001
5117393624,5117393394,0.0,0.0,-0.001
5117397371,5117397140,0.0,0.0,-0.001
5117404872,5117404631,0.0,0.0,-0.001
5117407360,5117407128,0.0,0.0,-0.001
5117411110,5117410873,0.0,0.0,-0.001
5117418593,5117418364,0.0,0.0,-0.001
5117422343,5117422109,0.0,0.0,-0.001
5117428579,5117428351,0.0,0.0,-0.001
5117432328,5117432099,0.0,0.0,-0.001
5117439817,5117439587,0.0,0.0,-0.001
5117442319,5117442083,0.0,0.0,-0.001
5117446070,5117445829,0.0,0.0,-0.001
5117453553,5117453320,0.0,0.0,-0.001
5117457306,5117457065,0.0,0.0,-0.001
5117464795,5117464556,0.0,0.0,-0.001
5117467289,5117467052,0.0,0.0,-0.001
5117474773,5117474543,0.0,0.0,-0.001
5117477282,5117477040,0.0,0.0,-0.001
5117481013,5117480785,0.0,0.0,-0.001
5117488506,5117488276,0.0,0.0,-0.001
5117492266,5117492026,0.0,0.0,-0.001
5117498494,5117498263,0.0,0.0,-0.001
5117502262,5117502008,0.0,0.0,-0.001
5117509736,5117509499,0.0,0.0,-0.001
5117514724,5117514493,0.0,0.0,-0.001
5117515968,5117515742,0.0,0.0,-0.001
5117524720,5117524481,0.0,0.0,-0.001
5117527212,5117526977,0.0,0.0,-0.001
5117533450,5117533219,0.0,0.0,-0.001
5117537201,5117536965,0.0,0.0,-0.001
5117544693,5117544456,0.0,0.0,-0.001
5117548440,5117548201,0.0,0.0,-0.001
5117550927,5117550698,0.0,0.0,-0.001
5117558414,5117558188,0.0,0.0,-0.001
5117562166,5117561933,0.0,0.0,-0.001
5117568421,5117568176,0.0,0.0,-0.001
5117572151,5117571921,0.0,0.0,-0.001
5117579652,5117579411,0.0,0.0,-0.001
5117584642,5117584405,0.0,0.0,-0.001
5117585887,5117585654,0.0,0.0,-0.001
5117594625,5117594393,0.0,0.0,-0.001
5117597119,5117596890,0.0,0.0,-0.001
5117604616,5117604380,0.0,0.0,-0.001
5117607109,5117606877,0.0,0.0,-0.001
5117614609,5117614369,0.0,0.0,-0.001
5117618344,5117618113,0.0,0.0,-0.001
5117620834,5117620610,0.0,0.0,-0.001
5117628326,5117628101,0.0,0.0,-0.001
5117632083,5117631846,0.0,0.0,-0.001
5117638324,5117638088,0.0,0.0,-0.001
5117642070,5117641833,0.0,0.0,-0.001
5117649557,5117649324,0.0,0.0,-0.001
5117654551,5117654318,0.0,0.0,-0.001
5117655798,5117655566,0.0,0.0,-0.001
5117664540,5117664305,0.0,0.0,-0.001
5117667038,5117666802,0.0,0.0,-0.001
5117674531,5117674293,0.0,0.0,-0.001
5117677018,5117676789,0.0,0.0,-0.001
5117684518,5117684280,0.0,0.0,-0.001
5117688261,5117688027,0.0,0.0,-0.001
5117690748,5117690522,0.0,0.0,-0.001
5117698243,5117698013,0.0,0.0,-0.001
5117701985,5117701758,0.0,0.0,-0.001
5117709484,5117709249,0.0,0.0,-0.001
5117711979,5117711745,0.0,0.0,-0.001
5117719476,5117719236,0.0,0.0,-0.001
5117723227,5117722982,0.0,0.0,-0.001
5117726960,5117726727,0.0,0.0,-0.001
5117734457,5117734218,0.0,0.0,-0.001
5117736946,5117736714,0.0,0.0,-0.001
5117744445,5117744205,0.0,0.0,-0.001
5117746930,5117746702,0.0,0.0,-0.001
5117754429,5117754193,0.0,0.0,-0.001
5117758185,5117757938,0.0,0.0,-0.001
5117761917,5117761683,0.0,0.0,-0.001
5117768153,5117767925,0.0,0.0,-0.001
5117771909,5117771671,0.0,0.0,-0.001
5117779409,5117779162,0.0,0.0,-0.001
5117781893,5117781658,0.0,0.0,-0.001
5117789383,5117789149,0.0,0.0,-0.001
5117794377,5117794142,0.0,0.0,-0.001
5117796871,5117796639,0.0,0.0,-0.001
5117803128,5117802887,0.0,0.0,-0.001
5117806857,5117806627,0.0,0.0,-0.001
5117814352,5117814118,0.0,0.0,-0.001
5117816845,5117816614,0.0,0.0,-0.001
5117824345,5117824105,0.0,0.0,-0.001
5117828091,5117827850,0.0,0.0,-0.001
5117831827,5117831595,0.0,0.0,-0.001
5117838070,5117837838,0.0,0.0,-0.001
5117841815,5117841583,0.0,0.0,-0.001
5117849315,5117849074,0.0,0.0,-0.001
5117851798,5117851570,0.0,0.0,-0.001
5117859316,5117859066,0.0,0.0,-0.001
5117864301,5117864055,0.0,0.0,-0.001
5117866782,5117866552,0.0,0.0,-0.001
5117874293,5117874043,0.0,0.0,-0.001
5117876769,5117876539,0.0,0.0,-0.001
5117884268,5117884030,0.0,0.0,-0.001
5117888008,5117887775,0.0,0.0,-0.001
5117894259,5117894018,0.0,0.0,-0.001
5117897988,5117897763,0.0,0.0,-0.001
5117901733,5117901508,0.0,0.0,-0.001
5117907986,5117907750,0.0,0.0,-0.001
5117911720,5117911495,0.0,0.0,-0.001
5117919224,5117918986,0.0,0.0,-0.001
5117924210,5117923980,0.0,0.0,-0.001
5117929211,5117928973,0.0,0.0,-0.001
5117934223,5117933967,0.0,0.0,-0.001
5117936693,5117936464,0.0,0.0,-0.001
5117942935,5117942707,0.0,0.0,-0.001
5117946678,5117946451,0.0,0.0,-0.001
5117954175,5117953942,0.0,0.0,-0.001
5117957927,5117957687,0.0,0.0,-0.001
5117964164,5117963930,0.0,0.0,-0.001
5117967910,5117967675,0.0,0.0,-0.001
5117971650,5117971421,0.0,0.0,-0.001
5117977900,5117977663,0.0,0.0,-0.001
5117981652,5117981408,0.0,0.0,-0.001
5117989143,5117988898,0.0,0.0,-0.001
5117994126,5117993892,0.0,0.0,-0.001
5117999117,5117998886,0.0,0.0,-0.001
5118004110,5118003880,0.0,0.0,-0.001
5118006615,5118006376,0.0,0.0,-0.001
5118014110,5118013870,0.0,0.0,-0.001
5118016592,5118016364,0.0,0.0,-0.001
5118024091,5118023855,0.0,0.0,-0.001
5118027829,5118027602,0.0,0.0,-0.001
5118034083,5118033842,0.0,0.0,-0.001
5118037818,5118037587,0.0,0.0,-0.001
5118041564,5118041333,0.0,0.0,-0.001
5118047801,5118047575,0.0,0.0,-0.001
5118051590,5118051320,0.0,0.0,-0.001
5118059044,5118058811,0.0,0.0,-0.001
5118064044,5118063805,0.0,0.0,-0.001
5118069033,5118068798,0.0,0.0,-0.001
5118074032,5118073792,0.0,0.0,-0.001
5118076519,5118076289,0.0,0.0,-0.001
5118084020,5118083785,0.0,0.0,-0.001
5118086506,5118086276,0.0,0.0,-0.001
5118094009,5118093767,0.0,0.0,-0.001
5118097737,5118097512,0.0,0.0,-0.001
5118103990,5118103755,0.0,0.0,-0.001
5118107729,5118107500,0.0,0.0,-0.001
5118111489,5118111245,0.0,0.0,-0.001
5118118978,5118118736,0.0,0.0,-0.001
5118121466,5118121232,0.0,0.0,-0.001
5118128958,5118128723,0.0,0.0,-0.001
5118133951,5118133717,0.0,0.0,-0.001
5118138957,5118138711,0.0,0.0,-0.001
5118143934,5118143704,0.0,0.0,-0.001
5118146436,5118146201,0.0,0.0,-0.001
5118153936,5118153692,0.0,0.0,-0.001
5118156418,5118156188,0.0,0.0,-0.001
5118163920,5118163681,0.0,0.0,-0.001
5118167651,5118167425,0.0,0.0,-0.001
5118173908,5118173668,0.0,0.0,-0.001
5118177656,5118177412,0.0,0.0,-0.001
5118181393,5118181158,0.0,0.0,-0.001
5118188903,5118188648,0.0,0.0,-0.001
5118191375,5118191145,0.0,0.0,-0.001
5118198887,5118198636,0.0,0.0,-0.001
5118203870,5118203630,0.0,0.0,-0.001
5118208859,5118208623,0.0,0.0,-0.001
5118213849,5118213617,0.0,0.0,-0.001
5118216344,5118216114,0.0,0.0,-0.001
5118223840,5118223604,0.0,0.0,-0.001
5118226334,5118226101,0.0,0.0,-0.001
5118233835,5118233592,0.0,0.0,-0.001
5118237561,5118237337,0.0,0.0,-0.001
5118243812,5118243579,0.0,0.0,-0.001
5118247563,5118247325,0.0,0.0,-0.001
5118251312,5118251070,0.0,0.0,-0.001
5118258800,5118258560,0.0,0.0,-0.001
5118261292,5118261057,0.0,0.0,-0.001
5118268785,5118268548,0.0,0.0,-0.001
5118272525,5118272297,0.0,0.0,-0.001
5118278765,5118278535,0.0,0.0,-0.001
5118283767,5118283531,0.0,0.0,-0.001
5118286260,5118286026,0.0,0.0,-0.001
5118293797,5118293516,0.0,0.0,-0.001
5118296245,5118296013,0.0,0.0,-0.001
5118303738,5118303504,0.0,0.0,-0.001
5118307497,5118307250,0.0,0.0,-0.001
5118314971,5118314740,0.0,0.0,-0.001
5118317487,5118317237,0.0,0.0,-0.001
5118321215,5118320982,0.0,0.0,-0.001
5118328704,5118328473,0.0,0.0,-0.001
5118333700,5118333467,0.0,0.0,-0.001
5118338692,5118338460,0.0,0.0,-0.001
5118343686,5118343454,0.0,0.0,-0.001
5118349939,5118349696,0.0,0.0,-0.001
5118353675,5118353442,0.0,0.0,-0.001
5118356191,5118355939,0.0,0.0,-0.001
5118363660,5118363429,0.0,0.0,-0.001
5118367414,5118367174,0.0,0.0,-0.001
5118373651,5118373416,0.0,0.0,-0.001
5118377390,5118377162,0.0,0.0,-0.001
5118384885,5118384653,0.0,0.0,-0.001
5118387393,5118387149,0.0,0.0,-0.001
5118391139,5118390894,0.0,0.0,-0.001
5118398621,5118398385,0.0,0.0,-0.001
5118403615,5118403379,0.0,0.0,-0.001
5118408606,5118408373,0.0,0.0,-0.001
5118413602,5118413366,0.0,0.0,-0.001
5118419841,5118419608,0.0,0.0,-0.001
5118423588,5118423354,0.0,0.0,-0.001
5118426078,5118425851,0.0,0.0,-0.001
5118433574,5118433341,0.0,0.0,-0.001
5118437319,5118437087,0.0,0.0,-0.001
5118443561,5118443329,0.0,0.0,-0.001
5118447309,5118447074,0.0,0.0,-0.001
5118454795,5118454564,0.0,0.0,-0.001
5118457297,5118457062,0.0,0.0,-0.001
5118461039,5118460807,0.0,0.0,-0.001
5118468532,5118468298,0.0,0.0,-0.001
5118473575,5118473291,0.0,0.0,-0.001
5118478519,5118478285,0.0,0.0,-0.001
5118483512,5118483279,0.0,0.0,-0.001
5118489753,5118489521,0.0,0.0,-0.001
5118493500,5118493266,0.0,0.0,-0.001
5118495989,5118495763,0.0,0.0,-0.001
5118503488,5118503255,0.0,0.0,-0.001
5118507232,5118506999,0.0,0.0,-0.001
5118513480,5118513242,0.0,0.0,-0.001
5118517213,5118516986,0.0,0.0,-0.001
5118524712,5118524477,0.0,0.0,-0.001
5118528461,5118528223,0.0,0.0,-0.001
5118530965,5118530719,0.0,0.0,-0.001
5118538442,5118538210,0.0,0.0,-0.001
5118542182,5118541955,0.0,0.0,-0.001
5118548431,5118548197,0.0,0.0,-0.001
5118553424,5118553191,0.0,0.0,-0.001
5118559663,5118559433,0.0,0.0,-0.001
5118563420,5118563179,0.0,0.0,-0.001
5118565908,5118565675,0.0,0.0,-0.001
5118573400,5118573166,0.0,0.0,-0.001
5118577144,5118576911,0.0,0.0,-0.001
5118583389,5118583154,0.0,0.0,-0.001
5118587127,5118586899,0.0,0.0,-0.001
5118594621,5118594390,0.0,0.0,-0.001
5118598407,5118598135,0.0,0.0,-0.001
5118603364,5118603129,0.0,0.0,-0.001
5118608354,5118608122,0.0,0.0,-0.001
5118613355,5118613118,0.0,0.0,-0.001
5118618348,5118618110,0.0,0.0,-0.001
5118623336,5118623105,0.0,0.0,-0.001
5118629585,5118629346,0.0,0.0,-0.001
5118633329,5118633091,0.0,0.0,-0.001
5118635818,5118635588,0.0,0.0,-0.001
5118643317,5118643079,0.0,0.0,-0.001
5118647058,5118646824,0.0,0.0,-0.001
5118653308,5118653066,0.0,0.0,-0.001
5118657040,5118656811,0.0,0.0,-0.001
5118664534,5118664302,0.0,0.0,-0.001
5118668285,5118668047,0.0,0.0,-0.001
5118670775,5118670544,0.0,0.0,-0.001
5118678286,5118678035,0.0,0.0,-0.001
5118683263,5118683028,0.0,0.0,-0.001
5118689510,5118689270,0.0,0.0,-0.001
5118693267,5118693019,0.0,0.0,-0.001
5118699496,5118699268,0.0,0.0,-0.001
5118703235,5118703003,0.0,0.0,-0.001
5118707006,5118706749,0.0,0.0,-0.001
5118713228,5118712992,0.0,0.0,-0.001
5118716974,5118716736,0.0,0.0,-0.001
5118724472,5118724227,0.0,0.0,-0.001
5118726952,5118726723,0.0,0.0,-0.001
5118734449,5118734215,0.0,0.0,-0.001
5118738206,5118737965,0.0,0.0,-0.001
5118743184,5118742953,0.0,0.0,-0.001
5118748183,5118747947,0.0,0.0,-0.001
5118753175,5118752941,0.0,0.0,-0.001
5118759421,5118759183,0.0,0.0,-0.001
5118763160,5118762928,0.0,0.0,-0.001
5118769405,5118769171,0.0,0.0,-0.001
5118773158,5118772916,0.0,0.0,-0.001
5118776901,5118776661,0.0,0.0,-0.001
5118783138,5118782903,0.0,0.0,-0.001
5118786884,5118786649,0.0,0.0,-0.001
5118794368,5118794139,0.0,0.0,-0.001
5118796883,5118796636,0.0,0.0,-0.001
5118804358,5118804127,0.0,0.0,-0.001
5118808110,5118807872,0.0,0.0,-0.001
5118813099,5118812866,0.0,0.0,-0.001
5118818101,5118817860,0.0,0.0,-0.001
5118823089,5118822853,0.0,0.0,-0.001
5118829321,5118829095,0.0,0.0,-0.001
5118833102,5118832841,0.0,0.0,-0.001
5118839330,5118839083,0.0,0.0,-0.001
5118843063,5118842828,0.0,0.0,-0.001
5118846804,5118846573,0.0,0.0,-0.001
5118853050,5118852816,0.0,0.0,-0.001
5118856800,5118856561,0.0,0.0,-0.001
5118864288,5118864052,0.0,0.0,-0.001
5118866779,5118866548,0.0,0.0,-0.001
5118874294,5118874039,0.0,0.0,-0.001
5118878015,5118877784,0.0,0.0,-0.001
5118883013,5118882778,0.0,0.0,-0.001
5118888006,5118887772,0.0,0.0,-0.001
5118892996,5118892765,0.0,0.0,-0.001
5118899241,5118899008,0.0,0.0,-0.001
5118902985,5118902753,0.0,0.0,-0.001
5118909224,5118908995,0.0,0.0,-0.001
5118912980,5118912740,0.0,0.0,-0.001
5118916719,5118916486,0.0,0.0,-0.001
5118922964,5118922728,0.0,0.0,-0.001
5118926702,5118926473,0.0,0.0,-0.001
5118934205,5118933964,0.0,0.0,-0.001
5118937954,5118937709,0.0,0.0,-0.001
5118944180,5118943951,0.0,0.0,-0.001
5118947928,5118947696,0.0,0.0,-0.001
5118952943,5118952691,0.0,0.0,-0.001
5118957917,5118957684,0.0,0.0,-0.001
5118962916,5118962678,0.0,0.0,-0.001
5118969147,5118968920,0.0,0.0,-0.001
5118972922,5118972665,0.0,0.0,-0.001
5118979134,5118978907,0.0,0.0,-0.001
5118982895,5118982655,0.0,0.0,-0.001
5118986691,5118986402,0.0,0.0,-0.001
5118992874,5118992640,0.0,0.0,-0.001
5118996637,5118996386,0.0,0.0,-0.001
5119004106,5119003876,0.0,0.0,-0.001
5119007853,5119007622,0.0,0.0,-0.001
5119014100,5119013864,0.0,0.0,-0.001
5119017889,5119017609,0.0,0.0,-0.001
5119022851,5119022603,0.0,0.0,-0.001
5119027827,5119027596,0.0,0.0,-0.001
5119032822,5119032591,0.0,0.0,-0.001
5119039060,5119038832,0.0,0.0,-0.001
5119044059,5119043827,0.0,0.0,-0.001
5119049097,5119048820,0.0,0.0,-0.001
5119052800,5119052565,0.0,0.0,-0.001
5119056539,5119056312,0.0,0.0,-0.001
5119064034,5119063802,0.0,0.0,-0.001
5119066529,5119066298,0.0,0.0,-0.001
5119074034,5119073794,0.0,0.0,-0.001
5119077768,5119077534,0.0,0.0,-0.001
5119084027,5119083776,0.0,0.0,-0.001
5119087751,5119087521,0.0,0.0,-0.001
5119092752,5119092515,0.0,0.0,-0.001
5119098985,5119098757,0.0,0.0,-0.001
5119102735,5119102503,0.0,0.0,-0.001
5119108978,5119108745,0.0,0.0,-0.001
5119112729,5119112490,0.0,0.0,-0.001
5119116467,5119116235,0.0,0.0,-0.001
5119122709,5119122478,0.0,0.0,-0.001
5119126457,5119126223,0.0,0.0,-0.001
5119133953,5119133714,0.0,0.0,-0.001
5119136441,5119136210,0.0,0.0,-0.001
5119143934,5119143701,0.0,0.0,-0.001
5119147678,5119147446,0.0,0.0,-0.001
5119152677,5119152440,0.0,0.0,-0.001
5119157663,5119157434,0.0,0.0,-0.001
5119162662,5119162430,0.0,0.0,-0.001
5119168904,5119168669,0.0,0.0,-0.001
5119172645,5119172415,0.0,0.0,-0.001
5119178883,5119178657,0.0,0.0,-0.001
5119182635,5119182403,0.0,0.0,-0.001
5119186378,5119186148,0.0,0.0,-0.001
5119192624,5119192390,0.0,0.0,-0.001
5119196363,5119196135,0.0,0.0,-0.001
5119203866,5119203627,0.0,0.0,-0.001
5119206364,5119206123,0.0,0.0,-0.001
5119212597,5119212365,0.0,0.0,-0.001
5119217591,5119217359,0.0,0.0,-0.001
5119222584,5119222353,0.0,0.0,-0.001
5119227579,5119227346,0.0,0.0,-0.001
5119232575,5119232340,0.0,0.0,-0.001
5119238818,5119238582,0.0,0.0,-0.001
5119242559,5119242328,0.0,0.0,-0.001
5119248814,5119248569,0.0,0.0,-0.001
5119252550,5119252315,0.0,0.0,-0.001
5119256309,5119256060,0.0,0.0,-0.001
5119263782,5119263551,0.0,0.0,-0.001
5119266296,5119266048,0.0,0.0,-0.001
5119273770,5119273538,0.0,0.0,-0.001
5119277519,5119277283,0.0,0.0,-0.001
5119283764,5119283526,0.0,0.0,-0.001
5119287503,5119287271,0.0,0.0,-0.001
5119292499,5119292265,0.0,0.0,-0.001
5119297494,5119297259,0.0,0.0,-0.001
5119302485,5119302255,0.0,0.0,-0.001
5119308722,5119308494,0.0,0.0,-0.001
5119312472,5119312240,0.0,0.0,-0.001
5119318708,5119318482,0.0,0.0,-0.001
5119322507,5119322227,0.0,0.0,-0.001
5119329958,5119329718,0.0,0.0,-0.001
5119332447,5119332215,0.0,0.0,-0.001
5119336189,5119335960,0.0,0.0,-0.001
5119343681,5119343451,0.0,0.0,-0.001
5119347433,5119347196,0.0,0.0,-0.001
5119353699,5119353438,0.0,0.0,-0.001
5119357426,5119357186,0.0,0.0,-0.001
5119362413,5119362182,0.0,0.0,-0.001
5119367406,5119367171,0.0,0.0,-0.001
5119372396,5119372165,0.0,0.0,-0.001
5119378633,5119378407,0.0,0.0,-0.001
5119382395,5119382152,0.0,0.0,-0.001
5119388623,5119388394,0.0,0.0,-0.001
5119392368,5119392140,0.0,0.0,-0.001
5119399857,5119399630,0.0,0.0,-0.001
5119402357,5119402127,0.0,0.0,-0.001
5119406111,5119405873,0.0,0.0,-0.001
5119413596,5119413363,0.0,0.0,-0.001
5119417350,5119417109,0.0,0.0,-0.001
5119423581,5119423351,0.0,0.0,-0.001
5119427341,5119427099,0.0,0.0,-0.001
5119432327,5119432090,0.0,0.0,-0.001
5119437319,5119437083,0.0,0.0,-0.001
5119442314,5119442077,0.0,0.0,-0.001
5119448553,5119448319,0.0,0.0,-0.001
5119452301,5119452065,0.0,0.0,-0.001
5119458534,5119458307,0.0,0.0,-0.001
5119462289,5119462052,0.0,0.0,-0.001
5119469776,5119469543,0.0,0.0,-0.001
5119472278,5119472039,0.0,0.0,-0.001
5119476024,5119475785,0.0,0.0,-0.001
5119483517,5119483276,0.0,0.0,-0.001
5119487258,5119487020,0.0,0.0,-0.001
5119493491,5119493263,0.0,0.0,-0.001
5119497244,5119497008,0.0,0.0,-0.001
5119500982,5119500754,0.0,0.0,-0.001
5119508481,5119508244,0.0,0.0,-0.001
5119512223,5119511989,0.0,0.0,-0.001
5119518463,5119518231,0.0,0.0,-0.001
5119522210,5119521977,0.0,0.0,-0.001
5119528453,5119528220,0.0,0.0,-0.001
5119532197,5119531964,0.0,0.0,-0.001
5119539684,5119539455,0.0,0.0,-0.001
5119543444,5119543200,0.0,0.0,-0.001
5119545924,5119545697,0.0,0.0,-0.001
5119553422,5119553189,0.0,0.0,-0.001
5119557164,5119556933,0.0,0.0,-0.001
5119562158,5119561927,0.0,0.0,-0.001
5119567154,5119566920,0.0,0.0,-0.001
5119572158,5119571915,0.0,0.0,-0.001
5119578384,5119578156,0.0,0.0,-0.001
5119582132,5119581902,0.0,0.0,-0.001
5119588376,5119588144,0.0,0.0,-0.001
5119592121,5119591889,0.0,0.0,-0.001
5119598358,5119598131,0.0,0.0,-0.001
5119602106,5119601877,0.0,0.0,-0.001
5119609598,5119609368,0.0,0.0,-0.001
5119613345,5119613113,0.0,0.0,-0.001
5119615840,5119615610,0.0,0.0,-0.001
5119623339,5119623101,0.0,0.0,-0.001
5119627106,5119626846,0.0,0.0,-0.001
5119632091,5119631844,0.0,0.0,-0.001
5119637071,5119636833,0.0,0.0,-0.001
5119642067,5119641827,0.0,0.0,-0.001
5119648301,5119648069,0.0,0.0,-0.001
5119652061,5119651814,0.0,0.0,-0.001
5119658329,5119658056,0.0,0.0,-0.001
5119662053,5119661802,0.0,0.0,-0.001
5119668281,5119668044,0.0,0.0,-0.001
5119672036,5119671789,0.0,0.0,-0.001
5119679509,5119679280,0.0,0.0,-0.001
5119683285,5119683026,0.0,0.0,-0.001
5119687003,5119686770,0.0,0.0,-0.001
5119693255,5119693012,0.0,0.0,-0.001
5119696991,5119696758,0.0,0.0,-0.001
5119701983,5119701752,0.0,0.0,-0.001
5119706994,5119706746,0.0,0.0,-0.001
5119711970,5119711739,0.0,0.0,-0.001
5119718209,5119717981,0.0,0.0,-0.001
5119721965,5119721727,0.0,0.0,-0.001
5119728195,5119727969,0.0,0.0,-0.001
5119731945,5119731714,0.0,0.0,-0.001
5119739448,5119739205,0.0,0.0,-0.001
5119741935,5119741702,0.0,0.0,-0.001
5119749432,5119749200,0.0,0.0,-0.001
5119753176,5119752939,0.0,0.0,-0.001
5119756948,5119756695,0.0,0.0,-0.001
5119763163,5119762925,0.0,0.0,-0.001
5119766909,5119766671,0.0,0.0,-0.001
5119774401,5119774161,0.0,0.0,-0.001
5119776895,5119776658,0.0,0.0,-0.001
5119781893,5119781660,0.0,0.0,-0.001
5119788119,5119787893,0.0,0.0,-0.001
5119791871,5119791639,0.0,0.0,-0.001
5119798107,5119797881,0.0,0.0,-0.001
5119801860,5119801627,0.0,0.0,-0.001
5119809349,5119809117,0.0,0.0,-0.001
5119811851,5119811614,0.0,0.0,-0.001
5119819340,5119819105,0.0,0.0,-0.001
5119823091,5119822850,0.0,0.0,-0.001
5119826831,5119826595,0.0,0.0,-0.001
5119833079,5119832837,0.0,0.0,-0.001
5119836815,5119836583,0.0,0.0,-0.001
5119844313,5119844077,0.0,0.0,-0.001
5119846804,5119846570,0.0,0.0,-0.001
5119851796,5119851564,0.0,0.0,-0.001
5119858036,5119857806,0.0,0.0,-0.001
5119861785,5119861551,0.0,0.0,-0.001
5119868022,5119867793,0.0,0.0,-0.001
5119871773,5119871539,0.0,0.0,-0.001
5119879263,5119879029,0.0,0.0,-0.001
5119883004,5119882775,0.0,0.0,-0.001
5119889268,5119889017,0.0,0.0,-0.001
5119892995,5119892762,0.0,0.0,-0.001
5119896748,5119896508,0.0,0.0,-0.001
5119902978,5119902750,0.0,0.0,-0.001
5119906738,5119906495,0.0,0.0,-0.001
5119911734,5119911489,0.0,0.0,-0.001
5119917968,5119917731,0.0,0.0,-0.001
5119924203,5119923973,0.0,0.0,-0.001
5119927947,5119927718,0.0,0.0,-0.001
5119931710,5119931464,0.0,0.0,-0.001
5119937936,5119937706,0.0,0.0,-0.001
5119941684,5119941451,0.0,0.0,-0.001
5119949179,5119948943,0.0,0.0,-0.001
5119952930,5119952687,0.0,0.0,-0.001
5119959157,5119958929,0.0,0.0,-0.001
5119962920,5119962686,0.0,0.0,-0.001
5119966656,5119966420,0.0,0.0,-0.001
5119972898,5119972662,0.0,0.0,-0.001
5119976641,5119976407,0.0,0.0,-0.001
5119981633,5119981401,0.0,0.0,-0.001
5119987880,5119987643,0.0,0.0,-0.001
5119994118,5119993886,0.0,0.0,-0.001
5119997858,5119997631,0.0,0.0,-0.001
5120001608,5120001378,0.0,0.0,-0.001
5120007862,5120007618,0.0,0.0,-0.001
5120011600,5120011364,0.0,0.0,-0.001
5120019082,5120018854,0.0,0.0,-0.001
5120022860,5120022600,0.0,0.0,-0.001
5120029073,5120028842,0.0,0.0,-0.001
5120032825,5120032591,0.0,0.0,-0.001
5120036573,5120036332,0.0,0.0,-0.001
5120042808,5120042575,0.0,0.0,-0.001
5120046554,5120046320,0.0,0.0,-0.001
5120051551,5120051313,0.0,0.0,-0.001
5120057787,5120057555,0.0,0.0,-0.001
5120064033,5120063798,0.0,0.0,-0.001
5120067779,5120067543,0.0,0.0,-0.001
5120071523,5120071289,0.0,0.0,-0.001
5120077765,5120077531,0.0,0.0,-0.001
5120081514,5120081282,0.0,0.0,-0.001
5120089005,5120088766,0.0,0.0,-0.001
5120092744,5120092513,0.0,0.0,-0.001
5120098985,5120098754,0.0,0.0,-0.001
5120102733,5120102499,0.0,0.0,-0.001
5120106497,5120106245,0.0,0.0,-0.001
5120111484,5120111247,0.0,0.0,-0.001
5120116478,5120116233,0.0,0.0,-0.001
5120123950,5120123723,0.0,0.0,-0.001
5120127701,5120127468,0.0,0.0,-0.001
5120131457,5120131214,0.0,0.0,-0.001
5120137683,5120137455,0.0,0.0,-0.001
5120141434,5120141201,0.0,0.0,-0.001
5120148934,5120148691,0.0,0.0,-0.001
5120151422,5120151188,0.0,0.0,-0.001
5120158909,5120158679,0.0,0.0,-0.001
5120162661,5120162425,0.0,0.0,-0.001
5120168892,5120168666,0.0,0.0,-0.001
5120172650,5120172412,0.0,0.0,-0.001
5120176388,5120176157,0.0,0.0,-0.001
5120183876,5120183647,0.0,0.0,-0.001
5120186373,5120186144,0.0,0.0,-0.001
5120193861,5120193635,0.0,0.0,-0.001
5120197615,5120197381,0.0,0.0,-0.001
5120203852,5120203622,0.0,0.0,-0.001
5120207607,5120207368,0.0,0.0,-0.001
5120211348,5120211113,0.0,0.0,-0.001
5120218830,5120218604,0.0,0.0,-0.001
5120221335,5120221101,0.0,0.0,-0.001
5120228826,5120228591,0.0,0.0,-0.001
5120232569,5120232337,0.0,0.0,-0.001
5120238808,5120238579,0.0,0.0,-0.001
5120242558,5120242327,0.0,0.0,-0.001
5120246309,5120246070,0.0,0.0,-0.001
5120253786,5120253560,0.0,0.0,-0.001
5120256293,5120256057,0.0,0.0,-0.001
5120263779,5120263547,0.0,0.0,-0.001
5120267526,5120267293,0.0,0.0,-0.001
5120273770,5120273535,0.0,0.0,-0.001
5120277511,5120277280,0.0,0.0,-0.001
5120281274,5120281026,0.0,0.0,-0.001
5120288752,5120288516,0.0,0.0,-0.001
5120292499,5120292262,0.0,0.0,-0.001
5120298748,5120298504,0.0,0.0,-0.001
5120302484,5120302249,0.0,0.0,-0.001
5120312479,5120312237,0.0,0.0,-0.001
5120316213,5120315982,0.0,0.0,-0.001
5120321210,5120320976,0.0,0.0,-0.001
5120323702,5120323472,0.0,0.0,-0.001
5120331195,5120330963,0.0,0.0,-0.001
5120333692,5120333460,0.0,0.0,-0.001
5120337437,5120337205,0.0,0.0,-0.001
5120344943,5120344696,0.0,0.0,-0.001
5120347425,5120347193,0.0,0.0,-0.001
5120354912,5120354683,0.0,0.0,-0.001
5120358668,5120358430,0.0,0.0,-0.001
5120364899,5120364671,0.0,0.0,-0.001
5120368645,5120368416,0.0,0.0,-0.001
5120372390,5120372162,0.0,0.0,-0.001
5120381137,5120380900,0.0,0.0,-0.001
5120382396,5120382149,0.0,0.0,-0.001
5120391131,5120390893,0.0,0.0,-0.001
5120393618,5120393385,0.0,0.0,-0.001
5120399855,5120399627,0.0,0.0,-0.001
5120403596,5120403372,0.0,0.0,-0.001
5120407346,5120407118,0.0,0.0,-0.001
5120414834,5120414608,0.0,0.0,-0.001
5120417339,5120417105,0.0,0.0,-0.001
5120424826,5120424595,0.0,0.0,-0.001
5120428574,5120428346,0.0,0.0,-0.001
5120434817,5120434588,0.0,0.0,-0.001
5120438562,5120438328,0.0,0.0,-0.001
5120442309,5120442074,0.0,0.0,-0.001
5120451053,5120450813,0.0,0.0,-0.001
5120452294,5120452061,0.0,0.0,-0.001
5120461042,5120460800,0.0,0.0,-0.001
5120463529,5120463297,0.0,0.0,-0.001
5120471020,5120470788,0.0,0.0,-0.001
5120473514,5120473285,0.0,0.0,-0.001
5120477272,5120477030,0.0,0.0,-0.001
5120484752,5120484521,0.0,0.0,-0.001
5120488496,5120488266,0.0,0.0,-0.001
5120494739,5120494508,0.0,0.0,-0.001
5120498508,5120498266,0.0,0.0,-0.001
5120505976,5120505744,0.0,0.0,-0.001
5120508497,5120508241,0.0,0.0,-0.001
5120512216,5120511986,0.0,0.0,-0.001
5120520972,5120520725,0.0,0.0,-0.001
5120523458,5120523222,0.0,0.0,-0.001
5120530950,5120530712,0.0,0.0,-0.001
5120533441,5120533210,0.0,0.0,-0.001
5120540939,5120540700,0.0,0.0,-0.001
5120543430,5120543197,0.0,0.0,-0.001
5120547170,5120546942,0.0,0.0,-0.001
5120554665,5120554433,0.0,0.0,-0.001
5120558423,5120558178,0.0,0.0,-0.001
5120564656,5120564420,0.0,0.0,-0.001
5120568401,5120568166,0.0,0.0,-0.001
5120575897,5120575656,0.0,0.0,-0.001
5120578387,5120578154,0.0,0.0,-0.001
5120582132,5120581899,0.0,0.0,-0.001
5120590877,5120590638,0.0,0.0,-0.001
5120593370,5120593138,0.0,0.0,-0.001
5120600861,5120600625,0.0,0.0,-0.001
5120603407,5120603128,0.0,0.0,-0.001
5120610919,5120610620,0.0,0.0,-0.001
5120613340,5120613109,0.0,0.0,-0.001
5120617100,5120616855,0.0,0.0,-0.001
5120624634,5120624350,0.0,0.0,-0.001
5120628320,5120628091,0.0,0.0,-0.001
5120634574,5120634335,0.0,0.0,-0.001
5120638325,5120638078,0.0,0.0,-0.001
5120645801,5120645568,0.0,0.0,-0.001
5120648314,5120648068,0.0,0.0,-0.001
5120652054,5120651811,0.0,0.0,-0.001
5120660781,5120660550,0.0,0.0,-0.001
5120663330,5120663047,0.0,0.0,-0.001
5120669520,5120669289,0.0,0.0,-0.001
5120673271,5120673034,0.0,0.0,-0.001
5120680761,5120680525,0.0,0.0,-0.001
5120684502,5120684270,0.0,0.0,-0.001
5120687047,5120686767,0.0,0.0,-0.001
5120694489,5120694258,0.0,0.0,-0.001
5120698240,5120698003,0.0,0.0,-0.001
5120704496,5120704246,0.0,0.0,-0.001
5120708279,5120707991,0.0,0.0,-0.001
5120715763,5120715481,0.0,0.0,-0.001
5120719464,5120719226,0.0,0.0,-0.001
5120721951,5120721723,0.0,0.0,-0.001
5120730748,5120730463,0.0,0.0,-0.001
5120733192,5120732960,0.0,0.0,-0.001
5120739442,5120739201,0.0,0.0,-0.001
5120743172,5120742946,0.0,0.0,-0.001
5120750676,5120750437,0.0,0.0,-0.001
5120754427,5120754183,0.0,0.0,-0.001
5120756909,5120756680,0.0,0.0,-0.001
5120764397,5120764170,0.0,0.0,-0.001
5120768203,5120767915,0.0,0.0,-0.001
5120774392,5120774158,0.0,0.0,-0.001
5120778133,5120777903,0.0,0.0,-0.001
5120785626,5120785393,0.0,0.0,-0.001
5120790679,5120790387,0.0,0.0,-0.001
5120791876,5120791636,0.0,0.0,-0.001
5120799356,5120799126,0.0,0.0,-0.001
5120803096,5120802871,0.0,0.0,-0.001
5120810594,5120810362,0.0,0.0,-0.001
5120813158,5120812859,0.0,0.0,-0.001
5120820632,5120820350,0.0,0.0,-0.001
5120824354,5120824095,0.0,0.0,-0.001
5120826818,5120826592,0.0,0.0,-0.001
5120834326,5120834087,0.0,0.0,-0.001
5120838061,5120837828,0.0,0.0,-0.001
5120844314,5120844072,0.0,0.0,-0.001
5120848045,5120847815,0.0,0.0,-0.001
5120855539,5120855306,0.0,0.0,-0.001
5120859292,5120859051,0.0,0.0,-0.001
5120861779,5120861548,0.0,0.0,-0.001
5120870522,5120870289,0.0,0.0,-0.001
5120873068,5120872784,0.0,0.0,-0.001
5120880554,5120880275,0.0,0.0,-0.001
5120883000,5120882771,0.0,0.0,-0.001
5120890495,5120890262,0.0,0.0,-0.001
5120894256,5120894007,0.0,0.0,-0.001
5120897990,5120897753,0.0,0.0,-0.001
5120904222,5120903995,0.0,0.0,-0.001
5120907980,5120907740,0.0,0.0,-0.001
5120915481,5120915231,0.0,0.0,-0.001
5120917998,5120917728,0.0,0.0,-0.001
5120925511,5120925219,0.0,0.0,-0.001
5120930445,5120930212,0.0,0.0,-0.001
5120932998,5120932709,0.0,0.0,-0.001
5120940491,5120940199,0.0,0.0,-0.001
5120942926,5120942696,0.0,0.0,-0.001
5120950430,5120950188,0.0,0.0,-0.001
5120952921,5120952684,0.0,0.0,-0.001
5120960468,5120960178,0.0,0.0,-0.001
5120964148,5120963920,0.0,0.0,-0.001
5120967900,5120967665,0.0,0.0,-0.001
5120974134,5120973907,0.0,0.0,-0.001
5120977920,5120977656,0.0,0.0,-0.001
5120985422,5120985143,0.0,0.0,-0.001
5120987871,5120987640,0.0,0.0,-0.001
5120995367,5120995131,0.0,0.0,-0.001
5120999103,5120998876,0.0,0.0,-0.001
5121002850,5121002621,0.0,0.0,-0.001
5121010346,5121010112,0.0,0.0,-0.001
5121012839,5121012609,0.0,0.0,-0.001
5121020337,5121020100,0.0,0.0,-0.001
5121022920,5121022596,0.0,0.0,-0.001
5121030363,5121030087,0.0,0.0,-0.001
5121034069,5121033832,0.0,0.0,-0.001
5121037842,5121037577,0.0,0.0,-0.001
5121044054,5121043820,0.0,0.0,-0.001
5121047796,5121047565,0.0,0.0,-0.001
5121055301,5121055056,0.0,0.0,-0.001
5121060319,5121060049,0.0,0.0,-0.001
5121065298,5121065043,0.0,0.0,-0.001
5121070274,5121070037,0.0,0.0,-0.001
5121072770,5121072534,0.0,0.0,-0.001
5121079007,5121078776,0.0,0.0,-0.001
5121082838,5121082523,0.0,0.0,-0.001
5121090310,5121090012,0.0,0.0,-0.001
5121093990,5121093757,0.0,0.0,-0.001
5121100235,5121100000,0.0,0.0,-0.001
5121103972,5121103744,0.0,0.0,-0.001
5121107723,5121107490,0.0,0.0,-0.001
5121114011,5121113732,0.0,0.0,-0.001
5121117707,5121117477,0.0,0.0,-0.001
5121125214,5121124968,0.0,0.0,-0.001
5121130199,5121129962,0.0,0.0,-0.001
5121135213,5121134955,0.0,0.0,-0.001
5121140190,5121139949,0.0,0.0,-0.001
5121142700,5121142446,0.0,0.0,-0.001
5121150197,5121149937,0.0,0.0,-0.001
5121152674,5121152438,0.0,0.0,-0.001
5121160162,5121159924,0.0,0.0,-0.001
5121163903,5121163669,0.0,0.0,-0.001
5121170144,5121169912,0.0,0.0,-0.001
5121173902,5121173657,0.0,0.0,-0.001
5121177640,5121177402,0.0,0.0,-0.001
5121183873,5121183645,0.0,0.0,-0.001
5121187649,5121187390,0.0,0.0,-0.001
5121195139,5121194880,0.0,0.0,-0.001
5121200105,5121199874,0.0,0.0,-0.001
5121205114,5121204868,0.0,0.0,-0.001
5121211363,5121211111,0.0,0.0,-0.001
5121212593,5121212359,0.0,0.0,-0.001
5121218836,5121218600,0.0,0.0,-0.001
5121222573,5121222346,0.0,0.0,-0.001
5121230088,5121229842,0.0,0.0,-0.001
5121233811,5121233582,0.0,0.0,-0.001
5121240090,5121239824,0.0,0.0,-0.001
5121243793,5121243569,0.0,0.0,-0.001
5121247570,5121247318,0.0,0.0,-0.001
5121253788,5121253557,0.0,0.0,-0.001
5121257533,5121257302,0.0,0.0,-0.001
5121265029,5121264793,0.0,0.0,-0.001
5121270088,5121269787,0.0,0.0,-0.001
5121275013,5121274780,0.0,0.0,-0.001
5121280008,5121279774,0.0,0.0,-0.001
5121282499,5121282271,0.0,0.0,-0.001
5121290010,5121289762,0.0,0.0,-0.001
5121292498,5121292258,0.0,0.0,-0.001
5121299996,5121299749,0.0,0.0,-0.001
5121303721,5121303494,0.0,0.0,-0.001
5121309970,5121309737,0.0,0.0,-0.001
5121313711,5121313482,0.0,0.0,-0.001
5121317474,5121317227,0.0,0.0,-0.001
5121325015,5121324721,0.0,0.0,-0.001
5121327447,5121327215,0.0,0.0,-0.001
5121334939,5121334705,0.0,0.0,-0.001
5121339932,5121339699,0.0,0.0,-0.001
5121344953,5121344693,0.0,0.0,-0.001
5121349928,5121349687,0.0,0.0,-0.001
5121352429,5121352188,0.0,0.0,-0.001
5121359931,5121359674,0.0,0.0,-0.001
5121362403,5121362171,0.0,0.0,-0.001
5121369899,5121369667,0.0,0.0,-0.001
5121373640,5121373407,0.0,0.0,-0.001
5121379889,5121379649,0.0,0.0,-0.001
5121383626,5121383394,0.0,0.0,-0.001
5121387412,5121387139,0.0,0.0,-0.001
5121394859,5121394630,0.0,0.0,-0.001
5121397373,5121397130,0.0,0.0,-0.001
5121404864,5121404621,0.0,0.0,-0.001
5121408591,5121408363,0.0,0.0,-0.001
5121414849,5121414605,0.0,0.0,-0.001
5121419852,5121419602,0.0,0.0,-0.001
5121422325,5121422095,0.0,0.0,-0.001
5121429821,5121429586,0.0,0.0,-0.001
5121432322,5121432084,0.0,0.0,-0.001
5121439807,5121439574,0.0,0.0,-0.001
5121443568,5121443319,0.0,0.0,-0.001
5121449862,5121449562,0.0,0.0,-0.001
5121453538,5121453306,0.0,0.0,-0.001
5121457324,5121457052,0.0,0.0,-0.001
5121464782,5121464543,0.0,0.0,-0.001
5121467277,5121467039,0.0,0.0,-0.001
5121474774,5121474530,0.0,0.0,-0.001
5121479772,5121479525,0.0,0.0,-0.001
5121485995,5121485766,0.0,0.0,-0.001
5121488490,5121488263,0.0,0.0,-0.001
5121492241,5121492008,0.0,0.0,-0.001
5121499733,5121499499,0.0,0.0,-0.001
5121503489,5121503244,0.0,0.0,-0.001
5121509725,5121509486,0.0,0.0,-0.001
5121513468,5121513231,0.0,0.0,-0.001
5121520966,5121520722,0.0,0.0,-0.001
5121523456,5121523219,0.0,0.0,-0.001
5121527193,5121526964,0.0,0.0,-0.001
5121534682,5121534455,0.0,0.0,-0.001
5121539691,5121539449,0.0,0.0,-0.001
5121544681,5121544442,0.0,0.0,-0.001
5121549678,5121549446,0.0,0.0,-0.001
5121555913,5121555678,0.0,0.0,-0.001
5121558403,5121558175,0.0,0.0,-0.001
5121562148,5121561921,0.0,0.0,-0.001
5121569649,5121569411,0.0,0.0,-0.001
5121573383,5121573156,0.0,0.0,-0.001
5121579633,5121579398,0.0,0.0,-0.001
5121583379,5121583144,0.0,0.0,-0.001
5121590863,5121590634,0.0,0.0,-0.001
5121593371,5121593131,0.0,0.0,-0.001
5121597103,5121596876,0.0,0.0,-0.001
5121604600,5121604367,0.0,0.0,-0.001
5121608343,5121608112,0.0,0.0,-0.001
5121614583,5121614355,0.0,0.0,-0.001
5121619585,5121619349,0.0,0.0,-0.001
5121625816,5121625590,0.0,0.0,-0.001
5121629634,5121629337,0.0,0.0,-0.001
5121632071,5121631832,0.0,0.0,-0.001
5121639558,5121639324,0.0,0.0,-0.001
5121643315,5121643069,0.0,0.0,-0.001
5121649544,5121649311,0.0,0.0,-0.001
5121653294,5121653056,0.0,0.0,-0.001
5121660827,5121660547,0.0,0.0,-0.001
5121663285,5121663043,0.0,0.0,-0.001
5121667018,5121666792,0.0,0.0,-0.001
5121674514,5121674281,0.0,0.0,-0.001
5121679510,5121679279,0.0,0.0,-0.001
5121684498,5121684267,0.0,0.0,-0.001
5121689503,5121689261,0.0,0.0,-0.001
5121695731,5121695503,0.0,0.0,-0.001
5121699488,5121699248,0.0,0.0,-0.001
5121701974,5121701745,0.0,0.0,-0.001
5121709479,5121709236,0.0,0.0,-0.001
5121713215,5121712981,0.0,0.0,-0.001
5121719454,5121719224,0.0,0.0,-0.001
5121723221,5121722968,0.0,0.0,-0.001
5121730710,5121730459,0.0,0.0,-0.001
5121734443,5121734205,0.0,0.0,-0.001
5121736936,5121736701,0.0,0.0,-0.001
5121744429,5121744192,0.0,0.0,-0.001
5121749416,5121749186,0.0,0.0,-0.001
5121754426,5121754180,0.0,0.0,-0.001
5121758170,5121757925,0.0,0.0,-0.001
5121765654,5121765415,0.0,0.0,-0.001
5121769404,5121769161,0.0,0.0,-0.001
5121771882,5121771657,0.0,0.0,-0.001
5121779376,5121779148,0.0,0.0,-0.001
5121783129,5121782893,0.0,0.0,-0.001
5121789380,5121789143,0.0,0.0,-0.001
5121793111,5121792881,0.0,0.0,-0.001
5121800603,5121800372,0.0,0.0,-0.001
5121804367,5121804117,0.0,0.0,-0.001
5121806852,5121806613,0.0,0.0,-0.001
5121814349,5121814105,0.0,0.0,-0.001
5121818097,5121817849,0.0,0.0,-0.001
5121824338,5121824096,0.0,0.0,-0.001
5121829321,5121829086,0.0,0.0,-0.001
5121835558,5121835327,0.0,0.0,-0.001
5121839326,5121839073,0.0,0.0,-0.001
5121841799,5121841570,0.0,0.0,-0.001
5121849319,5121849061,0.0,0.0,-0.001
5121853040,5121852806,0.0,0.0,-0.001
5121859288,5121859048,0.0,0.0,-0.001
5121863031,5121862793,0.0,0.0,-0.001
5121870519,5121870284,0.0,0.0,-0.001
5121874288,5121874029,0.0,0.0,-0.001
5121879263,5121879023,0.0,0.0,-0.001
5121884270,5121884025,0.0,0.0,-0.001
5121889248,5121889011,0.0,0.0,-0.001
5121895480,5121895254,0.0,0.0,-0.001
5121897990,5121897757,0.0,0.0,-0.001
5121905488,5121905244,0.0,0.0,-0.001
5121909218,5121908986,0.0,0.0,-0.001
5121912962,5121912731,0.0,0.0,-0.001
5121919205,5121918973,0.0,0.0,-0.001
5121922955,5121922718,0.0,0.0,-0.001
5121930464,5121930209,0.0,0.0,-0.001
5121932940,5121932705,0.0,0.0,-0.001
5121940432,5121940196,0.0,0.0,-0.001
5121944171,5121943942,0.0,0.0,-0.001
5121949176,5121948935,0.0,0.0,-0.001
5121954163,5121953929,0.0,0.0,-0.001
5121957908,5121957674,0.0,0.0,-0.001
5121965424,5121965165,0.0,0.0,-0.001
5121969145,5121968910,0.0,0.0,-0.001
5121975388,5121975153,0.0,0.0,-0.001
5121979141,5121978898,0.0,0.0,-0.001
5121982885,5121982643,0.0,0.0,-0.001
5121989120,5121988885,0.0,0.0,-0.001
5121992861,5121992630,0.0,0.0,-0.001
5122000353,5122000121,0.0,0.0,-0.001
5122004117,5122003872,0.0,0.0,-0.001
5122010339,5122010109,0.0,0.0,-0.001
5122014099,5122013854,0.0,0.0,-0.001
5122019085,5122018848,0.0,0.0,-0.001
5122024074,5122023841,0.0,0.0,-0.001
5122029078,5122028835,0.0,0.0,-0.001
5122035315,5122035077,0.0,0.0,-0.001
5122037808,5122037575,0.0,0.0,-0.001
5122045299,5122045065,0.0,0.0,-0.001
5122049046,5122048810,0.0,0.0,-0.001
5122052786,5122052555,0.0,0.0,-0.001
5122059032,5122058798,0.0,0.0,-0.001
5122062779,5122062543,0.0,0.0,-0.001
5122070271,5122070034,0.0,0.0,-0.001
5122072782,5122072531,0.0,0.0,-0.001
5122080263,5122080022,0.0,0.0,-0.001
5122084003,5122083766,0.0,0.0,-0.001
5122088995,5122088761,0.0,0.0,-0.001
5122093993,5122093754,0.0,0.0,-0.001
5122098998,5122098747,0.0,0.0,-0.001
5122105217,5122104990,0.0,0.0,-0.001
5122108977,5122108735,0.0,0.0,-0.001
5122115212,5122114977,0.0,0.0,-0.001
5122118957,5122118723,0.0,0.0,-0.001
5122122703,5122122468,0.0,0.0,-0.001
5122128954,5122128710,0.0,0.0,-0.001
5122132707,5122132455,0.0,0.0,-0.001
5122140184,5122139946,0.0,0.0,-0.001
5122143933,5122143691,0.0,0.0,-0.001
5122150166,5122149934,0.0,0.0,-0.001
5122153914,5122153679,0.0,0.0,-0.001
5122157674,5122157424,0.0,0.0,-0.001
5122163903,5122163667,0.0,0.0,-0.001
5122168904,5122168660,0.0,0.0,-0.001
5122175131,5122174902,0.0,0.0,-0.001
5122178879,5122178648,0.0,0.0,-0.001
5122185127,5122184889,0.0,0.0,-0.001
5122188870,5122188635,0.0,0.0,-0.001
5122192617,5122192384,0.0,0.0,-0.001
5122198854,5122198623,0.0,0.0,-0.001
5122202595,5122202368,0.0,0.0,-0.001
5122210094,5122209858,0.0,0.0,-0.001
5122213832,5122213604,0.0,0.0,-0.001
5122220085,5122219846,0.0,0.0,-0.001
5122223827,5122223591,0.0,0.0,-0.001
5122228821,5122228585,0.0,0.0,-0.001
5122233817,5122233579,0.0,0.0,-0.001
5122237560,5122237324,0.0,0.0,-0.001
5122245047,5122244815,0.0,0.0,-0.001
5122248795,5122248560,0.0,0.0,-0.001
5122255029,5122254802,0.0,0.0,-0.001
5122258780,5122258551,0.0,0.0,-0.001
5122262533,5122262293,0.0,0.0,-0.001
5122268773,5122268535,0.0,0.0,-0.001
5122272510,5122272280,0.0,0.0,-0.001
5122280001,5122279771,0.0,0.0,-0.001
5122283751,5122283516,0.0,0.0,-0.001
5122289992,5122289758,0.0,0.0,-0.001
5122293735,5122293503,0.0,0.0,-0.001
5122297487,5122297249,0.0,0.0,-0.001
5122304985,5122304739,0.0,0.0,-0.001
5122308721,5122308485,0.0,0.0,-0.001
5122314962,5122314727,0.0,0.0,-0.001
5122318702,5122318472,0.0,0.0,-0.001
5122324949,5122324714,0.0,0.0,-0.001
5122329939,5122329708,0.0,0.0,-0.001
5122332434,5122332205,0.0,0.0,-0.001
5122339941,5122339696,0.0,0.0,-0.001
5122342429,5122342193,0.0,0.0,-0.001
5122349919,5122349683,0.0,0.0,-0.001
5122353709,5122353428,0.0,0.0,-0.001
5122358659,5122358423,0.0,0.0,-0.001
5122363649,5122363416,0.0,0.0,-0.001
5122368641,5122368410,0.0,0.0,-0.001
5122374880,5122374652,0.0,0.0,-0.001
5122378626,5122378397,0.0,0.0,-0.001
5122384902,5122384639,0.0,0.0,-0.001
5122388623,5122388385,0.0,0.0,-0.001
5122394859,5122394626,0.0,0.0,-0.001
5122398603,5122398372,0.0,0.0,-0.001
5122402349,5122402117,0.0,0.0,-0.001
5122409844,5122409608,0.0,0.0,-0.001
5122412338,5122412105,0.0,0.0,-0.001
5122419827,5122419595,0.0,0.0,-0.001
5122423593,5122423341,0.0,0.0,-0.001
5122428568,5122428335,0.0,0.0,-0.001
5122433565,5122433328,0.0,0.0,-0.001
5122437307,5122437073,0.0,0.0,-0.001
5122444800,5122444564,0.0,0.0,-0.001
5122448547,5122448310,0.0,0.0,-0.001
5122454794,5122454552,0.0,0.0,-0.001
5122458531,5122458297,0.0,0.0,-0.001
5122466024,5122465787,0.0,0.0,-0.001
5122468517,5122468285,0.0,0.0,-0.001
5122472272,5122472036,0.0,0.0,-0.001
5122479763,5122479525,0.0,0.0,-0.001
5122483500,5122483269,0.0,0.0,-0.001
5122489744,5122489508,0.0,0.0,-0.001
5122493487,5122493255,0.0,0.0,-0.001
5122498501,5122498247,0.0,0.0,-0.001
5122503482,5122503241,0.0,0.0,-0.001
5122508475,5122508235,0.0,0.0,-0.001
5122514709,5122514476,0.0,0.0,-0.001
5122518477,5122518222,0.0,0.0,-0.001
5122524697,5122524464,0.0,0.0,-0.001
5122528442,5122528209,0.0,0.0,-0.001
5122535935,5122535700,0.0,0.0,-0.001
5122538432,5122538199,0.0,0.0,-0.001
5122542173,5122541942,0.0,0.0,-0.001
5122549666,5122549433,0.0,0.0,-0.001
5122553425,5122553178,0.0,0.0,-0.001
5122559661,5122559421,0.0,0.0,-0.001
5122563412,5122563165,0.0,0.0,-0.001
5122567144,5122566911,0.0,0.0,-0.001
5122573385,5122573154,0.0,0.0,-0.001
5122578380,5122578147,0.0,0.0,-0.001
5122584624,5122584389,0.0,0.0,-0.001
5122588367,5122588134,0.0,0.0,-0.001
5122594605,5122594376,0.0,0.0,-0.001
5122598373,5122598123,0.0,0.0,-0.001
5122605841,5122605612,0.0,0.0,-0.001
5122608352,5122608119,0.0,0.0,-0.001
5122612095,5122611854,0.0,0.0,-0.001
5122619585,5122619345,0.0,0.0,-0.001
5122623348,5122623102,0.0,0.0,-0.001
5122629570,5122629333,0.0,0.0,-0.001
5122633328,5122633078,0.0,0.0,-0.001
5122637059,5122636826,0.0,0.0,-0.001
5122643316,5122643066,0.0,0.0,-0.001
5122648298,5122648059,0.0,0.0,-0.001
5122654528,5122654301,0.0,0.0,-0.001
5122658321,5122658047,0.0,0.0,-0.001
5122664527,5122664289,0.0,0.0,-0.001
5122668276,5122668034,0.0,0.0,-0.001
5122675754,5122675525,0.0,0.0,-0.001
5122679505,5122679270,0.0,0.0,-0.001
5122681997,5122681767,0.0,0.0,-0.001
5122689541,5122689264,0.0,0.0,-0.001
5122693239,5122693003,0.0,0.0,-0.001
5122698234,5122697997,0.0,0.0,-0.001
5122703226,5122702990,0.0,0.0,-0.001
5122708215,5122707984,0.0,0.0,-0.001
5122714468,5122714226,0.0,0.0,-0.001
5122718203,5122717972,0.0,0.0,-0.001
5122724446,5122724214,0.0,0.0,-0.001
5122728190,5122727959,0.0,0.0,-0.001
5122734427,5122734201,0.0,0.0,-0.001
5122738185,5122737947,0.0,0.0,-0.001
5122745667,5122745437,0.0,0.0,-0.001
5122749431,5122749184,0.0,0.0,-0.001
5122751916,5122751681,0.0,0.0,-0.001
5122759401,5122759170,0.0,0.0,-0.001
5122763149,5122762915,0.0,0.0,-0.001
5122768143,5122767910,0.0,0.0,-0.001
5122773142,5122772903,0.0,0.0,-0.001
5122778127,5122777896,0.0,0.0,-0.001
5122784371,5122784139,0.0,0.0,-0.001
5122788125,5122787884,0.0,0.0,-0.001
5122794371,5122794126,0.0,0.0,-0.001
5122798119,5122797872,0.0,0.0,-0.001
5122804353,5122804114,0.0,0.0,-0.001
5122808102,5122807859,0.0,0.0,-0.001
5122815580,5122815349,0.0,0.0,-0.001
5122819325,5122819095,0.0,0.0,-0.001
5122821826,5122821592,0.0,0.0,-0.001
5122829317,5122829082,0.0,0.0,-0.001
5122833071,5122832828,0.0,0.0,-0.001
5122838112,5122837821,0.0,0.0,-0.001
5122843048,5122842815,0.0,0.0,-0.001
5122848049,5122847809,0.0,0.0,-0.001
5122854292,5122854058,0.0,0.0,-0.001
5122858031,5122857796,0.0,0.0,-0.001
5122864286,5122864039,0.0,0.0,-0.001
5122868023,5122867790,0.0,0.0,-0.001
5122874279,5122874026,0.0,0.0,-0.001
5122878003,5122877771,0.0,0.0,-0.001
5122885510,5122885266,0.0,0.0,-0.001
5122889246,5122889007,0.0,0.0,-0.001
5122892996,5122892758,0.0,0.0,-0.001
5122899228,5122898995,0.0,0.0,-0.001
5122902973,5122902740,0.0,0.0,-0.001
5122907976,5122907734,0.0,0.0,-0.001
5122912971,5122912728,0.0,0.0,-0.001
5122917950,5122917721,0.0,0.0,-0.001
5122924205,5122923963,0.0,0.0,-0.001
5122927953,5122927710,0.0,0.0,-0.001
5122934187,5122933951,0.0,0.0,-0.001
5122937929,5122937697,0.0,0.0,-0.001
5122945431,5122945187,0.0,0.0,-0.001
5122947916,5122947684,0.0,0.0,-0.001
5122955411,5122955174,0.0,0.0,-0.001
5122959151,5122958919,0.0,0.0,-0.001
5122962926,5122962667,0.0,0.0,-0.001
5122969150,5122968907,0.0,0.0,-0.001
5122972893,5122972653,0.0,0.0,-0.001
5122980374,5122980147,0.0,0.0,-0.001
5122982873,5122982640,0.0,0.0,-0.001
5122987882,5122987635,0.0,0.0,-0.001
5122994119,5122993876,0.0,0.0,-0.001
5122997866,5122997621,0.0,0.0,-0.001
5123004093,5123003863,0.0,0.0,-0.001
5123007841,5123007609,0.0,0.0,-0.001
5123015328,5123015100,0.0,0.0,-0.001
5123017891,5123017596,0.0,0.0,-0.001
5123025318,5123025087,0.0,0.0,-0.001
5123029064,5123028832,0.0,0.0,-0.001
5123032811,5123032578,0.0,0.0,-0.001
5123039054,5123038819,0.0,0.0,-0.001
5123042813,5123042565,0.0,0.0,-0.001
5123047796,5123047564,0.0,0.0,-0.001
5123054048,5123053800,0.0,0.0,-0.001
5123057783,5123057551,0.0,0.0,-0.001
5123064013,5123063788,0.0,0.0,-0.001
5123067765,5123067534,0.0,0.0,-0.001
5123074013,5123073775,0.0,0.0,-0.001
5123077756,5123077521,0.0,0.0,-0.001
5123085244,5123085011,0.0,0.0,-0.001
5123088990,5123088757,0.0,0.0,-0.001
5123095234,5123094999,0.0,0.0,-0.001
5123098978,5123098744,0.0,0.0,-0.001
5123102730,5123102492,0.0,0.0,-0.001
5123107721,5123107484,0.0,0.0,-0.001
5123112713,5123112478,0.0,0.0,-0.001
5123120196,5123119968,0.0,0.0,-0.001
5123123958,5123123713,0.0,0.0,-0.001
5123127692,5123127459,0.0,0.0,-0.001
5123133926,5123133700,0.0,0.0,-0.001
5123137684,5123137446,0.0,0.0,-0.001
5123143929,5123143688,0.0,0.0,-0.001
5123147668,5123147433,0.0,0.0,-0.001
5123155153,5123154924,0.0,0.0,-0.001
5123158908,5123158669,0.0,0.0,-0.001
5123165157,5123164915,0.0,0.0,-0.001
5123168887,5123168657,0.0,0.0,-0.001
5123172636,5123172402,0.0,0.0,-0.001
5123177631,5123177396,0.0,0.0,-0.001
5123182624,5123182390,0.0,0.0,-0.001
5123190112,5123189880,0.0,0.0,-0.001
5123193852,5123193625,0.0,0.0,-0.001
5123200097,5123199867,0.0,0.0,-0.001
5123203841,5123203613,0.0,0.0,-0.001
5123207595,5123207363,0.0,0.0,-0.001
5123213831,5123213601,0.0,0.0,-0.001
5123217576,5123217346,0.0,0.0,-0.001
5123225065,5123224836,0.0,0.0,-0.001
5123228817,5123228581,0.0,0.0,-0.001
5123235053,5123234824,0.0,0.0,-0.001
5123238801,5123238569,0.0,0.0,-0.001
5123242559,5123242315,0.0,0.0,-0.001
5123247541,5123247308,0.0,0.0,-0.001
5123252534,5123252302,0.0,0.0,-0.001
5123257534,5123257296,0.0,0.0,-0.001
5123263770,5123263538,0.0,0.0,-0.001
5123270005,5123269780,0.0,0.0,-0.001
5123273756,5123273526,0.0,0.0,-0.001
5123277501,5123277271,0.0,0.0,-0.001
5123284995,5123284761,0.0,0.0,-0.001
5123287497,5123287258,0.0,0.0,-0.001
5123294981,5123294749,0.0,0.0,-0.001
5123298739,5123298495,0.0,0.0,-0.001
5123304969,5123304736,0.0,0.0,-0.001
5123308718,5123308482,0.0,0.0,-0.001
5123312462,5123312227,0.0,0.0,-0.001
5123319949,5123319717,0.0,0.0,-0.001
5123322448,5123322214,0.0,0.0,-0.001
5123329939,5123329706,0.0,0.0,-0.001
5123333683,5123333451,0.0,0.0,-0.001
5123339922,5123339692,0.0,0.0,-0.001
5123343670,5123343438,0.0,0.0,-0.001
5123347418,5123347184,0.0,0.0,-0.001
5123354918,5123354674,0.0,0.0,-0.001
5123357402,5123357171,0.0,0.0,-0.001
5123364896,5123364661,0.0,0.0,-0.001
5123368638,5123368408,0.0,0.0,-0.001
5123374891,5123374655,0.0,0.0,-0.001
5123378621,5123378394,0.0,0.0,-0.001
5123382370,5123382139,0.0,0.0,-0.001
5123389855,5123389630,0.0,0.0,-0.001
5123392359,5123392127,0.0,0.0,-0.001
5123399847,5123399617,0.0,0.0,-0.001
5123403593,5123403363,0.0,0.0,-0.001
5123411090,5123410853,0.0,0.0,-0.001
5123413584,5123413350,0.0,0.0,-0.001
5123417331,5123417095,0.0,0.0,-0.001
5123424811,5123424586,0.0,0.0,-0.001
5123427319,5123427083,0.0,0.0,-0.001
5123434798,5123434573,0.0,0.0,-0.001
5123438564,5123438319,0.0,0.0,-0.001
5123444793,5123444561,0.0,0.0,-0.001
5123448543,5123448307,0.0,0.0,-0.001
5123452289,5123452052,0.0,0.0,-0.001
5123459772,5123459542,0.0,0.0,-0.001
5123462282,5123462041,0.0,0.0,-0.001
5123469757,5123469530,0.0,0.0,-0.001
5123473513,5123473275,0.0,0.0,-0.001
5123479743,5123479517,0.0,0.0,-0.001
5123483496,5123483263,0.0,0.0,-0.001
5123487244,5123487008,0.0,0.0,-0.001
5123494724,5123494498,0.0,0.0,-0.001
5123498496,5123498244,0.0,0.0,-0.001
5123504722,5123504486,0.0,0.0,-0.001
5123508478,5123508231,0.0,0.0,-0.001
5123517201,5123516970,0.0,0.0,-0.001
5123518452,5123518219,0.0,0.0,-0.001
5123527190,5123526958,0.0,0.0,-0.001
5123529682,5123529454,0.0,0.0,-0.001
5123533441,5123533200,0.0,0.0,-0.001
5123539668,5123539442,0.0,0.0,-0.001
5123543436,5123543188,0.0,0.0,-0.001
5123550913,5123550678,0.0,0.0,-0.001
5123553409,5123553175,0.0,0.0,-0.001
5123560897,5123560665,0.0,0.0,-0.001
5123564644,5123564411,0.0,0.0,-0.001
5123568398,5123568156,0.0,0.0,-0.001
5123574642,5123574399,0.0,0.0,-0.001
5123578376,5123578144,0.0,0.0,-0.001
5123587119,5123586883,0.0,0.0,-0.001
5123588365,5123588131,0.0,0.0,-0.001
5123597100,5123596870,0.0,0.0,-0.001
5123599602,5123599372,0.0,0.0,-0.001
5123603347,5123603112,0.0,0.0,-0.001
5123609585,5123609355,0.0,0.0,-0.001
5123613330,5123613100,0.0,0.0,-0.001
5123620821,5123620591,0.0,0.0,-0.001
5123623319,5123623087,0.0,0.0,-0.001
5123630821,5123630581,0.0,0.0,-0.001
5123634554,5123634323,0.0,0.0,-0.001
5123638308,5123638068,0.0,0.0,-0.001
5123644541,5123644311,0.0,0.0,-0.001
5123648299,5123648057,0.0,0.0,-0.001
5123655771,5123655546,0.0,0.0,-0.001
5123658280,5123658043,0.0,0.0,-0.001
5123668269,5123668033,0.0,0.0,-0.001
5123669517,5123669280,0.0,0.0,-0.001
5123677008,5123676770,0.0,0.0,-0.001
5123679499,5123679267,0.0,0.0,-0.001
5123683243,5123683012,0.0,0.0,-0.001
5123690747,5123690503,0.0,0.0,-0.001
5123694486,5123694249,0.0,0.0,-0.001
5123700721,5123700490,0.0,0.0,-0.001
5123704487,5123704242,0.0,0.0,-0.001
5123711959,5123711729,0.0,0.0,-0.001
5123714456,5123714223,0.0,0.0,-0.001
5123718199,5123717968,0.0,0.0,-0.001
5123726941,5123726708,0.0,0.0,-0.001
5123729438,5123729204,0.0,0.0,-0.001
5123736939,5123736695,0.0,0.0,-0.001
5123739421,5123739192,0.0,0.0,-0.001
5123746933,5123746682,0.0,0.0,-0.001
5123749416,5123749179,0.0,0.0,-0.001
5123753156,5123752927,0.0,0.0,-0.001
5123760647,5123760415,0.0,0.0,-0.001
5123764399,5123764161,0.0,0.0,-0.001
5123770636,5123770403,0.0,0.0,-0.001
5123774383,5123774148,0.0,0.0,-0.001
5123781870,5123781639,0.0,0.0,-0.001
5123784379,5123784136,0.0,0.0,-0.001
5123788117,5123787881,0.0,0.0,-0.001
5123795600,5123795371,0.0,0.0,-0.001
5123799348,5123799117,0.0,0.0,-0.001
5123806843,5123806607,0.0,0.0,-0.001
5123809335,5123809104,0.0,0.0,-0.001
5123816830,5123816595,0.0,0.0,-0.001
5123819319,5123819092,0.0,0.0,-0.001
5123823082,5123822837,0.0,0.0,-0.001
5123830560,5123830328,0.0,0.0,-0.001
5123834313,5123834073,0.0,0.0,-0.001
5123840614,5123840319,0.0,0.0,-0.001
5123844297,5123844060,0.0,0.0,-0.001
5123851781,5123851551,0.0,0.0,-0.001
5123854291,5123854048,0.0,0.0,-0.001
5123858030,5123857793,0.0,0.0,-0.001
5123865523,5123865284,0.0,0.0,-0.001
5123869263,5123869030,0.0,0.0,-0.001
5123876752,5123876520,0.0,0.0,-0.001
5123879244,5123879017,0.0,0.0,-0.001
5123886744,5123886508,0.0,0.0,-0.001
5123889232,5123889004,0.0,0.0,-0.001
5123892979,5123892749,0.0,0.0,-0.001
5123900475,5123900240,0.0,0.0,-0.001
5123904218,5123903985,0.0,0.0,-0.001
5123910462,5123910228,0.0,0.0,-0.001
5123914209,5123913982,0.0,0.0,-0.001
5123921692,5123921463,0.0,0.0,-0.001
5123926691,5123926457,0.0,0.0,-0.001
5123927936,5123927706,0.0,0.0,-0.001
5123936677,5123936445,0.0,0.0,-0.001
5123939168,5123938941,0.0,0.0,-0.001
5123946665,5123946433,0.0,0.0,-0.001
5123949155,5123948929,0.0,0.0,-0.001
5123956652,5123956420,0.0,0.0,-0.001
5123960407,5123960165,0.0,0.0,-0.001
5123962893,5123962662,0.0,0.0,-0.001
5123970384,5123970153,0.0,0.0,-0.001
5123974125,5123973898,0.0,0.0,-0.001
5123980370,5123980140,0.0,0.0,-0.001
5123984117,5123983885,0.0,0.0,-0.001
5123991611,5123991376,0.0,0.0,-0.001
5123996604,5123996370,0.0,0.0,-0.001
5123997857,5123997618,0.0,0.0,-0.001
5124006594,5124006357,0.0,0.0,-0.001
5124009085,5124008854,0.0,0.0,-0.001
5124015330,5124015096,0.0,0.0,-0.001
5124019066,5124018841,0.0,0.0,-0.001
5124026567,5124026335,0.0,0.0,-0.001
5124030316,5124030077,0.0,0.0,-0.001
5124032811,5124032574,0.0,0.0,-0.001
5124040311,5124040065,0.0,0.0,-0.001
5124044052,5124043810,0.0,0.0,-0.001
5124050296,5124050052,0.0,0.0,-0.001
5124054043,5124053798,0.0,0.0,-0.001
5124061521,5124061288,0.0,0.0,-0.001
5124065295,5124065034,0.0,0.0,-0.001
5124067762,5124067530,0.0,0.0,-0.001
5124076502,5124076269,0.0,0.0,-0.001
5124078991,5124078766,0.0,0.0,-0.001
5124086489,5124086257,0.0,0.0,-0.001
5124088987,5124088754,0.0,0.0,-0.001
5124096488,5124096245,0.0,0.0,-0.001
5124100219,5124099990,0.0,0.0,-0.001
5124103972,5124103735,0.0,0.0,-0.001
5124110211,5124109977,0.0,0.0,-0.001
5124113962,5124113725,0.0,0.0,-0.001
5124121453,5124121213,0.0,0.0,-0.001
5124123937,5124123710,0.0,0.0,-0.001
5124131437,5124131201,0.0,0.0,-0.001
5124136430,5124136195,0.0,0.0,-0.001
5124138926,5124138691,0.0,0.0,-0.001
5124145163,5124144934,0.0,0.0,-0.001
5124148938,5124148678,0.0,0.0,-0.001
5124156410,5124156169,0.0,0.0,-0.001
5124158899,5124158666,0.0,0.0,-0.001
5124166393,5124166157,0.0,0.0,-0.001
5124170135,5124169902,0.0,0.0,-0.001
5124173876,5124173648,0.0,0.0,-0.001
5124180119,5124179889,0.0,0.0,-0.001
5124183864,5124183635,0.0,0.0,-0.001
5124191355,5124191126,0.0,0.0,-0.001
5124193853,5124193622,0.0,0.0,-0.001
5124201354,5124201113,0.0,0.0,-0.001
5124206343,5124206107,0.0,0.0,-0.001
5124208831,5124208603,0.0,0.0,-0.001
5124215084,5124214846,0.0,0.0,-0.001
5124218831,5124218591,0.0,0.0,-0.001
5124226321,5124226082,0.0,0.0,-0.001
5124228806,5124228579,0.0,0.0,-0.001
5124236309,5124236073,0.0,0.0,-0.001
5124240047,5124239814,0.0,0.0,-0.001
5124243795,5124243560,0.0,0.0,-0.001
5124250030,5124249802,0.0,0.0,-0.001
5124253782,5124253552,0.0,0.0,-0.001
5124261277,5124261038,0.0,0.0,-0.001
5124263772,5124263535,0.0,0.0,-0.001
5124271265,5124271026,0.0,0.0,-0.001
5124275001,5124274770,0.0,0.0,-0.001
5124278747,5124278516,0.0,0.0,-0.001
5124286247,5124286007,0.0,0.0,-0.001
5124288729,5124288503,0.0,0.0,-0.001
5124296226,5124295994,0.0,0.0,-0.001
5124299967,5124299739,0.0,0.0,-0.001
5124306236,5124305982,0.0,0.0,-0.001
5124309954,5124309727,0.0,0.0,-0.001
5124313709,5124313472,0.0,0.0,-0.001
5124319947,5124319714,0.0,0.0,-0.001
5124323704,5124323460,0.0,0.0,-0.001
5124331183,5124330950,0.0,0.0,-0.001
5124336178,5124335944,0.0,0.0,-0.001
5124341170,5124340938,0.0,0.0,-0.001
5124346176,5124345932,0.0,0.0,-0.001
5124348661,5124348428,0.0,0.0,-0.001
5124354899,5124354671,0.0,0.0,-0.001
5124358640,5124358416,0.0,0.0,-0.001
5124366145,5124365912,0.0,0.0,-0.001
5124369883,5124369652,0.0,0.0,-0.001
5124376130,5124375897,0.0,0.0,-0.001
5124379932,5124379644,0.0,0.0,-0.001
5124383617,5124383385,0.0,0.0,-0.001
5124389860,5124389627,0.0,0.0,-0.001
5124393606,5124393376,0.0,0.0,-0.001
5124401105,5124400873,0.0,0.0,-0.001
5124406091,5124405857,0.0,0.0,-0.001
5124411139,5124410851,0.0,0.0,-0.001
5124416086,5124415844,0.0,0.0,-0.001
5124418571,5124418341,0.0,0.0,-0.001
5124426067,5124425832,0.0,0.0,-0.001
5124428555,5124428328,0.0,0.0,-0.001
5124436056,5124435819,0.0,0.0,-0.001
5124439796,5124439564,0.0,0.0,-0.001
5124446044,5124445807,0.0,0.0,-0.001
5124449791,5124449563,0.0,0.0,-0.001
5124453529,5124453297,0.0,0.0,-0.001
5124461024,5124460788,0.0,0.0,-0.001
5124463520,5124463285,0.0,0.0,-0.001
5124471011,5124470776,0.0,0.0,-0.001
5124476002,5124475769,0.0,0.0,-0.001
5124480990,5124480763,0.0,0.0,-0.001
5124485990,5124485756,0.0,0.0,-0.001
5124488483,5124488255,0.0,0.0,-0.001
5124495974,5124495744,0.0,0.0,-0.001
5124498473,5124498241,0.0,0.0,-0.001
5124505968,5124505731,0.0,0.0,-0.001
5124509702,5124509476,0.0,0.0,-0.001
5124515953,5124515719,0.0,0.0,-0.001
5124519688,5124519464,0.0,0.0,-0.001
5124523477,5124523210,0.0,0.0,-0.001
5124530955,5124530700,0.0,0.0,-0.001
5124533429,5124533197,0.0,0.0,-0.001
5124540936,5124540688,0.0,0.0,-0.001
5124545917,5124545682,0.0,0.0,-0.001
5124550910,5124550675,0.0,0.0,-0.001
5124555901,5124555669,0.0,0.0,-0.001
5124558394,5124558166,0.0,0.0,-0.001
5124565899,5124565656,0.0,0.0,-0.001
5124568385,5124568153,0.0,0.0,-0.001
5124575886,5124575645,0.0,0.0,-0.001
5124579616,5124579389,0.0,0.0,-0.001
5124585860,5124585631,0.0,0.0,-0.001
5124589612,5124589377,0.0,0.0,-0.001
5124593361,5124593125,0.0,0.0,-0.001
5124600847,5124600612,0.0,0.0,-0.001
5124603339,5124603110,0.0,0.0,-0.001
5124610829,5124610600,0.0,0.0,-0.001
5124615826,5124615594,0.0,0.0,-0.001
5124620820,5124620587,0.0,0.0,-0.001
5124624564,5124624333,0.0,0.0,-0.001
5124628311,5124628078,0.0,0.0,-0.001
5124635803,5124635569,0.0,0.0,-0.001
5124638306,5124638066,0.0,0.0,-0.001
5124645794,5124645556,0.0,0.0,-0.001
5124649533,5124649302,0.0,0.0,-0.001
5124655776,5124655544,0.0,0.0,-0.001
5124659525,5124659289,0.0,0.0,-0.001
5124663271,5124663034,0.0,0.0,-0.001
5124670753,5124670525,0.0,0.0,-0.001
5124673268,5124673030,0.0,0.0,-0.001
5124680741,5124680512,0.0,0.0,-0.001
5124685742,5124685506,0.0,0.0,-0.001
5124691985,5124691748,0.0,0.0,-0.001
5124695732,5124695494,0.0,0.0,-0.001
5124698219,5124697990,0.0,0.0,-0.001
5124705714,5124705481,0.0,0.0,-0.001
5124709466,5124709228,0.0,0.0,-0.001
5124716952,5124716717,0.0,0.0,-0.001
5124719439,5124719214,0.0,0.0,-0.001
5124726939,5124726704,0.0,0.0,-0.001
5124729429,5124729201,0.0,0.0,-0.001
5124733177,5124732947,0.0,0.0,-0.001
5124740682,5124740437,0.0,0.0,-0.001
5124745672,5124745431,0.0,0.0,-0.001
5124750656,5124750425,0.0,0.0,-0.001
5124754404,5124754170,0.0,0.0,-0.001
5124761898,5124761660,0.0,0.0,-0.001
5124765639,5124765406,0.0,0.0,-0.001
5124768131,5124767903,0.0,0.0,-0.001
5124775675,5124775393,0.0,0.0,-0.001
5124779370,5124779139,0.0,0.0,-0.001
5124785615,5124785381,0.0,0.0,-0.001
5124789354,5124789126,0.0,0.0,-0.001
5124796853,5124796617,0.0,0.0,-0.001
5124799343,5124799114,0.0,0.0,-0.001
5124803092,5124802859,0.0,0.0,-0.001
5124810585,5124810350,0.0,0.0,-0.001
5124815583,5124815343,0.0,0.0,-0.001
5124820569,5124820337,0.0,0.0,-0.001
5124825570,5124825331,0.0,0.0,-0.001
5124831803,5124831573,0.0,0.0,-0.001
5124834307,5124834070,0.0,0.0,-0.001
5124838087,5124837815,0.0,0.0,-0.001
5124845537,5124845306,0.0,0.0,-0.001
5124849297,5124849051,0.0,0.0,-0.001
5124855528,5124855293,0.0,0.0,-0.001
5124859273,5124859039,0.0,0.0,-0.001
5124866765,5124866530,0.0,0.0,-0.001
5124869304,5124869026,0.0,0.0,-0.001
5124872998,5124872771,0.0,0.0,-0.001
5124880496,5124880262,0.0,0.0,-0.001
5124885496,5124885263,0.0,0.0,-0.001
5124890515,5124890250,0.0,0.0,-0.001
5124895483,5124895246,0.0,0.0,-0.001
5124901717,5124901485,0.0,0.0,-0.001
5124905477,5124905231,0.0,0.0,-0.001
5124907959,5124907728,0.0,0.0,-0.001
5124915455,5124915219,0.0,0.0,-0.001
5124919190,5124918963,0.0,0.0,-0.001
5124925438,5124925206,0.0,0.0,-0.001
5124929183,5124928951,0.0,0.0,-0.001
5124936675,5124936442,0.0,0.0,-0.001
5124940432,5124940187,0.0,0.0,-0.001
5124942914,5124942684,0.0,0.0,-0.001
5124950416,5124950175,0.0,0.0,-0.001
5124954147,5124953920,0.0,0.0,-0.001
5124960395,5124960162,0.0,0.0,-0.001
5124965390,5124965156,0.0,0.0,-0.001
5124971628,5124971398,0.0,0.0,-0.001
5124975381,5124975143,0.0,0.0,-0.001
5124977866,5124977640,0.0,0.0,-0.001
5124985363,5124985131,0.0,0.0,-0.001
5124989106,5124988876,0.0,0.0,-0.001
5124995358,5124995118,0.0,0.0,-0.001
5124999100,5124998863,0.0,0.0,-0.001
5125006589,5125006354,0.0,0.0,-0.001
5125010336,5125010099,0.0,0.0,-0.001
5125012828,5125012596,0.0,0.0,-0.001
5125020322,5125020087,0.0,0.0,-0.001
5125025324,5125025081,0.0,0.0,-0.001
5125030332,5125030095,0.0,0.0,-0.001
5125034059,5125033820,0.0,0.0,-0.001
5125041543,5125041311,0.0,0.0,-0.001
5125045295,5125045056,0.0,0.0,-0.001
5125047790,5125047552,0.0,0.0,-0.001
5125055290,5125055044,0.0,0.0,-0.001
5125059014,5125058788,0.0,0.0,-0.001
5125066511,5125066279,0.0,0.0,-0.001
5125069009,5125068776,0.0,0.0,-0.001
5125076501,5125076266,0.0,0.0,-0.001
5125080305,5125080016,0.0,0.0,-0.001
5125085244,5125085005,0.0,0.0,-0.001
5125090261,5125089999,0.0,0.0,-0.001
5125095225,5125094993,0.0,0.0,-0.001
5125101468,5125101235,0.0,0.0,-0.001
5125105212,5125104981,0.0,0.0,-0.001
5125111514,5125111223,0.0,0.0,-0.001
5125115206,5125114968,0.0,0.0,-0.001
5125118949,5125118713,0.0,0.0,-0.001
5125125189,5125124956,0.0,0.0,-0.001
5125128937,5125128700,0.0,0.0,-0.001
5125136436,5125136191,0.0,0.0,-0.001
5125138927,5125138688,0.0,0.0,-0.001
5125146413,5125146179,0.0,0.0,-0.001
5125150154,5125149924,0.0,0.0,-0.001
5125153910,5125153669,0.0,0.0,-0.001
5125160152,5125159912,0.0,0.0,-0.001
5125165154,5125164906,0.0,0.0,-0.001
5125171378,5125171148,0.0,0.0,-0.001
5125175133,5125174893,0.0,0.0,-0.001
5125181368,5125181135,0.0,0.0,-0.001
5125185117,5125184881,0.0,0.0,-0.001
5125188854,5125188626,0.0,0.0,-0.001
5125195100,5125194868,0.0,0.0,-0.001
5125198843,5125198614,0.0,0.0,-0.001
5125206341,5125206104,0.0,0.0,-0.001
5125208838,5125208601,0.0,0.0,-0.001
5125216324,5125216091,0.0,0.0,-0.001
5125220071,5125219836,0.0,0.0,-0.001
5125223823,5125223582,0.0,0.0,-0.001
5125230058,5125229824,0.0,0.0,-0.001
5125235057,5125234818,0.0,0.0,-0.001
5125241303,5125241060,0.0,0.0,-0.001
5125245041,5125244806,0.0,0.0,-0.001
5125251287,5125251052,0.0,0.0,-0.001
5125255031,5125254793,0.0,0.0,-0.001
5125258766,5125258538,0.0,0.0,-0.001
5125265017,5125264780,0.0,0.0,-0.001
5125268755,5125268525,0.0,0.0,-0.001
5125276256,5125276016,0.0,0.0,-0.001
5125280000,5125279761,0.0,0.0,-0.001
5125286244,5125286004,0.0,0.0,-0.001
5125289999,5125289749,0.0,0.0,-0.001
5125294978,5125294743,0.0,0.0,-0.001
5125299971,5125299736,0.0,0.0,-0.001
5125304972,5125304730,0.0,0.0,-0.001
5125311199,5125310972,0.0,0.0,-0.001
5125314960,5125314718,0.0,0.0,-0.001
5125321186,5125320960,0.0,0.0,-0.001
5125324965,5125324711,0.0,0.0,-0.001
5125328675,5125328450,0.0,0.0,-0.001
5125334925,5125334693,0.0,0.0,-0.001
5125338680,5125338438,0.0,0.0,-0.001
5125346166,5125345929,0.0,0.0,-0.001
5125349915,5125349674,0.0,0.0,-0.001
5125356150,5125355917,0.0,0.0,-0.001
5125359890,5125359661,0.0,0.0,-0.001
5125363639,5125363406,0.0,0.0,-0.001
5125369895,5125369649,0.0,0.0,-0.001
5125374877,5125374643,0.0,0.0,-0.001
5125381110,5125380884,0.0,0.0,-0.001
5125384917,5125384630,0.0,0.0,-0.001
5125391106,5125390872,0.0,0.0,-0.001
5125394852,5125394618,0.0,0.0,-0.001
5125398616,5125398363,0.0,0.0,-0.001
5125404845,5125404613,0.0,0.0,-0.001
5125408586,5125408350,0.0,0.0,-0.001
5125416110,5125415841,0.0,0.0,-0.001
5125419817,5125419586,0.0,0.0,-0.001
5125426061,5125425829,0.0,0.0,-0.001
5125429830,5125429574,0.0,0.0,-0.001
5125433552,5125433320,0.0,0.0,-0.001
5125441046,5125440809,0.0,0.0,-0.001
5125444796,5125444555,0.0,0.0,-0.001
5125451032,5125450797,0.0,0.0,-0.001
5125454774,5125454543,0.0,0.0,-0.001
5125461011,5125460785,0.0,0.0,-0.001
5125464773,5125464530,0.0,0.0,-0.001
5125468502,5125468275,0.0,0.0,-0.001
5125475999,5125475766,0.0,0.0,-0.001
5125478514,5125478263,0.0,0.0,-0.001
5125485979,5125485753,0.0,0.0,-0.001
5125489745,5125489498,0.0,0.0,-0.001
5125494727,5125494493,0.0,0.0,-0.001
5125499721,5125499486,0.0,0.0,-0.001
5125503527,5125503238,0.0,0.0,-0.001
5125511007,5125510727,0.0,0.0,-0.001
5125514707,5125514468,0.0,0.0,-0.001
5125520945,5125520709,0.0,0.0,-0.001
5125524687,5125524455,0.0,0.0,-0.001
5125528439,5125528201,0.0,0.0,-0.001
5125534680,5125534442,0.0,0.0,-0.001
5125538422,5125538188,0.0,0.0,-0.001
5125545920,5125545679,0.0,0.0,-0.001
5125548483,5125548177,0.0,0.0,-0.001
5125555957,5125555668,0.0,0.0,-0.001
5125559645,5125559411,0.0,0.0,-0.001
5125563450,5125563159,0.0,0.0,-0.001
5125569631,5125569399,0.0,0.0,-0.001
5125574631,5125574392,0.0,0.0,-0.001
5125580863,5125580634,0.0,0.0,-0.001
5125583362,5125583131,0.0,0.0,-0.001
5125590853,5125590622,0.0,0.0,-0.001
5125594608,5125594367,0.0,0.0,-0.001
5125598349,5125598113,0.0,0.0,-0.001
5125604600,5125604361,0.0,0.0,-0.001
5125608388,5125608100,0.0,0.0,-0.001
5125615886,5125615592,0.0,0.0,-0.001
5125618318,5125618088,0.0,0.0,-0.001
5125625809,5125625578,0.0,0.0,-0.001
5125629554,5125629323,0.0,0.0,-0.001
5125634552,5125634320,0.0,0.0,-0.001
5125639550,5125639311,0.0,0.0,-0.001
5125644538,5125644305,0.0,0.0,-0.001
5125650773,5125650547,0.0,0.0,-0.001
5125654533,5125654292,0.0,0.0,-0.001
5125660806,5125660534,0.0,0.0,-0.001
5125664513,5125664281,0.0,0.0,-0.001
5125668320,5125668025,0.0,0.0,-0.001
5125674507,5125674273,0.0,0.0,-0.001
5125678247,5125678012,0.0,0.0,-0.001
5125685737,5125685503,0.0,0.0,-0.001
5125688232,5125688000,0.0,0.0,-0.001
5125695735,5125695493,0.0,0.0,-0.001
5125699490,5125699236,0.0,0.0,-0.001
5125704470,5125704230,0.0,0.0,-0.001
5125709464,5125709223,0.0,0.0,-0.001
5125713254,5125712969,0.0,0.0,-0.001
5125720732,5125720459,0.0,0.0,-0.001
5125724446,5125724205,0.0,0.0,-0.001
5125730686,5125730447,0.0,0.0,-0.001
5125734432,5125734197,0.0,0.0,-0.001
5125738167,5125737937,0.0,0.0,-0.001
5125744419,5125744180,0.0,0.0,-0.001
5125748155,5125747925,0.0,0.0,-0.001
5125755656,5125755419,0.0,0.0,-0.001
5125759407,5125759161,0.0,0.0,-0.001
5125765679,5125765403,0.0,0.0,-0.001
5125769382,5125769148,0.0,0.0,-0.001
5125774379,5125774142,0.0,0.0,-0.001
5125779368,5125779136,0.0,0.0,-0.001
5125784363,5125784130,0.0,0.0,-0.001
5125790601,5125790371,0.0,0.0,-0.001
5125794358,5125794117,0.0,0.0,-0.001
5125800591,5125800359,0.0,0.0,-0.001
5125804347,5125804105,0.0,0.0,-0.001
5125811836,5125811596,0.0,0.0,-0.001
5125814329,5125814092,0.0,0.0,-0.001
5125818102,5125817837,0.0,0.0,-0.001
5125825604,5125825328,0.0,0.0,-0.001
5125829319,5125829073,0.0,0.0,-0.001
5125835552,5125835316,0.0,0.0,-0.001
5125839315,5125839065,0.0,0.0,-0.001
5125844297,5125844054,0.0,0.0,-0.001
5125849301,5125849048,0.0,0.0,-0.001
5125854285,5125854042,0.0,0.0,-0.001
5125860515,5125860284,0.0,0.0,-0.001
5125864274,5125864030,0.0,0.0,-0.001
5125870555,5125870277,0.0,0.0,-0.001
5125874255,5125874018,0.0,0.0,-0.001
5125881736,5125881507,0.0,0.0,-0.001
5125884240,5125884004,0.0,0.0,-0.001
5125887981,5125887749,0.0,0.0,-0.001
5125895488,5125895241,0.0,0.0,-0.001
5125899221,5125898985,0.0,0.0,-0.001
5125904210,5125903979,0.0,0.0,-0.001
5125909211,5125908973,0.0,0.0,-0.001
5125912958,5125912719,0.0,0.0,-0.001
5125920447,5125920209,0.0,0.0,-0.001
5125922969,5125922706,0.0,0.0,-0.001
5125930477,5125930199,0.0,0.0,-0.001
5125934189,5125933949,0.0,0.0,-0.001
5125940418,5125940184,0.0,0.0,-0.001
5125944162,5125943930,0.0,0.0,-0.001
5125951655,5125951420,0.0,0.0,-0.001
5125955419,5125955165,0.0,0.0,-0.001
5125957900,5125957662,0.0,0.0,-0.001
5125965386,5125965153,0.0,0.0,-0.001
5125969139,5125968898,0.0,0.0,-0.001
5125974124,5125973892,0.0,0.0,-0.001
5125979117,5125978886,0.0,0.0,-0.001
5125984119,5125983879,0.0,0.0,-0.001
5125990396,5125990121,0.0,0.0,-0.001
5125994110,5125993872,0.0,0.0,-0.001
5126000344,5126000109,0.0,0.0,-0.001
5126004089,5126003855,0.0,0.0,-0.001
5126010327,5126010096,0.0,0.0,-0.001
5126014088,5126013842,0.0,0.0,-0.001
5126021566,5126021332,0.0,0.0,-0.001
5126025318,5126025078,0.0,0.0,-0.001
5126027826,5126027574,0.0,0.0,-0.001
5126035325,5126035065,0.0,0.0,-0.001
5126039050,5126038811,0.0,0.0,-0.001
5126044050,5126043805,0.0,0.0,-0.001
5126049033,5126048798,0.0,0.0,-0.001
5126054033,5126053792,0.0,0.0,-0.001
5126060269,5126060034,0.0,0.0,-0.001
5126064010,5126063779,0.0,0.0,-0.001
5126070261,5126070025,0.0,0.0,-0.001
5126074011,5126073767,0.0,0.0,-0.001
5126081490,5126081257,0.0,0.0,-0.001
5126083988,5126083754,0.0,0.0,-0.001
5126091503,5126091245,0.0,0.0,-0.001
5126095255,5126094990,0.0,0.0,-0.001
5126098978,5126098735,0.0,0.0,-0.001
5126105217,5126104980,0.0,0.0,-0.001
5126108995,5126108723,0.0,0.0,-0.001
5126113952,5126113717,0.0,0.0,-0.001
5126118944,5126118710,0.0,0.0,-0.001
5126123937,5126123704,0.0,0.0,-0.001
5126130177,5126129946,0.0,0.0,-0.001
5126133934,5126133691,0.0,0.0,-0.001
5126140244,5126139934,0.0,0.0,-0.001
5126143923,5126143679,0.0,0.0,-0.001
5126151410,5126151170,0.0,0.0,-0.001
5126153899,5126153667,0.0,0.0,-0.001
5126161389,5126161157,0.0,0.0,-0.001
5126165145,5126164903,0.0,0.0,-0.001
5126168879,5126168648,0.0,0.0,-0.001
5126175123,5126174890,0.0,0.0,-0.001
5126178863,5126178635,0.0,0.0,-0.001
5126183862,5126183629,0.0,0.0,-0.001
5126188860,5126188624,0.0,0.0,-0.001
5126192615,5126192370,0.0,0.0,-0.001
5126200099,5126199858,0.0,0.0,-0.001
5126203843,5126203604,0.0,0.0,-0.001
5126210085,5126209846,0.0,0.0,-0.001
5126213823,5126213592,0.0,0.0,-0.001
5126221316,5126221082,0.0,0.0,-0.001
5126223813,5126223579,0.0,0.0,-0.001
5126231309,5126231069,0.0,0.0,-0.001
5126235056,5126234815,0.0,0.0,-0.001
5126238795,5126238560,0.0,0.0,-0.001
5126245051,5126244804,0.0,0.0,-0.001
5126248776,5126248548,0.0,0.0,-0.001
5126253778,5126253542,0.0,0.0,-0.001
5126260034,5126259786,0.0,0.0,-0.001
5126262506,5126262280,0.0,0.0,-0.001
5126270000,5126269771,0.0,0.0,-0.001
5126273750,5126273517,0.0,0.0,-0.001
5126279983,5126279759,0.0,0.0,-0.001
5126283735,5126283504,0.0,0.0,-0.001
5126291227,5126290996,0.0,0.0,-0.001
5126294972,5126294740,0.0,0.0,-0.001
5126301218,5126300982,0.0,0.0,-0.001
5126304980,5126304730,0.0,0.0,-0.001
5126308705,5126308472,0.0,0.0,-0.001
5126313698,5126313466,0.0,0.0,-0.001
5126318693,5126318460,0.0,0.0,-0.001
5126323693,5126323454,0.0,0.0,-0.001
5126329937,5126329696,0.0,0.0,-0.001
5126333674,5126333442,0.0,0.0,-0.001
5126339912,5126339683,0.0,0.0,-0.001
5126343657,5126343429,0.0,0.0,-0.001
5126349906,5126349671,0.0,0.0,-0.001
5126353648,5126353416,0.0,0.0,-0.001
5126361143,5126360907,0.0,0.0,-0.001
5126364921,5126364654,0.0,0.0,-0.001
5126371122,5126370894,0.0,0.0,-0.001
5126374878,5126374639,0.0,0.0,-0.001
5126378618,5126378385,0.0,0.0,-0.001
5126383616,5126383379,0.0,0.0,-0.001
5126388608,5126388373,0.0,0.0,-0.001
5126393600,5126393366,0.0,0.0,-0.001
5126399841,5126399608,0.0,0.0,-0.001
5126403585,5126403354,0.0,0.0,-0.001
5126409824,5126409596,0.0,0.0,-0.001
5126413615,5126413341,0.0,0.0,-0.001
5126419821,5126419583,0.0,0.0,-0.001
5126423574,5126423330,0.0,0.0,-0.001
5126431053,5126430819,0.0,0.0,-0.001
5126434796,5126434565,0.0,0.0,-0.001
5126441036,5126440806,0.0,0.0,-0.001
5126444814,5126444553,0.0,0.0,-0.001
5126448535,5126448300,0.0,0.0,-0.001
5126453525,5126453292,0.0,0.0,-0.001
5126458519,5126458285,0.0,0.0,-0.001
5126463515,5126463279,0.0,0.0,-0.001
5126469749,5126469521,0.0,0.0,-0.001
5126473504,5126473266,0.0,0.0,-0.001
5126479739,5126479508,0.0,0.0,-0.001
5126483484,5126483254,0.0,0.0,-0.001
5126490971,5126490744,0.0,0.0,-0.001
5126493481,5126493241,0.0,0.0,-0.001
5126500963,5126500731,0.0,0.0,-0.001
5126504716,5126504478,0.0,0.0,-0.001
5126508488,5126508222,0.0,0.0,-0.001
5126514720,5126514465,0.0,0.0,-0.001
5126518446,5126518212,0.0,0.0,-0.001
5126523436,5126523204,0.0,0.0,-0.001
5126528437,5126528197,0.0,0.0,-0.001
5126535913,5126535688,0.0,0.0,-0.001
5126539669,5126539433,0.0,0.0,-0.001
5126543429,5126543188,0.0,0.0,-0.001
5126549656,5126549420,0.0,0.0,-0.001
5126553400,5126553169,0.0,0.0,-0.001
5126560891,5126560656,0.0,0.0,-0.001
5126563386,5126563153,0.0,0.0,-0.001
5126570881,5126570644,0.0,0.0,-0.001
5126574619,5126574392,0.0,0.0,-0.001
5126580865,5126580631,0.0,0.0,-0.001
5126584606,5126584377,0.0,0.0,-0.001
5126588356,5126588122,0.0,0.0,-0.001
5126593359,5126593116,0.0,0.0,-0.001
5126598348,5126598110,0.0,0.0,-0.001
5126603335,5126603103,0.0,0.0,-0.001
5126609575,5126609345,0.0,0.0,-0.001
5126613328,5126613091,0.0,0.0,-0.001
5126619565,5126619336,0.0,0.0,-0.001
5126623316,5126623079,0.0,0.0,-0.001
5126630803,5126630569,0.0,0.0,-0.001
5126634554,5126634315,0.0,0.0,-0.001
5126640785,5126640556,0.0,0.0,-0.001
5126644549,5126644302,0.0,0.0,-0.001
5126650774,5126650544,0.0,0.0,-0.001
5126654519,5126654289,0.0,0.0,-0.001
5126658285,5126658034,0.0,0.0,-0.001
5126665762,5126665525,0.0,0.0,-0.001
5126669501,5126669271,0.0,0.0,-0.001
5126673260,5126673017,0.0,0.0,-0.001
5126679490,5126679261,0.0,0.0,-0.001
5126686986,5126686749,0.0,0.0,-0.001
5126689490,5126689246,0.0,0.0,-0.001
5126693246,5126692991,0.0,0.0,-0.001
5126700710,5126700481,0.0,0.0,-0.001
5126704475,5126704227,0.0,0.0,-0.001
5126710708,5126710469,0.0,0.0,-0.001
5126714449,5126714215,0.0,0.0,-0.001
5126723188,5126722954,0.0,0.0,-0.001
5126724442,5126724202,0.0,0.0,-0.001
5126728180,5126727947,0.0,0.0,-0.001
5126733170,5126732941,0.0,0.0,-0.001
5126739420,5126739183,0.0,0.0,-0.001
5126745653,5126745425,0.0,0.0,-0.001
5126749476,5126749173,0.0,0.0,-0.001
5126753152,5126752916,0.0,0.0,-0.001
5126759389,5126759158,0.0,0.0,-0.001
5126763134,5126762903,0.0,0.0,-0.001
5126770624,5126770394,0.0,0.0,-0.001
5126774373,5126774139,0.0,0.0,-0.001
5126780666,5126780381,0.0,0.0,-0.001
5126784355,5126784127,0.0,0.0,-0.001
5126793099,5126792866,0.0,0.0,-0.001
5126794350,5126794115,0.0,0.0,-0.001
5126798099,5126797860,0.0,0.0,-0.001
5126803087,5126802853,0.0,0.0,-0.001
5126809331,5126809095,0.0,0.0,-0.001
5126813089,5126812841,0.0,0.0,-0.001
5126819317,5126819083,0.0,0.0,-0.001
5126826803,5126826574,0.0,0.0,-0.001
5126829304,5126829070,0.0,0.0,-0.001
5126833054,5126832820,0.0,0.0,-0.001
5126840539,5126840307,0.0,0.0,-0.001
5126844291,5126844052,0.0,0.0,-0.001
5126850524,5126850294,0.0,0.0,-0.001
5126854291,5126854039,0.0,0.0,-0.001
5126863010,5126862778,0.0,0.0,-0.001
5126864272,5126864027,0.0,0.0,-0.001
5126868005,5126867771,0.0,0.0,-0.001
5126875495,5126875262,0.0,0.0,-0.001
5126879239,5126879007,0.0,0.0,-0.001
5126882986,5126882753,0.0,0.0,-0.001
5126889226,5126888995,0.0,0.0,-0.001
5126896710,5126896486,0.0,0.0,-0.001
5126900469,5126900232,0.0,0.0,-0.001
5126903012,5126902728,0.0,0.0,-0.001
5126910455,5126910219,0.0,0.0,-0.001
5126914215,5126913976,0.0,0.0,-0.001
5126920438,5126920206,0.0,0.0,-0.001
5126924185,5126923952,0.0,0.0,-0.001
5126932938,5126932691,0.0,0.0,-0.001
5126935429,5126935187,0.0,0.0,-0.001
5126937917,5126937684,0.0,0.0,-0.001
5126945405,5126945175,0.0,0.0,-0.001
5126949151,5126948923,0.0,0.0,-0.001
5126954144,5126953914,0.0,0.0,-0.001
5126959139,5126958907,0.0,0.0,-0.001
5126966634,5126966398,0.0,0.0,-0.001
5126970374,5126970144,0.0,0.0,-0.001
5126972872,5126972641,0.0,0.0,-0.001
5126980362,5126980131,0.0,0.0,-0.001
5126984117,5126983876,0.0,0.0,-0.001
5126990371,5126990119,0.0,0.0,-0.001
5126994103,5126993864,0.0,0.0,-0.001
5127002834,5127002603,0.0,0.0,-0.001
5127005334,5127005099,0.0,0.0,-0.001
5127007826,5127007596,0.0,0.0,-0.001
5127015323,5127015087,0.0,0.0,-0.001
5127019069,5127018833,0.0,0.0,-0.001
5127024058,5127023826,0.0,0.0,-0.001
5127029058,5127028820,0.0,0.0,-0.001
5127036548,5127036311,0.0,0.0,-0.001
5127040311,5127040056,0.0,0.0,-0.001
5127044040,5127043801,0.0,0.0,-0.001
5127050280,5127050044,0.0,0.0,-0.001
5127054033,5127053789,0.0,0.0,-0.001
5127062760,5127062528,0.0,0.0,-0.001
5127064016,5127063776,0.0,0.0,-0.001
5127072756,5127072523,0.0,0.0,-0.001
5127075244,5127075012,0.0,0.0,-0.001
5127078985,5127078757,0.0,0.0,-0.001
5127085230,5127084999,0.0,0.0,-0.001
5127088978,5127088745,0.0,0.0,-0.001
5127096479,5127096240,0.0,0.0,-0.001
5127098958,5127098732,0.0,0.0,-0.001
5127102711,5127102477,0.0,0.0,-0.001
5127110199,5127109968,0.0,0.0,-0.001
5127113954,5127113714,0.0,0.0,-0.001
5127120184,5127119956,0.0,0.0,-0.001
5127123953,5127123701,0.0,0.0,-0.001
5127132676,5127132440,0.0,0.0,-0.001
5127133926,5127133689,0.0,0.0,-0.001
5127142664,5127142428,0.0,0.0,-0.001
5127145160,5127144927,0.0,0.0,-0.001
5127148901,5127148670,0.0,0.0,-0.001
5127155141,5127154912,0.0,0.0,-0.001
5127158886,5127158658,0.0,0.0,-0.001
5127166377,5127166148,0.0,0.0,-0.001
5127168874,5127168644,0.0,0.0,-0.001
5127173878,5127173640,0.0,0.0,-0.001
5127180108,5127179880,0.0,0.0,-0.001
5127183855,5127183626,0.0,0.0,-0.001
5127190098,5127189868,0.0,0.0,-0.001
5127193845,5127193614,0.0,0.0,-0.001
5127201334,5127201104,0.0,0.0,-0.001
5127203831,5127203601,0.0,0.0,-0.001
5127212574,5127212340,0.0,0.0,-0.001
5127215068,5127214837,0.0,0.0,-0.001
5127218808,5127218582,0.0,0.0,-0.001
5127225055,5127224824,0.0,0.0,-0.001
5127228804,5127228570,0.0,0.0,-0.001
5127236292,5127236060,0.0,0.0,-0.001
5127238830,5127238557,0.0,0.0,-0.001
5127246283,5127246048,0.0,0.0,-0.001
5127250026,5127249793,0.0,0.0,-0.001
5127253770,5127253541,0.0,0.0,-0.001
5127260017,5127259780,0.0,0.0,-0.001
5127263761,5127263526,0.0,0.0,-0.001
5127272497,5127272265,0.0,0.0,-0.001
5127274992,5127274764,0.0,0.0,-0.001
5127282495,5127282260,0.0,0.0,-0.001
5127284980,5127284749,0.0,0.0,-0.001
5127288723,5127288495,0.0,0.0,-0.001
5127294974,5127294737,0.0,0.0,-0.001
5127298709,5127298482,0.0,0.0,-0.001
5127306205,5127305973,0.0,0.0,-0.001
5127309956,5127309718,0.0,0.0,-0.001
5127316200,5127315961,0.0,0.0,-0.001
5127319937,5127319705,0.0,0.0,-0.001
5127323687,5127323454,0.0,0.0,-0.001
5127329921,5127329693,0.0,0.0,-0.001
5127333681,5127333438,0.0,0.0,-0.001
5127341160,5127340929,0.0,0.0,-0.001
5127344907,5127344674,0.0,0.0,-0.001
5127352398,5127352165,0.0,0.0,-0.001
5127354889,5127354662,0.0,0.0,-0.001
5127358636,5127358407,0.0,0.0,-0.001
5127364892,5127364649,0.0,0.0,-0.001
5127368619,5127368395,0.0,0.0,-0.001
5127376114,5127375885,0.0,0.0,-0.001
5127379861,5127379630,0.0,0.0,-0.001
5127386103,5127385872,0.0,0.0,-0.001
5127389859,5127389618,0.0,0.0,-0.001
5127393596,5127393364,0.0,0.0,-0.001
5127399835,5127399605,0.0,0.0,-0.001
5127403583,5127403351,0.0,0.0,-0.001
5127412325,5127412093,0.0,0.0,-0.001
5127414815,5127414586,0.0,0.0,-0.001
5127422325,5127422077,0.0,0.0,-0.001
5127424802,5127424574,0.0,0.0,-0.001
5127428547,5127428320,0.0,0.0,-0.001
5127434788,5127434561,0.0,0.0,-0.001
5127438536,5127438307,0.0,0.0,-0.001
5127446028,5127445797,0.0,0.0,-0.001
5127449799,5127449544,0.0,0.0,-0.001
5127456014,5127455785,0.0,0.0,-0.001
5127459764,5127459531,0.0,0.0,-0.001
5127463512,5127463276,0.0,0.0,-0.001
5127472267,5127472014,0.0,0.0,-0.001
5127473501,5127473268,0.0,0.0,-0.001
5127482261,5127482003,0.0,0.0,-0.001
5127484729,5127484499,0.0,0.0,-0.001
5127492226,5127491990,0.0,0.0,-0.001
5127494722,5127494487,0.0,0.0,-0.001
5127498480,5127498232,0.0,0.0,-0.001
5127505959,5127505722,0.0,0.0,-0.001
5127508449,5127508219,0.0,0.0,-0.001
5127515942,5127515710,0.0,0.0,-0.001
5127519685,5127519456,0.0,0.0,-0.001
5127525922,5127525698,0.0,0.0,-0.001
5127529686,5127529443,0.0,0.0,-0.001
5127533419,5127533188,0.0,0.0,-0.001
5127540916,5127540679,0.0,0.0,-0.001
5127543417,5127543177,0.0,0.0,-0.001
5127553394,5127553163,0.0,0.0,-0.001
5127554644,5127554412,0.0,0.0,-0.001
5127558384,5127558156,0.0,0.0,-0.001
5127564627,5127564399,0.0,0.0,-0.001
5127568376,5127568144,0.0,0.0,-0.001
5127575867,5127575635,0.0,0.0,-0.001
5127578357,5127578132,0.0,0.0,-0.001
5127585849,5127585622,0.0,0.0,-0.001
5127589601,5127589368,0.0,0.0,-0.001
5127595836,5127595610,0.0,0.0,-0.001
5127599593,5127599355,0.0,0.0,-0.001
5127603332,5127603101,0.0,0.0,-0.001
5127612086,5127611840,0.0,0.0,-0.001
5127613320,5127613088,0.0,0.0,-0.001
5127622083,5127621827,0.0,0.0,-0.001
5127624555,5127624324,0.0,0.0,-0.001
5127632059,5127631814,0.0,0.0,-0.001
5127634541,5127634311,0.0,0.0,-0.001
5127638294,5127638057,0.0,0.0,-0.001
5127645773,5127645547,0.0,0.0,-0.001
5127648299,5127648044,0.0,0.0,-0.001
5127655771,5127655544,0.0,0.0,-0.001
5127659514,5127659280,0.0,0.0,-0.001
5127667004,5127666771,0.0,0.0,-0.001
5127669499,5127669268,0.0,0.0,-0.001
5127673270,5127673013,0.0,0.0,-0.001
5127681989,5127681752,0.0,0.0,-0.001
5127684493,5127684249,0.0,0.0,-0.001
5127690717,5127690491,0.0,0.0,-0.001
5127694470,5127694236,0.0,0.0,-0.001
5127703205,5127702975,0.0,0.0,-0.001
5127704475,5127704225,0.0,0.0,-0.001
5127708201,5127707969,0.0,0.0,-0.001
5127715695,5127715460,0.0,0.0,-0.001
5127719450,5127719205,0.0,0.0,-0.001
5127725684,5127725447,0.0,0.0,-0.001
5127729425,5127729192,0.0,0.0,-0.001
5127736935,5127736683,0.0,0.0,-0.001
5127739413,5127739180,0.0,0.0,-0.001
5127743157,5127742926,0.0,0.0,-0.001
5127751905,5127751664,0.0,0.0,-0.001
5127754410,5127754162,0.0,0.0,-0.001
5127761882,5127761652,0.0,0.0,-0.001
5127764377,5127764149,0.0,0.0,-0.001
5127773128,5127772888,0.0,0.0,-0.001
5127774368,5127774136,0.0,0.0,-0.001
5127778115,5127777881,0.0,0.0,-0.001
5127785602,5127785372,0.0,0.0,-0.001
5127789352,5127789119,0.0,0.0,-0.001
5127795589,5127795360,0.0,0.0,-0.001
5127799338,5127799105,0.0,0.0,-0.001
5127806832,5127806595,0.0,0.0,-0.001
5127809381,5127809095,0.0,0.0,-0.001
5127813073,5127812838,0.0,0.0,-0.001
5127821819,5127821587,0.0,0.0,-0.001
5127824306,5127824074,0.0,0.0,-0.001
5127830551,5127830317,0.0,0.0,-0.001
5127834295,5127834061,0.0,0.0,-0.001
5127841789,5127841552,0.0,0.0,-0.001
5127844283,5127844048,0.0,0.0,-0.001
5127848034,5127847794,0.0,0.0,-0.001
5127855511,5127855285,0.0,0.0,-0.001
5127859266,5127859030,0.0,0.0,-0.001
5127865504,5127865272,0.0,0.0,-0.001
5127869258,5127869017,0.0,0.0,-0.001
5127876739,5127876508,0.0,0.0,-0.001
5127880492,5127880253,0.0,0.0,-0.001
5127882995,5127882751,0.0,0.0,-0.001
5127891728,5127891490,0.0,0.0,-0.001
5127894213,5127893986,0.0,0.0,-0.001
5127900478,5127900228,0.0,0.0,-0.001
5127904206,5127903973,0.0,0.0,-0.001
5127911698,5127911464,0.0,0.0,-0.001
5127915448,5127915210,0.0,0.0,-0.001
5127917933,5127917706,0.0,0.0,-0.001
5127925428,5127925197,0.0,0.0,-0.001
5127929173,5127928943,0.0,0.0,-0.001
5127935423,5127935185,0.0,0.0,-0.001
5127939157,5127938929,0.0,0.0,-0.001
5127946655,5127946421,0.0,0.0,-0.001
5127951649,5127951414,0.0,0.0,-0.001
5127952896,5127952662,0.0,0.0,-0.001
5127961641,5127961406,0.0,0.0,-0.001
5127964125,5127963898,0.0,0.0,-0.001
5127971626,5127971396,0.0,0.0,-0.001
5127974119,5127973886,0.0,0.0,-0.001
5127981610,5127981377,0.0,0.0,-0.001
5127985367,5127985122,0.0,0.0,-0.001
5127987844,5127987618,0.0,0.0,-0.001
5127995340,5127995110,0.0,0.0,-0.001
5127999088,5127998854,0.0,0.0,-0.001
5128005327,5128005097,0.0,0.0,-0.001
5128009076,5128008842,0.0,0.0,-0.001
5128016566,5128016333,0.0,0.0,-0.001
5128021562,5128021326,0.0,0.0,-0.001
5128022808,5128022575,0.0,0.0,-0.001
5128031547,5128031314,0.0,0.0,-0.001
5128034044,5128033811,0.0,0.0,-0.001
5128040298,5128040053,0.0,0.0,-0.001
5128044034,5128043798,0.0,0.0,-0.001
5128051525,5128051289,0.0,0.0,-0.001
5128055279,5128055034,0.0,0.0,-0.001
5128057763,5128057531,0.0,0.0,-0.001
5128065273,5128065025,0.0,0.0,-0.001
5128069000,5128068767,0.0,0.0,-0.001
5128076491,5128076258,0.0,0.0,-0.001
5128078981,5128078754,0.0,0.0,-0.001
5128086484,5128086245,0.0,0.0,-0.001
5128091474,5128091239,0.0,0.0,-0.001
5128093973,5128093736,0.0,0.0,-0.001
5128100209,5128099978,0.0,0.0,-0.001
5128103951,5128103723,0.0,0.0,-0.001
5128111456,5128111214,0.0,0.0,-0.001
5128113935,5128113710,0.0,0.0,-0.001
5128121433,5128121202,0.0,0.0,-0.001
5128125176,5128124947,0.0,0.0,-0.001
5128128938,5128128692,0.0,0.0,-0.001
5128135164,5128134934,0.0,0.0,-0.001
5128138912,5128138679,0.0,0.0,-0.001
5128146408,5128146170,0.0,0.0,-0.001
5128148899,5128148667,0.0,0.0,-0.001
5128156389,5128156158,0.0,0.0,-0.001
5128161387,5128161151,0.0,0.0,-0.001
5128163875,5128163648,0.0,0.0,-0.001
5128171372,5128171139,0.0,0.0,-0.001
5128173870,5128173635,0.0,0.0,-0.001
5128181358,5128181126,0.0,0.0,-0.001
5128183852,5128183623,0.0,0.0,-0.001
5128191354,5128191114,0.0,0.0,-0.001
5128195086,5128194859,0.0,0.0,-0.001
5128198831,5128198604,0.0,0.0,-0.001
5128205143,5128204847,0.0,0.0,-0.001
5128208832,5128208592,0.0,0.0,-0.001
5128216331,5128216083,0.0,0.0,-0.001
5128218805,5128218579,0.0,0.0,-0.001
5128226312,5128226070,0.0,0.0,-0.001
5128230051,5128229816,0.0,0.0,-0.001
5128233792,5128233560,0.0,0.0,-0.001
5128241290,5128241051,0.0,0.0,-0.001
5128243775,5128243548,0.0,0.0,-0.001
5128251277,5128251039,0.0,0.0,-0.001
5128253763,5128253535,0.0,0.0,-0.001
5128261263,5128261026,0.0,0.0,-0.001
5128264998,5128264771,0.0,0.0,-0.001
5128268748,5128268517,0.0,0.0,-0.001
5128274985,5128274759,0.0,0.0,-0.001
5128278734,5128278504,0.0,0.0,-0.001
5128286227,5128285995,0.0,0.0,-0.001
5128291223,5128290989,0.0,0.0,-0.001
5128296217,5128295984,0.0,0.0,-0.001
5128301209,5128300976,0.0,0.0,-0.001
5128303703,5128303473,0.0,0.0,-0.001
5128311196,5128310964,0.0,0.0,-0.001
5128313686,5128313460,0.0,0.0,-0.001
5128321185,5128320951,0.0,0.0,-0.001
5128324948,5128324697,0.0,0.0,-0.001
5128331178,5128330939,0.0,0.0,-0.001
5128334909,5128334684,0.0,0.0,-0.001
5128338671,5128338429,0.0,0.0,-0.001
5128344896,5128344672,0.0,0.0,-0.001
5128348641,5128348416,0.0,0.0,-0.001
5128356134,5128355907,0.0,0.0,-0.001
5128361156,5128360904,0.0,0.0,-0.001
5128366138,5128365895,0.0,0.0,-0.001
5128372369,5128372140,0.0,0.0,-0.001
5128373618,5128373386,0.0,0.0,-0.001
5128379858,5128379628,0.0,0.0,-0.001
5128383608,5128383374,0.0,0.0,-0.001
5128391103,5128390871,0.0,0.0,-0.001
5128394838,5128394609,0.0,0.0,-0.001
5128401087,5128400852,0.0,0.0,-0.001
5128404832,5128404596,0.0,0.0,-0.001
5128408569,5128408341,0.0,0.0,-0.001
5128414810,5128414584,0.0,0.0,-0.001
5128418560,5128418329,0.0,0.0,-0.001
5128426054,5128425819,0.0,0.0,-0.001
5128431050,5128430813,0.0,0.0,-0.001
5128436042,5128435807,0.0,0.0,-0.001
5128441041,5128440801,0.0,0.0,-0.001
5128443527,5128443298,0.0,0.0,-0.001
5128451024,5128450789,0.0,0.0,-0.001
5128453513,5128453285,0.0,0.0,-0.001
5128461018,5128460779,0.0,0.0,-0.001
5128464752,5128464521,0.0,0.0,-0.001
5128471001,5128470764,0.0,0.0,-0.001
5128474742,5128474509,0.0,0.0,-0.001
5128478530,5128478254,0.0,0.0,-0.001
5128485977,5128485745,0.0,0.0,-0.001
5128488479,5128488242,0.0,0.0,-0.001
5128495979,5128495732,0.0,0.0,-0.001
5128500970,5128500726,0.0,0.0,-0.001
5128505966,5128505720,0.0,0.0,-0.001
5128510952,5128510713,0.0,0.0,-0.001
5128513437,5128513210,0.0,0.0,-0.001
5128520944,5128520701,0.0,0.0,-0.001
5128523444,5128523198,0.0,0.0,-0.001
5128530929,5128530688,0.0,0.0,-0.001
5128534667,5128534434,0.0,0.0,-0.001
5128538425,5128538179,0.0,0.0,-0.001
5128544656,5128544421,0.0,0.0,-0.001
5128548396,5128548167,0.0,0.0,-0.001
5128555905,5128555657,0.0,0.0,-0.001
5128558384,5128558154,0.0,0.0,-0.001
5128565892,5128565645,0.0,0.0,-0.001
5128570885,5128570646,0.0,0.0,-0.001
5128575871,5128575632,0.0,0.0,-0.001
5128580858,5128580626,0.0,0.0,-0.001
5128583356,5128583122,0.0,0.0,-0.001
5128590852,5128590613,0.0,0.0,-0.001
5128593346,5128593110,0.0,0.0,-0.001
5128600833,5128600601,0.0,0.0,-0.001
5128604594,5128604346,0.0,0.0,-0.001
5128610822,5128610589,0.0,0.0,-0.001
5128614566,5128614334,0.0,0.0,-0.001
5128618340,5128618079,0.0,0.0,-0.001
5128625803,5128625570,0.0,0.0,-0.001
5128628310,5128628066,0.0,0.0,-0.001
5128635796,5128635557,0.0,0.0,-0.001
5128639546,5128639307,0.0,0.0,-0.001
5128645781,5128645545,0.0,0.0,-0.001
5128650775,5128650539,0.0,0.0,-0.001
5128653270,5128653035,0.0,0.0,-0.001
5128660759,5128660526,0.0,0.0,-0.001
5128663260,5128663022,0.0,0.0,-0.001
5128670747,5128670513,0.0,0.0,-0.001
5128674499,5128674267,0.0,0.0,-0.001
5128681988,5128681749,0.0,0.0,-0.001
5128684489,5128684246,0.0,0.0,-0.001
5128688224,5128687991,0.0,0.0,-0.001
5128695716,5128695482,0.0,0.0,-0.001
5128700711,5128700476,0.0,0.0,-0.001
5128705713,5128705470,0.0,0.0,-0.001
5128709446,5128709215,0.0,0.0,-0.001
5128716941,5128716705,0.0,0.0,-0.001
5128720687,5128720451,0.0,0.0,-0.001
5128723179,5128722948,0.0,0.0,-0.001
5128730690,5128730438,0.0,0.0,-0.001
5128734425,5128734184,0.0,0.0,-0.001
5128740665,5128740425,0.0,0.0,-0.001
5128744401,5128744171,0.0,0.0,-0.001
5128751957,5128751666,0.0,0.0,-0.001
5128754386,5128754158,0.0,0.0,-0.001
5128758131,5128757904,0.0,0.0,-0.001
5128765628,5128765394,0.0,0.0,-0.001
5128770628,5128770389,0.0,0.0,-0.001
5128775613,5128775382,0.0,0.0,-0.001
5128779358,5128779127,0.0,0.0,-0.001
5128786845,5128786618,0.0,0.0,-0.001
5128790602,5128790363,0.0,0.0,-0.001
5128793102,5128792860,0.0,0.0,-0.001
5128800586,5128800350,0.0,0.0,-0.001
5128804329,5128804096,0.0,0.0,-0.001
5128810572,5128810338,0.0,0.0,-0.001
5128814348,5128814084,0.0,0.0,-0.001
5128821805,5128821574,0.0,0.0,-0.001
5128824315,5128824071,0.0,0.0,-0.001
5128828049,5128827816,0.0,0.0,-0.001
5128835550,5128835307,0.0,0.0,-0.001
5128840536,5128840300,0.0,0.0,-0.001
5128845567,5128845296,0.0,0.0,-0.001
5128850524,5128850288,0.0,0.0,-0.001
5128856759,5128856530,0.0,0.0,-0.001
5128860510,5128860276,0.0,0.0,-0.001
5128863005,5128862772,0.0,0.0,-0.001
5128870498,5128870263,0.0,0.0,-0.001
5128874240,5128874008,0.0,0.0,-0.001
5128880489,5128880255,0.0,0.0,-0.001
5128884226,5128883996,0.0,0.0,-0.001
5128891719,5128891487,0.0,0.0,-0.001
5128895485,5128895233,0.0,0.0,-0.001
5128898016,5128897733,0.0,0.0,-0.001
5128905529,5128905225,0.0,0.0,-0.001
5128910449,5128910213,0.0,0.0,-0.001
5128915441,5128915207,0.0,0.0,-0.001
5128920499,5128920206,0.0,0.0,-0.001
5128926672,5128926443,0.0,0.0,-0.001
5128930429,5128930188,0.0,0.0,-0.001
5128932924,5128932684,0.0,0.0,-0.001
5128940421,5128940183,0.0,0.0,-0.001
5128944148,5128943921,0.0,0.0,-0.001
5128950456,5128950166,0.0,0.0,-0.001
5128954133,5128953908,0.0,0.0,-0.001
5128961631,5128961399,0.0,0.0,-0.001
5128965469,5128965145,0.0,0.0,-0.001
5128967867,5128967641,0.0,0.0,-0.001
5128975371,5128975132,0.0,0.0,-0.001
5128979107,5128978877,0.0,0.0,-0.001
5128985358,5128985123,0.0,0.0,-0.001
5128989116,5128988864,0.0,0.0,-0.001
5128996584,5128996355,0.0,0.0,-0.001
5129000343,5129000100,0.0,0.0,-0.001
5129002892,5129002597,0.0,0.0,-0.001
5129010378,5129010088,0.0,0.0,-0.001
5129014068,5129013833,0.0,0.0,-0.001
5129020312,5129020075,0.0,0.0,-0.001
5129024058,5129023821,0.0,0.0,-0.001
5129031563,5129031311,0.0,0.0,-0.001
5129035299,5129035058,0.0,0.0,-0.001
5129037786,5129037553,0.0,0.0,-0.001
5129045284,5129045044,0.0,0.0,-0.001
5129049027,5129048794,0.0,0.0,-0.001
5129055344,5129055032,0.0,0.0,-0.001
5129060264,5129060025,0.0,0.0,-0.001
5129066499,5129066268,0.0,0.0,-0.001
5129070301,5129070013,0.0,0.0,-0.001
5129073997,5129073758,0.0,0.0,-0.001
5129080236,5129080000,0.0,0.0,-0.001
5129083973,5129083745,0.0,0.0,-0.001
5129091495,5129091236,0.0,0.0,-0.001
5129093960,5129093733,0.0,0.0,-0.001
5129101467,5129101224,0.0,0.0,-0.001
5129105205,5129104969,0.0,0.0,-0.001
5129110200,5129109966,0.0,0.0,-0.001
5129115248,5129114956,0.0,0.0,-0.001
5129121431,5129121199,0.0,0.0,-0.001
5129126432,5129126192,0.0,0.0,-0.001
5129130212,5129129938,0.0,0.0,-0.001
5129136407,5129136180,0.0,0.0,-0.001
5129140170,5129139926,0.0,0.0,-0.001
5129143909,5129143670,0.0,0.0,-0.001
5129150171,5129149913,0.0,0.0,-0.001
5129153889,5129153658,0.0,0.0,-0.001
5129161397,5129161149,0.0,0.0,-0.001
5129163884,5129163645,0.0,0.0,-0.001
5129171368,5129171136,0.0,0.0,-0.001
5129175157,5129174881,0.0,0.0,-0.001
5129180105,5129179875,0.0,0.0,-0.001
5129185101,5129184869,0.0,0.0,-0.001
5129190141,5129189862,0.0,0.0,-0.001
5129196331,5129196105,0.0,0.0,-0.001
5129200086,5129199850,0.0,0.0,-0.001
5129206337,5129206092,0.0,0.0,-0.001
5129210081,5129209837,0.0,0.0,-0.001
5129213818,5129213583,0.0,0.0,-0.001
5129220096,5129219825,0.0,0.0,-0.001
5129223810,5129223571,0.0,0.0,-0.001
5129231297,5129231061,0.0,0.0,-0.001
5129233788,5129233558,0.0,0.0,-0.001
5129241312,5129241048,0.0,0.0,-0.001
5129245033,5129244794,0.0,0.0,-0.001
5129250063,5129249788,0.0,0.0,-0.001
5129255014,5129254781,0.0,0.0,-0.001
5129258761,5129258526,0.0,0.0,-0.001
5129266268,5129266017,0.0,0.0,-0.001
5129269993,5129269762,0.0,0.0,-0.001
5129276236,5129276005,0.0,0.0,-0.001
5129280014,5129279750,0.0,0.0,-0.001
5129283733,5129283496,0.0,0.0,-0.001
5129289971,5129289738,0.0,0.0,-0.001
5129293714,5129293483,0.0,0.0,-0.001
5129301201,5129300973,0.0,0.0,-0.001
5129304973,5129304718,0.0,0.0,-0.001
5129311193,5129310961,0.0,0.0,-0.001
5129314942,5129314707,0.0,0.0,-0.001
5129318682,5129318451,0.0,0.0,-0.001
5129324968,5129324695,0.0,0.0,-0.001
5129329929,5129329688,0.0,0.0,-0.001
5129336162,5129335930,0.0,0.0,-0.001
5129339945,5129339675,0.0,0.0,-0.001
5129346145,5129345917,0.0,0.0,-0.001
5129349908,5129349663,0.0,0.0,-0.001
5129353642,5129353408,0.0,0.0,-0.001
5129359893,5129359650,0.0,0.0,-0.001
5129363647,5129363395,0.0,0.0,-0.001
5129371123,5129370886,0.0,0.0,-0.001
5129374873,5129374631,0.0,0.0,-0.001
5129381104,5129380873,0.0,0.0,-0.001
5129384886,5129384619,0.0,0.0,-0.001
5129389902,5129389612,0.0,0.0,-0.001
5129394844,5129394606,0.0,0.0,-0.001
5129398586,5129398351,0.0,0.0,-0.001
5129406075,5129405842,0.0,0.0,-0.001
5129409828,5129409596,0.0,0.0,-0.001
5129416069,5129415829,0.0,0.0,-0.001
5129419806,5129419575,0.0,0.0,-0.001
5129423554,5129423320,0.0,0.0,-0.001
5129429820,5129429562,0.0,0.0,-0.001
5129433542,5129433309,0.0,0.0,-0.001
5129441030,5129440798,0.0,0.0,-0.001
5129444802,5129444544,0.0,0.0,-0.001
5129451019,5129450786,0.0,0.0,-0.001
5129454766,5129454531,0.0,0.0,-0.001
5129458508,5129458277,0.0,0.0,-0.001
5129465994,5129465767,0.0,0.0,-0.001
5129469745,5129469512,0.0,0.0,-0.001
5129475993,5129475754,0.0,0.0,-0.001
5129479735,5129479500,0.0,0.0,-0.001
5129485974,5129485742,0.0,0.0,-0.001
5129489733,5129489487,0.0,0.0,-0.001
5129493468,5129493233,0.0,0.0,-0.001
5129500967,5129500723,0.0,0.0,-0.001
5129503457,5129503220,0.0,0.0,-0.001
5129510941,5129510710,0.0,0.0,-0.001
5129514694,5129514456,0.0,0.0,-0.001
5129519698,5129519450,0.0,0.0,-0.001
5129524686,5129524443,0.0,0.0,-0.001
5129529675,5129529444,0.0,0.0,-0.001
5129535922,5129535679,0.0,0.0,-0.001
5129539659,5129539424,0.0,0.0,-0.001
5129545906,5129545667,0.0,0.0,-0.001
5129549669,5129549413,0.0,0.0,-0.001
5129553398,5129553158,0.0,0.0,-0.001
5129559631,5129559400,0.0,0.0,-0.001
5129563388,5129563145,0.0,0.0,-0.001
5129570873,5129570636,0.0,0.0,-0.001
5129573371,5129573132,0.0,0.0,-0.001
5129580858,5129580623,0.0,0.0,-0.001
5129584596,5129584368,0.0,0.0,-0.001
5129589594,5129589362,0.0,0.0,-0.001
5129594622,5129594362,0.0,0.0,-0.001
5129598334,5129598101,0.0,0.0,-0.001
5129605825,5129605592,0.0,0.0,-0.001
5129609584,5129609337,0.0,0.0,-0.001
5129615806,5129615579,0.0,0.0,-0.001
5129619565,5129619325,0.0,0.0,-0.001
5129623312,5129623070,0.0,0.0,-0.001
5129629548,5129629312,0.0,0.0,-0.001
5129633301,5129633057,0.0,0.0,-0.001
5129640786,5129640548,0.0,0.0,-0.001
5129643288,5129643045,0.0,0.0,-0.001
5129650772,5129650535,0.0,0.0,-0.001
5129654535,5129654281,0.0,0.0,-0.001
5129659512,5129659282,0.0,0.0,-0.001
5129664512,5129664268,0.0,0.0,-0.001
5129668242,5129668013,0.0,0.0,-0.001
5129675736,5129675505,0.0,0.0,-0.001
5129679486,5129679250,0.0,0.0,-0.001
5129685723,5129685491,0.0,0.0,-0.001
5129689488,5129689237,0.0,0.0,-0.001
5129693216,5129692982,0.0,0.0,-0.001
5129699480,5129699225,0.0,0.0,-0.001
5129703202,5129702970,0.0,0.0,-0.001
5129710701,5129710460,0.0,0.0,-0.001
5129714484,5129714206,0.0,0.0,-0.001
5129720682,5129720452,0.0,0.0,-0.001
5129724427,5129724193,0.0,0.0,-0.001
5129729435,5129729188,0.0,0.0,-0.001
5129734424,5129734181,0.0,0.0,-0.001
5129739415,5129739175,0.0,0.0,-0.001
5129745653,5129745416,0.0,0.0,-0.001
5129749408,5129749162,0.0,0.0,-0.001
5129755633,5129755404,0.0,0.0,-0.001
5129759390,5129759149,0.0,0.0,-0.001
5129766877,5129766640,0.0,0.0,-0.001
5129769372,5129769137,0.0,0.0,-0.001
5129773111,5129772882,0.0,0.0,-0.001
5129780607,5129780373,0.0,0.0,-0.001
5129784359,5129784118,0.0,0.0,-0.001
5129790601,5129790360,0.0,0.0,-0.001
5129794339,5129794106,0.0,0.0,-0.001
5129798098,5129797851,0.0,0.0,-0.001
5129804331,5129804093,0.0,0.0,-0.001
5129809324,5129809087,0.0,0.0,-0.001
5129815559,5129815329,0.0,0.0,-0.001
5129819365,5129819075,0.0,0.0,-0.001
5129825549,5129825317,0.0,0.0,-0.001
5129829300,5129829062,0.0,0.0,-0.001
5129836785,5129836552,0.0,0.0,-0.001
5129839303,5129839049,0.0,0.0,-0.001
5129843083,5129842794,0.0,0.0,-0.001
5129850522,5129850288,0.0,0.0,-0.001
5129854275,5129854030,0.0,0.0,-0.001
5129859260,5129859024,0.0,0.0,-0.001
5129864261,5129864026,0.0,0.0,-0.001
5129869245,5129869012,0.0,0.0,-0.001
5129875493,5129875255,0.0,0.0,-0.001
5129879236,5129879000,0.0,0.0,-0.001
5129885479,5129885242,0.0,0.0,-0.001
5129889219,5129888987,0.0,0.0,-0.001
5129895472,5129895229,0.0,0.0,-0.001
5129899205,5129898974,0.0,0.0,-0.001
5129906700,5129906465,0.0,0.0,-0.001
5129910456,5129910210,0.0,0.0,-0.001
5129912952,5129912707,0.0,0.0,-0.001
5129920429,5129920198,0.0,0.0,-0.001
5129924174,5129923943,0.0,0.0,-0.001
5129929171,5129928937,0.0,0.0,-0.001
5129934163,5129933930,0.0,0.0,-0.001
5129939160,5129938924,0.0,0.0,-0.001
5129945407,5129945167,0.0,0.0,-0.001
5129949146,5129948912,0.0,0.0,-0.001
5129955391,5129955154,0.0,0.0,-0.001
5129959130,5129958899,0.0,0.0,-0.001
5129965372,5129965142,0.0,0.0,-0.001
5129969123,5129968887,0.0,0.0,-0.001
5129976605,5129976379,0.0,0.0,-0.001
5129980355,5129980123,0.0,0.0,-0.001
5129982851,5129982620,0.0,0.0,-0.001
5129990342,5129990110,0.0,0.0,-0.001
5129994095,5129993855,0.0,0.0,-0.001
5129999159,5129998852,0.0,0.0,-0.001
5130004086,5130003843,0.0,0.0,-0.001
5130009076,5130008837,0.0,0.0,-0.001
5130015330,5130015079,0.0,0.0,-0.001
5130019061,5130018824,0.0,0.0,-0.001
5130025303,5130025066,0.0,0.0,-0.001
5130029047,5130028812,0.0,0.0,-0.001
5130035291,5130035054,0.0,0.0,-0.001
5130039037,5130038799,0.0,0.0,-0.001
5130046528,5130046290,0.0,0.0,-0.001
5130050293,5130050035,0.0,0.0,-0.001
5130052768,5130052532,0.0,0.0,-0.001
5130060265,5130060026,0.0,0.0,-0.001
5130064009,5130063768,0.0,0.0,-0.001
5130067745,5130067513,0.0,0.0,-0.001
5130073992,5130073755,0.0,0.0,-0.001
5130078986,5130078754,0.0,0.0,-0.001
5130085276,5130084991,0.0,0.0,-0.001
5130090222,5130089985,0.0,0.0,-0.001
5130095208,5130094979,0.0,0.0,-0.001
5130098959,5130098724,0.0,0.0,-0.001
5130106459,5130106215,0.0,0.0,-0.001
5130110192,5130109960,0.0,0.0,-0.001
5130116505,5130116202,0.0,0.0,-0.001
5130120181,5130119947,0.0,0.0,-0.001
5130123930,5130123693,0.0,0.0,-0.001
5130130176,5130129935,0.0,0.0,-0.001
5130133916,5130133680,0.0,0.0,-0.001
5130137654,5130137426,0.0,0.0,-0.001
5130143905,5130143668,0.0,0.0,-0.001
5130148906,5130148662,0.0,0.0,-0.001
5130155132,5130154904,0.0,0.0,-0.001
5130158884,5130158649,0.0,0.0,-0.001
5130165130,5130164891,0.0,0.0,-0.001
5130168870,5130168637,0.0,0.0,-0.001
5130176358,5130176127,0.0,0.0,-0.001
5130178911,5130178624,0.0,0.0,-0.001
5130186368,5130186115,0.0,0.0,-0.001
5130190100,5130189860,0.0,0.0,-0.001
5130193833,5130193605,0.0,0.0,-0.001
5130200086,5130199847,0.0,0.0,-0.001
5130203827,5130203593,0.0,0.0,-0.001
5130208822,5130208591,0.0,0.0,-0.001
5130213814,5130213580,0.0,0.0,-0.001
5130217558,5130217326,0.0,0.0,-0.001
5130225050,5130224816,0.0,0.0,-0.001
5130228795,5130228561,0.0,0.0,-0.001
5130235037,5130234803,0.0,0.0,-0.001
5130238778,5130238549,0.0,0.0,-0.001
5130246285,5130246040,0.0,0.0,-0.001
5130250015,5130249785,0.0,0.0,-0.001
5130256282,5130256028,0.0,0.0,-0.001
5130260004,5130259773,0.0,0.0,-0.001
5130263770,5130263518,0.0,0.0,-0.001
5130269989,5130269760,0.0,0.0,-0.001
5130273739,5130273505,0.0,0.0,-0.001
5130278732,5130278499,0.0,0.0,-0.001
5130284984,5130284741,0.0,0.0,-0.001
5130288721,5130288486,0.0,0.0,-0.001
5130294954,5130294728,0.0,0.0,-0.001
5130298701,5130298474,0.0,0.0,-0.001
5130304955,5130304716,0.0,0.0,-0.001
5130308696,5130308461,0.0,0.0,-0.001
5130316182,5130315952,0.0,0.0,-0.001
5130319939,5130319697,0.0,0.0,-0.001
5130326177,5130325940,0.0,0.0,-0.001
5130329916,5130329684,0.0,0.0,-0.001
5130333664,5130333430,0.0,0.0,-0.001
5130338658,5130338424,0.0,0.0,-0.001
5130343653,5130343420,0.0,0.0,-0.001
5130351135,5130350908,0.0,0.0,-0.001
5130354884,5130354653,0.0,0.0,-0.001
5130358678,5130358399,0.0,0.0,-0.001
5130364878,5130364641,0.0,0.0,-0.001
5130368622,5130368386,0.0,0.0,-0.001
5130374857,5130374628,0.0,0.0,-0.001
5130378606,5130378374,0.0,0.0,-0.001
5130386096,5130385864,0.0,0.0,-0.001
5130389843,5130389610,0.0,0.0,-0.001
5130396089,5130395852,0.0,0.0,-0.001
5130399829,5130399597,0.0,0.0,-0.001
5130403575,5130403343,0.0,0.0,-0.001
5130408569,5130408336,0.0,0.0,-0.001
5130413567,5130413330,0.0,0.0,-0.001
5130418609,5130418324,0.0,0.0,-0.001
5130424796,5130424566,0.0,0.0,-0.001
5130428552,5130428314,0.0,0.0,-0.001
5130434785,5130434553,0.0,0.0,-0.001
5130438536,5130438299,0.0,0.0,-0.001
5130446019,5130445789,0.0,0.0,-0.001
5130448519,5130448286,0.0,0.0,-0.001
5130456018,5130455777,0.0,0.0,-0.001
5130459757,5130459523,0.0,0.0,-0.001
5130465995,5130465764,0.0,0.0,-0.001
5130469738,5130469509,0.0,0.0,-0.001
5130473507,5130473265,0.0,0.0,-0.001
5130478485,5130478249,0.0,0.0,-0.001
5130483493,5130483242,0.0,0.0,-0.001
5130490980,5130490733,0.0,0.0,-0.001
5130494723,5130494478,0.0,0.0,-0.001
5130498459,5130498223,0.0,0.0,-0.001
5130504696,5130504466,0.0,0.0,-0.001
5130508444,5130508211,0.0,0.0,-0.001
5130515937,5130515702,0.0,0.0,-0.001
5130518431,5130518199,0.0,0.0,-0.001
5130525916,5130525689,0.0,0.0,-0.001
5130529670,5130529434,0.0,0.0,-0.001
5130535925,5130535676,0.0,0.0,-0.001
5130539655,5130539422,0.0,0.0,-0.001
5130543421,5130543167,0.0,0.0,-0.001
5130550889,5130550658,0.0,0.0,-0.001
5130553383,5130553155,0.0,0.0,-0.001
5130558377,5130558149,0.0,0.0,-0.001
5130564628,5130564391,0.0,0.0,-0.001
5130570861,5130570633,0.0,0.0,-0.001
5130574629,5130574379,0.0,0.0,-0.001
5130578362,5130578124,0.0,0.0,-0.001
5130585846,5130585614,0.0,0.0,-0.001
5130588344,5130588111,0.0,0.0,-0.001
5130595832,5130595601,0.0,0.0,-0.001
5130599581,5130599347,0.0,0.0,-0.001
5130605834,5130605589,0.0,0.0,-0.001
5130609570,5130609335,0.0,0.0,-0.001
5130613324,5130613080,0.0,0.0,-0.001
5130620800,5130620570,0.0,0.0,-0.001
5130623312,5130623067,0.0,0.0,-0.001
5130628302,5130628061,0.0,0.0,-0.001
5130634540,5130634303,0.0,0.0,-0.001
5130638294,5130638052,0.0,0.0,-0.001
5130644517,5130644291,0.0,0.0,-0.001
5130648288,5130648036,0.0,0.0,-0.001
5130655765,5130655526,0.0,0.0,-0.001
5130659504,5130659272,0.0,0.0,-0.001
5130665751,5130665514,0.0,0.0,-0.001
5130669496,5130669259,0.0,0.0,-0.001
5130678239,5130678004,0.0,0.0,-0.001
5130679485,5130679247,0.0,0.0,-0.001
5130683238,5130682992,0.0,0.0,-0.001
5130688216,5130687986,0.0,0.0,-0.001
5130694459,5130694228,0.0,0.0,-0.001
5130700702,5130700470,0.0,0.0,-0.001
5130704449,5130704216,0.0,0.0,-0.001
5130711944,5130711706,0.0,0.0,-0.001
5130714434,5130714203,0.0,0.0,-0.001
5130718183,5130717949,0.0,0.0,-0.001
5130725665,5130725439,0.0,0.0,-0.001
5130729426,5130729184,0.0,0.0,-0.001
5130735659,5130735427,0.0,0.0,-0.001
5130739410,5130739173,0.0,0.0,-0.001
5130746901,5130746662,0.0,0.0,-0.001
5130749393,5130749160,0.0,0.0,-0.001
5130753146,5130752905,0.0,0.0,-0.001
5130758130,5130757898,0.0,0.0,-0.001
5130764371,5130764140,0.0,0.0,-0.001
5130770610,5130770383,0.0,0.0,-0.001
5130774358,5130774128,0.0,0.0,-0.001
5130781844,5130781618,0.0,0.0,-0.001
5130784343,5130784115,0.0,0.0,-0.001
5130788103,5130787861,0.0,0.0,-0.001
5130795584,5130795351,0.0,0.0,-0.001
5130799328,5130799097,0.0,0.0,-0.001
5130805575,5130805339,0.0,0.0,-0.001
5130809319,5130809084,0.0,0.0,-0.001
5130816835,5130816577,0.0,0.0,-0.001
5130819311,5130819072,0.0,0.0,-0.001
5130823051,5130822817,0.0,0.0,-0.001
5130830537,5130830308,0.0,0.0,-0.001
5130834293,5130834057,0.0,0.0,-0.001
5130838032,5130837798,0.0,0.0,-0.001
5130844286,5130844040,0.0,0.0,-0.001
5130851759,5130851531,0.0,0.0,-0.001
5130854270,5130854028,0.0,0.0,-0.001
5130858013,5130857780,0.0,0.0,-0.001
5130865500,5130865265,0.0,0.0,-0.001
5130869239,5130869009,0.0,0.0,-0.001
5130875486,5130875255,0.0,0.0,-0.001
5130879255,5130878997,0.0,0.0,-0.001
5130887970,5130887736,0.0,0.0,-0.001
5130890466,5130890233,0.0,0.0,-0.001
5130892968,5130892729,0.0,0.0,-0.001
5130900450,5130900220,0.0,0.0,-0.001
5130904192,5130903965,0.0,0.0,-0.001
5130907964,5130907711,0.0,0.0,-0.001
5130914191,5130913953,0.0,0.0,-0.001
5130921675,5130921443,0.0,0.0,-0.001
5130925430,5130925190,0.0,0.0,-0.001
5130927918,5130927686,0.0,0.0,-0.001
5130935407,5130935177,0.0,0.0,-0.001
5130939165,5130938922,0.0,0.0,-0.001
5130945398,5130945164,0.0,0.0,-0.001
5130949143,5130948909,0.0,0.0,-0.001
5130957881,5130957648,0.0,0.0,-0.001
5130960374,5130960145,0.0,0.0,-0.001
5130962879,5130962642,0.0,0.0,-0.001
5130970359,5130970132,0.0,0.0,-0.001
5130974114,5130973878,0.0,0.0,-0.001
5130980347,5130980120,0.0,0.0,-0.001
5130984098,5130983865,0.0,0.0,-0.001
5130991586,5130991356,0.0,0.0,-0.001
5130995332,5130995101,0.0,0.0,-0.001
5130997829,5130997598,0.0,0.0,-0.001
5131005330,5131005089,0.0,0.0,-0.001
5131009065,5131008834,0.0,0.0,-0.001
5131015323,5131015076,0.0,0.0,-0.001
5131019053,5131018822,0.0,0.0,-0.001
5131027855,5131027566,0.0,0.0,-0.001
5131030299,5131030057,0.0,0.0,-0.001
5131034040,5131033802,0.0,0.0,-0.001
5131040288,5131040045,0.0,0.0,-0.001
5131044031,5131043790,0.0,0.0,-0.001
5131050278,5131050032,0.0,0.0,-0.001
5131054010,5131053778,0.0,0.0,-0.001
5131061511,5131061268,0.0,0.0,-0.001
5131065278,5131065014,0.0,0.0,-0.001
5131069006,5131068759,0.0,0.0,-0.001
5131075234,5131075001,0.0,0.0,-0.001
5131078981,5131078746,0.0,0.0,-0.001
5131087721,5131087486,0.0,0.0,-0.001
5131088973,5131088734,0.0,0.0,-0.001
5131097705,5131097473,0.0,0.0,-0.001
5131100200,5131099970,0.0,0.0,-0.001
5131103948,5131103715,0.0,0.0,-0.001
5131110184,5131109957,0.0,0.0,-0.001
5131113932,5131113703,0.0,0.0,-0.001
5131121468,5131121193,0.0,0.0,-0.001
5131123927,5131123690,0.0,0.0,-0.001
5131127667,5131127435,0.0,0.0,-0.001
5131135152,5131134926,0.0,0.0,-0.001
5131138918,5131138671,0.0,0.0,-0.001
5131145151,5131144914,0.0,0.0,-0.001
5131148895,5131148663,0.0,0.0,-0.001
5131157632,5131157398,0.0,0.0,-0.001
5131158878,5131158647,0.0,0.0,-0.001
5131167614,5131167386,0.0,0.0,-0.001
5131170113,5131169882,0.0,0.0,-0.001
5131173853,5131173627,0.0,0.0,-0.001
5131180097,5131179870,0.0,0.0,-0.001
5131183875,5131183616,0.0,0.0,-0.001
5131191336,5131191106,0.0,0.0,-0.001
5131193831,5131193602,0.0,0.0,-0.001
5131201325,5131201093,0.0,0.0,-0.001
5131205070,5131204838,0.0,0.0,-0.001
5131208818,5131208584,0.0,0.0,-0.001
5131215069,5131214826,0.0,0.0,-0.001
5131218802,5131218571,0.0,0.0,-0.001
5131227547,5131227315,0.0,0.0,-0.001
5131228791,5131228559,0.0,0.0,-0.001
5131236285,5131236049,0.0,0.0,-0.001
5131240028,5131239794,0.0,0.0,-0.001
5131243766,5131243540,0.0,0.0,-0.001
5131250010,5131249782,0.0,0.0,-0.001
5131253754,5131253528,0.0,0.0,-0.001
5131261255,5131261018,0.0,0.0,-0.001
5131264993,5131264763,0.0,0.0,-0.001
5131271240,5131271006,0.0,0.0,-0.001
5131274990,5131274751,0.0,0.0,-0.001
5131278732,5131278497,0.0,0.0,-0.001
5131284971,5131284738,0.0,0.0,-0.001
5131288717,5131288483,0.0,0.0,-0.001
5131296203,5131295974,0.0,0.0,-0.001
5131299956,5131299719,0.0,0.0,-0.001
5131307445,5131307211,0.0,0.0,-0.001
5131309937,5131309707,0.0,0.0,-0.001
5131313681,5131313452,0.0,0.0,-0.001
5131319926,5131319694,0.0,0.0,-0.001
5131323676,5131323440,0.0,0.0,-0.001
5131331161,5131330931,0.0,0.0,-0.001
5131334913,5131334676,0.0,0.0,-0.001
5131341152,5131340921,0.0,0.0,-0.001
5131344891,5131344663,0.0,0.0,-0.001
5131348642,5131348411,0.0,0.0,-0.001
5131354885,5131354651,0.0,0.0,-0.001
5131358639,5131358396,0.0,0.0,-0.001
5131367373,5131367136,0.0,0.0,-0.001
5131369860,5131369632,0.0,0.0,-0.001
5131377366,5131377123,0.0,0.0,-0.001
5131379856,5131379620,0.0,0.0,-0.001
5131383598,5131383365,0.0,0.0,-0.001
5131389838,5131389607,0.0,0.0,-0.001
5131393578,5131393352,0.0,0.0,-0.001
5131401073,5131400843,0.0,0.0,-0.001
5131404818,5131404588,0.0,0.0,-0.001
5131411062,5131410830,0.0,0.0,-0.001
5131414805,5131414576,0.0,0.0,-0.001
5131418552,5131418321,0.0,0.0,-0.001
5131424796,5131424563,0.0,0.0,-0.001
5131428540,5131428309,0.0,0.0,-0.001
5131437287,5131437048,0.0,0.0,-0.001
5131439773,5131439544,0.0,0.0,-0.001
5131447274,5131447035,0.0,0.0,-0.001
5131449761,5131449532,0.0,0.0,-0.001
5131453506,5131453277,0.0,0.0,-0.001
5131459746,5131459520,0.0,0.0,-0.001
5131463500,5131463265,0.0,0.0,-0.001
5131470983,5131470755,0.0,0.0,-0.001
5131474734,5131474503,0.0,0.0,-0.001
5131482222,5131481991,0.0,0.0,-0.001
5131484722,5131484488,0.0,0.0,-0.001
5131488500,5131488234,0.0,0.0,-0.001
5131497203,5131496973,0.0,0.0,-0.001
5131498476,5131498221,0.0,0.0,-0.001
5131507195,5131506960,0.0,0.0,-0.001
5131509687,5131509457,0.0,0.0,-0.001
5131513438,5131513202,0.0,0.0,-0.001
5131519684,5131519446,0.0,0.0,-0.001
5131523433,5131523190,0.0,0.0,-0.001
5131530947,5131530698,0.0,0.0,-0.001
5131533409,5131533178,0.0,0.0,-0.001
5131540906,5131540668,0.0,0.0,-0.001
5131544650,5131544413,0.0,0.0,-0.001
5131550900,5131550655,0.0,0.0,-0.001
5131554631,5131554400,0.0,0.0,-0.001
5131558380,5131558147,0.0,0.0,-0.001
5131567120,5131566886,0.0,0.0,-0.001
5131568369,5131568134,0.0,0.0,-0.001
5131577104,5131576872,0.0,0.0,-0.001
5131579622,5131579370,0.0,0.0,-0.001
5131587091,5131586860,0.0,0.0,-0.001
5131589596,5131589357,0.0,0.0,-0.001
5131593335,5131593102,0.0,0.0,-0.001
5131600826,5131600593,0.0,0.0,-0.001
5131603332,5131603090,0.0,0.0,-0.001
5131610838,5131610580,0.0,0.0,-0.001
5131614558,5131614326,0.0,0.0,-0.001
5131620798,5131620568,0.0,0.0,-0.001
5131624541,5131624313,0.0,0.0,-0.001
5131628295,5131628058,0.0,0.0,-0.001
5131637033,5131636798,0.0,0.0,-0.001
5131638292,5131638053,0.0,0.0,-0.001
5131647027,5131646785,0.0,0.0,-0.001
5131649509,5131649282,0.0,0.0,-0.001
5131657012,5131656773,0.0,0.0,-0.001
5131659500,5131659269,0.0,0.0,-0.001
5131663242,5131663014,0.0,0.0,-0.001
5131670745,5131670506,0.0,0.0,-0.001
5131674505,5131674270,0.0,0.0,-0.001
5131680729,5131680493,0.0,0.0,-0.001
5131684474,5131684241,0.0,0.0,-0.001
5131691963,5131691729,0.0,0.0,-0.001
5131694465,5131694227,0.0,0.0,-0.001
5131698203,5131697971,0.0,0.0,-0.001
5131706944,5131706710,0.0,0.0,-0.001
5131709445,5131709207,0.0,0.0,-0.001
5131715678,5131715449,0.0,0.0,-0.001
5131719418,5131719194,0.0,0.0,-0.001
5131726931,5131726685,0.0,0.0,-0.001
5131729426,5131729182,0.0,0.0,-0.001
5131733161,5131732927,0.0,0.0,-0.001
5131740654,5131740418,0.0,0.0,-0.001
5131744410,5131744165,0.0,0.0,-0.001
5131750644,5131750405,0.0,0.0,-0.001
5131754394,5131754151,0.0,0.0,-0.001
5131761873,5131761641,0.0,0.0,-0.001
5131764376,5131764138,0.0,0.0,-0.001
5131768112,5131767883,0.0,0.0,-0.001
5131776854,5131776622,0.0,0.0,-0.001
5131779347,5131779119,0.0,0.0,-0.001
5131786852,5131786618,0.0,0.0,-0.001
5131789333,5131789107,0.0,0.0,-0.001
5131796829,5131796598,0.0,0.0,-0.001
5131799337,5131799094,0.0,0.0,-0.001
5131803067,5131802839,0.0,0.0,-0.001
5131810556,5131810330,0.0,0.0,-0.001
5131814323,5131814076,0.0,0.0,-0.001
5131820548,5131820318,0.0,0.0,-0.001
5131824300,5131824063,0.0,0.0,-0.001
5131831792,5131831554,0.0,0.0,-0.001
5131834293,5131834059,0.0,0.0,-0.001
5131838028,5131837797,0.0,0.0,-0.001
5131846767,5131846535,0.0,0.0,-0.001
5131849271,5131849032,0.0,0.0,-0.001
5131855502,5131855274,0.0,0.0,-0.001
5131859259,5131859019,0.0,0.0,-0.001
5131866741,5131866510,0.0,0.0,-0.001
5131870488,5131870255,0.0,0.0,-0.001
5131872997,5131872752,0.0,0.0,-0.001
5131880477,5131880242,0.0,0.0,-0.001
5131884238,5131883988,0.0,0.0,-0.001
5131890467,5131890230,0.0,0.0,-0.001
5131894216,5131893981,0.0,0.0,-0.001
5131901697,5131901466,0.0,0.0,-0.001
5131906695,5131906460,0.0,0.0,-0.001
5131907945,5131907708,0.0,0.0,-0.001
5131916689,5131916447,0.0,0.0,-0.001
5131919177,5131918944,0.0,0.0,-0.001
5131926670,5131926435,0.0,0.0,-0.001
5131929160,5131928931,0.0,0.0,-0.001
5131936654,5131936422,0.0,0.0,-0.001
5131940408,5131940168,0.0,0.0,-0.001
5131942903,5131942664,0.0,0.0,-0.001
5131950387,5131950155,0.0,0.0,-0.001
5131954129,5131953900,0.0,0.0,-0.001
5131960374,5131960143,0.0,0.0,-0.001
5131964132,5131963888,0.0,0.0,-0.001
5131971613,5131971378,0.0,0.0,-0.001
5131976605,5131976373,0.0,0.0,-0.001
5131977864,5131977621,0.0,0.0,-0.001
5131986595,5131986360,0.0,0.0,-0.001
5131989085,5131988856,0.0,0.0,-0.001
5131995330,5131995099,0.0,0.0,-0.001
5131999073,5131998844,0.0,0.0,-0.001
5132006570,5132006335,0.0,0.0,-0.001
5132010319,5132010080,0.0,0.0,-0.001
5132012807,5132012577,0.0,0.0,-0.001
5132020307,5132020067,0.0,0.0,-0.001
5132024044,5132023813,0.0,0.0,-0.001
5132030298,5132030055,0.0,0.0,-0.001
5132034037,5132033800,0.0,0.0,-0.001
5132041535,5132041291,0.0,0.0,-0.001
5132046520,5132046285,0.0,0.0,-0.001
5132047761,5132047533,0.0,0.0,-0.001
5132056510,5132056272,0.0,0.0,-0.001
5132058995,5132058769,0.0,0.0,-0.001
5132066495,5132066260,0.0,0.0,-0.001
5132068993,5132068757,0.0,0.0,-0.001
5132076485,5132076247,0.0,0.0,-0.001
5132080223,5132079992,0.0,0.0,-0.001
5132083978,5132083737,0.0,0.0,-0.001
5132090213,5132089980,0.0,0.0,-0.001
5132093950,5132093725,0.0,0.0,-0.001
5132101460,5132101216,0.0,0.0,-0.001
5132103944,5132103713,0.0,0.0,-0.001
5132111437,5132111204,0.0,0.0,-0.001
5132115183,5132114948,0.0,0.0,-0.001
5132118927,5132118694,0.0,0.0,-0.001
5132126484,5132126185,0.0,0.0,-0.001
5132128913,5132128681,0.0,0.0,-0.001
5132136417,5132136172,0.0,0.0,-0.001
5132138898,5132138669,0.0,0.0,-0.001
5132146395,5132146160,0.0,0.0,-0.001
5132150135,5132149905,0.0,0.0,-0.001
5132153881,5132153650,0.0,0.0,-0.001
5132160119,5132159892,0.0,0.0,-0.001
5132163862,5132163637,0.0,0.0,-0.001
5132171357,5132171128,0.0,0.0,-0.001
5132173855,5132173625,0.0,0.0,-0.001
5132181350,5132181116,0.0,0.0,-0.001
5132186344,5132186110,0.0,0.0,-0.001
5132188887,5132188606,0.0,0.0,-0.001
5132195088,5132194848,0.0,0.0,-0.001
5132198822,5132198594,0.0,0.0,-0.001
5132206338,5132206094,0.0,0.0,-0.001
5132210062,5132209830,0.0,0.0,-0.001
5132216320,5132216076,0.0,0.0,-0.001
5132220092,5132219817,0.0,0.0,-0.001
5132223794,5132223563,0.0,0.0,-0.001
5132230036,5132229804,0.0,0.0,-0.001
5132233779,5132233550,0.0,0.0,-0.001
5132241296,5132241042,0.0,0.0,-0.001
5132243766,5132243537,0.0,0.0,-0.001
5132251311,5132251028,0.0,0.0,-0.001
5132256273,5132256024,0.0,0.0,-0.001
5132258745,5132258519,0.0,0.0,-0.001
5132266243,5132266010,0.0,0.0,-0.001
5132268733,5132268506,0.0,0.0,-0.001
5132276234,5132275997,0.0,0.0,-0.001
5132279968,5132279742,0.0,0.0,-0.001
5132286217,5132285984,0.0,0.0,-0.001
5132289958,5132289730,0.0,0.0,-0.001
5132293705,5132293475,0.0,0.0,-0.001
5132299948,5132299717,0.0,0.0,-0.001
5132303692,5132303462,0.0,0.0,-0.001
5132311185,5132310953,0.0,0.0,-0.001
5132316193,5132315957,0.0,0.0,-0.001
5132321177,5132320941,0.0,0.0,-0.001
5132326173,5132325934,0.0,0.0,-0.001
5132328661,5132328431,0.0,0.0,-0.001
5132336159,5132335928,0.0,0.0,-0.001
5132338645,5132338418,0.0,0.0,-0.001
5132346147,5132345909,0.0,0.0,-0.001
5132349894,5132349654,0.0,0.0,-0.001
5132356131,5132355897,0.0,0.0,-0.001
5132359875,5132359642,0.0,0.0,-0.001
5132363630,5132363397,0.0,0.0,-0.001
5132369869,5132369630,0.0,0.0,-0.001
5132373607,5132373375,0.0,0.0,-0.001
5132381119,5132380872,0.0,0.0,-0.001
5132386091,5132385860,0.0,0.0,-0.001
5132391084,5132390853,0.0,0.0,-0.001
5132396088,5132395847,0.0,0.0,-0.001
5132398574,5132398344,0.0,0.0,-0.001
5132406086,5132405835,0.0,0.0,-0.001
5132408563,5132408331,0.0,0.0,-0.001
5132416058,5132415822,0.0,0.0,-0.001
5132419796,5132419567,0.0,0.0,-0.001
5132426045,5132425809,0.0,0.0,-0.001
5132429788,5132429555,0.0,0.0,-0.001
5132433542,5132433300,0.0,0.0,-0.001
5132441027,5132440791,0.0,0.0,-0.001
5132443517,5132443287,0.0,0.0,-0.001
5132451008,5132450778,0.0,0.0,-0.001
5132456003,5132455772,0.0,0.0,-0.001
5132460993,5132460765,0.0,0.0,-0.001
5132465995,5132465760,0.0,0.0,-0.001
5132468481,5132468256,0.0,0.0,-0.001
5132477222,5132476995,0.0,0.0,-0.001
5132478481,5132478244,0.0,0.0,-0.001
5132485974,5132485740,0.0,0.0,-0.001
5132489711,5132489480,0.0,0.0,-0.001
5132495957,5132495722,0.0,0.0,-0.001
5132499698,5132499467,0.0,0.0,-0.001
5132503447,5132503212,0.0,0.0,-0.001
5132510943,5132510703,0.0,0.0,-0.001
5132513433,5132513201,0.0,0.0,-0.001
5132520927,5132520690,0.0,0.0,-0.001
5132525925,5132525684,0.0,0.0,-0.001
5132530915,5132530678,0.0,0.0,-0.001
5132535914,5132535672,0.0,0.0,-0.001
5132538398,5132538169,0.0,0.0,-0.001
5132545898,5132545659,0.0,0.0,-0.001
5132548388,5132548156,0.0,0.0,-0.001
5132555914,5132555650,0.0,0.0,-0.001
5132559622,5132559392,0.0,0.0,-0.001
5132565866,5132565634,0.0,0.0,-0.001
5132569617,5132569379,0.0,0.0,-0.001
5132573356,5132573125,0.0,0.0,-0.001
5132580847,5132580615,0.0,0.0,-0.001
5132583353,5132583112,0.0,0.0,-0.001
5132590831,5132590603,0.0,0.0,-0.001
5132595830,5132595597,0.0,0.0,-0.001
5132600824,5132600590,0.0,0.0,-0.001
5132605818,5132605584,0.0,0.0,-0.001
5132608313,5132608081,0.0,0.0,-0.001
5132615806,5132615572,0.0,0.0,-0.001
5132618315,5132618068,0.0,0.0,-0.001
5132627042,5132626808,0.0,0.0,-0.001
5132629533,5132629304,0.0,0.0,-0.001
5132635785,5132635547,0.0,0.0,-0.001
5132639522,5132639292,0.0,0.0,-0.001
5132643273,5132643037,0.0,0.0,-0.001
5132650762,5132650528,0.0,0.0,-0.001
5132653263,5132653025,0.0,0.0,-0.001
5132660750,5132660515,0.0,0.0,-0.001
5132665750,5132665509,0.0,0.0,-0.001
5132671987,5132671751,0.0,0.0,-0.001
5132674502,5132674248,0.0,0.0,-0.001
5132678221,5132677993,0.0,0.0,-0.001
5132685719,5132685484,0.0,0.0,-0.001
5132689474,5132689232,0.0,0.0,-0.001
5132695702,5132695472,0.0,0.0,-0.001
5132699444,5132699217,0.0,0.0,-0.001
5132706952,5132706710,0.0,0.0,-0.001
5132709435,5132709204,0.0,0.0,-0.001
5132713186,5132712949,0.0,0.0,-0.001
5132720673,5132720440,0.0,0.0,-0.001
5132725667,5132725434,0.0,0.0,-0.001
5132730673,5132730428,0.0,0.0,-0.001
5132734410,5132734173,0.0,0.0,-0.001
5132741916,5132741663,0.0,0.0,-0.001
5132745642,5132745409,0.0,0.0,-0.001
5132748132,5132747906,0.0,0.0,-0.001
5132755630,5132755399,0.0,0.0,-0.001
5132759377,5132759142,0.0,0.0,-0.001
5132765623,5132765384,0.0,0.0,-0.001
5132769360,5132769129,0.0,0.0,-0.001
5132776852,5132776620,0.0,0.0,-0.001
5132779351,5132779117,0.0,0.0,-0.001
5132783101,5132782862,0.0,0.0,-0.001
5132790588,5132790353,0.0,0.0,-0.001
5132794330,5132794098,0.0,0.0,-0.001
5132800573,5132800340,0.0,0.0,-0.001
5132805574,5132805334,0.0,0.0,-0.001
5132811804,5132811576,0.0,0.0,-0.001
5132814315,5132814073,0.0,0.0,-0.001
5132818045,5132817818,0.0,0.0,-0.001
5132825544,5132825309,0.0,0.0,-0.001
5132829296,5132829054,0.0,0.0,-0.001
5132835533,5132835297,0.0,0.0,-0.001
5132839307,5132839042,0.0,0.0,-0.001
5132846770,5132846533,0.0,0.0,-0.001
5132849273,5132849029,0.0,0.0,-0.001
5132853005,5132852775,0.0,0.0,-0.001
5132860496,5132860265,0.0,0.0,-0.001
5132864242,5132864010,0.0,0.0,-0.001
5132870487,5132870255,0.0,0.0,-0.001
5132875490,5132875247,0.0,0.0,-0.001
5132881725,5132881488,0.0,0.0,-0.001
5132885474,5132885234,0.0,0.0,-0.001
5132887956,5132887730,0.0,0.0,-0.001
5132895453,5132895222,0.0,0.0,-0.001
5132899199,5132898966,0.0,0.0,-0.001
5132905450,5132905209,0.0,0.0,-0.001
5132909183,5132908954,0.0,0.0,-0.001
5132916682,5132916445,0.0,0.0,-0.001
5132920454,5132920190,0.0,0.0,-0.001
5132922920,5132922687,0.0,0.0,-0.001
5132930419,5132930178,0.0,0.0,-0.001
5132934152,5132933923,0.0,0.0,-0.001
5132940405,5132940165,0.0,0.0,-0.001
5132945391,5132945159,0.0,0.0,-0.001
5132951648,5132951401,0.0,0.0,-0.001
5132955400,5132955147,0.0,0.0,-0.001
5132957872,5132957643,0.0,0.0,-0.001
5132965371,5132965134,0.0,0.0,-0.001
5132969109,5132968879,0.0,0.0,-0.001
5132975359,5132975121,0.0,0.0,-0.001
5132979104,5132978866,0.0,0.0,-0.001
5132986596,5132986357,0.0,0.0,-0.001
5132990336,5132990103,0.0,0.0,-0.001
5132992831,5132992599,0.0,0.0,-0.001
5133000331,5133000090,0.0,0.0,-0.001
5133005327,5133005084,0.0,0.0,-0.001
5133010315,5133010078,0.0,0.0,-0.001
5133015326,5133015071,0.0,0.0,-0.001
5133021539,5133021313,0.0,0.0,-0.001
5133025299,5133025059,0.0,0.0,-0.001
5133027780,5133027555,0.0,0.0,-0.001
5133035287,5133035046,0.0,0.0,-0.001
5133039018,5133038791,0.0,0.0,-0.001
5133046519,5133046282,0.0,0.0,-0.001
5133049069,5133048782,0.0,0.0,-0.001
5133056510,5133056276,0.0,0.0,-0.001
5133060258,5133060015,0.0,0.0,-0.001
5133062743,5133062513,0.0,0.0,-0.001
5133070236,5133070003,0.0,0.0,-0.001
5133075227,5133074996,0.0,0.0,-0.001
5133081487,5133081241,0.0,0.0,-0.001
5133085216,5133084984,0.0,0.0,-0.001
5133091464,5133091227,0.0,0.0,-0.001
5133095205,5133094971,0.0,0.0,-0.001
5133098949,5133098716,0.0,0.0,-0.001
5133105191,5133104959,0.0,0.0,-0.001
5133108987,5133108704,0.0,0.0,-0.001
5133116494,5133116195,0.0,0.0,-0.001
5133118929,5133118692,0.0,0.0,-0.001
5133126415,5133126182,0.0,0.0,-0.001
5133130170,5133129928,0.0,0.0,-0.001
5133133909,5133133673,0.0,0.0,-0.001
5133140151,5133139915,0.0,0.0,-0.001
5133145146,5133144908,0.0,0.0,-0.001
5133151380,5133151151,0.0,0.0,-0.001
5133155139,5133154896,0.0,0.0,-0.001
5133161415,5133161138,0.0,0.0,-0.001
5133165135,5133164884,0.0,0.0,-0.001
5133168911,5133168629,0.0,0.0,-0.001
5133175104,5133174871,0.0,0.0,-0.001
5133178841,5133178616,0.0,0.0,-0.001
5133186342,5133186107,0.0,0.0,-0.001
5133188831,5133188604,0.0,0.0,-0.001
5133196332,5133196095,0.0,0.0,-0.001
5133200087,5133199840,0.0,0.0,-0.001
5133205070,5133204834,0.0,0.0,-0.001
5133210060,5133209827,0.0,0.0,-0.001
5133215055,5133214821,0.0,0.0,-0.001
5133221342,5133221063,0.0,0.0,-0.001
5133226300,5133226057,0.0,0.0,-0.001
5133231301,5133231051,0.0,0.0,-0.001
5133235033,5133234796,0.0,0.0,-0.001
5133238781,5133238542,0.0,0.0,-0.001
5133245024,5133244784,0.0,0.0,-0.001
5133248756,5133248529,0.0,0.0,-0.001
5133256315,5133256019,0.0,0.0,-0.001
5133259997,5133259764,0.0,0.0,-0.001
5133266320,5133266012,0.0,0.0,-0.001
5133269988,5133269752,0.0,0.0,-0.001
5133273769,5133273498,0.0,0.0,-0.001
5133279970,5133279739,0.0,0.0,-0.001
5133284974,5133284734,0.0,0.0,-0.001
5133291203,5133290975,0.0,0.0,-0.001
5133294955,5133294721,0.0,0.0,-0.001
5133301193,5133300963,0.0,0.0,-0.001
5133304951,5133304709,0.0,0.0,-0.001
5133308685,5133308454,0.0,0.0,-0.001
5133314929,5133314696,0.0,0.0,-0.001
5133318761,5133318441,0.0,0.0,-0.001
5133326209,5133325932,0.0,0.0,-0.001
5133329924,5133329678,0.0,0.0,-0.001
5133336150,5133335919,0.0,0.0,-0.001
5133339898,5133339665,0.0,0.0,-0.001
5133344892,5133344659,0.0,0.0,-0.001
5133349926,5133349652,0.0,0.0,-0.001
5133354881,5133354646,0.0,0.0,-0.001
5133361123,5133360888,0.0,0.0,-0.001
5133364872,5133364633,0.0,0.0,-0.001
5133371162,5133370876,0.0,0.0,-0.001
5133374866,5133374621,0.0,0.0,-0.001
5133378652,5133378366,0.0,0.0,-0.001
5133384842,5133384609,0.0,0.0,-0.001
5133388580,5133388354,0.0,0.0,-0.001
5133396081,5133395844,0.0,0.0,-0.001
5133399825,5133399590,0.0,0.0,-0.001
5133406073,5133405832,0.0,0.0,-0.001
5133409813,5133409577,0.0,0.0,-0.001
5133414806,5133414571,0.0,0.0,-0.001
5133419794,5133419565,0.0,0.0,-0.001
5133424796,5133424558,0.0,0.0,-0.001
5133431060,5133430800,0.0,0.0,-0.001
5133434781,5133434546,0.0,0.0,-0.001
5133441014,5133440788,0.0,0.0,-0.001
5133444769,5133444533,0.0,0.0,-0.001
5133448508,5133448280,0.0,0.0,-0.001
5133456023,5133455769,0.0,0.0,-0.001
5133458503,5133458272,0.0,0.0,-0.001
5133465992,5133465757,0.0,0.0,-0.001
5133469745,5133469502,0.0,0.0,-0.001
5133476003,5133475744,0.0,0.0,-0.001
5133479724,5133479489,0.0,0.0,-0.001
5133483510,5133483235,0.0,0.0,-0.001
5133490995,5133490725,0.0,0.0,-0.001
5133494707,5133494471,0.0,0.0,-0.001
5133500959,5133500713,0.0,0.0,-0.001
5133504692,5133504458,0.0,0.0,-0.001
5133508442,5133508204,0.0,0.0,-0.001
5133514681,5133514446,0.0,0.0,-0.001
5133518422,5133518191,0.0,0.0,-0.001
5133525926,5133525682,0.0,0.0,-0.001
5133528426,5133528179,0.0,0.0,-0.001
5133535928,5133535669,0.0,0.0,-0.001
5133539662,5133539414,0.0,0.0,-0.001
5133544647,5133544409,0.0,0.0,-0.001
5133549636,5133549402,0.0,0.0,-0.001
5133554635,5133554396,0.0,0.0,-0.001
5133560871,5133560638,0.0,0.0,-0.001
5133563363,5133563135,0.0,0.0,-0.001
5133570850,5133570625,0.0,0.0,-0.001
5133574607,5133574371,0.0,0.0,-0.001
5133578349,5133578116,0.0,0.0,-0.001
5133584592,5133584358,0.0,0.0,-0.001
5133588367,5133588104,0.0,0.0,-0.001
5133595846,5133595594,0.0,0.0,-0.001
5133598329,5133598091,0.0,0.0,-0.001
5133605814,5133605582,0.0,0.0,-0.001
5133609567,5133609327,0.0,0.0,-0.001
5133614555,5133614321,0.0,0.0,-0.001
5133619551,5133619314,0.0,0.0,-0.001
5133624551,5133624316,0.0,0.0,-0.001
5133630788,5133630550,0.0,0.0,-0.001
5133633307,5133633047,0.0,0.0,-0.001
5133640786,5133640538,0.0,0.0,-0.001
5133644518,5133644283,0.0,0.0,-0.001
5133648289,5133648028,0.0,0.0,-0.001
5133654549,5133654271,0.0,0.0,-0.001
5133658244,5133658016,0.0,0.0,-0.001
5133665740,5133665508,0.0,0.0,-0.001
5133669486,5133669255,0.0,0.0,-0.001
5133675724,5133675494,0.0,0.0,-0.001
5133679482,5133679239,0.0,0.0,-0.001
5133683215,5133682985,0.0,0.0,-0.001
5133689474,5133689227,0.0,0.0,-0.001
5133694456,5133694221,0.0,0.0,-0.001
5133700702,5133700463,0.0,0.0,-0.001
5133704453,5133704212,0.0,0.0,-0.001
5133710679,5133710450,0.0,0.0,-0.001
5133714430,5133714196,0.0,0.0,-0.001
5133718174,5133717941,0.0,0.0,-0.001
5133724418,5133724184,0.0,0.0,-0.001
5133728156,5133727928,0.0,0.0,-0.001
5133735665,5133735419,0.0,0.0,-0.001
5133739409,5133739164,0.0,0.0,-0.001
5133745650,5133745407,0.0,0.0,-0.001
5133749391,5133749152,0.0,0.0,-0.001
5133754388,5133754150,0.0,0.0,-0.001
5133759372,5133759140,0.0,0.0,-0.001
5133763111,5133762885,0.0,0.0,-0.001
5133770601,5133770375,0.0,0.0,-0.001
5133774354,5133774121,0.0,0.0,-0.001
5133780597,5133780363,0.0,0.0,-0.001
5133784348,5133784108,0.0,0.0,-0.001
5133791839,5133791598,0.0,0.0,-0.001
5133794328,5133794096,0.0,0.0,-0.001
5133798095,5133797843,0.0,0.0,-0.001
5133805576,5133805333,0.0,0.0,-0.001
5133809311,5133809077,0.0,0.0,-0.001
5133815551,5133815319,0.0,0.0,-0.001
5133819305,5133819064,0.0,0.0,-0.001
5133824299,5133824058,0.0,0.0,-0.001
5133829306,5133829052,0.0,0.0,-0.001
5133834296,5133834049,0.0,0.0,-0.001
5133840520,5133840288,0.0,0.0,-0.001
5133844277,5133844033,0.0,0.0,-0.001
5133850517,5133850275,0.0,0.0,-0.001
5133854267,5133854021,0.0,0.0,-0.001
5133861746,5133861511,0.0,0.0,-0.001
5133864243,5133864008,0.0,0.0,-0.001
5133867978,5133867753,0.0,0.0,-0.001
5133875484,5133875244,0.0,0.0,-0.001
5133879223,5133878989,0.0,0.0,-0.001
5133884218,5133883984,0.0,0.0,-0.001
5133889210,5133888977,0.0,0.0,-0.001
5133894210,5133893970,0.0,0.0,-0.001
5133900444,5133900212,0.0,0.0,-0.001
5133904201,5133903962,0.0,0.0,-0.001
5133910432,5133910200,0.0,0.0,-0.001
5133914209,5133913946,0.0,0.0,-0.001
5133920416,5133920187,0.0,0.0,-0.001
5133924168,5133923933,0.0,0.0,-0.001
5133931651,5133931423,0.0,0.0,-0.001
5133935411,5133935169,0.0,0.0,-0.001
5133937902,5133937665,0.0,0.0,-0.001
5133945390,5133945157,0.0,0.0,-0.001
5133949144,5133948902,0.0,0.0,-0.001
5133954129,5133953896,0.0,0.0,-0.001
5133959122,5133958889,0.0,0.0,-0.001
5133964159,5133963883,0.0,0.0,-0.001
5133970351,5133970125,0.0,0.0,-0.001
5133974110,5133973872,0.0,0.0,-0.001
5133980344,5133980113,0.0,0.0,-0.001
5133984092,5133983858,0.0,0.0,-0.001
5133990332,5133990100,0.0,0.0,-0.001
5133994092,5133993845,0.0,0.0,-0.001
5134001577,5134001337,0.0,0.0,-0.001
5134005316,5134005081,0.0,0.0,-0.001
5134007811,5134007582,0.0,0.0,-0.001
5134015327,5134015069,0.0,0.0,-0.001
5134019053,5134018814,0.0,0.0,-0.001
5134024048,5134023808,0.0,0.0,-0.001
5134029044,5134028802,0.0,0.0,-0.001
5134034038,5134033796,0.0,0.0,-0.001
5134040283,5134040038,0.0,0.0,-0.001
5134044015,5134043783,0.0,0.0,-0.001
5134050276,5134050025,0.0,0.0,-0.001
5134054017,5134053770,0.0,0.0,-0.001
5134060244,5134060012,0.0,0.0,-0.001
5134064001,5134063758,0.0,0.0,-0.001
5134071486,5134071249,0.0,0.0,-0.001
5134075229,5134074999,0.0,0.0,-0.001
5134078982,5134078739,0.0,0.0,-0.001
5134085211,5134084981,0.0,0.0,-0.001
5134088972,5134088727,0.0,0.0,-0.001
5134093955,5134093721,0.0,0.0,-0.001
5134098951,5134098714,0.0,0.0,-0.001
5134103942,5134103708,0.0,0.0,-0.001
5134110178,5134109950,0.0,0.0,-0.001
5134113944,5134113695,0.0,0.0,-0.001
5134120223,5134119941,0.0,0.0,-0.001
5134123924,5134123683,0.0,0.0,-0.001
5134131424,5134131174,0.0,0.0,-0.001
5134133904,5134133671,0.0,0.0,-0.001
5134141393,5134141161,0.0,0.0,-0.001
5134145147,5134144906,0.0,0.0,-0.001
5134148880,5134148651,0.0,0.0,-0.001
5134155128,5134154894,0.0,0.0,-0.001
5134158871,5134158639,0.0,0.0,-0.001
5134162610,5134162384,0.0,0.0,-0.001
5134168860,5134168626,0.0,0.0,-0.001
5134173866,5134173627,0.0,0.0,-0.001
5134180093,5134179862,0.0,0.0,-0.001
5134183841,5134183608,0.0,0.0,-0.001
5134190088,5134189850,0.0,0.0,-0.001
5134193827,5134193595,0.0,0.0,-0.001
5134201319,5134201086,0.0,0.0,-0.001
5134203822,5134203583,0.0,0.0,-0.001
5134211332,5134211074,0.0,0.0,-0.001
5134215058,5134214826,0.0,0.0,-0.001
5134218796,5134218564,0.0,0.0,-0.001
5134225039,5134224806,0.0,0.0,-0.001
5134228800,5134228552,0.0,0.0,-0.001
5134232527,5134232297,0.0,0.0,-0.001
5134238777,5134238539,0.0,0.0,-0.001
5134243766,5134243533,0.0,0.0,-0.001
5134250004,5134249775,0.0,0.0,-0.001
5134253758,5134253525,0.0,0.0,-0.001
5134259987,5134259762,0.0,0.0,-0.001
5134263747,5134263507,0.0,0.0,-0.001
5134271255,5134270998,0.0,0.0,-0.001
5134274977,5134274744,0.0,0.0,-0.001
5134281217,5134280986,0.0,0.0,-0.001
5134284965,5134284731,0.0,0.0,-0.001
5134288709,5134288476,0.0,0.0,-0.001
5134293711,5134293470,0.0,0.0,-0.001
5134298701,5134298464,0.0,0.0,-0.001
5134303690,5134303458,0.0,0.0,-0.001
5134309942,5134309700,0.0,0.0,-0.001
5134313678,5134313446,0.0,0.0,-0.001
5134319913,5134319687,0.0,0.0,-0.001
5134323671,5134323433,0.0,0.0,-0.001
5134331178,5134330929,0.0,0.0,-0.001
5134333663,5134333430,0.0,0.0,-0.001
5134341150,5134340911,0.0,0.0,-0.001
5134344885,5134344656,0.0,0.0,-0.001
5134351125,5134350898,0.0,0.0,-0.001
5134354886,5134354643,0.0,0.0,-0.001
5134358620,5134358389,0.0,0.0,-0.001
5134363620,5134363383,0.0,0.0,-0.001
5134368612,5134368377,0.0,0.0,-0.001
5134373608,5134373371,0.0,0.0,-0.001
5134379841,5134379612,0.0,0.0,-0.001
5134383592,5134383358,0.0,0.0,-0.001
5134389833,5134389601,0.0,0.0,-0.001
5134393598,5134393350,0.0,0.0,-0.001
5134399813,5134399587,0.0,0.0,-0.001
5134403565,5134403333,0.0,0.0,-0.001
5134411070,5134410840,0.0,0.0,-0.001
5134414804,5134414572,0.0,0.0,-0.001
5134421042,5134420811,0.0,0.0,-0.001
5134424803,5134424559,0.0,0.0,-0.001
5134428533,5134428301,0.0,0.0,-0.001
5134433529,5134433297,0.0,0.0,-0.001
5134438527,5134438289,0.0,0.0,-0.001
5134443517,5134443283,0.0,0.0,-0.001
5134449750,5134449525,0.0,0.0,-0.001
5134453503,5134453270,0.0,0.0,-0.001
5134459739,5134459512,0.0,0.0,-0.001
5134463489,5134463258,0.0,0.0,-0.001
5134470974,5134470748,0.0,0.0,-0.001
5134473487,5134473245,0.0,0.0,-0.001
5134480978,5134480736,0.0,0.0,-0.001
5134484720,5134484481,0.0,0.0,-0.001
5134488477,5134488240,0.0,0.0,-0.001
5134494706,5134494469,0.0,0.0,-0.001
5134498447,5134498214,0.0,0.0,-0.001
5134503440,5134503208,0.0,0.0,-0.001
5134508434,5134508201,0.0,0.0,-0.001
5134515919,5134515692,0.0,0.0,-0.001
5134519670,5134519437,0.0,0.0,-0.001
5134523443,5134523183,0.0,0.0,-0.001
5134529652,5134529424,0.0,0.0,-0.001
5134533402,5134533170,0.0,0.0,-0.001
5134540895,5134540660,0.0,0.0,-0.001
5134543406,5134543166,0.0,0.0,-0.001
5134550883,5134550648,0.0,0.0,-0.001
5134554623,5134554394,0.0,0.0,-0.001
5134563364,5134563133,0.0,0.0,-0.001
5134564615,5134564381,0.0,0.0,-0.001
5134573406,5134573120,0.0,0.0,-0.001
5134575846,5134575617,0.0,0.0,-0.001
5134583340,5134583108,0.0,0.0,-0.001
5134585832,5134585604,0.0,0.0,-0.001
5134589580,5134589349,0.0,0.0,-0.001
5134595819,5134595592,0.0,0.0,-0.001
5134599566,5134599337,0.0,0.0,-0.001
5134607062,5134606828,0.0,0.0,-0.001
5134610807,5134610573,0.0,0.0,-0.001
5134617049,5134616815,0.0,0.0,-0.001
5134620791,5134620560,0.0,0.0,-0.001
5134624546,5134624306,0.0,0.0,-0.001
5134630777,5134630548,0.0,0.0,-0.001
5134634525,5134634293,0.0,0.0,-0.001
5134643268,5134643032,0.0,0.0,-0.001
5134645760,5134645529,0.0,0.0,-0.001
5134653264,5134653026,0.0,0.0,-0.001
5134655746,5134655516,0.0,0.0,-0.001
5134659490,5134659262,0.0,0.0,-0.001
5134667010,5134666753,0.0,0.0,-0.001
5134669487,5134669250,0.0,0.0,-0.001
5134676978,5134676740,0.0,0.0,-0.001
5134680725,5134680486,0.0,0.0,-0.001
5134684466,5134684231,0.0,0.0,-0.001
5134690700,5134690473,0.0,0.0,-0.001
5134694451,5134694218,0.0,0.0,-0.001
5134703188,5134702957,0.0,0.0,-0.001
5134704436,5134704206,0.0,0.0,-0.001
5134714426,5134714194,0.0,0.0,-0.001
5134715674,5134715442,0.0,0.0,-0.001
5134723166,5134722932,0.0,0.0,-0.001
5134725659,5134725429,0.0,0.0,-0.001
5134729425,5134729174,0.0,0.0,-0.001
5134736905,5134736665,0.0,0.0,-0.001
5134739404,5134739162,0.0,0.0,-0.001
5134746882,5134746652,0.0,0.0,-0.001
5134750629,5134750398,0.0,0.0,-0.001
5134756875,5134756640,0.0,0.0,-0.001
5134760640,5134760386,0.0,0.0,-0.001
5134764366,5134764134,0.0,0.0,-0.001
5134773108,5134772873,0.0,0.0,-0.001
5134774350,5134774118,0.0,0.0,-0.001
5134783089,5134782857,0.0,0.0,-0.001
5134785591,5134785359,0.0,0.0,-0.001
5134793102,5134792851,0.0,0.0,-0.001
5134795572,5134795342,0.0,0.0,-0.001
5134799324,5134799087,0.0,0.0,-0.001
5134806809,5134806578,0.0,0.0,-0.001
5134809304,5134809075,0.0,0.0,-0.001
5134816794,5134816566,0.0,0.0,-0.001
5134820543,5134820310,0.0,0.0,-0.001
5134826783,5134826552,0.0,0.0,-0.001
5134830531,5134830298,0.0,0.0,-0.001
5134834288,5134834045,0.0,0.0,-0.001
5134843019,5134842782,0.0,0.0,-0.001
5134844270,5134844031,0.0,0.0,-0.001
5134853010,5134852772,0.0,0.0,-0.001
5134855507,5134855266,0.0,0.0,-0.001
5134862992,5134862757,0.0,0.0,-0.001
5134865508,5134865269,0.0,0.0,-0.001
5134869234,5134868999,0.0,0.0,-0.001
5134876716,5134876490,0.0,0.0,-0.001
5134880489,5134880236,0.0,0.0,-0.001
5134886712,5134886477,0.0,0.0,-0.001
5134890485,5134890223,0.0,0.0,-0.001
5134897955,5134897714,0.0,0.0,-0.001
5134900435,5134900210,0.0,0.0,-0.001
5134904186,5134903956,0.0,0.0,-0.001
5134912942,5134912700,0.0,0.0,-0.001
5134915427,5134915191,0.0,0.0,-0.001
5134921659,5134921434,0.0,0.0,-0.001
5134925409,5134925179,0.0,0.0,-0.001
5134934148,5134933919,0.0,0.0,-0.001
5134935400,5134935167,0.0,0.0,-0.001
5134939141,5134938912,0.0,0.0,-0.001
5134946635,5134946403,0.0,0.0,-0.001
5134950384,5134950148,0.0,0.0,-0.001
5134956634,5134956390,0.0,0.0,-0.001
5134960368,5134960136,0.0,0.0,-0.001
5134967860,5134967626,0.0,0.0,-0.001
5134970356,5134970123,0.0,0.0,-0.001
5134974104,5134973868,0.0,0.0,-0.001
5134982842,5134982610,0.0,0.0,-0.001
5134985333,5134985104,0.0,0.0,-0.001
5134994085,5134993843,0.0,0.0,-0.001
5134995322,5134995092,0.0,0.0,-0.001
5135002820,5135002582,0.0,0.0,-0.001
5135005317,5135005079,0.0,0.0,-0.001
5135009052,5135008824,0.0,0.0,-0.001
5135016548,5135016318,0.0,0.0,-0.001
5135020302,5135020060,0.0,0.0,-0.001
5135026533,5135026305,0.0,0.0,-0.001
5135030299,5135030048,0.0,0.0,-0.001
5135037773,5135037539,0.0,0.0,-0.001
5135040291,5135040035,0.0,0.0,-0.001
5135044011,5135043780,0.0,0.0,-0.001
5135052753,5135052520,0.0,0.0,-0.001
5135055263,5135055016,0.0,0.0,-0.001
5135062748,5135062511,0.0,0.0,-0.001
5135065232,5135065004,0.0,0.0,-0.001
5135072731,5135072495,0.0,0.0,-0.001
5135076477,5135076240,0.0,0.0,-0.001
5135078962,5135078737,0.0,0.0,-0.001
5135086458,5135086228,0.0,0.0,-0.001
5135090203,5135089973,0.0,0.0,-0.001
5135096451,5135096215,0.0,0.0,-0.001
5135100194,5135099960,0.0,0.0,-0.001
5135107697,5135107456,0.0,0.0,-0.001
5135112678,5135112445,0.0,0.0,-0.001
5135113929,5135113693,0.0,0.0,-0.001
5135122664,5135122435,0.0,0.0,-0.001
5135125161,5135124929,0.0,0.0,-0.001
5135132656,5135132420,0.0,0.0,-0.001
5135135143,5135134916,0.0,0.0,-0.001
5135142644,5135142407,0.0,0.0,-0.001
5135146381,5135146153,0.0,0.0,-0.001
5135148879,5135148649,0.0,0.0,-0.001
5135156372,5135156141,0.0,0.0,-0.001
5135160115,5135159885,0.0,0.0,-0.001
5135166353,5135166127,0.0,0.0,-0.001
5135170107,5135169873,0.0,0.0,-0.001
5135177599,5135177363,0.0,0.0,-0.001
5135181341,5135181109,0.0,0.0,-0.001
5135183839,5135183605,0.0,0.0,-0.001
5135192587,5135192347,0.0,0.0,-0.001
5135195084,5135194841,0.0,0.0,-0.001
5135202566,5135202332,0.0,0.0,-0.001
5135205076,5135204829,0.0,0.0,-0.001
5135212555,5135212320,0.0,0.0,-0.001
5135216316,5135216065,0.0,0.0,-0.001
5135218791,5135218562,0.0,0.0,-0.001
5135226293,5135226052,0.0,0.0,-0.001
5135230028,5135229797,0.0,0.0,-0.001
5135236275,5135236040,0.0,0.0,-0.001
5135240014,5135239785,0.0,0.0,-0.001
5135247574,5135247280,0.0,0.0,-0.001
5135252503,5135252270,0.0,0.0,-0.001
5135255002,5135254768,0.0,0.0,-0.001
5135262489,5135262257,0.0,0.0,-0.001
5135264981,5135264754,0.0,0.0,-0.001
5135272491,5135272244,0.0,0.0,-0.001
5135274973,5135274741,0.0,0.0,-0.001
5135282473,5135282232,0.0,0.0,-0.001
5135286206,5135285977,0.0,0.0,-0.001
5135289960,5135289724,0.0,0.0,-0.001
5135296204,5135295965,0.0,0.0,-0.001
5135299937,5135299710,0.0,0.0,-0.001
5135307445,5135307201,0.0,0.0,-0.001
5135309962,5135309697,0.0,0.0,-0.001
5135317418,5135317188,0.0,0.0,-0.001
5135322417,5135322182,0.0,0.0,-0.001
5135324913,5135324679,0.0,0.0,-0.001
5135332405,5135332170,0.0,0.0,-0.001
5135334896,5135334666,0.0,0.0,-0.001
5135342400,5135342157,0.0,0.0,-0.001
5135344886,5135344654,0.0,0.0,-0.001
5135352379,5135352146,0.0,0.0,-0.001
5135356135,5135355890,0.0,0.0,-0.001
5135359859,5135359635,0.0,0.0,-0.001
5135366107,5135365877,0.0,0.0,-0.001
5135369853,5135369622,0.0,0.0,-0.001
5135377352,5135377113,0.0,0.0,-0.001
5135379839,5135379610,0.0,0.0,-0.001
5135387338,5135387101,0.0,0.0,-0.001
5135392329,5135392095,0.0,0.0,-0.001
5135394817,5135394591,0.0,0.0,-0.001
5135402318,5135402082,0.0,0.0,-0.001
5135404810,5135404578,0.0,0.0,-0.001
5135412309,5135412069,0.0,0.0,-0.001
5135414800,5135414566,0.0,0.0,-0.001
5135422304,5135422060,0.0,0.0,-0.001
5135426032,5135425802,0.0,0.0,-0.001
5135429783,5135429548,0.0,0.0,-0.001
5135436026,5135435789,0.0,0.0,-0.001
5135439766,5135439535,0.0,0.0,-0.001
5135447280,5135447027,0.0,0.0,-0.001
5135449751,5135449522,0.0,0.0,-0.001
5135457254,5135457013,0.0,0.0,-0.001
5135462248,5135462007,0.0,0.0,-0.001
5135464740,5135464504,0.0,0.0,-0.001
5135472230,5135471995,0.0,0.0,-0.001
5135474722,5135474491,0.0,0.0,-0.001
5135482222,5135481982,0.0,0.0,-0.001
5135485968,5135485727,0.0,0.0,-0.001
5135492202,5135491969,0.0,0.0,-0.001
5135495939,5135495714,0.0,0.0,-0.001
5135499685,5135499460,0.0,0.0,-0.001
5135505928,5135505702,0.0,0.0,-0.001
5135509678,5135509447,0.0,0.0,-0.001
5135517175,5135516939,0.0,0.0,-0.001
5135522164,5135521932,0.0,0.0,-0.001
5135527158,5135526925,0.0,0.0,-0.001
5135532154,5135531919,0.0,0.0,-0.001
5135534646,5135534416,0.0,0.0,-0.001
5135542143,5135541907,0.0,0.0,-0.001
5135544631,5135544407,0.0,0.0,-0.001
5135552185,5135551895,0.0,0.0,-0.001
5135555877,5135555639,0.0,0.0,-0.001
5135562116,5135561882,0.0,0.0,-0.001
5135565852,5135565627,0.0,0.0,-0.001
5135569607,5135569373,0.0,0.0,-0.001
5135575840,5135575614,0.0,0.0,-0.001
5135579598,5135579360,0.0,0.0,-0.001
5135587085,5135586850,0.0,0.0,-0.001
5135592090,5135591844,0.0,0.0,-0.001
5135597070,5135596838,0.0,0.0,-0.001
5135602076,5135601836,0.0,0.0,-0.001
5135604559,5135604328,0.0,0.0,-0.001
5135612062,5135611819,0.0,0.0,-0.001
5135614591,5135614316,0.0,0.0,-0.001
5135622050,5135621807,0.0,0.0,-0.001
5135625779,5135625552,0.0,0.0,-0.001
5135629531,5135629298,0.0,0.0,-0.001
5135635765,5135635540,0.0,0.0,-0.001
5135639520,5135639285,0.0,0.0,-0.001
5135645805,5135645527,0.0,0.0,-0.001
5135649503,5135649273,0.0,0.0,-0.001
5135656996,5135656763,0.0,0.0,-0.001
5135661991,5135661758,0.0,0.0,-0.001
5135664484,5135664254,0.0,0.0,-0.001
5135671985,5135671746,0.0,0.0,-0.001
5135674479,5135674241,0.0,0.0,-0.001
5135681966,5135681732,0.0,0.0,-0.001
5135684461,5135684229,0.0,0.0,-0.001
5135691954,5135691720,0.0,0.0,-0.001
5135695695,5135695464,0.0,0.0,-0.001
5135701940,5135701707,0.0,0.0,-0.001
5135705694,5135705452,0.0,0.0,-0.001
5135709433,5135709198,0.0,0.0,-0.001
5135716945,5135716688,0.0,0.0,-0.001
5135719416,5135719185,0.0,0.0,-0.001
5135726909,5135726675,0.0,0.0,-0.001
5135730675,5135730421,0.0,0.0,-0.001
5135738151,5135737912,0.0,0.0,-0.001
5135741892,5135741660,0.0,0.0,-0.001
5135744382,5135744153,0.0,0.0,-0.001
5135751882,5135751644,0.0,0.0,-0.001
5135754366,5135754141,0.0,0.0,-0.001
5135761869,5135761632,0.0,0.0,-0.001
5135765605,5135765377,0.0,0.0,-0.001
5135769356,5135769123,0.0,0.0,-0.001
5135775594,5135775365,0.0,0.0,-0.001
5135779341,5135779110,0.0,0.0,-0.001
5135786834,5135786600,0.0,0.0,-0.001
5135789328,5135789097,0.0,0.0,-0.001
5135796820,5135796588,0.0,0.0,-0.001
5135801827,5135801585,0.0,0.0,-0.001
5135806808,5135806575,0.0,0.0,-0.001
5135811804,5135811569,0.0,0.0,-0.001
5135814319,5135814066,0.0,0.0,-0.001
5135821789,5135821557,0.0,0.0,-0.001
5135824286,5135824053,0.0,0.0,-0.001
5135833029,5135832793,0.0,0.0,-0.001
5135835515,5135835289,0.0,0.0,-0.001
5135843010,5135842780,0.0,0.0,-0.001
5135845533,5135845284,0.0,0.0,-0.001
5135849262,5135849026,0.0,0.0,-0.001
5135856802,5135856518,0.0,0.0,-0.001
5135861741,5135861507,0.0,0.0,-0.001
5135866734,5135866501,0.0,0.0,-0.001
5135871731,5135871499,0.0,0.0,-0.001
5135877964,5135877736,0.0,0.0,-0.001
5135881712,5135881481,0.0,0.0,-0.001
5135884209,5135883978,0.0,0.0,-0.001
5135891703,5135891469,0.0,0.0,-0.001
5135895452,5135895215,0.0,0.0,-0.001
5135901689,5135901457,0.0,0.0,-0.001
5135905434,5135905202,0.0,0.0,-0.001
5135912934,5135912693,0.0,0.0,-0.001
5135915422,5135915190,0.0,0.0,-0.001
5135919210,5135918934,0.0,0.0,-0.001
5135926652,5135926425,0.0,0.0,-0.001
5135931658,5135931419,0.0,0.0,-0.001
5135936645,5135936413,0.0,0.0,-0.001
5135940389,5135940158,0.0,0.0,-0.001
5135947882,5135947649,0.0,0.0,-0.001
5135951632,5135951396,0.0,0.0,-0.001
5135954119,5135953891,0.0,0.0,-0.001
5135961622,5135961390,0.0,0.0,-0.001
5135965361,5135965127,0.0,0.0,-0.001
5135971602,5135971370,0.0,0.0,-0.001
5135975344,5135975114,0.0,0.0,-0.001
5135982842,5135982605,0.0,0.0,-0.001
5135985329,5135985102,0.0,0.0,-0.001
5135989085,5135988856,0.0,0.0,-0.001
5135996576,5135996338,0.0,0.0,-0.001
5136001565,5136001332,0.0,0.0,-0.001
5136006559,5136006325,0.0,0.0,-0.001
5136011554,5136011319,0.0,0.0,-0.001
5136017793,5136017561,0.0,0.0,-0.001
5136021539,5136021307,0.0,0.0,-0.001
5136024034,5136023803,0.0,0.0,-0.001
5136031532,5136031295,0.0,0.0,-0.001
5136035275,5136035039,0.0,0.0,-0.001
5136041516,5136041281,0.0,0.0,-0.001
5136045267,5136045028,0.0,0.0,-0.001
5136052746,5136052518,0.0,0.0,-0.001
5136056501,5136056268,0.0,0.0,-0.001
5136058987,5136058760,0.0,0.0,-0.001
5136066487,5136066255,0.0,0.0,-0.001
5136071495,5136071249,0.0,0.0,-0.001
5136076477,5136076238,0.0,0.0,-0.001
5136080212,5136079983,0.0,0.0,-0.001
5136087707,5136087474,0.0,0.0,-0.001
5136091457,5136091219,0.0,0.0,-0.001
5136093947,5136093716,0.0,0.0,-0.001
5136101442,5136101207,0.0,0.0,-0.001
5136105180,5136104951,0.0,0.0,-0.001
5136111431,5136111195,0.0,0.0,-0.001
5136115177,5136114939,0.0,0.0,-0.001
5136122674,5136122430,0.0,0.0,-0.001
5136126419,5136126176,0.0,0.0,-0.001
5136128897,5136128672,0.0,0.0,-0.001
5136136395,5136136163,0.0,0.0,-0.001
5136141390,5136141157,0.0,0.0,-0.001
5136146387,5136146150,0.0,0.0,-0.001
5136150123,5136149895,0.0,0.0,-0.001
5136157617,5136157386,0.0,0.0,-0.001
5136161429,5136161136,0.0,0.0,-0.001
5136163858,5136163628,0.0,0.0,-0.001
5136171352,5136171119,0.0,0.0,-0.001
5136175090,5136174864,0.0,0.0,-0.001
5136181346,5136181107,0.0,0.0,-0.001
5136185090,5136184852,0.0,0.0,-0.001
5136192634,5136192343,0.0,0.0,-0.001
5136196323,5136196088,0.0,0.0,-0.001
5136198812,5136198584,0.0,0.0,-0.001
5136206323,5136206075,0.0,0.0,-0.001
5136211308,5136211070,0.0,0.0,-0.001
5136217540,5136217311,0.0,0.0,-0.001
5136221296,5136221056,0.0,0.0,-0.001
5136227528,5136227298,0.0,0.0,-0.001
5136231295,5136231044,0.0,0.0,-0.001
5136233768,5136233541,0.0,0.0,-0.001
5136241278,5136241037,0.0,0.0,-0.001
5136245005,5136244776,0.0,0.0,-0.001
5136251258,5136251019,0.0,0.0,-0.001
5136254992,5136254764,0.0,0.0,-0.001
5136262495,5136262255,0.0,0.0,-0.001
5136266236,5136266000,0.0,0.0,-0.001
5136269974,5136269745,0.0,0.0,-0.001
5136276220,5136275987,0.0,0.0,-0.001
5136281223,5136280981,0.0,0.0,-0.001
5136287461,5136287224,0.0,0.0,-0.001
5136291200,5136290969,0.0,0.0,-0.001
5136297443,5136297211,0.0,0.0,-0.001
5136301201,5136300956,0.0,0.0,-0.001
5136304943,5136304701,0.0,0.0,-0.001
5136311177,5136310945,0.0,0.0,-0.001
5136314968,5136314689,0.0,0.0,-0.001
5136322416,5136322180,0.0,0.0,-0.001
5136324910,5136324676,0.0,0.0,-0.001
5136332408,5136332167,0.0,0.0,-0.001
5136336149,5136335913,0.0,0.0,-0.001
5136341147,5136340906,0.0,0.0,-0.001
5136346172,5136345900,0.0,0.0,-0.001
5136351126,5136350894,0.0,0.0,-0.001
5136357369,5136357136,0.0,0.0,-0.001
5136361121,5136360881,0.0,0.0,-0.001
5136367363,5136367124,0.0,0.0,-0.001
5136371106,5136370871,0.0,0.0,-0.001
5136374842,5136374614,0.0,0.0,-0.001
5136381094,5136380857,0.0,0.0,-0.001
5136384827,5136384602,0.0,0.0,-0.001
5136392320,5136392092,0.0,0.0,-0.001
5136394821,5136394589,0.0,0.0,-0.001
5136402312,5136402080,0.0,0.0,-0.001
5136406073,5136405825,0.0,0.0,-0.001
5136411059,5136410819,0.0,0.0,-0.001
5136416050,5136415813,0.0,0.0,-0.001
5136419784,5136419558,0.0,0.0,-0.001
5136427284,5136427048,0.0,0.0,-0.001
5136432286,5136432042,0.0,0.0,-0.001
5136437273,5136437036,0.0,0.0,-0.001
5136441032,5136440781,0.0,0.0,-0.001
5136444759,5136444527,0.0,0.0,-0.001
5136451004,5136450769,0.0,0.0,-0.001
5136454745,5136454514,0.0,0.0,-0.001
5136462245,5136462008,0.0,0.0,-0.001
5136465983,5136465750,0.0,0.0,-0.001
5136472222,5136471992,0.0,0.0,-0.001
5136475974,5136475737,0.0,0.0,-0.001
5136480986,5136480731,0.0,0.0,-0.001
5136485957,5136485725,0.0,0.0,-0.001
5136489707,5136489470,0.0,0.0,-0.001
5136497200,5136496961,0.0,0.0,-0.001
5136500952,5136500706,0.0,0.0,-0.001
5136507199,5136506948,0.0,0.0,-0.001
5136510928,5136510694,0.0,0.0,-0.001
5136514669,5136514439,0.0,0.0,-0.001
5136520931,5136520682,0.0,0.0,-0.001
5136524667,5136524427,0.0,0.0,-0.001
5136532151,5136531917,0.0,0.0,-0.001
5136535901,5136535662,0.0,0.0,-0.001
5136542136,5136541905,0.0,0.0,-0.001
5136545892,5136545650,0.0,0.0,-0.001
5136550894,5136550651,0.0,0.0,-0.001
5136555867,5136555637,0.0,0.0,-0.001
5136560866,5136560631,0.0,0.0,-0.001
5136567101,5136566873,0.0,0.0,-0.001
5136570856,5136570620,0.0,0.0,-0.001
5136577086,5136576861,0.0,0.0,-0.001
5136580844,5136580606,0.0,0.0,-0.001
5136584577,5136584351,0.0,0.0,-0.001
5136590831,5136590594,0.0,0.0,-0.001
5136594570,5136594339,0.0,0.0,-0.001
5136602070,5136601830,0.0,0.0,-0.001
5136605811,5136605575,0.0,0.0,-0.001
5136612066,5136611817,0.0,0.0,-0.001
5136615816,5136615562,0.0,0.0,-0.001
5136619552,5136619309,0.0,0.0,-0.001
5136625779,5136625550,0.0,0.0,-0.001
5136630777,5136630544,0.0,0.0,-0.001
5136637013,5136636786,0.0,0.0,-0.001
5136640765,5136640531,0.0,0.0,-0.001
5136647000,5136646773,0.0,0.0,-0.001
5136650753,5136650519,0.0,0.0,-0.001
5136654509,5136654264,0.0,0.0,-0.001
5136661995,5136661754,0.0,0.0,-0.001
5136664493,5136664263,0.0,0.0,-0.001
5136671974,5136671742,0.0,0.0,-0.001
5136675719,5136675487,0.0,0.0,-0.001
5136680715,5136680481,0.0,0.0,-0.001
5136685707,5136685475,0.0,0.0,-0.001
5136689448,5136689220,0.0,0.0,-0.001
5136696954,5136696711,0.0,0.0,-0.001
5136700690,5136700456,0.0,0.0,-0.001
5136706934,5136706698,0.0,0.0,-0.001
5136710677,5136710444,0.0,0.0,-0.001
5136714435,5136714189,0.0,0.0,-0.001
5136720668,5136720431,0.0,0.0,-0.001
5136724408,5136724177,0.0,0.0,-0.001
5136731908,5136731668,0.0,0.0,-0.001
5136734391,5136734164,0.0,0.0,-0.001
5136741897,5136741655,0.0,0.0,-0.001
5136745634,5136745400,0.0,0.0,-0.001
5136750632,5136750394,0.0,0.0,-0.001
5136755622,5136755387,0.0,0.0,-0.001
5136760616,5136760384,0.0,0.0,-0.001
5136766857,5136766623,0.0,0.0,-0.001
5136770610,5136770369,0.0,0.0,-0.001
5136776839,5136776610,0.0,0.0,-0.001
5136780600,5136780357,0.0,0.0,-0.001
5136784332,5136784101,0.0,0.0,-0.001
5136790577,5136790344,0.0,0.0,-0.001
5136794322,5136794092,0.0,0.0,-0.001
5136801811,5136801580,0.0,0.0,-0.001
5136804312,5136804076,0.0,0.0,-0.001
5136811803,5136811567,0.0,0.0,-0.001
5136815548,5136815313,0.0,0.0,-0.001
5136819294,5136819057,0.0,0.0,-0.001
5136825538,5136825300,0.0,0.0,-0.001
5136830553,5136830293,0.0,0.0,-0.001
5136836761,5136836536,0.0,0.0,-0.001
5136839275,5136839033,0.0,0.0,-0.001
5136846753,5136846523,0.0,0.0,-0.001
5136850501,5136850269,0.0,0.0,-0.001
5136854245,5136854014,0.0,0.0,-0.001
5136860487,5136860256,0.0,0.0,-0.001
5136864248,5136864001,0.0,0.0,-0.001
5136871723,5136871492,0.0,0.0,-0.001
5136875476,5136875238,0.0,0.0,-0.001
5136881711,5136881480,0.0,0.0,-0.001
5136885471,5136885225,0.0,0.0,-0.001
5136890451,5136890219,0.0,0.0,-0.001
5136895452,5136895212,0.0,0.0,-0.001
5136900440,5136900206,0.0,0.0,-0.001
5136906704,5136906448,0.0,0.0,-0.001
5136910436,5136910194,0.0,0.0,-0.001
5136916723,5136916441,0.0,0.0,-0.001
5136920417,5136920181,0.0,0.0,-0.001
5136924158,5136923926,0.0,0.0,-0.001
5136930412,5136930169,0.0,0.0,-0.001
5136934141,5136933914,0.0,0.0,-0.001
5136941635,5136941404,0.0,0.0,-0.001
5136945402,5136945150,0.0,0.0,-0.001
5136951624,5136951392,0.0,0.0,-0.001
5136955367,5136955137,0.0,0.0,-0.001
5136959111,5136958883,0.0,0.0,-0.001
5136965357,5136965125,0.0,0.0,-0.001
5136970354,5136970119,0.0,0.0,-0.001
5136976588,5136976360,0.0,0.0,-0.001
5136980347,5136980106,0.0,0.0,-0.001
5136986576,5136986348,0.0,0.0,-0.001
5136990333,5136990096,0.0,0.0,-0.001
5136997838,5136997587,0.0,0.0,-0.001
5137000317,5137000081,0.0,0.0,-0.001
5137004057,5137003826,0.0,0.0,-0.001
5137011554,5137011317,0.0,0.0,-0.001
5137015329,5137015062,0.0,0.0,-0.001
5137021537,5137021305,0.0,0.0,-0.001
5137025289,5137025050,0.0,0.0,-0.001
5137030288,5137030043,0.0,0.0,-0.001
5137035283,5137035037,0.0,0.0,-0.001
5137039017,5137038782,0.0,0.0,-0.001
5137046500,5137046273,0.0,0.0,-0.001
5137050263,5137050019,0.0,0.0,-0.001
5137056492,5137056266,0.0,0.0,-0.001
5137060248,5137060006,0.0,0.0,-0.001
5137067728,5137067496,0.0,0.0,-0.001
5137071478,5137071242,0.0,0.0,-0.001
5137073980,5137073738,0.0,0.0,-0.001
5137081491,5137081230,0.0,0.0,-0.001
5137085210,5137084975,0.0,0.0,-0.001
5137090205,5137089968,0.0,0.0,-0.001
5137095200,5137094962,0.0,0.0,-0.001
5137100187,5137099956,0.0,0.0,-0.001
5137106436,5137106198,0.0,0.0,-0.001
5137110183,5137109948,0.0,0.0,-0.001
5137116411,5137116185,0.0,0.0,-0.001
5137120162,5137119931,0.0,0.0,-0.001
5137126410,5137126173,0.0,0.0,-0.001
5137130155,5137129918,0.0,0.0,-0.001
5137137641,5137137409,0.0,0.0,-0.001
5137141400,5137141154,0.0,0.0,-0.001
5137143881,5137143651,0.0,0.0,-0.001
5137151387,5137151142,0.0,0.0,-0.001
5137155183,5137154892,0.0,0.0,-0.001
5137158864,5137158632,0.0,0.0,-0.001
5137165105,5137164874,0.0,0.0,-0.001
5137170161,5137169871,0.0,0.0,-0.001
5137176342,5137176111,0.0,0.0,-0.001
5137180100,5137179856,0.0,0.0,-0.001
5137186329,5137186098,0.0,0.0,-0.001
5137190092,5137189847,0.0,0.0,-0.001
5137196317,5137196085,0.0,0.0,-0.001
5137200119,5137199833,0.0,0.0,-0.001
5137207611,5137207322,0.0,0.0,-0.001
5137211308,5137211067,0.0,0.0,-0.001
5137213800,5137213564,0.0,0.0,-0.001
5137221346,5137221057,0.0,0.0,-0.001
5137225037,5137224800,0.0,0.0,-0.001
5137228770,5137228545,0.0,0.0,-0.001
5137235023,5137234787,0.0,0.0,-0.001
5137240014,5137239781,0.0,0.0,-0.001
5137246274,5137246026,0.0,0.0,-0.001
5137249999,5137249768,0.0,0.0,-0.001
5137256263,5137256010,0.0,0.0,-0.001
5137260046,5137259756,0.0,0.0,-0.001
5137266231,5137265998,0.0,0.0,-0.001
5137269977,5137269743,0.0,0.0,-0.001
5137277467,5137277237,0.0,0.0,-0.001
5137281210,5137280979,0.0,0.0,-0.001
5137284977,5137284725,0.0,0.0,-0.001
5137291202,5137290968,0.0,0.0,-0.001
5137294945,5137294712,0.0,0.0,-0.001
5137299949,5137299706,0.0,0.0,-0.001
5137304985,5137304699,0.0,0.0,-0.001
5137309932,5137309694,0.0,0.0,-0.001
5137316170,5137315935,0.0,0.0,-0.001
5137319964,5137319681,0.0,0.0,-0.001
5137326151,5137325923,0.0,0.0,-0.001
5137329910,5137329668,0.0,0.0,-0.001
5137337420,5137337160,0.0,0.0,-0.001
5137339904,5137339665,0.0,0.0,-0.001
5137347387,5137347147,0.0,0.0,-0.001
5137351122,5137350891,0.0,0.0,-0.001
5137354871,5137354637,0.0,0.0,-0.001
5137361109,5137360879,0.0,0.0,-0.001
5137364920,5137364625,0.0,0.0,-0.001
5137369856,5137369618,0.0,0.0,-0.001
5137374844,5137374612,0.0,0.0,-0.001
5137378589,5137378357,0.0,0.0,-0.001
5137386076,5137385848,0.0,0.0,-0.001
5137389831,5137389594,0.0,0.0,-0.001
5137396065,5137395835,0.0,0.0,-0.001
5137399813,5137399581,0.0,0.0,-0.001
5137407322,5137407071,0.0,0.0,-0.001
5137409847,5137409568,0.0,0.0,-0.001
5137417332,5137417059,0.0,0.0,-0.001
5137421034,5137420804,0.0,0.0,-0.001
5137424824,5137424549,0.0,0.0,-0.001
5137431027,5137430792,0.0,0.0,-0.001
5137434768,5137434537,0.0,0.0,-0.001
5137439811,5137439531,0.0,0.0,-0.001
5137446002,5137445773,0.0,0.0,-0.001
5137448507,5137448270,0.0,0.0,-0.001
5137455988,5137455760,0.0,0.0,-0.001
5137459740,5137459508,0.0,0.0,-0.001
5137465978,5137465748,0.0,0.0,-0.001
5137469765,5137469493,0.0,0.0,-0.001
5137477264,5137476984,0.0,0.0,-0.001
5137480989,5137480729,0.0,0.0,-0.001
5137487203,5137486971,0.0,0.0,-0.001
5137490945,5137490717,0.0,0.0,-0.001
5137494693,5137494462,0.0,0.0,-0.001
5137500949,5137500704,0.0,0.0,-0.001
5137504684,5137504450,0.0,0.0,-0.001
5137509679,5137509443,0.0,0.0,-0.001
5137515925,5137515685,0.0,0.0,-0.001
5137519664,5137519431,0.0,0.0,-0.001
5137525911,5137525673,0.0,0.0,-0.001
5137529685,5137529421,0.0,0.0,-0.001
5137535888,5137535660,0.0,0.0,-0.001
5137539638,5137539406,0.0,0.0,-0.001
5137547133,5137546896,0.0,0.0,-0.001
5137550872,5137550642,0.0,0.0,-0.001
5137557113,5137556883,0.0,0.0,-0.001
5137560860,5137560629,0.0,0.0,-0.001
5137564611,5137564378,0.0,0.0,-0.001
5137569602,5137569368,0.0,0.0,-0.001
5137574625,5137574362,0.0,0.0,-0.001
5137579587,5137579356,0.0,0.0,-0.001
5137585886,5137585600,0.0,0.0,-0.001
5137589621,5137589343,0.0,0.0,-0.001
5137595815,5137595585,0.0,0.0,-0.001
5137599564,5137599331,0.0,0.0,-0.001
5137605806,5137605573,0.0,0.0,-0.001
5137609552,5137609318,0.0,0.0,-0.001
5137617091,5137616808,0.0,0.0,-0.001
5137620793,5137620554,0.0,0.0,-0.001
5137627054,5137626796,0.0,0.0,-0.001
5137630772,5137630541,0.0,0.0,-0.001
5137634558,5137634288,0.0,0.0,-0.001
5137639523,5137639281,0.0,0.0,-0.001
5137644523,5137644274,0.0,0.0,-0.001
5137651993,5137651765,0.0,0.0,-0.001
5137655747,5137655510,0.0,0.0,-0.001
5137659487,5137659256,0.0,0.0,-0.001
5137665732,5137665498,0.0,0.0,-0.001
5137669486,5137669243,0.0,0.0,-0.001
5137676966,5137676734,0.0,0.0,-0.001
5137679553,5137679231,0.0,0.0,-0.001
5137686988,5137686721,0.0,0.0,-0.001
5137690701,5137690467,0.0,0.0,-0.001
5137694477,5137694212,0.0,0.0,-0.001
5137700703,5137700471,0.0,0.0,-0.001
5137704436,5137704200,0.0,0.0,-0.001
5137709448,5137709199,0.0,0.0,-0.001
5137714420,5137714187,0.0,0.0,-0.001
5137719414,5137719181,0.0,0.0,-0.001
5137725651,5137725423,0.0,0.0,-0.001
5137731908,5137731665,0.0,0.0,-0.001
5137735646,5137735410,0.0,0.0,-0.001
5137739403,5137739158,0.0,0.0,-0.001
5137746902,5137746646,0.0,0.0,-0.001
5137749379,5137749143,0.0,0.0,-0.001
5137756861,5137756634,0.0,0.0,-0.001
5137760610,5137760379,0.0,0.0,-0.001
5137766848,5137766621,0.0,0.0,-0.001
5137770604,5137770367,0.0,0.0,-0.001
5137774347,5137774112,0.0,0.0,-0.001
5137781832,5137781602,0.0,0.0,-0.001
5137784356,5137784099,0.0,0.0,-0.001
5137789327,5137789093,0.0,0.0,-0.001
5137795563,5137795335,0.0,0.0,-0.001
5137801804,5137801577,0.0,0.0,-0.001
5137805569,5137805323,0.0,0.0,-0.001
5137809315,5137809077,0.0,0.0,-0.001
5137816789,5137816558,0.0,0.0,-0.001
5137819293,5137819056,0.0,0.0,-0.001
5137826774,5137826546,0.0,0.0,-0.001
5137830542,5137830292,0.0,0.0,-0.001
5137839278,5137839033,0.0,0.0,-0.001
5137840523,5137840280,0.0,0.0,-0.001
5137844284,5137844028,0.0,0.0,-0.001
5137849256,5137849018,0.0,0.0,-0.001
5137855488,5137855260,0.0,0.0,-0.001
5137859326,5137859005,0.0,0.0,-0.001
5137865495,5137865248,0.0,0.0,-0.001
5137869227,5137868993,0.0,0.0,-0.001
5137875471,5137875235,0.0,0.0,-0.001
5137879214,5137878981,0.0,0.0,-0.001
5137886698,5137886471,0.0,0.0,-0.001
5137890498,5137890216,0.0,0.0,-0.001
5137896712,5137896461,0.0,0.0,-0.001
5137900435,5137900204,0.0,0.0,-0.001
5137909177,5137908943,0.0,0.0,-0.001
5137910426,5137910192,0.0,0.0,-0.001
5137914187,5137913937,0.0,0.0,-0.001
5137919169,5137918931,0.0,0.0,-0.001
5137925407,5137925172,0.0,0.0,-0.001
5137929147,5137928918,0.0,0.0,-0.001
5137935392,5137935160,0.0,0.0,-0.001
5137942890,5137942651,0.0,0.0,-0.001
5137945379,5137945148,0.0,0.0,-0.001
5137949153,5137948895,0.0,0.0,-0.001
5137956616,5137956384,0.0,0.0,-0.001
5137960363,5137960129,0.0,0.0,-0.001
5137966603,5137966371,0.0,0.0,-0.001
5137970351,5137970117,0.0,0.0,-0.001
5137979107,5137978859,0.0,0.0,-0.001
5137980342,5137980104,0.0,0.0,-0.001
5137984095,5137983849,0.0,0.0,-0.001
5137991565,5137991340,0.0,0.0,-0.001
5137995328,5137995085,0.0,0.0,-0.001
5137999064,5137998830,0.0,0.0,-0.001
5138005319,5138005073,0.0,0.0,-0.001
5138012796,5138012564,0.0,0.0,-0.001
5138015322,5138015061,0.0,0.0,-0.001
5138019045,5138018806,0.0,0.0,-0.001
5138026529,5138026296,0.0,0.0,-0.001
5138030279,5138030041,0.0,0.0,-0.001
5138036515,5138036284,0.0,0.0,-0.001
5138040277,5138040029,0.0,0.0,-0.001
5138049004,5138048768,0.0,0.0,-0.001
5138051492,5138051265,0.0,0.0,-0.001
5138054006,5138053762,0.0,0.0,-0.001
5138061490,5138061254,0.0,0.0,-0.001
5138065226,5138064997,0.0,0.0,-0.001
5138068984,5138068743,0.0,0.0,-0.001
5138075213,5138074985,0.0,0.0,-0.001
5138082709,5138082476,0.0,0.0,-0.001
5138086455,5138086221,0.0,0.0,-0.001
5138088958,5138088721,0.0,0.0,-0.001
5138096444,5138096209,0.0,0.0,-0.001
5138100190,5138099954,0.0,0.0,-0.001
5138106432,5138106196,0.0,0.0,-0.001
5138110172,5138109941,0.0,0.0,-0.001
5138118912,5138118680,0.0,0.0,-0.001
5138121417,5138121180,0.0,0.0,-0.001
5138123905,5138123674,0.0,0.0,-0.001
5138131394,5138131165,0.0,0.0,-0.001
5138135150,5138134910,0.0,0.0,-0.001
5138141384,5138141152,0.0,0.0,-0.001
5138145141,5138144898,0.0,0.0,-0.001
5138148882,5138148643,0.0,0.0,-0.001
5138156370,5138156134,0.0,0.0,-0.001
5138158856,5138158630,0.0,0.0,-0.001
5138166351,5138166123,0.0,0.0,-0.001
5138170099,5138169866,0.0,0.0,-0.001
5138176339,5138176109,0.0,0.0,-0.001
5138180090,5138179854,0.0,0.0,-0.001
5138188824,5138188593,0.0,0.0,-0.001
5138191318,5138191089,0.0,0.0,-0.001
5138193830,5138193586,0.0,0.0,-0.001
5138201309,5138201077,0.0,0.0,-0.001
5138205058,5138204822,0.0,0.0,-0.001
5138211303,5138211065,0.0,0.0,-0.001
5138215041,5138214810,0.0,0.0,-0.001
5138218788,5138218557,0.0,0.0,-0.001
5138226322,5138226047,0.0,0.0,-0.001
5138228776,5138228543,0.0,0.0,-0.001
5138236266,5138236033,0.0,0.0,-0.001
5138240020,5138239779,0.0,0.0,-0.001
5138246265,5138246021,0.0,0.0,-0.001
5138250056,5138249768,0.0,0.0,-0.001
5138257492,5138257260,0.0,0.0,-0.001
5138261234,5138261002,0.0,0.0,-0.001
5138264991,5138264748,0.0,0.0,-0.001
5138271216,5138270990,0.0,0.0,-0.001
5138274964,5138274735,0.0,0.0,-0.001
5138282474,5138282226,0.0,0.0,-0.001
5138284957,5138284722,0.0,0.0,-0.001
5138292444,5138292213,0.0,0.0,-0.001
5138296187,5138295958,0.0,0.0,-0.001
5138299946,5138299704,0.0,0.0,-0.001
5138306182,5138305946,0.0,0.0,-0.001
5138309925,5138309691,0.0,0.0,-0.001
5138318669,5138318430,0.0,0.0,-0.001
5138319904,5138319679,0.0,0.0,-0.001
5138328651,5138328418,0.0,0.0,-0.001
5138331142,5138330915,0.0,0.0,-0.001
5138334896,5138334660,0.0,0.0,-0.001
5138341140,5138340902,0.0,0.0,-0.001
5138344884,5138344647,0.0,0.0,-0.001
5138352364,5138352138,0.0,0.0,-0.001
5138354871,5138354635,0.0,0.0,-0.001
5138362360,5138362126,0.0,0.0,-0.001
5138366097,5138365871,0.0,0.0,-0.001
5138369854,5138369617,0.0,0.0,-0.001
5138376095,5138375858,0.0,0.0,-0.001
5138379837,5138379604,0.0,0.0,-0.001
5138387325,5138387094,0.0,0.0,-0.001
5138389824,5138389592,0.0,0.0,-0.001
5138398617,5138398335,0.0,0.0,-0.001
5138401059,5138400827,0.0,0.0,-0.001
5138404798,5138404572,0.0,0.0,-0.001
5138411045,5138410815,0.0,0.0,-0.001
5138414805,5138414560,0.0,0.0,-0.001
5138422295,5138422051,0.0,0.0,-0.001
5138426029,5138425796,0.0,0.0,-0.001
5138432290,5138432038,0.0,0.0,-0.001
5138436009,5138435783,0.0,0.0,-0.001
5138439767,5138439531,0.0,0.0,-0.001
5138446001,5138445771,0.0,0.0,-0.001
5138449747,5138449516,0.0,0.0,-0.001
5138457241,5138457007,0.0,0.0,-0.001
5138459737,5138459504,0.0,0.0,-0.001
5138468482,5138468243,0.0,0.0,-0.001
5138470970,5138470739,0.0,0.0,-0.001
5138474718,5138474485,0.0,0.0,-0.001
5138480961,5138480727,0.0,0.0,-0.001
5138484707,5138484472,0.0,0.0,-0.001
5138492208,5138491963,0.0,0.0,-0.001
5138495941,5138495708,0.0,0.0,-0.001
5138502175,5138501950,0.0,0.0,-0.001
5138505933,5138505696,0.0,0.0,-0.001
5138509674,5138509441,0.0,0.0,-0.001
5138515928,5138515683,0.0,0.0,-0.001
5138519662,5138519429,0.0,0.0,-0.001
5138528404,5138528168,0.0,0.0,-0.001
5138530904,5138530665,0.0,0.0,-0.001
5138537149,5138536907,0.0,0.0,-0.001
5138540877,5138540652,0.0,0.0,-0.001
5138544635,5138544399,0.0,0.0,-0.001
5138550864,5138550639,0.0,0.0,-0.001
5138554619,5138554385,0.0,0.0,-0.001
5138562102,5138561876,0.0,0.0,-0.001
5138565850,5138565621,0.0,0.0,-0.001
5138572100,5138571863,0.0,0.0,-0.001
5138575844,5138575608,0.0,0.0,-0.001
5138579587,5138579354,0.0,0.0,-0.001
5138585822,5138585596,0.0,0.0,-0.001
5138589574,5138589341,0.0,0.0,-0.001
5138598323,5138598080,0.0,0.0,-0.001
5138600817,5138600577,0.0,0.0,-0.001
5138607056,5138606819,0.0,0.0,-0.001
5138610794,5138610564,0.0,0.0,-0.001
5138614565,5138614311,0.0,0.0,-0.001
5138620778,5138620552,0.0,0.0,-0.001
5138624527,5138624297,0.0,0.0,-0.001
5138632020,5138631788,0.0,0.0,-0.001
5138635758,5138635533,0.0,0.0,-0.001
5138639511,5138639279,0.0,0.0,-0.001
5138645769,5138645521,0.0,0.0,-0.001
5138649504,5138649268,0.0,0.0,-0.001
5138656998,5138656757,0.0,0.0,-0.001
5138659487,5138659255,0.0,0.0,-0.001
5138668225,5138667993,0.0,0.0,-0.001
5138670724,5138670489,0.0,0.0,-0.001
5138678217,5138677985,0.0,0.0,-0.001
5138680705,5138680477,0.0,0.0,-0.001
5138684465,5138684222,0.0,0.0,-0.001
5138691946,5138691713,0.0,0.0,-0.001
5138694439,5138694210,0.0,0.0,-0.001
5138701938,5138701700,0.0,0.0,-0.001
5138705672,5138705446,0.0,0.0,-0.001
5138709429,5138709191,0.0,0.0,-0.001
5138715664,5138715434,0.0,0.0,-0.001
5138719409,5138719178,0.0,0.0,-0.001
5138728150,5138727919,0.0,0.0,-0.001
5138729400,5138729166,0.0,0.0,-0.001
5138738135,5138737905,0.0,0.0,-0.001
5138740641,5138740402,0.0,0.0,-0.001
5138744381,5138744147,0.0,0.0,-0.001
5138750615,5138750390,0.0,0.0,-0.001
5138754362,5138754135,0.0,0.0,-0.001
5138761856,5138761626,0.0,0.0,-0.001
5138764366,5138764122,0.0,0.0,-0.001
5138771844,5138771613,0.0,0.0,-0.001
5138775588,5138775358,0.0,0.0,-0.001
5138781833,5138781601,0.0,0.0,-0.001
5138785575,5138785346,0.0,0.0,-0.001
5138789338,5138789091,0.0,0.0,-0.001
5138798068,5138797830,0.0,0.0,-0.001
5138799319,5138799079,0.0,0.0,-0.001
5138808060,5138807818,0.0,0.0,-0.001
5138810557,5138810314,0.0,0.0,-0.001
5138818090,5138817807,0.0,0.0,-0.001
5138820533,5138820302,0.0,0.0,-0.001
5138824279,5138824047,0.0,0.0,-0.001
5138831767,5138831538,0.0,0.0,-0.001
5138834277,5138834035,0.0,0.0,-0.001
5138841756,5138841525,0.0,0.0,-0.001
5138845511,5138845271,0.0,0.0,-0.001
5138853004,5138852762,0.0,0.0,-0.001
5138855494,5138855264,0.0,0.0,-0.001
5138859239,5138859004,0.0,0.0,-0.001
5138867980,5138867747,0.0,0.0,-0.001
5138870473,5138870240,0.0,0.0,-0.001
5138877961,5138877730,0.0,0.0,-0.001
5138880489,5138880228,0.0,0.0,-0.001
5138887958,5138887718,0.0,0.0,-0.001
5138890446,5138890214,0.0,0.0,-0.001
5138894201,5138893961,0.0,0.0,-0.001
5138901693,5138901451,0.0,0.0,-0.001
5138905434,5138905195,0.0,0.0,-0.001
5138911696,5138911438,0.0,0.0,-0.001
5138915413,5138915183,0.0,0.0,-0.001
5138922914,5138922674,0.0,0.0,-0.001
5138925401,5138925171,0.0,0.0,-0.001
5138929148,5138928920,0.0,0.0,-0.001
5138937887,5138937655,0.0,0.0,-0.001
5138940380,5138940152,0.0,0.0,-0.001
5138947886,5138947643,0.0,0.0,-0.001
5138950366,5138950139,0.0,0.0,-0.001
5138957867,5138957630,0.0,0.0,-0.001
5138960354,5138960127,0.0,0.0,-0.001
5138964099,5138963872,0.0,0.0,-0.001
5138971593,5138971363,0.0,0.0,-0.001
5138975343,5138975109,0.0,0.0,-0.001
5138981580,5138981351,0.0,0.0,-0.001
5138985326,5138985096,0.0,0.0,-0.001
5138992819,5138992586,0.0,0.0,-0.001
5138995320,5138995083,0.0,0.0,-0.001
5138999061,5138998828,0.0,0.0,-0.001
5139006553,5139006319,0.0,0.0,-0.001
5139010296,5139010064,0.0,0.0,-0.001
5139017797,5139017564,0.0,0.0,-0.001
5139020294,5139020053,0.0,0.0,-0.001
5139027781,5139027550,0.0,0.0,-0.001
5139030293,5139030040,0.0,0.0,-0.001
5139034018,5139033785,0.0,0.0,-0.001
5139041507,5139041275,0.0,0.0,-0.001
5139045259,5139045021,0.0,0.0,-0.001
5139051493,5139051263,0.0,0.0,-0.001
5139055242,5139055008,0.0,0.0,-0.001
5139062739,5139062499,0.0,0.0,-0.001
5139067728,5139067493,0.0,0.0,-0.001
5139068985,5139068741,0.0,0.0,-0.001
5139077714,5139077480,0.0,0.0,-0.001
5139080206,5139079977,0.0,0.0,-0.001
5139086451,5139086219,0.0,0.0,-0.001
5139090192,5139089965,0.0,0.0,-0.001
5139097691,5139097455,0.0,0.0,-0.001
5139101452,5139101201,0.0,0.0,-0.001
5139103933,5139103697,0.0,0.0,-0.001
5139111421,5139111188,0.0,0.0,-0.001
5139115162,5139114933,0.0,0.0,-0.001
5139121406,5139121175,0.0,0.0,-0.001
5139125156,5139124921,0.0,0.0,-0.001
5139132645,5139132412,0.0,0.0,-0.001
5139137638,5139137405,0.0,0.0,-0.001
5139138890,5139138662,0.0,0.0,-0.001
5139147625,5139147393,0.0,0.0,-0.001
5139150125,5139149889,0.0,0.0,-0.001
5139156364,5139156131,0.0,0.0,-0.001
5139160101,5139159877,0.0,0.0,-0.001
5139167606,5139167374,0.0,0.0,-0.001
5139171353,5139171113,0.0,0.0,-0.001
5139173847,5139173610,0.0,0.0,-0.001
5139181335,5139181100,0.0,0.0,-0.001
5139185106,5139184846,0.0,0.0,-0.001
5139192570,5139192338,0.0,0.0,-0.001
5139195064,5139194833,0.0,0.0,-0.001
5139202558,5139202324,0.0,0.0,-0.001
5139207550,5139207318,0.0,0.0,-0.001
5139208803,5139208566,0.0,0.0,-0.001
5139216314,5139216057,0.0,0.0,-0.001
5139220030,5139219802,0.0,0.0,-0.001
5139227534,5139227292,0.0,0.0,-0.001
5139230037,5139229790,0.0,0.0,-0.001
5139237514,5139237280,0.0,0.0,-0.001
5139241261,5139241028,0.0,0.0,-0.001
5139244998,5139244771,0.0,0.0,-0.001
5139251246,5139251013,0.0,0.0,-0.001
5139254998,5139254758,0.0,0.0,-0.001
5139262500,5139262254,0.0,0.0,-0.001
5139264982,5139264745,0.0,0.0,-0.001
5139272490,5139272236,0.0,0.0,-0.001
5139277461,5139277230,0.0,0.0,-0.001
5139279964,5139279727,0.0,0.0,-0.001
5139287451,5139287217,0.0,0.0,-0.001
5139289942,5139289714,0.0,0.0,-0.001
5139297446,5139297205,0.0,0.0,-0.001
5139299929,5139299702,0.0,0.0,-0.001
5139307429,5139307193,0.0,0.0,-0.001
5139311169,5139310938,0.0,0.0,-0.001
5139314923,5139314683,0.0,0.0,-0.001
5139321154,5139320926,0.0,0.0,-0.001
5139324898,5139324670,0.0,0.0,-0.001
5139332405,5139332161,0.0,0.0,-0.001
5139334898,5139334658,0.0,0.0,-0.001
5139342380,5139342149,0.0,0.0,-0.001
5139347377,5139347143,0.0,0.0,-0.001
5139349871,5139349639,0.0,0.0,-0.001
5139357361,5139357130,0.0,0.0,-0.001
5139359854,5139359627,0.0,0.0,-0.001
5139367352,5139367118,0.0,0.0,-0.001
5139369842,5139369614,0.0,0.0,-0.001
5139377339,5139377108,0.0,0.0,-0.001
5139381082,5139380850,0.0,0.0,-0.001
5139384825,5139384595,0.0,0.0,-0.001
5139391071,5139390838,0.0,0.0,-0.001
5139394810,5139394583,0.0,0.0,-0.001
5139402315,5139402074,0.0,0.0,-0.001
5139404824,5139404571,0.0,0.0,-0.001
5139408548,5139408316,0.0,0.0,-0.001
5139417290,5139417055,0.0,0.0,-0.001
5139419785,5139419552,0.0,0.0,-0.001
5139427296,5139427046,0.0,0.0,-0.001
5139429770,5139429539,0.0,0.0,-0.001
5139437274,5139437037,0.0,0.0,-0.001
5139439753,5139439527,0.0,0.0,-0.001
5139447271,5139447018,0.0,0.0,-0.001
5139450993,5139450762,0.0,0.0,-0.001
5139454743,5139454508,0.0,0.0,-0.001
5139460983,5139460750,0.0,0.0,-0.001
5139464743,5139464495,0.0,0.0,-0.001
5139472218,5139471986,0.0,0.0,-0.001
5139477220,5139476982,0.0,0.0,-0.001
5139482272,5139481974,0.0,0.0,-0.001
5139487202,5139486967,0.0,0.0,-0.001
5139489706,5139489464,0.0,0.0,-0.001
5139497185,5139496955,0.0,0.0,-0.001
5139499681,5139499453,0.0,0.0,-0.001
5139507178,5139506943,0.0,0.0,-0.001
5139510925,5139510687,0.0,0.0,-0.001
5139517162,5139516930,0.0,0.0,-0.001
5139520908,5139520675,0.0,0.0,-0.001
5139524655,5139524421,0.0,0.0,-0.001
5139530897,5139530663,0.0,0.0,-0.001
5139534640,5139534408,0.0,0.0,-0.001
5139542132,5139541899,0.0,0.0,-0.001
5139547133,5139546892,0.0,0.0,-0.001
5139552114,5139551886,0.0,0.0,-0.001
5139555873,5139555631,0.0,0.0,-0.001
5139559604,5139559377,0.0,0.0,-0.001
5139567106,5139566867,0.0,0.0,-0.001
5139569594,5139569364,0.0,0.0,-0.001
5139577093,5139576855,0.0,0.0,-0.001
5139580829,5139580600,0.0,0.0,-0.001
5139587088,5139586846,0.0,0.0,-0.001
5139590818,5139590588,0.0,0.0,-0.001
5139594573,5139594333,0.0,0.0,-0.001
5139600806,5139600575,0.0,0.0,-0.001
5139604558,5139604321,0.0,0.0,-0.001
5139612053,5139611811,0.0,0.0,-0.001
5139617040,5139616805,0.0,0.0,-0.001
5139622039,5139621799,0.0,0.0,-0.001
5139627024,5139626792,0.0,0.0,-0.001
5139629515,5139629289,0.0,0.0,-0.001
5139637013,5139636780,0.0,0.0,-0.001
5139639511,5139639277,0.0,0.0,-0.001
5139647001,5139646768,0.0,0.0,-0.001
5139650742,5139650512,0.0,0.0,-0.001
5139656987,5139656756,0.0,0.0,-0.001
5139660733,5139660500,0.0,0.0,-0.001
5139664494,5139664246,0.0,0.0,-0.001
5139671966,5139671736,0.0,0.0,-0.001
5139674472,5139674233,0.0,0.0,-0.001
5139681956,5139681723,0.0,0.0,-0.001
5139685696,5139685469,0.0,0.0,-0.001
5139691940,5139691711,0.0,0.0,-0.001
5139696948,5139696705,0.0,0.0,-0.001
5139699436,5139699202,0.0,0.0,-0.001
5139706940,5139706693,0.0,0.0,-0.001
5139709415,5139709189,0.0,0.0,-0.001
5139716920,5139716680,0.0,0.0,-0.001
5139720655,5139720425,0.0,0.0,-0.001
5139726902,5139726668,0.0,0.0,-0.001
5139730654,5139730413,0.0,0.0,-0.001
5139734396,5139734158,0.0,0.0,-0.001
5139741883,5139741648,0.0,0.0,-0.001
5139744377,5139744146,0.0,0.0,-0.001
5139751876,5139751636,0.0,0.0,-0.001
5139755611,5139755381,0.0,0.0,-0.001
5139761855,5139761623,0.0,0.0,-0.001
5139766851,5139766617,0.0,0.0,-0.001
5139769341,5139769114,0.0,0.0,-0.001
5139776841,5139776605,0.0,0.0,-0.001
5139779330,5139779101,0.0,0.0,-0.001
5139786827,5139786592,0.0,0.0,-0.001
5139790564,5139790337,0.0,0.0,-0.001
5139796815,5139796580,0.0,0.0,-0.001
5139800559,5139800325,0.0,0.0,-0.001
5139804309,5139804071,0.0,0.0,-0.001
5139811796,5139811561,0.0,0.0,-0.001
5139814299,5139814058,0.0,0.0,-0.001
5139821777,5139821549,0.0,0.0,-0.001
5139825522,5139825294,0.0,0.0,-0.001
5139833015,5139832784,0.0,0.0,-0.001
5139836762,5139836530,0.0,0.0,-0.001
5139839287,5139839027,0.0,0.0,-0.001
5139846795,5139846517,0.0,0.0,-0.001
5139850496,5139850263,0.0,0.0,-0.001
5139856739,5139856505,0.0,0.0,-0.001
5139860481,5139860254,0.0,0.0,-0.001
5139867972,5139867741,0.0,0.0,-0.001
5139870465,5139870237,0.0,0.0,-0.001
5139874213,5139873983,0.0,0.0,-0.001
5139881708,5139881474,0.0,0.0,-0.001
5139885453,5139885219,0.0,0.0,-0.001
5139891692,5139891461,0.0,0.0,-0.001
5139896688,5139896455,0.0,0.0,-0.001
5139902934,5139902697,0.0,0.0,-0.001
5139905430,5139905194,0.0,0.0,-0.001
5139909199,5139908939,0.0,0.0,-0.001
5139916668,5139916430,0.0,0.0,-0.001
5139920414,5139920175,0.0,0.0,-0.001
5139926649,5139926417,0.0,0.0,-0.001
5139930395,5139930163,0.0,0.0,-0.001
5139937898,5139937657,0.0,0.0,-0.001
5139940394,5139940151,0.0,0.0,-0.001
5139944125,5139943895,0.0,0.0,-0.001
5139951626,5139951388,0.0,0.0,-0.001
5139955362,5139955132,0.0,0.0,-0.001
5139961613,5139961380,0.0,0.0,-0.001
5139966611,5139966377,0.0,0.0,-0.001
5139972840,5139972609,0.0,0.0,-0.001
5139976586,5139976355,0.0,0.0,-0.001
5139979076,5139978852,0.0,0.0,-0.001
5139986574,5139986342,0.0,0.0,-0.001
5139990334,5139990087,0.0,0.0,-0.001
5139996561,5139996330,0.0,0.0,-0.001
5140000314,5140000075,0.0,0.0,-0.001
5140007799,5140007565,0.0,0.0,-0.001
5140010300,5140010063,0.0,0.0,-0.001
5140014048,5140013808,0.0,0.0,-0.001
5140021532,5140021299,0.0,0.0,-0.001
5140026586,5140026301,0.0,0.0,-0.001
5140031518,5140031286,0.0,0.0,-0.001
5140036514,5140036280,0.0,0.0,-0.001
5140042752,5140042522,0.0,0.0,-0.001
5140046500,5140046267,0.0,0.0,-0.001
5140048990,5140048764,0.0,0.0,-0.001
5140056496,5140056262,0.0,0.0,-0.001
5140060233,5140060000,0.0,0.0,-0.001
5140066487,5140066242,0.0,0.0,-0.001
5140070225,5140069988,0.0,0.0,-0.001
5140077709,5140077478,0.0,0.0,-0.001
5140081459,5140081223,0.0,0.0,-0.001
5140083948,5140083720,0.0,0.0,-0.001
5140091445,5140091211,0.0,0.0,-0.001
5140096435,5140096206,0.0,0.0,-0.001
5140101439,5140101200,0.0,0.0,-0.001
5140106427,5140106193,0.0,0.0,-0.001
5140112689,5140112435,0.0,0.0,-0.001
5140116424,5140116180,0.0,0.0,-0.001
5140118902,5140118676,0.0,0.0,-0.001
5140126402,5140126167,0.0,0.0,-0.001
5140130148,5140129915,0.0,0.0,-0.001
5140136388,5140136155,0.0,0.0,-0.001
5140140133,5140139900,0.0,0.0,-0.001
5140147622,5140147391,0.0,0.0,-0.001
5140151405,5140151136,0.0,0.0,-0.001
5140153870,5140153633,0.0,0.0,-0.001
5140161366,5140161130,0.0,0.0,-0.001
5140165097,5140164869,0.0,0.0,-0.001
5140171362,5140171111,0.0,0.0,-0.001
5140176345,5140176111,0.0,0.0,-0.001
5140182604,5140182352,0.0,0.0,-0.001
5140186325,5140186092,0.0,0.0,-0.001
5140188818,5140188589,0.0,0.0,-0.001
5140196317,5140196080,0.0,0.0,-0.001
5140200057,5140199825,0.0,0.0,-0.001
5140206326,5140206067,0.0,0.0,-0.001
5140211301,5140211062,0.0,0.0,-0.001
5140217533,5140217303,0.0,0.0,-0.001
5140221299,5140221050,0.0,0.0,-0.001
5140223774,5140223545,0.0,0.0,-0.001
5140231286,5140231036,0.0,0.0,-0.001
5140237511,5140237278,0.0,0.0,-0.001
5140242504,5140242273,0.0,0.0,-0.001
5140246278,5140246018,0.0,0.0,-0.001
5140252486,5140252259,0.0,0.0,-0.001
5140256257,5140256005,0.0,0.0,-0.001
5140259975,5140259750,0.0,0.0,-0.001
5140266228,5140265993,0.0,0.0,-0.001
5140269969,5140269737,0.0,0.0,-0.001
5140277462,5140277229,0.0,0.0,-0.001
5140279958,5140279725,0.0,0.0,-0.001
5140287447,5140287216,0.0,0.0,-0.001
5140291205,5140290961,0.0,0.0,-0.001
5140294946,5140294706,0.0,0.0,-0.001
5140301177,5140300948,0.0,0.0,-0.001
5140307421,5140307191,0.0,0.0,-0.001
5140312422,5140312184,0.0,0.0,-0.001
5140314911,5140314681,0.0,0.0,-0.001
5140322402,5140322172,0.0,0.0,-0.001
5140326153,5140325917,0.0,0.0,-0.001
5140329896,5140329662,0.0,0.0,-0.001
5140336141,5140335905,0.0,0.0,-0.001
5140339893,5140339650,0.0,0.0,-0.001
5140347374,5140347140,0.0,0.0,-0.001
5140349869,5140349638,0.0,0.0,-0.001
5140357364,5140357128,0.0,0.0,-0.001
5140361105,5140360874,0.0,0.0,-0.001
5140366096,5140365867,0.0,0.0,-0.001
5140371094,5140370861,0.0,0.0,-0.001
5140376101,5140375855,0.0,0.0,-0.001
5140382327,5140382097,0.0,0.0,-0.001
5140387322,5140387091,0.0,0.0,-0.001
5140392315,5140392087,0.0,0.0,-0.001
5140396065,5140395830,0.0,0.0,-0.001
5140399804,5140399575,0.0,0.0,-0.001
5140406062,5140405826,0.0,0.0,-0.001
5140409792,5140409562,0.0,0.0,-0.001
5140417290,5140417053,0.0,0.0,-0.001
5140421044,5140420798,0.0,0.0,-0.001
5140427279,5140427041,0.0,0.0,-0.001
5140431018,5140430786,0.0,0.0,-0.001
5140436016,5140435785,0.0,0.0,-0.001
5140441006,5140440773,0.0,0.0,-0.001
5140445999,5140445767,0.0,0.0,-0.001
5140452245,5140452009,0.0,0.0,-0.001
5140455998,5140455758,0.0,0.0,-0.001
5140462223,5140461997,0.0,0.0,-0.001
5140465974,5140465742,0.0,0.0,-0.001
5140469718,5140469487,0.0,0.0,-0.001
5140475965,5140475730,0.0,0.0,-0.001
5140479715,5140479480,0.0,0.0,-0.001
5140487203,5140486966,0.0,0.0,-0.001
5140490953,5140490711,0.0,0.0,-0.001
5140497187,5140496953,0.0,0.0,-0.001
5140500932,5140500698,0.0,0.0,-0.001
5140505925,5140505692,0.0,0.0,-0.001
5140510925,5140510686,0.0,0.0,-0.001
5140514661,5140514431,0.0,0.0,-0.001
5140522162,5140521922,0.0,0.0,-0.001
5140525907,5140525667,0.0,0.0,-0.001
5140532136,5140531909,0.0,0.0,-0.001
5140535887,5140535655,0.0,0.0,-0.001
5140539628,5140539400,0.0,0.0,-0.001
5140545878,5140545643,0.0,0.0,-0.001
5140549618,5140549387,0.0,0.0,-0.001
5140557107,5140556878,0.0,0.0,-0.001
5140560859,5140560623,0.0,0.0,-0.001
5140567095,5140566865,0.0,0.0,-0.001
5140570838,5140570611,0.0,0.0,-0.001
5140575836,5140575605,0.0,0.0,-0.001
5140580840,5140580598,0.0,0.0,-0.001
5140585831,5140585598,0.0,0.0,-0.001
5140592075,5140591834,0.0,0.0,-0.001
5140595814,5140595580,0.0,0.0,-0.001
5140599559,5140599325,0.0,0.0,-0.001
5140605814,5140605567,0.0,0.0,-0.001
5140609547,5140609312,0.0,0.0,-0.001
5140617032,5140616803,0.0,0.0,-0.001
5140619537,5140619300,0.0,0.0,-0.001
5140627019,5140626790,0.0,0.0,-0.001
5140630768,5140630536,0.0,0.0,-0.001
5140637012,5140636778,0.0,0.0,-0.001
5140640758,5140640524,0.0,0.0,-0.001
5140645754,5140645518,0.0,0.0,-0.001
5140651991,5140651759,0.0,0.0,-0.001
5140655739,5140655505,0.0,0.0,-0.001
5140661978,5140661747,0.0,0.0,-0.001
5140665727,5140665493,0.0,0.0,-0.001
5140669474,5140669237,0.0,0.0,-0.001
5140675712,5140675480,0.0,0.0,-0.001
5140679470,5140679225,0.0,0.0,-0.001
5140686960,5140686716,0.0,0.0,-0.001
5140689441,5140689212,0.0,0.0,-0.001
5140696955,5140696703,0.0,0.0,-0.001
5140700681,5140700448,0.0,0.0,-0.001
5140705674,5140705442,0.0,0.0,-0.001
5140710669,5140710436,0.0,0.0,-0.001
5140714410,5140714181,0.0,0.0,-0.001
5140721916,5140721672,0.0,0.0,-0.001
5140725652,5140725417,0.0,0.0,-0.001
5140731889,5140731659,0.0,0.0,-0.001
5140735638,5140735405,0.0,0.0,-0.001
5140739385,5140739154,0.0,0.0,-0.001
5140745626,5140745392,0.0,0.0,-0.001
5140749373,5140749137,0.0,0.0,-0.001
5140756860,5140756628,0.0,0.0,-0.001
5140759360,5140759125,0.0,0.0,-0.001
5140766844,5140766615,0.0,0.0,-0.001
5140770595,5140770361,0.0,0.0,-0.001
5140775587,5140775355,0.0,0.0,-0.001
5140780580,5140780348,0.0,0.0,-0.001
5140785584,5140785342,0.0,0.0,-0.001
5140791816,5140791584,0.0,0.0,-0.001
5140794315,5140794081,0.0,0.0,-0.001
5140801797,5140801571,0.0,0.0,-0.001
5140805552,5140805317,0.0,0.0,-0.001
5140809306,5140809062,0.0,0.0,-0.001
5140815576,5140815304,0.0,0.0,-0.001
5140819289,5140819050,0.0,0.0,-0.001
5140826776,5140826540,0.0,0.0,-0.001
5140829274,5140829038,0.0,0.0,-0.001
5140836760,5140836528,0.0,0.0,-0.001
5140840511,5140840274,0.0,0.0,-0.001
5140845502,5140845267,0.0,0.0,-0.001
5140850495,5140850261,0.0,0.0,-0.001
5140854237,5140854006,0.0,0.0,-0.001
5140861721,5140861497,0.0,0.0,-0.001
5140865490,5140865242,0.0,0.0,-0.001
5140871721,5140871484,0.0,0.0,-0.001
5140875471,5140875233,0.0,0.0,-0.001
5140879212,5140878975,0.0,0.0,-0.001
5140885453,5140885222,0.0,0.0,-0.001
5140889193,5140888962,0.0,0.0,-0.001
5140896693,5140896453,0.0,0.0,-0.001
5140900439,5140900199,0.0,0.0,-0.001
5140906717,5140906440,0.0,0.0,-0.001
5140910446,5140910186,0.0,0.0,-0.001
5140915414,5140915183,0.0,0.0,-0.001
5140920412,5140920174,0.0,0.0,-0.001
5140925402,5140925168,0.0,0.0,-0.001
5140931642,5140931409,0.0,0.0,-0.001
5140935398,5140935155,0.0,0.0,-0.001
5140941627,5140941397,0.0,0.0,-0.001
5140945377,5140945142,0.0,0.0,-0.001
5140949117,5140948887,0.0,0.0,-0.001
5140955370,5140955130,0.0,0.0,-0.001
5140959107,5140958875,0.0,0.0,-0.001
5140966600,5140966366,0.0,0.0,-0.001
5140970350,5140970111,0.0,0.0,-0.001
5140976585,5140976353,0.0,0.0,-0.001
5140980331,5140980098,0.0,0.0,-0.001
5140985325,5140985092,0.0,0.0,-0.001
5140990333,5140990086,0.0,0.0,-0.001
5140995324,5140995086,0.0,0.0,-0.001
5141001556,5141001322,0.0,0.0,-0.001
5141005314,5141005067,0.0,0.0,-0.001
5141011540,5141011309,0.0,0.0,-0.001
5141015296,5141015055,0.0,0.0,-0.001
5141022775,5141022545,0.0,0.0,-0.001
5141026520,5141026291,0.0,0.0,-0.001
5141029018,5141028787,0.0,0.0,-0.001
5141036513,5141036279,0.0,0.0,-0.001
5141040285,5141040023,0.0,0.0,-0.001
5141045259,5141045017,0.0,0.0,-0.001
5141050243,5141050011,0.0,0.0,-0.001
5141055245,5141055004,0.0,0.0,-0.001
5141061478,5141061246,0.0,0.0,-0.001
5141065223,5141064992,0.0,0.0,-0.001
5141071474,5141071243,0.0,0.0,-0.001
5141075220,5141074979,0.0,0.0,-0.001
5141081468,5141081222,0.0,0.0,-0.001
5141085200,5141084969,0.0,0.0,-0.001
5141088954,5141088712,0.0,0.0,-0.001
5141096447,5141096203,0.0,0.0,-0.001
5141098935,5141098700,0.0,0.0,-0.001
5141106421,5141106191,0.0,0.0,-0.001
5141110179,5141109938,0.0,0.0,-0.001
5141115168,5141114929,0.0,0.0,-0.001
5141120158,5141119923,0.0,0.0,-0.001
5141125156,5141124919,0.0,0.0,-0.001
5141131418,5141131159,0.0,0.0,-0.001
5141135144,5141134904,0.0,0.0,-0.001
5141141382,5141141147,0.0,0.0,-0.001
5141145133,5141144892,0.0,0.0,-0.001
5141151364,5141151134,0.0,0.0,-0.001
5141155113,5141154880,0.0,0.0,-0.001
5141162601,5141162370,0.0,0.0,-0.001
5141166348,5141166115,0.0,0.0,-0.001
5141168849,5141168612,0.0,0.0,-0.001
5141176338,5141176103,0.0,0.0,-0.001
5141180099,5141179849,0.0,0.0,-0.001
5141185080,5141184842,0.0,0.0,-0.001
5141190074,5141189836,0.0,0.0,-0.001
5141193813,5141193581,0.0,0.0,-0.001
5141201308,5141201072,0.0,0.0,-0.001
5141205053,5141204817,0.0,0.0,-0.001
5141211341,5141211059,0.0,0.0,-0.001
5141215042,5141214805,0.0,0.0,-0.001
5141221283,5141221047,0.0,0.0,-0.001
5141225034,5141224799,0.0,0.0,-0.001
5141232508,5141232282,0.0,0.0,-0.001
5141236267,5141236028,0.0,0.0,-0.001
5141240011,5141239778,0.0,0.0,-0.001
5141246320,5141246020,0.0,0.0,-0.001
5141249988,5141249761,0.0,0.0,-0.001
5141254989,5141254755,0.0,0.0,-0.001
5141259975,5141259748,0.0,0.0,-0.001
5141264984,5141264743,0.0,0.0,-0.001
5141271213,5141270984,0.0,0.0,-0.001
5141274964,5141274729,0.0,0.0,-0.001
5141281201,5141280972,0.0,0.0,-0.001
5141286198,5141285966,0.0,0.0,-0.001
5141292447,5141292208,0.0,0.0,-0.001
5141294937,5141294705,0.0,0.0,-0.001
5141302431,5141302197,0.0,0.0,-0.001
5141306231,5141305942,0.0,0.0,-0.001
5141309927,5141309685,0.0,0.0,-0.001
5141316160,5141315928,0.0,0.0,-0.001
5141319903,5141319673,0.0,0.0,-0.001
5141324900,5141324667,0.0,0.0,-0.001
5141329912,5141329661,0.0,0.0,-0.001
5141334888,5141334655,0.0,0.0,-0.001
5141341131,5141340896,0.0,0.0,-0.001
5141344886,5141344642,0.0,0.0,-0.001
5141351166,5141350884,0.0,0.0,-0.001
5141354866,5141354629,0.0,0.0,-0.001
5141362349,5141362120,0.0,0.0,-0.001
5141364851,5141364617,0.0,0.0,-0.001
5141372341,5141372107,0.0,0.0,-0.001
5141376086,5141375853,0.0,0.0,-0.001
5141379837,5141379598,0.0,0.0,-0.001
5141386073,5141385840,0.0,0.0,-0.001
5141389822,5141389586,0.0,0.0,-0.001
5141394813,5141394580,0.0,0.0,-0.001
5141399812,5141399573,0.0,0.0,-0.001
5141407305,5141407064,0.0,0.0,-0.001
5141411095,5141410809,0.0,0.0,-0.001
5141414788,5141414555,0.0,0.0,-0.001
5141421026,5141420796,0.0,0.0,-0.001
5141424773,5141424542,0.0,0.0,-0.001
5141432267,5141432036,0.0,0.0,-0.001
5141436006,5141435778,0.0,0.0,-0.001
5141442275,5141442020,0.0,0.0,-0.001
5141446008,5141445765,0.0,0.0,-0.001
5141449742,5141449511,0.0,0.0,-0.001
5141456029,5141455753,0.0,0.0,-0.001
5141459735,5141459498,0.0,0.0,-0.001
5141464730,5141464492,0.0,0.0,-0.001
5141471007,5141470734,0.0,0.0,-0.001
5141473482,5141473231,0.0,0.0,-0.001
5141480955,5141480722,0.0,0.0,-0.001
5141484702,5141484467,0.0,0.0,-0.001
5141492192,5141491958,0.0,0.0,-0.001
5141494694,5141494454,0.0,0.0,-0.001
5141502170,5141501945,0.0,0.0,-0.001
5141505945,5141505691,0.0,0.0,-0.001
5141512161,5141511932,0.0,0.0,-0.001
5141516015,5141515678,0.0,0.0,-0.001
5141519656,5141519423,0.0,0.0,-0.001
5141525897,5141525665,0.0,0.0,-0.001
5141529645,5141529411,0.0,0.0,-0.001
5141534643,5141534405,0.0,0.0,-0.001
5141540876,5141540646,0.0,0.0,-0.001
5141544627,5141544396,0.0,0.0,-0.001
5141550864,5141550634,0.0,0.0,-0.001
5141554608,5141554380,0.0,0.0,-0.001
5141560889,5141560622,0.0,0.0,-0.001
5141564601,5141564369,0.0,0.0,-0.001
5141572111,5141571857,0.0,0.0,-0.001
5141575885,5141575603,0.0,0.0,-0.001
5141582089,5141581845,0.0,0.0,-0.001
5141585817,5141585591,0.0,0.0,-0.001
5141589568,5141589336,0.0,0.0,-0.001
5141594562,5141594329,0.0,0.0,-0.001
5141599557,5141599323,0.0,0.0,-0.001
5141607043,5141606814,0.0,0.0,-0.001
5141610794,5141610559,0.0,0.0,-0.001
5141614542,5141614305,0.0,0.0,-0.001
5141620818,5141620547,0.0,0.0,-0.001
5141624525,5141624292,0.0,0.0,-0.001
5141630777,5141630534,0.0,0.0,-0.001
5141634514,5141634280,0.0,0.0,-0.001
5141642000,5141641770,0.0,0.0,-0.001
5141645757,5141645515,0.0,0.0,-0.001
5141649499,5141649261,0.0,0.0,-0.001
5141655746,5141655503,0.0,0.0,-0.001
5141659487,5141659248,0.0,0.0,-0.001
5141664487,5141664242,0.0,0.0,-0.001
5141669481,5141669236,0.0,0.0,-0.001
5141676958,5141676726,0.0,0.0,-0.001
5141680731,5141680471,0.0,0.0,-0.001
5141684463,5141684227,0.0,0.0,-0.001
5141690696,5141690459,0.0,0.0,-0.001
5141694443,5141694211,0.0,0.0,-0.001
5141701938,5141701695,0.0,0.0,-0.001
5141704427,5141704192,0.0,0.0,-0.001
5141711910,5141711683,0.0,0.0,-0.001
5141715662,5141715428,0.0,0.0,-0.001
5141719416,5141719173,0.0,0.0,-0.001
5141725678,5141725416,0.0,0.0,-0.001
5141729408,5141729161,0.0,0.0,-0.001
5141734398,5141734155,0.0,0.0,-0.001
5141739390,5141739149,0.0,0.0,-0.001
5141744383,5141744150,0.0,0.0,-0.001
5141750616,5141750384,0.0,0.0,-0.001
5141756856,5141756626,0.0,0.0,-0.001
5141760615,5141760372,0.0,0.0,-0.001
5141764347,5141764117,0.0,0.0,-0.001
5141771852,5141771607,0.0,0.0,-0.001
5141774337,5141774106,0.0,0.0,-0.001
5141781826,5141781595,0.0,0.0,-0.001
5141785593,5141785340,0.0,0.0,-0.001
5141791811,5141791583,0.0,0.0,-0.001
5141795575,5141795328,0.0,0.0,-0.001
5141799311,5141799073,0.0,0.0,-0.001
5141804307,5141804067,0.0,0.0,-0.001
5141809300,5141809061,0.0,0.0,-0.001
5141814299,5141814055,0.0,0.0,-0.001
5141820583,5141820299,0.0,0.0,-0.001
5141828014,5141827787,0.0,0.0,-0.001
5141830547,5141830285,0.0,0.0,-0.001
5141834274,5141834029,0.0,0.0,-0.001
5141841747,5141841520,0.0,0.0,-0.001
5141844261,5141844023,0.0,0.0,-0.001
5141851789,5141851507,0.0,0.0,-0.001
5141855492,5141855261,0.0,0.0,-0.001
5141864227,5141863992,0.0,0.0,-0.001
5141865492,5141865240,0.0,0.0,-0.001
5141869217,5141868986,0.0,0.0,-0.001
5141874211,5141873981,0.0,0.0,-0.001
5141880460,5141880222,0.0,0.0,-0.001
5141886694,5141886463,0.0,0.0,-0.001
5141890480,5141890210,0.0,0.0,-0.001
5141897945,5141897700,0.0,0.0,-0.001
5141900428,5141900197,0.0,0.0,-0.001
5141904175,5141903942,0.0,0.0,-0.001
5141911658,5141911432,0.0,0.0,-0.001
5141915424,5141915178,0.0,0.0,-0.001
5141921650,5141921420,0.0,0.0,-0.001
5141925412,5141925171,0.0,0.0,-0.001
5141934138,5141933905,0.0,0.0,-0.001
5141935414,5141935154,0.0,0.0,-0.001
5141939140,5141938898,0.0,0.0,-0.001
5141946627,5141946388,0.0,0.0,-0.001
5141950376,5141950134,0.0,0.0,-0.001
5141954117,5141953879,0.0,0.0,-0.001
5141960354,5141960122,0.0,0.0,-0.001
5141967842,5141967612,0.0,0.0,-0.001
5141970350,5141970109,0.0,0.0,-0.001
5141974095,5141973855,0.0,0.0,-0.001
5141981577,5141981345,0.0,0.0,-0.001
5141985326,5141985092,0.0,0.0,-0.001
5141991562,5141991333,0.0,0.0,-0.001
5141995335,5141995078,0.0,0.0,-0.001
5142004056,5142003817,0.0,0.0,-0.001
5142005323,5142005066,0.0,0.0,-0.001
5142009047,5142008811,0.0,0.0,-0.001
5142016529,5142016301,0.0,0.0,-0.001
5142020283,5142020047,0.0,0.0,-0.001
5142024027,5142023792,0.0,0.0,-0.001
5142030279,5142030034,0.0,0.0,-0.001
5142037749,5142037524,0.0,0.0,-0.001
5142040283,5142040024,0.0,0.0,-0.001
5142044001,5142043767,0.0,0.0,-0.001
5142051498,5142051266,0.0,0.0,-0.001
5142055248,5142055005,0.0,0.0,-0.001
5142061482,5142061245,0.0,0.0,-0.001
5142065221,5142064990,0.0,0.0,-0.001
5142073962,5142073730,0.0,0.0,-0.001
5142076457,5142076226,0.0,0.0,-0.001
5142078957,5142078723,0.0,0.0,-0.001
5142086445,5142086213,0.0,0.0,-0.001
5142090189,5142089959,0.0,0.0,-0.001
5142096426,5142096201,0.0,0.0,-0.001
5142100183,5142099947,0.0,0.0,-0.001
5142103930,5142103692,0.0,0.0,-0.001
5142111425,5142111183,0.0,0.0,-0.001
5142113915,5142113684,0.0,0.0,-0.001
5142121405,5142121170,0.0,0.0,-0.001
5142125157,5142124915,0.0,0.0,-0.001
5142131394,5142131158,0.0,0.0,-0.001
5142135141,5142134903,0.0,0.0,-0.001
5142143882,5142143642,0.0,0.0,-0.001
5142146376,5142146138,0.0,0.0,-0.001
5142148876,5142148636,0.0,0.0,-0.001
5142156379,5142156126,0.0,0.0,-0.001
5142160101,5142159876,0.0,0.0,-0.001
5142166345,5142166114,0.0,0.0,-0.001
5142170096,5142169859,0.0,0.0,-0.001
5142173834,5142173604,0.0,0.0,-0.001
5142181324,5142181095,0.0,0.0,-0.001
5142183834,5142183592,0.0,0.0,-0.001
5142191317,5142191083,0.0,0.0,-0.001
5142195062,5142194828,0.0,0.0,-0.001
5142201306,5142201070,0.0,0.0,-0.001
5142205050,5142204815,0.0,0.0,-0.001
5142213788,5142213554,0.0,0.0,-0.001
5142216316,5142216051,0.0,0.0,-0.001
5142220027,5142219797,0.0,0.0,-0.001
5142226271,5142226038,0.0,0.0,-0.001
5142230012,5142229784,0.0,0.0,-0.001
5142236266,5142236026,0.0,0.0,-0.001
5142240012,5142239771,0.0,0.0,-0.001
5142247543,5142247266,0.0,0.0,-0.001
5142251245,5142251007,0.0,0.0,-0.001
5142254982,5142254753,0.0,0.0,-0.001
5142261223,5142260995,0.0,0.0,-0.001
5142264984,5142264740,0.0,0.0,-0.001
5142273723,5142273484,0.0,0.0,-0.001
5142274962,5142274728,0.0,0.0,-0.001
5142282448,5142282218,0.0,0.0,-0.001
5142286190,5142285964,0.0,0.0,-0.001
5142289947,5142289709,0.0,0.0,-0.001
5142296185,5142295951,0.0,0.0,-0.001
5142299922,5142299696,0.0,0.0,-0.001
5142307427,5142307187,0.0,0.0,-0.001
5142309958,5142309684,0.0,0.0,-0.001
5142317417,5142317176,0.0,0.0,-0.001
5142321154,5142320921,0.0,0.0,-0.001
5142324907,5142324665,0.0,0.0,-0.001
5142331136,5142330908,0.0,0.0,-0.001
5142334891,5142334653,0.0,0.0,-0.001
5142343637,5142343402,0.0,0.0,-0.001
5142344870,5142344640,0.0,0.0,-0.001
5142353613,5142353380,0.0,0.0,-0.001
5142356111,5142355876,0.0,0.0,-0.001
5142359847,5142359621,0.0,0.0,-0.001
5142366095,5142365863,0.0,0.0,-0.001
5142369835,5142369610,0.0,0.0,-0.001
5142377328,5142377100,0.0,0.0,-0.001
5142379823,5142379597,0.0,0.0,-0.001
5142387319,5142387087,0.0,0.0,-0.001
5142391062,5142390832,0.0,0.0,-0.001
5142394807,5142394578,0.0,0.0,-0.001
5142401057,5142400820,0.0,0.0,-0.001
5142404816,5142404566,0.0,0.0,-0.001
5142413538,5142413304,0.0,0.0,-0.001
5142414784,5142414553,0.0,0.0,-0.001
5142422287,5142422043,0.0,0.0,-0.001
5142426018,5142425788,0.0,0.0,-0.001
5142429759,5142429534,0.0,0.0,-0.001
5142436008,5142435776,0.0,0.0,-0.001
5142439752,5142439521,0.0,0.0,-0.001
5142447274,5142447012,0.0,0.0,-0.001
5142450982,5142450757,0.0,0.0,-0.001
5142457234,5142457000,0.0,0.0,-0.001
5142460987,5142460745,0.0,0.0,-0.001
5142464729,5142464491,0.0,0.0,-0.001
5142470964,5142470732,0.0,0.0,-0.001
5142474709,5142474478,0.0,0.0,-0.001
5142483453,5142483217,0.0,0.0,-0.001
5142485949,5142485713,0.0,0.0,-0.001
5142493438,5142493204,0.0,0.0,-0.001
5142495927,5142495701,0.0,0.0,-0.001
5142499677,5142499446,0.0,0.0,-0.001
5142505927,5142505688,0.0,0.0,-0.001
5142509665,5142509434,0.0,0.0,-0.001
5142517152,5142516925,0.0,0.0,-0.001
5142520946,5142520672,0.0,0.0,-0.001
5142527142,5142526912,0.0,0.0,-0.001
5142530887,5142530657,0.0,0.0,-0.001
5142534632,5142534403,0.0,0.0,-0.001
5142543376,5142543142,0.0,0.0,-0.001
5142544624,5142544390,0.0,0.0,-0.001
5142553368,5142553129,0.0,0.0,-0.001
5142555862,5142555627,0.0,0.0,-0.001
5142563351,5142563119,0.0,0.0,-0.001
5142565847,5142565613,0.0,0.0,-0.001
5142569587,5142569359,0.0,0.0,-0.001
5142575837,5142575601,0.0,0.0,-0.001
5142579572,5142579347,0.0,0.0,-0.001
5142587069,5142586837,0.0,0.0,-0.001
5142590809,5142590582,0.0,0.0,-0.001
5142597059,5142596824,0.0,0.0,-0.001
5142600798,5142600570,0.0,0.0,-0.001
5142604551,5142604316,0.0,0.0,-0.001
5142610791,5142610557,0.0,0.0,-0.001
5142614551,5142614303,0.0,0.0,-0.001
5142623277,5142623042,0.0,0.0,-0.001
5142625777,5142625539,0.0,0.0,-0.001
5142633272,5142633030,0.0,0.0,-0.001
5142635752,5142635526,0.0,0.0,-0.001
5142639499,5142639272,0.0,0.0,-0.001
5142647002,5142646762,0.0,0.0,-0.001
5142649486,5142649259,0.0,0.0,-0.001
5142656993,5142656749,0.0,0.0,-0.001
5142660725,5142660495,0.0,0.0,-0.001
5142664501,5142664240,0.0,0.0,-0.001
5142670712,5142670482,0.0,0.0,-0.001
5142674466,5142674229,0.0,0.0,-0.001
5142683206,5142682975,0.0,0.0,-0.001
5142684463,5142684217,0.0,0.0,-0.001
5142693189,5142692954,0.0,0.0,-0.001
5142695679,5142695451,0.0,0.0,-0.001
5142703179,5142702942,0.0,0.0,-0.001
5142705670,5142705439,0.0,0.0,-0.001
5142709417,5142709184,0.0,0.0,-0.001
5142716911,5142716674,0.0,0.0,-0.001
5142719400,5142719171,0.0,0.0,-0.001
5142726896,5142726662,0.0,0.0,-0.001
5142730650,5142730408,0.0,0.0,-0.001
5142736881,5142736649,0.0,0.0,-0.001
5142740627,5142740395,0.0,0.0,-0.001
5142744372,5142744141,0.0,0.0,-0.001
5142753117,5142752879,0.0,0.0,-0.001
5142754363,5142754128,0.0,0.0,-0.001
5142763145,5142762867,0.0,0.0,-0.001
5142765592,5142765364,0.0,0.0,-0.001
5142773094,5142772854,0.0,0.0,-0.001
5142775586,5142775351,0.0,0.0,-0.001
5142779324,5142779096,0.0,0.0,-0.001
5142786817,5142786587,0.0,0.0,-0.001
5142789317,5142789084,0.0,0.0,-0.001
5142796801,5142796574,0.0,0.0,-0.001
5142800545,5142800320,0.0,0.0,-0.001
5142806795,5142806562,0.0,0.0,-0.001
5142810541,5142810307,0.0,0.0,-0.001
5142814308,5142814059,0.0,0.0,-0.001
5142823037,5142822793,0.0,0.0,-0.001
5142824279,5142824040,0.0,0.0,-0.001
5142833011,5142832779,0.0,0.0,-0.001
5142835511,5142835276,0.0,0.0,-0.001
5142843006,5142842767,0.0,0.0,-0.001
5142845493,5142845263,0.0,0.0,-0.001
5142849239,5142849009,0.0,0.0,-0.001
5142856745,5142856500,0.0,0.0,-0.001
5142860486,5142860245,0.0,0.0,-0.001
5142866717,5142866487,0.0,0.0,-0.001
5142870474,5142870234,0.0,0.0,-0.001
5142877963,5142877723,0.0,0.0,-0.001
5142880474,5142880220,0.0,0.0,-0.001
5142884195,5142883965,0.0,0.0,-0.001
5142892943,5142892705,0.0,0.0,-0.001
5142895438,5142895201,0.0,0.0,-0.001
5142902927,5142902694,0.0,0.0,-0.001
5142905419,5142905189,0.0,0.0,-0.001
5142912921,5142912679,0.0,0.0,-0.001
5142915411,5142915179,0.0,0.0,-0.001
5142919165,5142918926,0.0,0.0,-0.001
5142926640,5142926412,0.0,0.0,-0.001
5142930396,5142930158,0.0,0.0,-0.001
5142936629,5142936399,0.0,0.0,-0.001
5142940384,5142940145,0.0,0.0,-0.001
5142947894,5142947635,0.0,0.0,-0.001
5142950378,5142950133,0.0,0.0,-0.001
5142954110,5142953878,0.0,0.0,-0.001
5142962854,5142962617,0.0,0.0,-0.001
5142965347,5142965114,0.0,0.0,-0.001
5142972838,5142972605,0.0,0.0,-0.001
5142975329,5142975101,0.0,0.0,-0.001
5142982838,5142982593,0.0,0.0,-0.001
5142985322,5142985089,0.0,0.0,-0.001
5142989064,5142988834,0.0,0.0,-0.001
5142996553,5142996324,0.0,0.0,-0.001
5143000311,5143000070,0.0,0.0,-0.001
5143006542,5143006312,0.0,0.0,-0.001
5143010296,5143010058,0.0,0.0,-0.001
5143017781,5143017548,0.0,0.0,-0.001
5143020282,5143020045,0.0,0.0,-0.001
5143024033,5143023790,0.0,0.0,-0.001
5143032761,5143032529,0.0,0.0,-0.001
5143035259,5143035026,0.0,0.0,-0.001
5143042759,5143042526,0.0,0.0,-0.001
5143045246,5143045014,0.0,0.0,-0.001
5143052742,5143052504,0.0,0.0,-0.001
5143056496,5143056261,0.0,0.0,-0.001
5143058974,5143058747,0.0,0.0,-0.001
5143066466,5143066237,0.0,0.0,-0.001
5143070215,5143069982,0.0,0.0,-0.001
5143076460,5143076224,0.0,0.0,-0.001
5143080205,5143079970,0.0,0.0,-0.001
5143087690,5143087460,0.0,0.0,-0.001
5143092688,5143092455,0.0,0.0,-0.001
5143093935,5143093703,0.0,0.0,-0.001
5143102676,5143102442,0.0,0.0,-0.001
5143105174,5143104939,0.0,0.0,-0.001
5143112669,5143112430,0.0,0.0,-0.001
5143115156,5143114926,0.0,0.0,-0.001
5143122660,5143122417,0.0,0.0,-0.001
5143126401,5143126162,0.0,0.0,-0.001
5143128885,5143128659,0.0,0.0,-0.001
5143136385,5143136150,0.0,0.0,-0.001
5143140130,5143139895,0.0,0.0,-0.001
5143146368,5143146138,0.0,0.0,-0.001
5143150118,5143149882,0.0,0.0,-0.001
5143157610,5143157373,0.0,0.0,-0.001
5143162602,5143162367,0.0,0.0,-0.001
5143163846,5143163616,0.0,0.0,-0.001
5143172602,5143172354,0.0,0.0,-0.001
5143175086,5143174851,0.0,0.0,-0.001
5143182576,5143182342,0.0,0.0,-0.001
5143185080,5143184839,0.0,0.0,-0.001
5143192561,5143192330,0.0,0.0,-0.001
5143196325,5143196075,0.0,0.0,-0.001
5143198800,5143198571,0.0,0.0,-0.001
5143206307,5143206062,0.0,0.0,-0.001
5143210046,5143209807,0.0,0.0,-0.001
5143216338,5143216054,0.0,0.0,-0.001
5143220032,5143219795,0.0,0.0,-0.001
5143227521,5143227286,0.0,0.0,-0.001
5143232517,5143232279,0.0,0.0,-0.001
5143235005,5143234776,0.0,0.0,-0.001
5143241248,5143241018,0.0,0.0,-0.001
5143244993,5143244763,0.0,0.0,-0.001
5143252505,5143252254,0.0,0.0,-0.001
5143254984,5143254751,0.0,0.0,-0.001
5143262479,5143262242,0.0,0.0,-0.001
5143266215,5143265987,0.0,0.0,-0.001
5143269971,5143269733,0.0,0.0,-0.001
5143276214,5143275975,0.0,0.0,-0.001
5143279952,5143279720,0.0,0.0,-0.001
5143287457,5143287211,0.0,0.0,-0.001
5143289940,5143289707,0.0,0.0,-0.001
5143297431,5143297199,0.0,0.0,-0.001
5143302432,5143302192,0.0,0.0,-0.001
5143304922,5143304688,0.0,0.0,-0.001
5143312414,5143312179,0.0,0.0,-0.001
5143314907,5143314679,0.0,0.0,-0.001
5143322413,5143322167,0.0,0.0,-0.001
5143324899,5143324663,0.0,0.0,-0.001
5143332395,5143332161,0.0,0.0,-0.001
5143336125,5143335900,0.0,0.0,-0.001
5143339886,5143339645,0.0,0.0,-0.001
5143346115,5143345887,0.0,0.0,-0.001
5143349861,5143349632,0.0,0.0,-0.001
5143357357,5143357123,0.0,0.0,-0.001
5143359849,5143359620,0.0,0.0,-0.001
5143367347,5143367111,0.0,0.0,-0.001
5143372336,5143372104,0.0,0.0,-0.001
5143374841,5143374608,0.0,0.0,-0.001
5143382325,5143382092,0.0,0.0,-0.001
5143384825,5143384589,0.0,0.0,-0.001
5143392319,5143392081,0.0,0.0,-0.001
5143394801,5143394576,0.0,0.0,-0.001
5143402308,5143402067,0.0,0.0,-0.001
5143406046,5143405812,0.0,0.0,-0.001
5143409787,5143409558,0.0,0.0,-0.001
5143416027,5143415800,0.0,0.0,-0.001
5143419772,5143419545,0.0,0.0,-0.001
5143427274,5143427035,0.0,0.0,-0.001
5143429768,5143429532,0.0,0.0,-0.001
5143437262,5143437023,0.0,0.0,-0.001
5143442264,5143442017,0.0,0.0,-0.001
5143444738,5143444514,0.0,0.0,-0.001
5143452248,5143452005,0.0,0.0,-0.001
5143454730,5143454501,0.0,0.0,-0.001
5143462245,5143462000,0.0,0.0,-0.001
5143465976,5143465737,0.0,0.0,-0.001
5143472213,5143471980,0.0,0.0,-0.001
5143475954,5143475724,0.0,0.0,-0.001
5143479699,5143479470,0.0,0.0,-0.001
5143485940,5143485713,0.0,0.0,-0.001
5143489690,5143489457,0.0,0.0,-0.001
5143497181,5143496948,0.0,0.0,-0.001
5143502174,5143501945,0.0,0.0,-0.001
5143507187,5143506936,0.0,0.0,-0.001
5143512163,5143511929,0.0,0.0,-0.001
5143514654,5143514426,0.0,0.0,-0.001
5143523399,5143523166,0.0,0.0,-0.001
5143524647,5143524414,0.0,0.0,-0.001
5143532136,5143531905,0.0,0.0,-0.001
5143535880,5143535649,0.0,0.0,-0.001
5143542125,5143541892,0.0,0.0,-0.001
5143545862,5143545637,0.0,0.0,-0.001
5143549657,5143549383,0.0,0.0,-0.001
5143555853,5143555624,0.0,0.0,-0.001
5143559601,5143559370,0.0,0.0,-0.001
5143567094,5143566861,0.0,0.0,-0.001
5143572099,5143571855,0.0,0.0,-0.001
5143577088,5143576848,0.0,0.0,-0.001
5143580850,5143580593,0.0,0.0,-0.001
5143584567,5143584338,0.0,0.0,-0.001
5143593316,5143593078,0.0,0.0,-0.001
5143594566,5143594332,0.0,0.0,-0.001
5143602068,5143601825,0.0,0.0,-0.001
5143605792,5143605562,0.0,0.0,-0.001
5143612066,5143611805,0.0,0.0,-0.001
5143615780,5143615550,0.0,0.0,-0.001
5143619522,5143619295,0.0,0.0,-0.001
5143625766,5143625537,0.0,0.0,-0.001
5143629516,5143629283,0.0,0.0,-0.001
5143637006,5143636773,0.0,0.0,-0.001
5143642000,5143641767,0.0,0.0,-0.001
5143646999,5143646760,0.0,0.0,-0.001
5143651989,5143651755,0.0,0.0,-0.001
5143654485,5143654252,0.0,0.0,-0.001
5143661976,5143661742,0.0,0.0,-0.001
5143664481,5143664238,0.0,0.0,-0.001
5143673209,5143672979,0.0,0.0,-0.001
5143675705,5143675474,0.0,0.0,-0.001
5143681948,5143681718,0.0,0.0,-0.001
5143685695,5143685462,0.0,0.0,-0.001
5143689443,5143689208,0.0,0.0,-0.001
5143696952,5143696698,0.0,0.0,-0.001
5143699426,5143699195,0.0,0.0,-0.001
5143706923,5143706685,0.0,0.0,-0.001
5143710673,5143710432,0.0,0.0,-0.001
5143716905,5143716673,0.0,0.0,-0.001
5143721901,5143721667,0.0,0.0,-0.001
5143724392,5143724163,0.0,0.0,-0.001
5143731898,5143731655,0.0,0.0,-0.001
5143734385,5143734151,0.0,0.0,-0.001
5143741884,5143741642,0.0,0.0,-0.001
5143745614,5143745387,0.0,0.0,-0.001
5143751864,5143751630,0.0,0.0,-0.001
5143755609,5143755375,0.0,0.0,-0.001
5143759358,5143759120,0.0,0.0,-0.001
5143766840,5143766610,0.0,0.0,-0.001
5143769351,5143769108,0.0,0.0,-0.001
5143776835,5143776598,0.0,0.0,-0.001
5143780571,5143780343,0.0,0.0,-0.001
5143786818,5143786586,0.0,0.0,-0.001
5143791858,5143791579,0.0,0.0,-0.001
5143794312,5143794076,0.0,0.0,-0.001
5143801801,5143801567,0.0,0.0,-0.001
5143804298,5143804063,0.0,0.0,-0.001
5143811809,5143811555,0.0,0.0,-0.001
5143815529,5143815300,0.0,0.0,-0.001
5143823052,5143822790,0.0,0.0,-0.001
5143825514,5143825287,0.0,0.0,-0.001
5143829274,5143829032,0.0,0.0,-0.001
5143836764,5143836523,0.0,0.0,-0.001
5143841752,5143841517,0.0,0.0,-0.001
5143846748,5143846511,0.0,0.0,-0.001
5143851738,5143851504,0.0,0.0,-0.001
5143857973,5143857746,0.0,0.0,-0.001
5143860477,5143860243,0.0,0.0,-0.001
5143864219,5143863989,0.0,0.0,-0.001
5143871719,5143871486,0.0,0.0,-0.001
5143875461,5143875225,0.0,0.0,-0.001
5143881697,5143881467,0.0,0.0,-0.001
5143885464,5143885213,0.0,0.0,-0.001
5143892941,5143892703,0.0,0.0,-0.001
5143895427,5143895199,0.0,0.0,-0.001
5143899173,5143898945,0.0,0.0,-0.001
5143906669,5143906436,0.0,0.0,-0.001
5143911670,5143911430,0.0,0.0,-0.001
5143916661,5143916423,0.0,0.0,-0.001
5143921650,5143921419,0.0,0.0,-0.001
5143927893,5143927659,0.0,0.0,-0.001
5143931642,5143931404,0.0,0.0,-0.001
5143934133,5143933901,0.0,0.0,-0.001
5143941632,5143941394,0.0,0.0,-0.001
5143945373,5143945137,0.0,0.0,-0.001
5143951614,5143951379,0.0,0.0,-0.001
5143955356,5143955125,0.0,0.0,-0.001
5143962853,5143962615,0.0,0.0,-0.001
5143965343,5143965112,0.0,0.0,-0.001
5143969091,5143968857,0.0,0.0,-0.001
5143976581,5143976348,0.0,0.0,-0.001
5143980337,5143980094,0.0,0.0,-0.001
5143986572,5143986336,0.0,0.0,-0.001
5143991565,5143991330,0.0,0.0,-0.001
5143997801,5143997571,0.0,0.0,-0.001
5144001554,5144001317,0.0,0.0,-0.001
5144004046,5144003813,0.0,0.0,-0.001
5144011544,5144011304,0.0,0.0,-0.001
5144015282,5144015049,0.0,0.0,-0.001
5144021532,5144021292,0.0,0.0,-0.001
5144025273,5144025037,0.0,0.0,-0.001
5144032764,5144032528,0.0,0.0,-0.001
5144035266,5144035026,0.0,0.0,-0.001
5144039001,5144038770,0.0,0.0,-0.001
5144046502,5144046265,0.0,0.0,-0.001
5144051493,5144051255,0.0,0.0,-0.001
5144056484,5144056248,0.0,0.0,-0.001
5144061483,5144061242,0.0,0.0,-0.001
5144067710,5144067484,0.0,0.0,-0.001
5144071466,5144071229,0.0,0.0,-0.001
5144073957,5144073726,0.0,0.0,-0.001
5144081450,5144081218,0.0,0.0,-0.001
5144085189,5144084962,0.0,0.0,-0.001
5144091440,5144091205,0.0,0.0,-0.001
5144095178,5144094949,0.0,0.0,-0.001
5144102669,5144102440,0.0,0.0,-0.001
5144106428,5144106186,0.0,0.0,-0.001
5144108919,5144108682,0.0,0.0,-0.001
5144116407,5144116173,0.0,0.0,-0.001
5144120153,5144119918,0.0,0.0,-0.001
5144126393,5144126161,0.0,0.0,-0.001
5144131392,5144131156,0.0,0.0,-0.001
5144137624,5144137397,0.0,0.0,-0.001
5144141377,5144141142,0.0,0.0,-0.001
5144143872,5144143639,0.0,0.0,-0.001
5144151363,5144151130,0.0,0.0,-0.001
5144155107,5144154874,0.0,0.0,-0.001
5144161350,5144161117,0.0,0.0,-0.001
5144165097,5144164862,0.0,0.0,-0.001
5144172588,5144172353,0.0,0.0,-0.001
5144176330,5144176098,0.0,0.0,-0.001
5144178828,5144178595,0.0,0.0,-0.001
5144186320,5144186086,0.0,0.0,-0.001
5144191322,5144191079,0.0,0.0,-0.001
5144196317,5144196073,0.0,0.0,-0.001
5144201307,5144201067,0.0,0.0,-0.001
5144207537,5144207309,0.0,0.0,-0.001
5144211295,5144211054,0.0,0.0,-0.001
5144213785,5144213551,0.0,0.0,-0.001
5144221314,5144221042,0.0,0.0,-0.001
5144225014,5144224787,0.0,0.0,-0.001
5144232509,5144232278,0.0,0.0,-0.001
5144235002,5144234774,0.0,0.0,-0.001
5144242507,5144242265,0.0,0.0,-0.001
5144246267,5144246011,0.0,0.0,-0.001
5144251239,5144251004,0.0,0.0,-0.001
5144256232,5144255998,0.0,0.0,-0.001
5144261225,5144260992,0.0,0.0,-0.001
5144267468,5144267234,0.0,0.0,-0.001
5144269962,5144269731,0.0,0.0,-0.001
5144277454,5144277222,0.0,0.0,-0.001
5144281198,5144280967,0.0,0.0,-0.001
5144284960,5144284712,0.0,0.0,-0.001
5144291195,5144290955,0.0,0.0,-0.001
5144294926,5144294700,0.0,0.0,-0.001
5144302429,5144302191,0.0,0.0,-0.001
5144304923,5144304687,0.0,0.0,-0.001
5144312409,5144312178,0.0,0.0,-0.001
5144316158,5144315923,0.0,0.0,-0.001
5144319902,5144319668,0.0,0.0,-0.001
5144326144,5144325911,0.0,0.0,-0.001
5144331138,5144330904,0.0,0.0,-0.001
5144337373,5144337146,0.0,0.0,-0.001
5144341133,5144340897,0.0,0.0,-0.001
5144347367,5144347134,0.0,0.0,-0.001
5144351114,5144350879,0.0,0.0,-0.001
5144354850,5144354625,0.0,0.0,-0.001
5144361098,5144360867,0.0,0.0,-0.001
5144364842,5144364612,0.0,0.0,-0.001
5144372355,5144372103,0.0,0.0,-0.001
5144374832,5144374599,0.0,0.0,-0.001
5144382319,5144382090,0.0,0.0,-0.001
5144386071,5144385835,0.0,0.0,-0.001
5144391069,5144390834,0.0,0.0,-0.001
5144396059,5144395823,0.0,0.0,-0.001
5144399793,5144399568,0.0,0.0,-0.001
5144407305,5144407059,0.0,0.0,-0.001
5144412296,5144412053,0.0,0.0,-0.001
5144417286,5144417047,0.0,0.0,-0.001
5144421026,5144420792,0.0,0.0,-0.001
5144424767,5144424537,0.0,0.0,-0.001
5144431012,5144430779,0.0,0.0,-0.001
5144434759,5144434525,0.0,0.0,-0.001
5144442264,5144442016,0.0,0.0,-0.001
5144446005,5144445761,0.0,0.0,-0.001
5144452240,5144452003,0.0,0.0,-0.001
5144455980,5144455748,0.0,0.0,-0.001
5144461038,5144460749,0.0,0.0,-0.001
5144465974,5144465736,0.0,0.0,-0.001
5144470962,5144470729,0.0,0.0,-0.001
5144477208,5144476971,0.0,0.0,-0.001
5144480965,5144480717,0.0,0.0,-0.001
5144487187,5144486959,0.0,0.0,-0.001
5144490937,5144490704,0.0,0.0,-0.001
5144494679,5144494449,0.0,0.0,-0.001
5144500942,5144500692,0.0,0.0,-0.001
5144504665,5144504437,0.0,0.0,-0.001
5144512154,5144511928,0.0,0.0,-0.001
5144515913,5144515673,0.0,0.0,-0.001
5144522147,5144521916,0.0,0.0,-0.001
5144525893,5144525660,0.0,0.0,-0.001
5144529641,5144529411,0.0,0.0,-0.001
5144535879,5144535648,0.0,0.0,-0.001
5144540876,5144540642,0.0,0.0,-0.001
5144547112,5144546884,0.0,0.0,-0.001
5144550864,5144550629,0.0,0.0,-0.001
5144557097,5144556871,0.0,0.0,-0.001
5144560848,5144560617,0.0,0.0,-0.001
5144564600,5144564362,0.0,0.0,-0.001
5144570840,5144570605,0.0,0.0,-0.001
5144574585,5144574349,0.0,0.0,-0.001
5144582092,5144581840,0.0,0.0,-0.001
5144585846,5144585586,0.0,0.0,-0.001
5144592077,5144591828,0.0,0.0,-0.001
5144595807,5144595573,0.0,0.0,-0.001
5144600800,5144600567,0.0,0.0,-0.001
5144605799,5144605561,0.0,0.0,-0.001
5144610790,5144610554,0.0,0.0,-0.001
5144617040,5144616797,0.0,0.0,-0.001
5144620776,5144620542,0.0,0.0,-0.001
5144627014,5144626784,0.0,0.0,-0.001
5144630773,5144630530,0.0,0.0,-0.001
5144634505,5144634275,0.0,0.0,-0.001
5144641998,5144641765,0.0,0.0,-0.001
5144644491,5144644262,0.0,0.0,-0.001
5144651985,5144651753,0.0,0.0,-0.001
5144655728,5144655498,0.0,0.0,-0.001
5144660728,5144660492,0.0,0.0,-0.001
5144665722,5144665486,0.0,0.0,-0.001
5144669462,5144669231,0.0,0.0,-0.001
5144676963,5144676721,0.0,0.0,-0.001
5144680703,5144680467,0.0,0.0,-0.001
5144686936,5144686709,0.0,0.0,-0.001
5144690690,5144690455,0.0,0.0,-0.001
5144694439,5144694200,0.0,0.0,-0.001
5144700675,5144700443,0.0,0.0,-0.001
5144704424,5144704188,0.0,0.0,-0.001
5144711924,5144711678,0.0,0.0,-0.001
5144714410,5144714178,0.0,0.0,-0.001
5144721895,5144721665,0.0,0.0,-0.001
5144725651,5144725415,0.0,0.0,-0.001
5144730639,5144730405,0.0,0.0,-0.001
5144735639,5144735398,0.0,0.0,-0.001
5144739378,5144739143,0.0,0.0,-0.001
5144746877,5144746634,0.0,0.0,-0.001
5144750627,5144750387,0.0,0.0,-0.001
5144756858,5144756621,0.0,0.0,-0.001
5144760604,5144760367,0.0,0.0,-0.001
5144764346,5144764116,0.0,0.0,-0.001
5144770588,5144770355,0.0,0.0,-0.001
5144774330,5144774100,0.0,0.0,-0.001
5144781819,5144781590,0.0,0.0,-0.001
5144784323,5144784087,0.0,0.0,-0.001
5144791815,5144791578,0.0,0.0,-0.001
5144795566,5144795323,0.0,0.0,-0.001
5144800551,5144800317,0.0,0.0,-0.001
5144805541,5144805311,0.0,0.0,-0.001
5144810548,5144810305,0.0,0.0,-0.001
5144816775,5144816546,0.0,0.0,-0.001
5144820535,5144820292,0.0,0.0,-0.001
5144826760,5144826534,0.0,0.0,-0.001
5144830511,5144830280,0.0,0.0,-0.001
5144834270,5144834028,0.0,0.0,-0.001
5144840502,5144840267,0.0,0.0,-0.001
5144844245,5144844012,0.0,0.0,-0.001
5144851742,5144851503,0.0,0.0,-0.001
5144855502,5144855248,0.0,0.0,-0.001
5144861722,5144861490,0.0,0.0,-0.001
5144865479,5144865236,0.0,0.0,-0.001
5144870470,5144870230,0.0,0.0,-0.001
5144875465,5144875224,0.0,0.0,-0.001
5144879197,5144878969,0.0,0.0,-0.001
5144886688,5144886459,0.0,0.0,-0.001
5144890478,5144890206,0.0,0.0,-0.001
5144896674,5144896446,0.0,0.0,-0.001
5144900427,5144900192,0.0,0.0,-0.001
5144904167,5144903937,0.0,0.0,-0.001
5144910418,5144910179,0.0,0.0,-0.001
5144914164,5144913925,0.0,0.0,-0.001
5144921681,5144921415,0.0,0.0,-0.001
5144925404,5144925161,0.0,0.0,-0.001
5144931633,5144931403,0.0,0.0,-0.001
5144935382,5144935148,0.0,0.0,-0.001
5144940376,5144940142,0.0,0.0,-0.001
5144945376,5144945136,0.0,0.0,-0.001
5144950364,5144950130,0.0,0.0,-0.001
5144956608,5144956371,0.0,0.0,-0.001
5144960349,5144960117,0.0,0.0,-0.001
5144966587,5144966359,0.0,0.0,-0.001
5144970340,5144970104,0.0,0.0,-0.001
5144977823,5144977595,0.0,0.0,-0.001
5144980325,5144980093,0.0,0.0,-0.001
5144984079,5144983837,0.0,0.0,-0.001
5144991565,5144991328,0.0,0.0,-0.001
5144995328,5144995073,0.0,0.0,-0.001
5145001551,5145001316,0.0,0.0,-0.001
5145005324,5145005061,0.0,0.0,-0.001
5145010294,5145010054,0.0,0.0,-0.001
5145016531,5145016296,0.0,0.0,-0.001
5145020281,5145020042,0.0,0.0,-0.001
5145026513,5145026284,0.0,0.0,-0.001
5145030277,5145030029,0.0,0.0,-0.001
5145036508,5145036272,0.0,0.0,-0.001
5145040275,5145040027,0.0,0.0,-0.001
5145047739,5145047507,0.0,0.0,-0.001
5145051487,5145051255,0.0,0.0,-0.001
5145053984,5145053750,0.0,0.0,-0.001
5145061478,5145061241,0.0,0.0,-0.001
5145065223,5145064986,0.0,0.0,-0.001
5145070264,5145069979,0.0,0.0,-0.001
5145075208,5145074973,0.0,0.0,-0.001
5145080201,5145079971,0.0,0.0,-0.001
5145086448,5145086209,0.0,0.0,-0.001
5145090187,5145089954,0.0,0.0,-0.001
5145096427,5145096197,0.0,0.0,-0.001
5145100174,5145099942,0.0,0.0,-0.001
5145106416,5145106184,0.0,0.0,-0.001
5145110163,5145109929,0.0,0.0,-0.001
5145117654,5145117420,0.0,0.0,-0.001
5145121410,5145121165,0.0,0.0,-0.001
5145123901,5145123669,0.0,0.0,-0.001
5145131389,5145131153,0.0,0.0,-0.001
5145135134,5145134899,0.0,0.0,-0.001
5145140125,5145139893,0.0,0.0,-0.001
5145145138,5145144886,0.0,0.0,-0.001
5145150113,5145149880,0.0,0.0,-0.001
5145156355,5145156122,0.0,0.0,-0.001
5145160109,5145159867,0.0,0.0,-0.001
5145166340,5145166109,0.0,0.0,-0.001
5145170100,5145169855,0.0,0.0,-0.001
5145176330,5145176097,0.0,0.0,-0.001
5145180076,5145179842,0.0,0.0,-0.001
5145187567,5145187333,0.0,0.0,-0.001
5145191317,5145191078,0.0,0.0,-0.001
5145193807,5145193576,0.0,0.0,-0.001
5145201296,5145201065,0.0,0.0,-0.001
5145205055,5145204815,0.0,0.0,-0.001
5145210039,5145209805,0.0,0.0,-0.001
5145215034,5145214798,0.0,0.0,-0.001
5145220027,5145219792,0.0,0.0,-0.001
5145226275,5145226034,0.0,0.0,-0.001
5145230016,5145229781,0.0,0.0,-0.001
5145236265,5145236028,0.0,0.0,-0.001
5145240000,5145239767,0.0,0.0,-0.001
5145247502,5145247268,0.0,0.0,-0.001
5145250044,5145249758,0.0,0.0,-0.001
5145257479,5145257247,0.0,0.0,-0.001
5145261223,5145260991,0.0,0.0,-0.001
5145264982,5145264736,0.0,0.0,-0.001
5145271211,5145270978,0.0,0.0,-0.001
5145274958,5145274724,0.0,0.0,-0.001
5145278696,5145278468,0.0,0.0,-0.001
5145284957,5145284711,0.0,0.0,-0.001
5145289941,5145289705,0.0,0.0,-0.001
5145296176,5145295947,0.0,0.0,-0.001
5145299935,5145299692,0.0,0.0,-0.001
5145306176,5145305934,0.0,0.0,-0.001
5145311161,5145310928,0.0,0.0,-0.001
5145317410,5145317170,0.0,0.0,-0.001
5145319906,5145319667,0.0,0.0,-0.001
5145327393,5145327158,0.0,0.0,-0.001
5145331149,5145330903,0.0,0.0,-0.001
5145334887,5145334648,0.0,0.0,-0.001
5145341129,5145340891,0.0,0.0,-0.001
5145344873,5145344636,0.0,0.0,-0.001
5145348612,5145348381,0.0,0.0,-0.001
5145354858,5145354623,0.0,0.0,-0.001
5145359851,5145359617,0.0,0.0,-0.001
5145366085,5145365859,0.0,0.0,-0.001
5145369838,5145369605,0.0,0.0,-0.001
5145376091,5145375847,0.0,0.0,-0.001
5145379825,5145379592,0.0,0.0,-0.001
5145387313,5145387082,0.0,0.0,-0.001
5145389818,5145389586,0.0,0.0,-0.001
5145397335,5145397070,0.0,0.0,-0.001
5145401048,5145400815,0.0,0.0,-0.001
5145404796,5145404561,0.0,0.0,-0.001
5145411034,5145410803,0.0,0.0,-0.001
5145414784,5145414548,0.0,0.0,-0.001
5145419772,5145419542,0.0,0.0,-0.001
5145426019,5145425784,0.0,0.0,-0.001
5145428507,5145428281,0.0,0.0,-0.001
5145435996,5145435771,0.0,0.0,-0.001
5145439754,5145439517,0.0,0.0,-0.001
5145445991,5145445759,0.0,0.0,-0.001
5145449738,5145449505,0.0,0.0,-0.001
5145457226,5145456995,0.0,0.0,-0.001
5145461030,5145460746,0.0,0.0,-0.001
5145467209,5145466983,0.0,0.0,-0.001
5145470955,5145470728,0.0,0.0,-0.001
5145474708,5145474473,0.0,0.0,-0.001
5145479699,5145479467,0.0,0.0,-0.001
5145484697,5145484461,0.0,0.0,-0.001
5145489691,5145489455,0.0,0.0,-0.001
5145495934,5145495696,0.0,0.0,-0.001
5145499676,5145499444,0.0,0.0,-0.001
5145505923,5145505689,0.0,0.0,-0.001
5145509665,5145509430,0.0,0.0,-0.001
5145515898,5145515671,0.0,0.0,-0.001
5145519655,5145519417,0.0,0.0,-0.001
5145527135,5145526907,0.0,0.0,-0.001
5145530881,5145530653,0.0,0.0,-0.001
5145537129,5145536895,0.0,0.0,-0.001
5145540889,5145540645,0.0,0.0,-0.001
5145544632,5145544386,0.0,0.0,-0.001
5145549620,5145549380,0.0,0.0,-0.001
5145554635,5145554373,0.0,0.0,-0.001
5145559602,5145559367,0.0,0.0,-0.001
5145565839,5145565609,0.0,0.0,-0.001
5145569589,5145569355,0.0,0.0,-0.001
5145575826,5145575597,0.0,0.0,-0.001
5145579574,5145579342,0.0,0.0,-0.001
5145585825,5145585584,0.0,0.0,-0.001
5145589567,5145589330,0.0,0.0,-0.001
5145597050,5145596820,0.0,0.0,-0.001
5145600803,5145600565,0.0,0.0,-0.001
5145607059,5145606807,0.0,0.0,-0.001
5145610784,5145610553,0.0,0.0,-0.001
5145614568,5145614300,0.0,0.0,-0.001
5145619526,5145619292,0.0,0.0,-0.001
5145624521,5145624286,0.0,0.0,-0.001
5145629512,5145629280,0.0,0.0,-0.001
5145635749,5145635521,0.0,0.0,-0.001
5145639502,5145639267,0.0,0.0,-0.001
5145645765,5145645509,0.0,0.0,-0.001
5145649496,5145649260,0.0,0.0,-0.001
5145656984,5145656745,0.0,0.0,-0.001
5145659487,5145659242,0.0,0.0,-0.001
5145666957,5145666732,0.0,0.0,-0.001
5145670710,5145670478,0.0,0.0,-0.001
5145674466,5145674223,0.0,0.0,-0.001
5145680699,5145680466,0.0,0.0,-0.001
5145684446,5145684214,0.0,0.0,-0.001
5145689440,5145689205,0.0,0.0,-0.001
5145694430,5145694198,0.0,0.0,-0.001
5145699432,5145699192,0.0,0.0,-0.001
5145705671,5145705434,0.0,0.0,-0.001
5145709425,5145709180,0.0,0.0,-0.001
5145715648,5145715422,0.0,0.0,-0.001
5145719404,5145719167,0.0,0.0,-0.001
5145726896,5145726657,0.0,0.0,-0.001
5145729396,5145729155,0.0,0.0,-0.001
5145736883,5145736645,0.0,0.0,-0.001
5145740630,5145740392,0.0,0.0,-0.001
5145746860,5145746633,0.0,0.0,-0.001
5145750613,5145750378,0.0,0.0,-0.001
5145754355,5145754123,0.0,0.0,-0.001
5145759354,5145759117,0.0,0.0,-0.001
5145764352,5145764112,0.0,0.0,-0.001
5145769340,5145769105,0.0,0.0,-0.001
5145775577,5145775347,0.0,0.0,-0.001
5145781820,5145781589,0.0,0.0,-0.001
5145785565,5145785334,0.0,0.0,-0.001
5145789319,5145789080,0.0,0.0,-0.001
5145796802,5145796570,0.0,0.0,-0.001
5145799312,5145799067,0.0,0.0,-0.001
5145806790,5145806558,0.0,0.0,-0.001
5145810543,5145810303,0.0,0.0,-0.001
5145819281,5145819042,0.0,0.0,-0.001
5145820524,5145820291,0.0,0.0,-0.001
5145824287,5145824036,0.0,0.0,-0.001
5145829278,5145829029,0.0,0.0,-0.001
5145835505,5145835272,0.0,0.0,-0.001
5145841745,5145841514,0.0,0.0,-0.001
5145845492,5145845259,0.0,0.0,-0.001
5145849263,5145849011,0.0,0.0,-0.001
5145855488,5145855247,0.0,0.0,-0.001
5145859228,5145858992,0.0,0.0,-0.001
5145866716,5145866483,0.0,0.0,-0.001
5145870478,5145870229,0.0,0.0,-0.001
5145876706,5145876470,0.0,0.0,-0.001
5145880451,5145880216,0.0,0.0,-0.001
5145887959,5145887712,0.0,0.0,-0.001
5145890434,5145890203,0.0,0.0,-0.001
5145894186,5145893948,0.0,0.0,-0.001
5145899181,5145898942,0.0,0.0,-0.001
5145905423,5145905184,0.0,0.0,-0.001
5145909166,5145908929,0.0,0.0,-0.001
5145915408,5145915172,0.0,0.0,-0.001
5145922900,5145922662,0.0,0.0,-0.001
5145925393,5145925159,0.0,0.0,-0.001
5145929149,5145928905,0.0,0.0,-0.001
5145936629,5145936395,0.0,0.0,-0.001
5145940371,5145940142,0.0,0.0,-0.001
5145946613,5145946382,0.0,0.0,-0.001
5145950371,5145950128,0.0,0.0,-0.001
5145957845,5145957619,0.0,0.0,-0.001
5145960349,5145960115,0.0,0.0,-0.001
5145964098,5145963861,0.0,0.0,-0.001
5145971592,5145971351,0.0,0.0,-0.001
5145975335,5145975097,0.0,0.0,-0.001
5145981573,5145981339,0.0,0.0,-0.001
5145985320,5145985085,0.0,0.0,-0.001
5145992806,5145992575,0.0,0.0,-0.001
5145995310,5145995072,0.0,0.0,-0.001
5145999054,5145998817,0.0,0.0,-0.001
5146006546,5146006308,0.0,0.0,-0.001
5146010295,5146010058,0.0,0.0,-0.001
5146016528,5146016295,0.0,0.0,-0.001
5146020285,5146020041,0.0,0.0,-0.001
5146027760,5146027531,0.0,0.0,-0.001
5146030281,5146030028,0.0,0.0,-0.001
5146034013,5146033773,0.0,0.0,-0.001
5146041496,5146041264,0.0,0.0,-0.001
5146045241,5146045009,0.0,0.0,-0.001
5146051479,5146051254,0.0,0.0,-0.001
5146055239,5146055007,0.0,0.0,-0.001
5146058973,5146058742,0.0,0.0,-0.001
5146066467,5146066232,0.0,0.0,-0.001
5146068975,5146068730,0.0,0.0,-0.001
5146076452,5146076220,0.0,0.0,-0.001
5146080205,5146079966,0.0,0.0,-0.001
5146086503,5146086213,0.0,0.0,-0.001
5146090184,5146089953,0.0,0.0,-0.001
5146098952,5146098692,0.0,0.0,-0.001
5146101485,5146101195,0.0,0.0,-0.001
5146103919,5146103686,0.0,0.0,-0.001
5146111404,5146111176,0.0,0.0,-0.001
5146115162,5146114922,0.0,0.0,-0.001
5146121409,5146121164,0.0,0.0,-0.001
5146125151,5146124909,0.0,0.0,-0.001
5146128886,5146128654,0.0,0.0,-0.001
5146136372,5146136145,0.0,0.0,-0.001
5146138937,5146138645,0.0,0.0,-0.001
5146146428,5146146135,0.0,0.0,-0.001
5146150112,5146149878,0.0,0.0,-0.001
5146156354,5146156121,0.0,0.0,-0.001
5146160100,5146159872,0.0,0.0,-0.001
5146168842,5146168606,0.0,0.0,-0.001
5146171334,5146171101,0.0,0.0,-0.001
5146175086,5146174847,0.0,0.0,-0.001
5146181316,5146181089,0.0,0.0,-0.001
5146185073,5146184834,0.0,0.0,-0.001
5146191360,5146191077,0.0,0.0,-0.001
5146195052,5146194822,0.0,0.0,-0.001
5146202547,5146202313,0.0,0.0,-0.001
5146206340,5146206058,0.0,0.0,-0.001
5146210039,5146209804,0.0,0.0,-0.001
5146216342,5146216050,0.0,0.0,-0.001
5146220023,5146219791,0.0,0.0,-0.001
5146226268,5146226032,0.0,0.0,-0.001
5146230030,5146229778,0.0,0.0,-0.001
5146238751,5146238517,0.0,0.0,-0.001
5146241257,5146241014,0.0,0.0,-0.001
5146244995,5146244759,0.0,0.0,-0.001
5146251277,5146251001,0.0,0.0,-0.001
5146254989,5146254747,0.0,0.0,-0.001
5146262471,5146262238,0.0,0.0,-0.001
5146264970,5146264734,0.0,0.0,-0.001
5146272473,5146272225,0.0,0.0,-0.001
5146276199,5146275970,0.0,0.0,-0.001
5146279959,5146279716,0.0,0.0,-0.001
5146286187,5146285958,0.0,0.0,-0.001
5146289939,5146289703,0.0,0.0,-0.001
5146297438,5146297194,0.0,0.0,-0.001
5146299921,5146299690,0.0,0.0,-0.001
5146308664,5146308430,0.0,0.0,-0.001
5146311199,5146310926,0.0,0.0,-0.001
5146314907,5146314672,0.0,0.0,-0.001
5146321148,5146320920,0.0,0.0,-0.001
5146324892,5146324659,0.0,0.0,-0.001
5146332379,5146332150,0.0,0.0,-0.001
5146334882,5146334647,0.0,0.0,-0.001
5146338631,5146338393,0.0,0.0,-0.001
5146346111,5146345883,0.0,0.0,-0.001
5146349861,5146349628,0.0,0.0,-0.001
5146356139,5146355870,0.0,0.0,-0.001
5146359849,5146359616,0.0,0.0,-0.001
5146368588,5146368355,0.0,0.0,-0.001
5146369834,5146369603,0.0,0.0,-0.001
5146377324,5146377093,0.0,0.0,-0.001
5146381069,5146380839,0.0,0.0,-0.001
5146384811,5146384584,0.0,0.0,-0.001
5146391054,5146390826,0.0,0.0,-0.001
5146394802,5146394572,0.0,0.0,-0.001
5146402298,5146402064,0.0,0.0,-0.001
5146406042,5146405808,0.0,0.0,-0.001
5146412289,5146412050,0.0,0.0,-0.001
5146416070,5146415795,0.0,0.0,-0.001
5146419778,5146419541,0.0,0.0,-0.001
5146426019,5146425783,0.0,0.0,-0.001
5146429769,5146429529,0.0,0.0,-0.001
5146438558,5146438267,0.0,0.0,-0.001
5146441002,5146440764,0.0,0.0,-0.001
5146448498,5146448259,0.0,0.0,-0.001
5146450979,5146450751,0.0,0.0,-0.001
5146454734,5146454497,0.0,0.0,-0.001
5146461011,5146460742,0.0,0.0,-0.001
5146464721,5146464484,0.0,0.0,-0.001
5146472202,5146471975,0.0,0.0,-0.001
5146475985,5146475722,0.0,0.0,-0.001
5146482187,5146481962,0.0,0.0,-0.001
5146485939,5146485708,0.0,0.0,-0.001
5146489727,5146489453,0.0,0.0,-0.001
5146495929,5146495695,0.0,0.0,-0.001
5146499676,5146499441,0.0,0.0,-0.001
5146508414,5146508179,0.0,0.0,-0.001
5146510908,5146510676,0.0,0.0,-0.001
5146518403,5146518167,0.0,0.0,-0.001
5146520984,5146520666,0.0,0.0,-0.001
5146524639,5146524409,0.0,0.0,-0.001
5146530882,5146530651,0.0,0.0,-0.001
5146534623,5146534397,0.0,0.0,-0.001
5146542116,5146541887,0.0,0.0,-0.001
5146545865,5146545633,0.0,0.0,-0.001
5146552128,5146551875,0.0,0.0,-0.001
5146555851,5146555620,0.0,0.0,-0.001
5146559596,5146559366,0.0,0.0,-0.001
5146565865,5146565608,0.0,0.0,-0.001
5146569589,5146569353,0.0,0.0,-0.001
5146578327,5146578092,0.0,0.0,-0.001
5146580845,5146580589,0.0,0.0,-0.001
5146587064,5146586831,0.0,0.0,-0.001
5146590804,5146590577,0.0,0.0,-0.001
5146594548,5146594322,0.0,0.0,-0.001
5146600792,5146600564,0.0,0.0,-0.001
5146604542,5146604309,0.0,0.0,-0.001
5146612047,5146611800,0.0,0.0,-0.001
5146615780,5146615545,0.0,0.0,-0.001
5146622042,5146621788,0.0,0.0,-0.001
5146625784,5146625533,0.0,0.0,-0.001
5146629515,5146629278,0.0,0.0,-0.001
5146637008,5146636769,0.0,0.0,-0.001
5146639503,5146639268,0.0,0.0,-0.001
5146648271,5146648005,0.0,0.0,-0.001
5146650728,5146650501,0.0,0.0,-0.001
5146654479,5146654247,0.0,0.0,-0.001
5146660718,5146660489,0.0,0.0,-0.001
5146664480,5146664237,0.0,0.0,-0.001
5146671977,5146671725,0.0,0.0,-0.001
5146674451,5146674222,0.0,0.0,-0.001
5146681940,5146681712,0.0,0.0,-0.001
5146685711,5146685458,0.0,0.0,-0.001
5146691926,5146691700,0.0,0.0,-0.001
5146695677,5146695446,0.0,0.0,-0.001
5146699422,5146699191,0.0,0.0,-0.001
5146708196,5146707930,0.0,0.0,-0.001
5146709412,5146709180,0.0,0.0,-0.001
5146718149,5146717917,0.0,0.0,-0.001
5146720645,5146720414,0.0,0.0,-0.001
5146724400,5146724159,0.0,0.0,-0.001
5146730666,5146730404,0.0,0.0,-0.001
5146734376,5146734147,0.0,0.0,-0.001
5146741881,5146741637,0.0,0.0,-0.001
5146744367,5146744135,0.0,0.0,-0.001
5146751850,5146751625,0.0,0.0,-0.001
5146755603,5146755372,0.0,0.0,-0.001
5146761861,5146761612,0.0,0.0,-0.001
5146765608,5146765358,0.0,0.0,-0.001
5146769332,5146769103,0.0,0.0,-0.001
5146778084,5146777842,0.0,0.0,-0.001
5146779337,5146779092,0.0,0.0,-0.001
5146786811,5146786581,0.0,0.0,-0.001
5146790570,5146790327,0.0,0.0,-0.001
5146798069,5146797821,0.0,0.0,-0.001
5146800546,5146800314,0.0,0.0,-0.001
5146804291,5146804059,0.0,0.0,-0.001
5146811781,5146811551,0.0,0.0,-0.001
5146814299,5146814047,0.0,0.0,-0.001
5146821774,5146821538,0.0,0.0,-0.001
5146825537,5146825292,0.0,0.0,-0.001
5146833017,5146832774,0.0,0.0,-0.001
5146835509,5146835273,0.0,0.0,-0.001
5146839268,5146839016,0.0,0.0,-0.001
5146847992,5146847755,0.0,0.0,-0.001
5146850496,5146850253,0.0,0.0,-0.001
5146856752,5146856496,0.0,0.0,-0.001
5146860469,5146860239,0.0,0.0,-0.001
5146867984,5146867730,0.0,0.0,-0.001
5146870460,5146870226,0.0,0.0,-0.001
5146874208,5146873972,0.0,0.0,-0.001
5146881692,5146881462,0.0,0.0,-0.001
5146885446,5146885209,0.0,0.0,-0.001
5146891688,5146891450,0.0,0.0,-0.001
5146895435,5146895196,0.0,0.0,-0.001
5146902937,5146902686,0.0,0.0,-0.001
5146905427,5146905183,0.0,0.0,-0.001
5146909230,5146908928,0.0,0.0,-0.001
5146917905,5146917667,0.0,0.0,-0.001
5146920397,5146920164,0.0,0.0,-0.001
5146927896,5146927655,0.0,0.0,-0.001
5146930380,5146930151,0.0,0.0,-0.001
5146937877,5146937642,0.0,0.0,-0.001
5146940431,5146940139,0.0,0.0,-0.001
5146944113,5146943884,0.0,0.0,-0.001
5146951605,5146951375,0.0,0.0,-0.001
5146955369,5146955121,0.0,0.0,-0.001
5146961593,5146961363,0.0,0.0,-0.001
5146965337,5146965108,0.0,0.0,-0.001
5146972836,5146972598,0.0,0.0,-0.001
5146975330,5146975095,0.0,0.0,-0.001
5146979080,5146978841,0.0,0.0,-0.001
5146986560,5146986332,0.0,0.0,-0.001
5146990309,5146990077,0.0,0.0,-0.001
5146997803,5146997568,0.0,0.0,-0.001
5147000303,5147000064,0.0,0.0,-0.001
5147007789,5147007555,0.0,0.0,-0.001
5147010286,5147010052,0.0,0.0,-0.001
5147014035,5147013797,0.0,0.0,-0.001
5147021529,5147021288,0.0,0.0,-0.001
5147025269,5147025033,0.0,0.0,-0.001
5147031502,5147031275,0.0,0.0,-0.001
5147035261,5147035020,0.0,0.0,-0.001
5147042743,5147042511,0.0,0.0,-0.001
5147047745,5147047512,0.0,0.0,-0.001
5147048982,5147048753,0.0,0.0,-0.001
5147056491,5147056249,0.0,0.0,-0.001
5147060214,5147059990,0.0,0.0,-0.001
5147067716,5147067484,0.0,0.0,-0.001
5147070205,5147069977,0.0,0.0,-0.001
5147077699,5147077467,0.0,0.0,-0.001
5147081451,5147081213,0.0,0.0,-0.001
5147083940,5147083709,0.0,0.0,-0.001
5147091432,5147091200,0.0,0.0,-0.001
5147095175,5147094945,0.0,0.0,-0.001
5147101415,5147101187,0.0,0.0,-0.001
5147105171,5147104933,0.0,0.0,-0.001
5147112660,5147112429,0.0,0.0,-0.001
5147117654,5147117417,0.0,0.0,-0.001
5147118898,5147118666,0.0,0.0,-0.001
5147126385,5147126156,0.0,0.0,-0.001
5147130132,5147129902,0.0,0.0,-0.001
5147137626,5147137394,0.0,0.0,-0.001
5147140119,5147139889,0.0,0.0,-0.001
5147147617,5147147380,0.0,0.0,-0.001
5147151360,5147151125,0.0,0.0,-0.001
5147153854,5147153622,0.0,0.0,-0.001
5147161344,5147161113,0.0,0.0,-0.001
5147165091,5147164858,0.0,0.0,-0.001
5147171331,5147171100,0.0,0.0,-0.001
5147175078,5147174845,0.0,0.0,-0.001
5147182588,5147182337,0.0,0.0,-0.001
5147187564,5147187330,0.0,0.0,-0.001
5147188820,5147188578,0.0,0.0,-0.001
5147196321,5147196069,0.0,0.0,-0.001
5147200054,5147199814,0.0,0.0,-0.001
5147207546,5147207305,0.0,0.0,-0.001
5147210040,5147209802,0.0,0.0,-0.001
5147217523,5147217293,0.0,0.0,-0.001
5147221277,5147221038,0.0,0.0,-0.001
5147225030,5147224785,0.0,0.0,-0.001
5147231285,5147231030,0.0,0.0,-0.001
5147235000,5147234770,0.0,0.0,-0.001
5147242499,5147242261,0.0,0.0,-0.001
5147245040,5147244758,0.0,0.0,-0.001
5147252506,5147252249,0.0,0.0,-0.001
5147257490,5147257242,0.0,0.0,-0.001
5147259972,5147259739,0.0,0.0,-0.001
5147267476,5147267230,0.0,0.0,-0.001
5147269965,5147269728,0.0,0.0,-0.001
5147277468,5147277219,0.0,0.0,-0.001
5147279950,5147279714,0.0,0.0,-0.001
5147287449,5147287205,0.0,0.0,-0.001
5147291186,5147290950,0.0,0.0,-0.001
5147294951,5147294695,0.0,0.0,-0.001
5147301180,5147300942,0.0,0.0,-0.001
5147304920,5147304683,0.0,0.0,-0.001
5147312424,5147312174,0.0,0.0,-0.001
5147314943,5147314670,0.0,0.0,-0.001
5147322398,5147322161,0.0,0.0,-0.001
5147328644,5147328404,0.0,0.0,-0.001
5147329899,5147329652,0.0,0.0,-0.001
5147337381,5147337142,0.0,0.0,-0.001
5147339880,5147339639,0.0,0.0,-0.001
5147347371,5147347130,0.0,0.0,-0.001
5147349855,5147349627,0.0,0.0,-0.001
5147357362,5147357118,0.0,0.0,-0.001
5147361095,5147360863,0.0,0.0,-0.001
5147364843,5147364608,0.0,0.0,-0.001
5147371107,5147370850,0.0,0.0,-0.001
5147374825,5147374596,0.0,0.0,-0.001
5147382320,5147382086,0.0,0.0,-0.001
5147384814,5147384583,0.0,0.0,-0.001
5147392317,5147392074,0.0,0.0,-0.001
5147397315,5147397067,0.0,0.0,-0.001
5147399800,5147399564,0.0,0.0,-0.001
5147407298,5147407055,0.0,0.0,-0.001
5147409783,5147409552,0.0,0.0,-0.001
5147417289,5147417042,0.0,0.0,-0.001
5147419768,5147419539,0.0,0.0,-0.001
5147427280,5147427030,0.0,0.0,-0.001
5147431007,5147430775,0.0,0.0,-0.001
5147434754,5147434521,0.0,0.0,-0.001
5147441000,5147440762,0.0,0.0,-0.001
5147444746,5147444508,0.0,0.0,-0.001
5147452244,5147451998,0.0,0.0,-0.001
5147457239,5147456997,0.0,0.0,-0.001
5147462232,5147461986,0.0,0.0,-0.001
5147467222,5147466980,0.0,0.0,-0.001
5147469707,5147469477,0.0,0.0,-0.001
5147478456,5147478216,0.0,0.0,-0.001
5147479702,5147479465,0.0,0.0,-0.001
5147487259,5147486961,0.0,0.0,-0.001
5147490948,5147490700,0.0,0.0,-0.001
5147493429,5147493197,0.0,0.0,-0.001
5147500934,5147500688,0.0,0.0,-0.001
5147504675,5147504433,0.0,0.0,-0.001
5147510908,5147510675,0.0,0.0,-0.001
5147514661,5147514421,0.0,0.0,-0.001
5147522152,5147521911,0.0,0.0,-0.001
5147527153,5147526912,0.0,0.0,-0.001
5147532136,5147531899,0.0,0.0,-0.001
5147537141,5147536893,0.0,0.0,-0.001
5147539623,5147539390,0.0,0.0,-0.001
5147547123,5147546880,0.0,0.0,-0.001
5147549671,5147549381,0.0,0.0,-0.001
5147557106,5147556868,0.0,0.0,-0.001
5147560853,5147560613,0.0,0.0,-0.001
5147567108,5147566856,0.0,0.0,-0.001
5147570834,5147570600,0.0,0.0,-0.001
5147574583,5147574346,0.0,0.0,-0.001
5147580858,5147580588,0.0,0.0,-0.001
5147584577,5147584334,0.0,0.0,-0.001
5147592067,5147591824,0.0,0.0,-0.001
5147597074,5147596818,0.0,0.0,-0.001
5147602066,5147601812,0.0,0.0,-0.001
5147607048,5147606805,0.0,0.0,-0.001
5147609533,5147609302,0.0,0.0,-0.001
5147617038,5147616793,0.0,0.0,-0.001
5147619518,5147619289,0.0,0.0,-0.001
5147628274,5147628029,0.0,0.0,-0.001
5147630769,5147630525,0.0,0.0,-0.001
5147637006,5147636768,0.0,0.0,-0.001
5147640764,5147640513,0.0,0.0,-0.001
5147644499,5147644258,0.0,0.0,-0.001
5147651989,5147651749,0.0,0.0,-0.001
5147654490,5147654246,0.0,0.0,-0.001
5147661973,5147661736,0.0,0.0,-0.001
5147666972,5147666730,0.0,0.0,-0.001
5147671967,5147671724,0.0,0.0,-0.001
5147676970,5147676718,0.0,0.0,-0.001
5147679449,5147679214,0.0,0.0,-0.001
5147686957,5147686706,0.0,0.0,-0.001
5147689441,5147689202,0.0,0.0,-0.001
5147696940,5147696692,0.0,0.0,-0.001
5147700684,5147700438,0.0,0.0,-0.001
5147706928,5147706680,0.0,0.0,-0.001
5147710677,5147710425,0.0,0.0,-0.001
5147714409,5147714171,0.0,0.0,-0.001
5147721909,5147721661,0.0,0.0,-0.001
5147724417,5147724159,0.0,0.0,-0.001
5147731902,5147731649,0.0,0.0,-0.001
5147735628,5147735394,0.0,0.0,-0.001
5147741875,5147741637,0.0,0.0,-0.001
5147746879,5147746630,0.0,0.0,-0.001
5147749357,5147749127,0.0,0.0,-0.001
5147756863,5147756618,0.0,0.0,-0.001
5147759347,5147759114,0.0,0.0,-0.001
5147766846,5147766605,0.0,0.0,-0.001
5147770584,5147770350,0.0,0.0,-0.001
5147776835,5147776592,0.0,0.0,-0.001
5147780575,5147780338,0.0,0.0,-0.001
5147784315,5147784083,0.0,0.0,-0.001
5147791852,5147791574,0.0,0.0,-0.001
5147794311,5147794071,0.0,0.0,-0.001
5147801806,5147801563,0.0,0.0,-0.001
5147806795,5147806555,0.0,0.0,-0.001
5147813033,5147812797,0.0,0.0,-0.001
5147816784,5147816543,0.0,0.0,-0.001
5147819278,5147819039,0.0,0.0,-0.001
5147826775,5147826530,0.0,0.0,-0.001
5147829279,5147829027,0.0,0.0,-0.001
5147836761,5147836518,0.0,0.0,-0.001
5147840516,5147840263,0.0,0.0,-0.001
5147847994,5147847753,0.0,0.0,-0.001
5147850496,5147850255,0.0,0.0,-0.001
5147854276,5147853999,0.0,0.0,-0.001
5147861749,5147861486,0.0,0.0,-0.001
5147866722,5147866480,0.0,0.0,-0.001
5147871721,5147871474,0.0,0.0,-0.001
5147876707,5147876468,0.0,0.0,-0.001
5147882951,5147882710,0.0,0.0,-0.001
5147886699,5147886455,0.0,0.0,-0.001
5147889190,5147888952,0.0,0.0,-0.001
5147896686,5147896443,0.0,0.0,-0.001
5147900439,5147900189,0.0,0.0,-0.001
5147906672,5147906431,0.0,0.0,-0.001
5147910417,5147910176,0.0,0.0,-0.001
5147917909,5147917666,0.0,0.0,-0.001
5147920404,5147920163,0.0,0.0,-0.001
5147924160,5147923909,0.0,0.0,-0.001
5147931642,5147931399,0.0,0.0,-0.001
5147936630,5147936393,0.0,0.0,-0.001
5147941638,5147941386,0.0,0.0,-0.001
5147946630,5147946380,0.0,0.0,-0.001
5147952854,5147952622,0.0,0.0,-0.001
5147956621,5147956368,0.0,0.0,-0.001
5147959095,5147958865,0.0,0.0,-0.001
5147966592,5147966355,0.0,0.0,-0.001
5147970338,5147970101,0.0,0.0,-0.001
5147976623,5147976343,0.0,0.0,-0.001
5147980339,5147980088,0.0,0.0,-0.001
5147987820,5147987579,0.0,0.0,-0.001
5147990322,5147990076,0.0,0.0,-0.001
5147994063,5147993820,0.0,0.0,-0.001
5148001556,5148001312,0.0,0.0,-0.001
5148006547,5148006306,0.0,0.0,-0.001
5148011537,5148011299,0.0,0.0,-0.001
5148016546,5148016305,0.0,0.0,-0.001
5148022772,5148022535,0.0,0.0,-0.001
5148026520,5148026280,0.0,0.0,-0.001
5148029009,5148028777,0.0,0.0,-0.001
5148036511,5148036270,0.0,0.0,-0.001
5148040275,5148040013,0.0,0.0,-0.001
5148046509,5148046265,0.0,0.0,-0.001
5148050254,5148050004,0.0,0.0,-0.001
5148057731,5148057491,0.0,0.0,-0.001
5148061484,5148061237,0.0,0.0,-0.001
5148063963,5148063733,0.0,0.0,-0.001
5148071493,5148071224,0.0,0.0,-0.001
5148076455,5148076218,0.0,0.0,-0.001
5148081455,5148081211,0.0,0.0,-0.001
5148086446,5148086205,0.0,0.0,-0.001
5148092693,5148092448,0.0,0.0,-0.001
5148096440,5148096193,0.0,0.0,-0.001
5148098923,5148098689,0.0,0.0,-0.001
5148106421,5148106181,0.0,0.0,-0.001
5148110165,5148109926,0.0,0.0,-0.001
5148116406,5148116168,0.0,0.0,-0.001
5148120154,5148119913,0.0,0.0,-0.001
5148127648,5148127404,0.0,0.0,-0.001
5148131400,5148131149,0.0,0.0,-0.001
5148133904,5148133646,0.0,0.0,-0.001
5148141398,5148141142,0.0,0.0,-0.001
5148146377,5148146130,0.0,0.0,-0.001
5148151367,5148151124,0.0,0.0,-0.001
5148156420,5148156128,0.0,0.0,-0.001
5148162601,5148162360,0.0,0.0,-0.001
5148166348,5148166106,0.0,0.0,-0.001
5148168846,5148168602,0.0,0.0,-0.001
5148176332,5148176093,0.0,0.0,-0.001
