timestamp,timestamp_sample,control[0],control[1],control[2],control[3],control[4],control[5],control[6],control[7],control[8],control[9],control[10],control[11],reversible_flags
5111924286,5111924000,0.0020000006,0.0,0.0020000003,0.0,nan,nan,nan,nan,nan,nan,nan,nan,0
5111925537,5111925249,0.0019999985,1.4490623e-09,0.0020000008,6.1292117e-12,nan,nan,nan,nan,nan,nan,nan,nan,0
5111931815,5111931491,0.0020000003,4.5860107e-10,0.0019999999,7.060224e-12,nan,nan,nan,nan,nan,nan,nan,nan,0
5111938008,5111937733,0.0019999987,1.2731034e-09,0.002000001,7.465178e-12,nan,nan,nan,nan,nan,nan,nan,nan,0
5111940527,5111940236,0.0019999985,1.825954e-09,0.0020000003,7.587285e-12,nan,nan,nan,nan,nan,nan,nan,nan,0
5111944260,5111943975,0.0020000008,0.0,0.002000001,0.0,nan,nan,nan,nan,nan,nan,nan,nan,0
5111951748,5111951466,0.0020000003,0.0,0.0020000008,0.0,nan,nan,nan,nan,nan,nan,nan,nan,0
5111955493,5111955211,0.0020000006,0.0,0.0020000006,0.0,nan,nan,nan,nan,nan,nan,nan,nan,0
5111961735,5111961454,0.0020000003,0.0,0.0020000003,0.0,nan,nan,nan,nan,nan,nan,nan,nan,0
5111965496,5111965199,0.0020000006,5.427326e-10,0.0019999999,1.0240203e-11,nan,nan,nan,nan,nan,nan,nan,nan,0
5111972995,5111972689,0.0019999985,2.6384392e-09,0.0019999996,1.0009256e-11,nan,nan,nan,nan,nan,nan,nan,nan,0
5112014176,5112013888,0.0020000003,1.1524841e-09,0.0019999992,1.166907e-11,nan,nan,nan,nan,nan,nan,nan,nan,0
5112021662,5112021378,0.0020000022,1.4733375e-09,0.001999997,1.0957889e-11,nan,nan,nan,nan,nan,nan,nan,nan,0
5112025434,5112025124,0.0019999985,1.531726e-09,0.0020000006,1.0777039e-11,nan,nan,nan,nan,nan,nan,nan,nan,0
5112032896,5112032615,0.0020000003,8.035983e-10,0.0019999994,1.1308966e-11,nan,nan,nan,nan,nan,nan,nan,nan,0
5112035395,5112035111,0.0020000022,2.8404918e-09,0.0019999957,1.1683441e-11,nan,nan,nan,nan,nan,nan,nan,nan,0
5112042885,5112042602,0.002,7.72757e-10,0.0019999994,1.3046397e-11,nan,nan,nan,nan,nan,nan,nan,nan,0
5112045401,5112045099,0.0019999985,1.5874586e-09,0.0020000006,1.3252061e-11,nan,nan,nan,nan,nan,nan,nan,nan,0
5112049124,5112048844,0.0020000006,0.0,0.0020000006,0.0,nan,nan,nan,nan,nan,nan,nan,nan,0
5112056630,5112056336,0.0020000003,1.0632736e-09,0.0019999994,1.3568141e-11,nan,nan,nan,nan,nan,nan,nan,nan,0
5112061611,5112061328,0.0020000006,0.0,0.0020000006,0.0,nan,nan,nan,nan,nan,nan,nan,nan,0
5112066604,5112066322,0.0019999985,1.3849715e-09,0.0020000008,1.20123494e-11,nan,nan,nan,nan,nan,nan,nan,nan,0
5112071597,5112071316,0.0020000003,1.04877995e-10,0.0020000003,1.1537328e-11,nan,nan,nan,nan,nan,nan,nan,nan,0
5112077834,5112077558,0.0020000024,1.9669908e-09,0.0019999966,1.2069644e-11,nan,nan,nan,nan,nan,nan,nan,nan,0
5112081593,5112081303,0.0020000003,0.0,0.0020000003,0.0,nan,nan,nan,nan,nan,nan,nan,nan,0
5112084083,5112083800,0.0020000003,3.6580355e-10,0.0019999999,1.2546237e-11,nan,nan,nan,nan,nan,nan,nan,nan,0
5112091575,5112091291,0.0020000003,6.5662714e-10,0.0019999999,1.2760957e-11,nan,nan,nan,nan,nan,nan,nan,nan,0
5112095322,5112095036,0.0020000003,1.9109926e-10,0.0020000003,1.262755e-11,nan,nan,nan,nan,nan,nan,nan,nan,0
5112101556,5112101278,0.0020000003,1.2389807e-09,0.0019999992,1.2484019e-11,nan,nan,nan,nan,nan,nan,nan,nan,0
5112105316,5112105032,0.0020000022,1.6464383e-09,0.001999997,1.2480001e-11,nan,nan,nan,nan,nan,nan,nan,nan,0
5112112797,5112112514,0.0020000022,2.7523643e-09,0.0019999957,1.2499651e-11,nan,nan,nan,nan,nan,nan,nan,nan,0
5112116554,5112116271,0.0019999985,1.4719375e-09,0.0020000008,1.23579185e-11,nan,nan,nan,nan,nan,nan,nan,nan,0
5112119039,5112118759,0.0020000006,0.0,0.0020000006,0.0,nan,nan,nan,nan,nan,nan,nan,nan,0
5112126545,5112126247,0.0020000003,2.4930594e-10,0.002,1.2628528e-11,nan,nan,nan,nan,nan,nan,nan,nan,0
5112131530,5112131241,0.0020000006,0.0,0.0020000008,0.0,nan,nan,nan,nan,nan,nan,nan,nan,0
5112136531,5112136234,0.002000002,1.52965e-09,0.0019999968,1.2853078e-11,nan,nan,nan,nan,nan,nan,nan,nan,0
5112141523,5112141228,0.0020000003,1.3242432e-10,0.0020000003,1.3094826e-11,nan,nan,nan,nan,nan,nan,nan,nan,0
5112147741,5112147470,0.0020000022,1.9961237e-09,0.0019999966,1.2040648e-11,nan,nan,nan,nan,nan,nan,nan,nan,0
5112151506,5112151216,0.002000002,1.5603117e-09,0.0019999968,1.1295142e-11,nan,nan,nan,nan,nan,nan,nan,nan,0
5112153999,5112153712,0.0020000008,0.0,0.002000001,0.0,nan,nan,nan,nan,nan,nan,nan,nan,0
5112161486,5112161203,0.0020000006,0.0,0.0020000006,0.0,nan,nan,nan,nan,nan,nan,nan,nan,0
5112165224,5112164948,0.0020000003,1.2693638e-09,0.001999999,1.1204699e-11,nan,nan,nan,nan,nan,nan,nan,nan,0
5112171474,5112171191,0.0020000003,0.0,0.0020000006,0.0,nan,nan,nan,nan,nan,nan,nan,nan,0
5112175217,5112174936,0.0020000022,2.9277651e-09,0.0019999957,1.1721707e-11,nan,nan,nan,nan,nan,nan,nan,nan,0
5112182713,5112182429,0.0020000024,1.1806025e-09,0.0019999975,1.2654508e-11,nan,nan,nan,nan,nan,nan,nan,nan,0
5112186470,5112186172,0.0020000003,3.3680828e-10,0.0019999999,1.2437683e-11,nan,nan,nan,nan,nan,nan,nan,nan,0
5112188954,5112188670,0.0020000006,1.0064675e-09,0.0019999994,1.2166634e-11,nan,nan,nan,nan,nan,nan,nan,nan,0
5112196442,5112196159,0.0020000006,0.0,0.0020000006,0.0,nan,nan,nan,nan,nan,nan,nan,nan,0
5112201434,5112201153,0.0020000006,0.0,0.0020000006,0.0,nan,nan,nan,nan,nan,nan,nan,nan,0
5112206444,5112206147,0.0020000003,1.7642474e-11,0.0020000003,1.1461356e-11,nan,nan,nan,nan,nan,nan,nan,nan,0
5112211425,5112211141,0.0020000006,0.0,0.0020000006,0.0,nan,nan,nan,nan,nan,nan,nan,nan,0
5112217653,5112217382,0.0020000008,0.0,0.0020000008,0.0,nan,nan,nan,nan,nan,nan,nan,nan,0
5112221420,5112221128,0.0020000003,1.7900549e-11,0.0020000003,1.1203281e-11,nan,nan,nan,nan,nan,nan,nan,nan,0
5112223907,5112223625,0.002000002,2.5790687e-09,0.001999996,1.1172081e-11,nan,nan,nan,nan,nan,nan,nan,nan,0
5112231404,5112231116,0.0020000003,0.0,0.0020000003,0.0,nan,nan,nan,nan,nan,nan,nan,nan,0
5112235139,5112234860,0.002,3.969971e-10,0.0019999999,1.0456528e-11,nan,nan,nan,nan,nan,nan,nan,nan,0
5112241388,5112241103,0.0019999985,1.212236e-09,0.002000001,1.0124889e-11,nan,nan,nan,nan,nan,nan,nan,nan,0
5112245126,5112244848,0.0020000003,0.0,0.0020000003,0.0,nan,nan,nan,nan,nan,nan,nan,nan,0
5112252622,5112252339,0.002000002,2.7540619e-09,0.0019999957,1.0802043e-11,nan,nan,nan,nan,nan,nan,nan,nan,0
5112256400,5112256084,0.0020000022,1.2984029e-09,0.001999997,1.126947e-11,nan,nan,nan,nan,nan,nan,nan,nan,0
5112261374,5112261078,0.002,3.0829161e-10,0.0019999999,1.1850507e-11,nan,nan,nan,nan,nan,nan,nan,nan,0
5112266368,5112266072,0.0020000006,0.0,0.0020000006,0.0,nan,nan,nan,nan,nan,nan,nan,nan,0
5112271359,5112271065,0.0020000006,0.0,0.0020000006,0.0,nan,nan,nan,nan,nan,nan,nan,nan,0
5112276348,5112276059,0.0020000022,2.9271454e-09,0.0019999957,1.2341534e-11,nan,nan,nan,nan,nan,nan,nan,nan,0
5112281355,5112281053,0.0020000006,0.0,0.0020000006,0.0,nan,nan,nan,nan,nan,nan,nan,nan,0
5112287575,5112287295,0.0020000006,0.0,0.0020000006,0.0,nan,nan,nan,nan,nan,nan,nan,nan,0
5112291339,5112291050,0.0020000006,0.0,0.0020000008,0.0,nan,nan,nan,nan,nan,nan,nan,nan,0
5112293817,5112293537,0.0020000006,0.0,0.0020000006,0.0,nan,nan,nan,nan,nan,nan,nan,nan,0
5112301320,5112301028,0.0020000022,2.751519e-09,0.0019999957,1.3344777e-11,nan,nan,nan,nan,nan,nan,nan,nan,0
5112305065,5112304773,0.0020000003,0.0,0.0020000003,0.0,nan,nan,nan,nan,nan,nan,nan,nan,0
5112312545,5112312264,0.0020000003,0.0,0.0020000006,0.0,nan,nan,nan,nan,nan,nan,nan,nan,0
5112315040,5112314760,0.0020000022,1.470943e-09,0.001999997,1.33523e-11,nan,nan,nan,nan,nan,nan,nan,nan,0
5112322589,5112322252,0.0020000006,0.0,0.0020000006,0.0,nan,nan,nan,nan,nan,nan,nan,nan,0
5112326297,5112325997,0.0020000003,2.2014449e-10,0.0019999999,1.26861525e-11,nan,nan,nan,nan,nan,nan,nan,nan,0
5112330014,5112329742,0.0020000003,5.406274e-10,0.0019999999,1.23453955e-11,nan,nan,nan,nan,nan,nan,nan,nan,0
5112336266,5112335984,0.0020000022,1.6473599e-09,0.0019999968,1.1558381e-11,nan,nan,nan,nan,nan,nan,nan,nan,0
5112341265,5112340978,0.0020000022,1.356825e-09,0.001999997,1.105502e-11,nan,nan,nan,nan,nan,nan,nan,nan,0
5112347517,5112347226,0.0020000003,0.0,0.0020000003,0.0,nan,nan,nan,nan,nan,nan,nan,nan,0
5112351256,5112350965,0.0020000006,0.0,0.0020000006,0.0,nan,nan,nan,nan,nan,nan,nan,nan,0
5112357492,5112357207,0.002000002,1.8237786e-09,0.0019999966,9.762777e-12,nan,nan,nan,nan,nan,nan,nan,nan,0
5112361235,5112360953,0.0020000003,1.9450107e-10,0.0020000003,9.225749e-12,nan,nan,nan,nan,nan,nan,nan,nan,0
5112364992,5112364698,0.0020000003,6.028153e-10,0.0019999999,8.365156e-12,nan,nan,nan,nan,nan,nan,nan,nan,0
5112371224,5112370940,0.0020000008,0.0,0.0020000006,0.0,nan,nan,nan,nan,nan,nan,nan,nan,0
5112374957,5112374686,0.0020000022,1.3896387e-09,0.001999997,7.345076e-12,nan,nan,nan,nan,nan,nan,nan,nan,0
5112382465,5112382176,0.0020000003,1.2744313e-09,0.001999999,6.137226e-12,nan,nan,nan,nan,nan,nan,nan,nan,0
5112384996,5112384673,0.0019999987,1.682298e-09,0.0020000008,5.7241694e-12,nan,nan,nan,nan,nan,nan,nan,nan,0
5112392447,5112392167,0.0020000003,0.0,0.0020000003,2.6336936e-12,nan,nan,nan,nan,nan,nan,nan,nan,0
5112396191,5112395909,0.0019999985,1.799389e-09,0.0020000003,5.0484894e-12,nan,nan,nan,nan,nan,nan,nan,nan,0
5112401194,5112400903,0.0020000006,0.0,0.0020000006,0.0,nan,nan,nan,nan,nan,nan,nan,nan,0
5112406241,5112405900,0.002000002,3.0228153e-09,0.0019999954,3.9830344e-12,nan,nan,nan,nan,nan,nan,nan,nan,0
5112411168,5112410890,0.0020000003,0.0,0.002,0.0,nan,nan,nan,nan,nan,nan,nan,nan,0
5112417423,5112417132,0.0020000006,0.0,0.0020000006,0.0,nan,nan,nan,nan,nan,nan,nan,nan,0
5112421231,5112420882,0.0020000006,0.0,0.0020000003,0.0,nan,nan,nan,nan,nan,nan,nan,nan,0
5112427401,5112427120,0.002000002,2.1508828e-09,0.0019999961,2.8006226e-12,nan,nan,nan,nan,nan,nan,nan,nan,0
5112431148,5112430871,0.0020000008,0.0,0.0020000006,0.0,nan,nan,nan,nan,nan,nan,nan,nan,0
5112434885,5112434610,0.0019999985,1.2772078e-09,0.0020000008,3.3607526e-12,nan,nan,nan,nan,nan,nan,nan,nan,0
5112441141,5112440853,0.0020000022,3.0231546e-09,0.0019999954,3.6436687e-12,nan,nan,nan,nan,nan,nan,nan,nan,0
5112444870,5112444598,0.0020000003,4.0415493e-10,0.0019999999,3.2986825e-12,nan,nan,nan,nan,nan,nan,nan,nan,0
5112452367,5112452088,0.0020000024,1.6262548e-09,0.001999997,3.5596994e-12,nan,nan,nan,nan,nan,nan,nan,nan,0
5112456115,5112455833,0.0019999985,1.3641797e-09,0.0020000008,3.7003317e-12,nan,nan,nan,nan,nan,nan,nan,nan,0
5112462359,5112462077,0.0020000003,9.562976e-10,0.0019999994,4.1288396e-12,nan,nan,nan,nan,nan,nan,nan,nan,0
5112466172,5112465824,0.0020000022,1.8582552e-09,0.0019999966,4.3899866e-12,nan,nan,nan,nan,nan,nan,nan,nan,0
5112472352,5112472064,0.0019999985,2.8760208e-09,0.0019999994,5.2584846e-12,nan,nan,nan,nan,nan,nan,nan,nan,0
5112476092,5112475809,0.0020000003,9.257737e-10,0.0019999994,5.548881e-12,nan,nan,nan,nan,nan,nan,nan,nan,0
5112479842,5112479554,0.0020000022,2.7883449e-09,0.0019999957,5.622728e-12,nan,nan,nan,nan,nan,nan,nan,nan,0
5112487330,5112487045,0.0019999985,1.3048645e-09,0.0020000008,4.8078676e-12,nan,nan,nan,nan,nan,nan,nan,nan,0
5112491078,5112490790,0.0020000003,1.2177337e-09,0.0019999992,4.627179e-12,nan,nan,nan,nan,nan,nan,nan,nan,0
5112497319,5112497032,0.0020000003,0.0,0.0020000006,0.0,nan,nan,nan,nan,nan,nan,nan,nan,0
5112501065,5112500779,0.0020000003,7.5302936e-10,0.0019999994,3.6702516e-12,nan,nan,nan,nan,nan,nan,nan,nan,0
5112504801,5112504522,0.0020000003,2.877433e-10,0.0019999999,3.2949962e-12,nan,nan,nan,nan,nan,nan,nan,nan,0
5112511110,5112510766,0.002,2.878883e-10,0.0019999999,3.1500098e-12,nan,nan,nan,nan,nan,nan,nan,nan,0
5112514788,5112514510,0.0020000006,2.3031095e-10,0.0020000003,2.5196893e-12,nan,nan,nan,nan,nan,nan,nan,nan,0
5112522291,5112522000,0.0020000006,6.378895e-10,0.0019999999,2.3947424e-12,nan,nan,nan,nan,nan,nan,nan,nan,0
5112524781,5112524499,0.0020000003,5.797997e-10,0.0019999999,2.2768974e-12,nan,nan,nan,nan,nan,nan,nan,nan,0
5112532283,5112531989,0.0020000003,0.0,0.0020000003,0.0,nan,nan,nan,nan,nan,nan,nan,nan,0
5112536023,5112535734,0.0020000003,0.0,0.0020000003,0.0,nan,nan,nan,nan,nan,nan,nan,nan,0
5112541085,5112540727,0.0020000003,1.2780558e-09,0.001999999,2.5127643e-12,nan,nan,nan,nan,nan,nan,nan,nan,0
5112546005,5112545721,0.0019999985,1.9184963e-09,0.0020000003,2.3564588e-12,nan,nan,nan,nan,nan,nan,nan,nan,0
5112552244,5112551964,0.002,0.0,0.0020000003,0.0,nan,nan,nan,nan,nan,nan,nan,nan,0
5112557245,5112556957,0.0020000003,8.7045426e-10,0.0019999994,2.660672e-12,nan,nan,nan,nan,nan,nan,nan,nan,0
5112561004,5112560704,0.0020000003,1.2195821e-09,0.001999999,2.7787841e-12,nan,nan,nan,nan,nan,nan,nan,nan,0
5112567227,5112566944,0.0020000003,9.875522e-10,0.0019999994,1.9780774e-12,nan,nan,nan,nan,nan,nan,nan,nan,0
5112571018,5112570690,0.0020000022,1.3955244e-09,0.001999997,1.4595356e-12,nan,nan,nan,nan,nan,nan,nan,nan,0
5112574716,5112574435,0.0020000022,2.5017646e-09,0.001999996,1.1649431e-12,nan,nan,nan,nan,nan,nan,nan,nan,0
5112580974,5112580677,0.0020000003,5.228153e-10,0.0019999999,1.0536554e-12,nan,nan,nan,nan,nan,nan,nan,nan,0
5112584697,5112584423,0.0020000022,2.6187592e-09,0.001999996,5.8543274e-13,nan,nan,nan,nan,nan,nan,nan,nan,0
5112592190,5112591913,0.0020000006,0.0,0.0020000006,0.0,nan,nan,nan,nan,nan,nan,nan,nan,0
5112596004,5112595658,0.002000002,2.09542e-09,0.0019999964,5.5759217e-14,nan,nan,nan,nan,nan,nan,nan,nan,0
5112602189,5112601901,0.0020000024,1.1936341e-09,0.0019999975,2.8726774e-11,nan,nan,nan,nan,nan,nan,nan,nan,0
5112605927,5112605646,0.002,3.7884224e-10,0.0019999999,2.8611405e-11,nan,nan,nan,nan,nan,nan,nan,nan,0
5112610945,5112610640,0.0020000003,0.0,0.0020000006,0.0,nan,nan,nan,nan,nan,nan,nan,nan,0
5112615966,5112615633,0.0019999985,1.6877101e-09,0.0020000006,3.1211492e-13,nan,nan,nan,nan,nan,nan,nan,nan,0
5112620921,5112620627,0.0019999982,3.0843368e-09,0.001999999,6.6929795e-13,nan,nan,nan,nan,nan,nan,nan,nan,0
5112627173,5112626872,0.0020000003,0.0,0.0020000003,0.0,nan,nan,nan,nan,nan,nan,nan,nan,0
5112630947,5112630615,0.0020000003,1.7387589e-10,0.0020000003,7.470951e-13,nan,nan,nan,nan,nan,nan,nan,nan,0
5112637133,5112636857,0.0020000024,2.9093574e-09,0.0019999957,1.0255737e-12,nan,nan,nan,nan,nan,nan,nan,nan,0
5112640894,5112640602,0.0020000003,6.9729195e-10,0.0019999996,1.1999811e-12,nan,nan,nan,nan,nan,nan,nan,nan,0
5112644632,5112644347,0.0020000003,0.0,0.0020000006,0.0,nan,nan,nan,nan,nan,nan,nan,nan,0
5112650877,5112650590,0.0020000003,2.8982075e-10,0.0019999999,1.2175469e-12,nan,nan,nan,nan,nan,nan,nan,nan,0
5112654624,5112654335,0.0020000003,0.0,0.0020000003,0.0,nan,nan,nan,nan,nan,nan,nan,nan,0
5112662117,5112661825,0.0020000003,8.490589e-11,0.0020000003,2.4056035e-12,nan,nan,nan,nan,nan,nan,nan,nan,0
5112665853,5112665572,0.002,1.248729e-09,0.001999999,2.7356607e-12,nan,nan,nan,nan,nan,nan,nan,nan,0
5112672110,5112671813,0.0019999985,2.6159568e-09,0.0019999994,3.3879236e-12,nan,nan,nan,nan,nan,nan,nan,nan,0
5112675876,5112675558,0.0020000003,0.0,0.0020000003,0.0,nan,nan,nan,nan,nan,nan,nan,nan,0
5112680834,5112680552,0.0019999987,2.49911e-09,0.0019999996,3.8193684e-12,nan,nan,nan,nan,nan,nan,nan,nan,0
5112685823,5112685546,0.0020000003,9.274163e-10,0.0019999994,3.9062746e-12,nan,nan,nan,nan,nan,nan,nan,nan,0
5112690863,5112690540,0.0020000006,0.0,0.0020000006,0.0,nan,nan,nan,nan,nan,nan,nan,nan,0
5112697058,5112696782,0.0020000024,1.2480545e-09,0.0019999975,3.4101593e-12,nan,nan,nan,nan,nan,nan,nan,nan,0
5112700811,5112700527,0.0020000022,1.248499e-09,0.0019999973,2.9657388e-12,nan,nan,nan,nan,nan,nan,nan,nan,0
5112707054,5112706769,0.002,0.0,0.0020000003,0.0,nan,nan,nan,nan,nan,nan,nan,nan,0
5112710802,5112710515,0.0020000006,1.7254054e-10,0.002,2.0824384e-12,nan,nan,nan,nan,nan,nan,nan,nan,0
5112714562,5112714271,0.0020000003,5.603709e-11,0.0020000003,2.1705693e-12,nan,nan,nan,nan,nan,nan,nan,nan,0
5112722065,5112721750,0.0019999982,2.73337e-09,0.0019999994,2.3901332e-12,nan,nan,nan,nan,nan,nan,nan,nan,0
5112724548,5112724248,0.0020000006,0.0,0.002,0.0,nan,nan,nan,nan,nan,nan,nan,nan,0
5112732014,5112731738,0.0020000003,0.0,0.0020000006,0.0,nan,nan,nan,nan,nan,nan,nan,nan,0
5112735788,5112735484,0.0020000003,0.0,0.0020000003,0.0,nan,nan,nan,nan,nan,nan,nan,nan,0
5112740769,5112740477,0.0020000022,1.2475647e-09,0.0019999973,3.900047e-12,nan,nan,nan,nan,nan,nan,nan,nan,0
5112750786,5112750465,0.0020000022,1.9456874e-09,0.0019999966,4.2691475e-12,nan,nan,nan,nan,nan,nan,nan,nan,0
5112753236,5112752961,0.0020000003,1.1017935e-09,0.0019999994,4.1519826e-12,nan,nan,nan,nan,nan,nan,nan,nan,0
5112756994,5112756707,0.0020000022,1.6836098e-09,0.0019999968,4.4123056e-12,nan,nan,nan,nan,nan,nan,nan,nan,0
5112760727,5112760452,0.002,6.9374023e-10,0.0019999996,4.7517164e-12,nan,nan,nan,nan,nan,nan,nan,nan,0
5112766979,5112766694,0.0019999985,2.3812718e-09,0.0019999999,5.242277e-12,nan,nan,nan,nan,nan,nan,nan,nan,0
5112770714,5112770439,0.0020000003,8.9663693e-10,0.0019999994,5.581825e-12,nan,nan,nan,nan,nan,nan,nan,nan,0
5112776967,5112776681,0.0020000006,0.0,0.0020000006,0.0,nan,nan,nan,nan,nan,nan,nan,nan,0
5112784450,5112784172,0.0020000022,1.5668058e-09,0.0019999968,4.8010155e-12,nan,nan,nan,nan,nan,nan,nan,nan,0
5112788216,5112787917,0.0020000003,0.0,0.0020000006,0.0,nan,nan,nan,nan,nan,nan,nan,nan,0
5112791944,5112791662,0.0020000003,8.11218e-10,0.0019999994,3.689252e-12,nan,nan,nan,nan,nan,nan,nan,nan,0
5112798175,5112797905,0.0020000024,1.6258396e-09,0.0019999968,3.974897e-12,nan,nan,nan,nan,nan,nan,nan,nan,0
5112801922,5112801650,0.0020000022,1.6839518e-09,0.0019999968,4.070454e-12,nan,nan,nan,nan,nan,nan,nan,nan,0
5112810693,5112810389,0.0019999982,2.1493727e-09,0.0019999999,4.310788e-12,nan,nan,nan,nan,nan,nan,nan,nan,0
5112811931,5112811644,0.0020000003,0.0,0.0020000003,0.0,nan,nan,nan,nan,nan,nan,nan,nan,0
5112819404,5112819128,0.0020000022,2.3227682e-09,0.0019999961,5.5382504e-12,nan,nan,nan,nan,nan,nan,nan,nan,0
5112823146,5112822873,0.002000002,2.1476636e-09,0.0019999961,6.0198114e-12,nan,nan,nan,nan,nan,nan,nan,nan,0
5112826901,5112826619,0.002,3.7234194e-10,0.0019999999,6.0078626e-12,nan,nan,nan,nan,nan,nan,nan,nan,0
5112833160,5112832861,0.0020000003,0.0,0.0020000006,0.0,nan,nan,nan,nan,nan,nan,nan,nan,0
5112836875,5112836606,0.002,1.3040882e-09,0.001999999,5.5841616e-12,nan,nan,nan,nan,nan,nan,nan,nan,0
5112844381,5112844097,0.0020000003,0.0,0.0020000003,0.0,nan,nan,nan,nan,nan,nan,nan,nan,0
5112846861,5112846594,0.0020000006,0.0,0.0020000006,0.0,nan,nan,nan,nan,nan,nan,nan,nan,0
5112854358,5112854085,0.0019999985,1.8274621e-09,0.0020000003,6.079269e-12,nan,nan,nan,nan,nan,nan,nan,nan,0
5112858113,5112857830,0.002000002,1.5654601e-09,0.0019999968,6.1467394e-12,nan,nan,nan,nan,nan,nan,nan,nan,0
5112861850,5112861575,0.0020000006,6.3431965e-10,0.0019999999,5.9646402e-12,nan,nan,nan,nan,nan,nan,nan,nan,0
5112868092,5112867817,0.002,3.1444683e-10,0.0019999999,5.695307e-12,nan,nan,nan,nan,nan,nan,nan,nan,0
5112871838,5112871562,0.0020000003,1.100369e-09,0.0019999994,5.5765358e-12,nan,nan,nan,nan,nan,nan,nan,nan,0
5112879342,5112879053,0.0020000003,9.543989e-10,0.0019999994,6.0275066e-12,nan,nan,nan,nan,nan,nan,nan,nan,0
5112881839,5112881558,0.0020000022,1.2162436e-09,0.0019999973,6.1173566e-12,nan,nan,nan,nan,nan,nan,nan,nan,0
5112890575,5112890289,0.0020000022,1.9731927e-09,0.0019999966,5.867754e-12,nan,nan,nan,nan,nan,nan,nan,nan,0
5112893078,5112892786,0.0020000003,8.6745366e-10,0.0019999994,5.661244e-12,nan,nan,nan,nan,nan,nan,nan,nan,0
5112896799,5112896531,0.0020000022,1.4790558e-09,0.001999997,5.2395328e-12,nan,nan,nan,nan,nan,nan,nan,nan,0
5112903050,5112902773,0.0020000022,1.5671106e-09,0.0019999968,4.496242e-12,nan,nan,nan,nan,nan,nan,nan,nan,0
5112906788,5112906518,0.0020000006,0.0,0.0020000006,0.0,nan,nan,nan,nan,nan,nan,nan,nan,0
5112914291,5112914009,0.002000002,1.5966295e-09,0.0019999966,4.0812215e-12,nan,nan,nan,nan,nan,nan,nan,nan,0
5112918029,5112917754,0.0020000003,0.0,0.0020000006,0.0,nan,nan,nan,nan,nan,nan,nan,nan,0
5112924280,5112923997,0.0020000006,0.0,0.0020000006,0.0,nan,nan,nan,nan,nan,nan,nan,nan,0
5112928011,5112927742,0.0020000003,1.0437785e-09,0.0019999994,3.9593988e-12,nan,nan,nan,nan,nan,nan,nan,nan,0
5112931766,5112931487,0.0019999985,1.393054e-09,0.0020000008,3.929879e-12,nan,nan,nan,nan,nan,nan,nan,nan,0
5112938019,5112937729,0.0020000003,9.854202e-10,0.0019999994,4.110011e-12,nan,nan,nan,nan,nan,nan,nan,nan,0
5112941757,5112941475,0.0020000003,0.0,0.0020000003,0.0,nan,nan,nan,nan,nan,nan,nan,nan,0
5112950489,5112950214,0.0020000006,0.0,0.0020000006,0.0,nan,nan,nan,nan,nan,nan,nan,nan,0
5112953018,5112952711,0.0020000003,0.0,0.0020000003,0.0,nan,nan,nan,nan,nan,nan,nan,nan,0
5112959223,5112958953,0.0020000024,1.683442e-09,0.0019999968,4.5801227e-12,nan,nan,nan,nan,nan,nan,nan,nan,0
5112962969,5112962698,0.0020000008,0.0,0.0020000008,0.0,nan,nan,nan,nan,nan,nan,nan,nan,0
5112966725,5112966444,0.0020000006,0.0,0.0020000006,0.0,nan,nan,nan,nan,nan,nan,nan,nan,0
5112972964,5112972686,0.002,8.684637e-10,0.0019999994,4.6512134e-12,nan,nan,nan,nan,nan,nan,nan,nan,0
5112976705,5112976431,0.0020000003,0.0,0.0020000003,0.0,nan,nan,nan,nan,nan,nan,nan,nan,0
5112984244,5112983922,0.002000002,1.5370317e-09,0.0019999968,5.4712936e-12,nan,nan,nan,nan,nan,nan,nan,nan,0
5112987941,5112987668,0.0020000006,0.0,0.0020000006,0.0,nan,nan,nan,nan,nan,nan,nan,nan,0
5112994178,5112993909,0.0020000006,1.1030341e-10,0.0020000003,6.1119096e-12,nan,nan,nan,nan,nan,nan,nan,nan,0
5112997962,5112997655,0.0020000022,1.7984598e-09,0.0019999966,5.97763e-12,nan,nan,nan,nan,nan,nan,nan,nan,0
5113001676,5113001400,0.0020000008,0.0,0.0020000008,0.0,nan,nan,nan,nan,nan,nan,nan,nan,0
5113007914,5113007642,0.0020000006,1.1294172e-09,0.0019999994,5.6322117e-12,nan,nan,nan,nan,nan,nan,nan,nan,0
5113011661,5113011387,0.0020000022,1.7982813e-09,0.0019999966,6.1561676e-12,nan,nan,nan,nan,nan,nan,nan,nan,0
5113020419,5113020126,0.0020000006,1.0944572e-10,0.0020000003,6.9695968e-12,nan,nan,nan,nan,nan,nan,nan,nan,0
5113022900,5113022623,0.0020000022,1.2733531e-09,0.001999997,7.215433e-12,nan,nan,nan,nan,nan,nan,nan,nan,0
5113030391,5113030114,0.0020000008,0.0,0.002000001,0.0,nan,nan,nan,nan,nan,nan,nan,nan,0
5113032895,5113032610,0.0019999982,2.7281124e-09,0.0019999994,7.647678e-12,nan,nan,nan,nan,nan,nan,nan,nan,0
5113036630,5113036356,0.0020000024,1.738553e-09,0.0019999968,7.676837e-12,nan,nan,nan,nan,nan,nan,nan,nan,0
5113042890,5113042598,0.0020000003,0.0,0.0020000003,0.0,nan,nan,nan,nan,nan,nan,nan,nan,0
5113046654,5113046344,0.0020000006,0.0,0.0020000006,0.0,nan,nan,nan,nan,nan,nan,nan,nan,0
5113054111,5113053834,0.0020000003,8.653914e-10,0.0019999994,7.723482e-12,nan,nan,nan,nan,nan,nan,nan,nan,0
5113057861,5113057580,0.0020000006,0.0,0.0020000006,0.0,nan,nan,nan,nan,nan,nan,nan,nan,0
5113064092,5113063821,0.0020000003,7.4876716e-10,0.0019999996,7.932424e-12,nan,nan,nan,nan,nan,nan,nan,nan,0
5113067837,5113067567,0.0020000003,0.0,0.0020000006,0.0,nan,nan,nan,nan,nan,nan,nan,nan,0
5113071598,5113071312,0.0020000003,0.0,0.0020000003,0.0,nan,nan,nan,nan,nan,nan,nan,nan,0
5113077847,5113077554,0.0020000006,0.0,0.0020000006,0.0,nan,nan,nan,nan,nan,nan,nan,nan,0
5113081588,5113081300,0.002000002,2.1751592e-09,0.0019999961,7.628108e-12,nan,nan,nan,nan,nan,nan,nan,nan,0
5113090332,5113090039,0.0020000003,7.777637e-10,0.0019999994,8.039758e-12,nan,nan,nan,nan,nan,nan,nan,nan,0
5113092802,5113092536,0.0019999985,2.9023666e-09,0.0019999994,8.016393e-12,nan,nan,nan,nan,nan,nan,nan,nan,0
5113099045,5113098778,0.0019999985,1.7677144e-09,0.0020000003,7.619235e-12,nan,nan,nan,nan,nan,nan,nan,nan,0
5113102807,5113102525,0.0020000003,0.0,0.0020000003,0.0,nan,nan,nan,nan,nan,nan,nan,nan,0
5113106541,5113106269,0.0020000006,0.0,0.0020000006,0.0,nan,nan,nan,nan,nan,nan,nan,nan,0
5113112783,5113112511,0.0020000022,2.669158e-09,0.0019999957,8.394433e-12,nan,nan,nan,nan,nan,nan,nan,nan,0
5113116536,5113116264,0.0020000022,1.2136075e-09,0.0019999973,8.753279e-12,nan,nan,nan,nan,nan,nan,nan,nan,0
5113124013,5113123746,0.0020000006,0.0,0.0020000006,0.0,nan,nan,nan,nan,nan,nan,nan,nan,0
5113127761,5113127491,0.0020000003,4.2748763e-10,0.0019999999,9.06983e-12,nan,nan,nan,nan,nan,nan,nan,nan,0
5113131527,5113131237,0.0020000003,1.1258058e-09,0.0019999994,9.24366e-12,nan,nan,nan,nan,nan,nan,nan,nan,0
5113137752,5113137479,0.0020000022,3.017798e-09,0.0019999954,9.00025e-12,nan,nan,nan,nan,nan,nan,nan,nan,0
5113141510,5113141225,0.0020000003,8.6433005e-10,0.0019999994,8.784848e-12,nan,nan,nan,nan,nan,nan,nan,nan,0
5113150240,5113149963,0.0020000003,0.0,0.0020000003,0.0,nan,nan,nan,nan,nan,nan,nan,nan,0
5113151486,5113151212,0.0019999985,1.5043836e-09,0.0020000008,9.015611e-12,nan,nan,nan,nan,nan,nan,nan,nan,0
5113160230,5113159951,0.0020000003,0.0,0.0020000003,0.0,nan,nan,nan,nan,nan,nan,nan,nan,0
5113162731,5113162448,0.0020000008,0.0,0.0020000008,0.0,nan,nan,nan,nan,nan,nan,nan,nan,0
5113166476,5113166193,0.0020000006,0.0,0.0020000006,0.0,nan,nan,nan,nan,nan,nan,nan,nan,0
5113172712,5113172435,0.0020000003,1.1264621e-09,0.0019999994,8.587216e-12,nan,nan,nan,nan,nan,nan,nan,nan,0
5113176452,5113176181,0.0020000024,1.6792698e-09,0.001999997,8.752289e-12,nan,nan,nan,nan,nan,nan,nan,nan,0
5113183951,5113183671,0.0020000003,8.933866e-10,0.0019999994,8.832166e-12,nan,nan,nan,nan,nan,nan,nan,nan,0
5113186445,5113186169,0.0020000022,1.4754924e-09,0.001999997,8.80296e-12,nan,nan,nan,nan,nan,nan,nan,nan,0
5113193929,5113193659,0.0020000003,2.5319702e-10,0.0019999999,8.737448e-12,nan,nan,nan,nan,nan,nan,nan,nan,0
5113197683,5113197404,0.0020000022,1.4751521e-09,0.001999997,9.14329e-12,nan,nan,nan,nan,nan,nan,nan,nan,0
5113201441,5113201150,0.0020000006,2.2329623e-10,0.0020000003,9.5344115e-12,nan,nan,nan,nan,nan,nan,nan,nan,0
5113207670,5113207392,0.0020000022,2.9876832e-09,0.0019999957,1.0011294e-11,nan,nan,nan,nan,nan,nan,nan,nan,0
5113211413,5113211137,0.0019999985,1.7069365e-09,0.0020000006,1.0189476e-11,nan,nan,nan,nan,nan,nan,nan,nan,0
5113220148,5113219876,0.0020000006,0.0,0.0020000006,0.0,nan,nan,nan,nan,nan,nan,nan,nan,0
5113221405,5113221125,0.0020000003,0.0,0.0020000008,0.0,nan,nan,nan,nan,nan,nan,nan,nan,0
5113228890,5113228615,0.0019999982,1.5906145e-09,0.0020000006,1.0096143e-11,nan,nan,nan,nan,nan,nan,nan,nan,0
5113232648,5113232360,0.0020000022,1.6195091e-09,0.0019999968,1.0305428e-11,nan,nan,nan,nan,nan,nan,nan,nan,0
5113240141,5113239851,0.0020000024,2.9578378e-09,0.0019999957,1.07528795e-11,nan,nan,nan,nan,nan,nan,nan,nan,0
5113242617,5113242348,0.0020000006,0.0,0.0020000008,0.0,nan,nan,nan,nan,nan,nan,nan,nan,0
5113246375,5113246093,0.0020000003,0.0,0.0020000003,0.0,nan,nan,nan,nan,nan,nan,nan,nan,0
5113253856,5113253583,0.0019999985,1.6768694e-09,0.0020000006,1.11527315e-11,nan,nan,nan,nan,nan,nan,nan,nan,0
5113256370,5113256081,0.0020000022,1.3570712e-09,0.001999997,1.0808784e-11,nan,nan,nan,nan,nan,nan,nan,nan,0
5113263863,5113263571,0.002,1.1831441e-09,0.001999999,1.01128845e-11,nan,nan,nan,nan,nan,nan,nan,nan,0
5113267594,5113267318,0.002,7.1725625e-10,0.0019999996,1.0339491e-11,nan,nan,nan,nan,nan,nan,nan,nan,0
5113273829,5113273558,0.0019999985,1.2983792e-09,0.0020000008,1.12932354e-11,nan,nan,nan,nan,nan,nan,nan,nan,0
5113277578,5113277304,0.0020000022,1.5889141e-09,0.0019999966,1.1796612e-11,nan,nan,nan,nan,nan,nan,nan,nan,0
5113281341,5113281049,0.0020000022,1.4138775e-09,0.001999997,1.2210196e-11,nan,nan,nan,nan,nan,nan,nan,nan,0
5113290092,5113289789,0.0019999985,1.9083983e-09,0.0020000003,1.2454454e-11,nan,nan,nan,nan,nan,nan,nan,nan,0
5113291333,5113291037,0.0020000006,0.0,0.0020000003,0.0,nan,nan,nan,nan,nan,nan,nan,nan,0
5113300055,5113299776,0.0020000006,0.0,0.0020000006,0.0,nan,nan,nan,nan,nan,nan,nan,nan,0
5113302541,5113302272,0.0020000003,7.6425e-11,0.0020000003,1.0886495e-11,nan,nan,nan,nan,nan,nan,nan,nan,0
5113306315,5113306018,0.0020000006,0.0,0.0020000006,0.0,nan,nan,nan,nan,nan,nan,nan,nan,0
5113312538,5113312260,0.0019999985,2.1155666e-09,0.0019999999,9.013007e-12,nan,nan,nan,nan,nan,nan,nan,nan,0
5113316302,5113316006,0.0020000024,1.7085854e-09,0.0019999968,8.540566e-12,nan,nan,nan,nan,nan,nan,nan,nan,0
5113323772,5113323496,0.0020000003,3.704196e-10,0.0019999999,7.930177e-12,nan,nan,nan,nan,nan,nan,nan,nan,0
5113326271,5113325993,0.0020000003,5.065464e-11,0.0020000003,7.553021e-12,nan,nan,nan,nan,nan,nan,nan,nan,0
5113333756,5113333483,0.0020000022,1.3898017e-09,0.001999997,7.182149e-12,nan,nan,nan,nan,nan,nan,nan,nan,0
5113337508,5113337229,0.002000002,1.593302e-09,0.0019999968,7.4086e-12,nan,nan,nan,nan,nan,nan,nan,nan,0
5113345014,5113344719,0.0020000022,1.3323133e-09,0.001999997,6.4629257e-12,nan,nan,nan,nan,nan,nan,nan,nan,0
5113347491,5113347216,0.0020000003,6.339209e-10,0.0019999999,6.363351e-12,nan,nan,nan,nan,nan,nan,nan,nan,0
5113351300,5113350962,0.0020000006,0.0,0.0020000006,0.0,nan,nan,nan,nan,nan,nan,nan,nan,0
5113359976,5113359701,0.0020000003,1.1069912e-10,0.0020000003,5.716207e-12,nan,nan,nan,nan,nan,nan,nan,nan,0
5113362473,5113362198,0.0020000022,1.8281578e-09,0.0019999966,5.383508e-12,nan,nan,nan,nan,nan,nan,nan,nan,0
5113369970,5113369688,0.0020000022,1.8580673e-09,0.0019999966,4.5779214e-12,nan,nan,nan,nan,nan,nan,nan,nan,0
5113372456,5113372186,0.0020000022,2.3822881e-09,0.0019999961,4.22605e-12,nan,nan,nan,nan,nan,nan,nan,nan,0
5113379955,5113379679,0.002000002,2.149356e-09,0.0019999961,4.327455e-12,nan,nan,nan,nan,nan,nan,nan,nan,0
5113382470,5113382173,0.002000002,1.8001681e-09,0.0019999966,4.2693384e-12,nan,nan,nan,nan,nan,nan,nan,nan,0
5113386186,5113385918,0.0020000022,2.8477967e-09,0.0019999957,4.3787127e-12,nan,nan,nan,nan,nan,nan,nan,nan,0
5113393677,5113393408,0.0019999987,1.6842653e-09,0.0020000008,3.7569028e-12,nan,nan,nan,nan,nan,nan,nan,nan,0
5113397436,5113397155,0.0020000003,0.0,0.0020000003,0.0,nan,nan,nan,nan,nan,nan,nan,nan,0
5113403677,5113403397,0.0020000003,6.077648e-10,0.0019999999,3.415667e-12,nan,nan,nan,nan,nan,nan,nan,nan,0
5113407423,5113407141,0.0019999985,1.7423447e-09,0.0020000003,3.8851682e-12,nan,nan,nan,nan,nan,nan,nan,nan,0
5113414914,5113414632,0.0020000003,5.7775357e-10,0.0019999999,4.3230246e-12,nan,nan,nan,nan,nan,nan,nan,nan,0
5113417395,5113417129,0.002,2.867937e-10,0.0019999999,4.2446064e-12,nan,nan,nan,nan,nan,nan,nan,nan,0
5113421146,5113420874,0.0020000022,1.335136e-09,0.001999997,3.640154e-12,nan,nan,nan,nan,nan,nan,nan,nan,0
5113429897,5113429613,0.0020000003,1.0161759e-09,0.0019999994,2.4581275e-12,nan,nan,nan,nan,nan,nan,nan,nan,0
5113432395,5113432110,0.0020000006,0.0,0.0020000006,0.0,nan,nan,nan,nan,nan,nan,nan,nan,0
5113439872,5113439604,0.0020000006,0.0,0.0020000006,0.0,nan,nan,nan,nan,nan,nan,nan,nan,0
5113442369,5113442099,0.0019999982,1.2793044e-09,0.0020000008,1.2641155e-12,nan,nan,nan,nan,nan,nan,nan,nan,0
5113449864,5113449588,0.0020000022,3.1123732e-09,0.0019999952,1.7366334e-12,nan,nan,nan,nan,nan,nan,nan,nan,0
5113452360,5113452088,0.0019999982,1.8028524e-09,0.0020000003,1.5851105e-12,nan,nan,nan,nan,nan,nan,nan,nan,0
5113456103,5113455830,0.0020000022,1.7449625e-09,0.0019999968,1.267323e-12,nan,nan,nan,nan,nan,nan,nan,nan,0
5113463603,5113463321,0.0020000003,1.7363909e-10,0.002,9.838935e-13,nan,nan,nan,nan,nan,nan,nan,nan,0
5113467357,5113467066,0.0020000003,0.0,0.0020000003,0.0,nan,nan,nan,nan,nan,nan,nan,nan,0
5113473584,5113473309,0.0020000006,0.0,0.0020000003,0.0,nan,nan,nan,nan,nan,nan,nan,nan,0
5113477333,5113477054,0.0020000006,0.0,0.0020000003,0.0,nan,nan,nan,nan,nan,nan,nan,nan,0
5113484820,5113484546,0.0020000022,2.7933313e-09,0.0019999957,6.363729e-13,nan,nan,nan,nan,nan,nan,nan,nan,0
5113487321,5113487041,0.0019999985,2.7931177e-09,0.0019999994,8.5009083e-13,nan,nan,nan,nan,nan,nan,nan,nan,0
5113491079,5113490787,0.0019999985,1.512357e-09,0.0020000008,1.0421802e-12,nan,nan,nan,nan,nan,nan,nan,nan,0
5113498547,5113498277,0.0020000003,0.0,0.0020000003,0.0,nan,nan,nan,nan,nan,nan,nan,nan,0
5113502304,5113502022,0.0020000003,2.9435673e-11,0.0020000003,2.8771988e-11,nan,nan,nan,nan,nan,nan,nan,nan,0
5113509789,5113509513,0.0020000003,6.1122796e-10,0.0019999999,2.9056327e-11,nan,nan,nan,nan,nan,nan,nan,nan,0
5113512288,5113512010,0.0020000006,0.0,0.0020000006,0.0,nan,nan,nan,nan,nan,nan,nan,nan,0
5113519775,5113519500,0.0020000038,4.947446e-09,0.0019999915,2.0537912e-13,nan,nan,nan,nan,nan,nan,nan,nan,0
5113522284,5113521997,0.0020000024,1.5132973e-09,0.001999997,1.0189766e-13,nan,nan,nan,nan,nan,nan,nan,nan,0
5113526011,5113525742,0.0020000006,6.39991e-10,0.0019999996,2.9325847e-13,nan,nan,nan,nan,nan,nan,nan,nan,0
5113533523,5113533233,0.0020000003,0.0,0.0020000003,0.0,nan,nan,nan,nan,nan,nan,nan,nan,0
5113537256,5113536980,0.0020000003,5.2307736e-10,0.0019999999,7.9156126e-13,nan,nan,nan,nan,nan,nan,nan,nan,0
5113543496,5113543221,0.0020000022,1.3096944e-09,0.001999997,2.90818e-11,nan,nan,nan,nan,nan,nan,nan,nan,0
5113547238,5113546966,0.0020000003,1.1937482e-09,0.0019999992,2.861263e-11,nan,nan,nan,nan,nan,nan,nan,nan,0
5113554730,5113554456,0.0020000006,6.1273114e-10,0.0019999999,2.7553102e-11,nan,nan,nan,nan,nan,nan,nan,nan,0
5113559728,5113559450,0.0020000006,0.0,0.0020000006,0.0,nan,nan,nan,nan,nan,nan,nan,nan,0
5113560981,5113560698,0.0020000024,1.1947243e-09,0.0019999975,2.7636535e-11,nan,nan,nan,nan,nan,nan,nan,nan,0
5113569712,5113569438,0.0019999982,2.7090374e-09,0.0019999994,2.6722721e-11,nan,nan,nan,nan,nan,nan,nan,nan,0
5113572207,5113571934,0.0019999982,1.6037497e-09,0.0020000006,2.6064869e-11,nan,nan,nan,nan,nan,nan,nan,nan,0
5113579706,5113579432,0.0019999982,1.5463371e-09,0.0020000006,2.5269807e-11,nan,nan,nan,nan,nan,nan,nan,nan,0
5113582189,5113581923,0.0019999985,1.779348e-09,0.0020000003,2.5089496e-11,nan,nan,nan,nan,nan,nan,nan,nan,0
5113585946,5113585667,0.0020000003,3.8224568e-10,0.0019999999,2.5207954e-11,nan,nan,nan,nan,nan,nan,nan,nan,0
5113593465,5113593158,0.0020000006,1.4912103e-10,0.0020000003,2.5501951e-11,nan,nan,nan,nan,nan,nan,nan,nan,0
5113595923,5113595655,0.0019999985,2.8265286e-09,0.0019999994,2.564679e-11,nan,nan,nan,nan,nan,nan,nan,nan,0
5113603412,5113603145,0.002,7.3071493e-10,0.0019999996,2.598467e-11,nan,nan,nan,nan,nan,nan,nan,nan,0
5113607162,5113606891,0.0020000006,0.0,0.0020000003,0.0,nan,nan,nan,nan,nan,nan,nan,nan,0
5113613412,5113613133,0.0020000006,0.0,0.0020000006,0.0,nan,nan,nan,nan,nan,nan,nan,nan,0
5113617152,5113616878,0.0020000003,0.0,0.0020000003,0.0,nan,nan,nan,nan,nan,nan,nan,nan,0
5113624670,5113624369,0.0019999985,1.7779095e-09,0.0020000003,2.652795e-11,nan,nan,nan,nan,nan,nan,nan,nan,0
5113629638,5113629363,0.0020000006,0.0,0.0020000006,0.0,nan,nan,nan,nan,nan,nan,nan,nan,0
5113630895,5113630611,0.002,0.0,0.0020000003,0.0,nan,nan,nan,nan,nan,nan,nan,nan,0
5113638376,5113638102,0.0020000003,4.955904e-10,0.0019999999,2.8278557e-11,nan,nan,nan,nan,nan,nan,nan,nan,0
5113642125,5113641847,0.0019999987,1.6014096e-09,0.0020000006,2.8404966e-11,nan,nan,nan,nan,nan,nan,nan,nan,0
5113649617,5113649338,0.0020000022,1.7761296e-09,0.0019999966,2.830796e-11,nan,nan,nan,nan,nan,nan,nan,nan,0
5113652117,5113651834,0.002000002,1.5436489e-09,0.0019999968,2.7958007e-11,nan,nan,nan,nan,nan,nan,nan,nan,0
5113659604,5113659330,0.0019999985,2.5920681e-09,0.0019999994,2.7276563e-11,nan,nan,nan,nan,nan,nan,nan,nan,0
5113663348,5113663071,0.0020000003,0.0,0.0020000003,0.0,nan,nan,nan,nan,nan,nan,nan,nan,0
5113665845,5113665567,0.0020000006,0.0,0.0020000006,0.0,nan,nan,nan,nan,nan,nan,nan,nan,0
5113673343,5113673058,0.0019999985,1.8936066e-09,0.0020000003,2.724622e-11,nan,nan,nan,nan,nan,nan,nan,nan,0
5113677075,5113676803,0.0020000003,0.0,0.0020000006,0.0,nan,nan,nan,nan,nan,nan,nan,nan,0
5113683328,5113683045,0.0020000006,0.0,0.0020000006,0.0,nan,nan,nan,nan,nan,nan,nan,nan,0
5113687088,5113686791,0.0020000003,3.0019973e-11,0.0020000003,2.8187688e-11,nan,nan,nan,nan,nan,nan,nan,nan,0
5113694554,5113694286,0.0019999985,1.8918642e-09,0.0020000003,2.8988575e-11,nan,nan,nan,nan,nan,nan,nan,nan,0
5113698314,5113698026,0.0020000003,0.0,0.0020000003,0.0,nan,nan,nan,nan,nan,nan,nan,nan,0
5113700797,5113700524,0.0020000006,0.0,0.0020000006,0.0,nan,nan,nan,nan,nan,nan,nan,nan,0
5113709537,5113709263,0.0020000003,6.3973854e-10,0.0019999999,5.457128e-13,nan,nan,nan,nan,nan,nan,nan,nan,0
5113712044,5113711759,0.0020000006,0.0,0.0020000003,0.0,nan,nan,nan,nan,nan,nan,nan,nan,0
5113719532,5113719255,0.0019999985,1.9780366e-09,0.0020000003,1.0238702e-12,nan,nan,nan,nan,nan,nan,nan,nan,0
5113722017,5113721747,0.0019999985,1.9198718e-09,0.0020000003,9.809237e-13,nan,nan,nan,nan,nan,nan,nan,nan,0
5113729523,5113729245,0.0020000003,5.7153095e-11,0.0020000003,1.0545662e-12,nan,nan,nan,nan,nan,nan,nan,nan,0
5113733263,5113732983,0.0019999985,1.3958058e-09,0.0020000008,1.1780438e-12,nan,nan,nan,nan,nan,nan,nan,nan,0
5113737005,5113736728,0.0020000006,0.0,0.0020000006,0.0,nan,nan,nan,nan,nan,nan,nan,nan,0
5113743241,5113742970,0.0020000006,0.0,0.0020000006,0.0,nan,nan,nan,nan,nan,nan,nan,nan,0
5113746983,5113746716,0.0020000022,1.3959012e-09,0.001999997,1.0827259e-12,nan,nan,nan,nan,nan,nan,nan,nan,0
5113754487,5113754207,0.002000002,3.0258214e-09,0.0019999952,9.769286e-13,nan,nan,nan,nan,nan,nan,nan,nan,0
5113756986,5113756703,0.0020000003,5.2286614e-10,0.0019999999,1.002802e-12,nan,nan,nan,nan,nan,nan,nan,nan,0
5113764464,5113764193,0.0020000008,0.0,0.002000001,0.0,nan,nan,nan,nan,nan,nan,nan,nan,0
5113769462,5113769188,0.002,1.1918514e-09,0.001999999,1.4056395e-12,nan,nan,nan,nan,nan,nan,nan,nan,0
5113771968,5113771684,0.0020000006,0.0,0.0020000006,0.0,nan,nan,nan,nan,nan,nan,nan,nan,0
5113779449,5113779175,0.0019999982,1.8026725e-09,0.0020000003,1.7649805e-12,nan,nan,nan,nan,nan,nan,nan,nan,0
5113781949,5113781672,0.0020000006,0.0,0.0020000003,0.0,nan,nan,nan,nan,nan,nan,nan,nan,0
5113789446,5113789163,0.0020000006,0.0,0.0020000006,0.0,nan,nan,nan,nan,nan,nan,nan,nan,0
5113791926,5113791659,0.0020000003,0.0,0.0020000006,0.0,nan,nan,nan,nan,nan,nan,nan,nan,0
5113799425,5113799150,0.002,6.9727935e-10,0.0019999996,1.2125839e-12,nan,nan,nan,nan,nan,nan,nan,nan,0
5113803164,5113802895,0.0020000006,0.0,0.0020000006,0.0,nan,nan,nan,nan,nan,nan,nan,nan,0
5113806919,5113806641,0.0020000003,2.7129412e-11,0.0020000003,1.974419e-12,nan,nan,nan,nan,nan,nan,nan,nan,0
5113813150,5113812883,0.0020000006,0.0,0.0020000008,0.0,nan,nan,nan,nan,nan,nan,nan,nan,0
5113816912,5113816628,0.0020000006,0.0,0.0020000006,0.0,nan,nan,nan,nan,nan,nan,nan,nan,0
5113824405,5113824119,0.0020000006,0.0,0.0020000006,0.0,nan,nan,nan,nan,nan,nan,nan,nan,0
5113826883,5113826615,0.0020000003,0.0,0.0020000003,2.0084264e-12,nan,nan,nan,nan,nan,nan,nan,nan,0
5113834385,5113834106,0.0019999985,1.3643081e-09,0.0020000008,3.571957e-12,nan,nan,nan,nan,nan,nan,nan,nan,0
5113839374,5113839100,0.0019999985,1.2768179e-09,0.0020000008,3.75063e-12,nan,nan,nan,nan,nan,nan,nan,nan,0
5113841870,5113841597,0.0020000022,1.2767145e-09,0.001999997,3.853997e-12,nan,nan,nan,nan,nan,nan,nan,nan,0
5113849367,5113849088,0.0020000003,3.163962e-10,0.0019999999,3.745943e-12,nan,nan,nan,nan,nan,nan,nan,nan,0
5113851852,5113851584,0.0020000006,0.0,0.0020000008,0.0,nan,nan,nan,nan,nan,nan,nan,nan,0
5113859359,5113859075,0.0020000003,3.74507e-10,0.0019999999,3.8427993e-12,nan,nan,nan,nan,nan,nan,nan,nan,0
5113861839,5113861571,0.0020000022,1.3930189e-09,0.001999997,3.9649412e-12,nan,nan,nan,nan,nan,nan,nan,nan,0
5113869343,5113869062,0.0019999985,2.6735174e-09,0.0019999994,4.035102e-12,nan,nan,nan,nan,nan,nan,nan,nan,0
5113873078,5113872807,0.0020000006,0.0,0.0020000006,0.0,nan,nan,nan,nan,nan,nan,nan,nan,0
5113876826,5113876553,0.0019999987,2.4405724e-09,0.0019999999,4.149271e-12,nan,nan,nan,nan,nan,nan,nan,nan,0
5113883069,5113882795,0.0020000022,2.207611e-09,0.0019999961,4.280085e-12,nan,nan,nan,nan,nan,nan,nan,nan,0
5113886818,5113886540,0.0020000003,1.1304964e-09,0.0019999992,4.5530385e-12,nan,nan,nan,nan,nan,nan,nan,nan,0
5113894318,5113894031,0.0019999987,1.6536986e-09,0.0020000008,5.2196632e-12,nan,nan,nan,nan,nan,nan,nan,nan,0
5113896798,5113896528,0.002,2.2744334e-10,0.0019999999,5.3873035e-12,nan,nan,nan,nan,nan,nan,nan,nan,0
5113904299,5113904018,0.002000002,1.7990494e-09,0.0019999966,5.3880823e-12,nan,nan,nan,nan,nan,nan,nan,nan,0
5113909304,5113909013,0.0020000006,0.0,0.0020000006,0.0,nan,nan,nan,nan,nan,nan,nan,nan,0
5113911773,5113911509,0.0020000003,0.0,0.0020000006,0.0,nan,nan,nan,nan,nan,nan,nan,nan,0
5113919278,5113919000,0.0020000003,4.308049e-10,0.0019999999,5.7525616e-12,nan,nan,nan,nan,nan,nan,nan,nan,0
5113921772,5113921496,0.0019999982,2.089692e-09,0.002,5.783835e-12,nan,nan,nan,nan,nan,nan,nan,nan,0
5113929286,5113928987,0.0020000006,0.0,0.0020000006,0.0,nan,nan,nan,nan,nan,nan,nan,nan,0
5113933009,5113932732,0.0020000003,9.834789e-10,0.0019999994,6.0514094e-12,nan,nan,nan,nan,nan,nan,nan,nan,0
5113939248,5113938975,0.0020000022,2.7294629e-09,0.0019999957,6.2972457e-12,nan,nan,nan,nan,nan,nan,nan,nan,0
5113942987,5113942720,0.0020000003,5.757863e-10,0.0019999999,6.290326e-12,nan,nan,nan,nan,nan,nan,nan,nan,0
5113946741,5113946466,0.0020000003,2.308107e-11,0.0020000003,6.0227604e-12,nan,nan,nan,nan,nan,nan,nan,nan,0
5113952985,5113952707,0.0020000003,1.274862e-09,0.001999999,5.7065533e-12,nan,nan,nan,nan,nan,nan,nan,nan,0
5113956724,5113956453,0.002,1.1876118e-09,0.001999999,5.6452083e-12,nan,nan,nan,nan,nan,nan,nan,nan,0
5113964222,5113963943,0.0019999987,1.7400157e-09,0.0020000006,6.2141785e-12,nan,nan,nan,nan,nan,nan,nan,nan,0
5113969214,5113968937,0.0020000006,0.0,0.0020000006,0.0,nan,nan,nan,nan,nan,nan,nan,nan,0
5113974207,5113973931,0.0019999985,1.2731141e-09,0.0020000008,7.454478e-12,nan,nan,nan,nan,nan,nan,nan,nan,0
5113979200,5113978925,0.0020000024,2.9611489e-09,0.0019999957,7.441747e-12,nan,nan,nan,nan,nan,nan,nan,nan,0
5113981702,5113981421,0.0020000022,1.4184711e-09,0.001999997,7.616553e-12,nan,nan,nan,nan,nan,nan,nan,nan,0
5113989185,5113988912,0.0020000008,0.0,0.0020000006,0.0,nan,nan,nan,nan,nan,nan,nan,nan,0
5113991686,5113991409,0.0020000022,3.019216e-09,0.0019999957,7.5824885e-12,nan,nan,nan,nan,nan,nan,nan,nan,0
5113999171,5113998900,0.0020000022,1.1860808e-09,0.0019999973,7.1762735e-12,nan,nan,nan,nan,nan,nan,nan,nan,0
5114002930,5114002645,0.0020000006,0.0,0.0020000008,0.0,nan,nan,nan,nan,nan,nan,nan,nan,0
5114009157,5114008887,0.0020000006,0.0,0.0020000008,0.0,nan,nan,nan,nan,nan,nan,nan,nan,0
5114012908,5114012632,0.0020000022,1.4766671e-09,0.001999997,7.62828e-12,nan,nan,nan,nan,nan,nan,nan,nan,0
5114016654,5114016378,0.0019999985,1.8257339e-09,0.0020000003,7.807404e-12,nan,nan,nan,nan,nan,nan,nan,nan,0
5114022886,5114022620,0.0020000022,1.6221924e-09,0.0019999968,7.622103e-12,nan,nan,nan,nan,nan,nan,nan,nan,0
5114026643,5114026365,0.0020000022,1.6513029e-09,0.0019999968,7.615408e-12,nan,nan,nan,nan,nan,nan,nan,nan,0
5114034141,5114033856,0.0019999982,1.302012e-09,0.0020000008,7.660291e-12,nan,nan,nan,nan,nan,nan,nan,nan,0
5114039127,5114038849,0.0019999985,1.4179766e-09,0.0020000008,8.1110865e-12,nan,nan,nan,nan,nan,nan,nan,nan,0
5114044121,5114043843,0.0020000003,0.0,0.0020000003,0.0,nan,nan,nan,nan,nan,nan,nan,nan,0
5114049117,5114048837,0.0019999985,1.7961728e-09,0.0020000003,8.264715e-12,nan,nan,nan,nan,nan,nan,nan,nan,0
5114051604,5114051334,0.0020000006,0.0,0.0020000008,0.0,nan,nan,nan,nan,nan,nan,nan,nan,0
5114057849,5114057576,0.0020000003,8.3693946e-10,0.0019999994,7.0716297e-12,nan,nan,nan,nan,nan,nan,nan,nan,0
5114061594,5114061327,0.0020000006,0.0,0.0020000006,0.0,nan,nan,nan,nan,nan,nan,nan,nan,0
5114069086,5114068812,0.0019999985,2.4089002e-09,0.0019999999,6.71767e-12,nan,nan,nan,nan,nan,nan,nan,nan,0
5114072828,5114072557,0.0020000006,0.0,0.0020000008,0.0,nan,nan,nan,nan,nan,nan,nan,nan,0
5114076579,5114076303,0.0020000022,2.6710067e-09,0.0019999957,6.5456356e-12,nan,nan,nan,nan,nan,nan,nan,nan,0
5114082816,5114082545,0.0020000003,0.0,0.0020000003,0.0,nan,nan,nan,nan,nan,nan,nan,nan,0
5114086564,5114086290,0.0020000022,3.049379e-09,0.0019999954,6.5231397e-12,nan,nan,nan,nan,nan,nan,nan,nan,0
5114092806,5114092532,0.0020000006,0.0,0.0020000006,0.0,nan,nan,nan,nan,nan,nan,nan,nan,0
5114096556,5114096278,0.0020000006,7.980234e-11,0.0020000003,7.509151e-12,nan,nan,nan,nan,nan,nan,nan,nan,0
5114104044,5114103768,0.0020000024,1.6801286e-09,0.0019999968,7.893623e-12,nan,nan,nan,nan,nan,nan,nan,nan,0
5114109041,5114108762,0.0019999985,2.5530489e-09,0.0019999994,8.088093e-12,nan,nan,nan,nan,nan,nan,nan,nan,0
5114114041,5114113756,0.0020000003,5.7375893e-10,0.0019999999,8.317697e-12,nan,nan,nan,nan,nan,nan,nan,nan,0
5114119026,5114118749,0.0020000003,0.0,0.0020000003,0.0,nan,nan,nan,nan,nan,nan,nan,nan,0
5114121529,5114121246,0.0019999985,2.2030706e-09,0.0019999999,8.820592e-12,nan,nan,nan,nan,nan,nan,nan,nan,0
5114129024,5114128737,0.0020000003,4.855792e-10,0.0019999999,9.185919e-12,nan,nan,nan,nan,nan,nan,nan,nan,0
5114131541,5114131234,0.0020000006,0.0,0.0020000006,0.0,nan,nan,nan,nan,nan,nan,nan,nan,0
5114139006,5114138725,0.0020000006,0.0,0.0020000003,0.0,nan,nan,nan,nan,nan,nan,nan,nan,0
5114142745,5114142474,0.0020000006,0.0,0.0020000006,0.0,nan,nan,nan,nan,nan,nan,nan,nan,0
5114146495,5114146215,0.0020000008,0.0,0.0020000008,0.0,nan,nan,nan,nan,nan,nan,nan,nan,0
5114152727,5114152457,0.0020000006,0.0,0.0020000006,0.0,nan,nan,nan,nan,nan,nan,nan,nan,0
5114156477,5114156203,0.0019999985,2.5231188e-09,0.0019999999,8.914357e-12,nan,nan,nan,nan,nan,nan,nan,nan,0
5114163979,5114163693,0.0020000006,0.0,0.0020000003,0.0,nan,nan,nan,nan,nan,nan,nan,nan,0
5114166461,5114166190,0.0020000022,1.6200702e-09,0.0019999968,9.744304e-12,nan,nan,nan,nan,nan,nan,nan,nan,0
5114173958,5114173681,0.0020000022,2.7841525e-09,0.0019999957,9.81519e-12,nan,nan,nan,nan,nan,nan,nan,nan,0
5114178946,5114178674,0.0020000006,0.0,0.0020000006,0.0,nan,nan,nan,nan,nan,nan,nan,nan,0
5114181456,5114181171,0.0020000022,1.3580167e-09,0.001999997,9.863279e-12,nan,nan,nan,nan,nan,nan,nan,nan,0
5114188949,5114188662,0.0020000022,2.9880918e-09,0.0019999957,9.602678e-12,nan,nan,nan,nan,nan,nan,nan,nan,0
5114191425,5114191158,0.0020000003,0.0,0.0020000003,0.0,nan,nan,nan,nan,nan,nan,nan,nan,0
5114198936,5114198650,0.0020000006,0.0,0.0020000006,0.0,nan,nan,nan,nan,nan,nan,nan,nan,0
5114201421,5114201146,0.002000002,1.5621507e-09,0.0019999968,9.456113e-12,nan,nan,nan,nan,nan,nan,nan,nan,0
5114208910,5114208637,0.0020000003,0.0,0.0020000003,0.0,nan,nan,nan,nan,nan,nan,nan,nan,0
5114212656,5114212382,0.0020000024,1.2116623e-09,0.0019999975,1.0698503e-11,nan,nan,nan,nan,nan,nan,nan,nan,0
5114216415,5114216127,0.002000002,1.5314428e-09,0.0019999968,1.1060281e-11,nan,nan,nan,nan,nan,nan,nan,nan,0
5114222654,5114222370,0.0020000003,0.0,0.0020000003,0.0,nan,nan,nan,nan,nan,nan,nan,nan,0
5114226386,5114226115,0.0020000003,1.3457838e-10,0.0020000003,1.0940774e-11,nan,nan,nan,nan,nan,nan,nan,nan,0
5114233888,5114233605,0.0020000006,0.0,0.0020000006,0.0,nan,nan,nan,nan,nan,nan,nan,nan,0
5114236376,5114236102,0.0020000006,0.0,0.0020000006,0.0,nan,nan,nan,nan,nan,nan,nan,nan,0
5114243874,5114243593,0.0020000003,2.8092606e-10,0.002,1.0112236e-11,nan,nan,nan,nan,nan,nan,nan,nan,0
5114247613,5114247338,0.0019999982,2.6383205e-09,0.0019999994,1.012819e-11,nan,nan,nan,nan,nan,nan,nan,nan,0
5114253855,5114253580,0.0019999985,1.8236761e-09,0.0020000003,9.86518e-12,nan,nan,nan,nan,nan,nan,nan,nan,0
5114258846,5114258574,0.0020000003,1.2415687e-09,0.0019999992,9.895999e-12,nan,nan,nan,nan,nan,nan,nan,nan,0
5114261347,5114261071,0.0020000003,4.834306e-11,0.0020000003,9.864602e-12,nan,nan,nan,nan,nan,nan,nan,nan,0
5114268839,5114268561,0.0020000022,1.2417233e-09,0.0019999973,9.7414715e-12,nan,nan,nan,nan,nan,nan,nan,nan,0
5114271335,5114271059,0.0020000003,0.0,0.0020000003,0.0,nan,nan,nan,nan,nan,nan,nan,nan,0
5114278821,5114278549,0.0020000006,0.0,0.0020000006,0.0,nan,nan,nan,nan,nan,nan,nan,nan,0
5114282566,5114282294,0.0020000003,0.0,0.0020000003,0.0,nan,nan,nan,nan,nan,nan,nan,nan,0
5114288820,5114288538,0.0020000006,0.0,0.0020000003,0.0,nan,nan,nan,nan,nan,nan,nan,nan,0
5114292554,5114292282,0.0019999985,1.4159742e-09,0.0020000008,1.0113499e-11,nan,nan,nan,nan,nan,nan,nan,nan,0
5114296307,5114296027,0.0020000003,0.0,0.0020000003,0.0,nan,nan,nan,nan,nan,nan,nan,nan,0
5114303793,5114303518,0.002000002,1.7367144e-09,0.0019999966,9.51539e-12,nan,nan,nan,nan,nan,nan,nan,nan,0
5114306310,5114306014,0.0020000003,5.144648e-10,0.0019999999,9.4041545e-12,nan,nan,nan,nan,nan,nan,nan,nan,0
5114313780,5114313505,0.0020000003,3.114465e-10,0.002,8.69564e-12,nan,nan,nan,nan,nan,nan,nan,nan,0
5114318790,5114318509,0.0020000006,0.0,0.0020000006,0.0,nan,nan,nan,nan,nan,nan,nan,nan,0
5114325019,5114324741,0.0020000022,1.4181276e-09,0.001999997,7.960091e-12,nan,nan,nan,nan,nan,nan,nan,nan,0
5114328762,5114328487,0.0019999985,1.3309484e-09,0.0020000008,7.82781e-12,nan,nan,nan,nan,nan,nan,nan,nan,0
5114331258,5114330983,0.0020000003,0.0,0.0020000003,0.0,nan,nan,nan,nan,nan,nan,nan,nan,0
5114338744,5114338474,0.0020000006,5.4624993e-10,0.0019999999,6.722836e-12,nan,nan,nan,nan,nan,nan,nan,nan,0
5114342496,5114342219,0.0020000024,1.2744599e-09,0.0019999973,6.1086275e-12,nan,nan,nan,nan,nan,nan,nan,nan,0
5114348784,5114348461,0.0020000003,0.0,0.0020000003,0.0,nan,nan,nan,nan,nan,nan,nan,nan,0
5114352481,5114352207,0.0020000006,0.0,0.0020000003,0.0,nan,nan,nan,nan,nan,nan,nan,nan,0
5114359978,5114359697,0.0020000003,4.0522305e-10,0.0019999999,2.2305872e-12,nan,nan,nan,nan,nan,nan,nan,nan,0
5114362483,5114362194,0.0020000003,5.6425833e-11,0.0020000003,1.7818282e-12,nan,nan,nan,nan,nan,nan,nan,nan,0
5114366211,5114365939,0.002,0.0,0.0020000003,0.0,nan,nan,nan,nan,nan,nan,nan,nan,0
5114373712,5114373430,0.0019999987,1.7447145e-09,0.0020000006,1.5153122e-12,nan,nan,nan,nan,nan,nan,nan,nan,0
5114378699,5114378424,0.0020000008,0.0,0.002000001,0.0,nan,nan,nan,nan,nan,nan,nan,nan,0
5114383692,5114383418,0.0020000022,1.803639e-09,0.0019999966,7.9844464e-13,nan,nan,nan,nan,nan,nan,nan,nan,0
5114387431,5114387163,0.0020000003,0.0,0.0020000003,0.0,nan,nan,nan,nan,nan,nan,nan,nan,0
5114394927,5114394653,0.0019999987,1.1938008e-09,0.0020000013,2.8559991e-11,nan,nan,nan,nan,nan,nan,nan,nan,0
5114398678,5114398405,0.0020000003,0.0,0.0020000003,0.0,nan,nan,nan,nan,nan,nan,nan,nan,0
5114401173,5114400896,0.0020000006,6.124366e-10,0.0019999999,2.7847686e-11,nan,nan,nan,nan,nan,nan,nan,nan,0
5114408662,5114408386,0.0020000003,3.0013002e-11,0.0020000003,2.8194658e-11,nan,nan,nan,nan,nan,nan,nan,nan,0
5114412419,5114412132,0.002000002,2.5912454e-09,0.001999996,2.8099283e-11,nan,nan,nan,nan,nan,nan,nan,nan,0
5114418645,5114418374,0.002000002,1.3102137e-09,0.001999997,2.8562444e-11,nan,nan,nan,nan,nan,nan,nan,nan,0
5114422391,5114422119,0.0020000022,1.6595576e-09,0.0019999968,2.8464592e-11,nan,nan,nan,nan,nan,nan,nan,nan,0
5114429884,5114429610,0.002000002,3.056851e-09,0.0019999954,2.8155058e-11,nan,nan,nan,nan,nan,nan,nan,nan,0
5114432377,5114432106,0.0020000003,1.4674978e-10,0.0020000003,2.787321e-11,nan,nan,nan,nan,nan,nan,nan,nan,0
5114436130,5114435852,0.0020000003,0.0,0.0020000003,0.0,nan,nan,nan,nan,nan,nan,nan,nan,0
5114443620,5114443343,0.0020000003,1.078651e-09,0.0019999994,2.7294562e-11,nan,nan,nan,nan,nan,nan,nan,nan,0
5114447360,5114447088,0.0020000003,0.0,0.0020000003,0.0,nan,nan,nan,nan,nan,nan,nan,nan,0
5114453609,5114453332,0.0019999985,2.1264495e-09,0.0019999999,2.723407e-11,nan,nan,nan,nan,nan,nan,nan,nan,0
5114458596,5114458324,0.0020000006,6.135484e-10,0.0019999999,2.6735895e-11,nan,nan,nan,nan,nan,nan,nan,nan,0
5114464834,5114464566,0.0019999985,1.6618701e-09,0.0020000008,2.6152105e-11,nan,nan,nan,nan,nan,nan,nan,nan,0
5114467351,5114467062,0.0020000006,0.0,0.0020000006,0.0,nan,nan,nan,nan,nan,nan,nan,nan,0
5114471077,5114470808,0.0020000003,7.302896e-10,0.0019999994,2.6409964e-11,nan,nan,nan,nan,nan,nan,nan,nan,0
5114478570,5114478299,0.0020000003,0.0,0.0020000003,0.0,nan,nan,nan,nan,nan,nan,nan,nan,0
5114482331,5114482046,0.0019999985,2.2432944e-09,0.0019999999,2.680441e-11,nan,nan,nan,nan,nan,nan,nan,nan,0
5114488557,5114488286,0.002000002,1.7770238e-09,0.0019999966,2.7413766e-11,nan,nan,nan,nan,nan,nan,nan,nan,0
5114492310,5114492035,0.0020000003,6.12515e-10,0.0019999999,2.7769287e-11,nan,nan,nan,nan,nan,nan,nan,nan,0
5114499797,5114499522,0.002000002,1.5431261e-09,0.0019999968,2.8480766e-11,nan,nan,nan,nan,nan,nan,nan,nan,0
5114502312,5114502019,0.0020000003,1.0775325e-09,0.0019999994,2.8413074e-11,nan,nan,nan,nan,nan,nan,nan,nan,0
5114506054,5114505764,0.0020000003,0.0,0.0020000003,0.0,nan,nan,nan,nan,nan,nan,nan,nan,0
5114513530,5114513256,0.0020000003,0.0,0.0020000003,0.0,nan,nan,nan,nan,nan,nan,nan,nan,0
5114517281,5114517000,0.0019999985,1.3124303e-09,0.0020000008,2.6345932e-11,nan,nan,nan,nan,nan,nan,nan,nan,0
5114523531,5114523242,0.0019999987,2.941574e-09,0.0019999994,2.7016573e-11,nan,nan,nan,nan,nan,nan,nan,nan,0
5114528572,5114528238,0.0020000003,0.0,0.0020000003,0.0,nan,nan,nan,nan,nan,nan,nan,nan,0
5114534747,5114534478,0.0019999982,1.3107331e-09,0.0020000008,2.8043082e-11,nan,nan,nan,nan,nan,nan,nan,nan,0
5114538501,5114538223,0.002,1.1943262e-09,0.001999999,2.803463e-11,nan,nan,nan,nan,nan,nan,nan,nan,0
5114540997,5114540720,0.0020000022,2.7078615e-09,0.0019999957,2.7898524e-11,nan,nan,nan,nan,nan,nan,nan,nan,0
5114548484,5114548211,0.0019999985,1.8929267e-09,0.0020000003,2.7926106e-11,nan,nan,nan,nan,nan,nan,nan,nan,0
5114552227,5114551956,0.0020000003,1.4730044e-10,0.0020000003,2.7322544e-11,nan,nan,nan,nan,nan,nan,nan,nan,0
5114558475,5114558202,0.0019999985,1.7780639e-09,0.0020000003,2.6373535e-11,nan,nan,nan,nan,nan,nan,nan,nan,0
5114562209,5114561943,0.0019999982,2.7104328e-09,0.0019999994,2.5327213e-11,nan,nan,nan,nan,nan,nan,nan,nan,0
5114569708,5114569435,0.0020000006,0.0,0.0020000006,0.0,nan,nan,nan,nan,nan,nan,nan,nan,0
5114573464,5114573180,0.0020000022,1.4300642e-09,0.001999997,2.5127303e-11,nan,nan,nan,nan,nan,nan,nan,nan,0
5114575966,5114575676,0.0019999987,1.662482e-09,0.0020000008,2.5540129e-11,nan,nan,nan,nan,nan,nan,nan,nan,0
5114583445,5114583168,0.0019999985,1.4297582e-09,0.0020000008,2.5433329e-11,nan,nan,nan,nan,nan,nan,nan,nan,0
5114588439,5114588161,0.002,0.0,0.0020000003,0.0,nan,nan,nan,nan,nan,nan,nan,nan,0
5114593442,5114593155,0.0020000003,0.0,0.0020000003,0.0,nan,nan,nan,nan,nan,nan,nan,nan,0
5114597179,5114596900,0.0020000003,0.0,0.0020000006,0.0,nan,nan,nan,nan,nan,nan,nan,nan,0
5114604656,5114604390,0.0020000006,0.0,0.0020000006,0.0,nan,nan,nan,nan,nan,nan,nan,nan,0
5114608422,5114608140,0.0020000006,0.0,0.0020000006,0.0,nan,nan,nan,nan,nan,nan,nan,nan,0
5114610914,5114610632,0.0019999985,2.245044e-09,0.0019999999,2.5054802e-11,nan,nan,nan,nan,nan,nan,nan,nan,0
5114618396,5114618124,0.0020000022,1.429741e-09,0.001999997,2.5450534e-11,nan,nan,nan,nan,nan,nan,nan,nan,0
5114622165,5114621868,0.0019999985,2.5940108e-09,0.0019999994,2.5333964e-11,nan,nan,nan,nan,nan,nan,nan,nan,0
5114628385,5114628111,0.0020000008,0.0,0.0020000008,0.0,nan,nan,nan,nan,nan,nan,nan,nan,0
5114632135,5114631856,0.0020000022,1.3136254e-09,0.001999997,2.5150815e-11,nan,nan,nan,nan,nan,nan,nan,nan,0
5114639624,5114639347,0.0020000003,9.641442e-10,0.0019999994,2.5385978e-11,nan,nan,nan,nan,nan,nan,nan,nan,0
5114643369,5114643093,0.0020000008,0.0,0.0020000006,0.0,nan,nan,nan,nan,nan,nan,nan,nan,0
5114645858,5114645589,0.0019999985,2.4186235e-09,0.0019999999,2.6098207e-11,nan,nan,nan,nan,nan,nan,nan,nan,0
5114653370,5114653081,0.0020000003,0.0,0.0020000003,0.0,nan,nan,nan,nan,nan,nan,nan,nan,0
5114658356,5114658073,0.0019999982,1.7770392e-09,0.0020000003,2.739825e-11,nan,nan,nan,nan,nan,nan,nan,nan,0
5114663384,5114663067,0.0020000003,1.4729389e-10,0.0020000003,2.7329097e-11,nan,nan,nan,nan,nan,nan,nan,nan,0
5114667088,5114666812,0.0020000022,3.0576348e-09,0.0019999954,2.7371206e-11,nan,nan,nan,nan,nan,nan,nan,nan,0
5114674576,5114674303,0.002,2.6418717e-10,0.002,2.6851129e-11,nan,nan,nan,nan,nan,nan,nan,nan,0
5114678331,5114678048,0.0020000003,0.0,0.0020000003,0.0,nan,nan,nan,nan,nan,nan,nan,nan,0
5114680813,5114680545,0.0020000006,0.0,0.0020000006,0.0,nan,nan,nan,nan,nan,nan,nan,nan,0
5114688316,5114688036,0.0020000003,8.45077e-10,0.0019999994,2.8037923e-11,nan,nan,nan,nan,nan,nan,nan,nan,0
5114692059,5114691781,0.002,0.0,0.0020000003,0.0,nan,nan,nan,nan,nan,nan,nan,nan,0
5114698308,5114698029,0.0020000022,2.0371844e-09,0.0019999966,8.381837e-14,nan,nan,nan,nan,nan,nan,nan,nan,0
5114702053,5114701768,0.0020000006,0.0,0.0020000006,0.0,nan,nan,nan,nan,nan,nan,nan,nan,0
5114709540,5114709259,0.0019999985,1.3961411e-09,0.0020000008,8.428206e-13,nan,nan,nan,nan,nan,nan,nan,nan,0
5114713281,5114713004,0.0020000003,4.6439305e-10,0.0019999999,1.2682234e-12,nan,nan,nan,nan,nan,nan,nan,nan,0
5114718286,5114717998,0.0020000006,0.0,0.0020000006,0.0,nan,nan,nan,nan,nan,nan,nan,nan,0
5114723291,5114722992,0.0020000003,0.0,0.0020000003,0.0,nan,nan,nan,nan,nan,nan,nan,nan,0
5114728263,5114727986,0.0020000006,0.0,0.0020000008,0.0,nan,nan,nan,nan,nan,nan,nan,nan,0
5114734509,5114734228,0.0020000003,0.0,0.0020000003,0.0,nan,nan,nan,nan,nan,nan,nan,nan,0
5114738247,5114737973,0.0020000022,2.617945e-09,0.0019999957,1.3998767e-12,nan,nan,nan,nan,nan,nan,nan,nan,0
5114740745,5114740470,0.0020000003,5.7026387e-11,0.0020000003,1.1812738e-12,nan,nan,nan,nan,nan,nan,nan,nan,0
5114748243,5114747961,0.0019999985,1.8623537e-09,0.0020000003,2.9146303e-13,nan,nan,nan,nan,nan,nan,nan,nan,0
5114751982,5114751706,0.0019999985,1.7757742e-09,0.0020000003,2.8663325e-11,nan,nan,nan,nan,nan,nan,nan,nan,0
5114758224,5114757949,0.0020000022,1.3099132e-09,0.001999997,2.8863033e-11,nan,nan,nan,nan,nan,nan,nan,nan,0
5114761967,5114761693,0.0020000003,0.0,0.0020000003,0.0,nan,nan,nan,nan,nan,nan,nan,nan,0
5114769467,5114769184,0.0019999982,1.5711389e-09,0.0020000006,4.67933e-13,nan,nan,nan,nan,nan,nan,nan,nan,0
5114771954,5114771681,0.0019999982,1.570875e-09,0.0020000006,7.318972e-13,nan,nan,nan,nan,nan,nan,nan,nan,0
5114779447,5114779171,0.0019999982,1.5702399e-09,0.0020000006,1.3669448e-12,nan,nan,nan,nan,nan,nan,nan,nan,0
5114783191,5114782917,0.0020000003,0.0,0.0020000003,0.0,nan,nan,nan,nan,nan,nan,nan,nan,0
5114788184,5114787910,0.0020000006,0.0,0.0020000006,0.0,nan,nan,nan,nan,nan,nan,nan,nan,0
5114793202,5114792905,0.0019999985,1.8313968e-09,0.0020000003,2.144545e-12,nan,nan,nan,nan,nan,nan,nan,nan,0
5114798176,5114797903,0.0020000003,1.1619201e-09,0.001999999,2.2330696e-12,nan,nan,nan,nan,nan,nan,nan,nan,0
5114804424,5114804141,0.0020000022,1.7727779e-09,0.0019999966,2.555742e-12,nan,nan,nan,nan,nan,nan,nan,nan,0
5114806922,5114806637,0.0019999982,1.6270626e-09,0.0020000003,2.7519115e-12,nan,nan,nan,nan,nan,nan,nan,nan,0
5114814408,5114814128,0.0019999985,2.3837223e-09,0.0019999999,2.7918293e-12,nan,nan,nan,nan,nan,nan,nan,nan,0
5114818158,5114817873,0.0019999985,2.3255915e-09,0.0019999999,2.7148405e-12,nan,nan,nan,nan,nan,nan,nan,nan,0
5114821902,5114821620,0.0020000024,2.5587783e-09,0.001999996,2.3587451e-12,nan,nan,nan,nan,nan,nan,nan,nan,0
5114828142,5114827860,0.0020000003,0.0,0.0020000003,8.1244213e-13,nan,nan,nan,nan,nan,nan,nan,nan,0
5114831878,5114831606,0.0020000003,0.0,0.0020000003,0.0,nan,nan,nan,nan,nan,nan,nan,nan,0
5114839375,5114839096,0.0020000022,1.2792497e-09,0.001999997,1.3188114e-12,nan,nan,nan,nan,nan,nan,nan,nan,0
5114841863,5114841593,0.0020000003,4.0613393e-10,0.0019999999,1.3196961e-12,nan,nan,nan,nan,nan,nan,nan,nan,0
5114849357,5114849084,0.0019999985,1.6860603e-09,0.0020000006,1.961889e-12,nan,nan,nan,nan,nan,nan,nan,nan,0
5114853106,5114852829,0.0020000006,0.0,0.0020000003,0.0,nan,nan,nan,nan,nan,nan,nan,nan,0
5114858105,5114857823,0.002,6.9569284e-10,0.0019999994,2.799096e-12,nan,nan,nan,nan,nan,nan,nan,nan,0
5114863097,5114862817,0.0020000008,0.0,0.002000001,0.0,nan,nan,nan,nan,nan,nan,nan,nan,0
5114868088,5114867810,0.002,1.2485374e-09,0.001999999,2.9272834e-12,nan,nan,nan,nan,nan,nan,nan,nan,0
5114874341,5114874058,0.0019999987,2.994155e-09,0.0019999994,3.5397154e-12,nan,nan,nan,nan,nan,nan,nan,nan,0
5114878081,5114877806,0.0020000006,0.0,0.0020000006,0.0,nan,nan,nan,nan,nan,nan,nan,nan,0
5114884315,5114884040,0.0020000003,0.0,0.0020000003,0.0,nan,nan,nan,nan,nan,nan,nan,nan,0
5114888061,5114887785,0.0020000022,2.9062708e-09,0.0019999957,4.1123493e-12,nan,nan,nan,nan,nan,nan,nan,nan,0
5114891804,5114891531,0.0020000008,0.0,0.0020000008,0.0,nan,nan,nan,nan,nan,nan,nan,nan,0
5114898048,5114897773,0.0020000022,1.8012448e-09,0.0019999966,3.192677e-12,nan,nan,nan,nan,nan,nan,nan,nan,0
5114901787,5114901518,0.0020000022,2.6162248e-09,0.0019999957,3.120013e-12,nan,nan,nan,nan,nan,nan,nan,nan,0
5114909288,5114909009,0.0020000008,0.0,0.002000001,0.0,nan,nan,nan,nan,nan,nan,nan,nan,0
5114911775,5114911505,0.0019999985,1.7433169e-09,0.0020000003,2.9128887e-12,nan,nan,nan,nan,nan,nan,nan,nan,0
5114919280,5114918996,0.0020000008,0.0,0.0020000008,0.0,nan,nan,nan,nan,nan,nan,nan,nan,0
5114923014,5114922742,0.0020000006,1.7079552e-10,0.002,3.827473e-12,nan,nan,nan,nan,nan,nan,nan,nan,0
5114928022,5114927737,0.0020000024,1.4511063e-09,0.001999997,4.085154e-12,nan,nan,nan,nan,nan,nan,nan,nan,0
5114933015,5114932732,0.002000002,3.1391094e-09,0.0019999952,4.1043714e-12,nan,nan,nan,nan,nan,nan,nan,nan,0
5114937996,5114937723,0.0020000003,0.0,0.0020000006,0.0,nan,nan,nan,nan,nan,nan,nan,nan,0
5114944233,5114943965,0.0020000003,5.779784e-10,0.0019999999,4.0982218e-12,nan,nan,nan,nan,nan,nan,nan,nan,0
5114947992,5114947711,0.0020000022,2.6147287e-09,0.0019999957,4.616023e-12,nan,nan,nan,nan,nan,nan,nan,nan,0
5114954230,5114953952,0.0020000006,0.0,0.0020000006,0.0,nan,nan,nan,nan,nan,nan,nan,nan,0
5114957993,5114957705,0.0020000022,1.3922996e-09,0.001999997,4.684284e-12,nan,nan,nan,nan,nan,nan,nan,nan,0
5114961713,5114961443,0.0020000022,3.021884e-09,0.0019999954,4.9142235e-12,nan,nan,nan,nan,nan,nan,nan,nan,0
5114967968,5114967685,0.0019999985,3.079676e-09,0.0019999992,5.329929e-12,nan,nan,nan,nan,nan,nan,nan,nan,0
5114971709,5114971431,0.0020000003,0.0,0.0020000003,0.0,nan,nan,nan,nan,nan,nan,nan,nan,0
5114979190,5114978921,0.0020000006,0.0,0.0020000006,0.0,nan,nan,nan,nan,nan,nan,nan,nan,0
5114982950,5114982666,0.0019999985,2.4399898e-09,0.0019999999,4.7319128e-12,nan,nan,nan,nan,nan,nan,nan,nan,0
5114989209,5114988909,0.0020000003,4.0326048e-10,0.0019999999,4.193139e-12,nan,nan,nan,nan,nan,nan,nan,nan,0
5114992948,5114992654,0.0020000006,0.0,0.0020000006,0.0,nan,nan,nan,nan,nan,nan,nan,nan,0
5114997929,5114997648,0.0020000003,1.0720184e-09,0.0019999994,4.8233587e-12,nan,nan,nan,nan,nan,nan,nan,nan,0
5115002918,5115002642,0.0020000003,7.517177e-10,0.0019999994,4.981914e-12,nan,nan,nan,nan,nan,nan,nan,nan,0
5115007917,5115007636,0.0020000006,0.0,0.0020000006,0.0,nan,nan,nan,nan,nan,nan,nan,nan,0
5115014171,5115013877,0.002000002,2.6724902e-09,0.0019999957,5.0621347e-12,nan,nan,nan,nan,nan,nan,nan,nan,0
5115017908,5115017623,0.0020000022,1.2459451e-09,0.0019999973,5.51963e-12,nan,nan,nan,nan,nan,nan,nan,nan,0
5115024140,5115023865,0.0020000003,0.0,0.0020000003,0.0,nan,nan,nan,nan,nan,nan,nan,nan,0
5115027887,5115027614,0.0020000006,0.0,0.0020000003,0.0,nan,nan,nan,nan,nan,nan,nan,nan,0
5115031632,5115031355,0.0020000006,0.0,0.0020000006,0.0,nan,nan,nan,nan,nan,nan,nan,nan,0
5115037883,5115037598,0.0020000022,1.361187e-09,0.001999997,6.692943e-12,nan,nan,nan,nan,nan,nan,nan,nan,0
5115041620,5115041343,0.0020000006,0.0,0.0020000006,0.0,nan,nan,nan,nan,nan,nan,nan,nan,0
5115049108,5115048834,0.0019999985,2.3205553e-09,0.0019999999,7.751182e-12,nan,nan,nan,nan,nan,nan,nan,nan,0
5115052855,5115052579,0.0020000008,0.0,0.0020000008,0.0,nan,nan,nan,nan,nan,nan,nan,nan,0
5115059091,5115058821,0.0020000003,0.0,0.0020000006,0.0,nan,nan,nan,nan,nan,nan,nan,nan,0
5115062838,5115062566,0.0020000003,0.0,0.0020000003,4.0025474e-12,nan,nan,nan,nan,nan,nan,nan,nan,0
5115067837,5115067560,0.0019999985,2.4075384e-09,0.0019999999,8.079608e-12,nan,nan,nan,nan,nan,nan,nan,nan,0
5115072832,5115072554,0.0020000003,1.0391041e-09,0.0019999994,8.633769e-12,nan,nan,nan,nan,nan,nan,nan,nan,0
5115077822,5115077548,0.0020000022,1.5336428e-09,0.0019999968,8.860293e-12,nan,nan,nan,nan,nan,nan,nan,nan,0
5115084063,5115083789,0.0020000022,2.697777e-09,0.0019999957,8.879411e-12,nan,nan,nan,nan,nan,nan,nan,nan,0
5115087805,5115087535,0.0020000006,0.0,0.0020000006,0.0,nan,nan,nan,nan,nan,nan,nan,nan,0
5115094060,5115093777,0.0020000006,1.1252757e-09,0.0019999992,9.773786e-12,nan,nan,nan,nan,nan,nan,nan,nan,0
5115097800,5115097529,0.0020000003,0.0,0.0020000006,0.0,nan,nan,nan,nan,nan,nan,nan,nan,0
5115101540,5115101268,0.0020000006,1.0954886e-09,0.0019999992,1.04569894e-11,nan,nan,nan,nan,nan,nan,nan,nan,0
5115109043,5115108758,0.0019999985,1.4155155e-09,0.0020000008,1.0572236e-11,nan,nan,nan,nan,nan,nan,nan,nan,0
5115111527,5115111255,0.0020000003,0.0,0.0020000003,0.0,nan,nan,nan,nan,nan,nan,nan,nan,0
5115119018,5115118746,0.0019999985,1.8519885e-09,0.0020000003,1.0656727e-11,nan,nan,nan,nan,nan,nan,nan,nan,0
5115122761,5115122491,0.0020000022,1.4737047e-09,0.001999997,1.0590636e-11,nan,nan,nan,nan,nan,nan,nan,nan,0
5115127761,5115127485,0.0020000003,0.0,0.0020000003,0.0,nan,nan,nan,nan,nan,nan,nan,nan,0
5115132764,5115132479,0.0020000022,2.725063e-09,0.0019999957,1.0696969e-11,nan,nan,nan,nan,nan,nan,nan,nan,0
5115137776,5115137474,0.0020000006,0.0,0.0020000006,0.0,nan,nan,nan,nan,nan,nan,nan,nan,0
5115143989,5115143715,0.0020000022,1.3574974e-09,0.001999997,1.0382625e-11,nan,nan,nan,nan,nan,nan,nan,nan,0
5115146481,5115146211,0.0020000003,6.592386e-10,0.0019999999,1.01495045e-11,nan,nan,nan,nan,nan,nan,nan,nan,0
5115153967,5115153702,0.0020000006,0.0,0.0020000006,0.0,nan,nan,nan,nan,nan,nan,nan,nan,0
5115157721,5115157447,0.0020000022,1.416135e-09,0.001999997,9.952695e-12,nan,nan,nan,nan,nan,nan,nan,nan,0
5115161471,5115161192,0.0020000003,1.0668556e-09,0.0019999994,9.986071e-12,nan,nan,nan,nan,nan,nan,nan,nan,0
5115167711,5115167437,0.0020000003,2.521233e-10,0.0019999999,9.811187e-12,nan,nan,nan,nan,nan,nan,nan,nan,0
5115171452,5115171180,0.0020000022,3.1335574e-09,0.0019999952,9.6561925e-12,nan,nan,nan,nan,nan,nan,nan,nan,0
5115178958,5115178671,0.0020000003,0.0,0.0020000003,0.0,nan,nan,nan,nan,nan,nan,nan,nan,0
5115181440,5115181168,0.0020000003,1.2422372e-09,0.0019999992,9.227499e-12,nan,nan,nan,nan,nan,nan,nan,nan,0
5115188939,5115188658,0.0020000006,0.0,0.0020000008,0.0,nan,nan,nan,nan,nan,nan,nan,nan,0
5115192672,5115192403,0.0020000022,1.2413349e-09,0.0019999973,1.0129789e-11,nan,nan,nan,nan,nan,nan,nan,nan,0
5115196429,5115196149,0.002000002,2.5800853e-09,0.001999996,1.0155755e-11,nan,nan,nan,nan,nan,nan,nan,nan,0
5115202674,5115202392,0.0020000003,7.692755e-11,0.0020000003,1.03839454e-11,nan,nan,nan,nan,nan,nan,nan,nan,0
5115207669,5115207385,0.0019999985,1.3577036e-09,0.0020000008,1.0176462e-11,nan,nan,nan,nan,nan,nan,nan,nan,0
5115213904,5115213627,0.0020000003,7.794201e-11,0.0020000003,9.369484e-12,nan,nan,nan,nan,nan,nan,nan,nan,0
5115216405,5115216132,0.0020000006,1.6541819e-10,0.0020000003,9.2047845e-12,nan,nan,nan,nan,nan,nan,nan,nan,0
5115223889,5115223614,0.0020000024,1.6500171e-09,0.001999997,8.901168e-12,nan,nan,nan,nan,nan,nan,nan,nan,0
5115227639,5115227360,0.0020000006,0.0,0.0020000006,0.0,nan,nan,nan,nan,nan,nan,nan,nan,0
5115231377,5115231105,0.0020000006,0.0,0.0020000006,0.0,nan,nan,nan,nan,nan,nan,nan,nan,0
5115237620,5115237347,0.0020000003,1.0107877e-09,0.0019999994,7.8464145e-12,nan,nan,nan,nan,nan,nan,nan,nan,0
5115241367,5115241093,0.0020000003,3.99967e-10,0.0019999999,7.486636e-12,nan,nan,nan,nan,nan,nan,nan,nan,0
5115248862,5115248584,0.0020000006,2.253477e-10,0.0020000003,7.482941e-12,nan,nan,nan,nan,nan,nan,nan,nan,0
5115251360,5115251080,0.0020000003,0.0,0.0020000003,0.0,nan,nan,nan,nan,nan,nan,nan,nan,0
5115258845,5115258571,0.0020000003,0.0,0.0020000003,0.0,nan,nan,nan,nan,nan,nan,nan,nan,0
5115262602,5115262316,0.0020000022,1.3893876e-09,0.001999997,7.596278e-12,nan,nan,nan,nan,nan,nan,nan,nan,0
5115267579,5115267310,0.0020000022,1.7974997e-09,0.0019999966,6.937794e-12,nan,nan,nan,nan,nan,nan,nan,nan,0
5115272586,5115272303,0.0020000003,1.2450468e-09,0.001999999,6.4178454e-12,nan,nan,nan,nan,nan,nan,nan,nan,0
5115277572,5115277297,0.0020000003,9.254114e-10,0.0019999994,5.9111414e-12,nan,nan,nan,nan,nan,nan,nan,nan,0
5115283803,5115283539,0.0020000006,0.0,0.0020000003,0.0,nan,nan,nan,nan,nan,nan,nan,nan,0
5115287562,5115287285,0.0020000003,0.0,0.002,0.0,nan,nan,nan,nan,nan,nan,nan,nan,0
5115293802,5115293526,0.0020000024,1.2169195e-09,0.0019999973,5.441432e-12,nan,nan,nan,nan,nan,nan,nan,nan,0
5115297566,5115297272,0.0020000008,0.0,0.002000001,0.0,nan,nan,nan,nan,nan,nan,nan,nan,0
5115301297,5115301017,0.0019999985,1.3329173e-09,0.0020000008,5.8588533e-12,nan,nan,nan,nan,nan,nan,nan,nan,0
5115307536,5115307260,0.0020000006,0.0,0.0020000006,0.0,nan,nan,nan,nan,nan,nan,nan,nan,0
5115311285,5115311005,0.0020000003,9.253137e-10,0.0019999994,6.0088375e-12,nan,nan,nan,nan,nan,nan,nan,nan,0
5115318766,5115318495,0.0020000003,0.0,0.0020000003,0.0,nan,nan,nan,nan,nan,nan,nan,nan,0
5115321268,5115320992,0.0020000022,1.7992152e-09,0.0019999966,5.222269e-12,nan,nan,nan,nan,nan,nan,nan,nan,0
5115328754,5115328483,0.0019999985,1.3322982e-09,0.0020000008,6.478009e-12,nan,nan,nan,nan,nan,nan,nan,nan,0
5115332516,5115332228,0.0020000022,2.3502669e-09,0.0019999961,7.143503e-12,nan,nan,nan,nan,nan,nan,nan,nan,0
5115337494,5115337222,0.0019999985,2.8741762e-09,0.0019999994,7.1030525e-12,nan,nan,nan,nan,nan,nan,nan,nan,0
5115342485,5115342216,0.0020000003,3.4258432e-10,0.0019999999,6.661652e-12,nan,nan,nan,nan,nan,nan,nan,nan,0
5115347489,5115347209,0.0020000003,1.3039876e-09,0.001999999,5.6847513e-12,nan,nan,nan,nan,nan,nan,nan,nan,0
5115353745,5115353452,0.0020000008,0.0,0.0020000008,0.0,nan,nan,nan,nan,nan,nan,nan,nan,0
5115357483,5115357197,0.0020000003,6.3511546e-10,0.0019999996,5.16881e-12,nan,nan,nan,nan,nan,nan,nan,nan,0
5115363732,5115363439,0.0020000003,5.186814e-10,0.0019999999,5.187571e-12,nan,nan,nan,nan,nan,nan,nan,nan,0
5115367459,5115367185,0.0019999987,1.2173768e-09,0.002000001,4.984105e-12,nan,nan,nan,nan,nan,nan,nan,nan,0
5115371201,5115370930,0.002,1.2762909e-09,0.001999999,4.277677e-12,nan,nan,nan,nan,nan,nan,nan,nan,0
5115377457,5115377172,0.0020000003,4.325436e-10,0.0019999999,4.0138413e-12,nan,nan,nan,nan,nan,nan,nan,nan,0
5115381202,5115380920,0.0020000003,2.0016461e-10,0.0020000003,3.5622026e-12,nan,nan,nan,nan,nan,nan,nan,nan,0
5115388680,5115388408,0.0020000006,0.0,0.0020000006,0.0,nan,nan,nan,nan,nan,nan,nan,nan,0
5115392433,5115392153,0.0020000003,0.0,0.0020000003,1.165474e-12,nan,nan,nan,nan,nan,nan,nan,nan,0
5115398670,5115398395,0.0020000003,0.0,0.0020000003,0.0,nan,nan,nan,nan,nan,nan,nan,nan,0
5115402413,5115402142,0.0020000006,0.0,0.0020000006,0.0,nan,nan,nan,nan,nan,nan,nan,nan,0
5115407411,5115407135,0.0020000022,1.2792074e-09,0.001999997,1.3611178e-12,nan,nan,nan,nan,nan,nan,nan,nan,0
5115412404,5115412128,0.0019999985,1.512615e-09,0.0020000006,7.8410195e-13,nan,nan,nan,nan,nan,nan,nan,nan,0
5115417398,5115417122,0.0020000006,0.0,0.0020000006,0.0,nan,nan,nan,nan,nan,nan,nan,nan,0
5115423633,5115423364,0.0019999982,1.5714738e-09,0.0020000006,1.3304288e-13,nan,nan,nan,nan,nan,nan,nan,nan,0
5115427385,5115427109,0.0019999985,2.2700488e-09,0.0019999999,4.985075e-14,nan,nan,nan,nan,nan,nan,nan,nan,0
5115433623,5115433352,0.0019999985,2.7067883e-09,0.0019999994,2.8971651e-11,nan,nan,nan,nan,nan,nan,nan,nan,0
5115437373,5115437099,0.0020000003,2.623339e-10,0.002,2.8704403e-11,nan,nan,nan,nan,nan,nan,nan,nan,0
5115441123,5115440842,0.0020000003,0.0,0.0020000003,0.0,nan,nan,nan,nan,nan,nan,nan,nan,0
5115447371,5115447089,0.0020000006,0.0,0.0020000006,0.0,nan,nan,nan,nan,nan,nan,nan,nan,0
5115451106,5115450829,0.0019999985,2.8246308e-09,0.0019999994,2.7544671e-11,nan,nan,nan,nan,nan,nan,nan,nan,0
5115458593,5115458321,0.0019999987,1.6610266e-09,0.0020000008,2.6995534e-11,nan,nan,nan,nan,nan,nan,nan,nan,0
5115462347,5115462068,0.0020000003,0.0,0.0020000008,0.0,nan,nan,nan,nan,nan,nan,nan,nan,0
5115468580,5115468308,0.0020000003,9.621438e-10,0.0019999994,2.7386399e-11,nan,nan,nan,nan,nan,nan,nan,nan,0
5115472333,5115472053,0.0019999985,1.5444531e-09,0.0020000006,2.7153741e-11,nan,nan,nan,nan,nan,nan,nan,nan,0
5115477326,5115477048,0.0020000003,3.1370757e-11,0.0020000003,2.6836904e-11,nan,nan,nan,nan,nan,nan,nan,nan,0
5115482337,5115482040,0.0020000024,1.6615777e-09,0.0019999968,2.6444479e-11,nan,nan,nan,nan,nan,nan,nan,nan,0
5115487314,5115487034,0.0020000003,0.0,0.0020000003,0.0,nan,nan,nan,nan,nan,nan,nan,nan,0
5115493542,5115493276,0.0020000006,0.0,0.0020000003,0.0,nan,nan,nan,nan,nan,nan,nan,nan,0
5115497305,5115497023,0.0020000022,2.8254885e-09,0.0019999957,2.6686826e-11,nan,nan,nan,nan,nan,nan,nan,nan,0
5115503540,5115503264,0.0019999985,1.3120033e-09,0.0020000008,2.677291e-11,nan,nan,nan,nan,nan,nan,nan,nan,0
5115507304,5115507011,0.0020000003,0.0,0.0020000008,0.0,nan,nan,nan,nan,nan,nan,nan,nan,0
5115511053,5115510754,0.0020000003,3.1368148e-11,0.0020000003,2.6839513e-11,nan,nan,nan,nan,nan,nan,nan,nan,0
5115518520,5115518245,0.0020000003,0.0,0.0020000006,0.0,nan,nan,nan,nan,nan,nan,nan,nan,0
5115521030,5115520742,0.0020000006,0.0,0.0020000008,0.0,nan,nan,nan,nan,nan,nan,nan,nan,0
5115528508,5115528232,0.0020000003,0.0,0.0020000003,0.0,nan,nan,nan,nan,nan,nan,nan,nan,0
5115532257,5115531978,0.0020000022,1.4291207e-09,0.001999997,2.6070854e-11,nan,nan,nan,nan,nan,nan,nan,nan,0
5115537242,5115536972,0.0020000006,0.0,0.0020000006,0.0,nan,nan,nan,nan,nan,nan,nan,nan,0
5115542242,5115541965,0.0020000006,6.1464017e-10,0.0019999999,2.5644101e-11,nan,nan,nan,nan,nan,nan,nan,nan,0
5115547238,5115546963,0.002000002,1.5457742e-09,0.0019999968,2.583262e-11,nan,nan,nan,nan,nan,nan,nan,nan,0
5115553481,5115553201,0.0020000022,1.1967498e-09,0.0019999973,2.5611041e-11,nan,nan,nan,nan,nan,nan,nan,nan,0
5115555980,5115555698,0.0020000003,5.564338e-10,0.0019999999,2.5642832e-11,nan,nan,nan,nan,nan,nan,nan,nan,0
5115563470,5115563189,0.0020000022,2.5944895e-09,0.001999996,2.4855219e-11,nan,nan,nan,nan,nan,nan,nan,nan,0
5115567207,5115566934,0.002,8.484138e-10,0.0019999994,2.4701158e-11,nan,nan,nan,nan,nan,nan,nan,nan,0
5115573453,5115573176,0.0019999985,1.6636141e-09,0.0020000008,2.4408028e-11,nan,nan,nan,nan,nan,nan,nan,nan,0
5115577204,5115576922,0.0020000006,0.0,0.0020000006,0.0,nan,nan,nan,nan,nan,nan,nan,nan,0
5115584688,5115584414,0.0020000006,0.0,0.0020000006,0.0,nan,nan,nan,nan,nan,nan,nan,nan,0
5115588437,5115588157,0.002000002,3.0601963e-09,0.0019999954,2.4809637e-11,nan,nan,nan,nan,nan,nan,nan,nan,0
5115590942,5115590654,0.0020000003,0.0,0.0020000003,0.0,nan,nan,nan,nan,nan,nan,nan,nan,0
5115598420,5115598145,0.0020000006,1.0811403e-09,0.0019999994,2.480523e-11,nan,nan,nan,nan,nan,nan,nan,nan,0
5115602167,5115601891,0.0020000006,0.0,0.0020000008,0.0,nan,nan,nan,nan,nan,nan,nan,nan,0
5115607160,5115606884,0.0020000003,3.2388014e-10,0.0019999999,2.5365817e-11,nan,nan,nan,nan,nan,nan,nan,nan,0
5115612147,5115611877,0.0019999985,1.5456748e-09,0.0020000006,2.5932052e-11,nan,nan,nan,nan,nan,nan,nan,nan,0
5115617149,5115616875,0.0020000003,9.630071e-10,0.0019999994,2.652312e-11,nan,nan,nan,nan,nan,nan,nan,nan,0
5115623382,5115623113,0.0020000022,1.3120787e-09,0.001999997,2.6697488e-11,nan,nan,nan,nan,nan,nan,nan,nan,0
5115627183,5115626861,0.0020000022,2.7087348e-09,0.0019999957,2.7025254e-11,nan,nan,nan,nan,nan,nan,nan,nan,0
5115633368,5115633101,0.0020000006,0.0,0.002000001,0.0,nan,nan,nan,nan,nan,nan,nan,nan,0
5115637127,5115636850,0.0019999982,1.5442034e-09,0.0020000006,2.740341e-11,nan,nan,nan,nan,nan,nan,nan,nan,0
5115643366,5115643088,0.0020000022,1.1953407e-09,0.0019999975,2.7020133e-11,nan,nan,nan,nan,nan,nan,nan,nan,0
5115647112,5115646834,0.0020000022,1.4284766e-09,0.001999997,2.6715005e-11,nan,nan,nan,nan,nan,nan,nan,nan,0
5115654597,5115654324,0.0020000022,1.3123702e-09,0.001999997,2.6405957e-11,nan,nan,nan,nan,nan,nan,nan,nan,0
5115658424,5115658070,0.0020000006,0.0,0.0020000003,0.0,nan,nan,nan,nan,nan,nan,nan,nan,0
5115662098,5115661815,0.0020000003,0.0,0.0020000003,0.0,nan,nan,nan,nan,nan,nan,nan,nan,0
5115668335,5115668058,0.0019999985,1.7204789e-09,0.0020000003,2.5750908e-11,nan,nan,nan,nan,nan,nan,nan,nan,0
5115672084,5115671803,0.002,2.656236e-10,0.0019999999,2.5414698e-11,nan,nan,nan,nan,nan,nan,nan,nan,0
5115675816,5115675548,0.0020000006,0.0,0.0020000006,0.0,nan,nan,nan,nan,nan,nan,nan,nan,0
5115682073,5115681790,0.0020000006,0.0,0.0020000006,0.0,nan,nan,nan,nan,nan,nan,nan,nan,0
5115687061,5115686784,0.0019999982,2.2440152e-09,0.0019999999,2.6083496e-11,nan,nan,nan,nan,nan,nan,nan,nan,0
5115693297,5115693026,0.0020000006,0.0,0.0020000006,0.0,nan,nan,nan,nan,nan,nan,nan,nan,0
5115697079,5115696771,0.0020000006,0.0,0.0020000006,0.0,nan,nan,nan,nan,nan,nan,nan,nan,0
5115703291,5115703013,0.0019999985,2.359763e-09,0.0019999999,2.6751008e-11,nan,nan,nan,nan,nan,nan,nan,nan,0
5115707036,5115706759,0.0019999982,2.7087905e-09,0.0019999994,2.6969496e-11,nan,nan,nan,nan,nan,nan,nan,nan,0
5115713275,5115713001,0.0020000022,2.8254037e-09,0.0019999957,2.6771665e-11,nan,nan,nan,nan,nan,nan,nan,nan,0
5115717026,5115716746,0.0020000022,2.709257e-09,0.0019999957,2.6503005e-11,nan,nan,nan,nan,nan,nan,nan,nan,0
5115724533,5115724245,0.0020000024,2.9423723e-09,0.0019999957,2.6218448e-11,nan,nan,nan,nan,nan,nan,nan,nan,0
5115728261,5115727982,0.0020000003,0.0,0.0020000006,0.0,nan,nan,nan,nan,nan,nan,nan,nan,0
5115732004,5115731728,0.0020000003,9.630091e-10,0.0019999994,2.652107e-11,nan,nan,nan,nan,nan,nan,nan,nan,0
5115738240,5115737969,0.0020000003,6.1295197e-10,0.0019999999,2.7332282e-11,nan,nan,nan,nan,nan,nan,nan,nan,0
5115741990,5115741715,0.0020000003,0.0,0.0020000003,0.0,nan,nan,nan,nan,nan,nan,nan,nan,0
5115745735,5115745460,0.0020000003,2.6242303e-10,0.0019999999,2.8615284e-11,nan,nan,nan,nan,nan,nan,nan,nan,0
5115752000,5115751702,0.0020000022,1.8033265e-09,0.0019999966,1.1109533e-12,nan,nan,nan,nan,nan,nan,nan,nan,0
5115756977,5115756696,0.0020000022,2.2394862e-09,0.0019999961,1.5088208e-12,nan,nan,nan,nan,nan,nan,nan,nan,0
5115763208,5115762938,0.0019999966,3.2002574e-09,0.0020000008,1.163852e-12,nan,nan,nan,nan,nan,nan,nan,nan,0
5115766973,5115766684,0.0020000006,0.0,0.0020000006,0.0,nan,nan,nan,nan,nan,nan,nan,nan,0
5115773195,5115772927,0.0020000006,1.7356727e-10,0.002,1.055718e-12,nan,nan,nan,nan,nan,nan,nan,nan,0
5115776956,5115776671,0.0019999985,1.5123566e-09,0.0020000006,1.0426573e-12,nan,nan,nan,nan,nan,nan,nan,nan,0
5115784449,5115784162,0.0020000003,4.652146e-10,0.0019999999,4.4669997e-13,nan,nan,nan,nan,nan,nan,nan,nan,0
5115786940,5115786666,0.0020000003,0.0,0.0020000003,0.0,nan,nan,nan,nan,nan,nan,nan,nan,0
5115794424,5115794149,0.0020000006,0.0,0.0020000006,0.0,nan,nan,nan,nan,nan,nan,nan,nan,0
5115798168,5115797895,0.0019999987,2.9673528e-09,0.0019999994,1.2378518e-12,nan,nan,nan,nan,nan,nan,nan,nan,0
5115801923,5115801640,0.0020000006,0.0,0.0020000006,0.0,nan,nan,nan,nan,nan,nan,nan,nan,0
5115808164,5115807882,0.0019999985,2.5590576e-09,0.0019999999,2.0794876e-12,nan,nan,nan,nan,nan,nan,nan,nan,0
5115811916,5115811628,0.0020000006,1.1034603e-09,0.0019999994,2.485184e-12,nan,nan,nan,nan,nan,nan,nan,nan,0
5115816897,5115816621,0.0019999985,2.4421414e-09,0.0019999999,2.5803804e-12,nan,nan,nan,nan,nan,nan,nan,nan,0
5115821888,5115821615,0.0020000006,0.0,0.0020000006,0.0,nan,nan,nan,nan,nan,nan,nan,nan,0
5115826895,5115826614,0.0020000022,1.9189954e-09,0.0019999966,1.8574708e-12,nan,nan,nan,nan,nan,nan,nan,nan,0
5115833131,5115832850,0.002,7.2576817e-10,0.0019999996,1.8275693e-12,nan,nan,nan,nan,nan,nan,nan,nan,0
5115836873,5115836596,0.0020000008,0.0,0.0020000008,0.0,nan,nan,nan,nan,nan,nan,nan,nan,0
5115843111,5115842838,0.0020000003,6.967013e-10,0.0019999996,1.7906232e-12,nan,nan,nan,nan,nan,nan,nan,nan,0
5115846861,5115846584,0.002,7.549602e-10,0.0019999994,1.739402e-12,nan,nan,nan,nan,nan,nan,nan,nan,0
5115854354,5115854074,0.0020000022,3.2000846e-09,0.0019999952,1.3368022e-12,nan,nan,nan,nan,nan,nan,nan,nan,0
5115856846,5115856572,0.0020000003,0.0,0.0020000003,0.0,nan,nan,nan,nan,nan,nan,nan,nan,0
5115864344,5115864062,0.0020000022,1.5115528e-09,0.001999997,1.8463946e-12,nan,nan,nan,nan,nan,nan,nan,nan,0
5115868081,5115867807,0.0020000006,0.0,0.0020000006,0.0,nan,nan,nan,nan,nan,nan,nan,nan,0
5115871832,5115871552,0.0020000022,1.481393e-09,0.001999997,2.9023832e-12,nan,nan,nan,nan,nan,nan,nan,nan,0
5115878073,5115877794,0.0020000008,0.0,0.0020000008,0.0,nan,nan,nan,nan,nan,nan,nan,nan,0
5115881817,5115881540,0.0020000022,1.4231896e-09,0.001999997,2.898128e-12,nan,nan,nan,nan,nan,nan,nan,nan,0
5115886808,5115886533,0.0019999985,2.6750298e-09,0.0019999994,2.5226904e-12,nan,nan,nan,nan,nan,nan,nan,nan,0
5115893047,5115892775,0.0020000003,0.0,0.0020000003,0.0,nan,nan,nan,nan,nan,nan,nan,nan,0
5115896793,5115896521,0.0019999987,1.6860712e-09,0.0020000008,1.9509516e-12,nan,nan,nan,nan,nan,nan,nan,nan,0
5115903034,5115902763,0.0020000003,0.0,0.0020000003,0.0,nan,nan,nan,nan,nan,nan,nan,nan,0
5115908028,5115907757,0.0020000003,4.6395604e-10,0.0019999999,1.7052505e-12,nan,nan,nan,nan,nan,nan,nan,nan,0
5115913034,5115912751,0.0020000006,0.0,0.0020000006,0.0,nan,nan,nan,nan,nan,nan,nan,nan,0
5115916774,5115916496,0.0020000003,1.1627231e-09,0.0019999992,1.4300661e-12,nan,nan,nan,nan,nan,nan,nan,nan,0
5115924262,5115923986,0.0020000003,0.0,0.0020000003,0.0,nan,nan,nan,nan,nan,nan,nan,nan,0
5115928003,5115927732,0.0019999985,2.5597888e-09,0.0019999996,1.3482323e-12,nan,nan,nan,nan,nan,nan,nan,nan,0
5115934256,5115933981,0.0020000022,2.73431e-09,0.0019999957,1.4502583e-12,nan,nan,nan,nan,nan,nan,nan,nan,0
5115937989,5115937719,0.0020000022,1.3957473e-09,0.001999997,1.2365213e-12,nan,nan,nan,nan,nan,nan,nan,nan,0
5115941740,5115941465,0.0020000022,1.8034062e-09,0.0019999966,1.0313e-12,nan,nan,nan,nan,nan,nan,nan,nan,0
5115946732,5115946459,0.0019999987,1.2795667e-09,0.002000001,1.00186e-12,nan,nan,nan,nan,nan,nan,nan,nan,0
5115951727,5115951452,0.0020000024,1.9199806e-09,0.0019999966,8.7229356e-13,nan,nan,nan,nan,nan,nan,nan,nan,0
5115955468,5115955197,0.0020000006,6.3939953e-10,0.0019999999,8.8471765e-13,nan,nan,nan,nan,nan,nan,nan,nan,0
5115962997,5115962688,0.0019999985,1.8029515e-09,0.0020000003,1.4859971e-12,nan,nan,nan,nan,nan,nan,nan,nan,0
5115966708,5115966433,0.0019999985,1.8609991e-09,0.0020000003,1.6460583e-12,nan,nan,nan,nan,nan,nan,nan,nan,0
5115972956,5115972675,0.0019999985,2.2093447e-09,0.0019999999,2.5464145e-12,nan,nan,nan,nan,nan,nan,nan,nan,0
5115976696,5115976421,0.0020000003,0.0,0.0020000003,0.0,nan,nan,nan,nan,nan,nan,nan,nan,0
5115982945,5115982663,0.0020000022,2.2075861e-09,0.0019999961,4.3049123e-12,nan,nan,nan,nan,nan,nan,nan,nan,0
5115986680,5115986408,0.0020000003,9.849519e-10,0.0019999994,4.578348e-12,nan,nan,nan,nan,nan,nan,nan,nan,0
5115994192,5115993899,0.0020000003,3.150369e-10,0.0019999999,5.105215e-12,nan,nan,nan,nan,nan,nan,nan,nan,0
5115997946,5115997645,0.0020000006,0.0,0.0020000006,0.0,nan,nan,nan,nan,nan,nan,nan,nan,0
5116004154,5116003886,0.002,0.0,0.0020000003,0.0,nan,nan,nan,nan,nan,nan,nan,nan,0
5116007908,5116007632,0.0020000006,0.0,0.0020000006,0.0,nan,nan,nan,nan,nan,nan,nan,nan,0
5116011657,5116011377,0.0020000006,0.0,0.0020000006,0.0,nan,nan,nan,nan,nan,nan,nan,nan,0
5116015406,5116015122,0.0020000003,0.0,0.0020000003,2.9259728e-12,nan,nan,nan,nan,nan,nan,nan,nan,0
5116021638,5116021364,0.0020000006,0.0,0.0020000006,0.0,nan,nan,nan,nan,nan,nan,nan,nan,0
5116026641,5116026358,0.0020000006,0.0,0.0020000006,0.0,nan,nan,nan,nan,nan,nan,nan,nan,0
5116032880,5116032601,0.0020000022,2.585601e-09,0.0019999957,4.639837e-12,nan,nan,nan,nan,nan,nan,nan,nan,0
5116039108,5116038842,0.0020000003,0.0,0.0020000003,0.0,nan,nan,nan,nan,nan,nan,nan,nan,0
5116042870,5116042588,0.002,7.228367e-10,0.0019999996,4.7590577e-12,nan,nan,nan,nan,nan,nan,nan,nan,0
5116046606,5116046333,0.0020000006,0.0,0.002,0.0,nan,nan,nan,nan,nan,nan,nan,nan,0
5116052847,5116052575,0.0020000022,1.4505503e-09,0.001999997,4.6412214e-12,nan,nan,nan,nan,nan,nan,nan,nan,0
5116056609,5116056321,0.0020000006,1.1161847e-10,0.0020000003,4.7968487e-12,nan,nan,nan,nan,nan,nan,nan,nan,0
5116064090,5116063811,0.0020000006,0.0,0.0020000008,0.0,nan,nan,nan,nan,nan,nan,nan,nan,0
5116067825,5116067556,0.0020000003,2.2718633e-10,0.0020000003,5.644322e-12,nan,nan,nan,nan,nan,nan,nan,nan,0
5116074086,5116073798,0.0020000022,1.8570666e-09,0.0019999966,5.578489e-12,nan,nan,nan,nan,nan,nan,nan,nan,0
5116077815,5116077544,0.0020000003,0.0,0.0020000003,0.0,nan,nan,nan,nan,nan,nan,nan,nan,0
5116081565,5116081289,0.0020000022,2.4687006e-09,0.0019999961,5.125015e-12,nan,nan,nan,nan,nan,nan,nan,nan,0
5116086564,5116086283,0.0020000003,1.1298835e-09,0.0019999994,5.1658365e-12,nan,nan,nan,nan,nan,nan,nan,nan,0
5116091552,5116091277,0.0020000006,6.928902e-10,0.0019999996,5.6017482e-12,nan,nan,nan,nan,nan,nan,nan,nan,0
5116096554,5116096272,0.0020000022,1.943863e-09,0.0019999966,6.093487e-12,nan,nan,nan,nan,nan,nan,nan,nan,0
5116102786,5116102517,0.0020000008,0.0,0.002000001,0.0,nan,nan,nan,nan,nan,nan,nan,nan,0
5116106534,5116106261,0.0020000003,0.0,0.0020000003,0.0,nan,nan,nan,nan,nan,nan,nan,nan,0
5116112776,5116112500,0.0020000024,1.7400217e-09,0.0019999968,6.2080965e-12,nan,nan,nan,nan,nan,nan,nan,nan,0
5116116531,5116116246,0.0019999982,1.5358861e-09,0.0020000006,6.6169847e-12,nan,nan,nan,nan,nan,nan,nan,nan,0
5116124025,5116123736,0.0019999982,1.5932157e-09,0.0020000006,7.494989e-12,nan,nan,nan,nan,nan,nan,nan,nan,0
5116126509,5116126233,0.0019999985,3.0770986e-09,0.0019999992,7.90743e-12,nan,nan,nan,nan,nan,nan,nan,nan,0
5116134000,5116133724,0.0020000006,6.607113e-10,0.0019999996,8.6767885e-12,nan,nan,nan,nan,nan,nan,nan,nan,0
5116137750,5116137469,0.0020000003,0.0,0.0020000006,0.0,nan,nan,nan,nan,nan,nan,nan,nan,0
5116141502,5116141214,0.0020000003,3.1139835e-10,0.002,8.743796e-12,nan,nan,nan,nan,nan,nan,nan,nan,0
5116147736,5116147465,0.0020000006,0.0,0.0020000006,0.0,nan,nan,nan,nan,nan,nan,nan,nan,0
5116151474,5116151202,0.002,0.0,0.0020000003,0.0,nan,nan,nan,nan,nan,nan,nan,nan,0
5116156468,5116156195,0.0020000022,3.1639409e-09,0.0019999952,8.376562e-12,nan,nan,nan,nan,nan,nan,nan,nan,0
5116161472,5116161189,0.0019999987,1.7083641e-09,0.0020000006,8.761845e-12,nan,nan,nan,nan,nan,nan,nan,nan,0
5116166460,5116166183,0.0020000003,5.4408505e-10,0.0019999999,8.8877464e-12,nan,nan,nan,nan,nan,nan,nan,nan,0
5116172700,5116172425,0.002,8.352035e-10,0.0019999994,8.807555e-12,nan,nan,nan,nan,nan,nan,nan,nan,0
5116176457,5116176170,0.0020000003,0.0,0.0020000003,0.0,nan,nan,nan,nan,nan,nan,nan,nan,0
5116182688,5116182413,0.0020000006,0.0,0.0020000006,0.0,nan,nan,nan,nan,nan,nan,nan,nan,0
5116186437,5116186162,0.0020000006,0.0,0.0020000006,0.0,nan,nan,nan,nan,nan,nan,nan,nan,0
5116193928,5116193648,0.002000002,3.048556e-09,0.0019999952,7.346124e-12,nan,nan,nan,nan,nan,nan,nan,nan,0
5116196425,5116196152,0.0020000022,1.418909e-09,0.001999997,7.1787246e-12,nan,nan,nan,nan,nan,nan,nan,nan,0
5116203903,5116203636,0.002,7.7886586e-10,0.0019999994,6.9375894e-12,nan,nan,nan,nan,nan,nan,nan,nan,0
5116207653,5116207382,0.0020000003,1.385209e-10,0.0020000003,6.998251e-12,nan,nan,nan,nan,nan,nan,nan,nan,0
5116211411,5116211127,0.0020000003,0.0,0.0020000003,0.0,nan,nan,nan,nan,nan,nan,nan,nan,0
5116217641,5116217369,0.0019999985,2.9616678e-09,0.0019999994,6.9228616e-12,nan,nan,nan,nan,nan,nan,nan,nan,0
5116221390,5116221114,0.0020000003,0.0,0.0020000003,0.0,nan,nan,nan,nan,nan,nan,nan,nan,0
5116226381,5116226108,0.0020000003,4.0065418e-10,0.0019999999,6.7994377e-12,nan,nan,nan,nan,nan,nan,nan,nan,0
5116231396,5116231102,0.0020000003,2.8437097e-10,0.002,6.6673386e-12,nan,nan,nan,nan,nan,nan,nan,nan,0
5116236413,5116236095,0.002,2.555089e-10,0.0019999999,6.425584e-12,nan,nan,nan,nan,nan,nan,nan,nan,0
5116242616,5116242338,0.0020000003,1.6820073e-10,0.0020000003,6.422255e-12,nan,nan,nan,nan,nan,nan,nan,nan,0
5116248847,5116248580,0.0019999985,1.5647412e-09,0.0020000006,6.865614e-12,nan,nan,nan,nan,nan,nan,nan,nan,0
5116252599,5116252325,0.0020000006,6.623938e-10,0.0019999999,6.9942992e-12,nan,nan,nan,nan,nan,nan,nan,nan,0
5116256365,5116256075,0.002000002,1.5352872e-09,0.0019999968,7.215766e-12,nan,nan,nan,nan,nan,nan,nan,nan,0
5116263828,5116263561,0.0020000003,6.038328e-10,0.0019999999,7.347645e-12,nan,nan,nan,nan,nan,nan,nan,nan,0
5116266351,5116266058,0.0020000003,1.9642184e-10,0.002,7.304976e-12,nan,nan,nan,nan,nan,nan,nan,nan,0
5116273841,5116273549,0.0020000003,4.008653e-10,0.0019999999,6.588301e-12,nan,nan,nan,nan,nan,nan,nan,nan,0
5116277568,5116277294,0.0020000006,0.0,0.0020000006,0.0,nan,nan,nan,nan,nan,nan,nan,nan,0
5116283818,5116283540,0.0020000003,0.0,0.0020000003,0.0,nan,nan,nan,nan,nan,nan,nan,nan,0
5116287560,5116287282,0.0020000022,1.4201e-09,0.001999997,5.987634e-12,nan,nan,nan,nan,nan,nan,nan,nan,0
5116291316,5116291027,0.0020000022,1.3035293e-09,0.001999997,6.1431416e-12,nan,nan,nan,nan,nan,nan,nan,nan,0
5116296306,5116296020,0.0020000003,9.541976e-10,0.0019999994,6.228752e-12,nan,nan,nan,nan,nan,nan,nan,nan,0
5116301298,5116301014,0.0020000003,5.172822e-10,0.0019999999,6.5867208e-12,nan,nan,nan,nan,nan,nan,nan,nan,0
5116308773,5116308504,0.0020000022,1.7391457e-09,0.0019999968,7.0841544e-12,nan,nan,nan,nan,nan,nan,nan,nan,0
5116312528,5116312255,0.0019999985,3.1362128e-09,0.001999999,7.000886e-12,nan,nan,nan,nan,nan,nan,nan,nan,0
5116316279,5116315996,0.0020000006,0.0,0.0020000006,0.0,nan,nan,nan,nan,nan,nan,nan,nan,0
5116322521,5116322238,0.0020000003,0.0,0.0020000003,0.0,nan,nan,nan,nan,nan,nan,nan,nan,0
5116326268,5116325983,0.0020000024,2.8752367e-09,0.0019999957,6.0425883e-12,nan,nan,nan,nan,nan,nan,nan,nan,0
5116333756,5116333473,0.0020000006,0.0,0.0020000006,0.0,nan,nan,nan,nan,nan,nan,nan,nan,0
5116337499,5116337219,0.0020000003,0.0,0.0020000003,0.0,nan,nan,nan,nan,nan,nan,nan,nan,0
5116343732,5116343460,0.0020000024,2.5250986e-09,0.001999996,6.934779e-12,nan,nan,nan,nan,nan,nan,nan,nan,0
5116347486,5116347206,0.0020000003,0.0,0.0020000003,0.0,nan,nan,nan,nan,nan,nan,nan,nan,0
5116356224,5116355945,0.0020000003,0.0,0.0020000003,0.0,nan,nan,nan,nan,nan,nan,nan,nan,0
5116357478,5116357203,0.0020000003,8.107943e-11,0.0020000003,6.2320635e-12,nan,nan,nan,nan,nan,nan,nan,nan,0
5116361214,5116360939,0.002000002,1.5367616e-09,0.0019999968,5.741411e-12,nan,nan,nan,nan,nan,nan,nan,nan,0
5116368698,5116368429,0.002000002,1.5376118e-09,0.0019999968,4.891221e-12,nan,nan,nan,nan,nan,nan,nan,nan,0
5116372454,5116372175,0.0019999987,1.2469623e-09,0.0020000013,4.5023898e-12,nan,nan,nan,nan,nan,nan,nan,nan,0
5116378693,5116378417,0.0020000003,0.0,0.0020000003,1.8422564e-12,nan,nan,nan,nan,nan,nan,nan,nan,0
5116382436,5116382162,0.0020000003,0.0,0.002,0.0,nan,nan,nan,nan,nan,nan,nan,nan,0
5116389948,5116389653,0.002000002,2.733561e-09,0.0019999957,2.1990916e-12,nan,nan,nan,nan,nan,nan,nan,nan,0
5116392423,5116392150,0.0019999985,1.2782818e-09,0.0020000008,2.2867524e-12,nan,nan,nan,nan,nan,nan,nan,nan,0
5116396171,5116395896,0.0020000022,1.2780567e-09,0.001999997,2.5119039e-12,nan,nan,nan,nan,nan,nan,nan,nan,0
5116403652,5116403385,0.0020000024,1.685717e-09,0.0019999968,2.3051925e-12,nan,nan,nan,nan,nan,nan,nan,nan,0
5116407419,5116407131,0.0020000003,0.0,0.0020000003,8.012549e-13,nan,nan,nan,nan,nan,nan,nan,nan,0
5116413648,5116413373,0.0020000006,0.0,0.0020000006,0.0,nan,nan,nan,nan,nan,nan,nan,nan,0
5116417399,5116417119,0.0020000003,0.0,0.0020000003,0.0,nan,nan,nan,nan,nan,nan,nan,nan,0
5116426132,5116425857,0.0020000008,0.0,0.0020000006,0.0,nan,nan,nan,nan,nan,nan,nan,nan,0
5116427380,5116427106,0.0020000006,0.0,0.0020000006,0.0,nan,nan,nan,nan,nan,nan,nan,nan,0
5116431155,5116430851,0.0020000003,1.7392042e-10,0.0020000003,7.025613e-13,nan,nan,nan,nan,nan,nan,nan,nan,0
5116438623,5116438342,0.0019999985,1.9205435e-09,0.0020000003,3.0929252e-13,nan,nan,nan,nan,nan,nan,nan,nan,0
5116442361,5116442088,0.0020000003,0.0,0.0020000006,0.0,nan,nan,nan,nan,nan,nan,nan,nan,0
5116448599,5116448329,0.0020000003,9.608734e-10,0.0019999994,2.8656806e-11,nan,nan,nan,nan,nan,nan,nan,nan,0
5116452365,5116452077,0.0020000003,6.1175365e-10,0.0019999999,2.8530595e-11,nan,nan,nan,nan,nan,nan,nan,nan,0
5116459902,5116459572,0.0020000022,1.7761662e-09,0.0019999966,2.8271285e-11,nan,nan,nan,nan,nan,nan,nan,nan,0
5116462336,5116462064,0.0019999982,2.1252193e-09,0.0019999999,2.8464092e-11,nan,nan,nan,nan,nan,nan,nan,nan,0
5116466087,5116465808,0.0020000022,1.3103267e-09,0.001999997,2.8449427e-11,nan,nan,nan,nan,nan,nan,nan,nan,0
5116473587,5116473303,0.0020000008,0.0,0.0020000008,0.0,nan,nan,nan,nan,nan,nan,nan,nan,0
5116477328,5116477043,0.002,0.0,0.0020000003,0.0,nan,nan,nan,nan,nan,nan,nan,nan,0
5116483578,5116483286,0.0020000022,1.427345e-09,0.001999997,2.78465e-11,nan,nan,nan,nan,nan,nan,nan,nan,0
5116487311,5116487031,0.0019999982,1.5436015e-09,0.0020000006,2.8005341e-11,nan,nan,nan,nan,nan,nan,nan,nan,0
5116496046,5116495770,0.0020000003,0.0,0.0020000003,0.0,nan,nan,nan,nan,nan,nan,nan,nan,0
5116497359,5116497029,0.0020000003,0.0,0.0020000003,0.0,nan,nan,nan,nan,nan,nan,nan,nan,0
5116501040,5116500764,0.0020000022,1.6595585e-09,0.0019999968,2.846362e-11,nan,nan,nan,nan,nan,nan,nan,nan,0
5116506050,5116505758,0.002000002,2.1253332e-09,0.0019999964,2.835011e-11,nan,nan,nan,nan,nan,nan,nan,nan,0
5116512331,5116512002,0.002,1.1942612e-09,0.001999999,2.8099675e-11,nan,nan,nan,nan,nan,nan,nan,nan,0
5116518513,5116518241,0.0020000008,0.0,0.0020000008,0.0,nan,nan,nan,nan,nan,nan,nan,nan,0
5116522266,5116521987,0.0020000022,1.6604889e-09,0.0019999968,2.753335e-11,nan,nan,nan,nan,nan,nan,nan,nan,0
5116529743,5116529477,0.002,1.1955857e-09,0.001999999,2.6775152e-11,nan,nan,nan,nan,nan,nan,nan,nan,0
5116533502,5116533223,0.0020000003,1.4765131e-10,0.0020000003,2.6971668e-11,nan,nan,nan,nan,nan,nan,nan,nan,0
5116536000,5116535720,0.0019999987,1.6610301e-09,0.0020000008,2.6992051e-11,nan,nan,nan,nan,nan,nan,nan,nan,0
5116543490,5116543210,0.0020000022,2.3592648e-09,0.0019999961,2.7249349e-11,nan,nan,nan,nan,nan,nan,nan,nan,0
5116547229,5116546956,0.0020000022,1.5442262e-09,0.0019999968,2.7380657e-11,nan,nan,nan,nan,nan,nan,nan,nan,0
5116553472,5116553198,0.0019999987,1.6607685e-09,0.0020000008,2.7253633e-11,nan,nan,nan,nan,nan,nan,nan,nan,0
5116557285,5116556943,0.0020000003,3.2234435e-10,0.0019999999,2.690161e-11,nan,nan,nan,nan,nan,nan,nan,nan,0
5116564754,5116564434,0.0019999985,3.1753276e-09,0.001999999,2.6093763e-11,nan,nan,nan,nan,nan,nan,nan,nan,0
5116568473,5116568179,0.0020000003,0.0,0.0020000006,0.0,nan,nan,nan,nan,nan,nan,nan,nan,0
5116570965,5116570676,0.0019999985,1.6623967e-09,0.0020000006,2.5625474e-11,nan,nan,nan,nan,nan,nan,nan,nan,0
5116578436,5116578166,0.002,2.0752342e-10,0.002,2.5307225e-11,nan,nan,nan,nan,nan,nan,nan,nan,0
5116582189,5116581912,0.0020000006,0.0,0.0020000006,0.0,nan,nan,nan,nan,nan,nan,nan,nan,0
5116588434,5116588154,0.0019999985,1.6044115e-09,0.0020000008,2.5403051e-11,nan,nan,nan,nan,nan,nan,nan,nan,0
5116592174,5116591899,0.0019999985,2.826777e-09,0.0019999994,2.5398454e-11,nan,nan,nan,nan,nan,nan,nan,nan,0
5116599662,5116599390,0.0020000003,3.819993e-10,0.0019999999,2.5454326e-11,nan,nan,nan,nan,nan,nan,nan,nan,0
5116603430,5116603136,0.0020000022,2.5934122e-09,0.001999996,2.5932537e-11,nan,nan,nan,nan,nan,nan,nan,nan,0
5116605906,5116605632,0.0020000006,6.142144e-10,0.0019999999,2.6069886e-11,nan,nan,nan,nan,nan,nan,nan,nan,0
5116613398,5116613123,0.0020000003,0.0,0.0020000006,0.0,nan,nan,nan,nan,nan,nan,nan,nan,0
5116617194,5116616868,0.0020000006,6.1425426e-10,0.0019999999,2.6030001e-11,nan,nan,nan,nan,nan,nan,nan,nan,0
5116623383,5116623110,0.0020000003,0.0,0.0020000003,0.0,nan,nan,nan,nan,nan,nan,nan,nan,0
5116627128,5116626855,0.0020000003,3.8091472e-10,0.0019999999,2.653892e-11,nan,nan,nan,nan,nan,nan,nan,nan,0
5116634619,5116634346,0.0020000003,3.2054404e-11,0.0020000003,2.6153257e-11,nan,nan,nan,nan,nan,nan,nan,nan,0
5116638362,5116638091,0.002000002,1.5458442e-09,0.0019999968,2.5762583e-11,nan,nan,nan,nan,nan,nan,nan,nan,0
5116640872,5116640589,0.0019999985,1.3711166e-09,0.0020000008,2.5867263e-11,nan,nan,nan,nan,nan,nan,nan,nan,0
5116648359,5116648079,0.0020000003,0.0,0.0020000003,0.0,nan,nan,nan,nan,nan,nan,nan,nan,0
5116652105,5116651824,0.0019999982,1.7786488e-09,0.0020000003,2.5788746e-11,nan,nan,nan,nan,nan,nan,nan,nan,0
5116655855,5116655569,0.0020000008,0.0,0.0020000006,0.0,nan,nan,nan,nan,nan,nan,nan,nan,0
5116662138,5116661812,0.0020000003,1.4943655e-10,0.0020000003,2.5186436e-11,nan,nan,nan,nan,nan,nan,nan,nan,0
5116669625,5116669302,0.0019999985,2.4191713e-09,0.0019999999,2.5550374e-11,nan,nan,nan,nan,nan,nan,nan,nan,0
5116673335,5116673048,0.0020000024,1.254901e-09,0.0019999973,2.5667572e-11,nan,nan,nan,nan,nan,nan,nan,nan,0
5116675817,5116675544,0.0020000022,2.3610152e-09,0.0019999961,2.5498954e-11,nan,nan,nan,nan,nan,nan,nan,nan,0
5116683313,5116683035,0.0020000003,0.0,0.0020000003,0.0,nan,nan,nan,nan,nan,nan,nan,nan,0
5116687058,5116686780,0.0020000003,0.0,0.0020000003,0.0,nan,nan,nan,nan,nan,nan,nan,nan,0
5116693316,5116693026,0.002,0.0,0.0020000003,0.0,nan,nan,nan,nan,nan,nan,nan,nan,0
5116697044,5116696768,0.0020000006,0.0,0.0020000006,0.0,nan,nan,nan,nan,nan,nan,nan,nan,0
5116705782,5116705507,0.0020000006,0.0,0.0020000006,0.0,nan,nan,nan,nan,nan,nan,nan,nan,0
5116708293,5116708004,0.0020000022,1.31343e-09,0.001999997,2.5346131e-11,nan,nan,nan,nan,nan,nan,nan,nan,0
5116712036,5116711749,0.0020000006,0.0,0.0020000006,0.0,nan,nan,nan,nan,nan,nan,nan,nan,0
5116718269,5116717991,0.002000002,1.7787181e-09,0.0019999966,2.5719454e-11,nan,nan,nan,nan,nan,nan,nan,nan,0
5116722063,5116721736,0.0020000003,0.0,0.0020000003,1.2895667e-11,nan,nan,nan,nan,nan,nan,nan,nan,0
5116728255,5116727979,0.0020000008,0.0,0.002000001,0.0,nan,nan,nan,nan,nan,nan,nan,nan,0
5116731998,5116731729,0.0020000006,0.0,0.0020000006,0.0,nan,nan,nan,nan,nan,nan,nan,nan,0
5116739495,5116739215,0.0020000003,3.813762e-10,0.0019999999,2.6077408e-11,nan,nan,nan,nan,nan,nan,nan,nan,0
5116743231,5116742960,0.0019999985,2.3604794e-09,0.0019999999,2.603464e-11,nan,nan,nan,nan,nan,nan,nan,nan,0
5116746987,5116746707,0.002000002,2.593249e-09,0.0019999957,2.609582e-11,nan,nan,nan,nan,nan,nan,nan,nan,0
5116753225,5116752947,0.002,2.643651e-10,0.002,2.6673188e-11,nan,nan,nan,nan,nan,nan,nan,nan,0
5116756983,5116756693,0.002000002,2.1264084e-09,0.0019999961,2.727496e-11,nan,nan,nan,nan,nan,nan,nan,nan,0
5116764461,5116764184,0.0020000006,0.0,0.0020000006,0.0,nan,nan,nan,nan,nan,nan,nan,nan,0
5116766992,5116766680,0.0020000006,0.0,0.0020000006,0.0,nan,nan,nan,nan,nan,nan,nan,nan,0
5116775697,5116775419,0.0020000003,0.0,0.0020000003,0.0,nan,nan,nan,nan,nan,nan,nan,nan,0
5116778186,5116777916,0.0020000003,5.813684e-10,0.0019999999,7.082078e-13,nan,nan,nan,nan,nan,nan,nan,nan,0
5116781983,5116781661,0.0020000006,0.0,0.0020000006,0.0,nan,nan,nan,nan,nan,nan,nan,nan,0
5116788172,5116787904,0.0020000003,8.1435025e-10,0.0019999994,5.5699195e-13,nan,nan,nan,nan,nan,nan,nan,nan,0
5116791922,5116791649,0.0020000003,1.1050976e-09,0.0019999994,8.4801263e-13,nan,nan,nan,nan,nan,nan,nan,nan,0
5116799426,5116799140,0.0020000024,1.2788799e-09,0.0019999973,1.6886579e-12,nan,nan,nan,nan,nan,nan,nan,nan,0
5116801912,5116801636,0.0019999987,1.7444189e-09,0.0020000006,1.8108778e-12,nan,nan,nan,nan,nan,nan,nan,nan,0
5116809403,5116809127,0.002000002,1.5401214e-09,0.0019999968,2.3815967e-12,nan,nan,nan,nan,nan,nan,nan,nan,0
5116813156,5116812872,0.0020000003,0.0,0.0020000003,0.0,nan,nan,nan,nan,nan,nan,nan,nan,0
5116816897,5116816617,0.0020000022,3.1685432e-09,0.0019999952,3.7743923e-12,nan,nan,nan,nan,nan,nan,nan,nan,0
5116823153,5116822861,0.0020000022,1.3925922e-09,0.001999997,4.3917595e-12,nan,nan,nan,nan,nan,nan,nan,nan,0
5116826916,5116826605,0.0019999982,2.6150002e-09,0.0019999994,4.344431e-12,nan,nan,nan,nan,nan,nan,nan,nan,0
5116834410,5116834098,0.0020000022,1.4507706e-09,0.001999997,4.420894e-12,nan,nan,nan,nan,nan,nan,nan,nan,0
5116836866,5116836593,0.0020000008,0.0,0.0020000008,0.0,nan,nan,nan,nan,nan,nan,nan,nan,0
5116845610,5116845337,0.0020000003,0.0,0.0020000006,0.0,nan,nan,nan,nan,nan,nan,nan,nan,0
5116848101,5116847828,0.0020000003,5.4562622e-11,0.0020000003,3.645039e-12,nan,nan,nan,nan,nan,nan,nan,nan,0
5116851843,5116851574,0.0019999985,1.4809499e-09,0.0020000008,3.345383e-12,nan,nan,nan,nan,nan,nan,nan,nan,0
5116858089,5116857816,0.002000002,1.5977573e-09,0.0019999966,2.953457e-12,nan,nan,nan,nan,nan,nan,nan,nan,0
5116861828,5116861561,0.0020000006,1.7187851e-10,0.002,2.7444644e-12,nan,nan,nan,nan,nan,nan,nan,nan,0
5116869331,5116869052,0.0020000003,1.1033479e-09,0.0019999994,2.5977016e-12,nan,nan,nan,nan,nan,nan,nan,nan,0
5116871861,5116871549,0.002,2.2998033e-10,0.002,2.8503207e-12,nan,nan,nan,nan,nan,nan,nan,nan,0
5116879336,5116879039,0.0020000003,5.4400436e-11,0.0020000003,3.8072254e-12,nan,nan,nan,nan,nan,nan,nan,nan,0
5116883065,5116882785,0.0020000003,0.0,0.0020000003,0.0,nan,nan,nan,nan,nan,nan,nan,nan,0
5116886837,5116886533,0.002,0.0,0.0020000003,0.0,nan,nan,nan,nan,nan,nan,nan,nan,0
5116893043,5116892772,0.0020000022,3.0802494e-09,0.0019999952,4.756622e-12,nan,nan,nan,nan,nan,nan,nan,nan,0
5116896796,5116896522,0.0020000022,1.3921369e-09,0.001999997,4.847022e-12,nan,nan,nan,nan,nan,nan,nan,nan,0
5116904285,5116904008,0.002,1.2464164e-09,0.001999999,5.048257e-12,nan,nan,nan,nan,nan,nan,nan,nan,0
5116908025,5116907753,0.0019999985,2.1488813e-09,0.002,4.80215e-12,nan,nan,nan,nan,nan,nan,nan,nan,0
5116915524,5116915245,0.0020000022,1.7710728e-09,0.0019999966,4.2607966e-12,nan,nan,nan,nan,nan,nan,nan,nan,0
5116918020,5116917741,0.0020000022,3.0519685e-09,0.0019999954,3.9336503e-12,nan,nan,nan,nan,nan,nan,nan,nan,0
5116921761,5116921486,0.0020000022,2.7905098e-09,0.0019999957,3.4579527e-12,nan,nan,nan,nan,nan,nan,nan,nan,0
5116927995,5116927728,0.0020000003,0.0,0.0020000003,1.4736675e-12,nan,nan,nan,nan,nan,nan,nan,nan,0
5116931776,5116931474,0.0020000003,6.6650935e-10,0.0019999999,2.8787354e-12,nan,nan,nan,nan,nan,nan,nan,nan,0
5116939264,5116938964,0.0020000003,8.47174e-11,0.0020000003,2.5940916e-12,nan,nan,nan,nan,nan,nan,nan,nan,0
5116943002,5116942709,0.0020000003,1.2780006e-09,0.001999999,2.5679944e-12,nan,nan,nan,nan,nan,nan,nan,nan,0
5116949225,5116948952,0.0020000006,0.0,0.0020000006,0.0,nan,nan,nan,nan,nan,nan,nan,nan,0
5116952975,5116952697,0.0020000003,1.7098296e-10,0.0020000003,3.640017e-12,nan,nan,nan,nan,nan,nan,nan,nan,0
5116956716,5116956443,0.0020000006,0.0,0.0020000006,0.0,nan,nan,nan,nan,nan,nan,nan,nan,0
5116962961,5116962684,0.0020000008,0.0,0.0020000006,0.0,nan,nan,nan,nan,nan,nan,nan,nan,0
5116966708,5116966430,0.0020000003,3.1595862e-10,0.002,4.183527e-12,nan,nan,nan,nan,nan,nan,nan,nan,0
5116974189,5116973920,0.0020000008,0.0,0.0020000006,0.0,nan,nan,nan,nan,nan,nan,nan,nan,0
5116977943,5116977666,0.0020000003,8.173931e-11,0.0020000003,5.57218e-12,nan,nan,nan,nan,nan,nan,nan,nan,0
5116985437,5116985156,0.0020000022,1.2458985e-09,0.0019999973,5.5661586e-12,nan,nan,nan,nan,nan,nan,nan,nan,0
5116987926,5116987653,0.0020000022,1.2750533e-09,0.001999997,5.515293e-12,nan,nan,nan,nan,nan,nan,nan,nan,0
5116991754,5116991400,0.0019999982,2.1481823e-09,0.0019999999,5.5011967e-12,nan,nan,nan,nan,nan,nan,nan,nan,0
5116997910,5116997641,0.0020000003,0.0,0.0020000003,0.0,nan,nan,nan,nan,nan,nan,nan,nan,0
5117001654,5117001386,0.0020000006,0.0,0.0020000006,0.0,nan,nan,nan,nan,nan,nan,nan,nan,0
5117009144,5117008877,0.0020000006,0.0,0.0020000006,0.0,nan,nan,nan,nan,nan,nan,nan,nan,0
5117012905,5117012622,0.0020000006,0.0,0.0020000006,0.0,nan,nan,nan,nan,nan,nan,nan,nan,0
5117019132,5117018864,0.002000002,1.5661255e-09,0.0019999968,5.4813827e-12,nan,nan,nan,nan,nan,nan,nan,nan,0
5117022929,5117022609,0.0020000003,1.0133707e-09,0.0019999994,5.2633e-12,nan,nan,nan,nan,nan,nan,nan,nan,0
5117026629,5117026355,0.0020000022,1.7703518e-09,0.0019999966,4.981942e-12,nan,nan,nan,nan,nan,nan,nan,nan,0
5117032877,5117032597,0.0019999985,1.4507444e-09,0.0020000008,4.447092e-12,nan,nan,nan,nan,nan,nan,nan,nan,0
5117036636,5117036342,0.0020000003,0.0,0.0020000003,0.0,nan,nan,nan,nan,nan,nan,nan,nan,0
5117045371,5117045089,0.0020000003,3.4469466e-10,0.0019999999,4.551314e-12,nan,nan,nan,nan,nan,nan,nan,nan,0
5117047847,5117047578,0.0020000022,1.9746775e-09,0.0019999966,4.382881e-12,nan,nan,nan,nan,nan,nan,nan,nan,0
5117055353,5117055069,0.0020000006,0.0,0.0020000006,0.0,nan,nan,nan,nan,nan,nan,nan,nan,0
5117057832,5117057565,0.0020000003,0.0,0.0020000003,0.0,nan,nan,nan,nan,nan,nan,nan,nan,0
5117061584,5117061312,0.0020000006,0.0,0.0020000008,0.0,nan,nan,nan,nan,nan,nan,nan,nan,0
5117067828,5117067553,0.0020000022,1.7401145e-09,0.0019999968,6.115346e-12,nan,nan,nan,nan,nan,nan,nan,nan,0
5117071569,5117071298,0.0020000006,0.0,0.0020000006,0.0,nan,nan,nan,nan,nan,nan,nan,nan,0
5117079068,5117078789,0.0019999985,2.4387012e-09,0.0019999999,6.020493e-12,nan,nan,nan,nan,nan,nan,nan,nan,0
5117082817,5117082535,0.0020000024,1.216311e-09,0.0019999975,6.0498048e-12,nan,nan,nan,nan,nan,nan,nan,nan,0
5117089069,5117088777,0.0020000006,0.0,0.0020000006,0.0,nan,nan,nan,nan,nan,nan,nan,nan,0
5117092796,5117092522,0.0019999985,2.5250328e-09,0.0019999999,7.000454e-12,nan,nan,nan,nan,nan,nan,nan,nan,0
5117096572,5117096267,0.0020000003,1.9665593e-10,0.0020000003,7.070882e-12,nan,nan,nan,nan,nan,nan,nan,nan,0
5117105297,5117105006,0.0020000022,2.4667008e-09,0.0019999961,7.124747e-12,nan,nan,nan,nan,nan,nan,nan,nan,0
5117106537,5117106260,0.0020000006,0.0,0.0020000006,0.0,nan,nan,nan,nan,nan,nan,nan,nan,0
5117114037,5117113745,0.0019999985,1.8553806e-09,0.0020000003,7.264477e-12,nan,nan,nan,nan,nan,nan,nan,nan,0
5117117760,5117117490,0.0020000006,0.0,0.0020000006,0.0,nan,nan,nan,nan,nan,nan,nan,nan,0
5117125263,5117124981,0.0020000022,1.796572e-09,0.0019999966,7.865498e-12,nan,nan,nan,nan,nan,nan,nan,nan,0
5117127746,5117127478,0.0019999982,3.1060803e-09,0.001999999,8.029523e-12,nan,nan,nan,nan,nan,nan,nan,nan,0
5117131514,5117131224,0.0019999985,1.2725518e-09,0.0020000008,8.016643e-12,nan,nan,nan,nan,nan,nan,nan,nan,0
5117138999,5117138714,0.0020000022,3.135034e-09,0.0019999952,8.179643e-12,nan,nan,nan,nan,nan,nan,nan,nan,0
5117141521,5117141211,0.002000002,1.7961392e-09,0.0019999966,8.298282e-12,nan,nan,nan,nan,nan,nan,nan,nan,0
5117148997,5117148702,0.0020000024,1.2435737e-09,0.0019999973,7.890973e-12,nan,nan,nan,nan,nan,nan,nan,nan,0
5117152724,5117152447,0.0020000003,1.0694489e-09,0.0019999994,7.392833e-12,nan,nan,nan,nan,nan,nan,nan,nan,0
5117158959,5117158689,0.002,7.200787e-10,0.0019999996,7.517018e-12,nan,nan,nan,nan,nan,nan,nan,nan,0
5117162707,5117162434,0.0020000022,1.3311456e-09,0.001999997,7.630568e-12,nan,nan,nan,nan,nan,nan,nan,nan,0
5117166454,5117166180,0.0019999982,1.6219616e-09,0.0020000003,7.852913e-12,nan,nan,nan,nan,nan,nan,nan,nan,0
5117175197,5117174918,0.002000002,1.5345243e-09,0.0019999968,7.978715e-12,nan,nan,nan,nan,nan,nan,nan,nan,0
5117176441,5117176167,0.0020000022,1.7965849e-09,0.0019999966,7.852576e-12,nan,nan,nan,nan,nan,nan,nan,nan,0
5117185186,5117184906,0.0020000008,0.0,0.002000001,0.0,nan,nan,nan,nan,nan,nan,nan,nan,0
5117187674,5117187403,0.0020000006,0.0,0.0020000006,0.0,nan,nan,nan,nan,nan,nan,nan,nan,0
5117195170,5117194894,0.0020000006,0.0,0.0020000006,0.0,nan,nan,nan,nan,nan,nan,nan,nan,0
5117197659,5117197390,0.0020000006,0.0,0.0020000006,0.0,nan,nan,nan,nan,nan,nan,nan,nan,0
5117201419,5117201136,0.0020000006,5.441519e-10,0.0019999999,8.820894e-12,nan,nan,nan,nan,nan,nan,nan,nan,0
5117208918,5117208628,0.0020000003,0.0,0.0020000003,0.0,nan,nan,nan,nan,nan,nan,nan,nan,0
5117211400,5117211123,0.0020000022,1.7383823e-09,0.0019999966,7.847511e-12,nan,nan,nan,nan,nan,nan,nan,nan,0
5117218892,5117218614,0.0020000003,4.005847e-10,0.0019999999,6.8689186e-12,nan,nan,nan,nan,nan,nan,nan,nan,0
5117222634,5117222359,0.0020000006,0.0,0.0020000006,0.0,nan,nan,nan,nan,nan,nan,nan,nan,0
5117228873,5117228601,0.0020000006,0.0,0.0020000003,0.0,nan,nan,nan,nan,nan,nan,nan,nan,0
5117232623,5117232346,0.0019999985,2.4675784e-09,0.0019999999,6.2472926e-12,nan,nan,nan,nan,nan,nan,nan,nan,0
5117236373,5117236099,0.0020000003,0.0,0.0020000006,0.0,nan,nan,nan,nan,nan,nan,nan,nan,0
5117245106,5117244831,0.0020000006,0.0,0.0020000006,0.0,nan,nan,nan,nan,nan,nan,nan,nan,0
5117246360,5117246083,0.0020000022,1.7402791e-09,0.0019999966,5.9507173e-12,nan,nan,nan,nan,nan,nan,nan,nan,0
5117255096,5117254818,0.002000002,3.0787077e-09,0.0019999952,6.2982293e-12,nan,nan,nan,nan,nan,nan,nan,nan,0
5117257596,5117257315,0.0020000006,0.0,0.0020000006,0.0,nan,nan,nan,nan,nan,nan,nan,nan,0
5117265125,5117264806,0.0020000003,0.0,0.0020000003,0.0,nan,nan,nan,nan,nan,nan,nan,nan,0
5117267574,5117267303,0.0020000003,1.0117459e-09,0.0019999994,6.8881116e-12,nan,nan,nan,nan,nan,nan,nan,nan,0
5117271325,5117271048,0.0020000022,2.4086328e-09,0.0019999961,6.9851e-12,nan,nan,nan,nan,nan,nan,nan,nan,0
5117278810,5117278539,0.0020000003,1.069372e-09,0.0019999994,7.469745e-12,nan,nan,nan,nan,nan,nan,nan,nan,0
5117281319,5117281036,0.0019999985,1.8260565e-09,0.0020000003,7.484744e-12,nan,nan,nan,nan,nan,nan,nan,nan,0
5117288794,5117288526,0.002,6.918817e-10,0.0019999996,6.6102384e-12,nan,nan,nan,nan,nan,nan,nan,nan,0
5117292541,5117292271,0.0020000003,0.0,0.0020000006,0.0,nan,nan,nan,nan,nan,nan,nan,nan,0
5117300045,5117299762,0.0019999966,3.2530383e-09,0.0020000008,6.590683e-12,nan,nan,nan,nan,nan,nan,nan,nan,0
5117302527,5117302259,0.0020000006,0.0,0.0020000006,0.0,nan,nan,nan,nan,nan,nan,nan,nan,0
5117306297,5117306004,0.0020000008,0.0,0.0020000008,0.0,nan,nan,nan,nan,nan,nan,nan,nan,0
5117315025,5117314743,0.0020000006,0.0,0.0020000003,0.0,nan,nan,nan,nan,nan,nan,nan,nan,0
5117316282,5117315992,0.0020000024,1.7115424e-09,0.001999997,5.583643e-12,nan,nan,nan,nan,nan,nan,nan,nan,0
5117325010,5117324731,0.0020000003,5.178331e-10,0.0019999999,6.0358333e-12,nan,nan,nan,nan,nan,nan,nan,nan,0
5117327524,5117327228,0.0020000022,3.0208283e-09,0.0019999954,5.9701463e-12,nan,nan,nan,nan,nan,nan,nan,nan,0
5117335000,5117334718,0.002,6.929308e-10,0.0019999994,5.561095e-12,nan,nan,nan,nan,nan,nan,nan,nan,0
5117337490,5117337215,0.0020000022,3.0212723e-09,0.0019999954,5.5261126e-12,nan,nan,nan,nan,nan,nan,nan,nan,0
5117341231,5117340960,0.0020000003,5.470587e-10,0.0019999999,5.9140904e-12,nan,nan,nan,nan,nan,nan,nan,nan,0
5117348723,5117348451,0.002000002,2.6415925e-09,0.0019999957,6.8561545e-12,nan,nan,nan,nan,nan,nan,nan,nan,0
5117352486,5117352197,0.0020000022,1.9720554e-09,0.0019999966,7.0050025e-12,nan,nan,nan,nan,nan,nan,nan,nan,0
5117358798,5117358439,0.0020000003,0.0,0.0020000003,0.0,nan,nan,nan,nan,nan,nan,nan,nan,0
5117362460,5117362184,0.0020000006,0.0,0.002,0.0,nan,nan,nan,nan,nan,nan,nan,nan,0
5117369959,5117369674,0.0020000006,0.0,0.0020000006,0.0,nan,nan,nan,nan,nan,nan,nan,nan,0
5117372444,5117372173,0.0020000022,3.0198444e-09,0.0019999957,6.9539357e-12,nan,nan,nan,nan,nan,nan,nan,nan,0
5117376191,5117375917,0.0019999982,1.6233939e-09,0.0020000003,6.4206973e-12,nan,nan,nan,nan,nan,nan,nan,nan,0
5117384942,5117384656,0.0020000006,0.0,0.0020000006,0.0,nan,nan,nan,nan,nan,nan,nan,nan,0
5117387432,5117387152,0.002000002,1.5669372e-09,0.0019999968,4.669567e-12,nan,nan,nan,nan,nan,nan,nan,nan,0
5117393665,5117393394,0.0020000008,0.0,0.0020000008,0.0,nan,nan,nan,nan,nan,nan,nan,nan,0
5117397412,5117397140,0.0020000022,1.3932584e-09,0.001999997,3.7254783e-12,nan,nan,nan,nan,nan,nan,nan,nan,0
5117404913,5117404631,0.0020000006,5.4983973e-10,0.0019999999,3.1330685e-12,nan,nan,nan,nan,nan,nan,nan,nan,0
5117407402,5117407128,0.0020000003,5.793636e-10,0.0019999999,2.7129948e-12,nan,nan,nan,nan,nan,nan,nan,nan,0
5117411152,5117410873,0.0020000006,5.5624956e-11,0.0020000003,2.5827031e-12,nan,nan,nan,nan,nan,nan,nan,nan,0
5117418635,5117418364,0.002000002,1.5977181e-09,0.0019999968,2.992561e-12,nan,nan,nan,nan,nan,nan,nan,nan,0
5117422384,5117422109,0.0020000006,0.0,0.0020000008,0.0,nan,nan,nan,nan,nan,nan,nan,nan,0
5117428621,5117428351,0.0019999987,3.0237646e-09,0.0019999994,3.0337035e-12,nan,nan,nan,nan,nan,nan,nan,nan,0
5117432370,5117432099,0.0020000006,0.0,0.0020000006,0.0,nan,nan,nan,nan,nan,nan,nan,nan,0
5117439858,5117439587,0.0020000006,0.0,0.0020000003,0.0,nan,nan,nan,nan,nan,nan,nan,nan,0
5117442360,5117442083,0.0020000008,0.0,0.0020000006,0.0,nan,nan,nan,nan,nan,nan,nan,nan,0
5117446119,5117445829,0.0020000003,5.7916405e-10,0.0019999999,2.9125348e-12,nan,nan,nan,nan,nan,nan,nan,nan,0
5117453594,5117453320,0.0019999985,1.4515391e-09,0.0020000008,3.652462e-12,nan,nan,nan,nan,nan,nan,nan,nan,0
5117457348,5117457065,0.0020000003,8.359562e-11,0.0020000003,3.715875e-12,nan,nan,nan,nan,nan,nan,nan,nan,0
5117464836,5117464556,0.0020000003,0.0,0.0020000003,1.5613856e-12,nan,nan,nan,nan,nan,nan,nan,nan,0
5117467331,5117467052,0.0020000006,0.0,0.0020000006,0.0,nan,nan,nan,nan,nan,nan,nan,nan,0
5117474813,5117474543,0.0020000003,2.8864852e-10,0.0019999999,2.3897776e-12,nan,nan,nan,nan,nan,nan,nan,nan,0
5117477323,5117477040,0.0020000003,0.0,0.0020000006,0.0,nan,nan,nan,nan,nan,nan,nan,nan,0
5117481055,5117480785,0.0019999985,2.907636e-09,0.0019999994,2.7471445e-12,nan,nan,nan,nan,nan,nan,nan,nan,0
5117488548,5117488276,0.0020000022,3.1403424e-09,0.0019999952,2.8711686e-12,nan,nan,nan,nan,nan,nan,nan,nan,0
5117492307,5117492026,0.0020000024,1.68525e-09,0.001999997,2.7720933e-12,nan,nan,nan,nan,nan,nan,nan,nan,0
5117498535,5117498263,0.0020000003,0.0,0.0020000003,0.0,nan,nan,nan,nan,nan,nan,nan,nan,0
5117502302,5117502008,0.0020000003,1.429972e-10,0.0020000003,2.5219566e-12,nan,nan,nan,nan,nan,nan,nan,nan,0
5117509777,5117509499,0.0020000022,1.5392895e-09,0.0019999968,3.2135596e-12,nan,nan,nan,nan,nan,nan,nan,nan,0
5117514765,5117514493,0.0019999985,2.4992628e-09,0.0019999999,3.6665983e-12,nan,nan,nan,nan,nan,nan,nan,nan,0
5117516009,5117515742,0.0020000003,0.0,0.0020000003,0.0,nan,nan,nan,nan,nan,nan,nan,nan,0
5117524762,5117524481,0.0019999985,2.848698e-09,0.0019999994,3.4774336e-12,nan,nan,nan,nan,nan,nan,nan,nan,0
5117527262,5117526977,0.0020000006,0.0,0.0020000008,0.0,nan,nan,nan,nan,nan,nan,nan,nan,0
5117533491,5117533219,0.0020000006,0.0,0.0020000006,0.0,nan,nan,nan,nan,nan,nan,nan,nan,0
5117537242,5117536965,0.0020000006,6.083708e-10,0.0019999999,2.8096345e-12,nan,nan,nan,nan,nan,nan,nan,nan,0
5117544734,5117544456,0.0020000006,1.1615576e-09,0.0019999994,2.5955592e-12,nan,nan,nan,nan,nan,nan,nan,nan,0
5117548481,5117548201,0.0020000003,6.3812466e-10,0.0019999999,2.1596214e-12,nan,nan,nan,nan,nan,nan,nan,nan,0
5117550969,5117550698,0.0020000022,1.3949046e-09,0.001999997,2.0792795e-12,nan,nan,nan,nan,nan,nan,nan,nan,0
5117558456,5117558188,0.002000002,1.598862e-09,0.0019999968,1.8486289e-12,nan,nan,nan,nan,nan,nan,nan,nan,0
5117562208,5117561933,0.0020000022,2.3262163e-09,0.0019999961,2.0901024e-12,nan,nan,nan,nan,nan,nan,nan,nan,0
5117568463,5117568176,0.0019999985,2.501562e-09,0.0019999999,1.367394e-12,nan,nan,nan,nan,nan,nan,nan,nan,0
5117572196,5117571921,0.0020000003,0.0,0.002,0.0,nan,nan,nan,nan,nan,nan,nan,nan,0
5117579693,5117579411,0.0020000006,0.0,0.0020000003,0.0,nan,nan,nan,nan,nan,nan,nan,nan,0
5117584683,5117584405,0.0020000022,2.7343985e-09,0.0019999957,1.3615376e-12,nan,nan,nan,nan,nan,nan,nan,nan,0
5117585928,5117585654,0.0019999985,1.7449754e-09,0.0020000003,1.2544323e-12,nan,nan,nan,nan,nan,nan,nan,nan,0
5117594666,5117594393,0.0020000006,1.7283736e-10,0.002,1.7856203e-12,nan,nan,nan,nan,nan,nan,nan,nan,0
5117597161,5117596890,0.0020000022,1.6278614e-09,0.0019999968,1.9530957e-12,nan,nan,nan,nan,nan,nan,nan,nan,0
5117604657,5117604380,0.002,0.0,0.0020000003,0.0,nan,nan,nan,nan,nan,nan,nan,nan,0
5117607149,5117606877,0.0020000006,0.0,0.0020000006,0.0,nan,nan,nan,nan,nan,nan,nan,nan,0
5117614651,5117614369,0.002,0.0,0.0020000003,0.0,nan,nan,nan,nan,nan,nan,nan,nan,0
5117618386,5117618113,0.0020000022,1.2773729e-09,0.001999997,3.1956798e-12,nan,nan,nan,nan,nan,nan,nan,nan,0
5117620882,5117620610,0.0020000022,3.1110237e-09,0.0019999952,3.0862483e-12,nan,nan,nan,nan,nan,nan,nan,nan,0
5117628367,5117628101,0.0020000006,0.0,0.0020000006,0.0,nan,nan,nan,nan,nan,nan,nan,nan,0
5117632124,5117631846,0.0020000006,0.0,0.0020000003,0.0,nan,nan,nan,nan,nan,nan,nan,nan,0
5117638366,5117638088,0.0020000003,3.4793474e-10,0.0019999999,1.3112428e-12,nan,nan,nan,nan,nan,nan,nan,nan,0
5117642111,5117641833,0.0020000003,3.4735315e-10,0.0019999999,1.8928054e-12,nan,nan,nan,nan,nan,nan,nan,nan,0
5117649599,5117649324,0.0020000006,0.0,0.0020000003,0.0,nan,nan,nan,nan,nan,nan,nan,nan,0
5117654597,5117654318,0.0020000022,2.326054e-09,0.0019999961,2.2523563e-12,nan,nan,nan,nan,nan,nan,nan,nan,0
5117655839,5117655566,0.0020000003,8.128246e-10,0.0019999994,2.0826622e-12,nan,nan,nan,nan,nan,nan,nan,nan,0
5117664582,5117664305,0.0020000003,4.6376314e-10,0.0019999999,1.8981448e-12,nan,nan,nan,nan,nan,nan,nan,nan,0
5117667079,5117666802,0.0020000003,4.0561568e-10,0.0019999999,1.8379465e-12,nan,nan,nan,nan,nan,nan,nan,nan,0
5117674572,5117674293,0.0019999985,1.9185773e-09,0.0020000003,2.2754645e-12,nan,nan,nan,nan,nan,nan,nan,nan,0
5117677062,5117676789,0.0020000003,5.2160676e-10,0.0019999999,2.2622008e-12,nan,nan,nan,nan,nan,nan,nan,nan,0
5117684560,5117684280,0.0020000024,1.452895e-09,0.001999997,2.2965293e-12,nan,nan,nan,nan,nan,nan,nan,nan,0
5117688301,5117688027,0.0020000006,0.0,0.0020000006,0.0,nan,nan,nan,nan,nan,nan,nan,nan,0
5117690789,5117690522,0.0019999982,1.2786572e-09,0.0020000008,1.9113478e-12,nan,nan,nan,nan,nan,nan,nan,nan,0
5117698296,5117698013,0.0020000022,2.4436873e-09,0.0019999961,1.0345336e-12,nan,nan,nan,nan,nan,nan,nan,nan,0
5117702037,5117701758,0.0020000003,1.15173454e-10,0.0020000003,1.2418712e-12,nan,nan,nan,nan,nan,nan,nan,nan,0
5117709525,5117709249,0.0020000003,4.6406734e-10,0.0019999999,1.5939472e-12,nan,nan,nan,nan,nan,nan,nan,nan,0
5117712020,5117711745,0.0020000006,0.0,0.0020000008,0.0,nan,nan,nan,nan,nan,nan,nan,nan,0
5117719518,5117719236,0.0020000006,5.221778e-10,0.0019999999,1.6911247e-12,nan,nan,nan,nan,nan,nan,nan,nan,0
5117723282,5117722982,0.002000002,1.5696406e-09,0.0019999968,1.96625e-12,nan,nan,nan,nan,nan,nan,nan,nan,0
5117727001,5117726727,0.002,1.307814e-09,0.001999999,1.8583902e-12,nan,nan,nan,nan,nan,nan,nan,nan,0
5117734498,5117734218,0.0020000022,1.802026e-09,0.0019999966,2.4114894e-12,nan,nan,nan,nan,nan,nan,nan,nan,0
5117736987,5117736714,0.0020000006,0.0,0.0020000003,0.0,nan,nan,nan,nan,nan,nan,nan,nan,0
5117744486,5117744205,0.0020000003,0.0,0.0020000003,0.0,nan,nan,nan,nan,nan,nan,nan,nan,0
5117746971,5117746702,0.002,2.8769617e-10,0.0019999999,3.3421321e-12,nan,nan,nan,nan,nan,nan,nan,nan,0
5117754470,5117754193,0.0020000003,2.5894844e-11,0.0020000003,3.208987e-12,nan,nan,nan,nan,nan,nan,nan,nan,0
5117758227,5117757938,0.0020000003,0.0,0.0020000003,0.0,nan,nan,nan,nan,nan,nan,nan,nan,0
5117761967,5117761683,0.0020000022,1.451504e-09,0.001999997,3.6874653e-12,nan,nan,nan,nan,nan,nan,nan,nan,0
5117768194,5117767925,0.0020000006,0.0,0.0020000008,0.0,nan,nan,nan,nan,nan,nan,nan,nan,0
5117771950,5117771671,0.0020000003,2.288926e-10,0.002,3.938041e-12,nan,nan,nan,nan,nan,nan,nan,nan,0
5117779450,5117779162,0.0020000003,0.0,0.0020000003,0.0,nan,nan,nan,nan,nan,nan,nan,nan,0
5117781936,5117781658,0.0020000003,1.7005305e-10,0.0020000003,4.569926e-12,nan,nan,nan,nan,nan,nan,nan,nan,0
5117789424,5117789149,0.0020000006,0.0,0.0020000006,0.0,nan,nan,nan,nan,nan,nan,nan,nan,0
5117794418,5117794142,0.0020000022,3.108319e-09,0.0019999954,5.7910187e-12,nan,nan,nan,nan,nan,nan,nan,nan,0
5117796920,5117796639,0.0020000003,9.837905e-10,0.0019999994,5.7397403e-12,nan,nan,nan,nan,nan,nan,nan,nan,0
5117803177,5117802887,0.0020000024,1.6533528e-09,0.001999997,5.5655116e-12,nan,nan,nan,nan,nan,nan,nan,nan,0
5117806905,5117806627,0.0019999985,3.137866e-09,0.001999999,5.347686e-12,nan,nan,nan,nan,nan,nan,nan,nan,0
5117814403,5117814118,0.0020000003,1.158124e-09,0.0019999992,6.0292205e-12,nan,nan,nan,nan,nan,nan,nan,nan,0
5117816886,5117816614,0.0019999985,2.3512654e-09,0.0019999999,6.1449023e-12,nan,nan,nan,nan,nan,nan,nan,nan,0
5117824387,5117824105,0.0020000022,1.7973049e-09,0.0019999966,7.132595e-12,nan,nan,nan,nan,nan,nan,nan,nan,0
5117828132,5117827850,0.0019999985,1.4185181e-09,0.0020000008,7.5695596e-12,nan,nan,nan,nan,nan,nan,nan,nan,0
5117831868,5117831595,0.0020000006,0.0,0.0020000006,0.0,nan,nan,nan,nan,nan,nan,nan,nan,0
5117838111,5117837838,0.0020000003,0.0,0.0020000003,0.0,nan,nan,nan,nan,nan,nan,nan,nan,0
5117841856,5117841583,0.0020000022,1.5931405e-09,0.0019999968,7.5701615e-12,nan,nan,nan,nan,nan,nan,nan,nan,0
5117849356,5117849074,0.0020000003,1.12774e-09,0.0019999994,7.309401e-12,nan,nan,nan,nan,nan,nan,nan,nan,0
5117851839,5117851570,0.0020000006,0.0,0.0020000008,0.0,nan,nan,nan,nan,nan,nan,nan,nan,0
5117859356,5117859066,0.0019999982,1.5642371e-09,0.0020000006,7.369733e-12,nan,nan,nan,nan,nan,nan,nan,nan,0
5117864343,5117864055,0.0020000022,1.6222111e-09,0.0019999968,7.6034005e-12,nan,nan,nan,nan,nan,nan,nan,nan,0
5117866823,5117866552,0.0020000003,1.3019639e-09,0.001999999,7.708466e-12,nan,nan,nan,nan,nan,nan,nan,nan,0
5117874334,5117874043,0.0019999966,3.1641412e-09,0.0020000008,8.176361e-12,nan,nan,nan,nan,nan,nan,nan,nan,0
5117876810,5117876539,0.0020000024,1.99997e-09,0.0019999966,8.194256e-12,nan,nan,nan,nan,nan,nan,nan,nan,0
5117884309,5117884030,0.0020000022,2.814712e-09,0.0019999957,8.3594486e-12,nan,nan,nan,nan,nan,nan,nan,nan,0
5117888052,5117887775,0.0019999987,1.7087753e-09,0.0020000006,8.350704e-12,nan,nan,nan,nan,nan,nan,nan,nan,0
5117894300,5117894018,0.0019999985,1.76662e-09,0.0020000003,8.713719e-12,nan,nan,nan,nan,nan,nan,nan,nan,0
5117898034,5117897763,0.0020000008,0.0,0.002000001,0.0,nan,nan,nan,nan,nan,nan,nan,nan,0
5117901773,5117901508,0.0020000003,1.0092996e-09,0.0019999994,9.3343736e-12,nan,nan,nan,nan,nan,nan,nan,nan,0
5117908030,5117907750,0.0019999982,1.6204467e-09,0.0020000006,9.36781e-12,nan,nan,nan,nan,nan,nan,nan,nan,0
5117911760,5117911495,0.0020000003,1.3000659e-09,0.001999999,9.606463e-12,nan,nan,nan,nan,nan,nan,nan,nan,0
5117919270,5117918986,0.0020000003,0.0,0.0020000003,0.0,nan,nan,nan,nan,nan,nan,nan,nan,0
5117924258,5117923980,0.0020000006,0.0,0.0020000006,0.0,nan,nan,nan,nan,nan,nan,nan,nan,0
5117929265,5117928973,0.0020000003,1.3453033e-10,0.0020000003,1.09888175e-11,nan,nan,nan,nan,nan,nan,nan,nan,0
5117934273,5117933967,0.0020000022,2.2886586e-09,0.0019999961,1.0544109e-11,nan,nan,nan,nan,nan,nan,nan,nan,0
5117936734,5117936464,0.0019999985,1.6483144e-09,0.0020000006,1.0603962e-11,nan,nan,nan,nan,nan,nan,nan,nan,0
5117942977,5117942707,0.0019999985,1.938777e-09,0.0020000003,1.1179804e-11,nan,nan,nan,nan,nan,nan,nan,nan,0
5117946719,5117946451,0.0019999985,1.8804243e-09,0.0020000003,1.1324743e-11,nan,nan,nan,nan,nan,nan,nan,nan,0
5117954216,5117953942,0.0020000006,0.0,0.0020000008,0.0,nan,nan,nan,nan,nan,nan,nan,nan,0
5117957969,5117957687,0.0019999985,2.6365188e-09,0.0019999996,1.192974e-11,nan,nan,nan,nan,nan,nan,nan,nan,0
5117964206,5117963930,0.0020000003,4.6848875e-11,0.0020000003,1.13587854e-11,nan,nan,nan,nan,nan,nan,nan,nan,0
5117967951,5117967675,0.0020000006,1.1239014e-09,0.0019999994,1.1147925e-11,nan,nan,nan,nan,nan,nan,nan,nan,0
5117971695,5117971421,0.0020000006,0.0,0.0020000008,0.0,nan,nan,nan,nan,nan,nan,nan,nan,0
5117977947,5117977663,0.0020000006,0.0,0.0020000006,0.0,nan,nan,nan,nan,nan,nan,nan,nan,0
5117981693,5117981408,0.0020000022,1.4731183e-09,0.001999997,1.11770385e-11,nan,nan,nan,nan,nan,nan,nan,nan,0
5117989184,5117988898,0.0020000006,5.9977107e-10,0.0019999999,1.1409351e-11,nan,nan,nan,nan,nan,nan,nan,nan,0
5117994167,5117993892,0.0020000008,0.0,0.0020000008,0.0,nan,nan,nan,nan,nan,nan,nan,nan,0
5117999161,5117998886,0.0020000022,1.3266268e-09,0.001999997,1.2149379e-11,nan,nan,nan,nan,nan,nan,nan,nan,0
5118004151,5118003880,0.0019999985,1.4717704e-09,0.0020000008,1.2524953e-11,nan,nan,nan,nan,nan,nan,nan,nan,0
5118006656,5118006376,0.0020000003,1.9113901e-10,0.0020000003,1.25878075e-11,nan,nan,nan,nan,nan,nan,nan,nan,0
5118014151,5118013870,0.0020000006,0.0,0.0020000003,0.0,nan,nan,nan,nan,nan,nan,nan,nan,0
5118016633,5118016364,0.0019999985,1.3844645e-09,0.0020000008,1.2519298e-11,nan,nan,nan,nan,nan,nan,nan,nan,0
5118024132,5118023855,0.0020000003,5.407567e-10,0.0019999999,1.2216044e-11,nan,nan,nan,nan,nan,nan,nan,nan,0
5118027870,5118027602,0.0020000003,7.7339346e-10,0.0019999994,1.2409969e-11,nan,nan,nan,nan,nan,nan,nan,nan,0
5118034124,5118033842,0.002,1.1804899e-09,0.001999999,1.2767095e-11,nan,nan,nan,nan,nan,nan,nan,nan,0
5118037859,5118037587,0.0020000006,0.0,0.0020000008,0.0,nan,nan,nan,nan,nan,nan,nan,nan,0
5118041606,5118041333,0.0019999985,2.8101401e-09,0.0019999994,1.2931441e-11,nan,nan,nan,nan,nan,nan,nan,nan,0
5118047842,5118047575,0.0020000003,8.8989094e-10,0.0019999994,1.2327807e-11,nan,nan,nan,nan,nan,nan,nan,nan,0
5118051629,5118051320,0.0019999985,2.5783558e-09,0.0019999994,1.1885153e-11,nan,nan,nan,nan,nan,nan,nan,nan,0
5118059085,5118058811,0.0020000003,1.0659928e-09,0.0019999994,1.0848877e-11,nan,nan,nan,nan,nan,nan,nan,nan,0
5118064086,5118063805,0.0019999985,2.4634277e-09,0.0019999999,1.03979915e-11,nan,nan,nan,nan,nan,nan,nan,nan,0
5118069074,5118068798,0.0020000003,0.0,0.0020000003,0.0,nan,nan,nan,nan,nan,nan,nan,nan,0
5118074078,5118073792,0.0020000006,0.0,0.0020000006,0.0,nan,nan,nan,nan,nan,nan,nan,nan,0
5118076560,5118076289,0.0020000006,0.0,0.0020000006,0.0,nan,nan,nan,nan,nan,nan,nan,nan,0
5118084067,5118083785,0.002000002,1.5902286e-09,0.0019999968,1.0482056e-11,nan,nan,nan,nan,nan,nan,nan,nan,0
5118086547,5118086276,0.0020000006,0.0,0.0020000008,0.0,nan,nan,nan,nan,nan,nan,nan,nan,0
5118094063,5118093767,0.0020000003,4.652221e-11,0.0020000003,1.1685453e-11,nan,nan,nan,nan,nan,nan,nan,nan,0
5118097778,5118097512,0.0019999985,1.3559905e-09,0.0020000008,1.1889474e-11,nan,nan,nan,nan,nan,nan,nan,nan,0
5118104033,5118103755,0.0020000003,7.739363e-10,0.0019999994,1.1867127e-11,nan,nan,nan,nan,nan,nan,nan,nan,0
5118107775,5118107500,0.0020000022,1.4728624e-09,0.001999997,1.1432919e-11,nan,nan,nan,nan,nan,nan,nan,nan,0
5118111531,5118111245,0.0020000022,1.7646289e-09,0.0019999966,1.0704821e-11,nan,nan,nan,nan,nan,nan,nan,nan,0
5118119020,5118118736,0.0020000006,0.0,0.0020000006,0.0,nan,nan,nan,nan,nan,nan,nan,nan,0
5118121508,5118121232,0.002000002,3.1621192e-09,0.0019999952,1.0198332e-11,nan,nan,nan,nan,nan,nan,nan,nan,0
5118128999,5118128723,0.0020000003,9.207684e-10,0.0019999994,1.0554179e-11,nan,nan,nan,nan,nan,nan,nan,nan,0
5118134000,5118133717,0.0020000006,0.0,0.0020000003,0.0,nan,nan,nan,nan,nan,nan,nan,nan,0
5118139002,5118138711,0.002,8.038393e-10,0.0019999994,1.1067968e-11,nan,nan,nan,nan,nan,nan,nan,nan,0
5118143976,5118143704,0.0020000003,4.2534457e-10,0.0019999999,1.12129e-11,nan,nan,nan,nan,nan,nan,nan,nan,0
5118146478,5118146201,0.0019999985,2.3462041e-09,0.0019999999,1.1206239e-11,nan,nan,nan,nan,nan,nan,nan,nan,0
5118153986,5118153692,0.0020000008,0.0,0.0020000008,0.0,nan,nan,nan,nan,nan,nan,nan,nan,0
5118156459,5118156188,0.0020000022,1.8803312e-09,0.0019999966,1.1417754e-11,nan,nan,nan,nan,nan,nan,nan,nan,0
5118163961,5118163681,0.0020000006,0.0,0.0020000006,0.0,nan,nan,nan,nan,nan,nan,nan,nan,0
5118167692,5118167425,0.0020000003,9.486464e-10,0.0019999994,1.1779985e-11,nan,nan,nan,nan,nan,nan,nan,nan,0
5118173949,5118173668,0.0020000003,0.0,0.0020000003,0.0,nan,nan,nan,nan,nan,nan,nan,nan,0
5118177697,5118177412,0.0020000022,1.7628382e-09,0.0019999966,1.2495444e-11,nan,nan,nan,nan,nan,nan,nan,nan,0
5118181435,5118181158,0.0019999987,1.2682378e-09,0.002000001,1.2330692e-11,nan,nan,nan,nan,nan,nan,nan,nan,0
5118188951,5118188648,0.0020000003,4.2368953e-10,0.0019999999,1.2867915e-11,nan,nan,nan,nan,nan,nan,nan,nan,0
5118191417,5118191145,0.0020000003,1.2967231e-09,0.001999999,1.2949355e-11,nan,nan,nan,nan,nan,nan,nan,nan,0
5118198933,5118198636,0.0020000006,0.0,0.0020000006,0.0,nan,nan,nan,nan,nan,nan,nan,nan,0
5118203911,5118203630,0.0020000006,0.0,0.0020000006,0.0,nan,nan,nan,nan,nan,nan,nan,nan,0
5118208908,5118208623,0.0020000003,0.0,0.0020000003,0.0,nan,nan,nan,nan,nan,nan,nan,nan,0
5118213891,5118213617,0.0020000024,1.7037757e-09,0.001999997,1.33502775e-11,nan,nan,nan,nan,nan,nan,nan,nan,0
5118216385,5118216114,0.0020000006,0.0,0.0020000006,0.0,nan,nan,nan,nan,nan,nan,nan,nan,0
5118223889,5118223604,0.0020000008,0.0,0.0020000008,0.0,nan,nan,nan,nan,nan,nan,nan,nan,0
5118226375,5118226101,0.0019999985,2.9845852e-09,0.0019999994,1.3109385e-11,nan,nan,nan,nan,nan,nan,nan,nan,0
5118233876,5118233592,0.002,2.4855934e-10,0.0019999999,1.3375134e-11,nan,nan,nan,nan,nan,nan,nan,nan,0
5118237602,5118237337,0.0020000022,2.1110091e-09,0.0019999964,1.3570386e-11,nan,nan,nan,nan,nan,nan,nan,nan,0
5118243853,5118243579,0.0020000003,0.0,0.0020000003,0.0,nan,nan,nan,nan,nan,nan,nan,nan,0
5118247604,5118247325,0.0019999987,1.645134e-09,0.0020000006,1.37843435e-11,nan,nan,nan,nan,nan,nan,nan,nan,0
5118251353,5118251070,0.0020000022,2.6350255e-09,0.0019999957,1.3423079e-11,nan,nan,nan,nan,nan,nan,nan,nan,0
5118258842,5118258560,0.0020000003,0.0,0.0020000003,0.0,nan,nan,nan,nan,nan,nan,nan,nan,0
5118261333,5118261057,0.0019999985,2.2869016e-09,0.0019999999,1.23010855e-11,nan,nan,nan,nan,nan,nan,nan,nan,0
5118268827,5118268548,0.0019999985,1.3551752e-09,0.0020000008,1.2704834e-11,nan,nan,nan,nan,nan,nan,nan,nan,0
5118272566,5118272297,0.0020000022,1.4424915e-09,0.001999997,1.27000285e-11,nan,nan,nan,nan,nan,nan,nan,nan,0
5118278806,5118278535,0.002,1.2971964e-09,0.001999999,1.2476024e-11,nan,nan,nan,nan,nan,nan,nan,nan,0
5118283808,5118283531,0.0020000022,2.6938558e-09,0.0019999957,1.2800538e-11,nan,nan,nan,nan,nan,nan,nan,nan,0
5118286301,5118286026,0.0019999966,3.2174816e-09,0.0020000008,1.3043634e-11,nan,nan,nan,nan,nan,nan,nan,nan,0
5118293836,5118293516,0.0020000003,0.0,0.0020000006,0.0,nan,nan,nan,nan,nan,nan,nan,nan,0
5118296292,5118296013,0.0020000003,0.0,0.0020000003,0.0,nan,nan,nan,nan,nan,nan,nan,nan,0
5118303780,5118303504,0.0020000003,0.0,0.0020000003,0.0,nan,nan,nan,nan,nan,nan,nan,nan,0
5118307538,5118307250,0.0020000006,0.0,0.0020000008,0.0,nan,nan,nan,nan,nan,nan,nan,nan,0
5118315013,5118314740,0.0020000022,1.8813808e-09,0.0019999966,1.0368213e-11,nan,nan,nan,nan,nan,nan,nan,nan,0
5118317527,5118317237,0.002,0.0,0.0020000003,0.0,nan,nan,nan,nan,nan,nan,nan,nan,0
5118321262,5118320982,0.0020000003,0.0,0.0020000003,0.0,nan,nan,nan,nan,nan,nan,nan,nan,0
5118328745,5118328473,0.0020000006,0.0,0.0020000006,0.0,nan,nan,nan,nan,nan,nan,nan,nan,0
5118333742,5118333467,0.002000002,1.5899992e-09,0.0019999968,1.071142e-11,nan,nan,nan,nan,nan,nan,nan,nan,0
5118338743,5118338460,0.0019999985,1.1823114e-09,0.002000001,1.0945718e-11,nan,nan,nan,nan,nan,nan,nan,nan,0
5118343727,5118343454,0.0020000003,5.713872e-10,0.0019999999,1.0689411e-11,nan,nan,nan,nan,nan,nan,nan,nan,0
5118349984,5118349696,0.0019999985,2.5796287e-09,0.0019999994,1.06121865e-11,nan,nan,nan,nan,nan,nan,nan,nan,0
5118352462,5118352193,0.0020000003,0.0,0.0020000003,5.2804965e-12,nan,nan,nan,nan,nan,nan,nan,nan,0
5118356230,5118355939,0.0020000024,1.1826686e-09,0.0019999975,1.0588471e-11,nan,nan,nan,nan,nan,nan,nan,nan,0
5118363701,5118363429,0.0020000022,1.5032362e-09,0.001999997,1.0162971e-11,nan,nan,nan,nan,nan,nan,nan,nan,0
5118367455,5118367174,0.0020000022,2.0858806e-09,0.0019999964,9.5951875e-12,nan,nan,nan,nan,nan,nan,nan,nan,0
5118373692,5118373416,0.0020000003,1.3636381e-10,0.0020000003,9.155338e-12,nan,nan,nan,nan,nan,nan,nan,nan,0
5118377439,5118377162,0.0020000006,0.0,0.0020000006,0.0,nan,nan,nan,nan,nan,nan,nan,nan,0
5118384936,5118384653,0.0020000022,2.6969673e-09,0.0019999957,9.688949e-12,nan,nan,nan,nan,nan,nan,nan,nan,0
5118387434,5118387149,0.0020000003,0.0,0.0020000003,0.0,nan,nan,nan,nan,nan,nan,nan,nan,0
5118391180,5118390894,0.0020000006,0.0,0.0020000006,0.0,nan,nan,nan,nan,nan,nan,nan,nan,0
5118398662,5118398385,0.0019999987,1.6499416e-09,0.0020000008,8.976658e-12,nan,nan,nan,nan,nan,nan,nan,nan,0
5118403660,5118403379,0.0020000024,1.2719369e-09,0.0019999973,8.631698e-12,nan,nan,nan,nan,nan,nan,nan,nan,0
5118408647,5118408373,0.0020000006,0.0,0.0020000006,0.0,nan,nan,nan,nan,nan,nan,nan,nan,0
5118413643,5118413366,0.0020000008,0.0,0.0020000006,0.0,nan,nan,nan,nan,nan,nan,nan,nan,0
5118419882,5118419608,0.0020000006,0.0,0.0020000003,0.0,nan,nan,nan,nan,nan,nan,nan,nan,0
5118423629,5118423354,0.002,0.0,0.0020000003,0.0,nan,nan,nan,nan,nan,nan,nan,nan,0
5118426120,5118425851,0.002000002,1.5094493e-09,0.0019999968,3.94987e-12,nan,nan,nan,nan,nan,nan,nan,nan,0
5118433616,5118433341,0.0020000006,0.0,0.0020000006,0.0,nan,nan,nan,nan,nan,nan,nan,nan,0
5118437360,5118437087,0.0020000003,0.0,0.0020000003,0.0,nan,nan,nan,nan,nan,nan,nan,nan,0
5118443606,5118443329,0.0020000022,1.4234602e-09,0.001999997,2.6274833e-12,nan,nan,nan,nan,nan,nan,nan,nan,0
5118447350,5118447074,0.0020000006,0.0,0.0020000006,0.0,nan,nan,nan,nan,nan,nan,nan,nan,0
5118454836,5118454564,0.0020000006,0.0,0.0020000003,0.0,nan,nan,nan,nan,nan,nan,nan,nan,0
5118457338,5118457062,0.0020000024,2.0936326e-09,0.0019999966,1.8430917e-12,nan,nan,nan,nan,nan,nan,nan,nan,0
5118461081,5118460807,0.0020000024,1.6279682e-09,0.0019999968,1.8462957e-12,nan,nan,nan,nan,nan,nan,nan,nan,0
5118468576,5118468298,0.0019999985,1.7449348e-09,0.0020000006,1.2950509e-12,nan,nan,nan,nan,nan,nan,nan,nan,0
5118473615,5118473291,0.0020000003,1.0470456e-09,0.0019999994,6.9238885e-13,nan,nan,nan,nan,nan,nan,nan,nan,0
5118478561,5118478285,0.0019999985,1.426135e-09,0.0020000008,2.9056577e-11,nan,nan,nan,nan,nan,nan,nan,nan,0
5118483553,5118483279,0.0020000003,1.0188309e-09,0.0019999994,2.8906995e-11,nan,nan,nan,nan,nan,nan,nan,nan,0
5118489800,5118489521,0.0020000003,4.94842e-10,0.0019999999,2.9026954e-11,nan,nan,nan,nan,nan,nan,nan,nan,0
5118493540,5118493266,0.0020000003,7.2780926e-10,0.0019999996,2.889031e-11,nan,nan,nan,nan,nan,nan,nan,nan,0
5118496032,5118495763,0.0020000003,0.0,0.0020000006,0.0,nan,nan,nan,nan,nan,nan,nan,nan,0
5118503529,5118503255,0.0020000003,0.0,0.0020000003,0.0,nan,nan,nan,nan,nan,nan,nan,nan,0
5118507288,5118506999,0.0020000022,2.8246452e-09,0.0019999957,2.753012e-11,nan,nan,nan,nan,nan,nan,nan,nan,0
5118513521,5118513242,0.0020000022,1.1944815e-09,0.0019999973,2.7879352e-11,nan,nan,nan,nan,nan,nan,nan,nan,0
5118517258,5118516986,0.0020000003,1.3108853e-09,0.001999999,2.7890946e-11,nan,nan,nan,nan,nan,nan,nan,nan,0
5118524762,5118524477,0.0020000006,0.0,0.0020000006,0.0,nan,nan,nan,nan,nan,nan,nan,nan,0
5118528503,5118528223,0.0020000003,8.4564955e-10,0.0019999994,2.7465343e-11,nan,nan,nan,nan,nan,nan,nan,nan,0
5118531007,5118530719,0.002,7.2923456e-10,0.0019999996,2.746504e-11,nan,nan,nan,nan,nan,nan,nan,nan,0
5118538484,5118538210,0.0020000006,0.0,0.0020000006,0.0,nan,nan,nan,nan,nan,nan,nan,nan,0
5118542223,5118541955,0.002,3.799733e-10,0.0019999999,2.7480324e-11,nan,nan,nan,nan,nan,nan,nan,nan,0
5118548473,5118548197,0.0019999985,1.4273397e-09,0.0020000008,2.7851822e-11,nan,nan,nan,nan,nan,nan,nan,nan,0
5118553465,5118553191,0.0019999985,1.426595e-09,0.0020000008,2.8596518e-11,nan,nan,nan,nan,nan,nan,nan,nan,0
5118559704,5118559433,0.0020000003,1.1057496e-09,0.0019999994,1.9596998e-13,nan,nan,nan,nan,nan,nan,nan,nan,0
5118563461,5118563179,0.0019999985,1.454605e-09,0.0020000008,5.8656205e-13,nan,nan,nan,nan,nan,nan,nan,nan,0
5118565949,5118565675,0.0020000006,0.0,0.0020000006,0.0,nan,nan,nan,nan,nan,nan,nan,nan,0
5118573441,5118573166,0.0020000022,1.3373163e-09,0.001999997,1.459945e-12,nan,nan,nan,nan,nan,nan,nan,nan,0
5118577186,5118576911,0.0019999985,2.1816755e-09,0.002,1.1117062e-12,nan,nan,nan,nan,nan,nan,nan,nan,0
5118583431,5118583154,0.0020000003,0.0,0.0020000006,0.0,nan,nan,nan,nan,nan,nan,nan,nan,0
5118587168,5118586899,0.0020000022,1.8626103e-09,0.0019999966,3.4876615e-14,nan,nan,nan,nan,nan,nan,nan,nan,0
5118594662,5118594390,0.0020000003,4.0745013e-10,0.0019999999,3.4833247e-15,nan,nan,nan,nan,nan,nan,nan,nan,0
5118598446,5118598135,0.0020000003,0.0,0.0020000003,0.0,nan,nan,nan,nan,nan,nan,nan,nan,0
5118603405,5118603129,0.0019999985,1.4543772e-09,0.0020000008,8.143382e-13,nan,nan,nan,nan,nan,nan,nan,nan,0
5118608395,5118608122,0.0020000006,0.0,0.0020000006,0.0,nan,nan,nan,nan,nan,nan,nan,nan,0
5118613397,5118613118,0.0020000003,5.234368e-10,0.0019999999,4.321491e-13,nan,nan,nan,nan,nan,nan,nan,nan,0
5118618389,5118618110,0.0020000006,0.0,0.0020000006,0.0,nan,nan,nan,nan,nan,nan,nan,nan,0
5118623381,5118623105,0.002,3.788727e-10,0.0019999999,2.858093e-11,nan,nan,nan,nan,nan,nan,nan,nan,0
5118629626,5118629346,0.0020000006,0.0,0.0020000003,0.0,nan,nan,nan,nan,nan,nan,nan,nan,0
5118633371,5118633091,0.0020000022,2.7078502e-09,0.0019999957,2.79099e-11,nan,nan,nan,nan,nan,nan,nan,nan,0
5118635859,5118635588,0.0020000006,6.1251365e-10,0.0019999999,2.7770609e-11,nan,nan,nan,nan,nan,nan,nan,nan,0
5118643359,5118643079,0.002000002,3.057444e-09,0.0019999952,2.7562008e-11,nan,nan,nan,nan,nan,nan,nan,nan,0
5118647099,5118646824,0.002,0.0,0.0020000003,0.0,nan,nan,nan,nan,nan,nan,nan,nan,0
5118653349,5118653066,0.0019999985,2.4167932e-09,0.0019999999,2.7928656e-11,nan,nan,nan,nan,nan,nan,nan,nan,0
5118657081,5118656811,0.002000002,1.543942e-09,0.0019999968,2.7664863e-11,nan,nan,nan,nan,nan,nan,nan,nan,0
5118664576,5118664302,0.0020000003,7.2851375e-10,0.0019999996,2.818586e-11,nan,nan,nan,nan,nan,nan,nan,nan,0
5118668326,5118668047,0.0020000022,1.3103587e-09,0.001999997,2.8417522e-11,nan,nan,nan,nan,nan,nan,nan,nan,0
5118670819,5118670544,0.0020000008,0.0,0.002000001,0.0,nan,nan,nan,nan,nan,nan,nan,nan,0
5118678326,5118678035,0.0020000024,1.1936054e-09,0.0019999975,2.8755446e-11,nan,nan,nan,nan,nan,nan,nan,nan,0
5118683304,5118683028,0.0020000003,5.8140176e-10,0.0019999999,6.748612e-13,nan,nan,nan,nan,nan,nan,nan,nan,0
5118688307,5118688023,0.002000002,1.5127374e-09,0.0019999968,6.617727e-13,nan,nan,nan,nan,nan,nan,nan,nan,0
5118692064,5118691768,0.0020000003,6.9806577e-10,0.0019999999,4.2617646e-13,nan,nan,nan,nan,nan,nan,nan,nan,0
5118699537,5118699268,0.0020000006,0.0,0.0020000006,0.0,nan,nan,nan,nan,nan,nan,nan,nan,0
5118703281,5118703003,0.0020000022,2.7929312e-09,0.0019999957,1.0364817e-12,nan,nan,nan,nan,nan,nan,nan,nan,0
5118707049,5118706749,0.0020000008,0.0,0.0020000006,0.0,nan,nan,nan,nan,nan,nan,nan,nan,0
5118713274,5118712992,0.0020000003,0.0,0.0020000003,1.1086071e-12,nan,nan,nan,nan,nan,nan,nan,nan,0
5118717015,5118716736,0.0019999985,2.7916258e-09,0.0019999994,2.3419044e-12,nan,nan,nan,nan,nan,nan,nan,nan,0
5118724519,5118724227,0.0020000024,1.2198813e-09,0.0019999973,2.4795374e-12,nan,nan,nan,nan,nan,nan,nan,nan,0
5118726993,5118726723,0.002,6.9621187e-10,0.0019999996,2.2800772e-12,nan,nan,nan,nan,nan,nan,nan,nan,0
5118734491,5118734215,0.0020000003,3.7656342e-10,0.0019999999,1.7863697e-12,nan,nan,nan,nan,nan,nan,nan,nan,0
5118738248,5118737965,0.0020000006,0.0,0.0020000003,0.0,nan,nan,nan,nan,nan,nan,nan,nan,0
5118743225,5118742953,0.0020000003,7.5533363e-10,0.0019999994,1.3659438e-12,nan,nan,nan,nan,nan,nan,nan,nan,0
5118748224,5118747947,0.0020000022,2.327033e-09,0.0019999961,1.2734865e-12,nan,nan,nan,nan,nan,nan,nan,nan,0
5118753216,5118752941,0.0020000022,1.8030845e-09,0.0019999966,1.3529889e-12,nan,nan,nan,nan,nan,nan,nan,nan,0
5118759461,5118759183,0.0020000022,2.9092504e-09,0.0019999957,1.1326808e-12,nan,nan,nan,nan,nan,nan,nan,nan,0
5118763201,5118762928,0.0020000003,1.2797438e-09,0.001999999,8.2479856e-13,nan,nan,nan,nan,nan,nan,nan,nan,0
5118769447,5118769171,0.0020000022,1.745494e-09,0.0019999968,7.358853e-13,nan,nan,nan,nan,nan,nan,nan,nan,0
5118773200,5118772916,0.0020000006,2.3154532e-10,0.0020000003,1.2853156e-12,nan,nan,nan,nan,nan,nan,nan,nan,0
5118776942,5118776661,0.0020000003,2.7124502e-11,0.0020000003,1.9793282e-12,nan,nan,nan,nan,nan,nan,nan,nan,0
5118783180,5118782903,0.0020000003,0.0,0.0020000003,0.0,nan,nan,nan,nan,nan,nan,nan,nan,0
5118786925,5118786649,0.0020000006,0.0,0.0020000006,0.0,nan,nan,nan,nan,nan,nan,nan,nan,0
5118794417,5118794139,0.0020000022,1.3934282e-09,0.001999997,3.5557564e-12,nan,nan,nan,nan,nan,nan,nan,nan,0
5118796932,5118796636,0.0020000006,5.7868504e-10,0.0019999999,3.3915579e-12,nan,nan,nan,nan,nan,nan,nan,nan,0
5118804401,5118804127,0.0020000003,0.0,0.0020000003,0.0,nan,nan,nan,nan,nan,nan,nan,nan,0
5118808152,5118807872,0.0020000003,1.3938746e-09,0.0020000008,3.1093236e-12,nan,nan,nan,nan,nan,nan,nan,nan,0
5118813140,5118812866,0.0020000022,1.3357041e-09,0.001999997,3.0721415e-12,nan,nan,nan,nan,nan,nan,nan,nan,0
5118818143,5118817860,0.0020000003,8.1196017e-10,0.0019999994,2.9470853e-12,nan,nan,nan,nan,nan,nan,nan,nan,0
5118823131,5118822853,0.0020000003,1.2774826e-09,0.001999999,3.0859204e-12,nan,nan,nan,nan,nan,nan,nan,nan,0
5118829361,5118829095,0.0020000003,0.0,0.0020000006,0.0,nan,nan,nan,nan,nan,nan,nan,nan,0
5118833142,5118832841,0.0020000006,0.0,0.0020000003,0.0,nan,nan,nan,nan,nan,nan,nan,nan,0
5118839371,5118839083,0.0019999985,1.85886e-09,0.0020000003,3.785191e-12,nan,nan,nan,nan,nan,nan,nan,nan,0
5118843104,5118842828,0.0020000022,2.499299e-09,0.0019999961,3.6304414e-12,nan,nan,nan,nan,nan,nan,nan,nan,0
5118846844,5118846573,0.0020000003,1.1317616e-09,0.0019999994,3.287804e-12,nan,nan,nan,nan,nan,nan,nan,nan,0
5118853091,5118852816,0.002,0.0,0.0020000003,0.0,nan,nan,nan,nan,nan,nan,nan,nan,0
5118856841,5118856561,0.0020000022,1.5105208e-09,0.001999997,2.8783677e-12,nan,nan,nan,nan,nan,nan,nan,nan,0
5118864329,5118864052,0.0020000006,0.0,0.002,0.0,nan,nan,nan,nan,nan,nan,nan,nan,0
5118866821,5118866548,0.0020000008,0.0,0.0020000008,0.0,nan,nan,nan,nan,nan,nan,nan,nan,0
5118874333,5118874039,0.0020000008,0.0,0.0020000008,0.0,nan,nan,nan,nan,nan,nan,nan,nan,0
5118878059,5118877784,0.0020000003,6.678332e-10,0.0019999999,1.5549489e-12,nan,nan,nan,nan,nan,nan,nan,nan,0
5118883057,5118882778,0.0020000003,3.4695735e-10,0.0019999999,2.2886085e-12,nan,nan,nan,nan,nan,nan,nan,nan,0
5118888051,5118887772,0.0020000003,1.2194328e-09,0.0019999992,2.9281213e-12,nan,nan,nan,nan,nan,nan,nan,nan,0
5118893041,5118892765,0.0020000022,2.4994926e-09,0.0019999961,3.436874e-12,nan,nan,nan,nan,nan,nan,nan,nan,0
5118899299,5118899008,0.0019999985,2.2083222e-09,0.0019999999,3.5688362e-12,nan,nan,nan,nan,nan,nan,nan,nan,0
5118903030,5118902753,0.0020000006,0.0,0.0020000006,0.0,nan,nan,nan,nan,nan,nan,nan,nan,0
5118909271,5118908995,0.0020000022,1.8019102e-09,0.0019999966,2.527355e-12,nan,nan,nan,nan,nan,nan,nan,nan,0
5118913025,5118912740,0.0020000003,0.0,0.0020000003,0.0,nan,nan,nan,nan,nan,nan,nan,nan,0
5118916761,5118916486,0.0019999985,1.3951403e-09,0.0020000008,1.843508e-12,nan,nan,nan,nan,nan,nan,nan,nan,0
5118923006,5118922728,0.0019999982,1.540611e-09,0.0020000006,1.8920403e-12,nan,nan,nan,nan,nan,nan,nan,nan,0
5118926743,5118926473,0.0019999985,1.918689e-09,0.0020000003,2.1637622e-12,nan,nan,nan,nan,nan,nan,nan,nan,0
5118934248,5118933964,0.0020000022,1.3943333e-09,0.001999997,2.650602e-12,nan,nan,nan,nan,nan,nan,nan,nan,0
5118937996,5118937709,0.0020000022,1.3359159e-09,0.001999997,2.8603162e-12,nan,nan,nan,nan,nan,nan,nan,nan,0
5118944221,5118943951,0.0020000006,5.203736e-10,0.0019999999,3.4953759e-12,nan,nan,nan,nan,nan,nan,nan,nan,0
5118947984,5118947696,0.0019999985,1.9754811e-09,0.0020000003,3.5792983e-12,nan,nan,nan,nan,nan,nan,nan,nan,0
5118952983,5118952691,0.0020000003,0.0,0.0020000006,0.0,nan,nan,nan,nan,nan,nan,nan,nan,0
5118957963,5118957684,0.0020000003,2.2903421e-10,0.0020000003,3.796439e-12,nan,nan,nan,nan,nan,nan,nan,nan,0
5118962956,5118962678,0.0020000003,1.1022643e-09,0.0019999992,3.6812497e-12,nan,nan,nan,nan,nan,nan,nan,nan,0
5118969187,5118968920,0.0020000003,0.0,0.0020000003,0.0,nan,nan,nan,nan,nan,nan,nan,nan,0
5118972969,5118972665,0.0019999987,0.0,0.0020000006,0.0,nan,nan,nan,nan,nan,nan,nan,nan,0
5118979179,5118978907,0.0020000006,0.0,0.0020000006,0.0,nan,nan,nan,nan,nan,nan,nan,nan,0
5118982936,5118982655,0.0020000022,3.1094167e-09,0.0019999952,4.693048e-12,nan,nan,nan,nan,nan,nan,nan,nan,0
5118986730,5118986402,0.0020000003,3.440945e-10,0.0019999999,5.151468e-12,nan,nan,nan,nan,nan,nan,nan,nan,0
5118992924,5118992640,0.0020000003,5.474638e-10,0.0019999999,5.5089752e-12,nan,nan,nan,nan,nan,nan,nan,nan,0
5118996683,5118996386,0.0020000022,1.4206087e-09,0.001999997,5.4789766e-12,nan,nan,nan,nan,nan,nan,nan,nan,0
5119004147,5119003876,0.0020000003,2.3076296e-11,0.0020000003,6.0275344e-12,nan,nan,nan,nan,nan,nan,nan,nan,0
5119007909,5119007622,0.0020000006,0.0,0.0020000006,0.0,nan,nan,nan,nan,nan,nan,nan,nan,0
5119014141,5119013864,0.002000002,1.593939e-09,0.0019999968,6.7716423e-12,nan,nan,nan,nan,nan,nan,nan,nan,0
5119017929,5119017609,0.0019999987,2.5253193e-09,0.0019999999,6.7139714e-12,nan,nan,nan,nan,nan,nan,nan,nan,0
5119022893,5119022603,0.0020000022,1.3617363e-09,0.001999997,6.143778e-12,nan,nan,nan,nan,nan,nan,nan,nan,0
5119027877,5119027596,0.0019999987,2.9338654e-09,0.0019999994,5.6215935e-12,nan,nan,nan,nan,nan,nan,nan,nan,0
5119032863,5119032591,0.0020000003,3.7306788e-10,0.0019999999,5.281919e-12,nan,nan,nan,nan,nan,nan,nan,nan,0
5119039100,5119038832,0.0020000003,8.3922563e-10,0.0019999994,4.7854568e-12,nan,nan,nan,nan,nan,nan,nan,nan,0
5119044112,5119043827,0.0020000003,4.0240117e-10,0.0019999999,5.0524463e-12,nan,nan,nan,nan,nan,nan,nan,nan,0
5119049145,5119048820,0.0020000022,1.5081949e-09,0.001999997,5.204266e-12,nan,nan,nan,nan,nan,nan,nan,nan,0
5119052842,5119052565,0.0020000003,8.0983414e-10,0.0019999994,5.0730913e-12,nan,nan,nan,nan,nan,nan,nan,nan,0
5119056580,5119056312,0.0020000022,1.3919952e-09,0.001999997,4.9886414e-12,nan,nan,nan,nan,nan,nan,nan,nan,0
5119064075,5119063802,0.0020000022,1.6834428e-09,0.0019999968,4.5793525e-12,nan,nan,nan,nan,nan,nan,nan,nan,0
5119066571,5119066298,0.0020000022,1.4215423e-09,0.001999997,4.54535e-12,nan,nan,nan,nan,nan,nan,nan,nan,0
5119074086,5119073794,0.0020000022,1.4508785e-09,0.001999997,4.3130152e-12,nan,nan,nan,nan,nan,nan,nan,nan,0
5119077809,5119077534,0.0020000006,0.0,0.0020000008,0.0,nan,nan,nan,nan,nan,nan,nan,nan,0
5119084067,5119083776,0.0020000003,0.0,0.0020000003,0.0,nan,nan,nan,nan,nan,nan,nan,nan,0
5119087792,5119087521,0.0020000003,5.1966786e-10,0.0019999999,4.201096e-12,nan,nan,nan,nan,nan,nan,nan,nan,0
5119092803,5119092515,0.0020000006,5.7823224e-10,0.0019999999,3.8443485e-12,nan,nan,nan,nan,nan,nan,nan,nan,0
5119097788,5119097511,0.0020000003,7.235645e-10,0.0019999994,4.03127e-12,nan,nan,nan,nan,nan,nan,nan,nan,0
5119102776,5119102503,0.0020000003,9.850399e-10,0.0019999994,4.490311e-12,nan,nan,nan,nan,nan,nan,nan,nan,0
5119109019,5119108745,0.0020000006,0.0,0.0020000006,0.0,nan,nan,nan,nan,nan,nan,nan,nan,0
5119112770,5119112490,0.0020000003,0.0,0.0020000003,0.0,nan,nan,nan,nan,nan,nan,nan,nan,0
5119116509,5119116235,0.0020000022,2.5564455e-09,0.0019999957,4.6915336e-12,nan,nan,nan,nan,nan,nan,nan,nan,0
5119122750,5119122478,0.002,0.0,0.0020000003,0.0,nan,nan,nan,nan,nan,nan,nan,nan,0
5119126507,5119126223,0.0020000003,9.2587155e-10,0.0019999994,5.45102e-12,nan,nan,nan,nan,nan,nan,nan,nan,0
5119134002,5119133714,0.0020000003,0.0,0.0020000003,0.0,nan,nan,nan,nan,nan,nan,nan,nan,0
5119136488,5119136210,0.0020000022,2.6429166e-09,0.0019999957,5.532014e-12,nan,nan,nan,nan,nan,nan,nan,nan,0
5119143975,5119143701,0.0020000008,0.0,0.002000001,0.0,nan,nan,nan,nan,nan,nan,nan,nan,0
5119147720,5119147446,0.0020000003,7.497443e-10,0.0019999994,6.9552662e-12,nan,nan,nan,nan,nan,nan,nan,nan,0
5119152718,5119152440,0.0019999982,2.553946e-09,0.0019999994,7.191067e-12,nan,nan,nan,nan,nan,nan,nan,nan,0
5119157705,5119157434,0.0020000022,1.7678746e-09,0.0019999966,7.459006e-12,nan,nan,nan,nan,nan,nan,nan,nan,0
5119162703,5119162430,0.0019999982,1.5342858e-09,0.0020000006,8.217231e-12,nan,nan,nan,nan,nan,nan,nan,nan,0
5119168957,5119168669,0.0020000003,6.6070255e-10,0.0019999999,8.68554e-12,nan,nan,nan,nan,nan,nan,nan,nan,0
5119172686,5119172415,0.0020000006,0.0,0.0020000006,0.0,nan,nan,nan,nan,nan,nan,nan,nan,0
5119178924,5119178657,0.0020000003,2.0214922e-11,0.0020000003,8.888909e-12,nan,nan,nan,nan,nan,nan,nan,nan,0
5119182676,5119182403,0.0020000022,1.8242227e-09,0.0019999966,9.318695e-12,nan,nan,nan,nan,nan,nan,nan,nan,0
5119186427,5119186148,0.0020000003,1.2708229e-09,0.001999999,9.7456e-12,nan,nan,nan,nan,nan,nan,nan,nan,0
5119192666,5119192390,0.002,8.344906e-10,0.0019999994,9.520497e-12,nan,nan,nan,nan,nan,nan,nan,nan,0
5119196405,5119196135,0.0020000006,5.439606e-10,0.0019999999,9.012185e-12,nan,nan,nan,nan,nan,nan,nan,nan,0
5119203916,5119203627,0.0020000006,0.0,0.0020000006,0.0,nan,nan,nan,nan,nan,nan,nan,nan,0
5119206405,5119206123,0.0020000022,1.4765885e-09,0.001999997,7.7068595e-12,nan,nan,nan,nan,nan,nan,nan,nan,0
5119212638,5119212365,0.0020000003,0.0,0.0020000003,0.0,nan,nan,nan,nan,nan,nan,nan,nan,0
5119217638,5119217359,0.0020000003,0.0,0.0020000003,3.934246e-12,nan,nan,nan,nan,nan,nan,nan,nan,0
5119222626,5119222353,0.0019999987,2.5531972e-09,0.0019999996,7.939781e-12,nan,nan,nan,nan,nan,nan,nan,nan,0
5119227620,5119227346,0.002,0.0,0.0020000003,0.0,nan,nan,nan,nan,nan,nan,nan,nan,0
5119232616,5119232340,0.0020000006,0.0,0.0020000006,0.0,nan,nan,nan,nan,nan,nan,nan,nan,0
5119238858,5119238582,0.002,0.0,0.0020000003,0.0,nan,nan,nan,nan,nan,nan,nan,nan,0
5119242600,5119242328,0.002000002,2.611564e-09,0.0019999957,7.780724e-12,nan,nan,nan,nan,nan,nan,nan,nan,0
5119248855,5119248569,0.0019999985,1.7383449e-09,0.0020000006,7.884877e-12,nan,nan,nan,nan,nan,nan,nan,nan,0
5119252591,5119252315,0.0020000003,1.0979658e-09,0.0019999994,7.979754e-12,nan,nan,nan,nan,nan,nan,nan,nan,0
5119256355,5119256060,0.0020000022,1.6508345e-09,0.0019999968,8.083855e-12,nan,nan,nan,nan,nan,nan,nan,nan,0
5119263824,5119263551,0.002,0.0,0.0020000003,0.0,nan,nan,nan,nan,nan,nan,nan,nan,0
5119266341,5119266048,0.0020000022,1.5354452e-09,0.0019999968,7.0578474e-12,nan,nan,nan,nan,nan,nan,nan,nan,0
5119273814,5119273538,0.0020000003,0.0,0.0020000003,0.0,nan,nan,nan,nan,nan,nan,nan,nan,0
5119277560,5119277283,0.0020000003,1.2449887e-09,0.0019999992,6.4760263e-12,nan,nan,nan,nan,nan,nan,nan,nan,0
5119283811,5119283526,0.0020000006,0.0,0.0020000006,0.0,nan,nan,nan,nan,nan,nan,nan,nan,0
5119287545,5119287271,0.0020000003,5.182323e-10,0.0019999999,5.6366457e-12,nan,nan,nan,nan,nan,nan,nan,nan,0
5119292540,5119292265,0.0020000003,0.0,0.0020000008,0.0,nan,nan,nan,nan,nan,nan,nan,nan,0
5119297536,5119297259,0.002000002,1.5663851e-09,0.0019999968,5.2217137e-12,nan,nan,nan,nan,nan,nan,nan,nan,0
5119302526,5119302255,0.0019999985,2.730675e-09,0.0019999994,5.085111e-12,nan,nan,nan,nan,nan,nan,nan,nan,0
5119308762,5119308494,0.0020000003,9.26063e-10,0.0019999994,5.2595792e-12,nan,nan,nan,nan,nan,nan,nan,nan,0
5119312514,5119312240,0.0020000003,1.0422098e-09,0.0019999994,5.5280884e-12,nan,nan,nan,nan,nan,nan,nan,nan,0
5119318748,5119318482,0.0020000006,0.0,0.0020000006,0.0,nan,nan,nan,nan,nan,nan,nan,nan,0
5119322554,5119322227,0.0020000003,0.0,0.0020000003,0.0,nan,nan,nan,nan,nan,nan,nan,nan,0
5119329999,5119329718,0.0020000006,0.0,0.0020000006,0.0,nan,nan,nan,nan,nan,nan,nan,nan,0
5119332489,5119332215,0.0020000003,4.0153633e-10,0.0019999999,5.9172996e-12,nan,nan,nan,nan,nan,nan,nan,nan,0
5119336230,5119335960,0.0020000003,7.221307e-10,0.0019999996,5.465097e-12,nan,nan,nan,nan,nan,nan,nan,nan,0
5119343722,5119343451,0.0020000003,0.0,0.0020000003,2.4245918e-12,nan,nan,nan,nan,nan,nan,nan,nan,0
5119347481,5119347196,0.0019999985,3.0802227e-09,0.001999999,4.7831843e-12,nan,nan,nan,nan,nan,nan,nan,nan,0
5119353739,5119353438,0.0020000003,1.1215677e-10,0.0020000003,4.258552e-12,nan,nan,nan,nan,nan,nan,nan,nan,0
5119357468,5119357186,0.0019999985,2.4991484e-09,0.0019999999,3.781019e-12,nan,nan,nan,nan,nan,nan,nan,nan,0
5119362454,5119362182,0.0020000022,1.3352316e-09,0.001999997,3.5446056e-12,nan,nan,nan,nan,nan,nan,nan,nan,0
5119367447,5119367171,0.0020000003,6.370493e-10,0.0019999996,3.2349956e-12,nan,nan,nan,nan,nan,nan,nan,nan,0
5119372437,5119372165,0.0020000003,1.1030805e-09,0.0019999994,2.8649895e-12,nan,nan,nan,nan,nan,nan,nan,nan,0
5119378678,5119378407,0.0020000006,0.0,0.0020000006,0.0,nan,nan,nan,nan,nan,nan,nan,nan,0
5119382437,5119382152,0.0020000003,8.119258e-10,0.0019999994,2.9814397e-12,nan,nan,nan,nan,nan,nan,nan,nan,0
5119388664,5119388394,0.0020000003,0.0,0.002,0.0,nan,nan,nan,nan,nan,nan,nan,nan,0
5119392409,5119392140,0.0020000003,8.4286925e-11,0.0020000003,3.0245684e-12,nan,nan,nan,nan,nan,nan,nan,nan,0
5119399905,5119399630,0.0020000022,1.5676328e-09,0.0019999968,3.9740936e-12,nan,nan,nan,nan,nan,nan,nan,nan,0
5119402398,5119402127,0.0020000003,9.272668e-10,0.0019999994,4.055759e-12,nan,nan,nan,nan,nan,nan,nan,nan,0
5119406154,5119405873,0.0020000022,3.0808884e-09,0.0019999952,4.1175743e-12,nan,nan,nan,nan,nan,nan,nan,nan,0
5119413637,5119413363,0.0020000022,1.3939179e-09,0.001999997,3.0659902e-12,nan,nan,nan,nan,nan,nan,nan,nan,0
5119417401,5119417109,0.0020000003,2.8862174e-10,0.002,2.4165583e-12,nan,nan,nan,nan,nan,nan,nan,nan,0
5119423631,5119423351,0.0020000022,1.8033849e-09,0.0019999966,1.0526423e-12,nan,nan,nan,nan,nan,nan,nan,nan,0
5119427383,5119427099,0.0020000003,0.0,0.0020000003,0.0,nan,nan,nan,nan,nan,nan,nan,nan,0
5119432368,5119432090,0.0020000006,0.0,0.0020000006,0.0,nan,nan,nan,nan,nan,nan,nan,nan,0
5119437360,5119437083,0.0020000003,0.0,0.0020000006,0.0,nan,nan,nan,nan,nan,nan,nan,nan,0
5119442356,5119442077,0.0020000022,1.8617564e-09,0.0019999966,8.8871965e-13,nan,nan,nan,nan,nan,nan,nan,nan,0
5119448596,5119448319,0.0020000003,1.7425142e-10,0.002,3.715639e-13,nan,nan,nan,nan,nan,nan,nan,nan,0
5119452342,5119452065,0.0020000003,5.8014312e-11,0.0020000003,1.9334881e-13,nan,nan,nan,nan,nan,nan,nan,nan,0
5119458575,5119458307,0.0020000022,1.4264828e-09,0.001999997,2.8708723e-11,nan,nan,nan,nan,nan,nan,nan,nan,0
5119462330,5119462052,0.0020000003,9.609864e-10,0.0019999994,2.8543858e-11,nan,nan,nan,nan,nan,nan,nan,nan,0
5119469819,5119469543,0.0019999982,1.5433019e-09,0.0020000006,2.8304952e-11,nan,nan,nan,nan,nan,nan,nan,nan,0
5119472322,5119472039,0.0020000003,0.0,0.0020000003,0.0,nan,nan,nan,nan,nan,nan,nan,nan,0
5119476066,5119475785,0.0019999985,1.311363e-09,0.0020000008,2.7413231e-11,nan,nan,nan,nan,nan,nan,nan,nan,0
5119483558,5119483276,0.0020000006,6.130888e-10,0.0019999999,2.7195444e-11,nan,nan,nan,nan,nan,nan,nan,nan,0
5119487299,5119487020,0.0019999982,1.5443646e-09,0.0020000006,2.7242177e-11,nan,nan,nan,nan,nan,nan,nan,nan,0
5119493532,5119493263,0.0020000003,0.0,0.0020000003,0.0,nan,nan,nan,nan,nan,nan,nan,nan,0
5119497291,5119497008,0.0020000024,1.1953178e-09,0.0019999975,2.7042996e-11,nan,nan,nan,nan,nan,nan,nan,nan,0
5119501026,5119500754,0.0019999982,1.544823e-09,0.0020000006,2.6783808e-11,nan,nan,nan,nan,nan,nan,nan,nan,0
5119508522,5119508244,0.0020000022,1.3124553e-09,0.001999997,2.63209e-11,nan,nan,nan,nan,nan,nan,nan,nan,0
5119512270,5119511989,0.0020000022,1.7781179e-09,0.0019999966,2.6319648e-11,nan,nan,nan,nan,nan,nan,nan,nan,0
5119518504,5119518231,0.0019999982,1.5464372e-09,0.0020000006,2.516963e-11,nan,nan,nan,nan,nan,nan,nan,nan,0
5119522265,5119521977,0.0019999982,1.5472873e-09,0.0020000006,2.4319512e-11,nan,nan,nan,nan,nan,nan,nan,nan,0
5119528494,5119528220,0.0020000003,0.0,0.0020000003,0.0,nan,nan,nan,nan,nan,nan,nan,nan,0
5119532239,5119531964,0.0020000003,6.1729666e-10,0.0019999999,2.2987622e-11,nan,nan,nan,nan,nan,nan,nan,nan,0
5119539724,5119539455,0.0020000008,0.0,0.0020000003,0.0,nan,nan,nan,nan,nan,nan,nan,nan,0
5119543488,5119543200,0.0020000003,8.4948065e-10,0.0019999994,2.363424e-11,nan,nan,nan,nan,nan,nan,nan,nan,0
5119545965,5119545697,0.0020000006,0.0,0.0020000008,0.0,nan,nan,nan,nan,nan,nan,nan,nan,0
5119553464,5119553189,0.0019999982,2.5963616e-09,0.0019999996,2.2983126e-11,nan,nan,nan,nan,nan,nan,nan,nan,0
5119557206,5119556933,0.0020000022,2.3645248e-09,0.0019999961,2.1989376e-11,nan,nan,nan,nan,nan,nan,nan,nan,0
5119562198,5119561927,0.0020000006,0.0,0.0020000008,0.0,nan,nan,nan,nan,nan,nan,nan,nan,0
5119567195,5119566920,0.0019999985,2.1910282e-09,0.0019999999,2.0862801e-11,nan,nan,nan,nan,nan,nan,nan,nan,0
5119572199,5119571915,0.0020000003,0.0,0.0020000003,0.0,nan,nan,nan,nan,nan,nan,nan,nan,0
5119578434,5119578156,0.0020000003,1.2011843e-09,0.001999999,2.1176623e-11,nan,nan,nan,nan,nan,nan,nan,nan,0
5119582173,5119581902,0.0020000003,0.0,0.0020000003,0.0,nan,nan,nan,nan,nan,nan,nan,nan,0
5119588417,5119588144,0.0020000006,0.0,0.0020000006,0.0,nan,nan,nan,nan,nan,nan,nan,nan,0
5119592163,5119591889,0.0019999982,1.7256474e-09,0.0020000003,2.058241e-11,nan,nan,nan,nan,nan,nan,nan,nan,0
5119598402,5119598131,0.002,1.2598789e-09,0.001999999,2.0689672e-11,nan,nan,nan,nan,nan,nan,nan,nan,0
5119602147,5119601877,0.0020000003,0.0,0.0020000006,0.0,nan,nan,nan,nan,nan,nan,nan,nan,0
5119609640,5119609368,0.0020000003,5.020207e-10,0.0019999999,2.1848263e-11,nan,nan,nan,nan,nan,nan,nan,nan,0
5119613395,5119613113,0.0020000006,0.0,0.0020000006,0.0,nan,nan,nan,nan,nan,nan,nan,nan,0
5119615889,5119615610,0.0020000003,1.2591126e-09,0.001999999,2.1455965e-11,nan,nan,nan,nan,nan,nan,nan,nan,0
5119623383,5119623101,0.0020000003,1.0842143e-09,0.0019999994,2.173127e-11,nan,nan,nan,nan,nan,nan,nan,nan,0
5119627146,5119626846,0.0019999987,1.6660224e-09,0.0020000006,2.1999784e-11,nan,nan,nan,nan,nan,nan,nan,nan,0
5119632131,5119631844,0.002,2.6871794e-10,0.0019999999,2.2320382e-11,nan,nan,nan,nan,nan,nan,nan,nan,0
5119637113,5119636833,0.0019999985,1.3170071e-09,0.0020000008,2.1769177e-11,nan,nan,nan,nan,nan,nan,nan,nan,0
5119642108,5119641827,0.0020000003,0.0,0.0020000003,0.0,nan,nan,nan,nan,nan,nan,nan,nan,0
5119648352,5119648069,0.0020000008,0.0,0.0020000003,0.0,nan,nan,nan,nan,nan,nan,nan,nan,0
5119652105,5119651814,0.002,0.0,0.0020000003,0.0,nan,nan,nan,nan,nan,nan,nan,nan,0
5119658369,5119658056,0.0020000022,1.4324323e-09,0.001999997,2.275919e-11,nan,nan,nan,nan,nan,nan,nan,nan,0
5119662094,5119661802,0.0020000006,0.0,0.0020000008,0.0,nan,nan,nan,nan,nan,nan,nan,nan,0
5119668324,5119668044,0.0020000003,3.2591138e-10,0.0019999999,2.3334591e-11,nan,nan,nan,nan,nan,nan,nan,nan,0
5119672077,5119671789,0.0020000003,0.0,0.0020000003,0.0,nan,nan,nan,nan,nan,nan,nan,nan,0
5119679553,5119679280,0.0020000022,1.6638272e-09,0.001999997,2.4194962e-11,nan,nan,nan,nan,nan,nan,nan,nan,0
5119683331,5119683026,0.0020000006,0.0,0.0020000006,0.0,nan,nan,nan,nan,nan,nan,nan,nan,0
5119685794,5119685522,0.0020000006,1.5039203e-10,0.0020000003,2.4230954e-11,nan,nan,nan,nan,nan,nan,nan,nan,0
5119693297,5119693012,0.0020000006,0.0,0.0020000008,0.0,nan,nan,nan,nan,nan,nan,nan,nan,0
5119697034,5119696758,0.0020000022,2.4776003e-09,0.0019999961,2.532911e-11,nan,nan,nan,nan,nan,nan,nan,nan,0
5119702038,5119701752,0.0020000006,0.0,0.0020000006,0.0,nan,nan,nan,nan,nan,nan,nan,nan,0
5119707037,5119706746,0.0020000022,1.428878e-09,0.001999997,2.6313507e-11,nan,nan,nan,nan,nan,nan,nan,nan,0
5119712012,5119711739,0.0020000003,9.628681e-10,0.0019999994,2.666209e-11,nan,nan,nan,nan,nan,nan,nan,nan,0
5119718255,5119717981,0.0020000022,2.126631e-09,0.0019999964,2.7052447e-11,nan,nan,nan,nan,nan,nan,nan,nan,0
5119722006,5119721727,0.0020000022,2.126365e-09,0.0019999964,2.7318401e-11,nan,nan,nan,nan,nan,nan,nan,nan,0
5119728236,5119727969,0.0020000003,3.0514806e-11,0.0020000003,2.7692855e-11,nan,nan,nan,nan,nan,nan,nan,nan,0
5119731986,5119731714,0.0020000006,0.0,0.0020000006,0.0,nan,nan,nan,nan,nan,nan,nan,nan,0
5119739491,5119739205,0.0020000003,4.9622223e-10,0.0019999999,2.7646732e-11,nan,nan,nan,nan,nan,nan,nan,nan,0
5119741976,5119741702,0.002,0.0,0.0020000003,0.0,nan,nan,nan,nan,nan,nan,nan,nan,0
5119749482,5119749200,0.002000002,1.5438053e-09,0.0019999968,2.7801553e-11,nan,nan,nan,nan,nan,nan,nan,nan,0
5119753218,5119752939,0.002,3.7926418e-10,0.0019999999,2.818945e-11,nan,nan,nan,nan,nan,nan,nan,nan,0
5119756988,5119756695,0.0020000022,1.4263798e-09,0.001999997,2.881169e-11,nan,nan,nan,nan,nan,nan,nan,nan,0
5119763211,5119762925,0.0020000022,1.5706844e-09,0.0019999968,9.224514e-13,nan,nan,nan,nan,nan,nan,nan,nan,0
5119766950,5119766671,0.002000002,3.0834457e-09,0.0019999952,1.5603907e-12,nan,nan,nan,nan,nan,nan,nan,nan,0
5119774442,5119774161,0.0020000003,0.0,0.0020000003,1.0709489e-12,nan,nan,nan,nan,nan,nan,nan,nan,0
5119776944,5119776658,0.0020000003,0.0,0.0020000003,0.0,nan,nan,nan,nan,nan,nan,nan,nan,0
5119781934,5119781660,0.0020000003,5.2193083e-10,0.0019999999,1.9381389e-12,nan,nan,nan,nan,nan,nan,nan,nan,0
5119788160,5119787893,0.0020000003,0.0,0.0020000006,0.0,nan,nan,nan,nan,nan,nan,nan,nan,0
5119791921,5119791639,0.0020000003,5.2103183e-10,0.0019999999,2.8370986e-12,nan,nan,nan,nan,nan,nan,nan,nan,0
5119798149,5119797881,0.002,0.0,0.0020000003,0.0,nan,nan,nan,nan,nan,nan,nan,nan,0
5119801909,5119801627,0.0019999985,2.3548468e-09,0.0019999999,2.563524e-12,nan,nan,nan,nan,nan,nan,nan,nan,0
5119809400,5119809117,0.0020000006,0.0,0.0020000006,0.0,nan,nan,nan,nan,nan,nan,nan,nan,0
5119811892,5119811614,0.0020000003,2.8803976e-10,0.002,2.9985372e-12,nan,nan,nan,nan,nan,nan,nan,nan,0
5119819382,5119819105,0.0019999985,1.6854812e-09,0.0020000006,2.5409432e-12,nan,nan,nan,nan,nan,nan,nan,nan,0
5119823133,5119822850,0.0019999985,2.5004596e-09,0.0019999999,2.4697171e-12,nan,nan,nan,nan,nan,nan,nan,nan,0
5119826873,5119826595,0.0020000006,1.0451356e-09,0.0019999994,2.6022986e-12,nan,nan,nan,nan,nan,nan,nan,nan,0
5119833120,5119832837,0.0020000003,5.4760328e-11,0.0020000003,3.4473344e-12,nan,nan,nan,nan,nan,nan,nan,nan,0
5119836856,5119836583,0.0020000003,0.0,0.0020000003,0.0,nan,nan,nan,nan,nan,nan,nan,nan,0
5119844354,5119844077,0.002000002,1.538715e-09,0.0019999968,3.7879283e-12,nan,nan,nan,nan,nan,nan,nan,nan,0
5119846846,5119846570,0.002,0.0,0.0020000003,0.0,nan,nan,nan,nan,nan,nan,nan,nan,0
5119851837,5119851564,0.0020000022,2.615538e-09,0.0019999957,3.806712e-12,nan,nan,nan,nan,nan,nan,nan,nan,0
5119858077,5119857806,0.0020000006,0.0,0.0020000006,0.0,nan,nan,nan,nan,nan,nan,nan,nan,0
5119861826,5119861551,0.0020000006,0.0,0.0020000003,0.0,nan,nan,nan,nan,nan,nan,nan,nan,0
5119868064,5119867793,0.0020000024,1.6841045e-09,0.001999997,3.91767e-12,nan,nan,nan,nan,nan,nan,nan,nan,0
5119871814,5119871539,0.0020000022,1.3930983e-09,0.001999997,3.885555e-12,nan,nan,nan,nan,nan,nan,nan,nan,0
5119879304,5119879029,0.0020000003,0.0,0.0020000003,0.0,nan,nan,nan,nan,nan,nan,nan,nan,0
5119883048,5119882775,0.002,1.2178685e-09,0.001999999,4.4923683e-12,nan,nan,nan,nan,nan,nan,nan,nan,0
5119889308,5119889017,0.0020000022,2.090924e-09,0.0019999961,4.551727e-12,nan,nan,nan,nan,nan,nan,nan,nan,0
5119893039,5119892762,0.0020000003,2.8634692e-10,0.002,4.6913983e-12,nan,nan,nan,nan,nan,nan,nan,nan,0
5119896792,5119896508,0.0019999987,1.2464201e-09,0.002000001,5.0446695e-12,nan,nan,nan,nan,nan,nan,nan,nan,0
5119903019,5119902750,0.0020000003,0.0,0.0020000008,0.0,nan,nan,nan,nan,nan,nan,nan,nan,0
5119906779,5119906495,0.0020000003,0.0,0.0020000006,0.0,nan,nan,nan,nan,nan,nan,nan,nan,0
5119911779,5119911489,0.002,4.3067436e-10,0.0019999999,5.883103e-12,nan,nan,nan,nan,nan,nan,nan,nan,0
5119918011,5119917731,0.0020000003,1.2462077e-09,0.0019999992,5.2569806e-12,nan,nan,nan,nan,nan,nan,nan,nan,0
5119924244,5119923973,0.0020000022,1.50821e-09,0.001999997,5.1892327e-12,nan,nan,nan,nan,nan,nan,nan,nan,0
5119927995,5119927718,0.0020000006,0.0,0.0020000006,0.0,nan,nan,nan,nan,nan,nan,nan,nan,0
5119931752,5119931464,0.0020000022,1.4201973e-09,0.001999997,5.8903733e-12,nan,nan,nan,nan,nan,nan,nan,nan,0
5119937977,5119937706,0.0020000008,0.0,0.002000001,0.0,nan,nan,nan,nan,nan,nan,nan,nan,0
5119941726,5119941451,0.0019999985,1.4206704e-09,0.0020000008,5.417387e-12,nan,nan,nan,nan,nan,nan,nan,nan,0
5119949220,5119948943,0.0020000006,0.0,0.0020000008,0.0,nan,nan,nan,nan,nan,nan,nan,nan,0
5119952979,5119952687,0.0020000006,0.0,0.0020000006,0.0,nan,nan,nan,nan,nan,nan,nan,nan,0
5119959198,5119958929,0.0020000003,0.0,0.0020000003,0.0,nan,nan,nan,nan,nan,nan,nan,nan,0
5119962967,5119962686,0.0020000006,9.857327e-10,0.0019999994,3.797537e-12,nan,nan,nan,nan,nan,nan,nan,nan,0
5119966698,5119966420,0.0020000024,1.6843233e-09,0.001999997,3.698866e-12,nan,nan,nan,nan,nan,nan,nan,nan,0
5119972946,5119972662,0.0020000003,1.2767917e-09,0.001999999,3.776892e-12,nan,nan,nan,nan,nan,nan,nan,nan,0
5119976681,5119976407,0.0020000003,0.0,0.0020000006,0.0,nan,nan,nan,nan,nan,nan,nan,nan,0
5119981674,5119981401,0.0020000022,2.7603162e-09,0.0019999957,4.547595e-12,nan,nan,nan,nan,nan,nan,nan,nan,0
5119987930,5119987643,0.0019999987,1.7125458e-09,0.0020000006,4.5802355e-12,nan,nan,nan,nan,nan,nan,nan,nan,0
5119994158,5119993886,0.0020000003,0.0,0.0020000003,0.0,nan,nan,nan,nan,nan,nan,nan,nan,0
5119997899,5119997631,0.0019999987,1.2765775e-09,0.002000001,3.9910367e-12,nan,nan,nan,nan,nan,nan,nan,nan,0
5120001648,5120001378,0.0020000003,0.0,0.0020000003,2.0124033e-12,nan,nan,nan,nan,nan,nan,nan,nan,0
5120007903,5120007618,0.002,1.1893265e-09,0.0019999992,3.93054e-12,nan,nan,nan,nan,nan,nan,nan,nan,0
5120011641,5120011364,0.0020000022,1.3643784e-09,0.001999997,3.5016694e-12,nan,nan,nan,nan,nan,nan,nan,nan,0
5120019123,5120018854,0.0019999987,1.6557969e-09,0.0020000006,3.1214129e-12,nan,nan,nan,nan,nan,nan,nan,nan,0
5120022923,5120022600,0.0020000024,1.7428425e-09,0.0019999968,3.3872904e-12,nan,nan,nan,nan,nan,nan,nan,nan,0
5120029114,5120028842,0.0020000022,1.6844284e-09,0.0019999968,3.5937538e-12,nan,nan,nan,nan,nan,nan,nan,nan,0
5120032880,5120032591,0.0020000006,0.0,0.0020000006,0.0,nan,nan,nan,nan,nan,nan,nan,nan,0
5120036614,5120036332,0.0019999982,1.5682085e-09,0.0020000006,3.3983944e-12,nan,nan,nan,nan,nan,nan,nan,nan,0
5120042849,5120042575,0.0020000003,9.283088e-10,0.0019999994,3.0137767e-12,nan,nan,nan,nan,nan,nan,nan,nan,0
5120046595,5120046320,0.0020000003,1.219577e-09,0.001999999,2.783853e-12,nan,nan,nan,nan,nan,nan,nan,nan,0
5120051592,5120051313,0.0020000006,0.0,0.0020000008,0.0,nan,nan,nan,nan,nan,nan,nan,nan,0
5120057829,5120057555,0.0019999987,1.2478556e-09,0.002000001,3.6090957e-12,nan,nan,nan,nan,nan,nan,nan,nan,0
5120064075,5120063798,0.002,6.946114e-10,0.0019999994,3.8805226e-12,nan,nan,nan,nan,nan,nan,nan,nan,0
5120067820,5120067543,0.0020000008,0.0,0.0020000008,0.0,nan,nan,nan,nan,nan,nan,nan,nan,0
5120071565,5120071289,0.0020000003,8.113171e-10,0.0019999994,3.5901265e-12,nan,nan,nan,nan,nan,nan,nan,nan,0
5120077805,5120077531,0.0020000003,1.1605515e-09,0.0019999992,3.6016988e-12,nan,nan,nan,nan,nan,nan,nan,nan,0
5120081556,5120081282,0.0020000022,1.3351669e-09,0.001999997,3.6093819e-12,nan,nan,nan,nan,nan,nan,nan,nan,0
5120089056,5120088766,0.0020000003,6.365122e-10,0.0019999999,3.772104e-12,nan,nan,nan,nan,nan,nan,nan,nan,0
5120092785,5120092513,0.0020000006,0.0,0.0020000008,0.0,nan,nan,nan,nan,nan,nan,nan,nan,0
5120099031,5120098754,0.0020000003,1.4167752e-10,0.0020000003,3.8416336e-12,nan,nan,nan,nan,nan,nan,nan,nan,0
5120102774,5120102499,0.002000002,2.557301e-09,0.001999996,3.8361102e-12,nan,nan,nan,nan,nan,nan,nan,nan,0
5120106537,5120106245,0.0020000006,0.0,0.0020000008,0.0,nan,nan,nan,nan,nan,nan,nan,nan,0
5120111526,5120111247,0.0020000003,0.0,0.0020000003,2.0368438e-12,nan,nan,nan,nan,nan,nan,nan,nan,0
5120116519,5120116233,0.0020000003,0.0,0.0020000003,0.0,nan,nan,nan,nan,nan,nan,nan,nan,0
5120123991,5120123723,0.0020000003,1.1011922e-09,0.0019999994,4.753255e-12,nan,nan,nan,nan,nan,nan,nan,nan,0
5120127743,5120127468,0.0019999985,2.9348308e-09,0.0019999994,4.656154e-12,nan,nan,nan,nan,nan,nan,nan,nan,0
5120131501,5120131214,0.0020000003,0.0,0.0020000006,0.0,nan,nan,nan,nan,nan,nan,nan,nan,0
5120137724,5120137455,0.0020000003,6.3565875e-10,0.0019999999,4.625505e-12,nan,nan,nan,nan,nan,nan,nan,nan,0
5120141480,5120141201,0.0019999985,1.5084363e-09,0.0020000008,4.962865e-12,nan,nan,nan,nan,nan,nan,nan,nan,0
5120148982,5120148691,0.0020000006,0.0,0.0020000006,0.0,nan,nan,nan,nan,nan,nan,nan,nan,0
5120151464,5120151188,0.0020000003,1.2754389e-09,0.001999999,5.129716e-12,nan,nan,nan,nan,nan,nan,nan,nan,0
5120158950,5120158679,0.0020000003,1.1016067e-09,0.0019999994,4.3388106e-12,nan,nan,nan,nan,nan,nan,nan,nan,0
5120162702,5120162425,0.0020000006,0.0,0.0020000006,0.0,nan,nan,nan,nan,nan,nan,nan,nan,0
5120168940,5120168666,0.0020000003,5.776156e-10,0.0019999999,4.4609906e-12,nan,nan,nan,nan,nan,nan,nan,nan,0
5120172692,5120172412,0.0019999982,1.2758573e-09,0.0020000008,4.7112193e-12,nan,nan,nan,nan,nan,nan,nan,nan,0
5120176430,5120176157,0.0020000003,7.8071244e-10,0.0019999996,5.0910023e-12,nan,nan,nan,nan,nan,nan,nan,nan,0
5120183927,5120183647,0.0020000022,1.3330527e-09,0.001999997,5.7235206e-12,nan,nan,nan,nan,nan,nan,nan,nan,0
5120186414,5120186144,0.0019999982,1.3328284e-09,0.0020000008,5.9477874e-12,nan,nan,nan,nan,nan,nan,nan,nan,0
5120193902,5120193635,0.0020000006,0.0,0.0020000006,0.0,nan,nan,nan,nan,nan,nan,nan,nan,0
5120197657,5120197381,0.0020000006,0.0,0.0020000006,0.0,nan,nan,nan,nan,nan,nan,nan,nan,0
5120203900,5120203622,0.0020000003,1.1282186e-09,0.0019999994,6.8307877e-12,nan,nan,nan,nan,nan,nan,nan,nan,0
5120207649,5120207368,0.002,3.4274705e-10,0.0019999999,6.4989143e-12,nan,nan,nan,nan,nan,nan,nan,nan,0
5120211389,5120211113,0.0020000003,8.3802393e-10,0.0019999994,5.987155e-12,nan,nan,nan,nan,nan,nan,nan,nan,0
5120218879,5120218604,0.0020000008,0.0,0.0020000003,0.0,nan,nan,nan,nan,nan,nan,nan,nan,0
5120221377,5120221101,0.0019999985,2.2063373e-09,0.0019999999,5.553887e-12,nan,nan,nan,nan,nan,nan,nan,nan,0
5120228867,5120228591,0.0020000006,1.0702524e-09,0.0019999994,6.58925e-12,nan,nan,nan,nan,nan,nan,nan,nan,0
5120232611,5120232337,0.0020000006,0.0,0.0020000006,0.0,nan,nan,nan,nan,nan,nan,nan,nan,0
5120238849,5120238579,0.0019999985,1.3893279e-09,0.0020000008,7.655989e-12,nan,nan,nan,nan,nan,nan,nan,nan,0
5120242599,5120242327,0.0020000006,1.1274743e-09,0.0019999994,7.575019e-12,nan,nan,nan,nan,nan,nan,nan,nan,0
5120246350,5120246070,0.0020000006,0.0,0.0020000006,0.0,nan,nan,nan,nan,nan,nan,nan,nan,0
5120253826,5120253560,0.002,1.2154956e-09,0.001999999,6.8652462e-12,nan,nan,nan,nan,nan,nan,nan,nan,0
5120256334,5120256057,0.0020000008,0.0,0.0020000008,0.0,nan,nan,nan,nan,nan,nan,nan,nan,0
5120263820,5120263547,0.0020000003,0.0,0.0020000003,0.0,nan,nan,nan,nan,nan,nan,nan,nan,0
5120267567,5120267293,0.0020000006,0.0,0.0020000006,0.0,nan,nan,nan,nan,nan,nan,nan,nan,0
5120273811,5120273535,0.002,2.8411012e-10,0.0019999999,6.928168e-12,nan,nan,nan,nan,nan,nan,nan,nan,0
5120277552,5120277280,0.0020000006,1.0989759e-09,0.0019999994,6.9696002e-12,nan,nan,nan,nan,nan,nan,nan,nan,0
5120281315,5120281026,0.0020000006,0.0,0.002,0.0,nan,nan,nan,nan,nan,nan,nan,nan,0
5120288800,5120288516,0.002,7.206466e-10,0.0019999996,6.949167e-12,nan,nan,nan,nan,nan,nan,nan,nan,0
5120292540,5120292262,0.0020000003,9.239156e-10,0.0019999994,7.406981e-12,nan,nan,nan,nan,nan,nan,nan,nan,0
5120298789,5120298504,0.0020000006,0.0,0.0020000006,0.0,nan,nan,nan,nan,nan,nan,nan,nan,0
5120302525,5120302249,0.0019999985,2.6700073e-09,0.0019999994,7.545041e-12,nan,nan,nan,nan,nan,nan,nan,nan,0
5120312520,5120312237,0.0020000003,8.0796303e-10,0.0019999994,6.9442212e-12,nan,nan,nan,nan,nan,nan,nan,nan,0
5120316268,5120315982,0.0020000006,0.0,0.0020000006,0.0,nan,nan,nan,nan,nan,nan,nan,nan,0
5120321262,5120320976,0.0020000003,0.0,0.0020000003,0.0,nan,nan,nan,nan,nan,nan,nan,nan,0
5120323755,5120323472,0.0020000003,1.2439546e-09,0.0019999992,7.510116e-12,nan,nan,nan,nan,nan,nan,nan,nan,0
5120329996,5120329715,0.0019999985,2.1461986e-09,0.0019999999,7.484884e-12,nan,nan,nan,nan,nan,nan,nan,nan,0
5120333733,5120333460,0.0020000003,7.4904877e-10,0.0019999994,7.650831e-12,nan,nan,nan,nan,nan,nan,nan,nan,0
5120337479,5120337205,0.0020000003,1.3803858e-10,0.0020000003,7.480568e-12,nan,nan,nan,nan,nan,nan,nan,nan,0
5120344985,5120344696,0.0019999985,2.8160405e-09,0.0019999994,7.03102e-12,nan,nan,nan,nan,nan,nan,nan,nan,0
5120347466,5120347193,0.0019999987,2.4669011e-09,0.0019999999,6.9245495e-12,nan,nan,nan,nan,nan,nan,nan,nan,0
5120354953,5120354683,0.0020000003,0.0,0.0020000003,0.0,nan,nan,nan,nan,nan,nan,nan,nan,0
5120358710,5120358430,0.002000002,1.5361079e-09,0.0019999968,6.3951015e-12,nan,nan,nan,nan,nan,nan,nan,nan,0
5120364952,5120364671,0.0020000003,1.6871367e-10,0.0020000003,5.909318e-12,nan,nan,nan,nan,nan,nan,nan,nan,0
5120368686,5120368416,0.002,7.2182565e-10,0.0019999994,5.7701222e-12,nan,nan,nan,nan,nan,nan,nan,nan,0
5120372431,5120372162,0.0020000003,0.0,0.0020000003,0.0,nan,nan,nan,nan,nan,nan,nan,nan,0
5120381178,5120380900,0.0020000006,0.0,0.0020000006,0.0,nan,nan,nan,nan,nan,nan,nan,nan,0
5120382438,5120382149,0.0020000022,2.3501674e-09,0.0019999961,7.242958e-12,nan,nan,nan,nan,nan,nan,nan,nan,0
5120391172,5120390893,0.0020000003,1.2155539e-09,0.001999999,6.8069803e-12,nan,nan,nan,nan,nan,nan,nan,nan,0
5120393666,5120393385,0.0020000006,0.0,0.0020000008,0.0,nan,nan,nan,nan,nan,nan,nan,nan,0
5120399896,5120399627,0.0020000006,5.170318e-10,0.0019999999,6.837161e-12,nan,nan,nan,nan,nan,nan,nan,nan,0
5120403637,5120403372,0.0020000006,0.0,0.0020000003,0.0,nan,nan,nan,nan,nan,nan,nan,nan,0
5120407387,5120407118,0.002,2.5510635e-10,0.0019999999,6.828123e-12,nan,nan,nan,nan,nan,nan,nan,nan,0
5120414879,5120414608,0.0020000022,1.3320104e-09,0.001999997,6.765843e-12,nan,nan,nan,nan,nan,nan,nan,nan,0
5120417380,5120417105,0.0020000003,0.0,0.0020000006,0.0,nan,nan,nan,nan,nan,nan,nan,nan,0
5120424867,5120424595,0.0020000006,0.0,0.0020000003,0.0,nan,nan,nan,nan,nan,nan,nan,nan,0
5120428615,5120428346,0.0019999985,1.8573776e-09,0.0020000003,5.2675572e-12,nan,nan,nan,nan,nan,nan,nan,nan,0
5120434875,5120434588,0.0020000006,0.0,0.0020000006,0.0,nan,nan,nan,nan,nan,nan,nan,nan,0
5120438603,5120438328,0.0020000003,1.0724392e-09,0.0019999994,4.402473e-12,nan,nan,nan,nan,nan,nan,nan,nan,0
5120442351,5120442074,0.0020000022,1.509526e-09,0.001999997,3.873275e-12,nan,nan,nan,nan,nan,nan,nan,nan,0
5120451094,5120450813,0.0020000003,0.0,0.0020000003,0.0,nan,nan,nan,nan,nan,nan,nan,nan,0
5120452335,5120452061,0.002000002,1.5689114e-09,0.0019999968,2.695389e-12,nan,nan,nan,nan,nan,nan,nan,nan,0
5120461083,5120460800,0.002,8.1341317e-10,0.0019999994,1.4940982e-12,nan,nan,nan,nan,nan,nan,nan,nan,0
5120463570,5120463297,0.0020000006,0.0,0.0020000006,0.0,nan,nan,nan,nan,nan,nan,nan,nan,0
5120471065,5120470788,0.0020000022,2.9096137e-09,0.0019999957,7.694921e-13,nan,nan,nan,nan,nan,nan,nan,nan,0
5120473554,5120473285,0.0020000006,0.0,0.0020000006,0.0,nan,nan,nan,nan,nan,nan,nan,nan,0
5120477314,5120477030,0.0020000022,1.3379634e-09,0.001999997,8.128099e-13,nan,nan,nan,nan,nan,nan,nan,nan,0
5120484792,5120484521,0.0020000006,0.0,0.0020000008,0.0,nan,nan,nan,nan,nan,nan,nan,nan,0
5120487295,5120487017,0.0020000006,0.0,0.0020000008,0.0,nan,nan,nan,nan,nan,nan,nan,nan,0
5120494780,5120494508,0.0020000006,0.0,0.0020000008,0.0,nan,nan,nan,nan,nan,nan,nan,nan,0
5120498548,5120498266,0.0020000024,1.6879524e-09,0.0019999968,6.97168e-14,nan,nan,nan,nan,nan,nan,nan,nan,0
5120506017,5120505744,0.0020000022,1.7768381e-09,0.0019999966,2.7599364e-11,nan,nan,nan,nan,nan,nan,nan,nan,0
5120508537,5120508241,0.002000002,2.1266422e-09,0.0019999961,2.7041161e-11,nan,nan,nan,nan,nan,nan,nan,nan,0
5120512264,5120511986,0.0020000003,3.812832e-10,0.0019999999,2.6170437e-11,nan,nan,nan,nan,nan,nan,nan,nan,0
5120521013,5120520725,0.0020000022,1.8946658e-09,0.0019999966,2.6187032e-11,nan,nan,nan,nan,nan,nan,nan,nan,0
5120523499,5120523222,0.0020000003,3.2127405e-11,0.0020000003,2.6080256e-11,nan,nan,nan,nan,nan,nan,nan,nan,0
5120530991,5120530712,0.0020000024,1.662128e-09,0.001999997,2.5894151e-11,nan,nan,nan,nan,nan,nan,nan,nan,0
5120533483,5120533210,0.0019999985,1.3712946e-09,0.0020000008,2.568919e-11,nan,nan,nan,nan,nan,nan,nan,nan,0
5120540987,5120540700,0.0020000024,2.943648e-09,0.0019999957,2.4942732e-11,nan,nan,nan,nan,nan,nan,nan,nan,0
5120543481,5120543197,0.0020000022,1.430728e-09,0.001999997,2.446355e-11,nan,nan,nan,nan,nan,nan,nan,nan,0
5120547212,5120546942,0.0020000022,1.663633e-09,0.0019999968,2.4389185e-11,nan,nan,nan,nan,nan,nan,nan,nan,0
5120554706,5120554433,0.0020000003,6.1556665e-10,0.0019999999,2.471761e-11,nan,nan,nan,nan,nan,nan,nan,nan,0
5120558464,5120558178,0.0020000006,0.0,0.0020000006,0.0,nan,nan,nan,nan,nan,nan,nan,nan,0
5120564697,5120564420,0.0019999982,1.5460772e-09,0.0020000006,2.5529648e-11,nan,nan,nan,nan,nan,nan,nan,nan,0
5120568442,5120568166,0.0020000003,0.0,0.0020000003,0.0,nan,nan,nan,nan,nan,nan,nan,nan,0
5120575946,5120575656,0.0020000006,0.0,0.0020000008,0.0,nan,nan,nan,nan,nan,nan,nan,nan,0
5120578428,5120578154,0.0020000006,0.0,0.0020000006,0.0,nan,nan,nan,nan,nan,nan,nan,nan,0
5120582174,5120581899,0.002000002,1.7778099e-09,0.0019999966,2.6627645e-11,nan,nan,nan,nan,nan,nan,nan,nan,0
5120590918,5120590638,0.0020000006,0.0,0.0020000003,0.0,nan,nan,nan,nan,nan,nan,nan,nan,0
5120593419,5120593138,0.0019999982,3.0589986e-09,0.001999999,2.6007502e-11,nan,nan,nan,nan,nan,nan,nan,nan,0
5120600902,5120600625,0.0020000003,4.98418e-10,0.0019999999,2.545096e-11,nan,nan,nan,nan,nan,nan,nan,nan,0
5120603446,5120603128,0.0020000006,0.0,0.0020000006,0.0,nan,nan,nan,nan,nan,nan,nan,nan,0
5120610958,5120610620,0.0020000003,0.0,0.0020000003,1.2385624e-11,nan,nan,nan,nan,nan,nan,nan,nan,0
5120613381,5120613109,0.002000002,1.5473764e-09,0.0019999968,2.4230423e-11,nan,nan,nan,nan,nan,nan,nan,nan,0
5120617141,5120616855,0.0020000003,9.658896e-10,0.0019999994,2.364062e-11,nan,nan,nan,nan,nan,nan,nan,nan,0
5120624674,5120624350,0.0019999985,1.7811613e-09,0.0020000003,2.3276207e-11,nan,nan,nan,nan,nan,nan,nan,nan,0
5120628362,5120628091,0.0020000024,1.1988973e-09,0.0019999975,2.3463554e-11,nan,nan,nan,nan,nan,nan,nan,nan,0
5120634615,5120634335,0.0020000003,0.0,0.0020000006,0.0,nan,nan,nan,nan,nan,nan,nan,nan,0
5120638368,5120638078,0.0019999987,1.6648729e-09,0.0020000006,2.314924e-11,nan,nan,nan,nan,nan,nan,nan,nan,0
5120645842,5120645568,0.0020000022,1.7806867e-09,0.0019999966,2.3750831e-11,nan,nan,nan,nan,nan,nan,nan,nan,0
5120648355,5120648068,0.0020000022,1.7804241e-09,0.0019999966,2.4013309e-11,nan,nan,nan,nan,nan,nan,nan,nan,0
5120652095,5120651811,0.0020000006,0.0,0.0020000006,0.0,nan,nan,nan,nan,nan,nan,nan,nan,0
5120660823,5120660550,0.0020000003,3.8475545e-10,0.0019999999,2.2698184e-11,nan,nan,nan,nan,nan,nan,nan,nan,0
5120663374,5120663047,0.0019999985,1.2582039e-09,0.002000001,2.2364666e-11,nan,nan,nan,nan,nan,nan,nan,nan,0
5120669561,5120669289,0.002000002,1.5485723e-09,0.0019999968,2.3034602e-11,nan,nan,nan,nan,nan,nan,nan,nan,0
5120673312,5120673034,0.0020000022,1.8974453e-09,0.0019999966,2.340747e-11,nan,nan,nan,nan,nan,nan,nan,nan,0
5120680802,5120680525,0.002000002,1.7802991e-09,0.0019999966,2.4138386e-11,nan,nan,nan,nan,nan,nan,nan,nan,0
5120684543,5120684270,0.0020000008,0.0,0.0020000008,0.0,nan,nan,nan,nan,nan,nan,nan,nan,0
5120687091,5120686767,0.0020000003,0.0,0.0020000003,0.0,nan,nan,nan,nan,nan,nan,nan,nan,0
5120694530,5120694258,0.0019999985,3.060047e-09,0.0019999992,2.4958941e-11,nan,nan,nan,nan,nan,nan,nan,nan,0
5120698295,5120698003,0.0020000003,7.8962387e-10,0.0019999994,2.5283393e-11,nan,nan,nan,nan,nan,nan,nan,nan,0
5120704536,5120704246,0.0020000003,9.641336e-10,0.0019999994,2.5396636e-11,nan,nan,nan,nan,nan,nan,nan,nan,0
5120708319,5120707991,0.0020000022,1.4292898e-09,0.001999997,2.5901753e-11,nan,nan,nan,nan,nan,nan,nan,nan,0
5120715804,5120715481,0.0020000022,1.3127215e-09,0.001999997,2.6054665e-11,nan,nan,nan,nan,nan,nan,nan,nan,0
5120719504,5120719226,0.0020000006,0.0,0.0020000006,0.0,nan,nan,nan,nan,nan,nan,nan,nan,0
5120721992,5120721723,0.0019999985,1.4292357e-09,0.0020000008,2.595578e-11,nan,nan,nan,nan,nan,nan,nan,nan,0
5120730790,5120730463,0.0019999985,2.0106241e-09,0.0020000003,2.66441e-11,nan,nan,nan,nan,nan,nan,nan,nan,0
5120733233,5120732960,0.0020000003,2.6424765e-10,0.002,2.6790643e-11,nan,nan,nan,nan,nan,nan,nan,nan,0
5120739483,5120739201,0.002000002,1.5435037e-09,0.0019999968,2.8103186e-11,nan,nan,nan,nan,nan,nan,nan,nan,0
5120743213,5120742946,0.0020000022,1.6592175e-09,0.0019999968,2.8804611e-11,nan,nan,nan,nan,nan,nan,nan,nan,0
5120750718,5120750437,0.0020000003,9.3131564e-10,0.0019999994,6.9649148e-15,nan,nan,nan,nan,nan,nan,nan,nan,0
5120754473,5120754183,0.0020000003,0.0,0.0020000003,0.0,nan,nan,nan,nan,nan,nan,nan,nan,0
5120756957,5120756680,0.0020000003,1.3101723e-09,0.001999999,2.8603866e-11,nan,nan,nan,nan,nan,nan,nan,nan,0
5120764437,5120764170,0.0020000022,1.5433875e-09,0.0019999968,2.8219278e-11,nan,nan,nan,nan,nan,nan,nan,nan,0
5120768243,5120767915,0.0020000003,0.0,0.0020000008,0.0,nan,nan,nan,nan,nan,nan,nan,nan,0
5120774438,5120774158,0.0020000022,1.7756063e-09,0.0019999966,2.8831122e-11,nan,nan,nan,nan,nan,nan,nan,nan,0
5120778174,5120777903,0.0020000003,6.112781e-10,0.0019999999,2.9006166e-11,nan,nan,nan,nan,nan,nan,nan,nan,0
5120785667,5120785393,0.0020000003,8.1447254e-10,0.0019999994,4.346922e-13,nan,nan,nan,nan,nan,nan,nan,nan,0
5120790719,5120790387,0.0020000003,2.3164427e-10,0.0020000003,1.1863739e-12,nan,nan,nan,nan,nan,nan,nan,nan,0
5120791924,5120791636,0.0020000003,1.7322645e-10,0.002,1.3965357e-12,nan,nan,nan,nan,nan,nan,nan,nan,0
5120799397,5120799126,0.0020000003,0.0,0.0020000003,1.4665612e-12,nan,nan,nan,nan,nan,nan,nan,nan,0
5120803137,5120802871,0.0019999985,2.383181e-09,0.0019999999,3.3332209e-12,nan,nan,nan,nan,nan,nan,nan,nan,0
5120810636,5120810362,0.0020000003,7.8197476e-10,0.0019999994,3.828656e-12,nan,nan,nan,nan,nan,nan,nan,nan,0
5120813198,5120812859,0.0020000003,1.1602653e-09,0.0019999994,3.887935e-12,nan,nan,nan,nan,nan,nan,nan,nan,0
5120820672,5120820350,0.0020000006,0.0,0.0020000006,0.0,nan,nan,nan,nan,nan,nan,nan,nan,0
5120824406,5120824095,0.0020000003,1.0439859e-09,0.0019999994,3.7519605e-12,nan,nan,nan,nan,nan,nan,nan,nan,0
5120826860,5120826592,0.0019999987,1.6551089e-09,0.0020000006,3.809392e-12,nan,nan,nan,nan,nan,nan,nan,nan,0
5120834367,5120834087,0.0020000006,0.0,0.0020000006,0.0,nan,nan,nan,nan,nan,nan,nan,nan,0
5120838103,5120837828,0.0020000008,0.0,0.0020000008,0.0,nan,nan,nan,nan,nan,nan,nan,nan,0
5120844358,5120844072,0.0020000006,0.0,0.0020000006,0.0,nan,nan,nan,nan,nan,nan,nan,nan,0
5120848086,5120847815,0.0020000003,0.0,0.0020000003,0.0,nan,nan,nan,nan,nan,nan,nan,nan,0
5120855580,5120855306,0.0020000003,8.098758e-11,0.0020000003,6.32391e-12,nan,nan,nan,nan,nan,nan,nan,nan,0
5120859337,5120859051,0.0020000003,8.666069e-10,0.0019999994,6.5079973e-12,nan,nan,nan,nan,nan,nan,nan,nan,0
5120861820,5120861548,0.0020000022,1.3030919e-09,0.001999997,6.5804723e-12,nan,nan,nan,nan,nan,nan,nan,nan,0
5120870563,5120870289,0.0020000006,0.0,0.0020000006,0.0,nan,nan,nan,nan,nan,nan,nan,nan,0
5120873109,5120872784,0.0020000022,2.5242215e-09,0.0019999961,7.811833e-12,nan,nan,nan,nan,nan,nan,nan,nan,0
5120880593,5120880275,0.0020000022,2.6979359e-09,0.0019999957,8.720325e-12,nan,nan,nan,nan,nan,nan,nan,nan,0
5120883046,5120882771,0.0020000022,1.6792185e-09,0.0019999968,8.803612e-12,nan,nan,nan,nan,nan,nan,nan,nan,0
5120890536,5120890262,0.0020000006,2.233844e-10,0.002,9.446244e-12,nan,nan,nan,nan,nan,nan,nan,nan,0
5120894297,5120894007,0.0020000003,1.0090917e-09,0.0019999994,9.542329e-12,nan,nan,nan,nan,nan,nan,nan,nan,0
5120896772,5120896504,0.0020000003,9.218753e-10,0.0019999994,9.447257e-12,nan,nan,nan,nan,nan,nan,nan,nan,0
5120904268,5120903995,0.0020000003,0.0,0.0020000006,0.0,nan,nan,nan,nan,nan,nan,nan,nan,0
5120908034,5120907740,0.0020000022,1.8247605e-09,0.0019999966,8.780884e-12,nan,nan,nan,nan,nan,nan,nan,nan,0
5120915528,5120915231,0.0019999987,1.7084275e-09,0.0020000008,8.698457e-12,nan,nan,nan,nan,nan,nan,nan,nan,0
5120918040,5120917728,0.0020000003,7.772126e-10,0.0019999996,8.590814e-12,nan,nan,nan,nan,nan,nan,nan,nan,0
5120925552,5120925219,0.0020000022,2.4080624e-09,0.0019999961,7.55543e-12,nan,nan,nan,nan,nan,nan,nan,nan,0
5120930492,5120930212,0.0020000024,1.2151066e-09,0.0019999973,7.2543013e-12,nan,nan,nan,nan,nan,nan,nan,nan,0
5120933042,5120932709,0.0020000003,0.0,0.0020000006,0.0,nan,nan,nan,nan,nan,nan,nan,nan,0
5120940536,5120940199,0.0020000022,1.9714297e-09,0.0019999966,7.6308855e-12,nan,nan,nan,nan,nan,nan,nan,nan,0
5120942968,5120942696,0.0020000022,1.738697e-09,0.0019999968,7.5328944e-12,nan,nan,nan,nan,nan,nan,nan,nan,0
5120950471,5120950188,0.0020000022,2.2336815e-09,0.0019999961,7.31353e-12,nan,nan,nan,nan,nan,nan,nan,nan,0
5120952962,5120952684,0.0020000022,1.4189068e-09,0.001999997,7.1809104e-12,nan,nan,nan,nan,nan,nan,nan,nan,0
5120960509,5120960178,0.0020000003,4.0038406e-10,0.0019999999,7.069581e-12,nan,nan,nan,nan,nan,nan,nan,nan,0
5120964190,5120963920,0.0019999985,2.7285456e-09,0.0019999994,7.2143524e-12,nan,nan,nan,nan,nan,nan,nan,nan,0
5120967941,5120967665,0.0020000022,2.4664266e-09,0.0019999961,7.39893e-12,nan,nan,nan,nan,nan,nan,nan,nan,0
5120974175,5120973907,0.0020000003,1.3821799e-10,0.0020000003,7.301163e-12,nan,nan,nan,nan,nan,nan,nan,nan,0
5120977960,5120977656,0.0020000003,6.32984e-10,0.0019999999,7.3002975e-12,nan,nan,nan,nan,nan,nan,nan,nan,0
5120985465,5120985143,0.0020000003,4.8735777e-10,0.0019999999,7.407373e-12,nan,nan,nan,nan,nan,nan,nan,nan,0
5120987913,5120987640,0.0020000003,8.946451e-10,0.0019999994,7.5736795e-12,nan,nan,nan,nan,nan,nan,nan,nan,0
5120995408,5120995131,0.0020000008,0.0,0.0020000008,0.0,nan,nan,nan,nan,nan,nan,nan,nan,0
5120999144,5120998876,0.0020000003,0.0,0.0020000003,0.0,nan,nan,nan,nan,nan,nan,nan,nan,0
5121002900,5121002621,0.0020000006,6.317071e-10,0.0019999996,8.577188e-12,nan,nan,nan,nan,nan,nan,nan,nan,0
5121010388,5121010112,0.0020000022,1.5925233e-09,0.0019999966,8.187374e-12,nan,nan,nan,nan,nan,nan,nan,nan,0
5121012881,5121012609,0.0020000003,2.5370986e-10,0.002,8.224626e-12,nan,nan,nan,nan,nan,nan,nan,nan,0
5121020378,5121020100,0.0020000006,0.0,0.0020000006,0.0,nan,nan,nan,nan,nan,nan,nan,nan,0
5121022959,5121022596,0.0020000022,2.2324156e-09,0.0019999961,8.579382e-12,nan,nan,nan,nan,nan,nan,nan,nan,0
5121030403,5121030087,0.0020000006,1.6675966e-10,0.0020000003,7.863316e-12,nan,nan,nan,nan,nan,nan,nan,nan,0
5121034109,5121033832,0.0020000003,9.528315e-10,0.0019999994,7.594885e-12,nan,nan,nan,nan,nan,nan,nan,nan,0
5121037890,5121037577,0.0020000003,0.0,0.0020000006,0.0,nan,nan,nan,nan,nan,nan,nan,nan,0
5121044103,5121043820,0.0020000022,1.7678718e-09,0.0019999966,7.461767e-12,nan,nan,nan,nan,nan,nan,nan,nan,0
5121047841,5121047565,0.0020000003,0.0,0.0020000003,0.0,nan,nan,nan,nan,nan,nan,nan,nan,0
5121055342,5121055056,0.0020000003,0.0,0.0020000003,0.0,nan,nan,nan,nan,nan,nan,nan,nan,0
5121057829,5121057552,0.0020000003,0.0,0.0020000003,0.0,nan,nan,nan,nan,nan,nan,nan,nan,0
5121065344,5121065043,0.0020000006,0.0,0.0020000006,0.0,nan,nan,nan,nan,nan,nan,nan,nan,0
5121070316,5121070037,0.0019999987,1.6806635e-09,0.0020000006,7.358707e-12,nan,nan,nan,nan,nan,nan,nan,nan,0
5121072811,5121072534,0.0020000006,0.0,0.0020000008,0.0,nan,nan,nan,nan,nan,nan,nan,nan,0
5121079050,5121078776,0.0019999985,1.4187017e-09,0.0020000008,7.386014e-12,nan,nan,nan,nan,nan,nan,nan,nan,0
5121082886,5121082523,0.002000002,1.3025111e-09,0.001999997,7.161261e-12,nan,nan,nan,nan,nan,nan,nan,nan,0
5121090350,5121090012,0.0020000022,1.7102774e-09,0.0019999968,6.848676e-12,nan,nan,nan,nan,nan,nan,nan,nan,0
5121094036,5121093757,0.0020000003,1.274003e-09,0.001999999,6.5655606e-12,nan,nan,nan,nan,nan,nan,nan,nan,0
5121100290,5121100000,0.0020000003,0.0,0.002,0.0,nan,nan,nan,nan,nan,nan,nan,nan,0
5121104013,5121103744,0.002000002,2.176727e-09,0.0019999961,6.0602096e-12,nan,nan,nan,nan,nan,nan,nan,nan,0
5121107764,5121107490,0.0020000003,0.0,0.0020000003,2.9578562e-12,nan,nan,nan,nan,nan,nan,nan,nan,0
5121114061,5121113732,0.0020000003,5.764167e-10,0.0019999999,5.6599187e-12,nan,nan,nan,nan,nan,nan,nan,nan,0
5121117748,5121117477,0.0020000003,0.0,0.0020000003,0.0,nan,nan,nan,nan,nan,nan,nan,nan,0
5121125265,5121124968,0.0020000022,1.21668e-09,0.0019999973,5.6808464e-12,nan,nan,nan,nan,nan,nan,nan,nan,0
5121130240,5121129962,0.0019999985,2.032118e-09,0.0020000003,5.1501615e-12,nan,nan,nan,nan,nan,nan,nan,nan,0
5121135259,5121134955,0.0019999985,1.7409557e-09,0.0020000003,5.2740676e-12,nan,nan,nan,nan,nan,nan,nan,nan,0
5121140232,5121139949,0.0019999985,3.1371763e-09,0.001999999,6.0373304e-12,nan,nan,nan,nan,nan,nan,nan,nan,0
5121142742,5121142446,0.0020000003,7.503816e-10,0.0019999996,6.317993e-12,nan,nan,nan,nan,nan,nan,nan,nan,0
5121150240,5121149937,0.0019999985,1.7692613e-09,0.0020000003,6.072344e-12,nan,nan,nan,nan,nan,nan,nan,nan,0
5121152715,5121152438,0.0020000003,9.544708e-10,0.0019999994,5.9555607e-12,nan,nan,nan,nan,nan,nan,nan,nan,0
5121160203,5121159924,0.0020000003,0.0,0.0020000003,0.0,nan,nan,nan,nan,nan,nan,nan,nan,0
5121163955,5121163669,0.0019999985,2.1760365e-09,0.0019999999,6.750888e-12,nan,nan,nan,nan,nan,nan,nan,nan,0
5121170194,5121169912,0.0019999982,3.1650467e-09,0.001999999,7.2709373e-12,nan,nan,nan,nan,nan,nan,nan,nan,0
5121173948,5121173657,0.0019999982,2.5825444e-09,0.0019999996,7.696425e-12,nan,nan,nan,nan,nan,nan,nan,nan,0
5121177682,5121177402,0.0020000003,0.0,0.0020000006,0.0,nan,nan,nan,nan,nan,nan,nan,nan,0
5121183914,5121183645,0.0020000008,0.0,0.002000001,0.0,nan,nan,nan,nan,nan,nan,nan,nan,0
5121187689,5121187390,0.0020000003,2.1906317e-11,0.0020000003,7.1975134e-12,nan,nan,nan,nan,nan,nan,nan,nan,0
5121195179,5121194880,0.0020000006,0.0,0.0020000008,0.0,nan,nan,nan,nan,nan,nan,nan,nan,0
5121200146,5121199874,0.0020000003,7.5059586e-10,0.0019999996,6.1037477e-12,nan,nan,nan,nan,nan,nan,nan,nan,0
5121205155,5121204868,0.0020000022,3.02088e-09,0.0019999952,5.918427e-12,nan,nan,nan,nan,nan,nan,nan,nan,0
5121211408,5121211111,0.0020000003,3.1402372e-10,0.0019999999,6.11842e-12,nan,nan,nan,nan,nan,nan,nan,nan,0
5121212634,5121212359,0.0020000022,2.5258866e-09,0.0019999961,6.146748e-12,nan,nan,nan,nan,nan,nan,nan,nan,0
5121218882,5121218600,0.0019999985,1.7399899e-09,0.0020000003,6.239932e-12,nan,nan,nan,nan,nan,nan,nan,nan,0
5121222615,5121222346,0.002,1.2740222e-09,0.001999999,6.5463364e-12,nan,nan,nan,nan,nan,nan,nan,nan,0
5121230128,5121229842,0.0019999985,2.8164697e-09,0.0019999994,6.601905e-12,nan,nan,nan,nan,nan,nan,nan,nan,0
5121233857,5121233582,0.0020000024,1.6814586e-09,0.0019999968,6.56355e-12,nan,nan,nan,nan,nan,nan,nan,nan,0
5121240130,5121239824,0.0019999985,2.234568e-09,0.0019999999,6.426906e-12,nan,nan,nan,nan,nan,nan,nan,nan,0
5121243833,5121243569,0.0020000006,0.0,0.0020000008,0.0,nan,nan,nan,nan,nan,nan,nan,nan,0
5121247610,5121247318,0.0020000003,6.637976e-10,0.0019999999,5.5905384e-12,nan,nan,nan,nan,nan,nan,nan,nan,0
5121253829,5121253557,0.0020000003,8.9727753e-10,0.0019999994,4.9412228e-12,nan,nan,nan,nan,nan,nan,nan,nan,0
5121257574,5121257302,0.0020000006,0.0,0.0020000006,0.0,nan,nan,nan,nan,nan,nan,nan,nan,0
5121265077,5121264793,0.0020000003,1.6930374e-10,0.002,5.319245e-12,nan,nan,nan,nan,nan,nan,nan,nan,0
5121270128,5121269787,0.0020000022,1.6819929e-09,0.0019999968,6.02925e-12,nan,nan,nan,nan,nan,nan,nan,nan,0
5121275056,5121274780,0.0020000006,0.0,0.0020000006,0.0,nan,nan,nan,nan,nan,nan,nan,nan,0
5121280052,5121279774,0.0020000022,2.7005178e-09,0.0019999957,6.138489e-12,nan,nan,nan,nan,nan,nan,nan,nan,0
5121282543,5121282271,0.0019999985,3.1370955e-09,0.001999999,6.118314e-12,nan,nan,nan,nan,nan,nan,nan,nan,0
5121290053,5121289762,0.0020000008,0.0,0.0020000003,0.0,nan,nan,nan,nan,nan,nan,nan,nan,0
5121292539,5121292258,0.0020000003,0.0,0.0020000003,0.0,nan,nan,nan,nan,nan,nan,nan,nan,0
5121300039,5121299749,0.0020000008,0.0,0.002000001,0.0,nan,nan,nan,nan,nan,nan,nan,nan,0
5121303764,5121303494,0.0020000003,0.0,0.0020000003,0.0,nan,nan,nan,nan,nan,nan,nan,nan,0
5121310012,5121309737,0.0020000006,1.0853559e-10,0.0020000003,7.879732e-12,nan,nan,nan,nan,nan,nan,nan,nan,0
5121313752,5121313482,0.002000002,1.301591e-09,0.001999997,8.081414e-12,nan,nan,nan,nan,nan,nan,nan,nan,0
5121317516,5121317227,0.0020000024,1.214027e-09,0.0019999975,8.3338805e-12,nan,nan,nan,nan,nan,nan,nan,nan,0
5121323747,5121323469,0.0020000003,2.2442653e-10,0.002,8.404107e-12,nan,nan,nan,nan,nan,nan,nan,nan,0
5121327489,5121327215,0.0020000003,8.939525e-10,0.0019999994,8.266216e-12,nan,nan,nan,nan,nan,nan,nan,nan,0
5121334981,5121334705,0.0020000024,2.9903686e-09,0.0019999957,7.325857e-12,nan,nan,nan,nan,nan,nan,nan,nan,0
5121339974,5121339699,0.0020000022,1.2735921e-09,0.001999997,6.9763726e-12,nan,nan,nan,nan,nan,nan,nan,nan,0
5121344993,5121344693,0.002,0.0,0.0020000003,0.0,nan,nan,nan,nan,nan,nan,nan,nan,0
5121349969,5121349687,0.0020000003,5.4520616e-10,0.0019999999,7.766643e-12,nan,nan,nan,nan,nan,nan,nan,nan,0
5121352471,5121352188,0.0019999985,2.7277565e-09,0.0019999994,8.003608e-12,nan,nan,nan,nan,nan,nan,nan,nan,0
5121359970,5121359674,0.0020000003,0.0,0.0020000003,0.0,nan,nan,nan,nan,nan,nan,nan,nan,0
5121362444,5121362171,0.0020000006,1.0688082e-09,0.0019999994,8.033537e-12,nan,nan,nan,nan,nan,nan,nan,nan,0
5121369940,5121369667,0.0020000003,5.152681e-10,0.0019999999,8.600835e-12,nan,nan,nan,nan,nan,nan,nan,nan,0
5121373683,5121373407,0.0019999987,1.2425742e-09,0.0020000013,8.890539e-12,nan,nan,nan,nan,nan,nan,nan,nan,0
5121379930,5121379649,0.002000002,1.271731e-09,0.001999997,8.83746e-12,nan,nan,nan,nan,nan,nan,nan,nan,0
5121383671,5121383394,0.0020000022,1.3881226e-09,0.001999997,8.861242e-12,nan,nan,nan,nan,nan,nan,nan,nan,0
5121387452,5121387139,0.0019999982,2.6106188e-09,0.0019999994,8.7259245e-12,nan,nan,nan,nan,nan,nan,nan,nan,0
5121394908,5121394630,0.0020000022,2.6400495e-09,0.0019999957,8.3991356e-12,nan,nan,nan,nan,nan,nan,nan,nan,0
5121397415,5121397130,0.0019999985,2.989029e-09,0.0019999994,8.665487e-12,nan,nan,nan,nan,nan,nan,nan,nan,0
5121404906,5121404621,0.0020000006,6.309587e-10,0.0019999999,9.325577e-12,nan,nan,nan,nan,nan,nan,nan,nan,0
5121408632,5121408363,0.0020000006,0.0,0.0020000006,0.0,nan,nan,nan,nan,nan,nan,nan,nan,0
5121414890,5121414605,0.0019999985,1.3569601e-09,0.0020000008,1.091993e-11,nan,nan,nan,nan,nan,nan,nan,nan,0
5121419891,5121419602,0.0020000003,0.0,0.0020000003,0.0,nan,nan,nan,nan,nan,nan,nan,nan,0
5121422366,5121422095,0.0020000003,0.0,0.0020000003,0.0,nan,nan,nan,nan,nan,nan,nan,nan,0
5121429862,5121429586,0.002,8.918942e-10,0.0019999994,1.03245225e-11,nan,nan,nan,nan,nan,nan,nan,nan,0
5121432364,5121432084,0.002000002,1.2994876e-09,0.001999997,1.01847576e-11,nan,nan,nan,nan,nan,nan,nan,nan,0
5121439848,5121439574,0.0019999985,1.5322386e-09,0.0020000006,1.0264407e-11,nan,nan,nan,nan,nan,nan,nan,nan,0
5121443612,5121443319,0.0020000003,0.0,0.0020000003,0.0,nan,nan,nan,nan,nan,nan,nan,nan,0
5121449901,5121449562,0.0019999985,2.34756e-09,0.0019999999,9.850357e-12,nan,nan,nan,nan,nan,nan,nan,nan,0
5121453580,5121453306,0.0019999985,1.3293456e-09,0.0020000008,9.430614e-12,nan,nan,nan,nan,nan,nan,nan,nan,0
5121457364,5121457052,0.002000002,2.6103941e-09,0.0019999957,8.950594e-12,nan,nan,nan,nan,nan,nan,nan,nan,0
5121464823,5121464543,0.0020000006,0.0,0.0020000006,0.0,nan,nan,nan,nan,nan,nan,nan,nan,0
5121467318,5121467039,0.0020000003,1.2443571e-09,0.001999999,7.1076825e-12,nan,nan,nan,nan,nan,nan,nan,nan,0
5121474822,5121474530,0.0020000024,1.9150097e-09,0.0019999966,5.8430673e-12,nan,nan,nan,nan,nan,nan,nan,nan,0
5121479814,5121479525,0.0020000003,0.0,0.0020000006,0.0,nan,nan,nan,nan,nan,nan,nan,nan,0
5121486038,5121485766,0.0020000003,0.0,0.0020000003,0.0,nan,nan,nan,nan,nan,nan,nan,nan,0
5121488535,5121488263,0.0020000003,1.0724361e-09,0.0019999994,4.405613e-12,nan,nan,nan,nan,nan,nan,nan,nan,0
5121492288,5121492008,0.0020000006,0.0,0.0020000006,0.0,nan,nan,nan,nan,nan,nan,nan,nan,0
5121499774,5121499499,0.0020000003,1.13451165e-10,0.0020000003,2.9641532e-12,nan,nan,nan,nan,nan,nan,nan,nan,0
5121503534,5121503244,0.0020000003,3.755355e-10,0.0019999999,2.8142957e-12,nan,nan,nan,nan,nan,nan,nan,nan,0
5121509766,5121509486,0.0019999985,2.4422395e-09,0.0019999999,2.482287e-12,nan,nan,nan,nan,nan,nan,nan,nan,0
5121513509,5121513231,0.0020000024,1.9485324e-09,0.0019999966,1.4241299e-12,nan,nan,nan,nan,nan,nan,nan,nan,0
5121521008,5121520722,0.002000002,1.5428411e-09,0.0019999968,2.8765733e-11,nan,nan,nan,nan,nan,nan,nan,nan,0
5121523501,5121523219,0.0019999985,2.2419082e-09,0.0019999999,2.8190516e-11,nan,nan,nan,nan,nan,nan,nan,nan,0
5121527235,5121526964,0.002,0.0,0.0020000003,0.0,nan,nan,nan,nan,nan,nan,nan,nan,0
5121534722,5121534455,0.0020000006,0.0,0.0020000006,0.0,nan,nan,nan,nan,nan,nan,nan,nan,0
5121539742,5121539449,0.002,1.1945982e-09,0.001999999,2.7762737e-11,nan,nan,nan,nan,nan,nan,nan,nan,0
5121544722,5121544442,0.0020000003,0.0,0.0020000003,0.0,nan,nan,nan,nan,nan,nan,nan,nan,0
5121549719,5121549446,0.002,2.6413113e-10,0.002,2.6907181e-11,nan,nan,nan,nan,nan,nan,nan,nan,0
5121555958,5121555678,0.0019999982,2.127374e-09,0.002,2.6309423e-11,nan,nan,nan,nan,nan,nan,nan,nan,0
5121558444,5121558175,0.0020000022,2.360223e-09,0.0019999961,2.6291112e-11,nan,nan,nan,nan,nan,nan,nan,nan,0
5121562189,5121561921,0.0019999985,2.5351592e-09,0.0019999996,2.597796e-11,nan,nan,nan,nan,nan,nan,nan,nan,0
5121569691,5121569411,0.0020000003,1.4838325e-10,0.0020000003,2.6239726e-11,nan,nan,nan,nan,nan,nan,nan,nan,0
5121573432,5121573156,0.0020000006,0.0,0.0020000008,0.0,nan,nan,nan,nan,nan,nan,nan,nan,0
5121579674,5121579398,0.0020000003,0.0,0.0020000003,0.0,nan,nan,nan,nan,nan,nan,nan,nan,0
5121583421,5121583144,0.0020000022,1.779488e-09,0.0019999966,2.4949532e-11,nan,nan,nan,nan,nan,nan,nan,nan,0
5121590913,5121590634,0.0019999985,2.3620372e-09,0.0019999999,2.4476882e-11,nan,nan,nan,nan,nan,nan,nan,nan,0
5121593416,5121593131,0.0020000003,7.906089e-10,0.0019999994,2.4298324e-11,nan,nan,nan,nan,nan,nan,nan,nan,0
5121597144,5121596876,0.0020000003,0.0,0.0020000003,0.0,nan,nan,nan,nan,nan,nan,nan,nan,0
5121604642,5121604367,0.0019999985,2.0120685e-09,0.0020000003,2.5199589e-11,nan,nan,nan,nan,nan,nan,nan,nan,0
5121608397,5121608112,0.0020000003,0.0,0.0020000003,0.0,nan,nan,nan,nan,nan,nan,nan,nan,0
5121614625,5121614355,0.0019999985,1.7794318e-09,0.0020000003,2.500566e-11,nan,nan,nan,nan,nan,nan,nan,nan,0
5121619627,5121619349,0.0020000022,1.3135533e-09,0.001999997,2.5222886e-11,nan,nan,nan,nan,nan,nan,nan,nan,0
5121625857,5121625590,0.002,1.1972326e-09,0.0019999992,2.512823e-11,nan,nan,nan,nan,nan,nan,nan,nan,0
5121629674,5121629337,0.0020000003,4.9852006e-10,0.0019999999,2.5348869e-11,nan,nan,nan,nan,nan,nan,nan,nan,0
5121632113,5121631832,0.0020000022,2.943332e-09,0.0019999957,2.5258733e-11,nan,nan,nan,nan,nan,nan,nan,nan,0
5121639599,5121639324,0.0020000006,0.0,0.0020000006,0.0,nan,nan,nan,nan,nan,nan,nan,nan,0
5121643360,5121643069,0.0020000003,3.2411687e-10,0.0019999999,2.5129104e-11,nan,nan,nan,nan,nan,nan,nan,nan,0
5121649585,5121649311,0.0020000022,2.477168e-09,0.0019999961,2.5761348e-11,nan,nan,nan,nan,nan,nan,nan,nan,0
5121653335,5121653056,0.0020000022,2.8263032e-09,0.0019999957,2.5872218e-11,nan,nan,nan,nan,nan,nan,nan,nan,0
5121660867,5121660547,0.0020000003,8.4671364e-10,0.0019999994,2.640128e-11,nan,nan,nan,nan,nan,nan,nan,nan,0
5121663326,5121663043,0.0020000003,0.0,0.0020000006,0.0,nan,nan,nan,nan,nan,nan,nan,nan,0
5121667069,5121666792,0.0019999985,2.8842515e-09,0.0019999994,2.6131472e-11,nan,nan,nan,nan,nan,nan,nan,nan,0
5121674555,5121674281,0.0020000022,2.2443685e-09,0.0019999961,2.5730383e-11,nan,nan,nan,nan,nan,nan,nan,nan,0
5121679552,5121679279,0.0019999985,1.3125914e-09,0.0020000008,2.6184787e-11,nan,nan,nan,nan,nan,nan,nan,nan,0
5121684540,5121684267,0.0020000003,6.1397093e-10,0.0019999999,2.6313327e-11,nan,nan,nan,nan,nan,nan,nan,nan,0
5121689544,5121689261,0.0020000006,0.0,0.0020000008,0.0,nan,nan,nan,nan,nan,nan,nan,nan,0
5121695780,5121695503,0.0020000003,1.4814805e-10,0.0020000003,2.6474926e-11,nan,nan,nan,nan,nan,nan,nan,nan,0
5121699530,5121699248,0.0020000022,1.428552e-09,0.001999997,2.6639493e-11,nan,nan,nan,nan,nan,nan,nan,nan,0
5121702015,5121701745,0.0020000022,2.82555e-09,0.0019999957,2.6625431e-11,nan,nan,nan,nan,nan,nan,nan,nan,0
5121709520,5121709236,0.0020000022,1.4280669e-09,0.001999997,2.7124674e-11,nan,nan,nan,nan,nan,nan,nan,nan,0
5121713261,5121712981,0.0019999985,2.0096727e-09,0.0020000003,2.759551e-11,nan,nan,nan,nan,nan,nan,nan,nan,0
5121719495,5121719224,0.0020000008,0.0,0.002000001,0.0,nan,nan,nan,nan,nan,nan,nan,nan,0
5121723283,5121722968,0.0020000003,1.2803224e-09,0.001999999,2.4610002e-13,nan,nan,nan,nan,nan,nan,nan,nan,0
5121730751,5121730459,0.0020000003,0.0,0.0020000003,0.0,nan,nan,nan,nan,nan,nan,nan,nan,0
5121734485,5121734205,0.0020000003,9.882866e-10,0.0019999994,1.2436805e-12,nan,nan,nan,nan,nan,nan,nan,nan,0
5121736983,5121736701,0.0020000022,1.9775257e-09,0.0019999966,1.5348174e-12,nan,nan,nan,nan,nan,nan,nan,nan,0
5121744470,5121744192,0.0020000003,4.0542852e-10,0.0019999999,2.0251145e-12,nan,nan,nan,nan,nan,nan,nan,nan,0
5121749458,5121749186,0.0020000006,0.0,0.0020000006,0.0,nan,nan,nan,nan,nan,nan,nan,nan,0
5121754467,5121754180,0.0020000008,0.0,0.0020000008,0.0,nan,nan,nan,nan,nan,nan,nan,nan,0
5121758211,5121757925,0.0020000003,6.3797273e-10,0.0019999996,2.3115537e-12,nan,nan,nan,nan,nan,nan,nan,nan,0
5121765695,5121765415,0.0019999985,2.0346376e-09,0.0020000003,2.6305746e-12,nan,nan,nan,nan,nan,nan,nan,nan,0
5121769445,5121769161,0.0020000008,0.0,0.0020000008,0.0,nan,nan,nan,nan,nan,nan,nan,nan,0
5121771922,5121771657,0.0019999987,1.7148052e-09,0.0020000006,2.320765e-12,nan,nan,nan,nan,nan,nan,nan,nan,0
5121779419,5121779148,0.0020000024,2.8790914e-09,0.0019999957,2.1877968e-12,nan,nan,nan,nan,nan,nan,nan,nan,0
5121783170,5121782893,0.0020000003,1.0458034e-09,0.0019999994,1.9344214e-12,nan,nan,nan,nan,nan,nan,nan,nan,0
5121789422,5121789143,0.0020000006,0.0,0.0020000008,0.0,nan,nan,nan,nan,nan,nan,nan,nan,0
5121793152,5121792881,0.0020000003,5.564392e-11,0.0020000003,2.5637426e-12,nan,nan,nan,nan,nan,nan,nan,nan,0
5121800644,5121800372,0.0020000003,4.050584e-10,0.0019999999,2.395216e-12,nan,nan,nan,nan,nan,nan,nan,nan,0
5121804417,5121804117,0.0020000024,1.68601e-09,0.0019999968,2.0122203e-12,nan,nan,nan,nan,nan,nan,nan,nan,0
5121806893,5121806613,0.002,1.2785532e-09,0.001999999,2.0153358e-12,nan,nan,nan,nan,nan,nan,nan,nan,0
5121814390,5121814105,0.0019999982,1.5988303e-09,0.0020000006,1.8803466e-12,nan,nan,nan,nan,nan,nan,nan,nan,0
5121818138,5121817849,0.0020000003,0.0,0.0020000003,0.0,nan,nan,nan,nan,nan,nan,nan,nan,0
5121824380,5121824096,0.0019999985,3.1413097e-09,0.001999999,1.9040134e-12,nan,nan,nan,nan,nan,nan,nan,nan,0
5121829362,5121829086,0.0020000003,4.6357426e-10,0.0019999999,2.0870267e-12,nan,nan,nan,nan,nan,nan,nan,nan,0
5121835601,5121835327,0.0020000022,1.3074304e-09,0.001999997,2.2419653e-12,nan,nan,nan,nan,nan,nan,nan,nan,0
5121839366,5121839073,0.0020000024,1.656742e-09,0.0019999968,2.1763789e-12,nan,nan,nan,nan,nan,nan,nan,nan,0
5121841844,5121841570,0.0020000003,0.0,0.0020000003,0.0,nan,nan,nan,nan,nan,nan,nan,nan,0
5121849359,5121849061,0.0020000022,1.6271865e-09,0.0019999966,2.6280454e-12,nan,nan,nan,nan,nan,nan,nan,nan,0
5121853081,5121852806,0.0020000008,0.0,0.0020000008,0.0,nan,nan,nan,nan,nan,nan,nan,nan,0
5121859329,5121859048,0.0019999985,1.9180975e-09,0.0020000003,2.7553359e-12,nan,nan,nan,nan,nan,nan,nan,nan,0
5121863079,5121862793,0.0020000022,1.9762154e-09,0.0019999966,2.8449881e-12,nan,nan,nan,nan,nan,nan,nan,nan,0
5121870560,5121870284,0.0020000006,0.0,0.0020000006,0.0,nan,nan,nan,nan,nan,nan,nan,nan,0
5121874328,5121874029,0.0020000003,9.859904e-10,0.0019999994,3.5397813e-12,nan,nan,nan,nan,nan,nan,nan,nan,0
5121879305,5121879023,0.0020000008,0.0,0.0020000006,0.0,nan,nan,nan,nan,nan,nan,nan,nan,0
5121884310,5121884025,0.0020000022,1.8007237e-09,0.0019999966,3.7137984e-12,nan,nan,nan,nan,nan,nan,nan,nan,0
5121889303,5121889011,0.0020000006,0.0,0.0020000006,0.0,nan,nan,nan,nan,nan,nan,nan,nan,0
5121895521,5121895254,0.0020000006,0.0,0.0020000006,0.0,nan,nan,nan,nan,nan,nan,nan,nan,0
5121898040,5121897757,0.0020000022,1.3930677e-09,0.001999997,3.91623e-12,nan,nan,nan,nan,nan,nan,nan,nan,0
5121905530,5121905244,0.0020000006,0.0,0.0020000006,0.0,nan,nan,nan,nan,nan,nan,nan,nan,0
5121909265,5121908986,0.0020000003,5.19125e-10,0.0019999999,4.7439015e-12,nan,nan,nan,nan,nan,nan,nan,nan,0
5121913003,5121912731,0.0020000022,1.8287691e-09,0.0019999966,4.772148e-12,nan,nan,nan,nan,nan,nan,nan,nan,0
5121919246,5121918973,0.0020000003,0.0,0.0020000006,0.0,nan,nan,nan,nan,nan,nan,nan,nan,0
5121922996,5121922718,0.0020000006,0.0,0.0020000006,0.0,nan,nan,nan,nan,nan,nan,nan,nan,0
5121930509,5121930209,0.0020000003,4.321771e-10,0.0019999999,4.3803555e-12,nan,nan,nan,nan,nan,nan,nan,nan,0
5121932981,5121932705,0.0019999985,1.5673138e-09,0.0020000003,4.293059e-12,nan,nan,nan,nan,nan,nan,nan,nan,0
5121940474,5121940196,0.0020000022,1.3926258e-09,0.001999997,4.358066e-12,nan,nan,nan,nan,nan,nan,nan,nan,0
5121944213,5121943942,0.0019999982,1.3053798e-09,0.0020000008,4.2925143e-12,nan,nan,nan,nan,nan,nan,nan,nan,0
5121949217,5121948935,0.0020000006,0.0,0.0020000006,0.0,nan,nan,nan,nan,nan,nan,nan,nan,0
5121954205,5121953929,0.0019999982,1.5091383e-09,0.0020000006,4.260977e-12,nan,nan,nan,nan,nan,nan,nan,nan,0
5121957949,5121957674,0.0020000003,6.363825e-10,0.0019999999,3.9017643e-12,nan,nan,nan,nan,nan,nan,nan,nan,0
5121965463,5121965165,0.002000002,3.0232867e-09,0.0019999954,3.5117447e-12,nan,nan,nan,nan,nan,nan,nan,nan,0
5121969185,5121968910,0.0020000006,0.0,0.0020000008,0.0,nan,nan,nan,nan,nan,nan,nan,nan,0
5121975429,5121975153,0.0020000006,0.0,0.0020000006,0.0,nan,nan,nan,nan,nan,nan,nan,nan,0
5121979182,5121978898,0.0020000003,1.0731406e-09,0.0019999994,3.7011245e-12,nan,nan,nan,nan,nan,nan,nan,nan,0
5121982935,5121982643,0.0020000022,1.8298332e-09,0.0019999966,3.7081085e-12,nan,nan,nan,nan,nan,nan,nan,nan,0
5121989174,5121988885,0.0019999985,1.6261225e-09,0.0020000006,3.6920068e-12,nan,nan,nan,nan,nan,nan,nan,nan,0
5121992902,5121992630,0.0020000003,0.0,0.0020000003,0.0,nan,nan,nan,nan,nan,nan,nan,nan,0
5122000403,5122000121,0.0020000006,0.0,0.0020000003,0.0,nan,nan,nan,nan,nan,nan,nan,nan,0
5122004157,5122003872,0.0020000003,0.0,0.0020000003,2.5733096e-12,nan,nan,nan,nan,nan,nan,nan,nan,0
5122010380,5122010109,0.0020000003,0.0,0.0020000003,2.6964446e-12,nan,nan,nan,nan,nan,nan,nan,nan,0
5122014141,5122013854,0.0019999985,2.1482116e-09,0.0019999999,5.4718972e-12,nan,nan,nan,nan,nan,nan,nan,nan,0
5122019126,5122018848,0.0020000003,1.1585332e-09,0.0019999994,5.6200496e-12,nan,nan,nan,nan,nan,nan,nan,nan,0
5122024115,5122023841,0.002,0.0,0.0020000003,0.0,nan,nan,nan,nan,nan,nan,nan,nan,0
5122029121,5122028835,0.0019999985,1.3039391e-09,0.0020000008,5.733268e-12,nan,nan,nan,nan,nan,nan,nan,nan,0
5122035356,5122035077,0.0020000003,4.013157e-10,0.0019999999,6.1379114e-12,nan,nan,nan,nan,nan,nan,nan,nan,0
5122037849,5122037575,0.0019999985,1.9145308e-09,0.0020000003,6.3219985e-12,nan,nan,nan,nan,nan,nan,nan,nan,0
5122045341,5122045065,0.0019999987,1.5069519e-09,0.0020000008,6.447308e-12,nan,nan,nan,nan,nan,nan,nan,nan,0
5122049087,5122048810,0.0020000022,2.2635107e-09,0.0019999961,6.587968e-12,nan,nan,nan,nan,nan,nan,nan,nan,0
5122052831,5122052555,0.0020000006,0.0,0.0020000006,0.0,nan,nan,nan,nan,nan,nan,nan,nan,0
5122059074,5122058798,0.0020000003,1.070552e-09,0.0019999994,6.28979e-12,nan,nan,nan,nan,nan,nan,nan,nan,0
5122062820,5122062543,0.0020000006,0.0,0.0020000008,0.0,nan,nan,nan,nan,nan,nan,nan,nan,0
5122070313,5122070034,0.002,1.1574146e-09,0.001999999,6.738568e-12,nan,nan,nan,nan,nan,nan,nan,nan,0
5122072822,5122072531,0.0020000022,1.273688e-09,0.001999997,6.880531e-12,nan,nan,nan,nan,nan,nan,nan,nan,0
5122080304,5122080022,0.0020000006,0.0,0.0020000006,0.0,nan,nan,nan,nan,nan,nan,nan,nan,0
5122084046,5122083766,0.0020000003,7.7947265e-10,0.0019999996,6.3307814e-12,nan,nan,nan,nan,nan,nan,nan,nan,0
5122089040,5122088761,0.0020000022,1.6236499e-09,0.001999997,6.164581e-12,nan,nan,nan,nan,nan,nan,nan,nan,0
5122094037,5122093754,0.0020000024,1.7400837e-09,0.0019999968,6.146054e-12,nan,nan,nan,nan,nan,nan,nan,nan,0
5122099041,5122098747,0.0019999987,1.6817506e-09,0.0020000006,6.2715753e-12,nan,nan,nan,nan,nan,nan,nan,nan,0
5122105273,5122104990,0.002,1.2742306e-09,0.001999999,6.337918e-12,nan,nan,nan,nan,nan,nan,nan,nan,0
5122109018,5122108735,0.0020000003,3.4266792e-10,0.0019999999,6.57804e-12,nan,nan,nan,nan,nan,nan,nan,nan,0
5122115271,5122114977,0.0020000024,1.2737423e-09,0.0019999973,6.8261837e-12,nan,nan,nan,nan,nan,nan,nan,nan,0
5122118998,5122118723,0.0020000006,0.0,0.0020000006,0.0,nan,nan,nan,nan,nan,nan,nan,nan,0
5122122744,5122122468,0.0020000003,0.0,0.0020000006,0.0,nan,nan,nan,nan,nan,nan,nan,nan,0
5122128995,5122128710,0.0020000003,4.5837525e-10,0.0019999999,7.286021e-12,nan,nan,nan,nan,nan,nan,nan,nan,0
5122132747,5122132455,0.0020000003,0.0,0.0020000003,0.0,nan,nan,nan,nan,nan,nan,nan,nan,0
5122140225,5122139946,0.0019999982,1.5058432e-09,0.0020000006,7.555994e-12,nan,nan,nan,nan,nan,nan,nan,nan,0
5122143974,5122143691,0.0020000008,0.0,0.002000001,0.0,nan,nan,nan,nan,nan,nan,nan,nan,0
5122150208,5122149934,0.0020000003,4.578414e-10,0.0019999999,7.819891e-12,nan,nan,nan,nan,nan,nan,nan,nan,0
5122153955,5122153679,0.0020000003,5.4498406e-10,0.0019999999,7.988738e-12,nan,nan,nan,nan,nan,nan,nan,nan,0
5122157715,5122157424,0.0020000008,0.0,0.002000001,0.0,nan,nan,nan,nan,nan,nan,nan,nan,0
5122163959,5122163667,0.0020000006,0.0,0.0020000006,0.0,nan,nan,nan,nan,nan,nan,nan,nan,0
5122168952,5122168660,0.0020000003,0.0,0.0020000003,0.0,nan,nan,nan,nan,nan,nan,nan,nan,0
5122175171,5122174902,0.0020000006,0.0,0.0020000006,0.0,nan,nan,nan,nan,nan,nan,nan,nan,0
5122178929,5122178648,0.0019999985,2.1459459e-09,0.0019999999,7.737486e-12,nan,nan,nan,nan,nan,nan,nan,nan,0
5122185168,5122184889,0.002,0.0,0.0020000003,0.0,nan,nan,nan,nan,nan,nan,nan,nan,0
5122188920,5122188635,0.0019999982,1.6216922e-09,0.0020000006,8.122293e-12,nan,nan,nan,nan,nan,nan,nan,nan,0
5122192658,5122192384,0.0020000003,0.0,0.0020000003,0.0,nan,nan,nan,nan,nan,nan,nan,nan,0
5122198902,5122198623,0.0020000003,0.0,0.0020000003,0.0,nan,nan,nan,nan,nan,nan,nan,nan,0
5122202638,5122202368,0.0019999985,3.1346445e-09,0.001999999,8.569048e-12,nan,nan,nan,nan,nan,nan,nan,nan,0
5122210144,5122209858,0.0020000003,1.2998925e-09,0.001999999,9.779816e-12,nan,nan,nan,nan,nan,nan,nan,nan,0
5122213882,5122213604,0.0020000024,1.7072685e-09,0.0019999968,9.857497e-12,nan,nan,nan,nan,nan,nan,nan,nan,0
5122220127,5122219846,0.0020000003,0.0,0.0020000006,0.0,nan,nan,nan,nan,nan,nan,nan,nan,0
5122223868,5122223591,0.002000002,2.173561e-09,0.0019999961,9.226165e-12,nan,nan,nan,nan,nan,nan,nan,nan,0
5122228871,5122228585,0.0019999987,2.901254e-09,0.0019999994,9.129149e-12,nan,nan,nan,nan,nan,nan,nan,nan,0
5122233858,5122233579,0.0020000022,3.1340868e-09,0.0019999952,9.126987e-12,nan,nan,nan,nan,nan,nan,nan,nan,0
5122237600,5122237324,0.0020000003,5.144057e-10,0.0019999999,9.463279e-12,nan,nan,nan,nan,nan,nan,nan,nan,0
5122245089,5122244815,0.0020000024,1.2409173e-09,0.0019999973,1.0547502e-11,nan,nan,nan,nan,nan,nan,nan,nan,0
5122248836,5122248560,0.002,0.0,0.0020000003,0.0,nan,nan,nan,nan,nan,nan,nan,nan,0
5122255069,5122254802,0.0020000024,1.2408615e-09,0.0019999973,1.0603237e-11,nan,nan,nan,nan,nan,nan,nan,nan,0
5122258821,5122258551,0.0020000003,8.623063e-10,0.0019999994,1.0808639e-11,nan,nan,nan,nan,nan,nan,nan,nan,0
5122262577,5122262293,0.0020000003,0.0,0.0020000003,0.0,nan,nan,nan,nan,nan,nan,nan,nan,0
5122268815,5122268535,0.0020000022,1.297762e-09,0.001999997,1.1910332e-11,nan,nan,nan,nan,nan,nan,nan,nan,0
5122272551,5122272280,0.0019999982,2.7526006e-09,0.0019999994,1.2263347e-11,nan,nan,nan,nan,nan,nan,nan,nan,0
5122280045,5122279771,0.002,8.89296e-10,0.0019999994,1.2922722e-11,nan,nan,nan,nan,nan,nan,nan,nan,0
5122283793,5122283516,0.0020000022,1.4712327e-09,0.001999997,1.3062704e-11,nan,nan,nan,nan,nan,nan,nan,nan,0
5122290038,5122289758,0.0020000024,1.6462318e-09,0.001999997,1.2686501e-11,nan,nan,nan,nan,nan,nan,nan,nan,0
5122293776,5122293503,0.0020000006,0.0,0.0020000006,0.0,nan,nan,nan,nan,nan,nan,nan,nan,0
5122297528,5122297249,0.0020000003,7.1496187e-10,0.0019999994,1.2633901e-11,nan,nan,nan,nan,nan,nan,nan,nan,0
5122305027,5122304739,0.0020000003,6.5661115e-10,0.0019999996,1.2776932e-11,nan,nan,nan,nan,nan,nan,nan,nan,0
5122308764,5122308485,0.0020000003,5.400666e-10,0.0019999999,1.2906183e-11,nan,nan,nan,nan,nan,nan,nan,nan,0
5122315003,5122314727,0.0019999985,2.3153293e-09,0.0019999999,1.2977251e-11,nan,nan,nan,nan,nan,nan,nan,nan,0
5122318742,5122318472,0.0019999985,2.0829596e-09,0.002,1.2516271e-11,nan,nan,nan,nan,nan,nan,nan,nan,0
5122324990,5122324714,0.0020000003,5.4028154e-10,0.0019999999,1.2691221e-11,nan,nan,nan,nan,nan,nan,nan,nan,0
5122329981,5122329708,0.0020000003,8.309611e-10,0.0019999994,1.3049999e-11,nan,nan,nan,nan,nan,nan,nan,nan,0
5122332476,5122332205,0.0020000003,0.0,0.0020000006,0.0,nan,nan,nan,nan,nan,nan,nan,nan,0
5122339983,5122339696,0.002000002,2.1701867e-09,0.0019999961,1.2600698e-11,nan,nan,nan,nan,nan,nan,nan,nan,0
5122342471,5122342193,0.0019999985,1.4137714e-09,0.0020000008,1.2316231e-11,nan,nan,nan,nan,nan,nan,nan,nan,0
5122349960,5122349683,0.0020000008,0.0,0.002000001,0.0,nan,nan,nan,nan,nan,nan,nan,nan,0
5122353749,5122353428,0.0020000006,0.0,0.0020000006,0.0,nan,nan,nan,nan,nan,nan,nan,nan,0
5122358700,5122358423,0.0020000022,1.3569601e-09,0.001999997,1.0919958e-11,nan,nan,nan,nan,nan,nan,nan,nan,0
5122363696,5122363416,0.0020000006,0.0,0.0020000008,0.0,nan,nan,nan,nan,nan,nan,nan,nan,0
5122368683,5122368410,0.0020000003,0.0,0.0020000006,0.0,nan,nan,nan,nan,nan,nan,nan,nan,0
5122374929,5122374652,0.0020000003,5.416294e-10,0.0019999999,1.1343379e-11,nan,nan,nan,nan,nan,nan,nan,nan,0
5122378667,5122378397,0.0020000003,0.0,0.0020000003,0.0,nan,nan,nan,nan,nan,nan,nan,nan,0
5122384949,5122384639,0.0020000006,0.0,0.0020000008,0.0,nan,nan,nan,nan,nan,nan,nan,nan,0
5122388664,5122388385,0.0019999985,2.9862606e-09,0.0019999992,1.14340065e-11,nan,nan,nan,nan,nan,nan,nan,nan,0
5122394901,5122394626,0.0020000003,5.711077e-10,0.0019999999,1.096888e-11,nan,nan,nan,nan,nan,nan,nan,nan,0
5122398644,5122398372,0.0020000003,8.9158897e-10,0.0019999994,1.0629799e-11,nan,nan,nan,nan,nan,nan,nan,nan,0
5122402390,5122402117,0.0020000003,1.0081194e-09,0.0019999994,1.051473e-11,nan,nan,nan,nan,nan,nan,nan,nan,0
5122409898,5122409608,0.002,7.7515966e-10,0.0019999994,1.064375e-11,nan,nan,nan,nan,nan,nan,nan,nan,0
5122412379,5122412105,0.0020000022,1.7938385e-09,0.0019999966,1.05989904e-11,nan,nan,nan,nan,nan,nan,nan,nan,0
5122419868,5122419595,0.0020000003,7.752662e-10,0.0019999996,1.0537229e-11,nan,nan,nan,nan,nan,nan,nan,nan,0
5122423633,5122423341,0.002000002,2.2013085e-09,0.0019999961,1.0582705e-11,nan,nan,nan,nan,nan,nan,nan,nan,0
5122428609,5122428335,0.0020000003,1.853426e-11,0.0020000003,1.0569571e-11,nan,nan,nan,nan,nan,nan,nan,nan,0
5122433606,5122433328,0.0020000022,2.172526e-09,0.0019999964,1.0261276e-11,nan,nan,nan,nan,nan,nan,nan,nan,0
5122437348,5122437073,0.0020000006,1.3573198e-10,0.0020000003,9.787176e-12,nan,nan,nan,nan,nan,nan,nan,nan,0
5122444841,5122444564,0.002,2.5288613e-10,0.002,9.048344e-12,nan,nan,nan,nan,nan,nan,nan,nan,0
5122448588,5122448310,0.0020000022,3.1049863e-09,0.0019999952,9.1235595e-12,nan,nan,nan,nan,nan,nan,nan,nan,0
5122454835,5122454552,0.0019999985,2.8727127e-09,0.0019999994,8.566373e-12,nan,nan,nan,nan,nan,nan,nan,nan,0
5122458572,5122458297,0.0020000006,1.3722354e-10,0.0020000003,8.295619e-12,nan,nan,nan,nan,nan,nan,nan,nan,0
5122464834,5122464546,0.0020000006,0.0,0.0020000006,0.0,nan,nan,nan,nan,nan,nan,nan,nan,0
5122468558,5122468285,0.0020000003,0.0,0.0020000003,3.694299e-12,nan,nan,nan,nan,nan,nan,nan,nan,0
5122472318,5122472036,0.0020000003,0.0,0.0020000003,3.3873356e-12,nan,nan,nan,nan,nan,nan,nan,nan,0
5122479804,5122479525,0.002000002,3.0209508e-09,0.0019999954,5.847543e-12,nan,nan,nan,nan,nan,nan,nan,nan,0
5122482309,5122482017,0.0020000006,0.0,0.0020000006,0.0,nan,nan,nan,nan,nan,nan,nan,nan,0
5122489785,5122489508,0.0020000006,0.0,0.0020000006,0.0,nan,nan,nan,nan,nan,nan,nan,nan,0
5122493529,5122493255,0.0020000003,1.9794646e-10,0.0020000003,5.78035e-12,nan,nan,nan,nan,nan,nan,nan,nan,0
5122498541,5122498247,0.0020000022,2.7883975e-09,0.0019999957,5.5702977e-12,nan,nan,nan,nan,nan,nan,nan,nan,0
5122503528,5122503241,0.0020000003,4.8955967e-10,0.0019999999,5.205423e-12,nan,nan,nan,nan,nan,nan,nan,nan,0
5122508516,5122508235,0.0020000022,1.9159296e-09,0.0019999966,4.923279e-12,nan,nan,nan,nan,nan,nan,nan,nan,0
5122514753,5122514476,0.0020000006,0.0,0.0020000006,0.0,nan,nan,nan,nan,nan,nan,nan,nan,0
5122518517,5122518222,0.0020000024,2.906695e-09,0.0019999957,3.688043e-12,nan,nan,nan,nan,nan,nan,nan,nan,0
5122524738,5122524464,0.0020000006,0.0,0.0020000008,0.0,nan,nan,nan,nan,nan,nan,nan,nan,0
5122528483,5122528209,0.0019999985,1.8010865e-09,0.0020000003,3.350941e-12,nan,nan,nan,nan,nan,nan,nan,nan,0
5122535976,5122535700,0.0020000003,1.0443298e-09,0.0019999994,3.4080187e-12,nan,nan,nan,nan,nan,nan,nan,nan,0
5122538473,5122538199,0.0020000024,1.7425699e-09,0.0019999968,3.659994e-12,nan,nan,nan,nan,nan,nan,nan,nan,0
5122542215,5122541942,0.0020000003,2.2889092e-10,0.002,3.9397288e-12,nan,nan,nan,nan,nan,nan,nan,nan,0
5122549708,5122549433,0.0020000003,9.270845e-10,0.0019999994,4.2380266e-12,nan,nan,nan,nan,nan,nan,nan,nan,0
5122553466,5122553178,0.0020000006,0.0,0.0020000006,0.0,nan,nan,nan,nan,nan,nan,nan,nan,0
5122559710,5122559421,0.0020000003,0.0,0.0020000003,0.0,nan,nan,nan,nan,nan,nan,nan,nan,0
5122563454,5122563165,0.0020000006,0.0,0.0020000006,0.0,nan,nan,nan,nan,nan,nan,nan,nan,0
5122567186,5122566911,0.0020000006,6.9518846e-10,0.0019999999,3.30346e-12,nan,nan,nan,nan,nan,nan,nan,nan,0
5122573427,5122573154,0.0019999982,1.509916e-09,0.0020000006,3.4831686e-12,nan,nan,nan,nan,nan,nan,nan,nan,0
5122578421,5122578147,0.0020000006,0.0,0.0020000008,0.0,nan,nan,nan,nan,nan,nan,nan,nan,0
5122584665,5122584389,0.0019999987,2.0910262e-09,0.0020000003,4.449571e-12,nan,nan,nan,nan,nan,nan,nan,nan,0
5122588416,5122588134,0.0019999985,2.7893505e-09,0.0019999994,4.6171764e-12,nan,nan,nan,nan,nan,nan,nan,nan,0
5122594647,5122594376,0.002,7.5235235e-10,0.0019999994,4.3472465e-12,nan,nan,nan,nan,nan,nan,nan,nan,0
5122598413,5122598123,0.0019999985,2.1494488e-09,0.0019999999,4.234566e-12,nan,nan,nan,nan,nan,nan,nan,nan,0
5122605881,5122605612,0.0020000003,5.195169e-10,0.0019999999,4.352088e-12,nan,nan,nan,nan,nan,nan,nan,nan,0
5122608394,5122608119,0.0020000003,3.4479383e-10,0.0019999999,4.4521452e-12,nan,nan,nan,nan,nan,nan,nan,nan,0
5122612135,5122611854,0.0020000003,1.1599667e-09,0.0019999992,4.1865227e-12,nan,nan,nan,nan,nan,nan,nan,nan,0
5122619626,5122619345,0.0020000006,0.0,0.0020000003,0.0,nan,nan,nan,nan,nan,nan,nan,nan,0
5122623398,5122623102,0.0020000024,2.9646294e-09,0.0019999957,3.961326e-12,nan,nan,nan,nan,nan,nan,nan,nan,0
5122629611,5122629333,0.0020000003,5.5116335e-11,0.0020000003,3.0913275e-12,nan,nan,nan,nan,nan,nan,nan,nan,0
5122633369,5122633078,0.0019999982,1.5109302e-09,0.0020000006,2.469025e-12,nan,nan,nan,nan,nan,nan,nan,nan,0
5122637100,5122636826,0.002,0.0,0.0020000003,0.0,nan,nan,nan,nan,nan,nan,nan,nan,0
5122643356,5122643066,0.0020000006,6.964767e-10,0.0019999996,2.0152421e-12,nan,nan,nan,nan,nan,nan,nan,nan,0
5122648339,5122648059,0.0020000003,2.892997e-10,0.0019999999,1.7386179e-12,nan,nan,nan,nan,nan,nan,nan,nan,0
5122654569,5122654301,0.0019999985,1.5703403e-09,0.0020000003,1.2664939e-12,nan,nan,nan,nan,nan,nan,nan,nan,0
5122658360,5122658047,0.0020000003,6.6811984e-10,0.0019999999,1.2682373e-12,nan,nan,nan,nan,nan,nan,nan,nan,0
5122664568,5122664289,0.0020000003,0.0,0.0020000003,0.0,nan,nan,nan,nan,nan,nan,nan,nan,0
5122668317,5122668034,0.0020000003,1.2792507e-09,0.001999999,1.3177914e-12,nan,nan,nan,nan,nan,nan,nan,nan,0
5122675794,5122675525,0.0020000024,1.2220858e-09,0.0019999975,2.7509071e-13,nan,nan,nan,nan,nan,nan,nan,nan,0
5122678301,5122678023,0.002,3.199896e-10,0.0019999999,1.5254464e-13,nan,nan,nan,nan,nan,nan,nan,nan,0
5122682051,5122681767,0.0020000022,2.2410753e-09,0.0019999961,2.9023416e-11,nan,nan,nan,nan,nan,nan,nan,nan,0
5122689582,5122689264,0.0019999985,2.1536173e-09,0.0019999999,6.6082556e-14,nan,nan,nan,nan,nan,nan,nan,nan,0
5122693285,5122693003,0.0020000022,1.4548445e-09,0.001999997,3.4704357e-13,nan,nan,nan,nan,nan,nan,nan,nan,0
5122698280,5122697997,0.0020000024,2.09452e-09,0.0019999966,9.557962e-13,nan,nan,nan,nan,nan,nan,nan,nan,0
5122703273,5122702990,0.0020000022,2.9963578e-09,0.0019999957,1.3366148e-12,nan,nan,nan,nan,nan,nan,nan,nan,0
5122708267,5122707984,0.0020000006,1.046261e-09,0.0019999994,1.4768933e-12,nan,nan,nan,nan,nan,nan,nan,nan,0
5122714514,5122714226,0.0020000003,6.389079e-10,0.0019999999,1.3763678e-12,nan,nan,nan,nan,nan,nan,nan,nan,0
5122718244,5122717972,0.0020000022,1.512037e-09,0.001999997,1.3621552e-12,nan,nan,nan,nan,nan,nan,nan,nan,0
5122724488,5122724214,0.0019999985,1.2794066e-09,0.0020000008,1.161982e-12,nan,nan,nan,nan,nan,nan,nan,nan,0
5122728232,5122727959,0.0019999985,1.3087583e-09,0.0020000008,9.14057e-13,nan,nan,nan,nan,nan,nan,nan,nan,0
5122734469,5122734201,0.0020000003,6.393593e-10,0.0019999999,9.249667e-13,nan,nan,nan,nan,nan,nan,nan,nan,0
5122738226,5122737947,0.0020000003,1.14983384e-10,0.0020000003,1.4319396e-12,nan,nan,nan,nan,nan,nan,nan,nan,0
5122745712,5122745437,0.0020000003,0.0,0.0020000003,0.0,nan,nan,nan,nan,nan,nan,nan,nan,0
5122749472,5122749184,0.002000002,2.1794713e-09,0.0019999961,3.3160714e-12,nan,nan,nan,nan,nan,nan,nan,nan,0
5122751957,5122751681,0.0020000024,2.5576543e-09,0.0019999961,3.482794e-12,nan,nan,nan,nan,nan,nan,nan,nan,0
5122759442,5122759170,0.0019999987,3.02284e-09,0.0019999994,3.9584273e-12,nan,nan,nan,nan,nan,nan,nan,nan,0
5122763191,5122762915,0.0020000022,2.673454e-09,0.0019999957,4.098508e-12,nan,nan,nan,nan,nan,nan,nan,nan,0
5122768184,5122767910,0.0019999985,2.4112825e-09,0.0019999999,4.335513e-12,nan,nan,nan,nan,nan,nan,nan,nan,0
5122773183,5122772903,0.0020000003,0.0,0.0020000003,0.0,nan,nan,nan,nan,nan,nan,nan,nan,0
5122778168,5122777896,0.0020000006,0.0,0.0020000008,0.0,nan,nan,nan,nan,nan,nan,nan,nan,0
5122784420,5122784139,0.0019999985,2.4422384e-09,0.0019999999,2.4833365e-12,nan,nan,nan,nan,nan,nan,nan,nan,0
5122788166,5122787884,0.0020000003,3.4750208e-10,0.0019999999,1.7438689e-12,nan,nan,nan,nan,nan,nan,nan,nan,0
5122794412,5122794126,0.0020000022,2.0360433e-09,0.0019999966,1.2247824e-12,nan,nan,nan,nan,nan,nan,nan,nan,0
5122798160,5122797872,0.0020000003,0.0,0.0020000006,0.0,nan,nan,nan,nan,nan,nan,nan,nan,0
5122804395,5122804114,0.0020000022,2.094376e-09,0.0019999966,1.0998823e-12,nan,nan,nan,nan,nan,nan,nan,nan,0
5122808143,5122807859,0.0020000003,0.0,0.0020000003,6.7748064e-13,nan,nan,nan,nan,nan,nan,nan,nan,0
5122815620,5122815349,0.0020000022,2.0060467e-09,0.0019999966,2.1175804e-12,nan,nan,nan,nan,nan,nan,nan,nan,0
5122819367,5122819095,0.0020000003,8.125045e-10,0.0019999994,2.4027221e-12,nan,nan,nan,nan,nan,nan,nan,nan,0
5122821867,5122821592,0.0020000006,0.0,0.0020000006,0.0,nan,nan,nan,nan,nan,nan,nan,nan,0
5122829358,5122829082,0.0020000006,0.0,0.0020000006,0.0,nan,nan,nan,nan,nan,nan,nan,nan,0
5122833113,5122832828,0.0019999982,1.5105532e-09,0.0020000006,2.8459873e-12,nan,nan,nan,nan,nan,nan,nan,nan,0
5122838162,5122837821,0.0020000024,1.5105708e-09,0.001999997,2.8283816e-12,nan,nan,nan,nan,nan,nan,nan,nan,0
5122843089,5122842815,0.0020000003,8.4792805e-11,0.0020000003,2.5186866e-12,nan,nan,nan,nan,nan,nan,nan,nan,0
5122848089,5122847809,0.0020000006,0.0,0.0020000003,0.0,nan,nan,nan,nan,nan,nan,nan,nan,0
5122854333,5122854058,0.0020000003,0.0,0.0020000003,0.0,nan,nan,nan,nan,nan,nan,nan,nan,0
5122858072,5122857796,0.002,3.178631e-10,0.0019999999,2.2790277e-12,nan,nan,nan,nan,nan,nan,nan,nan,0
5122864328,5122864039,0.002000002,1.5693394e-09,0.0019999968,2.267398e-12,nan,nan,nan,nan,nan,nan,nan,nan,0
5122868065,5122867790,0.0020000003,1.0454806e-09,0.0019999994,2.2572916e-12,nan,nan,nan,nan,nan,nan,nan,nan,0
5122874319,5122874026,0.002,0.0,0.0020000003,0.0,nan,nan,nan,nan,nan,nan,nan,nan,0
5122878047,5122877771,0.0020000022,1.8611964e-09,0.0019999966,1.4487352e-12,nan,nan,nan,nan,nan,nan,nan,nan,0
5122885551,5122885266,0.0019999985,2.2686155e-09,0.0019999999,1.4831712e-12,nan,nan,nan,nan,nan,nan,nan,nan,0
5122889304,5122889007,0.0020000006,0.0,0.0020000006,0.0,nan,nan,nan,nan,nan,nan,nan,nan,0
5122893040,5122892758,0.0020000008,0.0,0.0020000008,0.0,nan,nan,nan,nan,nan,nan,nan,nan,0
5122899286,5122898995,0.0020000022,1.3940696e-09,0.001999997,2.9142348e-12,nan,nan,nan,nan,nan,nan,nan,nan,0
5122903014,5122902740,0.0020000003,2.8763708e-10,0.0019999999,3.4012185e-12,nan,nan,nan,nan,nan,nan,nan,nan,0
5122908026,5122907734,0.0020000003,0.0,0.0020000003,0.0,nan,nan,nan,nan,nan,nan,nan,nan,0
5122913012,5122912728,0.002,1.2476686e-09,0.001999999,3.7960763e-12,nan,nan,nan,nan,nan,nan,nan,nan,0
5122917991,5122917721,0.0020000006,0.0,0.0020000006,0.0,nan,nan,nan,nan,nan,nan,nan,nan,0
5122924246,5122923963,0.0020000006,0.0,0.0020000003,0.0,nan,nan,nan,nan,nan,nan,nan,nan,0
5122927995,5122927710,0.0020000022,1.3927379e-09,0.001999997,4.24589e-12,nan,nan,nan,nan,nan,nan,nan,nan,0
5122934228,5122933951,0.002,1.2172815e-09,0.001999999,5.0793415e-12,nan,nan,nan,nan,nan,nan,nan,nan,0
5122937970,5122937697,0.0020000003,0.0,0.0020000006,0.0,nan,nan,nan,nan,nan,nan,nan,nan,0
5122945474,5122945187,0.0020000006,0.0,0.0020000003,0.0,nan,nan,nan,nan,nan,nan,nan,nan,0
5122947958,5122947684,0.0020000003,1.6794481e-10,0.0020000003,6.6781684e-12,nan,nan,nan,nan,nan,nan,nan,nan,0
5122955453,5122955174,0.0020000022,1.5356759e-09,0.0019999968,6.8270736e-12,nan,nan,nan,nan,nan,nan,nan,nan,0
5122959193,5122958919,0.0020000006,6.626244e-10,0.0019999999,6.7637233e-12,nan,nan,nan,nan,nan,nan,nan,nan,0
5122962967,5122962667,0.0019999982,1.5358431e-09,0.0020000006,6.6599226e-12,nan,nan,nan,nan,nan,nan,nan,nan,0
5122969191,5122968907,0.0020000022,3.106636e-09,0.0019999952,7.473739e-12,nan,nan,nan,nan,nan,nan,nan,nan,0
5122972956,5122972653,0.0020000008,0.0,0.0020000008,0.0,nan,nan,nan,nan,nan,nan,nan,nan,0
5122980430,5122980147,0.002000002,1.592886e-09,0.0019999968,7.824585e-12,nan,nan,nan,nan,nan,nan,nan,nan,0
5122982914,5122982640,0.0020000006,0.0,0.0020000006,0.0,nan,nan,nan,nan,nan,nan,nan,nan,0
5122987924,5122987635,0.0020000022,2.7859102e-09,0.0019999957,8.057662e-12,nan,nan,nan,nan,nan,nan,nan,nan,0
5122994160,5122993876,0.0019999985,1.2425636e-09,0.002000001,8.901116e-12,nan,nan,nan,nan,nan,nan,nan,nan,0
5122997916,5122997621,0.0020000024,1.2133797e-09,0.0019999973,8.981158e-12,nan,nan,nan,nan,nan,nan,nan,nan,0
5123004134,5123003863,0.0020000024,1.6792242e-09,0.001999997,8.798002e-12,nan,nan,nan,nan,nan,nan,nan,nan,0
5123007881,5123007609,0.0020000006,0.0,0.0020000006,0.0,nan,nan,nan,nan,nan,nan,nan,nan,0
5123015369,5123015100,0.0020000022,1.9699447e-09,0.0019999966,9.11589e-12,nan,nan,nan,nan,nan,nan,nan,nan,0
5123017931,5123017596,0.0019999982,1.5915426e-09,0.0020000006,9.168137e-12,nan,nan,nan,nan,nan,nan,nan,nan,0
5123025358,5123025087,0.0020000006,0.0,0.0020000006,0.0,nan,nan,nan,nan,nan,nan,nan,nan,0
5123029106,5123028832,0.0019999987,1.7075514e-09,0.0020000008,9.574534e-12,nan,nan,nan,nan,nan,nan,nan,nan,0
5123032852,5123032578,0.0020000006,0.0,0.0020000006,0.0,nan,nan,nan,nan,nan,nan,nan,nan,0
5123039095,5123038819,0.002000002,1.3002478e-09,0.001999997,9.42459e-12,nan,nan,nan,nan,nan,nan,nan,nan,0
5123042862,5123042565,0.0020000006,0.0,0.0020000006,0.0,nan,nan,nan,nan,nan,nan,nan,nan,0
5123047837,5123047564,0.0020000022,1.4159247e-09,0.001999997,1.0162961e-11,nan,nan,nan,nan,nan,nan,nan,nan,0
5123052828,5123052553,0.0020000006,0.0,0.0020000006,0.0,nan,nan,nan,nan,nan,nan,nan,nan,0
5123057824,5123057551,0.0019999985,1.4734127e-09,0.0020000008,1.0882654e-11,nan,nan,nan,nan,nan,nan,nan,nan,0
5123064058,5123063788,0.0020000024,1.997402e-09,0.0019999966,1.0762368e-11,nan,nan,nan,nan,nan,nan,nan,nan,0
5123067806,5123067534,0.0020000003,4.2601753e-10,0.0019999999,1.0539925e-11,nan,nan,nan,nan,nan,nan,nan,nan,0
5123074067,5123073775,0.0020000006,0.0,0.0020000006,0.0,nan,nan,nan,nan,nan,nan,nan,nan,0
5123077797,5123077521,0.0020000003,9.786232e-10,0.0019999994,1.0907032e-11,nan,nan,nan,nan,nan,nan,nan,nan,0
5123085290,5123085011,0.0019999987,1.7063693e-09,0.0020000008,1.0756741e-11,nan,nan,nan,nan,nan,nan,nan,nan,0
5123089037,5123088757,0.002,0.0,0.0020000003,0.0,nan,nan,nan,nan,nan,nan,nan,nan,0
5123095283,5123094999,0.0020000006,0.0,0.0020000006,0.0,nan,nan,nan,nan,nan,nan,nan,nan,0
5123099019,5123098744,0.0019999982,1.5318735e-09,0.0020000006,1.0629452e-11,nan,nan,nan,nan,nan,nan,nan,nan,0
5123102774,5123102492,0.0020000006,0.0,0.0020000008,0.0,nan,nan,nan,nan,nan,nan,nan,nan,0
5123107763,5123107484,0.0020000022,2.870466e-09,0.0019999957,1.08131455e-11,nan,nan,nan,nan,nan,nan,nan,nan,0
5123112755,5123112478,0.0020000022,2.2884061e-09,0.0019999961,1.079643e-11,nan,nan,nan,nan,nan,nan,nan,nan,0
5123120237,5123119968,0.0020000003,0.0,0.0020000006,0.0,nan,nan,nan,nan,nan,nan,nan,nan,0
5123124000,5123123713,0.0020000022,2.987442e-09,0.0019999957,1.0252547e-11,nan,nan,nan,nan,nan,nan,nan,nan,0
5123127734,5123127459,0.0020000022,1.5319627e-09,0.0019999968,1.0540296e-11,nan,nan,nan,nan,nan,nan,nan,nan,0
5123133967,5123133700,0.0019999985,2.3462126e-09,0.0019999999,1.1197749e-11,nan,nan,nan,nan,nan,nan,nan,nan,0
5123137725,5123137446,0.0019999985,2.8699059e-09,0.0019999994,1.1373423e-11,nan,nan,nan,nan,nan,nan,nan,nan,0
5123143970,5123143688,0.0020000003,1.0942716e-09,0.0019999992,1.167394e-11,nan,nan,nan,nan,nan,nan,nan,nan,0
5123147709,5123147433,0.0019999985,1.7052538e-09,0.0020000006,1.1872199e-11,nan,nan,nan,nan,nan,nan,nan,nan,0
5123155195,5123154924,0.0020000006,6.568543e-10,0.0019999999,1.2533785e-11,nan,nan,nan,nan,nan,nan,nan,nan,0
5123158958,5123158669,0.0020000003,4.816774e-10,0.0019999999,1.3087684e-11,nan,nan,nan,nan,nan,nan,nan,nan,0
5123165198,5123164915,0.0019999987,1.7033556e-09,0.0020000006,1.3770424e-11,nan,nan,nan,nan,nan,nan,nan,nan,0
5123168937,5123168657,0.0019999985,2.6929705e-09,0.0019999994,1.3685622e-11,nan,nan,nan,nan,nan,nan,nan,nan,0
5123172677,5123172402,0.0020000003,0.0,0.0020000003,0.0,nan,nan,nan,nan,nan,nan,nan,nan,0
5123177672,5123177396,0.0020000024,1.2381642e-09,0.0019999975,1.3300491e-11,nan,nan,nan,nan,nan,nan,nan,nan,0
5123182665,5123182390,0.0020000022,1.4710674e-09,0.001999997,1.3227976e-11,nan,nan,nan,nan,nan,nan,nan,nan,0
5123190154,5123189880,0.0020000022,1.8208028e-09,0.0019999966,1.2738468e-11,nan,nan,nan,nan,nan,nan,nan,nan,0
5123193903,5123193625,0.0019999985,2.461286e-09,0.0019999999,1.2539553e-11,nan,nan,nan,nan,nan,nan,nan,nan,0
5123200147,5123199867,0.0020000003,1.2392833e-09,0.001999999,1.2181334e-11,nan,nan,nan,nan,nan,nan,nan,nan,0
5123203890,5123203613,0.0020000022,2.9568796e-09,0.0019999954,1.1711104e-11,nan,nan,nan,nan,nan,nan,nan,nan,0
5123207636,5123207363,0.0020000022,1.9970081e-09,0.0019999966,1.1156149e-11,nan,nan,nan,nan,nan,nan,nan,nan,0
5123213872,5123213601,0.0020000024,1.6774933e-09,0.0019999968,1.0528935e-11,nan,nan,nan,nan,nan,nan,nan,nan,0
5123217618,5123217346,0.0020000003,1.8230765e-09,0.0019999966,1.0464836e-11,nan,nan,nan,nan,nan,nan,nan,nan,0
5123225106,5123224836,0.0020000006,0.0,0.0020000006,0.0,nan,nan,nan,nan,nan,nan,nan,nan,0
5123228858,5123228581,0.0020000006,1.9352193e-10,0.0020000003,1.0204873e-11,nan,nan,nan,nan,nan,nan,nan,nan,0
5123235094,5123234824,0.0020000008,0.0,0.0020000006,0.0,nan,nan,nan,nan,nan,nan,nan,nan,0
5123238847,5123238569,0.0020000008,0.0,0.0020000008,0.0,nan,nan,nan,nan,nan,nan,nan,nan,0
5123242600,5123242315,0.0020000003,0.0,0.0020000003,0.0,nan,nan,nan,nan,nan,nan,nan,nan,0
5123247583,5123247308,0.0019999985,3.2202214e-09,0.0020000008,1.0303676e-11,nan,nan,nan,nan,nan,nan,nan,nan,0
5123252575,5123252302,0.0020000006,0.0,0.0020000006,0.0,nan,nan,nan,nan,nan,nan,nan,nan,0
5123257576,5123257296,0.0019999985,1.3575382e-09,0.0020000008,1.034179e-11,nan,nan,nan,nan,nan,nan,nan,nan,0
5123263811,5123263538,0.0020000022,1.4150616e-09,0.001999997,1.1026053e-11,nan,nan,nan,nan,nan,nan,nan,nan,0
5123270047,5123269780,0.0020000022,1.4733283e-09,0.001999997,1.0967057e-11,nan,nan,nan,nan,nan,nan,nan,nan,0
5123273798,5123273526,0.0020000022,1.9390374e-09,0.0019999966,1.0919227e-11,nan,nan,nan,nan,nan,nan,nan,nan,0
5123277542,5123277271,0.0020000003,2.799771e-10,0.002,1.106122e-11,nan,nan,nan,nan,nan,nan,nan,nan,0
5123285039,5123284761,0.0020000003,0.0,0.0020000003,0.0,nan,nan,nan,nan,nan,nan,nan,nan,0
5123287538,5123287258,0.0020000008,0.0,0.002000001,0.0,nan,nan,nan,nan,nan,nan,nan,nan,0
5123295026,5123294749,0.0020000003,1.1222141e-09,0.0019999992,1.2835288e-11,nan,nan,nan,nan,nan,nan,nan,nan,0
5123298781,5123298495,0.002000002,1.5293992e-09,0.0019999968,1.3103902e-11,nan,nan,nan,nan,nan,nan,nan,nan,0
5123305010,5123304736,0.0019999985,1.2966367e-09,0.0020000008,1.3035637e-11,nan,nan,nan,nan,nan,nan,nan,nan,0
5123308759,5123308482,0.0020000003,0.0,0.0020000003,0.0,nan,nan,nan,nan,nan,nan,nan,nan,0
5123312504,5123312227,0.0020000003,4.2482146e-10,0.0019999999,1.1736006e-11,nan,nan,nan,nan,nan,nan,nan,nan,0
5123319989,5123319717,0.0019999985,1.4443355e-09,0.0020000008,1.0855964e-11,nan,nan,nan,nan,nan,nan,nan,nan,0
5123322489,5123322214,0.0019999985,1.7646279e-09,0.0020000003,1.0705764e-11,nan,nan,nan,nan,nan,nan,nan,nan,0
5123329980,5123329706,0.0020000003,0.0,0.0020000003,0.0,nan,nan,nan,nan,nan,nan,nan,nan,0
5123333725,5123333451,0.0020000008,0.0,0.0020000008,0.0,nan,nan,nan,nan,nan,nan,nan,nan,0
5123339964,5123339692,0.0020000022,1.1825945e-09,0.0019999973,1.06626374e-11,nan,nan,nan,nan,nan,nan,nan,nan,0
5123343711,5123343438,0.0020000003,7.747994e-10,0.0019999994,1.1004012e-11,nan,nan,nan,nan,nan,nan,nan,nan,0
5123347459,5123347184,0.002,0.0,0.0020000003,0.0,nan,nan,nan,nan,nan,nan,nan,nan,0
5123354959,5123354674,0.0020000006,0.0,0.0020000006,0.0,nan,nan,nan,nan,nan,nan,nan,nan,0
5123357444,5123357171,0.0020000022,1.3558016e-09,0.001999997,1.2078413e-11,nan,nan,nan,nan,nan,nan,nan,nan,0
5123364945,5123364661,0.0020000006,1.0061189e-09,0.0019999994,1.2515258e-11,nan,nan,nan,nan,nan,nan,nan,nan,0
5123368680,5123368408,0.0020000022,1.5297607e-09,0.0019999968,1.27423835e-11,nan,nan,nan,nan,nan,nan,nan,nan,0
5123374932,5123374655,0.0020000003,8.3129403e-10,0.0019999994,1.27170306e-11,nan,nan,nan,nan,nan,nan,nan,nan,0
5123378662,5123378394,0.0020000003,6.5667144e-10,0.0019999996,1.2716647e-11,nan,nan,nan,nan,nan,nan,nan,nan,0
5123382412,5123382139,0.0019999985,2.8104343e-09,0.0019999994,1.2637294e-11,nan,nan,nan,nan,nan,nan,nan,nan,0
5123389903,5123389630,0.0020000022,1.4719604e-09,0.001999997,1.2334932e-11,nan,nan,nan,nan,nan,nan,nan,nan,0
5123392401,5123392127,0.0020000022,2.8106346e-09,0.0019999957,1.24369594e-11,nan,nan,nan,nan,nan,nan,nan,nan,0
5123399889,5123399617,0.0019999985,1.7041346e-09,0.0020000006,1.2991346e-11,nan,nan,nan,nan,nan,nan,nan,nan,0
5123403634,5123403363,0.0020000003,0.0,0.0020000003,0.0,nan,nan,nan,nan,nan,nan,nan,nan,0
5123411131,5123410853,0.0020000003,0.0,0.0020000003,0.0,nan,nan,nan,nan,nan,nan,nan,nan,0
5123413628,5123413350,0.0020000003,7.394367e-11,0.0020000003,1.3367817e-11,nan,nan,nan,nan,nan,nan,nan,nan,0
5123417372,5123417095,0.0020000003,1.0049026e-09,0.0019999994,1.3731504e-11,nan,nan,nan,nan,nan,nan,nan,nan,0
5123424852,5123424586,0.0020000022,2.9849272e-09,0.0019999957,1.2767428e-11,nan,nan,nan,nan,nan,nan,nan,nan,0
5123427360,5123427083,0.0020000022,1.7631772e-09,0.0019999966,1.215654e-11,nan,nan,nan,nan,nan,nan,nan,nan,0
5123434839,5123434573,0.0020000022,2.7835272e-09,0.0019999957,1.0440555e-11,nan,nan,nan,nan,nan,nan,nan,nan,0
5123438606,5123438319,0.0019999985,2.289307e-09,0.0019999999,9.895577e-12,nan,nan,nan,nan,nan,nan,nan,nan,0
5123444834,5123444561,0.0020000003,0.0,0.0020000006,0.0,nan,nan,nan,nan,nan,nan,nan,nan,0
5123448585,5123448307,0.0020000006,0.0,0.0020000006,0.0,nan,nan,nan,nan,nan,nan,nan,nan,0
5123452329,5123452052,0.0020000003,0.0,0.0020000003,0.0,nan,nan,nan,nan,nan,nan,nan,nan,0
5123459813,5123459542,0.0019999985,1.4176136e-09,0.0020000008,8.47414e-12,nan,nan,nan,nan,nan,nan,nan,nan,0
5123462324,5123462041,0.0020000022,1.4179881e-09,0.001999997,8.099655e-12,nan,nan,nan,nan,nan,nan,nan,nan,0
5123469797,5123469530,0.0020000024,2.9617275e-09,0.0019999957,6.863227e-12,nan,nan,nan,nan,nan,nan,nan,nan,0
5123473554,5123473275,0.0020000006,0.0,0.0020000006,0.0,nan,nan,nan,nan,nan,nan,nan,nan,0
5123479783,5123479517,0.002,2.856241e-10,0.0019999999,5.4141865e-12,nan,nan,nan,nan,nan,nan,nan,nan,0
5123483537,5123483263,0.0020000003,0.0,0.0020000006,0.0,nan,nan,nan,nan,nan,nan,nan,nan,0
5123487291,5123487008,0.0019999987,1.2178579e-09,0.0020000013,4.50291e-12,nan,nan,nan,nan,nan,nan,nan,nan,0
5123494765,5123494498,0.0020000022,3.0813778e-09,0.0019999954,3.6281724e-12,nan,nan,nan,nan,nan,nan,nan,nan,0
5123498536,5123498244,0.0020000022,1.6845403e-09,0.0019999968,3.4818693e-12,nan,nan,nan,nan,nan,nan,nan,nan,0
5123504763,5123504486,0.0020000003,5.790705e-10,0.0019999999,3.0061058e-12,nan,nan,nan,nan,nan,nan,nan,nan,0
5123508520,5123508231,0.0020000022,1.336238e-09,0.001999997,2.5382058e-12,nan,nan,nan,nan,nan,nan,nan,nan,0
5123517243,5123516970,0.0020000022,1.3381661e-09,0.001999997,6.1003806e-13,nan,nan,nan,nan,nan,nan,nan,nan,0
5123518493,5123518219,0.0020000006,0.0,0.0020000006,0.0,nan,nan,nan,nan,nan,nan,nan,nan,0
5123527231,5123526958,0.0020000003,0.0,0.0020000003,0.0,nan,nan,nan,nan,nan,nan,nan,nan,0
5123529723,5123529454,0.002000002,1.544062e-09,0.0019999968,2.7544893e-11,nan,nan,nan,nan,nan,nan,nan,nan,0
5123533483,5123533200,0.002000002,1.311478e-09,0.001999997,2.729822e-11,nan,nan,nan,nan,nan,nan,nan,nan,0
5123539721,5123539442,0.0020000006,0.0,0.0020000006,0.0,nan,nan,nan,nan,nan,nan,nan,nan,0
5123543477,5123543188,0.0020000022,1.894914e-09,0.0019999966,2.5938758e-11,nan,nan,nan,nan,nan,nan,nan,nan,0
5123550953,5123550678,0.0020000008,0.0,0.0020000008,0.0,nan,nan,nan,nan,nan,nan,nan,nan,0
5123553451,5123553175,0.0019999985,1.7799073e-09,0.0020000003,2.4530121e-11,nan,nan,nan,nan,nan,nan,nan,nan,0
5123560945,5123560665,0.0020000022,1.3151636e-09,0.001999997,2.361255e-11,nan,nan,nan,nan,nan,nan,nan,nan,0
5123564685,5123564411,0.0020000022,1.315323e-09,0.001999997,2.3453215e-11,nan,nan,nan,nan,nan,nan,nan,nan,0
5123568444,5123568156,0.0020000003,1.5184481e-10,0.0020000003,2.2778165e-11,nan,nan,nan,nan,nan,nan,nan,nan,0
5123574683,5123574399,0.002000002,1.5497104e-09,0.0019999968,2.189654e-11,nan,nan,nan,nan,nan,nan,nan,nan,0
5123578417,5123578144,0.0019999985,1.7826974e-09,0.0020000003,2.174003e-11,nan,nan,nan,nan,nan,nan,nan,nan,0
5123587160,5123586883,0.0020000003,0.0,0.0020000003,0.0,nan,nan,nan,nan,nan,nan,nan,nan,0
5123588406,5123588131,0.0020000008,0.0,0.0020000003,0.0,nan,nan,nan,nan,nan,nan,nan,nan,0
5123597142,5123596870,0.0019999985,1.3174977e-09,0.0020000008,2.1278559e-11,nan,nan,nan,nan,nan,nan,nan,nan,0
5123599647,5123599372,0.0020000006,0.0,0.0020000006,0.0,nan,nan,nan,nan,nan,nan,nan,nan,0
5123603400,5123603112,0.0020000003,0.0,0.0020000006,0.0,nan,nan,nan,nan,nan,nan,nan,nan,0
5123609626,5123609355,0.0019999982,1.2606243e-09,0.001999997,1.9944296e-11,nan,nan,nan,nan,nan,nan,nan,nan,0
5123613371,5123613100,0.0020000006,0.0,0.0020000006,0.0,nan,nan,nan,nan,nan,nan,nan,nan,0
5123620871,5123620591,0.0020000003,1.5456608e-10,0.0020000003,2.0056908e-11,nan,nan,nan,nan,nan,nan,nan,nan,0
5123623360,5123623087,0.0020000006,0.0,0.0020000003,0.0,nan,nan,nan,nan,nan,nan,nan,nan,0
5123630862,5123630581,0.0020000006,0.0,0.0020000006,0.0,nan,nan,nan,nan,nan,nan,nan,nan,0
5123634595,5123634323,0.002000002,1.5498848e-09,0.0019999968,2.1722055e-11,nan,nan,nan,nan,nan,nan,nan,nan,0
5123638349,5123638068,0.002,0.0,0.0020000003,0.0,nan,nan,nan,nan,nan,nan,nan,nan,0
5123644583,5123644311,0.0020000003,1.5330759e-10,0.0020000003,2.1315387e-11,nan,nan,nan,nan,nan,nan,nan,nan,0
5123648340,5123648057,0.0020000003,4.446891e-10,0.0019999999,2.0972196e-11,nan,nan,nan,nan,nan,nan,nan,nan,0
5123655811,5123655546,0.0020000022,1.783781e-09,0.0019999966,2.0656529e-11,nan,nan,nan,nan,nan,nan,nan,nan,0
5123658322,5123658043,0.0020000003,3.7710387e-11,0.0020000003,2.0497274e-11,nan,nan,nan,nan,nan,nan,nan,nan,0
5123668310,5123668033,0.0020000022,2.8311613e-09,0.0019999957,2.1014156e-11,nan,nan,nan,nan,nan,nan,nan,nan,0
5123669558,5123669280,0.0019999985,1.3176555e-09,0.0020000008,2.1120668e-11,nan,nan,nan,nan,nan,nan,nan,nan,0
5123677054,5123676770,0.0019999985,1.4325331e-09,0.001999999,2.2658441e-11,nan,nan,nan,nan,nan,nan,nan,nan,0
5123679540,5123679267,0.0020000022,1.8979964e-09,0.0019999966,2.2856432e-11,nan,nan,nan,nan,nan,nan,nan,nan,0
5123683289,5123683012,0.0020000003,9.664032e-10,0.0019999994,2.3127104e-11,nan,nan,nan,nan,nan,nan,nan,nan,0
5123690789,5123690503,0.0019999987,1.6064864e-09,0.0020000006,2.3328096e-11,nan,nan,nan,nan,nan,nan,nan,nan,0
5123694527,5123694249,0.0020000003,3.8359313e-10,0.0019999999,2.3860504e-11,nan,nan,nan,nan,nan,nan,nan,nan,0
5123700762,5123700490,0.0020000003,9.656169e-10,0.0019999994,2.3913323e-11,nan,nan,nan,nan,nan,nan,nan,nan,0
5123704528,5123704242,0.0019999987,1.6638707e-09,0.0020000006,2.4151424e-11,nan,nan,nan,nan,nan,nan,nan,nan,0
5123712000,5123711729,0.0020000003,7.9087853e-10,0.0019999994,2.4028703e-11,nan,nan,nan,nan,nan,nan,nan,nan,0
5123714498,5123714223,0.0020000022,1.1983513e-09,0.0019999973,2.4009572e-11,nan,nan,nan,nan,nan,nan,nan,nan,0
5123718240,5123717968,0.0020000006,1.0238291e-09,0.0019999994,2.3908753e-11,nan,nan,nan,nan,nan,nan,nan,nan,0
5123726982,5123726708,0.0020000008,0.0,0.0020000008,0.0,nan,nan,nan,nan,nan,nan,nan,nan,0
5123729478,5123729204,0.0020000006,0.0,0.0020000008,0.0,nan,nan,nan,nan,nan,nan,nan,nan,0
5123736980,5123736695,0.0020000003,4.9968324e-10,0.0019999999,2.4185709e-11,nan,nan,nan,nan,nan,nan,nan,nan,0
5123739471,5123739192,0.0020000024,2.0130966e-09,0.0019999966,2.4171488e-11,nan,nan,nan,nan,nan,nan,nan,nan,0
5123746973,5123746682,0.0020000022,1.8956254e-09,0.0019999966,2.5227397e-11,nan,nan,nan,nan,nan,nan,nan,nan,0
5123749457,5123749179,0.0020000022,2.7103892e-09,0.0019999957,2.5370771e-11,nan,nan,nan,nan,nan,nan,nan,nan,0
5123753198,5123752927,0.002000002,1.5459117e-09,0.0019999968,2.5695127e-11,nan,nan,nan,nan,nan,nan,nan,nan,0
5123760689,5123760415,0.0020000024,1.6617376e-09,0.001999997,2.628452e-11,nan,nan,nan,nan,nan,nan,nan,nan,0
5123764444,5123764161,0.0020000003,0.0,0.0020000003,0.0,nan,nan,nan,nan,nan,nan,nan,nan,0
5123770677,5123770403,0.0020000006,0.0,0.0020000006,0.0,nan,nan,nan,nan,nan,nan,nan,nan,0
5123774425,5123774148,0.0020000003,0.0,0.0020000006,0.0,nan,nan,nan,nan,nan,nan,nan,nan,0
5123781920,5123781639,0.0019999982,1.7796079e-09,0.0020000003,2.4829583e-11,nan,nan,nan,nan,nan,nan,nan,nan,0
5123784420,5123784136,0.0020000008,0.0,0.0020000006,0.0,nan,nan,nan,nan,nan,nan,nan,nan,0
5123788158,5123787881,0.0020000003,0.0,0.0020000008,0.0,nan,nan,nan,nan,nan,nan,nan,nan,0
5123795642,5123795371,0.0019999985,1.4299993e-09,0.0020000008,2.5192182e-11,nan,nan,nan,nan,nan,nan,nan,nan,0
5123799398,5123799117,0.0020000006,9.0957464e-11,0.0020000003,2.5457862e-11,nan,nan,nan,nan,nan,nan,nan,nan,0
5123806891,5123806607,0.0020000003,0.0,0.0020000006,0.0,nan,nan,nan,nan,nan,nan,nan,nan,0
5123809376,5123809104,0.0020000003,4.9770654e-10,0.0019999999,2.6162402e-11,nan,nan,nan,nan,nan,nan,nan,nan,0
5123816870,5123816595,0.0020000003,0.0,0.0020000003,0.0,nan,nan,nan,nan,nan,nan,nan,nan,0
5123819360,5123819092,0.002,3.8056663e-10,0.0019999999,2.6886979e-11,nan,nan,nan,nan,nan,nan,nan,nan,0
5123823123,5123822837,0.0020000003,9.626998e-10,0.0019999994,2.6830427e-11,nan,nan,nan,nan,nan,nan,nan,nan,0
5123830601,5123830328,0.0020000003,0.0,0.0020000008,0.0,nan,nan,nan,nan,nan,nan,nan,nan,0
5123834355,5123834073,0.0019999987,1.6603036e-09,0.0020000006,2.7718654e-11,nan,nan,nan,nan,nan,nan,nan,nan,0
5123840654,5123840319,0.0020000003,0.0,0.0020000006,0.0,nan,nan,nan,nan,nan,nan,nan,nan,0
5123844338,5123844060,0.0020000003,0.0,0.0020000008,0.0,nan,nan,nan,nan,nan,nan,nan,nan,0
5123851822,5123851551,0.0019999985,1.3967125e-09,0.0020000008,2.712986e-13,nan,nan,nan,nan,nan,nan,nan,nan,0
5123854332,5123854048,0.0020000003,0.0,0.0020000003,0.0,nan,nan,nan,nan,nan,nan,nan,nan,0
5123858071,5123857793,0.0019999987,1.7459876e-09,0.0020000006,2.4227842e-13,nan,nan,nan,nan,nan,nan,nan,nan,0
5123865584,5123865284,0.0020000006,6.114981e-10,0.0019999999,2.8786171e-11,nan,nan,nan,nan,nan,nan,nan,nan,0
5123869304,5123869030,0.0020000022,2.2416364e-09,0.0019999961,2.846227e-11,nan,nan,nan,nan,nan,nan,nan,nan,0
5123876793,5123876520,0.0019999985,2.823458e-09,0.0019999994,2.8717525e-11,nan,nan,nan,nan,nan,nan,nan,nan,0
5123879290,5123879017,0.0020000022,1.4264773e-09,0.001999997,2.871425e-11,nan,nan,nan,nan,nan,nan,nan,nan,0
5123886785,5123886508,0.0020000003,1.1938077e-09,0.001999999,2.8553195e-11,nan,nan,nan,nan,nan,nan,nan,nan,0
5123889293,5123889004,0.0020000003,0.0,0.0020000003,0.0,nan,nan,nan,nan,nan,nan,nan,nan,0
5123893025,5123892749,0.0019999985,2.7067362e-09,0.0019999994,2.9023787e-11,nan,nan,nan,nan,nan,nan,nan,nan,0
5123900517,5123900240,0.0020000022,1.3381259e-09,0.001999997,6.502767e-13,nan,nan,nan,nan,nan,nan,nan,nan,0
5123904265,5123903985,0.0019999985,1.4538233e-09,0.0020000008,1.368199e-12,nan,nan,nan,nan,nan,nan,nan,nan,0
5123910503,5123910228,0.0020000003,0.0,0.0020000006,0.0,nan,nan,nan,nan,nan,nan,nan,nan,0
5123914268,5123913982,0.002000002,3.0824931e-09,0.0019999952,2.5128545e-12,nan,nan,nan,nan,nan,nan,nan,nan,0
5123921734,5123921463,0.0019999985,2.325995e-09,0.0019999999,2.3115346e-12,nan,nan,nan,nan,nan,nan,nan,nan,0
5123926734,5123926457,0.0020000003,0.0,0.0020000003,0.0,nan,nan,nan,nan,nan,nan,nan,nan,0
5123927983,5123927706,0.002,2.8913183e-10,0.0019999999,1.9064646e-12,nan,nan,nan,nan,nan,nan,nan,nan,0
5123936718,5123936445,0.0020000003,5.802164e-10,0.0019999999,1.8602203e-12,nan,nan,nan,nan,nan,nan,nan,nan,0
5123939224,5123938941,0.0019999985,2.7340004e-09,0.0019999994,1.7598076e-12,nan,nan,nan,nan,nan,nan,nan,nan,0
5123945454,5123945184,0.0020000003,0.0,0.0020000003,8.658777e-13,nan,nan,nan,nan,nan,nan,nan,nan,0
5123949196,5123948929,0.0020000003,0.0,0.0020000006,0.0,nan,nan,nan,nan,nan,nan,nan,nan,0
5123956694,5123956420,0.0020000003,0.0,0.002,0.0,nan,nan,nan,nan,nan,nan,nan,nan,0
5123960448,5123960165,0.0020000006,0.0,0.0020000006,0.0,nan,nan,nan,nan,nan,nan,nan,nan,0
5123962934,5123962662,0.0020000006,0.0,0.002,0.0,nan,nan,nan,nan,nan,nan,nan,nan,0
5123970425,5123970153,0.0020000022,2.5884632e-09,0.001999996,1.7776249e-12,nan,nan,nan,nan,nan,nan,nan,nan,0
5123974166,5123973898,0.0020000006,0.0,0.0020000006,0.0,nan,nan,nan,nan,nan,nan,nan,nan,0
5123980411,5123980140,0.0020000003,0.0,0.0019999987,0.0,nan,nan,nan,nan,nan,nan,nan,nan,0
5123984158,5123983885,0.002,7.5600076e-10,0.0019999994,6.988056e-13,nan,nan,nan,nan,nan,nan,nan,nan,0
5123991652,5123991376,0.0020000003,4.06751e-10,0.0019999999,7.026376e-13,nan,nan,nan,nan,nan,nan,nan,nan,0
5123996645,5123996370,0.0020000008,0.0,0.002000001,0.0,nan,nan,nan,nan,nan,nan,nan,nan,0
5123997899,5123997618,0.0020000006,0.0,0.0020000006,0.0,nan,nan,nan,nan,nan,nan,nan,nan,0
5124006635,5124006357,0.0020000003,7.551481e-10,0.0019999996,1.5514725e-12,nan,nan,nan,nan,nan,nan,nan,nan,0
5124009125,5124008854,0.0020000006,0.0,0.0020000003,0.0,nan,nan,nan,nan,nan,nan,nan,nan,0
5124015371,5124015096,0.0019999987,2.5594784e-09,0.0019999999,1.6586836e-12,nan,nan,nan,nan,nan,nan,nan,nan,0
5124019107,5124018841,0.0020000003,1.148386e-10,0.0020000003,1.5767231e-12,nan,nan,nan,nan,nan,nan,nan,nan,0
5124026608,5124026335,0.0020000022,1.7448676e-09,0.0019999966,1.3622003e-12,nan,nan,nan,nan,nan,nan,nan,nan,0
5124030357,5124030077,0.0020000003,4.6435508e-10,0.0019999999,1.3062103e-12,nan,nan,nan,nan,nan,nan,nan,nan,0
5124032857,5124032574,0.002,4.0616382e-10,0.0019999999,1.2897912e-12,nan,nan,nan,nan,nan,nan,nan,nan,0
5124040353,5124040065,0.0019999966,1.8320843e-09,0.0019999985,1.4570029e-12,nan,nan,nan,nan,nan,nan,nan,nan,0
5124044093,5124043810,0.0020000006,0.0,0.0020000006,0.0,nan,nan,nan,nan,nan,nan,nan,nan,0
5124050337,5124050052,0.0020000003,0.0,0.0020000003,0.0,nan,nan,nan,nan,nan,nan,nan,nan,0
5124054094,5124053798,0.0020000022,1.2213595e-09,0.0019999973,1.0013813e-12,nan,nan,nan,nan,nan,nan,nan,nan,0
5124061562,5124061288,0.0020000022,1.8321763e-09,0.0019999966,1.3649862e-12,nan,nan,nan,nan,nan,nan,nan,nan,0
5124065340,5124065034,0.0020000006,0.0,0.0020000006,0.0,nan,nan,nan,nan,nan,nan,nan,nan,0
5124067803,5124067530,0.002,2.3179039e-10,0.002,1.0402547e-12,nan,nan,nan,nan,nan,nan,nan,nan,0
5124076548,5124076269,0.0020000006,0.0,0.0020000006,0.0,nan,nan,nan,nan,nan,nan,nan,nan,0
5124079033,5124078766,0.0020000006,0.0,0.0020000006,0.0,nan,nan,nan,nan,nan,nan,nan,nan,0
5124086530,5124086257,0.0020000003,1.2795973e-09,0.001999999,9.712335e-13,nan,nan,nan,nan,nan,nan,nan,nan,0
5124089033,5124088754,0.0019999982,3.0842082e-09,0.001999999,7.97834e-13,nan,nan,nan,nan,nan,nan,nan,nan,0
5124096539,5124096245,0.0019999987,2.38563e-09,0.0019999999,8.842562e-13,nan,nan,nan,nan,nan,nan,nan,nan,0
5124100275,5124099990,0.0020000003,0.0,0.0020000003,0.0,nan,nan,nan,nan,nan,nan,nan,nan,0
5124104013,5124103735,0.0019999982,1.511464e-09,0.0020000006,1.9352749e-12,nan,nan,nan,nan,nan,nan,nan,nan,0
5124110257,5124109977,0.0020000006,0.0,0.0020000006,0.0,nan,nan,nan,nan,nan,nan,nan,nan,0
5124114011,5124113725,0.0020000003,0.0,0.0020000006,0.0,nan,nan,nan,nan,nan,nan,nan,nan,0
5124121495,5124121213,0.0020000006,6.37911e-10,0.0019999999,2.3732492e-12,nan,nan,nan,nan,nan,nan,nan,nan,0
5124123978,5124123710,0.0020000024,1.2780181e-09,0.0019999973,2.5504425e-12,nan,nan,nan,nan,nan,nan,nan,nan,0
5124131479,5124131201,0.0020000003,6.380925e-10,0.0019999999,2.1917572e-12,nan,nan,nan,nan,nan,nan,nan,nan,0
5124136471,5124136195,0.0020000006,0.0,0.0020000003,0.0,nan,nan,nan,nan,nan,nan,nan,nan,0
5124138971,5124138691,0.0020000003,3.4754963e-10,0.0019999999,1.6963306e-12,nan,nan,nan,nan,nan,nan,nan,nan,0
5124145205,5124144934,0.0020000022,2.6170697e-09,0.0019999957,2.275076e-12,nan,nan,nan,nan,nan,nan,nan,nan,0
5124148982,5124148678,0.0020000022,1.627472e-09,0.001999997,2.3425047e-12,nan,nan,nan,nan,nan,nan,nan,nan,0
5124156451,5124156169,0.0020000003,0.0,0.0020000003,0.0,nan,nan,nan,nan,nan,nan,nan,nan,0
5124158939,5124158666,0.0020000006,0.0,0.0020000003,0.0,nan,nan,nan,nan,nan,nan,nan,nan,0
5124166434,5124166157,0.0020000022,2.7917046e-09,0.0019999957,2.2631012e-12,nan,nan,nan,nan,nan,nan,nan,nan,0
5124170176,5124169902,0.0020000006,0.0,0.002,0.0,nan,nan,nan,nan,nan,nan,nan,nan,0
5124173927,5124173648,0.0020000022,2.7326086e-09,0.0019999957,3.1514652e-12,nan,nan,nan,nan,nan,nan,nan,nan,0
5124180160,5124179889,0.0020000003,4.6234924e-10,0.0019999999,3.3120486e-12,nan,nan,nan,nan,nan,nan,nan,nan,0
5124183905,5124183635,0.0020000006,0.0,0.002,0.0,nan,nan,nan,nan,nan,nan,nan,nan,0
5124191406,5124191126,0.0020000006,0.0,0.0020000006,0.0,nan,nan,nan,nan,nan,nan,nan,nan,0
5124193901,5124193622,0.0020000006,0.0,0.0020000006,0.0,nan,nan,nan,nan,nan,nan,nan,nan,0
5124201397,5124201113,0.0020000024,2.9637408e-09,0.0019999954,4.8499607e-12,nan,nan,nan,nan,nan,nan,nan,nan,0
5124206384,5124206107,0.0020000006,0.0,0.0020000006,0.0,nan,nan,nan,nan,nan,nan,nan,nan,0
5124208880,5124208603,0.0020000003,5.7686594e-10,0.0019999999,5.210674e-12,nan,nan,nan,nan,nan,nan,nan,nan,0
5124215125,5124214846,0.0020000003,1.11088555e-10,0.0020000003,5.3267685e-12,nan,nan,nan,nan,nan,nan,nan,nan,0
5124218871,5124218591,0.0020000006,0.0,0.0020000006,0.0,nan,nan,nan,nan,nan,nan,nan,nan,0
5124226362,5124226082,0.0020000022,2.351251e-09,0.0019999961,6.159325e-12,nan,nan,nan,nan,nan,nan,nan,nan,0
5124228846,5124228579,0.0020000006,5.227329e-11,0.0020000003,5.9343693e-12,nan,nan,nan,nan,nan,nan,nan,nan,0
5124236351,5124236073,0.0020000008,0.0,0.002000001,0.0,nan,nan,nan,nan,nan,nan,nan,nan,0
5124240088,5124239814,0.0020000003,4.0145262e-10,0.0019999999,6.0010035e-12,nan,nan,nan,nan,nan,nan,nan,nan,0
5124243835,5124243560,0.0020000006,0.0,0.002,0.0,nan,nan,nan,nan,nan,nan,nan,nan,0
5124250075,5124249802,0.0020000022,1.2747393e-09,0.0019999973,5.829172e-12,nan,nan,nan,nan,nan,nan,nan,nan,0
5124253822,5124253552,0.0020000006,0.0,0.0020000006,0.0,nan,nan,nan,nan,nan,nan,nan,nan,0
5124261323,5124261038,0.0020000006,0.0,0.0020000006,0.0,nan,nan,nan,nan,nan,nan,nan,nan,0
5124263813,5124263535,0.0019999985,3.080437e-09,0.0019999992,4.5691003e-12,nan,nan,nan,nan,nan,nan,nan,nan,0
5124271306,5124271026,0.0020000003,0.0,0.0020000003,0.0,nan,nan,nan,nan,nan,nan,nan,nan,0
5124275044,5124274770,0.0020000003,5.2706776e-11,0.0020000003,5.500886e-12,nan,nan,nan,nan,nan,nan,nan,nan,0
5124278788,5124278516,0.0020000006,1.687828e-10,0.0020000003,5.8401842e-12,nan,nan,nan,nan,nan,nan,nan,nan,0
5124286293,5124286007,0.0020000003,0.0,0.0020000003,0.0,nan,nan,nan,nan,nan,nan,nan,nan,0
5124288771,5124288503,0.0019999966,3.195175e-09,0.0020000008,6.2464027e-12,nan,nan,nan,nan,nan,nan,nan,nan,0
5124296272,5124295994,0.002,3.1442124e-10,0.0019999999,5.720884e-12,nan,nan,nan,nan,nan,nan,nan,nan,0
5124300008,5124299739,0.0020000003,0.0,0.0020000003,0.0,nan,nan,nan,nan,nan,nan,nan,nan,0
5124306290,5124305982,0.0020000003,2.855668e-10,0.002,5.4715035e-12,nan,nan,nan,nan,nan,nan,nan,nan,0
5124309997,5124309727,0.0020000022,1.3623753e-09,0.001999997,5.5046714e-12,nan,nan,nan,nan,nan,nan,nan,nan,0
5124313756,5124313472,0.0020000003,8.969867e-10,0.0019999994,5.232037e-12,nan,nan,nan,nan,nan,nan,nan,nan,0
5124319988,5124319714,0.0020000022,1.334514e-09,0.001999997,4.2621115e-12,nan,nan,nan,nan,nan,nan,nan,nan,0
5124323746,5124323460,0.0020000006,0.0,0.0020000006,0.0,nan,nan,nan,nan,nan,nan,nan,nan,0
5124331228,5124330950,0.0020000006,0.0,0.0020000008,0.0,nan,nan,nan,nan,nan,nan,nan,nan,0
5124336224,5124335944,0.002000004,3.1985867e-09,0.0019999933,2.8345798e-12,nan,nan,nan,nan,nan,nan,nan,nan,0
5124341212,5124340938,0.0020000008,0.0,0.002000001,0.0,nan,nan,nan,nan,nan,nan,nan,nan,0
5124346218,5124345932,0.0020000022,3.170091e-09,0.0019999952,2.22641e-12,nan,nan,nan,nan,nan,nan,nan,nan,0
5124348701,5124348428,0.0020000003,0.0,0.0020000003,0.0,nan,nan,nan,nan,nan,nan,nan,nan,0
5124354940,5124354671,0.0020000022,1.3938649e-09,0.001999997,3.118927e-12,nan,nan,nan,nan,nan,nan,nan,nan,0
5124358680,5124358416,0.0020000022,1.7140791e-09,0.0019999968,3.0468544e-12,nan,nan,nan,nan,nan,nan,nan,nan,0
5124366191,5124365912,0.0020000003,8.124255e-10,0.0019999994,2.48173e-12,nan,nan,nan,nan,nan,nan,nan,nan,0
5124369932,5124369652,0.0019999985,1.3361007e-09,0.0020000008,2.6755213e-12,nan,nan,nan,nan,nan,nan,nan,nan,0
5124376171,5124375897,0.0020000022,2.5865972e-09,0.0019999957,3.643842e-12,nan,nan,nan,nan,nan,nan,nan,nan,0
5124379972,5124379644,0.0020000024,1.6837364e-09,0.0019999968,4.285832e-12,nan,nan,nan,nan,nan,nan,nan,nan,0
5124383658,5124383385,0.0020000008,0.0,0.0020000008,0.0,nan,nan,nan,nan,nan,nan,nan,nan,0
5124389901,5124389627,0.0020000003,0.0,0.0020000003,2.248716e-12,nan,nan,nan,nan,nan,nan,nan,nan,0
5124393646,5124393376,0.0020000022,1.5381506e-09,0.0019999968,4.3524125e-12,nan,nan,nan,nan,nan,nan,nan,nan,0
5124401148,5124400873,0.0019999985,2.7894778e-09,0.0019999994,4.4898946e-12,nan,nan,nan,nan,nan,nan,nan,nan,0
5124406132,5124405857,0.0020000024,2.4982685e-09,0.0019999961,4.660836e-12,nan,nan,nan,nan,nan,nan,nan,nan,0
5124411179,5124410851,0.0020000003,0.0,0.0020000003,0.0,nan,nan,nan,nan,nan,nan,nan,nan,0
5124416129,5124415844,0.0020000003,5.3184762e-11,0.0020000003,5.022897e-12,nan,nan,nan,nan,nan,nan,nan,nan,0
5124418617,5124418341,0.0020000003,1.2463247e-09,0.0019999992,5.1399492e-12,nan,nan,nan,nan,nan,nan,nan,nan,0
5124426114,5124425832,0.0020000008,0.0,0.0020000008,0.0,nan,nan,nan,nan,nan,nan,nan,nan,0
5124428594,5124428328,0.0020000006,0.0,0.0020000006,0.0,nan,nan,nan,nan,nan,nan,nan,nan,0
5124436097,5124435819,0.0020000006,0.0,0.0020000006,0.0,nan,nan,nan,nan,nan,nan,nan,nan,0
5124439836,5124439564,0.0020000006,0.0,0.0020000003,0.0,nan,nan,nan,nan,nan,nan,nan,nan,0
5124446085,5124445807,0.0020000022,1.4495048e-09,0.001999997,5.6866456e-12,nan,nan,nan,nan,nan,nan,nan,nan,0
5124449832,5124449563,0.0019999985,2.4969087e-09,0.0019999999,6.0208488e-12,nan,nan,nan,nan,nan,nan,nan,nan,0
5124453570,5124453297,0.0020000003,5.75761e-10,0.0019999999,6.3156425e-12,nan,nan,nan,nan,nan,nan,nan,nan,0
5124461065,5124460788,0.002,1.2445035e-09,0.001999999,6.961251e-12,nan,nan,nan,nan,nan,nan,nan,nan,0
5124463566,5124463285,0.0020000003,0.0,0.0020000003,0.0,nan,nan,nan,nan,nan,nan,nan,nan,0
5124471059,5124470776,0.0020000003,0.0,0.0020000006,0.0,nan,nan,nan,nan,nan,nan,nan,nan,0
5124476048,5124475769,0.0019999987,2.9914142e-09,0.0019999992,6.2802333e-12,nan,nan,nan,nan,nan,nan,nan,nan,0
5124481034,5124480763,0.0020000006,0.0,0.0020000006,0.0,nan,nan,nan,nan,nan,nan,nan,nan,0
5124486040,5124485756,0.0020000006,0.0,0.0020000006,0.0,nan,nan,nan,nan,nan,nan,nan,nan,0
5124488525,5124488255,0.0020000003,8.684917e-10,0.0019999994,4.6232063e-12,nan,nan,nan,nan,nan,nan,nan,nan,0
5124496016,5124495744,0.0020000024,1.6846575e-09,0.001999997,3.3645985e-12,nan,nan,nan,nan,nan,nan,nan,nan,0
5124498519,5124498241,0.0020000022,1.3940478e-09,0.001999997,2.9361496e-12,nan,nan,nan,nan,nan,nan,nan,nan,0
5124506009,5124505731,0.0020000006,0.0,0.0020000006,0.0,nan,nan,nan,nan,nan,nan,nan,nan,0
5124509742,5124509476,0.002,1.2788313e-09,0.001999999,1.7372805e-12,nan,nan,nan,nan,nan,nan,nan,nan,0
5124515999,5124515719,0.0019999985,1.7449844e-09,0.0020000006,1.2454222e-12,nan,nan,nan,nan,nan,nan,nan,nan,0
5124519728,5124519464,0.002,2.9021818e-10,0.0019999999,8.201356e-13,nan,nan,nan,nan,nan,nan,nan,nan,0
5124523519,5124523210,0.0020000003,1.1579479e-10,0.0020000003,6.205349e-13,nan,nan,nan,nan,nan,nan,nan,nan,0
5124530999,5124530700,0.0020000003,0.0,0.0020000008,0.0,nan,nan,nan,nan,nan,nan,nan,nan,0
5124533472,5124533197,0.0020000003,2.9704697e-11,0.0020000003,2.8502964e-11,nan,nan,nan,nan,nan,nan,nan,nan,0
5124540982,5124540688,0.0020000022,2.7082283e-09,0.0019999957,2.7531772e-11,nan,nan,nan,nan,nan,nan,nan,nan,0
5124545963,5124545682,0.0019999985,1.7770866e-09,0.0020000003,2.7350896e-11,nan,nan,nan,nan,nan,nan,nan,nan,0
5124550951,5124550675,0.0019999985,2.4760813e-09,0.0019999999,2.6848003e-11,nan,nan,nan,nan,nan,nan,nan,nan,0
5124555943,5124555669,0.0020000003,0.0,0.0020000003,0.0,nan,nan,nan,nan,nan,nan,nan,nan,0
5124558435,5124558166,0.0019999985,2.5927518e-09,0.0019999994,2.659286e-11,nan,nan,nan,nan,nan,nan,nan,nan,0
5124565949,5124565656,0.0020000003,6.1473193e-10,0.0019999999,2.5552352e-11,nan,nan,nan,nan,nan,nan,nan,nan,0
5124568431,5124568153,0.0020000003,0.0,0.0020000003,0.0,nan,nan,nan,nan,nan,nan,nan,nan,0
5124575932,5124575645,0.0020000022,1.488898e-09,0.001999997,2.4501227e-11,nan,nan,nan,nan,nan,nan,nan,nan,0
5124579658,5124579389,0.0020000022,2.0709687e-09,0.0019999964,2.4507119e-11,nan,nan,nan,nan,nan,nan,nan,nan,0
5124585901,5124585631,0.0019999985,1.7787426e-09,0.0020000003,2.5694925e-11,nan,nan,nan,nan,nan,nan,nan,nan,0
5124589657,5124589377,0.0020000024,2.9425502e-09,0.0019999957,2.6040604e-11,nan,nan,nan,nan,nan,nan,nan,nan,0
5124593403,5124593125,0.0020000006,0.0,0.0020000006,0.0,nan,nan,nan,nan,nan,nan,nan,nan,0
5124600898,5124600612,0.0020000003,0.0,0.0020000003,0.0,nan,nan,nan,nan,nan,nan,nan,nan,0
5124603381,5124603110,0.0020000024,1.6044309e-09,0.001999997,2.538356e-11,nan,nan,nan,nan,nan,nan,nan,nan,0
5124610895,5124610600,0.002,7.315252e-10,0.0019999996,2.51744e-11,nan,nan,nan,nan,nan,nan,nan,nan,0
5124615867,5124615594,0.0020000003,7.3102796e-10,0.0019999996,2.5671607e-11,nan,nan,nan,nan,nan,nan,nan,nan,0
5124620868,5124620587,0.0020000022,1.3129184e-09,0.001999997,2.585773e-11,nan,nan,nan,nan,nan,nan,nan,nan,0
5124624605,5124624333,0.0020000024,1.1962454e-09,0.0019999973,2.6115478e-11,nan,nan,nan,nan,nan,nan,nan,nan,0
5124628354,5124628078,0.0020000024,1.1965993e-09,0.0019999975,2.5761577e-11,nan,nan,nan,nan,nan,nan,nan,nan,0
5124635857,5124635569,0.0020000022,1.7790229e-09,0.0019999966,2.5414563e-11,nan,nan,nan,nan,nan,nan,nan,nan,0
5124638347,5124638066,0.0020000003,8.479978e-10,0.0019999994,2.5117113e-11,nan,nan,nan,nan,nan,nan,nan,nan,0
5124645835,5124645556,0.0020000003,7.319671e-10,0.0019999994,2.4732473e-11,nan,nan,nan,nan,nan,nan,nan,nan,0
5124649575,5124649302,0.002,3.832577e-10,0.0019999999,2.4195937e-11,nan,nan,nan,nan,nan,nan,nan,nan,0
5124655818,5124655544,0.0020000003,5.0002535e-10,0.0019999999,2.3843618e-11,nan,nan,nan,nan,nan,nan,nan,nan,0
5124659573,5124659289,0.002000002,2.7122948e-09,0.0019999957,2.3465244e-11,nan,nan,nan,nan,nan,nan,nan,nan,0
5124663311,5124663034,0.0020000006,0.0,0.0020000006,0.0,nan,nan,nan,nan,nan,nan,nan,nan,0
5124670794,5124670525,0.0019999985,2.7122393e-09,0.0019999994,2.3520817e-11,nan,nan,nan,nan,nan,nan,nan,nan,0
5124673313,5124673030,0.002,0.0,0.0020000003,0.0,nan,nan,nan,nan,nan,nan,nan,nan,0
5124680793,5124680512,0.0020000006,0.0,0.0020000006,0.0,nan,nan,nan,nan,nan,nan,nan,nan,0
5124685783,5124685506,0.0020000003,9.080974e-10,0.0019999994,2.322519e-11,nan,nan,nan,nan,nan,nan,nan,nan,0
5124692038,5124691748,0.0020000022,1.7820762e-09,0.0019999966,2.2361332e-11,nan,nan,nan,nan,nan,nan,nan,nan,0
5124695778,5124695494,0.002,0.0,0.0020000003,0.0,nan,nan,nan,nan,nan,nan,nan,nan,0
5124698276,5124697990,0.0020000006,0.0,0.0020000006,0.0,nan,nan,nan,nan,nan,nan,nan,nan,0
5124705755,5124705481,0.0020000003,8.5100155e-10,0.0019999994,2.2113374e-11,nan,nan,nan,nan,nan,nan,nan,nan,0
5124709508,5124709228,0.002,2.6895408e-10,0.002,2.208422e-11,nan,nan,nan,nan,nan,nan,nan,nan,0
5124716993,5124716717,0.0020000006,0.0,0.0020000006,0.0,nan,nan,nan,nan,nan,nan,nan,nan,0
5124719480,5124719214,0.0020000022,1.3169036e-09,0.001999997,2.1872618e-11,nan,nan,nan,nan,nan,nan,nan,nan,0
5124726979,5124726704,0.0020000003,0.0,0.0020000003,0.0,nan,nan,nan,nan,nan,nan,nan,nan,0
5124729473,5124729201,0.0020000006,0.0,0.0020000006,0.0,nan,nan,nan,nan,nan,nan,nan,nan,0
5124733223,5124732947,0.0019999982,1.49153e-09,0.0020000006,2.1869184e-11,nan,nan,nan,nan,nan,nan,nan,nan,0
5124740728,5124740437,0.0020000003,9.680191e-10,0.0019999994,2.1511126e-11,nan,nan,nan,nan,nan,nan,nan,nan,0
5124745713,5124745431,0.0020000003,9.681507e-10,0.0019999994,2.137961e-11,nan,nan,nan,nan,nan,nan,nan,nan,0
5124750697,5124750425,0.0020000003,0.0,0.0020000006,0.0,nan,nan,nan,nan,nan,nan,nan,nan,0
5124754445,5124754170,0.0020000022,2.3653803e-09,0.0019999961,2.1133699e-11,nan,nan,nan,nan,nan,nan,nan,nan,0
5124761939,5124761660,0.0020000003,4.4484413e-10,0.0019999999,2.081716e-11,nan,nan,nan,nan,nan,nan,nan,nan,0
5124765680,5124765406,0.0020000006,0.0,0.0020000006,0.0,nan,nan,nan,nan,nan,nan,nan,nan,0
5124768172,5124767903,0.0020000003,1.5361261e-10,0.0020000003,2.101037e-11,nan,nan,nan,nan,nan,nan,nan,nan,0
5124775715,5124775393,0.0020000003,4.436715e-10,0.0019999999,2.1989785e-11,nan,nan,nan,nan,nan,nan,nan,nan,0
5124779422,5124779139,0.0019999982,2.6556926e-09,0.0019999994,2.1859903e-11,nan,nan,nan,nan,nan,nan,nan,nan,0
5124785660,5124785381,0.0020000022,2.0153856e-09,0.0019999966,2.1882454e-11,nan,nan,nan,nan,nan,nan,nan,nan,0
5124789396,5124789126,0.002,0.0,0.0020000003,0.0,nan,nan,nan,nan,nan,nan,nan,nan,0
5124796908,5124796617,0.0020000006,0.0,0.0020000006,0.0,nan,nan,nan,nan,nan,nan,nan,nan,0
5124799384,5124799114,0.0020000022,1.8985802e-09,0.0019999966,2.2272573e-11,nan,nan,nan,nan,nan,nan,nan,nan,0
5124803132,5124802859,0.0020000003,0.0,0.0020000008,0.0,nan,nan,nan,nan,nan,nan,nan,nan,0
5124810626,5124810350,0.002,1.3159533e-09,0.001999999,2.282284e-11,nan,nan,nan,nan,nan,nan,nan,nan,0
5124815627,5124815343,0.002,1.199562e-09,0.001999999,2.279886e-11,nan,nan,nan,nan,nan,nan,nan,nan,0
5124820611,5124820337,0.0020000003,9.665498e-10,0.0019999994,2.298041e-11,nan,nan,nan,nan,nan,nan,nan,nan,0
5124825611,5124825331,0.002,0.0,0.0020000003,0.0,nan,nan,nan,nan,nan,nan,nan,nan,0
5124831844,5124831573,0.0020000006,0.0,0.0020000006,0.0,nan,nan,nan,nan,nan,nan,nan,nan,0
5124834348,5124834070,0.0020000003,5.582596e-10,0.0019999999,2.3817025e-11,nan,nan,nan,nan,nan,nan,nan,nan,0
5124838128,5124837815,0.0019999987,1.66425e-09,0.0020000008,2.3772196e-11,nan,nan,nan,nan,nan,nan,nan,nan,0
5124845583,5124845306,0.0020000022,1.7226425e-09,0.0019999968,2.3587368e-11,nan,nan,nan,nan,nan,nan,nan,nan,0
5124849338,5124849051,0.002,7.915054e-10,0.0019999994,2.340185e-11,nan,nan,nan,nan,nan,nan,nan,nan,0
5124855580,5124855293,0.0020000003,9.2855314e-11,0.0020000003,2.3560008e-11,nan,nan,nan,nan,nan,nan,nan,nan,0
5124859313,5124859039,0.0020000003,1.512776e-10,0.0020000003,2.3345378e-11,nan,nan,nan,nan,nan,nan,nan,nan,0
5124866806,5124866530,0.0020000003,0.0,0.0020000003,0.0,nan,nan,nan,nan,nan,nan,nan,nan,0
5124869351,5124869026,0.0020000006,0.0,0.0020000006,0.0,nan,nan,nan,nan,nan,nan,nan,nan,0
5124873043,5124872771,0.0020000003,0.0,0.0020000003,0.0,nan,nan,nan,nan,nan,nan,nan,nan,0
5124880538,5124880262,0.002000002,2.7115055e-09,0.0019999957,2.425464e-11,nan,nan,nan,nan,nan,nan,nan,nan,0
5124885538,5124885263,0.0020000008,0.0,0.0020000008,0.0,nan,nan,nan,nan,nan,nan,nan,nan,0
5124890561,5124890250,0.0020000006,0.0,0.0020000006,0.0,nan,nan,nan,nan,nan,nan,nan,nan,0
5124895524,5124895246,0.0020000003,7.317537e-10,0.0019999996,2.4945882e-11,nan,nan,nan,nan,nan,nan,nan,nan,0
5124901757,5124901485,0.0019999985,1.3135146e-09,0.0020000008,2.5261588e-11,nan,nan,nan,nan,nan,nan,nan,nan,0
5124905518,5124905231,0.0020000003,9.6361e-10,0.0019999994,2.5920238e-11,nan,nan,nan,nan,nan,nan,nan,nan,0
5124908000,5124907728,0.002,7.303413e-10,0.0019999996,2.6358287e-11,nan,nan,nan,nan,nan,nan,nan,nan,0
5124915503,5124915219,0.0020000003,8.4578194e-10,0.0019999994,2.7332948e-11,nan,nan,nan,nan,nan,nan,nan,nan,0
5124919231,5124918963,0.0020000003,1.1946552e-09,0.0019999992,2.7705688e-11,nan,nan,nan,nan,nan,nan,nan,nan,0
5124925484,5124925206,0.0020000006,0.0,0.0020000006,0.0,nan,nan,nan,nan,nan,nan,nan,nan,0
5124929224,5124928951,0.0020000003,0.0,0.0020000003,0.0,nan,nan,nan,nan,nan,nan,nan,nan,0
5124936717,5124936442,0.0019999985,1.3108274e-09,0.0020000008,2.7948793e-11,nan,nan,nan,nan,nan,nan,nan,nan,0
5124940474,5124940187,0.0020000006,0.0,0.0020000008,0.0,nan,nan,nan,nan,nan,nan,nan,nan,0
5124942960,5124942684,0.0020000003,0.0,0.0020000003,0.0,nan,nan,nan,nan,nan,nan,nan,nan,0
5124950457,5124950175,0.0020000006,0.0,0.0020000006,0.0,nan,nan,nan,nan,nan,nan,nan,nan,0
5124954189,5124953920,0.0020000022,1.3961563e-09,0.001999997,8.275273e-13,nan,nan,nan,nan,nan,nan,nan,nan,0
5124960436,5124960162,0.0020000024,1.6286696e-09,0.0019999968,1.1448273e-12,nan,nan,nan,nan,nan,nan,nan,nan,0
5124965436,5124965156,0.002000002,1.7448486e-09,0.0019999966,1.3812024e-12,nan,nan,nan,nan,nan,nan,nan,nan,0
5124971669,5124971398,0.0019999985,1.3368973e-09,0.0020000008,1.8789154e-12,nan,nan,nan,nan,nan,nan,nan,nan,0
5124975431,5124975143,0.0019999987,1.6274034e-09,0.0020000006,2.4110366e-12,nan,nan,nan,nan,nan,nan,nan,nan,0
5124977907,5124977640,0.0020000006,0.0,0.0020000008,0.0,nan,nan,nan,nan,nan,nan,nan,nan,0
5124985404,5124985131,0.0020000003,1.2783667e-09,0.001999999,2.2017579e-12,nan,nan,nan,nan,nan,nan,nan,nan,0
5124989148,5124988876,0.002,7.8352763e-10,0.0019999994,2.2757785e-12,nan,nan,nan,nan,nan,nan,nan,nan,0
5124995399,5124995118,0.0020000022,1.8014659e-09,0.0019999966,2.971635e-12,nan,nan,nan,nan,nan,nan,nan,nan,0
5124999142,5124998863,0.0020000008,0.0,0.0020000006,0.0,nan,nan,nan,nan,nan,nan,nan,nan,0
5125006631,5125006354,0.0020000003,0.0,0.0020000003,0.0,nan,nan,nan,nan,nan,nan,nan,nan,0
5125010378,5125010099,0.0020000022,1.6264785e-09,0.0019999968,3.3359617e-12,nan,nan,nan,nan,nan,nan,nan,nan,0
5125012878,5125012596,0.0020000008,0.0,0.0020000008,0.0,nan,nan,nan,nan,nan,nan,nan,nan,0
5125020363,5125020087,0.0020000003,0.0,0.0020000006,0.0,nan,nan,nan,nan,nan,nan,nan,nan,0
5125025365,5125025081,0.0019999985,1.3055056e-09,0.0020000008,4.1667884e-12,nan,nan,nan,nan,nan,nan,nan,nan,0
5125030372,5125030095,0.0019999985,2.323099e-09,0.0019999999,5.2073606e-12,nan,nan,nan,nan,nan,nan,nan,nan,0
5125034101,5125033820,0.0020000003,5.1812343e-10,0.0019999999,5.745517e-12,nan,nan,nan,nan,nan,nan,nan,nan,0
5125041584,5125041311,0.0020000022,2.846336e-09,0.0019999957,5.8394366e-12,nan,nan,nan,nan,nan,nan,nan,nan,0
5125045340,5125045056,0.0020000006,6.345901e-10,0.0019999996,5.694188e-12,nan,nan,nan,nan,nan,nan,nan,nan,0
5125047831,5125047552,0.0020000022,1.3332093e-09,0.001999997,5.566861e-12,nan,nan,nan,nan,nan,nan,nan,nan,0
5125055331,5125055044,0.0020000003,5.1886817e-10,0.0019999999,5.0007637e-12,nan,nan,nan,nan,nan,nan,nan,nan,0
5125059057,5125058788,0.0020000022,2.9638985e-09,0.0019999957,4.6922917e-12,nan,nan,nan,nan,nan,nan,nan,nan,0
5125065323,5125065030,0.0020000043,3.1095677e-09,0.0019999938,4.542129e-12,nan,nan,nan,nan,nan,nan,nan,nan,0
5125069053,5125068776,0.0020000022,1.3052507e-09,0.001999997,4.4216714e-12,nan,nan,nan,nan,nan,nan,nan,nan,0
5125076542,5125076266,0.0020000022,1.3343702e-09,0.001999997,4.4060727e-12,nan,nan,nan,nan,nan,nan,nan,nan,0
5125080345,5125080016,0.0020000006,1.1215943e-10,0.0020000003,4.2558942e-12,nan,nan,nan,nan,nan,nan,nan,nan,0
5125082781,5125082509,0.0020000022,1.451043e-09,0.001999997,4.1485565e-12,nan,nan,nan,nan,nan,nan,nan,nan,0
5125090302,5125089999,0.0019999987,1.509408e-09,0.0020000008,3.991106e-12,nan,nan,nan,nan,nan,nan,nan,nan,0
5125095271,5125094993,0.0020000003,0.0,0.0020000003,2.2204079e-12,nan,nan,nan,nan,nan,nan,nan,nan,0
5125101509,5125101235,0.0020000006,6.060517e-10,0.0019999999,5.12875e-12,nan,nan,nan,nan,nan,nan,nan,nan,0
5125105259,5125104981,0.0020000006,0.0,0.0020000006,0.0,nan,nan,nan,nan,nan,nan,nan,nan,0
5125111554,5125111223,0.0020000003,0.0,0.0020000003,0.0,nan,nan,nan,nan,nan,nan,nan,nan,0
5125115247,5125114968,0.0020000003,2.2747519e-10,0.002,5.355452e-12,nan,nan,nan,nan,nan,nan,nan,nan,0
5125118990,5125118713,0.0020000022,1.421215e-09,0.001999997,4.8727116e-12,nan,nan,nan,nan,nan,nan,nan,nan,0
5125125230,5125124956,0.0020000003,4.3200896e-10,0.0019999999,4.5484935e-12,nan,nan,nan,nan,nan,nan,nan,nan,0
5125128978,5125128700,0.0020000022,1.7710343e-09,0.0019999966,4.2992936e-12,nan,nan,nan,nan,nan,nan,nan,nan,0
5125136480,5125136191,0.0020000003,6.361461e-10,0.0019999999,4.138174e-12,nan,nan,nan,nan,nan,nan,nan,nan,0
5125138969,5125138688,0.002000002,1.5092309e-09,0.0019999968,4.1683636e-12,nan,nan,nan,nan,nan,nan,nan,nan,0
5125146455,5125146179,0.002,1.2187961e-09,0.001999999,3.5648307e-12,nan,nan,nan,nan,nan,nan,nan,nan,0
5125150195,5125149924,0.0020000006,0.0,0.0020000006,0.0,nan,nan,nan,nan,nan,nan,nan,nan,0
5125153962,5125153669,0.0020000003,1.2485147e-09,0.0019999992,2.9500274e-12,nan,nan,nan,nan,nan,nan,nan,nan,0
5125160193,5125159912,0.0020000006,0.0,0.0020000006,0.0,nan,nan,nan,nan,nan,nan,nan,nan,0
5125165195,5125164906,0.0020000003,0.0,0.0020000003,0.0,nan,nan,nan,nan,nan,nan,nan,nan,0
5125171428,5125171148,0.0019999982,1.3359145e-09,0.0020000008,2.8616866e-12,nan,nan,nan,nan,nan,nan,nan,nan,0
5125173971,5125173644,0.002000002,1.5688675e-09,0.0019999968,2.7394042e-12,nan,nan,nan,nan,nan,nan,nan,nan,0
5125181409,5125181135,0.0020000003,1.0451828e-09,0.0019999994,2.5550517e-12,nan,nan,nan,nan,nan,nan,nan,nan,0
5125185158,5125184881,0.0020000006,0.0,0.0020000006,0.0,nan,nan,nan,nan,nan,nan,nan,nan,0
5125188904,5125188626,0.0020000003,0.0,0.0020000006,0.0,nan,nan,nan,nan,nan,nan,nan,nan,0
5125195141,5125194868,0.0019999987,2.9663831e-09,0.0019999992,2.2076577e-12,nan,nan,nan,nan,nan,nan,nan,nan,0
5125198895,5125198614,0.0020000003,0.0,0.0020000003,1.0772988e-12,nan,nan,nan,nan,nan,nan,nan,nan,0
5125206382,5125206104,0.0020000003,3.1791095e-10,0.002,2.2311927e-12,nan,nan,nan,nan,nan,nan,nan,nan,0
5125208880,5125208601,0.0020000003,7.5453493e-10,0.0019999994,2.1646365e-12,nan,nan,nan,nan,nan,nan,nan,nan,0
5125216365,5125216091,0.002000002,1.5691327e-09,0.0019999968,2.4741355e-12,nan,nan,nan,nan,nan,nan,nan,nan,0
5125220113,5125219836,0.002000002,1.5685945e-09,0.0019999968,3.0123976e-12,nan,nan,nan,nan,nan,nan,nan,nan,0
5125223865,5125223582,0.0020000003,6.074191e-10,0.0019999999,3.761323e-12,nan,nan,nan,nan,nan,nan,nan,nan,0
5125230126,5125229824,0.0020000022,2.0910058e-09,0.0019999964,4.469999e-12,nan,nan,nan,nan,nan,nan,nan,nan,0
5125235097,5125234818,0.0020000003,5.769678e-10,0.0019999999,5.108825e-12,nan,nan,nan,nan,nan,nan,nan,nan,0
5125241344,5125241060,0.0019999985,1.9154227e-09,0.0020000003,5.4301043e-12,nan,nan,nan,nan,nan,nan,nan,nan,0
5125245083,5125244806,0.0019999985,1.4788937e-09,0.0020000008,5.4017225e-12,nan,nan,nan,nan,nan,nan,nan,nan,0
5125251328,5125251052,0.0020000003,6.932499e-10,0.0019999999,5.242055e-12,nan,nan,nan,nan,nan,nan,nan,nan,0
5125255072,5125254793,0.0019999987,2.49774e-09,0.0019999996,5.1895085e-12,nan,nan,nan,nan,nan,nan,nan,nan,0
5125258807,5125258538,0.0020000006,1.1092497e-10,0.0020000003,5.4903512e-12,nan,nan,nan,nan,nan,nan,nan,nan,0
5125265063,5125264780,0.0020000003,3.4313102e-10,0.0019999999,6.1149523e-12,nan,nan,nan,nan,nan,nan,nan,nan,0
5125268796,5125268525,0.0020000003,0.0,0.0020000003,0.0,nan,nan,nan,nan,nan,nan,nan,nan,0
5125276297,5125276016,0.0019999982,1.5069145e-09,0.0020000006,6.484738e-12,nan,nan,nan,nan,nan,nan,nan,nan,0
5125280043,5125279761,0.0020000003,0.0,0.0020000003,3.3150366e-12,nan,nan,nan,nan,nan,nan,nan,nan,0
5125286291,5125286004,0.0019999987,1.6522285e-09,0.0020000006,6.689852e-12,nan,nan,nan,nan,nan,nan,nan,nan,0
5125290041,5125289749,0.0020000003,7.7926515e-10,0.0019999994,6.538263e-12,nan,nan,nan,nan,nan,nan,nan,nan,0
5125295019,5125294743,0.0019999985,1.4778558e-09,0.0020000008,6.439547e-12,nan,nan,nan,nan,nan,nan,nan,nan,0
5125300013,5125299736,0.0019999985,1.7397607e-09,0.0020000003,6.4692054e-12,nan,nan,nan,nan,nan,nan,nan,nan,0
5125305026,5125304730,0.0020000022,2.729448e-09,0.0019999957,6.311977e-12,nan,nan,nan,nan,nan,nan,nan,nan,0
5125311241,5125310972,0.002,1.187045e-09,0.0019999992,6.2120066e-12,nan,nan,nan,nan,nan,nan,nan,nan,0
5125315001,5125314718,0.0020000003,1.3034474e-09,0.001999999,6.2250535e-12,nan,nan,nan,nan,nan,nan,nan,nan,0
5125321227,5125320960,0.0020000006,0.0,0.0020000006,0.0,nan,nan,nan,nan,nan,nan,nan,nan,0
5125325005,5125324711,0.0020000006,6.922401e-10,0.0019999996,6.2518133e-12,nan,nan,nan,nan,nan,nan,nan,nan,0
5125328716,5125328450,0.0020000003,2.2777148e-11,0.0020000003,6.3266822e-12,nan,nan,nan,nan,nan,nan,nan,nan,0
5125334966,5125334693,0.0020000003,3.4319303e-10,0.0019999999,6.0529273e-12,nan,nan,nan,nan,nan,nan,nan,nan,0
5125338720,5125338438,0.0019999985,1.8569587e-09,0.0020000003,5.686486e-12,nan,nan,nan,nan,nan,nan,nan,nan,0
5125346207,5125345929,0.002,7.5045703e-10,0.0019999994,6.2425377e-12,nan,nan,nan,nan,nan,nan,nan,nan,0
5125349956,5125349674,0.002,3.720211e-10,0.0019999999,6.3286893e-12,nan,nan,nan,nan,nan,nan,nan,nan,0
5125356191,5125355917,0.0020000006,0.0,0.0020000006,0.0,nan,nan,nan,nan,nan,nan,nan,nan,0
5125359931,5125359661,0.0020000022,1.5366264e-09,0.0019999968,5.876582e-12,nan,nan,nan,nan,nan,nan,nan,nan,0
5125363680,5125363406,0.0020000006,0.0,0.0020000006,0.0,nan,nan,nan,nan,nan,nan,nan,nan,0
5125369936,5125369649,0.0020000003,0.0,0.0020000006,0.0,nan,nan,nan,nan,nan,nan,nan,nan,0
5125374918,5125374643,0.002,6.92181e-10,0.0019999994,6.3109257e-12,nan,nan,nan,nan,nan,nan,nan,nan,0
5125381150,5125380884,0.0020000024,2.089273e-09,0.0019999966,6.2028403e-12,nan,nan,nan,nan,nan,nan,nan,nan,0
5125384969,5125384630,0.0020000003,2.3213651e-11,0.0020000003,5.890179e-12,nan,nan,nan,nan,nan,nan,nan,nan,0
5125391148,5125390872,0.0020000022,1.6242023e-09,0.0019999968,5.6121687e-12,nan,nan,nan,nan,nan,nan,nan,nan,0
5125394893,5125394618,0.0020000022,1.8283816e-09,0.0019999966,5.1597615e-12,nan,nan,nan,nan,nan,nan,nan,nan,0
5125398655,5125398363,0.0020000006,0.0,0.0020000006,0.0,nan,nan,nan,nan,nan,nan,nan,nan,0
5125404886,5125404613,0.0020000003,1.2194475e-09,0.001999999,2.9133605e-12,nan,nan,nan,nan,nan,nan,nan,nan,0
5125408628,5125408350,0.0020000003,1.0453022e-09,0.0019999994,2.4356784e-12,nan,nan,nan,nan,nan,nan,nan,nan,0
5125416150,5125415841,0.0020000003,0.0,0.0020000003,0.0,nan,nan,nan,nan,nan,nan,nan,nan,0
5125419862,5125419586,0.0020000006,0.0,0.0020000006,0.0,nan,nan,nan,nan,nan,nan,nan,nan,0
5125426102,5125425829,0.0020000003,0.0,0.0020000003,0.0,nan,nan,nan,nan,nan,nan,nan,nan,0
5125429879,5125429574,0.002,0.0,0.0020000003,0.0,nan,nan,nan,nan,nan,nan,nan,nan,0
5125433593,5125433320,0.0020000003,4.0447848e-10,0.0019999999,2.97516e-12,nan,nan,nan,nan,nan,nan,nan,nan,0
5125439857,5125439562,0.0020000006,0.0,0.0020000003,0.0,nan,nan,nan,nan,nan,nan,nan,nan,0
5125444837,5125444555,0.0020000022,1.8587037e-09,0.0019999966,3.9413733e-12,nan,nan,nan,nan,nan,nan,nan,nan,0
5125451073,5125450797,0.0020000024,1.2179502e-09,0.0019999973,4.4107287e-12,nan,nan,nan,nan,nan,nan,nan,nan,0
5125454815,5125454543,0.0020000003,0.0,0.0020000003,2.1769843e-12,nan,nan,nan,nan,nan,nan,nan,nan,0
5125461055,5125460785,0.0020000003,1.2476966e-09,0.001999999,3.7681195e-12,nan,nan,nan,nan,nan,nan,nan,nan,0
5125464814,5125464530,0.0020000003,8.115636e-10,0.0019999994,3.3436396e-12,nan,nan,nan,nan,nan,nan,nan,nan,0
5125468544,5125468275,0.0020000003,8.986818e-10,0.0019999994,3.5369745e-12,nan,nan,nan,nan,nan,nan,nan,nan,0
5125476042,5125475766,0.0020000003,2.5710567e-10,0.0019999999,4.8288127e-12,nan,nan,nan,nan,nan,nan,nan,nan,0
5125478554,5125478263,0.0020000003,2.3615904e-11,0.0020000003,5.487926e-12,nan,nan,nan,nan,nan,nan,nan,nan,0
5125486025,5125485753,0.0020000022,1.3913037e-09,0.001999997,5.6801282e-12,nan,nan,nan,nan,nan,nan,nan,nan,0
5125489787,5125489498,0.0020000003,6.9315725e-10,0.0019999999,5.334653e-12,nan,nan,nan,nan,nan,nan,nan,nan,0
5125494767,5125494493,0.0020000003,1.2757145e-09,0.001999999,4.854032e-12,nan,nan,nan,nan,nan,nan,nan,nan,0
5125499762,5125499486,0.0020000022,1.8005801e-09,0.0019999966,3.8573884e-12,nan,nan,nan,nan,nan,nan,nan,nan,0
5125503567,5125503238,0.0020000003,2.2939066e-10,0.0019999999,3.4399792e-12,nan,nan,nan,nan,nan,nan,nan,nan,0
5125511050,5125510727,0.0020000006,0.0,0.0020000006,0.0,nan,nan,nan,nan,nan,nan,nan,nan,0
5125514748,5125514468,0.0020000003,0.0,0.0020000003,1.0851433e-12,nan,nan,nan,nan,nan,nan,nan,nan,0
5125520985,5125520709,0.0020000022,2.2105953e-09,0.0019999961,1.2957552e-12,nan,nan,nan,nan,nan,nan,nan,nan,0
5125524728,5125524455,0.0020000006,0.0,0.0020000006,0.0,nan,nan,nan,nan,nan,nan,nan,nan,0
5125528480,5125528201,0.0020000008,0.0,0.0020000008,0.0,nan,nan,nan,nan,nan,nan,nan,nan,0
5125534724,5125534442,0.0020000024,1.2219136e-09,0.0019999975,4.4727243e-13,nan,nan,nan,nan,nan,nan,nan,nan,0
5125538471,5125538188,0.0020000024,2.4445375e-09,0.0019999961,1.843456e-13,nan,nan,nan,nan,nan,nan,nan,nan,0
5125545962,5125545679,0.0020000003,0.0,0.0020000003,0.0,nan,nan,nan,nan,nan,nan,nan,nan,0
5125548522,5125548177,0.0020000003,0.0,0.0020000003,0.0,nan,nan,nan,nan,nan,nan,nan,nan,0
5125555998,5125555668,0.0020000003,8.724272e-10,0.0019999994,6.877259e-13,nan,nan,nan,nan,nan,nan,nan,nan,0
5125559686,5125559411,0.0020000006,0.0,0.0020000006,0.0,nan,nan,nan,nan,nan,nan,nan,nan,0
5125563496,5125563159,0.0020000022,1.4545092e-09,0.001999997,6.8233093e-13,nan,nan,nan,nan,nan,nan,nan,nan,0
5125569672,5125569399,0.0020000003,8.725432e-10,0.0019999994,5.7170935e-13,nan,nan,nan,nan,nan,nan,nan,nan,0
5125574672,5125574392,0.0020000003,0.0,0.0020000003,0.0,nan,nan,nan,nan,nan,nan,nan,nan,0
5125580913,5125580634,0.0019999982,2.2108875e-09,0.0019999999,1.0037284e-12,nan,nan,nan,nan,nan,nan,nan,nan,0
5125583404,5125583131,0.0020000006,0.0,0.0020000006,0.0,nan,nan,nan,nan,nan,nan,nan,nan,0
5125590893,5125590622,0.0020000003,4.0539616e-10,0.0019999999,2.0574757e-12,nan,nan,nan,nan,nan,nan,nan,nan,0
5125594649,5125594367,0.002000004,3.1117684e-09,0.0019999936,2.3414066e-12,nan,nan,nan,nan,nan,nan,nan,nan,0
5125598399,5125598113,0.0020000006,0.0,0.0020000006,0.0,nan,nan,nan,nan,nan,nan,nan,nan,0
5125604641,5125604361,0.0020000003,0.0,0.0020000003,0.0,nan,nan,nan,nan,nan,nan,nan,nan,0
5125608428,5125608100,0.0020000006,0.0,0.0020000006,0.0,nan,nan,nan,nan,nan,nan,nan,nan,0
5125615936,5125615592,0.0019999985,1.511269e-09,0.0020000006,2.1302335e-12,nan,nan,nan,nan,nan,nan,nan,nan,0
5125618358,5125618088,0.0020000003,0.0,0.0020000003,0.0,nan,nan,nan,nan,nan,nan,nan,nan,0
5125625851,5125625578,0.0020000003,4.0576867e-10,0.0019999999,1.6849664e-12,nan,nan,nan,nan,nan,nan,nan,nan,0
5125629595,5125629323,0.0020000006,0.0,0.0020000003,0.0,nan,nan,nan,nan,nan,nan,nan,nan,0
5125634593,5125634320,0.002000004,3.1424974e-09,0.0019999936,7.164148e-13,nan,nan,nan,nan,nan,nan,nan,nan,0
5125639591,5125639311,0.0020000003,0.0,0.0020000006,0.0,nan,nan,nan,nan,nan,nan,nan,nan,0
5125644579,5125644305,0.0019999985,1.3383452e-09,0.0020000008,4.310441e-13,nan,nan,nan,nan,nan,nan,nan,nan,0
5125650814,5125650547,0.0019999985,2.7350777e-09,0.0019999994,6.822754e-13,nan,nan,nan,nan,nan,nan,nan,nan,0
5125654575,5125654292,0.0020000022,1.4837478e-09,0.001999997,5.475863e-13,nan,nan,nan,nan,nan,nan,nan,nan,0
5125660846,5125660534,0.0019999985,1.4549685e-09,0.0020000008,2.2308023e-13,nan,nan,nan,nan,nan,nan,nan,nan,0
5125664554,5125664281,0.0020000003,0.0,0.0020000003,0.0,nan,nan,nan,nan,nan,nan,nan,nan,0
5125668360,5125668025,0.0020000008,0.0,0.002000001,0.0,nan,nan,nan,nan,nan,nan,nan,nan,0
5125674548,5125674273,0.0019999982,2.2693534e-09,0.0019999999,7.454211e-13,nan,nan,nan,nan,nan,nan,nan,nan,0
5125678294,5125678012,0.0020000006,0.0,0.0020000006,0.0,nan,nan,nan,nan,nan,nan,nan,nan,0
5125685778,5125685503,0.0020000022,1.949035e-09,0.0019999966,9.217609e-13,nan,nan,nan,nan,nan,nan,nan,nan,0
5125688279,5125688000,0.0020000006,6.977698e-10,0.0019999996,7.221515e-13,nan,nan,nan,nan,nan,nan,nan,nan,0
5125695777,5125695493,0.0020000008,0.0,0.0020000003,0.0,nan,nan,nan,nan,nan,nan,nan,nan,0
5125699530,5125699236,0.0020000003,5.8163185e-10,0.0019999999,4.4473973e-13,nan,nan,nan,nan,nan,nan,nan,nan,0
5125704511,5125704230,0.0020000003,9.886103e-10,0.0019999994,9.199273e-13,nan,nan,nan,nan,nan,nan,nan,nan,0
5125709505,5125709223,0.002,2.9011157e-10,0.0019999999,9.267205e-13,nan,nan,nan,nan,nan,nan,nan,nan,0
5125713295,5125712969,0.002000002,2.2688023e-09,0.0019999961,1.2964109e-12,nan,nan,nan,nan,nan,nan,nan,nan,0
5125720772,5125720459,0.0020000003,0.0,0.0020000003,0.0,nan,nan,nan,nan,nan,nan,nan,nan,0
5125724487,5125724205,0.0020000006,0.0,0.0020000006,0.0,nan,nan,nan,nan,nan,nan,nan,nan,0
5125730727,5125730447,0.0020000022,1.9191888e-09,0.0019999966,1.6640508e-12,nan,nan,nan,nan,nan,nan,nan,nan,0
5125734474,5125734197,0.0020000022,1.6862505e-09,0.0019999968,1.7716835e-12,nan,nan,nan,nan,nan,nan,nan,nan,0
5125738208,5125737937,0.0020000003,3.7692657e-10,0.0019999999,1.4232227e-12,nan,nan,nan,nan,nan,nan,nan,nan,0
5125744460,5125744180,0.0019999985,1.4537229e-09,0.0020000008,1.468629e-12,nan,nan,nan,nan,nan,nan,nan,nan,0
5125748197,5125747925,0.0020000024,1.2791671e-09,0.0019999973,1.4013894e-12,nan,nan,nan,nan,nan,nan,nan,nan,0
5125755697,5125755419,0.0020000003,0.0,0.0020000003,0.0,nan,nan,nan,nan,nan,nan,nan,nan,0
5125759448,5125759161,0.0020000003,0.0,0.0020000003,0.0,nan,nan,nan,nan,nan,nan,nan,nan,0
5125765719,5125765403,0.0020000022,3.081885e-09,0.0019999954,3.1211266e-12,nan,nan,nan,nan,nan,nan,nan,nan,0
5125769423,5125769148,0.0019999985,1.306215e-09,0.0020000008,3.4573733e-12,nan,nan,nan,nan,nan,nan,nan,nan,0
5125774423,5125774142,0.0020000006,0.0,0.0020000006,0.0,nan,nan,nan,nan,nan,nan,nan,nan,0
5125779409,5125779136,0.0020000006,0.0,0.0020000006,0.0,nan,nan,nan,nan,nan,nan,nan,nan,0
5125784404,5125784130,0.0020000022,2.6150606e-09,0.0019999957,4.284165e-12,nan,nan,nan,nan,nan,nan,nan,nan,0
5125790641,5125790371,0.0019999985,2.2660471e-09,0.0019999999,4.0516306e-12,nan,nan,nan,nan,nan,nan,nan,nan,0
5125794409,5125794117,0.0019999985,3.1101437e-09,0.001999999,3.9661694e-12,nan,nan,nan,nan,nan,nan,nan,nan,0
5125800632,5125800359,0.0020000003,0.0,0.002,0.0,nan,nan,nan,nan,nan,nan,nan,nan,0
5125804389,5125804105,0.0019999985,2.0918198e-09,0.002,3.6560442e-12,nan,nan,nan,nan,nan,nan,nan,nan,0
5125811878,5125811596,0.0020000006,6.3613637e-10,0.0019999999,4.1478817e-12,nan,nan,nan,nan,nan,nan,nan,nan,0
5125814378,5125814092,0.0020000022,1.4510999e-09,0.001999997,4.0916333e-12,nan,nan,nan,nan,nan,nan,nan,nan,0
5125818143,5125817837,0.0020000003,0.0,0.0020000006,0.0,nan,nan,nan,nan,nan,nan,nan,nan,0
5125825644,5125825328,0.0020000008,0.0,0.0020000008,0.0,nan,nan,nan,nan,nan,nan,nan,nan,0
5125829360,5125829073,0.0020000003,0.0,0.0020000003,0.0,nan,nan,nan,nan,nan,nan,nan,nan,0
5125835600,5125835316,0.0020000006,0.0,0.0020000008,0.0,nan,nan,nan,nan,nan,nan,nan,nan,0
5125839355,5125839065,0.0020000024,1.6545654e-09,0.0019999968,4.3529694e-12,nan,nan,nan,nan,nan,nan,nan,nan,0
5125844339,5125844054,0.0020000003,7.228519e-10,0.0019999996,4.7438824e-12,nan,nan,nan,nan,nan,nan,nan,nan,0
5125849341,5125849048,0.0020000022,2.7308373e-09,0.0019999957,4.9227584e-12,nan,nan,nan,nan,nan,nan,nan,nan,0
5125854326,5125854042,0.0020000003,5.474355e-10,0.0019999999,5.5372738e-12,nan,nan,nan,nan,nan,nan,nan,nan,0
5125860556,5125860284,0.0020000003,5.462896e-10,0.0019999999,6.683135e-12,nan,nan,nan,nan,nan,nan,nan,nan,0
5125864315,5125864030,0.002,8.658265e-10,0.0019999994,7.288396e-12,nan,nan,nan,nan,nan,nan,nan,nan,0
5125870595,5125870277,0.0020000024,1.2729551e-09,0.0019999973,7.61342e-12,nan,nan,nan,nan,nan,nan,nan,nan,0
5125874297,5125874018,0.002000002,2.0878836e-09,0.0019999964,7.592097e-12,nan,nan,nan,nan,nan,nan,nan,nan,0
5125881777,5125881507,0.0020000003,6.9135353e-10,0.0019999996,7.1383732e-12,nan,nan,nan,nan,nan,nan,nan,nan,0
5125884286,5125884004,0.0020000022,1.5355363e-09,0.0019999968,6.966795e-12,nan,nan,nan,nan,nan,nan,nan,nan,0
5125888030,5125887749,0.0020000006,0.0,0.0020000006,0.0,nan,nan,nan,nan,nan,nan,nan,nan,0
5125895529,5125895241,0.0020000003,8.656094e-10,0.0019999994,7.5055205e-12,nan,nan,nan,nan,nan,nan,nan,nan,0
5125899279,5125898985,0.0020000022,1.796642e-09,0.0019999966,7.795507e-12,nan,nan,nan,nan,nan,nan,nan,nan,0
5125904255,5125903979,0.0020000003,0.0,0.0020000003,0.0,nan,nan,nan,nan,nan,nan,nan,nan,0
5125909261,5125908973,0.0020000006,0.0,0.0020000006,0.0,nan,nan,nan,nan,nan,nan,nan,nan,0
5125913001,5125912719,0.002,7.2022605e-10,0.0019999994,7.369716e-12,nan,nan,nan,nan,nan,nan,nan,nan,0
5125920488,5125920209,0.0020000006,0.0,0.0020000006,0.0,nan,nan,nan,nan,nan,nan,nan,nan,0
5125923012,5125922706,0.0020000022,3.0205292e-09,0.0019999954,6.2692507e-12,nan,nan,nan,nan,nan,nan,nan,nan,0
5125930521,5125930199,0.0020000008,0.0,0.0020000008,0.0,nan,nan,nan,nan,nan,nan,nan,nan,0
5125934231,5125933949,0.0019999985,1.7979644e-09,0.0020000003,6.473091e-12,nan,nan,nan,nan,nan,nan,nan,nan,0
5125940460,5125940184,0.002000002,1.3029867e-09,0.001999997,6.685626e-12,nan,nan,nan,nan,nan,nan,nan,nan,0
5125944204,5125943930,0.0019999985,1.6810427e-09,0.0020000006,6.9793928e-12,nan,nan,nan,nan,nan,nan,nan,nan,0
5125951696,5125951420,0.0020000006,1.0987543e-09,0.0019999994,7.191211e-12,nan,nan,nan,nan,nan,nan,nan,nan,0
5125955460,5125955165,0.0020000003,1.2149293e-09,0.0019999992,7.431581e-12,nan,nan,nan,nan,nan,nan,nan,nan,0
5125957941,5125957662,0.0020000024,1.4768294e-09,0.001999997,7.46588e-12,nan,nan,nan,nan,nan,nan,nan,nan,0
5125965428,5125965153,0.0020000003,1.0400348e-09,0.0019999994,7.703019e-12,nan,nan,nan,nan,nan,nan,nan,nan,0
5125969180,5125968898,0.0020000003,0.0,0.0020000003,0.0,nan,nan,nan,nan,nan,nan,nan,nan,0
5125974166,5125973892,0.0020000003,2.2459357e-10,0.0020000003,8.237081e-12,nan,nan,nan,nan,nan,nan,nan,nan,0
5125979158,5125978886,0.002,7.4767675e-10,0.0019999994,9.022812e-12,nan,nan,nan,nan,nan,nan,nan,nan,0
5125984160,5125983879,0.0020000006,4.8695263e-11,0.0020000003,9.512396e-12,nan,nan,nan,nan,nan,nan,nan,nan,0
5125990436,5125990121,0.0020000022,1.4745473e-09,0.001999997,9.748145e-12,nan,nan,nan,nan,nan,nan,nan,nan,0
5125994152,5125993872,0.0020000022,1.4161252e-09,0.001999997,9.962515e-12,nan,nan,nan,nan,nan,nan,nan,nan,0
5126000385,5126000109,0.0020000022,2.7548603e-09,0.0019999957,1.0003663e-11,nan,nan,nan,nan,nan,nan,nan,nan,0
5126004130,5126003855,0.0020000022,1.4741407e-09,0.001999997,1.0154691e-11,nan,nan,nan,nan,nan,nan,nan,nan,0
5126010368,5126010096,0.0019999982,1.3577081e-09,0.0020000008,1.0171978e-11,nan,nan,nan,nan,nan,nan,nan,nan,0
5126014130,5126013842,0.002000002,1.5034138e-09,0.0019999968,9.985348e-12,nan,nan,nan,nan,nan,nan,nan,nan,0
5126021608,5126021332,0.0019999985,1.4747027e-09,0.0020000008,9.592615e-12,nan,nan,nan,nan,nan,nan,nan,nan,0
5126025360,5126025078,0.0020000003,9.508295e-10,0.0019999994,9.596924e-12,nan,nan,nan,nan,nan,nan,nan,nan,0
5126027867,5126027574,0.0020000003,0.0,0.0020000006,0.0,nan,nan,nan,nan,nan,nan,nan,nan,0
5126035366,5126035065,0.0020000022,1.7072738e-09,0.0019999968,9.852234e-12,nan,nan,nan,nan,nan,nan,nan,nan,0
5126039091,5126038811,0.0020000022,2.5802216e-09,0.001999996,1.0019338e-11,nan,nan,nan,nan,nan,nan,nan,nan,0
5126044091,5126043805,0.0020000003,5.718155e-10,0.0019999999,1.0261139e-11,nan,nan,nan,nan,nan,nan,nan,nan,0
5126049074,5126048798,0.0020000006,0.0,0.0020000008,0.0,nan,nan,nan,nan,nan,nan,nan,nan,0
5126054080,5126053792,0.0020000024,1.6772838e-09,0.001999997,1.073845e-11,nan,nan,nan,nan,nan,nan,nan,nan,0
5126060310,5126060034,0.0020000022,1.9394117e-09,0.0019999966,1.0544883e-11,nan,nan,nan,nan,nan,nan,nan,nan,0
5126064055,5126063779,0.002,0.0,0.0020000003,0.0,nan,nan,nan,nan,nan,nan,nan,nan,0
5126070310,5126070025,0.0020000003,0.0,0.0020000006,0.0,nan,nan,nan,nan,nan,nan,nan,nan,0
5126074062,5126073767,0.0020000003,0.0,0.0020000003,0.0,nan,nan,nan,nan,nan,nan,nan,nan,0
5126080310,5126080009,0.002000002,1.5312801e-09,0.0019999968,1.1222948e-11,nan,nan,nan,nan,nan,nan,nan,nan,0
5126084033,5126083754,0.002000002,1.531187e-09,0.0019999968,1.1316021e-11,nan,nan,nan,nan,nan,nan,nan,nan,0
5126091543,5126091245,0.0020000006,1.0367602e-09,0.0019999994,1.097767e-11,nan,nan,nan,nan,nan,nan,nan,nan,0
5126095299,5126094990,0.0020000006,6.585155e-10,0.0019999996,1.087256e-11,nan,nan,nan,nan,nan,nan,nan,nan,0
5126099019,5126098735,0.0019999987,1.7063757e-09,0.0020000006,1.0750255e-11,nan,nan,nan,nan,nan,nan,nan,nan,0
5126105267,5126104980,0.0020000003,9.502451e-10,0.0019999994,1.0181326e-11,nan,nan,nan,nan,nan,nan,nan,nan,0
5126109036,5126108723,0.0019999985,1.998132e-09,0.0020000003,1.0032171e-11,nan,nan,nan,nan,nan,nan,nan,nan,0
5126114002,5126113717,0.0020000022,2.9586458e-09,0.0019999957,9.945043e-12,nan,nan,nan,nan,nan,nan,nan,nan,0
5126118985,5126118710,0.0020000022,1.8528905e-09,0.0019999966,9.754603e-12,nan,nan,nan,nan,nan,nan,nan,nan,0
5126123979,5126123704,0.002000002,3.1043104e-09,0.0019999952,9.799397e-12,nan,nan,nan,nan,nan,nan,nan,nan,0
5126130218,5126129946,0.002000002,1.5615663e-09,0.0019999968,1.0040555e-11,nan,nan,nan,nan,nan,nan,nan,nan,0
5126133987,5126133691,0.0019999985,1.2409436e-09,0.002000001,1.0521169e-11,nan,nan,nan,nan,nan,nan,nan,nan,0
5126140297,5126139934,0.0020000003,1.0071605e-09,0.0019999994,1.1473598e-11,nan,nan,nan,nan,nan,nan,nan,nan,0
5126143965,5126143679,0.0019999966,3.3352572e-09,0.0020000008,1.1683234e-11,nan,nan,nan,nan,nan,nan,nan,nan,0
5126151451,5126151170,0.0019999985,1.4145178e-09,0.0020000008,1.1569887e-11,nan,nan,nan,nan,nan,nan,nan,nan,0
5126153940,5126153667,0.0020000006,0.0,0.0020000006,0.0,nan,nan,nan,nan,nan,nan,nan,nan,0
5126161429,5126161157,0.0020000003,0.0,0.0020000003,0.0,nan,nan,nan,nan,nan,nan,nan,nan,0
5126165191,5126164903,0.0020000022,3.101831e-09,0.0019999954,1.2278829e-11,nan,nan,nan,nan,nan,nan,nan,nan,0
5126168930,5126168648,0.0020000022,1.297459e-09,0.001999997,1.2213305e-11,nan,nan,nan,nan,nan,nan,nan,nan,0
5126175164,5126174890,0.0020000003,8.9010127e-10,0.0019999994,1.21174945e-11,nan,nan,nan,nan,nan,nan,nan,nan,0
5126178905,5126178635,0.0020000022,1.4429208e-09,0.001999997,1.22707365e-11,nan,nan,nan,nan,nan,nan,nan,nan,0
5126183903,5126183629,0.0020000003,0.0,0.0020000003,0.0,nan,nan,nan,nan,nan,nan,nan,nan,0
5126188910,5126188624,0.0020000003,7.729675e-10,0.0019999994,1.283588e-11,nan,nan,nan,nan,nan,nan,nan,nan,0
5126192657,5126192370,0.0019999985,1.2966466e-09,0.0020000008,1.302581e-11,nan,nan,nan,nan,nan,nan,nan,nan,0
5126200140,5126199858,0.0020000022,2.1112818e-09,0.0019999964,1.32978125e-11,nan,nan,nan,nan,nan,nan,nan,nan,0
5126203892,5126203604,0.0020000024,1.2386582e-09,0.0019999975,1.2806525e-11,nan,nan,nan,nan,nan,nan,nan,nan,0
5126210126,5126209846,0.002,3.6554046e-10,0.0019999999,1.2809339e-11,nan,nan,nan,nan,nan,nan,nan,nan,0
5126213864,5126213592,0.0020000024,1.2383563e-09,0.0019999973,1.3108358e-11,nan,nan,nan,nan,nan,nan,nan,nan,0
5126221356,5126221082,0.0020000003,0.0,0.0020000003,0.0,nan,nan,nan,nan,nan,nan,nan,nan,0
5126223854,5126223579,0.0020000003,5.3964894e-10,0.0019999999,1.3323865e-11,nan,nan,nan,nan,nan,nan,nan,nan,0
5126231350,5126231069,0.0019999985,1.587194e-09,0.0020000006,1.35166375e-11,nan,nan,nan,nan,nan,nan,nan,nan,0
5126235098,5126234815,0.002,2.194814e-10,0.0019999999,1.334924e-11,nan,nan,nan,nan,nan,nan,nan,nan,0
5126238836,5126238560,0.0020000003,3.363336e-10,0.0019999999,1.2912378e-11,nan,nan,nan,nan,nan,nan,nan,nan,0
5126245092,5126244804,0.0020000003,0.0,0.0020000003,0.0,nan,nan,nan,nan,nan,nan,nan,nan,0
5126248817,5126248548,0.0020000003,1.6123736e-11,0.0020000003,1.2980094e-11,nan,nan,nan,nan,nan,nan,nan,nan,0
5126253818,5126253542,0.0020000008,0.0,0.0020000008,0.0,nan,nan,nan,nan,nan,nan,nan,nan,0
5126258813,5126258535,0.002,7.7208945e-10,0.0019999994,1.371395e-11,nan,nan,nan,nan,nan,nan,nan,nan,0
5126262548,5126262280,0.0020000003,0.0,0.0020000003,0.0,nan,nan,nan,nan,nan,nan,nan,nan,0
5126270043,5126269771,0.0019999985,1.5875296e-09,0.0020000006,1.31811e-11,nan,nan,nan,nan,nan,nan,nan,nan,0
5126273791,5126273517,0.0020000022,1.8785677e-09,0.0019999966,1.3181322e-11,nan,nan,nan,nan,nan,nan,nan,nan,0
5126280025,5126279759,0.0020000003,1.0643247e-09,0.0019999994,1.25170325e-11,nan,nan,nan,nan,nan,nan,nan,nan,0
5126283777,5126283504,0.0020000006,6.569818e-10,0.0019999999,1.2406276e-11,nan,nan,nan,nan,nan,nan,nan,nan,0
5126291273,5126290996,0.0020000008,0.0,0.0020000008,0.0,nan,nan,nan,nan,nan,nan,nan,nan,0
5126295013,5126294740,0.0020000006,0.0,0.0020000006,0.0,nan,nan,nan,nan,nan,nan,nan,nan,0
5126301265,5126300982,0.0020000006,0.0,0.0020000006,0.0,nan,nan,nan,nan,nan,nan,nan,nan,0
5126305025,5126304730,0.0019999985,1.3546351e-09,0.0020000008,1.3244973e-11,nan,nan,nan,nan,nan,nan,nan,nan,0
5126308748,5126308472,0.0020000003,1.3257127e-10,0.0020000003,1.2947879e-11,nan,nan,nan,nan,nan,nan,nan,nan,0
5126313741,5126313466,0.0020000003,4.2421053e-10,0.0019999999,1.2346924e-11,nan,nan,nan,nan,nan,nan,nan,nan,0
5126318734,5126318460,0.002,7.738564e-10,0.0019999994,1.1946987e-11,nan,nan,nan,nan,nan,nan,nan,nan,0
5126323735,5126323454,0.0019999985,1.3851447e-09,0.0020000008,1.1839203e-11,nan,nan,nan,nan,nan,nan,nan,nan,0
5126329978,5126329696,0.0020000003,9.482821e-10,0.0019999994,1.2144263e-11,nan,nan,nan,nan,nan,nan,nan,nan,0
5126333715,5126333442,0.0020000003,0.0,0.0020000003,0.0,nan,nan,nan,nan,nan,nan,nan,nan,0
5126339952,5126339683,0.0020000006,0.0,0.0020000006,0.0,nan,nan,nan,nan,nan,nan,nan,nan,0
5126343699,5126343429,0.0019999985,1.4733027e-09,0.0020000008,1.0992632e-11,nan,nan,nan,nan,nan,nan,nan,nan,0
5126349947,5126349671,0.0020000003,0.0,0.0020000008,0.0,nan,nan,nan,nan,nan,nan,nan,nan,0
5126353689,5126353416,0.0020000006,0.0,0.0020000006,0.0,nan,nan,nan,nan,nan,nan,nan,nan,0
5126361184,5126360907,0.0020000006,0.0,0.0020000006,0.0,nan,nan,nan,nan,nan,nan,nan,nan,0
5126364974,5126364654,0.0020000008,0.0,0.0020000008,0.0,nan,nan,nan,nan,nan,nan,nan,nan,0
5126371163,5126370894,0.0020000008,0.0,0.0020000006,0.0,nan,nan,nan,nan,nan,nan,nan,nan,0
5126374919,5126374639,0.0020000003,0.0,0.0020000003,0.0,nan,nan,nan,nan,nan,nan,nan,nan,0
5126378660,5126378385,0.0019999987,1.6779732e-09,0.0020000008,1.0048988e-11,nan,nan,nan,nan,nan,nan,nan,nan,0
5126383657,5126383379,0.0020000003,5.430762e-10,0.0019999999,9.89657e-12,nan,nan,nan,nan,nan,nan,nan,nan,0
5126388649,5126388373,0.0020000003,1.3556067e-10,0.0020000003,9.95848e-12,nan,nan,nan,nan,nan,nan,nan,nan,0
5126393642,5126393366,0.0020000022,1.4161187e-09,0.001999997,9.9690655e-12,nan,nan,nan,nan,nan,nan,nan,nan,0
5126399883,5126399608,0.0019999987,1.6489818e-09,0.0020000008,9.936543e-12,nan,nan,nan,nan,nan,nan,nan,nan,0
5126403626,5126403354,0.0020000022,7.7552414e-10,0.0019999978,1.027929e-11,nan,nan,nan,nan,nan,nan,nan,nan,0
5126409865,5126409596,0.0020000022,1.5606485e-09,0.0019999966,1.095838e-11,nan,nan,nan,nan,nan,nan,nan,nan,0
5126413654,5126413341,0.0020000003,0.0,0.0020000003,0.0,nan,nan,nan,nan,nan,nan,nan,nan,0
5126419870,5126419583,0.0020000022,2.0267028e-09,0.0019999966,1.0565344e-11,nan,nan,nan,nan,nan,nan,nan,nan,0
5126423618,5126423330,0.0020000003,7.462958e-10,0.0019999996,1.0403801e-11,nan,nan,nan,nan,nan,nan,nan,nan,0
5126431094,5126430819,0.0020000003,1.0376666e-09,0.0019999994,1.0071322e-11,nan,nan,nan,nan,nan,nan,nan,nan,0
5126434838,5126434565,0.0019999985,1.4159456e-09,0.0020000008,1.0142144e-11,nan,nan,nan,nan,nan,nan,nan,nan,0
5126441077,5126440806,0.0019999985,1.2994076e-09,0.0020000008,1.026481e-11,nan,nan,nan,nan,nan,nan,nan,nan,0
5126444854,5126444553,0.0020000003,0.0,0.0020000003,0.0,nan,nan,nan,nan,nan,nan,nan,nan,0
5126448577,5126448300,0.0020000003,0.0,0.0020000003,0.0,nan,nan,nan,nan,nan,nan,nan,nan,0
5126453566,5126453292,0.0019999985,1.649933e-09,0.0020000008,8.985366e-12,nan,nan,nan,nan,nan,nan,nan,nan,0
5126458560,5126458285,0.0020000006,0.0,0.0020000006,0.0,nan,nan,nan,nan,nan,nan,nan,nan,0
5126463556,5126463279,0.0020000022,1.5618398e-09,0.0019999968,9.767095e-12,nan,nan,nan,nan,nan,nan,nan,nan,0
5126469793,5126469521,0.0020000003,1.9373714e-10,0.0020000003,9.989679e-12,nan,nan,nan,nan,nan,nan,nan,nan,0
5126473553,5126473266,0.002,7.176006e-10,0.0019999994,9.995173e-12,nan,nan,nan,nan,nan,nan,nan,nan,0
5126479780,5126479508,0.002,2.808888e-10,0.0019999999,1.01494785e-11,nan,nan,nan,nan,nan,nan,nan,nan,0
5126483526,5126483254,0.0019999985,1.8521394e-09,0.0020000003,1.050574e-11,nan,nan,nan,nan,nan,nan,nan,nan,0
5126491012,5126490744,0.0020000003,1.2995756e-09,0.001999999,1.0096771e-11,nan,nan,nan,nan,nan,nan,nan,nan,0
5126493522,5126493241,0.0020000003,1.8239269e-09,0.0019999947,9.614417e-12,nan,nan,nan,nan,nan,nan,nan,nan,0
5126501007,5126500731,0.0020000003,3.4044806e-10,0.0019999999,8.797907e-12,nan,nan,nan,nan,nan,nan,nan,nan,0
5126504757,5126504478,0.002,1.3012541e-09,0.001999999,8.418268e-12,nan,nan,nan,nan,nan,nan,nan,nan,0
5126510990,5126510719,0.0019999987,2.4076012e-09,0.0019999999,8.016745e-12,nan,nan,nan,nan,nan,nan,nan,nan,0
5126514760,5126514465,0.0020000003,3.1276065e-10,0.002,7.381483e-12,nan,nan,nan,nan,nan,nan,nan,nan,0
5126518487,5126518212,0.0020000003,0.0,0.0020000003,3.2566658e-12,nan,nan,nan,nan,nan,nan,nan,nan,0
5126523477,5126523204,0.0020000022,2.8467375e-09,0.0019999957,5.4378585e-12,nan,nan,nan,nan,nan,nan,nan,nan,0
5126528478,5126528197,0.0019999985,1.5380309e-09,0.0020000006,4.4720963e-12,nan,nan,nan,nan,nan,nan,nan,nan,0
5126535954,5126535688,0.0020000022,1.3047404e-09,0.001999997,4.9318986e-12,nan,nan,nan,nan,nan,nan,nan,nan,0
5126539711,5126539433,0.0020000024,1.6826227e-09,0.0019999968,5.399455e-12,nan,nan,nan,nan,nan,nan,nan,nan,0
5126543469,5126543188,0.002,1.1585879e-09,0.001999999,5.5653537e-12,nan,nan,nan,nan,nan,nan,nan,nan,0
5126549698,5126549420,0.0020000022,1.6541202e-09,0.0019999968,4.7981202e-12,nan,nan,nan,nan,nan,nan,nan,nan,0
5126553441,5126553169,0.0020000003,0.0,0.0020000003,2.0430792e-12,nan,nan,nan,nan,nan,nan,nan,nan,0
5126560945,5126560656,0.0020000022,2.033356e-09,0.0019999966,3.912261e-12,nan,nan,nan,nan,nan,nan,nan,nan,0
5126563431,5126563153,0.002000002,1.7422813e-09,0.0019999966,3.948496e-12,nan,nan,nan,nan,nan,nan,nan,nan,0
5126570924,5126570644,0.002,0.0,0.0020000003,0.0,nan,nan,nan,nan,nan,nan,nan,nan,0
5126574660,5126574392,0.0020000022,2.7025362e-09,0.0019999957,4.1199613e-12,nan,nan,nan,nan,nan,nan,nan,nan,0
5126580906,5126580631,0.0020000008,0.0,0.0020000006,0.0,nan,nan,nan,nan,nan,nan,nan,nan,0
5126584647,5126584377,0.0019999985,2.8484166e-09,0.0019999994,3.7586826e-12,nan,nan,nan,nan,nan,nan,nan,nan,0
5126588397,5126588122,0.0019999985,1.3934133e-09,0.0020000008,3.5706178e-12,nan,nan,nan,nan,nan,nan,nan,nan,0
5126593400,5126593116,0.0020000006,0.0,0.0020000006,0.0,nan,nan,nan,nan,nan,nan,nan,nan,0
5126598390,5126598110,0.002000002,1.3071504e-09,0.001999997,2.5219306e-12,nan,nan,nan,nan,nan,nan,nan,nan,0
5126603376,5126603103,0.0020000006,0.0,0.0020000003,0.0,nan,nan,nan,nan,nan,nan,nan,nan,0
5126609616,5126609345,0.0020000003,2.3025401e-10,0.0019999999,2.5766403e-12,nan,nan,nan,nan,nan,nan,nan,nan,0
5126613371,5126613091,0.0020000003,4.6316967e-10,0.0019999999,2.4916198e-12,nan,nan,nan,nan,nan,nan,nan,nan,0
5126619607,5126619336,0.0020000022,2.8500493e-09,0.0019999957,2.1260632e-12,nan,nan,nan,nan,nan,nan,nan,nan,0
5126623357,5126623079,0.0020000003,0.0,0.0020000003,0.0,nan,nan,nan,nan,nan,nan,nan,nan,0
5126630843,5126630569,0.0020000003,5.231013e-10,0.0019999999,7.6764463e-13,nan,nan,nan,nan,nan,nan,nan,nan,0
5126633361,5126633066,0.0020000003,0.0,0.002,0.0,nan,nan,nan,nan,nan,nan,nan,nan,0
5126640829,5126640556,0.0020000022,2.3275206e-09,0.0019999961,7.858818e-13,nan,nan,nan,nan,nan,nan,nan,nan,0
5126644590,5126644302,0.0020000003,0.0,0.0020000006,0.0,nan,nan,nan,nan,nan,nan,nan,nan,0
5126650815,5126650544,0.0020000006,0.0,0.0020000006,0.0,nan,nan,nan,nan,nan,nan,nan,nan,0
5126654560,5126654289,0.0020000022,2.7934914e-09,0.0019999957,4.7624925e-13,nan,nan,nan,nan,nan,nan,nan,nan,0
5126658325,5126658034,0.0020000022,1.7753503e-09,0.0019999966,2.9087167e-11,nan,nan,nan,nan,nan,nan,nan,nan,0
5126665803,5126665525,0.002000002,3.1726535e-09,0.0019999952,2.8767863e-11,nan,nan,nan,nan,nan,nan,nan,nan,0
5126668317,5126668025,0.0020000003,1.0772917e-09,0.0019999994,2.8653836e-11,nan,nan,nan,nan,nan,nan,nan,nan,0
5126673302,5126673017,0.002000002,1.5430792e-09,0.0019999968,2.852759e-11,nan,nan,nan,nan,nan,nan,nan,nan,0
5126679531,5126679261,0.002,0.0,0.0020000003,0.0,nan,nan,nan,nan,nan,nan,nan,nan,0
5126687031,5126686749,0.0019999985,2.3581816e-09,0.0019999999,2.8332496e-11,nan,nan,nan,nan,nan,nan,nan,nan,0
5126689531,5126689246,0.0020000006,0.0,0.0020000006,0.0,nan,nan,nan,nan,nan,nan,nan,nan,0
5126693291,5126692991,0.0020000022,1.310305e-09,0.001999997,2.8471274e-11,nan,nan,nan,nan,nan,nan,nan,nan,0
5126700752,5126700481,0.0019999985,1.6595858e-09,0.0020000008,2.843632e-11,nan,nan,nan,nan,nan,nan,nan,nan,0
5126704517,5126704227,0.0020000006,0.0,0.0020000006,0.0,nan,nan,nan,nan,nan,nan,nan,nan,0
5126710750,5126710469,0.0019999985,2.009226e-09,0.0020000003,2.8042242e-11,nan,nan,nan,nan,nan,nan,nan,nan,0
5126714490,5126714215,0.0020000006,0.0,0.002000001,0.0,nan,nan,nan,nan,nan,nan,nan,nan,0
5126723235,5126722954,0.0020000003,6.1302446e-10,0.0019999999,2.725983e-11,nan,nan,nan,nan,nan,nan,nan,nan,0
5126724484,5126724202,0.002,8.457915e-10,0.0019999994,2.7323435e-11,nan,nan,nan,nan,nan,nan,nan,nan,0
5126728222,5126727947,0.002000002,1.544072e-09,0.0019999968,2.7534891e-11,nan,nan,nan,nan,nan,nan,nan,nan,0
5126733211,5126732941,0.0020000006,0.0,0.0020000006,0.0,nan,nan,nan,nan,nan,nan,nan,nan,0
5126739461,5126739183,0.0020000006,0.0,0.0020000008,0.0,nan,nan,nan,nan,nan,nan,nan,nan,0
5126745694,5126745425,0.0019999987,1.6604906e-09,0.0020000006,2.7531498e-11,nan,nan,nan,nan,nan,nan,nan,nan,0
5126749527,5126749173,0.0019999985,1.3108061e-09,0.0020000008,2.7970123e-11,nan,nan,nan,nan,nan,nan,nan,nan,0
5126753193,5126752916,0.0020000006,0.0,0.0020000006,0.0,nan,nan,nan,nan,nan,nan,nan,nan,0
5126759430,5126759158,0.0020000003,1.3102698e-09,0.001999999,2.8506471e-11,nan,nan,nan,nan,nan,nan,nan,nan,0
5126763175,5126762903,0.0020000006,0.0,0.0020000006,0.0,nan,nan,nan,nan,nan,nan,nan,nan,0
5126770665,5126770394,0.0020000008,0.0,0.0020000008,0.0,nan,nan,nan,nan,nan,nan,nan,nan,0
5126774422,5126774139,0.0020000008,0.0,0.0020000008,0.0,nan,nan,nan,nan,nan,nan,nan,nan,0
5126780707,5126780381,0.0019999985,1.6292104e-09,0.0020000006,6.0410184e-13,nan,nan,nan,nan,nan,nan,nan,nan,0
5126784396,5126784127,0.002000002,1.7456478e-09,0.0019999966,5.8192687e-13,nan,nan,nan,nan,nan,nan,nan,nan,0
5126793140,5126792866,0.0020000003,0.0,0.0020000003,0.0,nan,nan,nan,nan,nan,nan,nan,nan,0
5126794391,5126794115,0.0020000003,9.3040675e-10,0.0019999994,9.158282e-13,nan,nan,nan,nan,nan,nan,nan,nan,0
5126798140,5126797860,0.0020000006,0.0,0.0020000006,0.0,nan,nan,nan,nan,nan,nan,nan,nan,0
5126803128,5126802853,0.0020000003,1.1037918e-09,0.0019999994,2.1537251e-12,nan,nan,nan,nan,nan,nan,nan,nan,0
5126809373,5126809095,0.0020000022,1.3941112e-09,0.001999997,2.8727107e-12,nan,nan,nan,nan,nan,nan,nan,nan,0
5126813131,5126812841,0.0020000022,3.1400016e-09,0.0019999952,3.2120123e-12,nan,nan,nan,nan,nan,nan,nan,nan,0
5126819358,5126819083,0.0019999985,2.7907783e-09,0.0019999994,3.1894157e-12,nan,nan,nan,nan,nan,nan,nan,nan,0
5126826845,5126826574,0.0020000024,1.6855708e-09,0.0019999968,2.451395e-12,nan,nan,nan,nan,nan,nan,nan,nan,0
5126829345,5126829070,0.0020000003,7.833553e-10,0.0019999994,2.448118e-12,nan,nan,nan,nan,nan,nan,nan,nan,0
5126833095,5126832820,0.0020000003,3.466098e-10,0.0019999999,2.636176e-12,nan,nan,nan,nan,nan,nan,nan,nan,0
5126840583,5126840307,0.0020000003,5.208566e-10,0.0019999999,3.0123647e-12,nan,nan,nan,nan,nan,nan,nan,nan,0
5126844332,5126844052,0.0020000024,1.510284e-09,0.001999997,3.1151262e-12,nan,nan,nan,nan,nan,nan,nan,nan,0
5126850566,5126850294,0.0020000022,1.4520858e-09,0.001999997,3.1057466e-12,nan,nan,nan,nan,nan,nan,nan,nan,0
5126854335,5126854039,0.0020000003,3.4590464e-10,0.0019999999,3.3413203e-12,nan,nan,nan,nan,nan,nan,nan,nan,0
5126861800,5126861529,0.0020000003,0.0,0.0020000003,0.0,nan,nan,nan,nan,nan,nan,nan,nan,0
5126864320,5126864027,0.0020000003,5.784177e-10,0.0019999999,3.658922e-12,nan,nan,nan,nan,nan,nan,nan,nan,0
5126868049,5126867771,0.0020000006,0.0,0.0020000008,0.0,nan,nan,nan,nan,nan,nan,nan,nan,0
5126875537,5126875262,0.0020000003,1.12801025e-10,0.0020000003,3.614298e-12,nan,nan,nan,nan,nan,nan,nan,nan,0
5126879286,5126879007,0.0020000003,1.1605068e-09,0.001999999,3.646467e-12,nan,nan,nan,nan,nan,nan,nan,nan,0
5126883043,5126882753,0.0020000003,9.2776e-10,0.0019999994,3.5625877e-12,nan,nan,nan,nan,nan,nan,nan,nan,0
5126889281,5126888995,0.0020000003,1.4224584e-10,0.0020000003,3.2733122e-12,nan,nan,nan,nan,nan,nan,nan,nan,0
5126896750,5126896486,0.0020000003,2.2994057e-10,0.0019999999,2.8900719e-12,nan,nan,nan,nan,nan,nan,nan,nan,0
5126900510,5126900232,0.0020000003,4.9181276e-10,0.0019999999,2.9523571e-12,nan,nan,nan,nan,nan,nan,nan,nan,0
5126903054,5126902728,0.0020000006,0.0,0.0020000006,0.0,nan,nan,nan,nan,nan,nan,nan,nan,0
5126910500,5126910219,0.0020000003,2.577435e-10,0.0019999999,4.1909757e-12,nan,nan,nan,nan,nan,nan,nan,nan,0
5126914270,5126913976,0.0020000022,1.3629899e-09,0.001999997,4.8900398e-12,nan,nan,nan,nan,nan,nan,nan,nan,0
5126920479,5126920206,0.0020000003,6.6432576e-10,0.0019999999,5.0623655e-12,nan,nan,nan,nan,nan,nan,nan,nan,0
5126924227,5126923952,0.0019999982,1.5666669e-09,0.0020000006,4.939953e-12,nan,nan,nan,nan,nan,nan,nan,nan,0
5126932981,5126932691,0.0019999985,1.4789963e-09,0.0020000008,5.29915e-12,nan,nan,nan,nan,nan,nan,nan,nan,0
5126935470,5126935187,0.0020000024,1.7116865e-09,0.0019999968,5.4395065e-12,nan,nan,nan,nan,nan,nan,nan,nan,0
5126937958,5126937684,0.0020000003,0.0,0.0020000003,0.0,nan,nan,nan,nan,nan,nan,nan,nan,0
5126945446,5126945175,0.0019999985,1.3330312e-09,0.0020000008,5.7450086e-12,nan,nan,nan,nan,nan,nan,nan,nan,0
5126949192,5126948923,0.0020000006,0.0,0.0020000006,0.0,nan,nan,nan,nan,nan,nan,nan,nan,0
5126954187,5126953914,0.0020000003,0.0,0.0020000003,0.0,nan,nan,nan,nan,nan,nan,nan,nan,0
5126959180,5126958907,0.0020000022,2.4969216e-09,0.0019999961,6.0078314e-12,nan,nan,nan,nan,nan,nan,nan,nan,0
5126966675,5126966398,0.0020000003,4.0222897e-10,0.0019999999,5.2246592e-12,nan,nan,nan,nan,nan,nan,nan,nan,0
5126970448,5126970144,0.0019999985,2.7893694e-09,0.0019999994,4.5982194e-12,nan,nan,nan,nan,nan,nan,nan,nan,0
5126972922,5126972641,0.0020000006,0.0,0.0020000008,0.0,nan,nan,nan,nan,nan,nan,nan,nan,0
5126980403,5126980131,0.0020000008,0.0,0.0020000006,0.0,nan,nan,nan,nan,nan,nan,nan,nan,0
5126984159,5126983876,0.0020000022,1.3930356e-09,0.001999997,3.948248e-12,nan,nan,nan,nan,nan,nan,nan,nan,0
5126990416,5126990119,0.0020000006,0.0,0.002,0.0,nan,nan,nan,nan,nan,nan,nan,nan,0
5126994145,5126993864,0.0019999985,2.4976627e-09,0.0019999999,5.266664e-12,nan,nan,nan,nan,nan,nan,nan,nan,0
5127002875,5127002603,0.0020000008,0.0,0.0020000008,0.0,nan,nan,nan,nan,nan,nan,nan,nan,0
5127005375,5127005099,0.0020000008,0.0,0.0020000008,0.0,nan,nan,nan,nan,nan,nan,nan,nan,0
5127007876,5127007596,0.0020000022,3.1081997e-09,0.0019999954,5.9101734e-12,nan,nan,nan,nan,nan,nan,nan,nan,0
5127015365,5127015087,0.0020000006,0.0,0.0020000006,0.0,nan,nan,nan,nan,nan,nan,nan,nan,0
5127019117,5127018833,0.0020000006,0.0,0.0020000006,0.0,nan,nan,nan,nan,nan,nan,nan,nan,0
5127024099,5127023826,0.0020000022,3.1068008e-09,0.0019999954,7.30911e-12,nan,nan,nan,nan,nan,nan,nan,nan,0
5127029099,5127028820,0.0020000003,0.0,0.0020000006,0.0,nan,nan,nan,nan,nan,nan,nan,nan,0
5127036589,5127036311,0.0020000006,1.1271961e-09,0.0019999994,7.853324e-12,nan,nan,nan,nan,nan,nan,nan,nan,0
5127040350,5127040056,0.0020000003,0.0,0.0020000003,0.0,nan,nan,nan,nan,nan,nan,nan,nan,0
5127044081,5127043801,0.0020000006,0.0,0.0020000006,0.0,nan,nan,nan,nan,nan,nan,nan,nan,0
5127050322,5127050044,0.0020000022,1.855747e-09,0.0019999966,6.8980967e-12,nan,nan,nan,nan,nan,nan,nan,nan,0
5127054080,5127053789,0.0020000006,0.0,0.0020000006,0.0,nan,nan,nan,nan,nan,nan,nan,nan,0
5127062802,5127062528,0.0019999985,1.4184195e-09,0.0020000008,7.668224e-12,nan,nan,nan,nan,nan,nan,nan,nan,0
5127064062,5127063776,0.0020000003,0.0,0.0020000003,0.0,nan,nan,nan,nan,nan,nan,nan,nan,0
5127072797,5127072523,0.0020000022,2.4937243e-09,0.001999996,9.205067e-12,nan,nan,nan,nan,nan,nan,nan,nan,0
5127075291,5127075012,0.0020000022,1.3585532e-09,0.001999997,9.326921e-12,nan,nan,nan,nan,nan,nan,nan,nan,0
5127077799,5127077509,0.0020000003,4.270664e-10,0.0019999999,9.4910555e-12,nan,nan,nan,nan,nan,nan,nan,nan,0
5127085276,5127084999,0.0019999982,1.6201597e-09,0.0020000006,9.654817e-12,nan,nan,nan,nan,nan,nan,nan,nan,0
5127089018,5127088745,0.0020000006,5.433059e-10,0.0019999999,9.666884e-12,nan,nan,nan,nan,nan,nan,nan,nan,0
5127096520,5127096240,0.0020000003,3.1026548e-10,0.0019999999,9.876664e-12,nan,nan,nan,nan,nan,nan,nan,nan,0
5127098998,5127098732,0.0020000003,7.1750794e-10,0.0019999996,1.0087802e-11,nan,nan,nan,nan,nan,nan,nan,nan,0
5127102752,5127102477,0.0020000006,0.0,0.0020000006,0.0,nan,nan,nan,nan,nan,nan,nan,nan,0
5127110241,5127109968,0.0020000024,1.2395334e-09,0.0019999973,1.1931326e-11,nan,nan,nan,nan,nan,nan,nan,nan,0
5127114002,5127113714,0.0020000006,0.0,0.0020000006,0.0,nan,nan,nan,nan,nan,nan,nan,nan,0
5127120226,5127119956,0.0020000003,0.0,0.0020000003,0.0,nan,nan,nan,nan,nan,nan,nan,nan,0
5127123993,5127123701,0.0020000006,0.0,0.0020000006,0.0,nan,nan,nan,nan,nan,nan,nan,nan,0
5127132717,5127132440,0.0020000006,0.0,0.0020000006,0.0,nan,nan,nan,nan,nan,nan,nan,nan,0
5127133968,5127133689,0.0019999987,1.7043873e-09,0.0020000008,1.2738753e-11,nan,nan,nan,nan,nan,nan,nan,nan,0
5127142705,5127142428,0.0020000006,0.0,0.0020000008,0.0,nan,nan,nan,nan,nan,nan,nan,nan,0
5127145201,5127144927,0.0019999985,1.7623119e-09,0.0020000003,1.3021828e-11,nan,nan,nan,nan,nan,nan,nan,nan,0
5127148957,5127148670,0.0020000003,2.867936e-09,0.0019999938,1.3343167e-11,nan,nan,nan,nan,nan,nan,nan,nan,0
5127155182,5127154912,0.0019999985,1.8197103e-09,0.0020000003,1.3831035e-11,nan,nan,nan,nan,nan,nan,nan,nan,0
5127158927,5127158658,0.0019999982,2.6345952e-09,0.0019999994,1.385345e-11,nan,nan,nan,nan,nan,nan,nan,nan,0
5127166426,5127166148,0.0020000003,0.0,0.0020000003,0.0,nan,nan,nan,nan,nan,nan,nan,nan,0
5127168923,5127168644,0.0019999985,1.4126426e-09,0.0020000008,1.3445179e-11,nan,nan,nan,nan,nan,nan,nan,nan,0
5127173919,5127173640,0.0020000003,4.8185944e-10,0.0019999999,1.2905652e-11,nan,nan,nan,nan,nan,nan,nan,nan,0
5127180149,5127179880,0.002,0.0,0.0020000003,0.0,nan,nan,nan,nan,nan,nan,nan,nan,0
5127183906,5127183626,0.0020000022,2.4902982e-09,0.0019999961,1.2631254e-11,nan,nan,nan,nan,nan,nan,nan,nan,0
5127190139,5127189868,0.0020000003,8.314306e-10,0.0019999994,1.25804835e-11,nan,nan,nan,nan,nan,nan,nan,nan,0
5127193894,5127193614,0.0020000006,0.0,0.0020000003,0.0,nan,nan,nan,nan,nan,nan,nan,nan,0
5127201375,5127201104,0.0019999985,2.1703583e-09,0.002,1.2429042e-11,nan,nan,nan,nan,nan,nan,nan,nan,0
5127203873,5127203601,0.0019999982,3.0140326e-09,0.0019999992,1.2765745e-11,nan,nan,nan,nan,nan,nan,nan,nan,0
5127212616,5127212340,0.0020000006,0.0,0.0020000006,0.0,nan,nan,nan,nan,nan,nan,nan,nan,0
5127215110,5127214837,0.0020000006,0.0,0.0020000006,0.0,nan,nan,nan,nan,nan,nan,nan,nan,0
5127218849,5127218582,0.0020000003,3.9510753e-10,0.0019999999,1.23461085e-11,nan,nan,nan,nan,nan,nan,nan,nan,0
5127225097,5127224824,0.0020000006,0.0,0.002,0.0,nan,nan,nan,nan,nan,nan,nan,nan,0
5127228845,5127228570,0.0020000003,0.0,0.0020000008,0.0,nan,nan,nan,nan,nan,nan,nan,nan,0
5127236333,5127236060,0.0020000003,7.744322e-10,0.0019999994,1.137123e-11,nan,nan,nan,nan,nan,nan,nan,nan,0
5127238878,5127238557,0.0020000003,1.803308e-11,0.0020000003,1.107075e-11,nan,nan,nan,nan,nan,nan,nan,nan,0
5127246325,5127246048,0.0020000003,7.616141e-11,0.0020000003,1.1150084e-11,nan,nan,nan,nan,nan,nan,nan,nan,0
5127250068,5127249793,0.0020000003,8.9100166e-10,0.0019999994,1.12170915e-11,nan,nan,nan,nan,nan,nan,nan,nan,0
5127253812,5127253541,0.0020000022,1.3859774e-09,0.001999997,1.1006435e-11,nan,nan,nan,nan,nan,nan,nan,nan,0
5127260062,5127259780,0.0020000003,9.787505e-10,0.0019999994,1.0779745e-11,nan,nan,nan,nan,nan,nan,nan,nan,0
5127263809,5127263526,0.0020000006,0.0,0.0020000003,0.0,nan,nan,nan,nan,nan,nan,nan,nan,0
5127272538,5127272265,0.0020000024,0.0,0.0019999987,0.0,nan,nan,nan,nan,nan,nan,nan,nan,0
5127275037,5127274764,0.0020000003,1.2978602e-09,0.0019999952,1.1812195e-11,nan,nan,nan,nan,nan,nan,nan,nan,0
5127282536,5127282260,0.0020000003,1.3434011e-10,0.0020000003,1.1179044e-11,nan,nan,nan,nan,nan,nan,nan,nan,0
5127285023,5127284749,0.0020000038,3.1030518e-09,0.0019999952,1.1058142e-11,nan,nan,nan,nan,nan,nan,nan,nan,0
5127288764,5127288495,0.0020000024,1.6479328e-09,0.0019999968,1.0985497e-11,nan,nan,nan,nan,nan,nan,nan,nan,0
5127295017,5127294737,0.0020000006,0.0,0.0020000006,0.0,nan,nan,nan,nan,nan,nan,nan,nan,0
5127298750,5127298482,0.0020000003,1.0085831e-09,0.0019999994,1.0050948e-11,nan,nan,nan,nan,nan,nan,nan,nan,0
5127306247,5127305973,0.0020000006,0.0,0.0019999987,0.0,nan,nan,nan,nan,nan,nan,nan,nan,0
5127309997,5127309718,0.0019999985,5.42509e-10,0.001999998,1.0463809e-11,nan,nan,nan,nan,nan,nan,nan,nan,0
5127316241,5127315961,0.0020000003,1.2989174e-09,0.001999999,1.0754932e-11,nan,nan,nan,nan,nan,nan,nan,nan,0
5127319978,5127319705,0.0020000003,3.0924835e-10,0.0019999999,1.0893782e-11,nan,nan,nan,nan,nan,nan,nan,nan,0
5127323729,5127323454,0.0020000006,0.0,0.0020000006,0.0,nan,nan,nan,nan,nan,nan,nan,nan,0
5127329962,5127329693,0.0020000006,0.0,0.0020000006,0.0,nan,nan,nan,nan,nan,nan,nan,nan,0
5127333722,5127333438,0.0020000003,3.680795e-10,0.001999998,1.027029e-11,nan,nan,nan,nan,nan,nan,nan,nan,0
5127341202,5127340929,0.0019999985,1.8812876e-09,0.0020000003,1.0461344e-11,nan,nan,nan,nan,nan,nan,nan,nan,0
5127344956,5127344674,0.0019999985,2.8413565e-09,0.0019999994,1.0818835e-11,nan,nan,nan,nan,nan,nan,nan,nan,0
5127352440,5127352165,0.0020000003,1.1530918e-09,0.0019999994,1.1061358e-11,nan,nan,nan,nan,nan,nan,nan,nan,0
5127354931,5127354662,0.0019999985,1.7061677e-09,0.0019999987,1.0958389e-11,nan,nan,nan,nan,nan,nan,nan,nan,0
5127358677,5127358407,0.0019999982,2.1720572e-09,0.0019999999,1.0730153e-11,nan,nan,nan,nan,nan,nan,nan,nan,0
5127364941,5127364649,0.0020000024,1.2122816e-09,0.0019999992,1.0079264e-11,nan,nan,nan,nan,nan,nan,nan,nan,0
5127368660,5127368395,0.0020000022,7.468006e-10,0.0019999996,9.898955e-12,nan,nan,nan,nan,nan,nan,nan,nan,0
5127376155,5127375885,0.0020000022,0.0,0.0019999985,0.0,nan,nan,nan,nan,nan,nan,nan,nan,0
5127379910,5127379630,0.0020000003,1.3612823e-10,0.0020000003,9.390922e-12,nan,nan,nan,nan,nan,nan,nan,nan,0
5127386144,5127385872,0.0020000022,2.7558118e-09,0.0019999957,9.052131e-12,nan,nan,nan,nan,nan,nan,nan,nan,0
5127389900,5127389618,0.0020000003,1.4170134e-09,0.001999999,9.074333e-12,nan,nan,nan,nan,nan,nan,nan,nan,0
5127393638,5127393364,0.0019999982,2.755672e-09,0.0019999994,9.1919285e-12,nan,nan,nan,nan,nan,nan,nan,nan,0
5127399876,5127399605,0.0020000024,0.0,0.0019999987,0.0,nan,nan,nan,nan,nan,nan,nan,nan,0
5127403625,5127403351,0.0020000022,1.4168372e-09,0.001999997,9.25046e-12,nan,nan,nan,nan,nan,nan,nan,nan,0
5127412372,5127412093,0.0020000024,1.7076797e-09,0.001999997,9.4463725e-12,nan,nan,nan,nan,nan,nan,nan,nan,0
5127414855,5127414586,0.0020000003,0.0,0.0020000006,0.0,nan,nan,nan,nan,nan,nan,nan,nan,0
5127422367,5127422077,0.0020000022,2.4934728e-09,0.0019999943,9.45659e-12,nan,nan,nan,nan,nan,nan,nan,nan,0
5127424843,5127424574,0.0020000024,1.6492206e-09,0.0019999952,9.69772e-12,nan,nan,nan,nan,nan,nan,nan,nan,0
5127428588,5127428320,0.0020000006,1.9981605e-09,0.0019999985,1.00036975e-11,nan,nan,nan,nan,nan,nan,nan,nan,0
5127434829,5127434561,0.002,1.5611683e-09,0.001999995,1.0438527e-11,nan,nan,nan,nan,nan,nan,nan,nan,0
5127438577,5127438307,0.0020000003,0.0,0.0020000003,0.0,nan,nan,nan,nan,nan,nan,nan,nan,0
5127446068,5127445797,0.0020000006,0.0,0.0020000006,0.0,nan,nan,nan,nan,nan,nan,nan,nan,0
5127449839,5127449544,0.0020000006,0.0,0.0019999987,0.0,nan,nan,nan,nan,nan,nan,nan,nan,0
5127456058,5127455785,0.0020000003,5.152765e-10,0.0019999999,8.592436e-12,nan,nan,nan,nan,nan,nan,nan,nan,0
5127459808,5127459531,0.0019999985,0.0,0.0020000006,0.0,nan,nan,nan,nan,nan,nan,nan,nan,0
5127463554,5127463276,0.0020000003,1.7964333e-09,0.0019999985,8.00416e-12,nan,nan,nan,nan,nan,nan,nan,nan,0
5127469797,5127469518,0.0019999985,1.8255796e-09,0.0020000003,7.961716e-12,nan,nan,nan,nan,nan,nan,nan,nan,0
5127473545,5127473268,0.0020000003,4.2853554e-10,0.0019999999,8.021925e-12,nan,nan,nan,nan,nan,nan,nan,nan,0
5127482301,5127482003,0.0019999985,1.7673645e-09,0.0020000003,7.969153e-12,nan,nan,nan,nan,nan,nan,nan,nan,0
5127484769,5127484499,0.0020000022,1.9420296e-09,0.0019999966,7.927046e-12,nan,nan,nan,nan,nan,nan,nan,nan,0
5127492283,5127491990,0.0020000003,0.0,0.0020000008,0.0,nan,nan,nan,nan,nan,nan,nan,nan,0
5127494763,5127494487,0.0020000008,0.0,0.0020000006,0.0,nan,nan,nan,nan,nan,nan,nan,nan,0
5127498521,5127498232,0.0019999985,2.4960347e-09,0.0019999996,6.894721e-12,nan,nan,nan,nan,nan,nan,nan,nan,0
5127506005,5127505722,0.0019999987,0.0,0.0019999987,0.0,nan,nan,nan,nan,nan,nan,nan,nan,0
5127508490,5127508219,0.0020000006,0.0,0.0019999987,0.0,nan,nan,nan,nan,nan,nan,nan,nan,0
5127515982,5127515710,0.0020000006,0.0,0.0020000006,0.0,nan,nan,nan,nan,nan,nan,nan,nan,0
5127519726,5127519456,0.0019999985,9.845444e-10,0.0019999975,4.9858017e-12,nan,nan,nan,nan,nan,nan,nan,nan,0
5127525962,5127525698,0.0020000006,0.0,0.002,0.0,nan,nan,nan,nan,nan,nan,nan,nan,0
5127529734,5127529443,0.0020000022,2.557117e-09,0.001999996,4.020017e-12,nan,nan,nan,nan,nan,nan,nan,nan,0
5127533460,5127533188,0.0020000008,0.0,0.001999999,0.0,nan,nan,nan,nan,nan,nan,nan,nan,0
5127540964,5127540679,0.0020000003,7.2486833e-10,0.0019999994,2.7274363e-12,nan,nan,nan,nan,nan,nan,nan,nan,0
5127543458,5127543177,0.0020000006,0.0,0.0020000006,0.0,nan,nan,nan,nan,nan,nan,nan,nan,0
5127553435,5127553163,0.0019999985,0.0,0.0019999985,0.0,nan,nan,nan,nan,nan,nan,nan,nan,0
5127554685,5127554412,0.002000002,2.5582678e-09,0.0019999938,2.8692621e-12,nan,nan,nan,nan,nan,nan,nan,nan,0
5127562176,5127561902,0.0020000003,2.888976e-10,0.002000002,2.1407095e-12,nan,nan,nan,nan,nan,nan,nan,nan,0
5127564668,5127564399,0.0020000024,0.0,0.0020000006,0.0,nan,nan,nan,nan,nan,nan,nan,nan,0
5127568417,5127568144,0.0020000003,5.693867e-11,0.0020000003,1.2689936e-12,nan,nan,nan,nan,nan,nan,nan,nan,0
5127575916,5127575635,0.002000002,2.6188007e-09,0.0019999957,5.44011e-13,nan,nan,nan,nan,nan,nan,nan,nan,0
5127578398,5127578132,0.0020000006,0.0,0.0020000006,0.0,nan,nan,nan,nan,nan,nan,nan,nan,0
5127585890,5127585622,0.0019999985,8.1377793e-10,0.0019999975,1.1293275e-12,nan,nan,nan,nan,nan,nan,nan,nan,0
5127589643,5127589368,0.0020000022,1.3952629e-09,0.001999997,1.720981e-12,nan,nan,nan,nan,nan,nan,nan,nan,0
5127595885,5127595610,0.0019999964,2.1519757e-09,0.0019999999,1.7078422e-12,nan,nan,nan,nan,nan,nan,nan,nan,0
5127599635,5127599355,0.0019999985,0.0,0.0020000006,0.0,nan,nan,nan,nan,nan,nan,nan,nan,0
5127603373,5127603101,0.0020000003,0.0,0.002,0.0,nan,nan,nan,nan,nan,nan,nan,nan,0
5127612128,5127611840,0.0019999985,0.0,0.0019999985,0.0,nan,nan,nan,nan,nan,nan,nan,nan,0
5127613362,5127613088,0.0019999968,1.7441842e-09,0.0019999987,2.0455911e-12,nan,nan,nan,nan,nan,nan,nan,nan,0
5127622123,5127621827,0.0019999987,0.0,0.0019999987,0.0,nan,nan,nan,nan,nan,nan,nan,nan,0
5127624597,5127624324,0.0020000022,2.79217e-09,0.0019999957,1.7976384e-12,nan,nan,nan,nan,nan,nan,nan,nan,0
5127632100,5127631814,0.002,1.2782799e-09,0.001999999,2.288631e-12,nan,nan,nan,nan,nan,nan,nan,nan,0
5127634583,5127634311,0.0019999987,0.0,0.0019999982,0.0,nan,nan,nan,nan,nan,nan,nan,nan,0
5127638334,5127638057,0.0019999987,0.0,0.0019999987,0.0,nan,nan,nan,nan,nan,nan,nan,nan,0
5127645821,5127645547,0.0020000003,6.0896577e-10,0.0019999999,2.2146625e-12,nan,nan,nan,nan,nan,nan,nan,nan,0
5127648339,5127648044,0.0019999985,0.0,0.0019999987,0.0,nan,nan,nan,nan,nan,nan,nan,nan,0
5127655812,5127655544,0.0020000006,1.1627189e-09,0.0019999992,1.4343336e-12,nan,nan,nan,nan,nan,nan,nan,nan,0
5127659555,5127659280,0.0020000022,2.3266824e-09,0.001999998,1.6239718e-12,nan,nan,nan,nan,nan,nan,nan,nan,0
5127665788,5127665522,0.0020000003,1.9776456e-09,0.0019999985,1.4148162e-12,nan,nan,nan,nan,nan,nan,nan,nan,0
5127669540,5127669268,0.0020000006,1.6864028e-09,0.0020000006,1.6193817e-12,nan,nan,nan,nan,nan,nan,nan,nan,0
5127673310,5127673013,0.0019999985,1.7288378e-10,0.0020000003,1.7392043e-12,nan,nan,nan,nan,nan,nan,nan,nan,0
5127682043,5127681752,0.0020000022,2.602033e-10,0.0019999999,1.7311777e-12,nan,nan,nan,nan,nan,nan,nan,nan,0
5127683291,5127683001,0.0019999987,0.0,0.0019999987,0.0,nan,nan,nan,nan,nan,nan,nan,nan,0
5127690757,5127690491,0.0020000006,0.0,0.0020000006,0.0,nan,nan,nan,nan,nan,nan,nan,nan,0
5127694512,5127694236,0.002,1.5699378e-09,0.0019999968,1.6690226e-12,nan,nan,nan,nan,nan,nan,nan,nan,0
5127703246,5127702975,0.0019999985,0.0,0.0019999966,0.0,nan,nan,nan,nan,nan,nan,nan,nan,0
5127704515,5127704225,0.0020000003,2.325212e-10,0.0019999985,3.0944518e-13,nan,nan,nan,nan,nan,nan,nan,nan,0
5127708243,5127707969,0.0020000006,0.0,0.0020000006,0.0,nan,nan,nan,nan,nan,nan,nan,nan,0
5127715736,5127715460,0.0020000006,1.1059073e-09,0.0019999994,3.8252387e-14,nan,nan,nan,nan,nan,nan,nan,nan,0
5127719491,5127719205,0.0019999985,3.787565e-10,0.001999998,2.8697135e-11,nan,nan,nan,nan,nan,nan,nan,nan,0
5127725725,5127725447,0.0019999985,1.6603583e-09,0.0019999987,2.7663899e-11,nan,nan,nan,nan,nan,nan,nan,nan,0
5127729466,5127729192,0.0019999982,7.28666e-10,0.0019999978,2.8033558e-11,nan,nan,nan,nan,nan,nan,nan,nan,0
5127736976,5127736683,0.002000004,1.5432728e-09,0.0019999968,2.8333991e-11,nan,nan,nan,nan,nan,nan,nan,nan,0
5127739455,5127739180,0.0020000006,0.0,0.0020000006,0.0,nan,nan,nan,nan,nan,nan,nan,nan,0
5127743200,5127742926,0.0020000003,1.7756692e-09,0.0019999966,2.8768325e-11,nan,nan,nan,nan,nan,nan,nan,nan,0
5127751946,5127751664,0.002,1.5133703e-09,0.0019999987,2.889529e-14,nan,nan,nan,nan,nan,nan,nan,nan,0
5127754451,5127754162,0.0019999985,2.473873e-09,0.001999998,2.9056407e-11,nan,nan,nan,nan,nan,nan,nan,nan,0
5127761924,5127761652,0.0020000003,1.3097526e-09,0.0020000008,2.9023582e-11,nan,nan,nan,nan,nan,nan,nan,nan,0
5127764420,5127764149,0.0020000003,3.7852513e-10,0.0019999999,2.8928488e-11,nan,nan,nan,nan,nan,nan,nan,nan,0
5127773169,5127772888,0.0020000022,1.3099019e-09,0.001999997,2.8874323e-11,nan,nan,nan,nan,nan,nan,nan,nan,0
5127774410,5127774136,0.0020000006,0.0,0.0020000006,0.0,nan,nan,nan,nan,nan,nan,nan,nan,0
5127778157,5127777881,0.0020000022,2.4740077e-09,0.0019999943,2.8921712e-11,nan,nan,nan,nan,nan,nan,nan,nan,0
5127785643,5127785372,0.0020000022,1.9787563e-09,0.0019999966,3.042809e-13,nan,nan,nan,nan,nan,nan,nan,nan,0
5127789403,5127789119,0.0020000006,1.1049992e-09,0.0019999994,9.464009e-13,nan,nan,nan,nan,nan,nan,nan,nan,0
5127795631,5127795360,0.0019999987,4.8296016e-09,0.0019999975,1.6343784e-12,nan,nan,nan,nan,nan,nan,nan,nan,0
5127799380,5127799105,0.0019999987,2.9664455e-09,0.0019999994,2.1450671e-12,nan,nan,nan,nan,nan,nan,nan,nan,0
5127806873,5127806595,0.0019999964,2.6746292e-09,0.0019999994,2.923219e-12,nan,nan,nan,nan,nan,nan,nan,nan,0
5127809420,5127809095,0.0020000003,0.0,0.0020000003,1.5724757e-12,nan,nan,nan,nan,nan,nan,nan,nan,0
5127813115,5127812838,0.0019999987,0.0,0.0020000003,0.0,nan,nan,nan,nan,nan,nan,nan,nan,0
5127821860,5127821587,0.0020000003,0.0,0.0019999985,1.5976422e-12,nan,nan,nan,nan,nan,nan,nan,nan,0
5127824348,5127824074,0.0019999982,2.8789846e-10,0.001999998,3.1398373e-12,nan,nan,nan,nan,nan,nan,nan,nan,0
5127830593,5127830317,0.0020000024,6.082508e-10,0.001999998,2.929634e-12,nan,nan,nan,nan,nan,nan,nan,nan,0
5127834336,5127834061,0.0020000022,2.7331746e-09,0.0019999957,2.5854128e-12,nan,nan,nan,nan,nan,nan,nan,nan,0
5127841830,5127841552,0.0019999985,3.1406333e-09,0.001999999,2.5804827e-12,nan,nan,nan,nan,nan,nan,nan,nan,0
5127844323,5127844048,0.0019999966,2.8496756e-09,0.0019999994,2.4998753e-12,nan,nan,nan,nan,nan,nan,nan,nan,0
5127848075,5127847794,0.0020000003,1.4526257e-09,0.0020000008,2.5658885e-12,nan,nan,nan,nan,nan,nan,nan,nan,0
5127855551,5127855285,0.0020000003,0.0,0.0019999985,0.0,nan,nan,nan,nan,nan,nan,nan,nan,0
5127859307,5127859030,0.0019999985,2.8487317e-09,0.0019999994,3.4437713e-12,nan,nan,nan,nan,nan,nan,nan,nan,0
5127865545,5127865272,0.0019999966,2.2667075e-09,0.001999998,3.3912005e-12,nan,nan,nan,nan,nan,nan,nan,nan,0
5127869299,5127869017,0.0020000022,0.0,0.0019999985,0.0,nan,nan,nan,nan,nan,nan,nan,nan,0
5127876780,5127876508,0.0020000003,6.081495e-10,0.0019999999,3.0309644e-12,nan,nan,nan,nan,nan,nan,nan,nan,0
5127879285,5127879005,0.0020000022,2.1507756e-09,0.0019999943,2.907792e-12,nan,nan,nan,nan,nan,nan,nan,nan,0
5127883038,5127882751,0.0020000024,0.0,0.0019999987,0.0,nan,nan,nan,nan,nan,nan,nan,nan,0
5127891770,5127891490,0.0020000003,1.3658095e-09,0.0019999952,2.0705295e-12,nan,nan,nan,nan,nan,nan,nan,nan,0
5127894260,5127893986,0.0019999987,1.2201075e-09,0.0019999994,2.253411e-12,nan,nan,nan,nan,nan,nan,nan,nan,0
5127900519,5127900228,0.0019999985,4.041808e-10,0.0019999999,3.2728265e-12,nan,nan,nan,nan,nan,nan,nan,nan,0
5127904247,5127903973,0.0020000003,2.3245454e-09,0.0019999961,3.7610574e-12,nan,nan,nan,nan,nan,nan,nan,nan,0
5127911739,5127911464,0.0020000006,0.0,0.0020000006,0.0,nan,nan,nan,nan,nan,nan,nan,nan,0
5127915489,5127915210,0.0020000003,0.0,0.0019999985,0.0,nan,nan,nan,nan,nan,nan,nan,nan,0
5127917974,5127917706,0.0020000006,0.0,0.0020000003,0.0,nan,nan,nan,nan,nan,nan,nan,nan,0
5127925469,5127925197,0.0019999987,0.0,0.0019999985,0.0,nan,nan,nan,nan,nan,nan,nan,nan,0
5127929214,5127928943,0.0020000022,2.9345264e-09,0.0019999938,4.960563e-12,nan,nan,nan,nan,nan,nan,nan,nan,0
5127935464,5127935185,0.0020000022,1.2753117e-09,0.0019999952,5.256828e-12,nan,nan,nan,nan,nan,nan,nan,nan,0
5127939199,5127938929,0.002000004,1.5371046e-09,0.0019999968,5.3984386e-12,nan,nan,nan,nan,nan,nan,nan,nan,0
5127946696,5127946421,0.0019999985,1.4204817e-09,0.001999999,5.6059636e-12,nan,nan,nan,nan,nan,nan,nan,nan,0
5127950447,5127950166,0.0019999966,1.8566204e-09,0.0019999985,6.0247484e-12,nan,nan,nan,nan,nan,nan,nan,nan,0
5127952945,5127952662,0.0020000024,2.3804043e-09,0.0019999943,6.109854e-12,nan,nan,nan,nan,nan,nan,nan,nan,0
5127961682,5127961406,0.0020000022,3.4431788e-10,0.0019999961,4.9280944e-12,nan,nan,nan,nan,nan,nan,nan,nan,0
5127964166,5127963898,0.0019999987,0.0,0.001999999,0.0,nan,nan,nan,nan,nan,nan,nan,nan,0
5127971667,5127971396,0.0020000003,1.2179417e-09,0.0019999954,4.4191872e-12,nan,nan,nan,nan,nan,nan,nan,nan,0
5127974160,5127973886,0.0019999985,2.8477414e-09,0.0019999994,4.4339376e-12,nan,nan,nan,nan,nan,nan,nan,nan,0
5127981651,5127981377,0.0019999982,1.5667334e-09,0.0019999987,4.873423e-12,nan,nan,nan,nan,nan,nan,nan,nan,0
5127985418,5127985122,0.0020000022,2.1484372e-09,0.0019999961,5.246215e-12,nan,nan,nan,nan,nan,nan,nan,nan,0
5127987885,5127987618,0.0020000022,1.8280223e-09,0.0019999966,5.5189794e-12,nan,nan,nan,nan,nan,nan,nan,nan,0
5127995382,5127995110,0.0020000003,0.0,0.0020000003,0.0,nan,nan,nan,nan,nan,nan,nan,nan,0
5127999129,5127998854,0.0020000024,0.0,0.0019999987,0.0,nan,nan,nan,nan,nan,nan,nan,nan,0
5128005368,5128005097,0.0020000006,0.0,0.0019999987,0.0,nan,nan,nan,nan,nan,nan,nan,nan,0
5128009117,5128008842,0.0020000006,1.217924e-09,0.0019999957,4.436859e-12,nan,nan,nan,nan,nan,nan,nan,nan,0
5128016607,5128016333,0.0020000003,1.7416311e-09,0.0020000003,4.5988005e-12,nan,nan,nan,nan,nan,nan,nan,nan,0
5128021606,5128021326,0.0020000006,0.0,0.0020000006,0.0,nan,nan,nan,nan,nan,nan,nan,nan,0
5128022850,5128022575,0.0020000003,0.0,0.0020000006,0.0,nan,nan,nan,nan,nan,nan,nan,nan,0
5128031588,5128031314,0.0020000006,0.0,0.0020000003,0.0,nan,nan,nan,nan,nan,nan,nan,nan,0
5128034089,5128033811,0.0020000003,0.0,0.0020000003,1.904042e-12,nan,nan,nan,nan,nan,nan,nan,nan,0
5128040339,5128040053,0.0020000003,2.0046744e-09,0.0019999966,3.4898195e-12,nan,nan,nan,nan,nan,nan,nan,nan,0
5128044075,5128043798,0.0020000022,9.860945e-10,0.0019999975,3.435651e-12,nan,nan,nan,nan,nan,nan,nan,nan,0
5128051567,5128051289,0.0019999985,8.340678e-11,0.0020000003,3.9047116e-12,nan,nan,nan,nan,nan,nan,nan,nan,0
5128055320,5128055034,0.0020000003,1.8003302e-09,0.0019999985,4.1072857e-12,nan,nan,nan,nan,nan,nan,nan,nan,0
5128057805,5128057531,0.0020000022,1.3928072e-09,0.0019999952,4.17668e-12,nan,nan,nan,nan,nan,nan,nan,nan,0
5128065313,5128065025,0.0020000006,2.2842028e-10,0.002,4.4103558e-12,nan,nan,nan,nan,nan,nan,nan,nan,0
5128069046,5128068767,0.0019999985,1.3050273e-09,0.0020000008,4.6450274e-12,nan,nan,nan,nan,nan,nan,nan,nan,0
5128076533,5128076258,0.0020000022,1.9155926e-09,0.0019999966,5.2602714e-12,nan,nan,nan,nan,nan,nan,nan,nan,0
5128079027,5128078754,0.0019999987,2.5556606e-09,0.0019999999,5.476588e-12,nan,nan,nan,nan,nan,nan,nan,nan,0
5128086525,5128086245,0.0020000003,0.0,0.0020000003,0.0,nan,nan,nan,nan,nan,nan,nan,nan,0
5128091515,5128091239,0.0020000003,2.8460323e-09,0.0019999938,6.1430444e-12,nan,nan,nan,nan,nan,nan,nan,nan,0
5128094024,5128093736,0.0020000022,1.419753e-09,0.0019999952,6.3346602e-12,nan,nan,nan,nan,nan,nan,nan,nan,0
5128100259,5128099978,0.0020000043,2.0305808e-09,0.0019999964,6.687352e-12,nan,nan,nan,nan,nan,nan,nan,nan,0
5128103992,5128103723,0.0020000003,3.710166e-10,0.0019999999,7.333188e-12,nan,nan,nan,nan,nan,nan,nan,nan,0
5128111497,5128111214,0.0019999985,1.1269196e-09,0.0019999975,8.12982e-12,nan,nan,nan,nan,nan,nan,nan,nan,0
5128113984,5128113710,0.0020000006,0.0,0.0020000008,0.0,nan,nan,nan,nan,nan,nan,nan,nan,0
5128121475,5128121202,0.0019999987,1.0695895e-09,0.0019999975,7.252164e-12,nan,nan,nan,nan,nan,nan,nan,nan,0
5128125216,5128124947,0.0020000022,0.0,0.001999999,0.0,nan,nan,nan,nan,nan,nan,nan,nan,0
5128128986,5128128692,0.0020000003,9.245463e-10,0.0019999994,6.776312e-12,nan,nan,nan,nan,nan,nan,nan,nan,0
5128135205,5128134934,0.0019999982,2.1183957e-09,0.002,6.1839596e-12,nan,nan,nan,nan,nan,nan,nan,nan,0
5128138963,5128138679,0.0020000006,0.0,0.0020000006,0.0,nan,nan,nan,nan,nan,nan,nan,nan,0
5128146449,5128146170,0.0019999987,0.0,0.0019999987,0.0,nan,nan,nan,nan,nan,nan,nan,nan,0
5128148947,5128148667,0.0020000008,0.0,0.0020000006,0.0,nan,nan,nan,nan,nan,nan,nan,nan,0
5128156431,5128156158,0.0020000006,6.63628e-10,0.0019999999,5.760137e-12,nan,nan,nan,nan,nan,nan,nan,nan,0
5128161429,5128161151,0.0020000003,0.0,0.0019999985,0.0,nan,nan,nan,nan,nan,nan,nan,nan,0
5128163928,5128163648,0.0019999987,9.837694e-10,0.0019999975,5.7608e-12,nan,nan,nan,nan,nan,nan,nan,nan,0
5128171413,5128171139,0.0020000024,0.0,0.0019999987,0.0,nan,nan,nan,nan,nan,nan,nan,nan,0
5128173912,5128173635,0.0020000003,1.1570325e-09,0.0019999992,7.1207675e-12,nan,nan,nan,nan,nan,nan,nan,nan,0
5128181408,5128181126,0.0019999985,0.0,0.0019999987,0.0,nan,nan,nan,nan,nan,nan,nan,nan,0
5128183901,5128183623,0.0020000024,6.615891e-10,0.0019999978,7.798991e-12,nan,nan,nan,nan,nan,nan,nan,nan,0
5128191397,5128191114,0.0019999987,0.0,0.0019999987,0.0,nan,nan,nan,nan,nan,nan,nan,nan,0
5128195127,5128194859,0.002000004,1.3319188e-09,0.001999997,6.857369e-12,nan,nan,nan,nan,nan,nan,nan,nan,0
5128198881,5128198604,0.0020000006,0.0,0.0020000006,0.0,nan,nan,nan,nan,nan,nan,nan,nan,0
5128205183,5128204847,0.0020000006,1.0105639e-09,0.0019999994,8.070216e-12,nan,nan,nan,nan,nan,nan,nan,nan,0
5128208873,5128208592,0.0020000022,0.0,0.0019999985,0.0,nan,nan,nan,nan,nan,nan,nan,nan,0
5128216373,5128216083,0.0020000003,6.627504e-10,0.0019999999,6.6377025e-12,nan,nan,nan,nan,nan,nan,nan,nan,0
5128218845,5128218579,0.0020000003,0.0,0.0019999985,0.0,nan,nan,nan,nan,nan,nan,nan,nan,0
5128226354,5128226070,0.0020000003,1.7398821e-09,0.0019999966,6.347683e-12,nan,nan,nan,nan,nan,nan,nan,nan,0
5128230093,5128229816,0.002000004,1.3031636e-09,0.001999997,6.50883e-12,nan,nan,nan,nan,nan,nan,nan,nan,0
5128233833,5128233560,0.0020000038,1.5067707e-09,0.0019999968,6.628474e-12,nan,nan,nan,nan,nan,nan,nan,nan,0
5128241331,5128241051,0.0020000003,1.9432636e-09,0.0019999966,6.693198e-12,nan,nan,nan,nan,nan,nan,nan,nan,0
5128243816,5128243548,0.0019999987,0.0,0.0019999987,0.0,nan,nan,nan,nan,nan,nan,nan,nan,0
5128251319,5128251039,0.0019999985,0.0,0.0020000003,0.0,nan,nan,nan,nan,nan,nan,nan,nan,0
5128253804,5128253535,0.0019999987,1.2431218e-09,0.0020000013,8.3428525e-12,nan,nan,nan,nan,nan,nan,nan,nan,0
5128261307,5128261026,0.0020000003,4.94641e-11,0.0020000003,8.743561e-12,nan,nan,nan,nan,nan,nan,nan,nan,0
5128265042,5128264771,0.0019999966,2.3484559e-09,0.001999998,8.954478e-12,nan,nan,nan,nan,nan,nan,nan,nan,0
5128268789,5128268517,0.002,1.5335543e-09,0.0020000006,8.948679e-12,nan,nan,nan,nan,nan,nan,nan,nan,0
5128275030,5128274759,0.0019999985,1.3590322e-09,0.0020000008,8.847841e-12,nan,nan,nan,nan,nan,nan,nan,nan,0
5128278775,5128278504,0.0020000008,0.0,0.002000001,0.0,nan,nan,nan,nan,nan,nan,nan,nan,0
5128286274,5128285995,0.0019999985,7.8615586e-11,0.0019999985,8.695902e-12,nan,nan,nan,nan,nan,nan,nan,nan,0
5128291269,5128290989,0.0019999985,1.9996507e-09,0.0020000003,8.5136845e-12,nan,nan,nan,nan,nan,nan,nan,nan,0
5128296270,5128295984,0.0020000022,1.6790275e-09,0.0019999968,8.994694e-12,nan,nan,nan,nan,nan,nan,nan,nan,0
5128301255,5128300976,0.0020000022,3.1629168e-09,0.0019999933,9.400768e-12,nan,nan,nan,nan,nan,nan,nan,nan,0
5128303744,5128303473,0.0020000003,0.0,0.0020000003,0.0,nan,nan,nan,nan,nan,nan,nan,nan,0
5128311237,5128310964,0.0020000024,2.406305e-09,0.0019999943,9.312903e-12,nan,nan,nan,nan,nan,nan,nan,nan,0
5128313731,5128313460,0.0019999985,0.0,0.0019999985,0.0,nan,nan,nan,nan,nan,nan,nan,nan,0
5128321227,5128320951,0.0019999985,1.648491e-09,0.0019999987,1.0427369e-11,nan,nan,nan,nan,nan,nan,nan,nan,0
5128324989,5128324697,0.0020000022,1.3862483e-09,0.0019999952,1.0735565e-11,nan,nan,nan,nan,nan,nan,nan,nan,0
5128331219,5128330939,0.0020000006,0.0,0.0020000006,0.0,nan,nan,nan,nan,nan,nan,nan,nan,0
5128334949,5128334684,0.0020000003,4.8352994e-10,0.0019999999,1.1235155e-11,nan,nan,nan,nan,nan,nan,nan,nan,0
5128338713,5128338429,0.0020000024,1.2109265e-09,0.0019999975,1.1434414e-11,nan,nan,nan,nan,nan,nan,nan,nan,0
5128344944,5128344672,0.0020000024,0.0,0.0020000008,0.0,nan,nan,nan,nan,nan,nan,nan,nan,0
5128348681,5128348416,0.0019999985,1.3565631e-09,0.001999999,1.1316928e-11,nan,nan,nan,nan,nan,nan,nan,nan,0
5128356189,5128355907,0.002000004,4.6752486e-09,0.00199999,1.0468005e-11,nan,nan,nan,nan,nan,nan,nan,nan,0
5128361196,5128360904,0.0020000006,1.6772643e-09,0.001999997,1.0757886e-11,nan,nan,nan,nan,nan,nan,nan,nan,0
5128366180,5128365895,0.0020000003,0.0,0.0019999985,0.0,nan,nan,nan,nan,nan,nan,nan,nan,0
5128372411,5128372140,0.0020000003,9.493942e-10,0.0019999994,1.1032206e-11,nan,nan,nan,nan,nan,nan,nan,nan,0
5128373659,5128373386,0.0020000024,0.0,0.001999999,0.0,nan,nan,nan,nan,nan,nan,nan,nan,0
5128379900,5128379628,0.002000004,2.2876858e-09,0.0019999961,1.1516704e-11,nan,nan,nan,nan,nan,nan,nan,nan,0
5128383649,5128383374,0.0020000024,1.1232321e-09,0.0019999994,1.1817302e-11,nan,nan,nan,nan,nan,nan,nan,nan,0
5128391144,5128390871,0.0020000006,0.0,0.0020000006,0.0,nan,nan,nan,nan,nan,nan,nan,nan,0
5128394880,5128394609,0.0020000022,2.9285654e-09,0.0019999938,1.092142e-11,nan,nan,nan,nan,nan,nan,nan,nan,0
5128401128,5128400852,0.002000004,1.6484976e-09,0.0019999968,1.0420819e-11,nan,nan,nan,nan,nan,nan,nan,nan,0
5128404878,5128404596,0.0020000003,0.0,0.0019999987,0.0,nan,nan,nan,nan,nan,nan,nan,nan,0
5128408610,5128408341,0.0020000003,0.0,0.002,0.0,nan,nan,nan,nan,nan,nan,nan,nan,0
5128414851,5128414584,0.0020000003,4.8360693e-10,0.0019999999,1.11581855e-11,nan,nan,nan,nan,nan,nan,nan,nan,0
5128418601,5128418329,0.0019999985,7.748965e-10,0.0019999975,1.0906921e-11,nan,nan,nan,nan,nan,nan,nan,nan,0
5128426094,5128425819,0.0019999985,1.2998391e-09,0.001999997,9.83324e-12,nan,nan,nan,nan,nan,nan,nan,nan,0
5128431091,5128430813,0.0019999987,5.724778e-10,0.001999998,9.598829e-12,nan,nan,nan,nan,nan,nan,nan,nan,0
5128436084,5128435807,0.0020000003,0.0,0.0020000003,0.0,nan,nan,nan,nan,nan,nan,nan,nan,0
5128441082,5128440801,0.0019999966,2.6963811e-09,0.0019999994,1.0275069e-11,nan,nan,nan,nan,nan,nan,nan,nan,0
5128443568,5128443298,0.0020000003,0.0,0.0020000006,0.0,nan,nan,nan,nan,nan,nan,nan,nan,0
5128451066,5128450789,0.0020000022,1.8623656e-11,0.0019999985,1.0480174e-11,nan,nan,nan,nan,nan,nan,nan,nan,0
5128453554,5128453285,0.0020000006,0.0,0.0020000006,0.0,nan,nan,nan,nan,nan,nan,nan,nan,0
5128461064,5128460779,0.002000002,1.5912673e-09,0.0019999947,9.443321e-12,nan,nan,nan,nan,nan,nan,nan,nan,0
5128464793,5128464521,0.0020000006,0.0,0.0020000006,0.0,nan,nan,nan,nan,nan,nan,nan,nan,0
5128471044,5128470764,0.0019999985,1.0090335e-09,0.0019999975,9.6005825e-12,nan,nan,nan,nan,nan,nan,nan,nan,0
5128474783,5128474509,0.0020000003,0.0,0.0020000003,0.0,nan,nan,nan,nan,nan,nan,nan,nan,0
5128478570,5128478254,0.0019999987,0.0,0.0019999987,0.0,nan,nan,nan,nan,nan,nan,nan,nan,0
5128486019,5128485745,0.0019999987,0.0,0.0019999987,0.0,nan,nan,nan,nan,nan,nan,nan,nan,0
5128488520,5128488242,0.0020000022,0.0,0.0019999985,0.0,nan,nan,nan,nan,nan,nan,nan,nan,0
5128496022,5128495732,0.0020000008,0.0,0.0020000006,0.0,nan,nan,nan,nan,nan,nan,nan,nan,0
5128501011,5128500726,0.0020000003,0.0,0.0019999985,0.0,nan,nan,nan,nan,nan,nan,nan,nan,0
5128506007,5128505720,0.0019999985,1.7097895e-09,0.0019999987,7.336411e-12,nan,nan,nan,nan,nan,nan,nan,nan,0
5128510994,5128510713,0.002,1.2743346e-09,0.001999999,6.23389e-12,nan,nan,nan,nan,nan,nan,nan,nan,0
5128513478,5128513210,0.002000004,1.856897e-09,0.0019999966,5.7482196e-12,nan,nan,nan,nan,nan,nan,nan,nan,0
5128520992,5128520701,0.0020000022,1.5665496e-09,0.0019999968,5.057293e-12,nan,nan,nan,nan,nan,nan,nan,nan,0
5128523486,5128523198,0.0020000022,1.3632958e-09,0.0019999952,4.584272e-12,nan,nan,nan,nan,nan,nan,nan,nan,0
5128530970,5128530688,0.0020000003,5.450082e-11,0.0020000003,3.706842e-12,nan,nan,nan,nan,nan,nan,nan,nan,0
5128534713,5128534434,0.0020000006,0.0,0.0019999987,0.0,nan,nan,nan,nan,nan,nan,nan,nan,0
5128538466,5128538179,0.002000002,1.2204449e-09,0.001999997,1.9159709e-12,nan,nan,nan,nan,nan,nan,nan,nan,0
5128544697,5128544421,0.0019999966,4.714051e-09,0.0019999975,7.698113e-13,nan,nan,nan,nan,nan,nan,nan,nan,0
5128548438,5128548167,0.0019999987,1.2801566e-09,0.0019999992,4.1194825e-13,nan,nan,nan,nan,nan,nan,nan,nan,0
5128555955,5128555657,0.0020000006,0.0,0.0019999992,0.0,nan,nan,nan,nan,nan,nan,nan,nan,0
5128558424,5128558154,0.0020000003,2.9396847e-09,0.0019999975,2.8905975e-11,nan,nan,nan,nan,nan,nan,nan,nan,0
5128565937,5128565645,0.0020000008,0.0,0.0019999992,0.0,nan,nan,nan,nan,nan,nan,nan,nan,0
5128570926,5128570646,0.0019999985,2.9405056e-09,0.0019999994,2.8085138e-11,nan,nan,nan,nan,nan,nan,nan,nan,0
5128575912,5128575632,0.0020000022,8.459106e-10,0.0019999975,2.7204301e-11,nan,nan,nan,nan,nan,nan,nan,nan,0
5128580900,5128580626,0.0020000006,1.6611557e-09,0.0019999968,2.6866558e-11,nan,nan,nan,nan,nan,nan,nan,nan,0
5128583396,5128583122,0.002000002,0.0,0.0019999985,0.0,nan,nan,nan,nan,nan,nan,nan,nan,0
5128590902,5128590613,0.0020000003,0.0,0.0019999985,0.0,nan,nan,nan,nan,nan,nan,nan,nan,0
5128593388,5128593110,0.0020000003,0.0,0.0020000003,0.0,nan,nan,nan,nan,nan,nan,nan,nan,0
5128600883,5128600601,0.0019999987,0.0,0.0019999987,0.0,nan,nan,nan,nan,nan,nan,nan,nan,0
5128604635,5128604346,0.0020000006,0.0,0.0020000006,0.0,nan,nan,nan,nan,nan,nan,nan,nan,0
5128610863,5128610589,0.002000002,1.2539607e-09,0.001999997,2.6607883e-11,nan,nan,nan,nan,nan,nan,nan,nan,0
5128614612,5128614334,0.0020000022,1.195812e-09,0.0019999973,2.6548822e-11,nan,nan,nan,nan,nan,nan,nan,nan,0
5128618386,5128618079,0.0019999985,2.3599573e-09,0.001999998,2.6556861e-11,nan,nan,nan,nan,nan,nan,nan,nan,0
5128625844,5128625570,0.0020000003,3.8189854e-10,0.001999998,2.5555096e-11,nan,nan,nan,nan,nan,nan,nan,nan,0
5128628354,5128628066,0.0020000006,2.0728874e-10,0.0020000003,2.5541905e-11,nan,nan,nan,nan,nan,nan,nan,nan,0
5128635837,5128635557,0.002000004,1.6625462e-09,0.0019999952,2.5475965e-11,nan,nan,nan,nan,nan,nan,nan,nan,0
5128639588,5128639307,0.0020000024,0.0,0.0019999987,0.0,nan,nan,nan,nan,nan,nan,nan,nan,0
5128645823,5128645545,0.0019999985,0.0,0.0019999985,0.0,nan,nan,nan,nan,nan,nan,nan,nan,0
5128650815,5128650539,0.0019999985,3.8201775e-10,0.0019999999,2.5435869e-11,nan,nan,nan,nan,nan,nan,nan,nan,0
5128653311,5128653035,0.002000002,1.5468001e-09,0.0019999968,2.4806733e-11,nan,nan,nan,nan,nan,nan,nan,nan,0
5128660800,5128660526,0.0020000022,1.8970012e-09,0.0019999966,2.3851615e-11,nan,nan,nan,nan,nan,nan,nan,nan,0
5128663301,5128663022,0.0020000003,3.83751e-10,0.0019999999,2.3702627e-11,nan,nan,nan,nan,nan,nan,nan,nan,0
5128670787,5128670513,0.0020000022,0.0,0.0020000003,0.0,nan,nan,nan,nan,nan,nan,nan,nan,0
5128674544,5128674267,0.0020000043,1.6641374e-09,0.0019999968,2.3884776e-11,nan,nan,nan,nan,nan,nan,nan,nan,0
5128682054,5128681749,0.0020000006,1.5088006e-10,0.0020000003,2.3742928e-11,nan,nan,nan,nan,nan,nan,nan,nan,0
5128684530,5128684246,0.0020000022,0.0,0.0019999985,0.0,nan,nan,nan,nan,nan,nan,nan,nan,0
5128688269,5128687991,0.0019999987,0.0,0.0019999985,0.0,nan,nan,nan,nan,nan,nan,nan,nan,0
5128695756,5128695482,0.0020000006,0.0,0.0020000006,0.0,nan,nan,nan,nan,nan,nan,nan,nan,0
5128700752,5128700476,0.0019999987,0.0,0.0019999987,0.0,nan,nan,nan,nan,nan,nan,nan,nan,0
5128705755,5128705470,0.0020000022,2.363839e-09,0.0019999943,2.267514e-11,nan,nan,nan,nan,nan,nan,nan,nan,0
5128709487,5128709215,0.0020000022,1.3157412e-09,0.001999997,2.3035008e-11,nan,nan,nan,nan,nan,nan,nan,nan,0
5128716989,5128716705,0.0020000008,0.0,0.0020000008,0.0,nan,nan,nan,nan,nan,nan,nan,nan,0
5128720728,5128720451,0.0020000022,1.3153927e-09,0.001999997,2.3383549e-11,nan,nan,nan,nan,nan,nan,nan,nan,0
5128723221,5128722948,0.0020000022,1.897484e-09,0.0019999947,2.3368814e-11,nan,nan,nan,nan,nan,nan,nan,nan,0
5128730731,5128730438,0.0019999966,2.2467892e-09,0.001999998,2.3309573e-11,nan,nan,nan,nan,nan,nan,nan,nan,0
5128734470,5128734184,0.0020000003,0.0,0.0019999985,0.0,nan,nan,nan,nan,nan,nan,nan,nan,0
5128740706,5128740425,0.0020000003,1.08338e-09,0.0019999994,2.2565498e-11,nan,nan,nan,nan,nan,nan,nan,nan,0
5128744442,5128744171,0.0020000006,0.0,0.0020000006,0.0,nan,nan,nan,nan,nan,nan,nan,nan,0
5128751997,5128751666,0.0019999987,0.0,0.0020000006,0.0,nan,nan,nan,nan,nan,nan,nan,nan,0
5128754428,5128754158,0.0020000024,1.0837787e-09,0.0019999994,2.2166814e-11,nan,nan,nan,nan,nan,nan,nan,nan,0
5128758172,5128757904,0.0019999985,3.5624902e-11,0.0019999985,2.2582759e-11,nan,nan,nan,nan,nan,nan,nan,nan,0
5128765669,5128765394,0.0020000003,7.338437e-10,0.0020000013,2.2855877e-11,nan,nan,nan,nan,nan,nan,nan,nan,0
5128770687,5128770389,0.0020000006,0.0,0.0020000006,0.0,nan,nan,nan,nan,nan,nan,nan,nan,0
5128775654,5128775382,0.002,1.2569263e-09,0.001999999,2.3642255e-11,nan,nan,nan,nan,nan,nan,nan,nan,0
5128779404,5128779127,0.0020000006,1.66407e-09,0.0020000006,2.3952139e-11,nan,nan,nan,nan,nan,nan,nan,nan,0
5128786896,5128786618,0.0019999985,0.0,0.0019999987,0.0,nan,nan,nan,nan,nan,nan,nan,nan,0
5128790644,5128790363,0.0019999985,5.0001275e-10,0.001999998,2.3856212e-11,nan,nan,nan,nan,nan,nan,nan,nan,0
5128793144,5128792860,0.0020000003,1.3148458e-09,0.0019999952,2.3930382e-11,nan,nan,nan,nan,nan,nan,nan,nan,0
5128800626,5128800350,0.0020000006,0.0,0.0020000006,0.0,nan,nan,nan,nan,nan,nan,nan,nan,0
5128804379,5128804096,0.0020000003,0.0,0.0019999987,0.0,nan,nan,nan,nan,nan,nan,nan,nan,0
5128810614,5128810338,0.0020000022,1.3125342e-09,0.001999997,2.6242057e-11,nan,nan,nan,nan,nan,nan,nan,nan,0
5128814387,5128814084,0.0019999985,1.482788e-10,0.0019999985,2.6344177e-11,nan,nan,nan,nan,nan,nan,nan,nan,0
5128821846,5128821574,0.0020000022,4.970019e-10,0.001999998,2.6867068e-11,nan,nan,nan,nan,nan,nan,nan,nan,0
5128824367,5128824071,0.0019999987,0.0,0.0020000006,0.0,nan,nan,nan,nan,nan,nan,nan,nan,0
5128828090,5128827816,0.0020000003,0.0,0.0020000003,0.0,nan,nan,nan,nan,nan,nan,nan,nan,0
5128835592,5128835307,0.0019999987,1.6622077e-09,0.0020000008,2.5814437e-11,nan,nan,nan,nan,nan,nan,nan,nan,0
5128840577,5128840300,0.0020000003,0.0,0.0020000006,0.0,nan,nan,nan,nan,nan,nan,nan,nan,0
5128845610,5128845296,0.0019999985,1.3119844e-09,0.001999999,2.6791815e-11,nan,nan,nan,nan,nan,nan,nan,nan,0
5128849325,5128849040,0.0019999987,0.0,0.0019999987,0.0,nan,nan,nan,nan,nan,nan,nan,nan,0
5128856800,5128856530,0.0020000006,2.0681663e-09,0.0019999964,2.7309481e-11,nan,nan,nan,nan,nan,nan,nan,nan,0
5128860551,5128860276,0.0019999985,2.359087e-09,0.0019999999,2.7427269e-11,nan,nan,nan,nan,nan,nan,nan,nan,0
5128863048,5128862772,0.0020000003,0.0,0.0020000003,0.0,nan,nan,nan,nan,nan,nan,nan,nan,0
5128870544,5128870263,0.0020000006,0.0,0.0020000006,0.0,nan,nan,nan,nan,nan,nan,nan,nan,0
5128874295,5128874008,0.002000004,1.7757191e-09,0.0019999985,2.8718406e-11,nan,nan,nan,nan,nan,nan,nan,nan,0
5128880530,5128880255,0.0020000006,0.0,0.0020000003,0.0,nan,nan,nan,nan,nan,nan,nan,nan,0
5128884275,5128883996,0.002000004,2.0087951e-09,0.0019999985,2.8473023e-11,nan,nan,nan,nan,nan,nan,nan,nan,0
5128891765,5128891487,0.0020000022,1.3385734e-09,0.0019999952,2.028603e-13,nan,nan,nan,nan,nan,nan,nan,nan,0
5128895535,5128895233,0.0020000003,0.0,0.0020000003,4.0703465e-13,nan,nan,nan,nan,nan,nan,nan,nan,0
5128898060,5128897733,0.0020000003,1.0464869e-09,0.0019999994,1.2509976e-12,nan,nan,nan,nan,nan,nan,nan,nan,0
5128905569,5128905225,0.0020000003,4.637129e-10,0.0019999999,1.9483755e-12,nan,nan,nan,nan,nan,nan,nan,nan,0
5128910491,5128910213,0.001999999,0.0,0.002000001,0.0,nan,nan,nan,nan,nan,nan,nan,nan,0
5128915484,5128915207,0.0020000003,5.8028105e-10,0.001999998,1.7955672e-12,nan,nan,nan,nan,nan,nan,nan,nan,0
5128920539,5128920206,0.0020000006,8.539031e-11,0.0019999985,1.9211768e-12,nan,nan,nan,nan,nan,nan,nan,nan,0
5128926714,5128926443,0.0020000022,1.3370535e-09,0.001999997,1.7227036e-12,nan,nan,nan,nan,nan,nan,nan,nan,0
5128930470,5128930188,0.0020000006,0.0,0.0020000006,0.0,nan,nan,nan,nan,nan,nan,nan,nan,0
5128932969,5128932684,0.0020000006,0.0,0.0020000006,0.0,nan,nan,nan,nan,nan,nan,nan,nan,0
5128940463,5128940183,0.0019999982,3.1699114e-09,0.001999999,2.4059678e-12,nan,nan,nan,nan,nan,nan,nan,nan,0
5128944193,5128943921,0.0020000006,0.0,0.0020000006,0.0,nan,nan,nan,nan,nan,nan,nan,nan,0
5128950497,5128950166,0.0020000003,0.0,0.0020000003,0.0,nan,nan,nan,nan,nan,nan,nan,nan,0
5128954174,5128953908,0.0020000008,0.0,0.0020000008,0.0,nan,nan,nan,nan,nan,nan,nan,nan,0
5128961673,5128961399,0.0020000003,7.534295e-10,0.0019999996,3.2701186e-12,nan,nan,nan,nan,nan,nan,nan,nan,0
5128965509,5128965145,0.0020000003,8.697038e-10,0.0019999994,3.4110874e-12,nan,nan,nan,nan,nan,nan,nan,nan,0
5128967908,5128967641,0.0019999966,2.9069018e-09,0.0019999994,3.4811962e-12,nan,nan,nan,nan,nan,nan,nan,nan,0
5128975412,5128975132,0.0019999966,2.8483174e-09,0.0019999994,3.85798e-12,nan,nan,nan,nan,nan,nan,nan,nan,0
5128979149,5128978877,0.0020000006,1.2473539e-09,0.0019999994,4.1107794e-12,nan,nan,nan,nan,nan,nan,nan,nan,0
5128985400,5128985123,0.0020000024,1.6833023e-09,0.0019999968,4.7199016e-12,nan,nan,nan,nan,nan,nan,nan,nan,0
5128989156,5128988864,0.0020000024,1.9156896e-09,0.0019999966,5.1631945e-12,nan,nan,nan,nan,nan,nan,nan,nan,0
5128996629,5128996355,0.0020000003,1.5665627e-09,0.0020000006,5.044168e-12,nan,nan,nan,nan,nan,nan,nan,nan,0
5129000384,5129000100,0.001999999,0.0,0.001999999,0.0,nan,nan,nan,nan,nan,nan,nan,nan,0
5129002932,5129002597,0.0020000008,0.0,0.0020000008,0.0,nan,nan,nan,nan,nan,nan,nan,nan,0
5129010417,5129010088,0.0020000003,0.0,0.0020000003,0.0,nan,nan,nan,nan,nan,nan,nan,nan,0
5129014108,5129013833,0.0020000003,1.9852758e-10,0.002,5.19923e-12,nan,nan,nan,nan,nan,nan,nan,nan,0
5129020353,5129020075,0.0020000003,2.2775382e-10,0.0019999982,5.0768296e-12,nan,nan,nan,nan,nan,nan,nan,nan,0
5129024100,5129023821,0.0020000006,0.0,0.0019999982,0.0,nan,nan,nan,nan,nan,nan,nan,nan,0
5129031603,5129031311,0.0020000006,1.0714759e-09,0.0019999994,5.3658675e-12,nan,nan,nan,nan,nan,nan,nan,nan,0
5129035340,5129035058,0.0020000003,7.2197126e-10,0.0019999996,5.624492e-12,nan,nan,nan,nan,nan,nan,nan,nan,0
5129037827,5129037553,0.0020000006,0.0,0.0019999987,0.0,nan,nan,nan,nan,nan,nan,nan,nan,0
5129045325,5129045044,0.0020000006,0.0,0.0020000006,0.0,nan,nan,nan,nan,nan,nan,nan,nan,0
5129049071,5129048794,0.0019999985,1.7689136e-09,0.0020000003,6.4201335e-12,nan,nan,nan,nan,nan,nan,nan,nan,0
5129055384,5129055032,0.0020000003,0.0,0.0020000003,0.0,nan,nan,nan,nan,nan,nan,nan,nan,0
5129060305,5129060025,0.0020000003,0.0,0.0019999985,0.0,nan,nan,nan,nan,nan,nan,nan,nan,0
5129066540,5129066268,0.0020000006,0.0,0.0020000006,0.0,nan,nan,nan,nan,nan,nan,nan,nan,0
5129070342,5129070013,0.0019999987,1.6520797e-09,0.0020000008,6.8386876e-12,nan,nan,nan,nan,nan,nan,nan,nan,0
5129072784,5129072510,0.0020000003,0.0,0.0020000006,0.0,nan,nan,nan,nan,nan,nan,nan,nan,0
5129080282,5129080000,0.0020000003,0.0,0.0020000003,0.0,nan,nan,nan,nan,nan,nan,nan,nan,0
5129084014,5129083745,0.0020000006,0.0,0.0020000003,0.0,nan,nan,nan,nan,nan,nan,nan,nan,0
5129091535,5129091236,0.0019999966,2.9035534e-09,0.0019999994,6.8296705e-12,nan,nan,nan,nan,nan,nan,nan,nan,0
5129094013,5129093733,0.0020000003,0.0,0.0019999985,0.0,nan,nan,nan,nan,nan,nan,nan,nan,0
5129101508,5129101224,0.0020000022,1.2729967e-09,0.0019999973,7.571875e-12,nan,nan,nan,nan,nan,nan,nan,nan,0
5129105255,5129104969,0.0020000038,4.881504e-09,0.0019999917,7.939453e-12,nan,nan,nan,nan,nan,nan,nan,nan,0
5129110241,5129109966,0.0020000006,0.0,0.0020000006,0.0,nan,nan,nan,nan,nan,nan,nan,nan,0
5129115294,5129114956,0.002000002,1.5632045e-09,0.0019999968,8.402428e-12,nan,nan,nan,nan,nan,nan,nan,nan,0
5129121472,5129121199,0.0020000006,0.0,0.0020000008,0.0,nan,nan,nan,nan,nan,nan,nan,nan,0
5129126474,5129126192,0.0019999985,1.8825845e-09,0.0019999985,9.164459e-12,nan,nan,nan,nan,nan,nan,nan,nan,0
5129130257,5129129938,0.0020000003,0.0,0.0020000003,0.0,nan,nan,nan,nan,nan,nan,nan,nan,0
5129136448,5129136180,0.0020000003,5.435985e-10,0.0019999999,9.374267e-12,nan,nan,nan,nan,nan,nan,nan,nan,0
5129140211,5129139926,0.0020000006,0.0,0.0020000006,0.0,nan,nan,nan,nan,nan,nan,nan,nan,0
5129143962,5129143670,0.0020000043,2.9879557e-09,0.0019999957,9.738798e-12,nan,nan,nan,nan,nan,nan,nan,nan,0
5129150213,5129149913,0.0019999985,6.0098054e-10,0.0019999999,1.01998965e-11,nan,nan,nan,nan,nan,nan,nan,nan,0
5129153937,5129153658,0.0020000022,3.0164808e-09,0.0019999933,1.0317545e-11,nan,nan,nan,nan,nan,nan,nan,nan,0
5129161438,5129161149,0.0020000022,1.4739922e-09,0.0019999952,1.030317e-11,nan,nan,nan,nan,nan,nan,nan,nan,0
5129163929,5129163645,0.0019999982,2.5799158e-09,0.0019999994,1.0325185e-11,nan,nan,nan,nan,nan,nan,nan,nan,0
5129171409,5129171136,0.0019999982,3.1037237e-09,0.001999999,1.0386027e-11,nan,nan,nan,nan,nan,nan,nan,nan,0
5129175197,5129174881,0.0020000022,1.9396693e-09,0.0019999966,1.0287283e-11,nan,nan,nan,nan,nan,nan,nan,nan,0
5129180146,5129179875,0.0020000003,5.426244e-10,0.0019999999,1.0348401e-11,nan,nan,nan,nan,nan,nan,nan,nan,0
5129185143,5129184869,0.0020000022,4.8473703e-10,0.0019999999,1.0028095e-11,nan,nan,nan,nan,nan,nan,nan,nan,0
5129190180,5129189862,0.0020000022,3.104715e-09,0.0019999954,9.3949275e-12,nan,nan,nan,nan,nan,nan,nan,nan,0
5129196372,5129196105,0.0020000003,2.529757e-10,0.002,8.958783e-12,nan,nan,nan,nan,nan,nan,nan,nan,0
5129200127,5129199850,0.0020000006,0.0,0.0020000006,0.0,nan,nan,nan,nan,nan,nan,nan,nan,0
5129206378,5129206092,0.0020000022,1.4168704e-09,0.001999997,9.2173335e-12,nan,nan,nan,nan,nan,nan,nan,nan,0
5129210122,5129209837,0.0020000003,2.2315751e-09,0.0019999943,9.419767e-12,nan,nan,nan,nan,nan,nan,nan,nan,0
5129213859,5129213583,0.0020000003,8.344686e-10,0.0019999994,9.542499e-12,nan,nan,nan,nan,nan,nan,nan,nan,0
5129220135,5129219825,0.0020000003,1.0090382e-09,0.0019999994,9.595909e-12,nan,nan,nan,nan,nan,nan,nan,nan,0
5129223852,5129223571,0.0019999987,1.7074538e-09,0.0020000008,9.67215e-12,nan,nan,nan,nan,nan,nan,nan,nan,0
5129231342,5129231061,0.0019999982,2.231476e-09,0.0019999999,9.519097e-12,nan,nan,nan,nan,nan,nan,nan,nan,0
5129233828,5129233558,0.0020000006,0.0,0.0020000006,0.0,nan,nan,nan,nan,nan,nan,nan,nan,0
5129241352,5129241048,0.0020000043,1.6200802e-09,0.001999995,9.734276e-12,nan,nan,nan,nan,nan,nan,nan,nan,0
5129245074,5129244794,0.0019999985,2.1730082e-09,0.0019999999,9.779032e-12,nan,nan,nan,nan,nan,nan,nan,nan,0
5129250102,5129249788,0.0020000003,0.0,0.0020000003,0.0,nan,nan,nan,nan,nan,nan,nan,nan,0
5129255056,5129254781,0.0020000024,1.9992044e-09,0.0019999966,8.959909e-12,nan,nan,nan,nan,nan,nan,nan,nan,0
5129258802,5129258526,0.0020000022,1.7667589e-09,0.0019999966,8.574847e-12,nan,nan,nan,nan,nan,nan,nan,nan,0
5129266308,5129266017,0.0019999985,1.4755028e-09,0.0020000008,8.792491e-12,nan,nan,nan,nan,nan,nan,nan,nan,0
5129270039,5129269762,0.0019999985,1.999364e-09,0.0020000003,8.80028e-12,nan,nan,nan,nan,nan,nan,nan,nan,0
5129276282,5129276005,0.0020000024,1.6798674e-09,0.0019999968,8.154779e-12,nan,nan,nan,nan,nan,nan,nan,nan,0
5129280058,5129279750,0.0019999985,2.3205662e-09,0.0019999999,7.74018e-12,nan,nan,nan,nan,nan,nan,nan,nan,0
5129283774,5129283496,0.0020000003,0.0,0.0020000003,0.0,nan,nan,nan,nan,nan,nan,nan,nan,0
5129290012,5129289738,0.0020000022,2.8147158e-09,0.0019999957,8.355788e-12,nan,nan,nan,nan,nan,nan,nan,nan,0
5129293755,5129293483,0.0020000022,2.7270446e-09,0.0019999957,8.715443e-12,nan,nan,nan,nan,nan,nan,nan,nan,0
5129301242,5129300973,0.0020000003,0.0,0.0020000008,0.0,nan,nan,nan,nan,nan,nan,nan,nan,0
5129305013,5129304718,0.0020000006,0.0,0.0020000003,0.0,nan,nan,nan,nan,nan,nan,nan,nan,0
5129311235,5129310961,0.0020000003,1.2708838e-09,0.001999999,9.684746e-12,nan,nan,nan,nan,nan,nan,nan,nan,0
5129314984,5129314707,0.0019999982,1.5329058e-09,0.0020000006,9.5972084e-12,nan,nan,nan,nan,nan,nan,nan,nan,0
5129318723,5129318451,0.0019999985,1.9405026e-09,0.0020000003,9.454e-12,nan,nan,nan,nan,nan,nan,nan,nan,0
5129325008,5129324695,0.0020000006,0.0,0.0020000006,0.0,nan,nan,nan,nan,nan,nan,nan,nan,0
5129329970,5129329688,0.0020000006,0.0,0.0020000006,0.0,nan,nan,nan,nan,nan,nan,nan,nan,0
5129336203,5129335930,0.0020000003,0.0,0.0019999966,0.0,nan,nan,nan,nan,nan,nan,nan,nan,0
5129339985,5129339675,0.0020000003,1.9339326e-10,0.0019999964,1.03335535e-11,nan,nan,nan,nan,nan,nan,nan,nan,0
5129346186,5129345917,0.0019999987,0.0,0.0019999987,0.0,nan,nan,nan,nan,nan,nan,nan,nan,0
5129349949,5129349663,0.0020000003,0.0,0.0020000003,0.0,nan,nan,nan,nan,nan,nan,nan,nan,0
5129353683,5129353408,0.0019999985,2.6964746e-09,0.0019999994,1.018168e-11,nan,nan,nan,nan,nan,nan,nan,nan,0
5129359935,5129359650,0.0020000022,2.2313427e-09,0.0019999961,9.652194e-12,nan,nan,nan,nan,nan,nan,nan,nan,0
5129363687,5129363395,0.0020000003,0.0,0.0020000003,0.0,nan,nan,nan,nan,nan,nan,nan,nan,0
5129371172,5129370886,0.0020000003,0.0,0.0019999966,0.0,nan,nan,nan,nan,nan,nan,nan,nan,0
5129374914,5129374631,0.0020000003,0.0,0.0019999968,0.0,nan,nan,nan,nan,nan,nan,nan,nan,0
5129381146,5129380873,0.0020000003,1.2991327e-09,0.001999997,1.0539715e-11,nan,nan,nan,nan,nan,nan,nan,nan,0
5129384936,5129384619,0.0019999985,1.4154683e-09,0.0020000008,1.0619344e-11,nan,nan,nan,nan,nan,nan,nan,nan,0
5129389941,5129389612,0.0020000006,0.0,0.0020000008,0.0,nan,nan,nan,nan,nan,nan,nan,nan,0
5129394885,5129394606,0.0020000006,0.0,0.0020000008,0.0,nan,nan,nan,nan,nan,nan,nan,nan,0
5129398627,5129398351,0.0020000003,9.507952e-10,0.0019999994,9.631232e-12,nan,nan,nan,nan,nan,nan,nan,nan,0
5129406116,5129405842,0.0020000003,1.0085255e-09,0.0019999957,1.010857e-11,nan,nan,nan,nan,nan,nan,nan,nan,0
5129409869,5129409596,0.0020000003,1.877107e-11,0.0019999966,1.0332761e-11,nan,nan,nan,nan,nan,nan,nan,nan,0
5129416110,5129415829,0.0020000006,0.0,0.002,0.0,nan,nan,nan,nan,nan,nan,nan,nan,0
5129419847,5129419575,0.0020000003,2.2890008e-09,0.0019999961,1.020186e-11,nan,nan,nan,nan,nan,nan,nan,nan,0
5129423605,5129423320,0.002,1.241536e-09,0.001999999,9.9286725e-12,nan,nan,nan,nan,nan,nan,nan,nan,0
5129429860,5129429562,0.0019999987,1.6496206e-09,0.0020000008,9.29774e-12,nan,nan,nan,nan,nan,nan,nan,nan,0
5129433583,5129433309,0.002000004,1.7665551e-09,0.0019999966,8.778566e-12,nan,nan,nan,nan,nan,nan,nan,nan,0
5129441071,5129440798,0.0020000008,0.0,0.0019999987,0.0,nan,nan,nan,nan,nan,nan,nan,nan,0
5129444842,5129444544,0.0019999985,9.2347774e-10,0.0019999975,7.844843e-12,nan,nan,nan,nan,nan,nan,nan,nan,0
5129451064,5129450786,0.0020000006,0.0,0.0020000006,0.0,nan,nan,nan,nan,nan,nan,nan,nan,0
5129454807,5129454531,0.0020000022,2.7293439e-09,0.0019999957,6.4162634e-12,nan,nan,nan,nan,nan,nan,nan,nan,0
5129458549,5129458277,0.002000002,1.7983942e-09,0.0019999966,6.043239e-12,nan,nan,nan,nan,nan,nan,nan,nan,0
5129464794,5129464519,0.0020000003,1.1577537e-09,0.001999999,6.399499e-12,nan,nan,nan,nan,nan,nan,nan,nan,0
5129469786,5129469512,0.0020000003,0.0,0.0020000003,0.0,nan,nan,nan,nan,nan,nan,nan,nan,0
5129476034,5129475754,0.0020000003,0.0,0.002,0.0,nan,nan,nan,nan,nan,nan,nan,nan,0
5129479776,5129479500,0.0019999985,1.7101556e-09,0.0020000006,6.9704104e-12,nan,nan,nan,nan,nan,nan,nan,nan,0
5129486015,5129485742,0.0020000006,0.0,0.0020000006,0.0,nan,nan,nan,nan,nan,nan,nan,nan,0
5129489775,5129489487,0.0019999982,1.5645093e-09,0.0020000006,7.0975413e-12,nan,nan,nan,nan,nan,nan,nan,nan,0
5129493509,5129493233,0.0019999985,0.0,0.0019999985,0.0,nan,nan,nan,nan,nan,nan,nan,nan,0
5129501009,5129500723,0.002000004,1.2454563e-09,0.0019999954,6.008364e-12,nan,nan,nan,nan,nan,nan,nan,nan,0
5129503498,5129503220,0.0019999987,0.0,0.0019999987,0.0,nan,nan,nan,nan,nan,nan,nan,nan,0
5129510983,5129510710,0.0019999985,1.3341944e-09,0.0020000008,4.5817985e-12,nan,nan,nan,nan,nan,nan,nan,nan,0
5129514736,5129514456,0.0019999985,2.3822657e-09,0.0019999999,4.2482823e-12,nan,nan,nan,nan,nan,nan,nan,nan,0
5129519739,5129519450,0.002000002,2.1203215e-09,0.0019999964,4.2581893e-12,nan,nan,nan,nan,nan,nan,nan,nan,0
5129524734,5129524443,0.0019999987,1.2183814e-09,0.002000001,3.9794487e-12,nan,nan,nan,nan,nan,nan,nan,nan,0
5129529717,5129529444,0.0019999985,1.3937829e-09,0.001999999,3.2010367e-12,nan,nan,nan,nan,nan,nan,nan,nan,0
5129535963,5129535679,0.0020000022,2.9660947e-09,0.001999992,2.4960294e-12,nan,nan,nan,nan,nan,nan,nan,nan,0
5129539705,5129539424,0.0019999982,2.1509459e-09,0.0019999999,2.7376712e-12,nan,nan,nan,nan,nan,nan,nan,nan,0
5129545947,5129545667,0.0019999985,2.4418307e-09,0.0019999999,2.890941e-12,nan,nan,nan,nan,nan,nan,nan,nan,0
5129549709,5129549413,0.002,2.8831362e-10,0.0019999999,2.724685e-12,nan,nan,nan,nan,nan,nan,nan,nan,0
5129553439,5129553158,0.0020000008,0.0,0.0020000008,0.0,nan,nan,nan,nan,nan,nan,nan,nan,0
5129559672,5129559400,0.0020000006,0.0,0.002,0.0,nan,nan,nan,nan,nan,nan,nan,nan,0
5129563430,5129563145,0.002000004,1.3965504e-09,0.0019999952,4.334727e-13,nan,nan,nan,nan,nan,nan,nan,nan,0
5129570923,5129570636,0.0020000006,0.0,0.0019999966,0.0,nan,nan,nan,nan,nan,nan,nan,nan,0
5129573422,5129573132,0.0020000022,0.0,0.0020000003,0.0,nan,nan,nan,nan,nan,nan,nan,nan,0
5129580899,5129580623,0.0020000003,0.0,0.0020000003,0.0,nan,nan,nan,nan,nan,nan,nan,nan,0
5129584637,5129584368,0.0020000003,4.97184e-10,0.0019999999,2.6684915e-11,nan,nan,nan,nan,nan,nan,nan,nan,0
5129589636,5129589362,0.0020000003,1.1953629e-09,0.001999999,2.6997952e-11,nan,nan,nan,nan,nan,nan,nan,nan,0
5129594665,5129594362,0.0019999982,3.1743537e-09,0.0020000008,2.7067723e-11,nan,nan,nan,nan,nan,nan,nan,nan,0
5129598375,5129598101,0.0020000006,0.0,0.0019999987,0.0,nan,nan,nan,nan,nan,nan,nan,nan,0
5129605874,5129605592,0.0020000006,0.0,0.0020000003,0.0,nan,nan,nan,nan,nan,nan,nan,nan,0
5129609625,5129609337,0.0020000003,0.0,0.0020000006,0.0,nan,nan,nan,nan,nan,nan,nan,nan,0
5129615848,5129615579,0.0020000022,1.3118676e-09,0.001999997,2.6908607e-11,nan,nan,nan,nan,nan,nan,nan,nan,0
5129619606,5129619325,0.0019999987,1.1953847e-09,0.002000001,2.6976234e-11,nan,nan,nan,nan,nan,nan,nan,nan,0
5129623353,5129623070,0.0020000003,1.4797642e-10,0.0020000003,2.664656e-11,nan,nan,nan,nan,nan,nan,nan,nan,0
5129629590,5129629312,0.0020000003,9.049259e-10,0.0019999994,2.6396677e-11,nan,nan,nan,nan,nan,nan,nan,nan,0
5129633342,5129633057,0.0020000003,9.0522125e-11,0.0020000003,2.5893197e-11,nan,nan,nan,nan,nan,nan,nan,nan,0
5129640844,5129640548,0.0020000003,0.0,0.0020000003,0.0,nan,nan,nan,nan,nan,nan,nan,nan,0
5129643329,5129643045,0.0020000022,1.3132571e-09,0.001999997,2.5519174e-11,nan,nan,nan,nan,nan,nan,nan,nan,0
5129650813,5129650535,0.0020000003,0.0,0.0020000006,0.0,nan,nan,nan,nan,nan,nan,nan,nan,0
5129654575,5129654281,0.0019999987,1.4886484e-09,0.0020000008,2.4750733e-11,nan,nan,nan,nan,nan,nan,nan,nan,0
5129659553,5129659282,0.0020000006,0.0,0.002000001,0.0,nan,nan,nan,nan,nan,nan,nan,nan,0
5129664553,5129664268,0.0020000006,0.0,0.0020000006,0.0,nan,nan,nan,nan,nan,nan,nan,nan,0
5129668289,5129668013,0.0020000003,6.7384853e-10,0.0019999996,2.4643416e-11,nan,nan,nan,nan,nan,nan,nan,nan,0
5129675777,5129675505,0.0020000022,1.4308065e-09,0.001999997,2.4385011e-11,nan,nan,nan,nan,nan,nan,nan,nan,0
5129679527,5129679250,0.0020000022,2.4782112e-09,0.0019999961,2.4718241e-11,nan,nan,nan,nan,nan,nan,nan,nan,0
5129685765,5129685491,0.0019999982,1.3141922e-09,0.0020000008,2.4584002e-11,nan,nan,nan,nan,nan,nan,nan,nan,0
5129689535,5129689237,0.002,1.198304e-09,0.0019999992,2.4056878e-11,nan,nan,nan,nan,nan,nan,nan,nan,0
5129693262,5129692982,0.0020000003,0.0,0.0020000003,0.0,nan,nan,nan,nan,nan,nan,nan,nan,0
5129699520,5129699225,0.002000002,2.7121705e-09,0.0019999957,2.358963e-11,nan,nan,nan,nan,nan,nan,nan,nan,0
5129703243,5129702970,0.0019999985,1.6646392e-09,0.0020000008,2.3382931e-11,nan,nan,nan,nan,nan,nan,nan,nan,0
5129710742,5129710460,0.0020000006,0.0,0.0020000006,0.0,nan,nan,nan,nan,nan,nan,nan,nan,0
5129714524,5129714206,0.0020000022,1.489418e-09,0.0019999968,2.3981098e-11,nan,nan,nan,nan,nan,nan,nan,nan,0
5129720724,5129720452,0.002000002,2.2458018e-09,0.0019999961,2.4297037e-11,nan,nan,nan,nan,nan,nan,nan,nan,0
5129724468,5129724193,0.0020000003,0.0,0.0020000003,0.0,nan,nan,nan,nan,nan,nan,nan,nan,0
5129729476,5129729188,0.0020000003,0.0,0.0020000003,0.0,nan,nan,nan,nan,nan,nan,nan,nan,0
5129734465,5129734181,0.0020000003,0.0,0.0020000003,0.0,nan,nan,nan,nan,nan,nan,nan,nan,0
5129739456,5129739175,0.0020000008,0.0,0.002000001,0.0,nan,nan,nan,nan,nan,nan,nan,nan,0
5129745694,5129745416,0.0020000003,7.3297135e-10,0.0019999994,2.3728249e-11,nan,nan,nan,nan,nan,nan,nan,nan,0
5129749449,5129749162,0.0019999985,1.3148878e-09,0.0020000008,2.3888464e-11,nan,nan,nan,nan,nan,nan,nan,nan,0
5129755674,5129755404,0.0020000006,0.0,0.0020000006,0.0,nan,nan,nan,nan,nan,nan,nan,nan,0
5129759431,5129759149,0.0020000006,0.0,0.0020000006,0.0,nan,nan,nan,nan,nan,nan,nan,nan,0
5129766926,5129766640,0.0020000003,3.3861833e-11,0.0020000003,2.4345827e-11,nan,nan,nan,nan,nan,nan,nan,nan,0
5129769413,5129769137,0.0020000006,0.0,0.0020000006,0.0,nan,nan,nan,nan,nan,nan,nan,nan,0
5129773152,5129772882,0.0020000006,0.0,0.0020000006,0.0,nan,nan,nan,nan,nan,nan,nan,nan,0
5129780648,5129780373,0.0020000022,1.4311977e-09,0.001999997,2.3993849e-11,nan,nan,nan,nan,nan,nan,nan,nan,0
5129784410,5129784118,0.0020000006,0.0,0.0020000006,0.0,nan,nan,nan,nan,nan,nan,nan,nan,0
5129790642,5129790360,0.0019999985,1.4308446e-09,0.0020000008,2.434701e-11,nan,nan,nan,nan,nan,nan,nan,nan,0
5129794383,5129794106,0.0020000006,0.0,0.0020000006,0.0,nan,nan,nan,nan,nan,nan,nan,nan,0
5129798140,5129797851,0.002,1.314191e-09,0.001999999,2.4585237e-11,nan,nan,nan,nan,nan,nan,nan,nan,0
5129804373,5129804093,0.0020000003,1.3142983e-09,0.001999999,2.4477833e-11,nan,nan,nan,nan,nan,nan,nan,nan,0
5129809365,5129809087,0.0020000006,0.0,0.0020000006,0.0,nan,nan,nan,nan,nan,nan,nan,nan,0
5129815600,5129815329,0.0020000008,0.0,0.0020000008,0.0,nan,nan,nan,nan,nan,nan,nan,nan,0
5129819414,5129819075,0.0020000022,1.1975267e-09,0.0019999975,2.4834145e-11,nan,nan,nan,nan,nan,nan,nan,nan,0
5129825591,5129825317,0.0020000022,1.3134264e-09,0.001999997,2.5349785e-11,nan,nan,nan,nan,nan,nan,nan,nan,0
5129829342,5129829062,0.0020000003,7.3129897e-10,0.0019999996,2.540063e-11,nan,nan,nan,nan,nan,nan,nan,nan,0
5129836826,5129836552,0.0019999987,1.6628281e-09,0.0020000008,2.51941e-11,nan,nan,nan,nan,nan,nan,nan,nan,0
5129839343,5129839049,0.0019999985,1.4299628e-09,0.0020000008,2.5228711e-11,nan,nan,nan,nan,nan,nan,nan,nan,0
5129843122,5129842794,0.0019999985,0.0,0.0019999985,0.0,nan,nan,nan,nan,nan,nan,nan,nan,0
5129850564,5129850288,0.0020000022,1.8369675e-09,0.0019999966,2.5677644e-11,nan,nan,nan,nan,nan,nan,nan,nan,0
5129854316,5129854030,0.0020000003,0.0,0.0020000003,0.0,nan,nan,nan,nan,nan,nan,nan,nan,0
5129859300,5129859024,0.0019999985,1.6616585e-09,0.0020000008,2.6363741e-11,nan,nan,nan,nan,nan,nan,nan,nan,0
5129864302,5129864026,0.0020000006,0.0,0.0020000006,0.0,nan,nan,nan,nan,nan,nan,nan,nan,0
5129869291,5129869012,0.0020000006,0.0,0.0020000006,0.0,nan,nan,nan,nan,nan,nan,nan,nan,0
5129875534,5129875255,0.0020000022,0.0,0.0019999985,0.0,nan,nan,nan,nan,nan,nan,nan,nan,0
5129879283,5129879000,0.0020000003,1.2221751e-09,0.0019999992,1.8574552e-13,nan,nan,nan,nan,nan,nan,nan,nan,0
5129885520,5129885242,0.0020000003,0.0,0.0020000003,0.0,nan,nan,nan,nan,nan,nan,nan,nan,0
5129889274,5129888987,0.0020000003,2.6217173e-10,0.002,2.886658e-11,nan,nan,nan,nan,nan,nan,nan,nan,0
5129895514,5129895229,0.002000002,1.543098e-09,0.0019999968,2.8508848e-11,nan,nan,nan,nan,nan,nan,nan,nan,0
5129899267,5129898974,0.0020000006,0.0,0.0020000006,0.0,nan,nan,nan,nan,nan,nan,nan,nan,0
5129906742,5129906465,0.0019999985,1.310397e-09,0.0020000008,2.8379212e-11,nan,nan,nan,nan,nan,nan,nan,nan,0
5129910497,5129910210,0.0020000008,0.0,0.0020000008,0.0,nan,nan,nan,nan,nan,nan,nan,nan,0
5129912993,5129912707,0.0020000003,0.0,0.0020000003,0.0,nan,nan,nan,nan,nan,nan,nan,nan,0
5129920471,5129920198,0.0020000024,1.2796199e-09,0.0019999973,9.486925e-13,nan,nan,nan,nan,nan,nan,nan,nan,0
5129924215,5129923943,0.0020000003,3.4809192e-10,0.0019999999,1.1540612e-12,nan,nan,nan,nan,nan,nan,nan,nan,0
5129929212,5129928937,0.002,2.3170242e-10,0.0019999999,1.1282243e-12,nan,nan,nan,nan,nan,nan,nan,nan,0
5129934204,5129933930,0.0020000022,2.7346878e-09,0.0019999957,1.0722864e-12,nan,nan,nan,nan,nan,nan,nan,nan,0
5129939216,5129938924,0.0020000003,0.0,0.0020000003,0.0,nan,nan,nan,nan,nan,nan,nan,nan,0
5129945448,5129945167,0.0020000003,1.7354147e-10,0.0020000003,1.0815134e-12,nan,nan,nan,nan,nan,nan,nan,nan,0
5129947950,5129947663,0.0020000003,6.39056e-10,0.0019999996,1.2282952e-12,nan,nan,nan,nan,nan,nan,nan,nan,0
5129955433,5129955154,0.0020000003,6.386561e-10,0.0019999999,1.6282149e-12,nan,nan,nan,nan,nan,nan,nan,nan,0
5129959171,5129958899,0.0020000024,1.685918e-09,0.0019999968,2.1042439e-12,nan,nan,nan,nan,nan,nan,nan,nan,0
5129965413,5129965142,0.0020000006,0.0,0.0020000006,0.0,nan,nan,nan,nan,nan,nan,nan,nan,0
5129969164,5129968887,0.0020000003,5.216079e-10,0.0019999999,2.2610004e-12,nan,nan,nan,nan,nan,nan,nan,nan,0
5129976646,5129976379,0.0020000006,0.0,0.0020000006,0.0,nan,nan,nan,nan,nan,nan,nan,nan,0
5129980405,5129980123,0.0020000006,1.0456184e-09,0.0019999994,2.1195198e-12,nan,nan,nan,nan,nan,nan,nan,nan,0
5129982893,5129982620,0.0020000024,2.500575e-09,0.001999996,2.3542765e-12,nan,nan,nan,nan,nan,nan,nan,nan,0
5129990383,5129990110,0.0020000008,0.0,0.0020000008,0.0,nan,nan,nan,nan,nan,nan,nan,nan,0
5129994137,5129993855,0.0020000024,1.2768075e-09,0.0019999973,3.761047e-12,nan,nan,nan,nan,nan,nan,nan,nan,0
5129999202,5129998852,0.0020000003,9.274355e-10,0.0019999994,3.887078e-12,nan,nan,nan,nan,nan,nan,nan,nan,0
5130004127,5130003843,0.0020000003,4.3285836e-10,0.0019999999,3.699095e-12,nan,nan,nan,nan,nan,nan,nan,nan,0
5130009117,5130008837,0.0019999985,1.8009239e-09,0.0020000003,3.5136633e-12,nan,nan,nan,nan,nan,nan,nan,nan,0
5130015369,5130015079,0.0020000003,3.4658496e-10,0.0019999999,2.661019e-12,nan,nan,nan,nan,nan,nan,nan,nan,0
5130019102,5130018824,0.0020000006,2.305534e-10,0.0020000003,2.2772444e-12,nan,nan,nan,nan,nan,nan,nan,nan,0
5130025344,5130025066,0.0019999985,2.44198e-09,0.0019999999,2.7417096e-12,nan,nan,nan,nan,nan,nan,nan,nan,0
5130029088,5130028812,0.0020000003,8.700523e-10,0.0019999994,3.0626317e-12,nan,nan,nan,nan,nan,nan,nan,nan,0
5130035333,5130035054,0.0020000024,1.7426186e-09,0.0019999968,3.6112138e-12,nan,nan,nan,nan,nan,nan,nan,nan,0
5130039078,5130038799,0.0020000003,1.3057603e-09,0.001999999,3.9121067e-12,nan,nan,nan,nan,nan,nan,nan,nan,0
5130046570,5130046290,0.0019999985,2.4408104e-09,0.0019999999,3.911276e-12,nan,nan,nan,nan,nan,nan,nan,nan,0
5130050333,5130050035,0.0020000003,6.363793e-10,0.0019999999,3.9049614e-12,nan,nan,nan,nan,nan,nan,nan,nan,0
5130052808,5130052532,0.0020000003,0.0,0.0020000003,1.9444698e-12,nan,nan,nan,nan,nan,nan,nan,nan,0
5130060309,5130060026,0.0020000003,0.0,0.0020000003,0.0,nan,nan,nan,nan,nan,nan,nan,nan,0
5130064058,5130063768,0.0020000022,2.9647065e-09,0.0019999957,3.884117e-12,nan,nan,nan,nan,nan,nan,nan,nan,0
5130067786,5130067513,0.0020000003,9.2733565e-10,0.0019999994,3.9869427e-12,nan,nan,nan,nan,nan,nan,nan,nan,0
5130074035,5130073755,0.0019999985,2.0910056e-09,0.002,4.470124e-12,nan,nan,nan,nan,nan,nan,nan,nan,0
5130079031,5130078754,0.0020000006,0.0,0.0020000003,0.0,nan,nan,nan,nan,nan,nan,nan,nan,0
5130085316,5130084991,0.0020000006,2.2639804e-10,0.0020000003,6.4326097e-12,nan,nan,nan,nan,nan,nan,nan,nan,0
5130090268,5130089985,0.0020000006,0.0,0.0020000003,0.0,nan,nan,nan,nan,nan,nan,nan,nan,0
5130095254,5130094979,0.0019999987,1.680238e-09,0.0020000008,7.784202e-12,nan,nan,nan,nan,nan,nan,nan,nan,0
5130099012,5130098724,0.0020000003,9.522739e-10,0.0019999994,8.152428e-12,nan,nan,nan,nan,nan,nan,nan,nan,0
5130106500,5130106215,0.0020000024,2.4947509e-09,0.0019999961,8.178588e-12,nan,nan,nan,nan,nan,nan,nan,nan,0
5130110233,5130109960,0.0020000003,0.0,0.0020000003,0.0,nan,nan,nan,nan,nan,nan,nan,nan,0
5130116545,5130116202,0.0019999985,1.7386429e-09,0.0020000006,7.5869745e-12,nan,nan,nan,nan,nan,nan,nan,nan,0
5130120222,5130119947,0.0020000003,1.2732313e-09,0.001999999,7.337294e-12,nan,nan,nan,nan,nan,nan,nan,nan,0
5130123971,5130123693,0.0020000006,0.0,0.0020000008,0.0,nan,nan,nan,nan,nan,nan,nan,nan,0
5130130217,5130129935,0.0020000022,2.611111e-09,0.0019999957,8.233605e-12,nan,nan,nan,nan,nan,nan,nan,nan,0
5130133956,5130133680,0.0020000003,1.9568587e-10,0.0020000003,8.0409394e-12,nan,nan,nan,nan,nan,nan,nan,nan,0
5130137695,5130137426,0.0020000022,1.2726817e-09,0.001999997,7.886851e-12,nan,nan,nan,nan,nan,nan,nan,nan,0
5130143946,5130143668,0.0020000003,1.3764412e-10,0.0020000003,7.875034e-12,nan,nan,nan,nan,nan,nan,nan,nan,0
5130148965,5130148662,0.0020000003,0.0,0.0020000003,0.0,nan,nan,nan,nan,nan,nan,nan,nan,0
5130155173,5130154904,0.0020000003,1.1553536e-09,0.0019999994,8.799645e-12,nan,nan,nan,nan,nan,nan,nan,nan,0
5130158934,5130158649,0.0020000022,2.813905e-09,0.0019999957,9.166478e-12,nan,nan,nan,nan,nan,nan,nan,nan,0
5130165172,5130164891,0.0019999982,1.3584681e-09,0.0020000008,9.411961e-12,nan,nan,nan,nan,nan,nan,nan,nan,0
5130168920,5130168637,0.0019999985,1.4162646e-09,0.0020000008,9.823116e-12,nan,nan,nan,nan,nan,nan,nan,nan,0
5130176408,5130176127,0.0020000003,0.0,0.0020000006,0.0,nan,nan,nan,nan,nan,nan,nan,nan,0
5130178951,5130178624,0.0020000003,6.014421e-10,0.0019999999,9.738306e-12,nan,nan,nan,nan,nan,nan,nan,nan,0
5130186409,5130186115,0.0020000022,1.6490659e-09,0.001999997,9.852442e-12,nan,nan,nan,nan,nan,nan,nan,nan,0
5130190141,5130189860,0.0020000006,0.0,0.0020000008,0.0,nan,nan,nan,nan,nan,nan,nan,nan,0
5130193883,5130193605,0.0020000003,4.836747e-11,0.0020000003,9.840193e-12,nan,nan,nan,nan,nan,nan,nan,nan,0
5130200127,5130199847,0.0020000006,0.0,0.0020000006,0.0,nan,nan,nan,nan,nan,nan,nan,nan,0
5130203873,5130203593,0.0020000024,1.6494441e-09,0.0019999968,9.474248e-12,nan,nan,nan,nan,nan,nan,nan,nan,0
5130208871,5130208591,0.0020000006,0.0,0.0020000006,0.0,nan,nan,nan,nan,nan,nan,nan,nan,0
5130213855,5130213580,0.0020000003,0.0,0.0020000003,0.0,nan,nan,nan,nan,nan,nan,nan,nan,0
5130217602,5130217326,0.0020000003,9.230856e-10,0.0019999994,8.23697e-12,nan,nan,nan,nan,nan,nan,nan,nan,0
5130225091,5130224816,0.0020000022,1.6506388e-09,0.001999997,8.2795056e-12,nan,nan,nan,nan,nan,nan,nan,nan,0
5130228836,5130228561,0.0020000006,0.0,0.0020000003,0.0,nan,nan,nan,nan,nan,nan,nan,nan,0
5130235081,5130234803,0.0019999987,1.1834104e-09,0.0019999992,9.8466305e-12,nan,nan,nan,nan,nan,nan,nan,nan,0
5130238819,5130238549,0.0020000003,0.0,0.0020000003,0.0,nan,nan,nan,nan,nan,nan,nan,nan,0
5130246327,5130246040,0.0020000003,1.1251051e-09,0.0019999994,9.944283e-12,nan,nan,nan,nan,nan,nan,nan,nan,0
5130248811,5130248537,0.0020000003,4.267417e-10,0.0019999999,9.815758e-12,nan,nan,nan,nan,nan,nan,nan,nan,0
5130256322,5130256028,0.0019999985,0.0,0.0019999985,0.0,nan,nan,nan,nan,nan,nan,nan,nan,0
5130260046,5130259773,0.0019999987,0.0,0.0020000006,0.0,nan,nan,nan,nan,nan,nan,nan,nan,0
5130263810,5130263518,0.0020000006,0.0,0.0020000006,0.0,nan,nan,nan,nan,nan,nan,nan,nan,0
5130270034,5130269760,0.0020000003,5.4336474e-10,0.0019999999,9.608061e-12,nan,nan,nan,nan,nan,nan,nan,nan,0
5130273780,5130273505,0.0019999987,0.0,0.0020000024,0.0,nan,nan,nan,nan,nan,nan,nan,nan,0
5130278773,5130278499,0.002,2.5274022e-10,0.0019999999,9.1942565e-12,nan,nan,nan,nan,nan,nan,nan,nan,0
5130285028,5130284741,0.0020000006,0.0,0.0020000006,0.0,nan,nan,nan,nan,nan,nan,nan,nan,0
5130288763,5130288486,0.0020000003,9.510525e-10,0.0019999994,9.373934e-12,nan,nan,nan,nan,nan,nan,nan,nan,0
5130294995,5130294728,0.0020000022,1.8824058e-09,0.0019999966,9.3432935e-12,nan,nan,nan,nan,nan,nan,nan,nan,0
5130298742,5130298474,0.0019999985,2.2900346e-09,0.0019999999,9.168015e-12,nan,nan,nan,nan,nan,nan,nan,nan,0
5130304996,5130304716,0.0020000003,0.0,0.0020000006,0.0,nan,nan,nan,nan,nan,nan,nan,nan,0
5130308738,5130308461,0.0020000003,3.6974707e-10,0.0019999999,8.60274e-12,nan,nan,nan,nan,nan,nan,nan,nan,0
5130316224,5130315952,0.0019999982,1.5341008e-09,0.0020000006,8.402154e-12,nan,nan,nan,nan,nan,nan,nan,nan,0
5130319980,5130319697,0.0020000006,0.0,0.0020000006,0.0,nan,nan,nan,nan,nan,nan,nan,nan,0
5130326219,5130325940,0.0020000003,4.866206e-10,0.0019999999,8.14456e-12,nan,nan,nan,nan,nan,nan,nan,nan,0
5130329957,5130329684,0.0020000008,0.0,0.0020000006,0.0,nan,nan,nan,nan,nan,nan,nan,nan,0
5130333705,5130333430,0.0019999982,3.0774816e-09,0.001999999,7.524344e-12,nan,nan,nan,nan,nan,nan,nan,nan,0
5130338700,5130338424,0.0020000022,3.1357648e-09,0.0019999952,7.448923e-12,nan,nan,nan,nan,nan,nan,nan,nan,0
5130343694,5130343420,0.0020000008,0.0,0.002000001,0.0,nan,nan,nan,nan,nan,nan,nan,nan,0
5130351176,5130350908,0.0020000003,6.314914e-10,0.0019999999,8.792854e-12,nan,nan,nan,nan,nan,nan,nan,nan,0
5130354934,5130354653,0.0020000003,5.145138e-10,0.0019999999,9.355154e-12,nan,nan,nan,nan,nan,nan,nan,nan,0
5130358717,5130358399,0.0020000006,0.0,0.0020000006,0.0,nan,nan,nan,nan,nan,nan,nan,nan,0
5130364926,5130364641,0.0020000003,3.680535e-10,0.0019999999,1.0296292e-11,nan,nan,nan,nan,nan,nan,nan,nan,0
5130368663,5130368386,0.0019999985,6.011445e-10,0.0019999999,1.0035906e-11,nan,nan,nan,nan,nan,nan,nan,nan,0
5130374897,5130374628,0.0020000003,0.0,0.0020000006,0.0,nan,nan,nan,nan,nan,nan,nan,nan,0
5130378648,5130378374,0.0020000006,0.0,0.0020000006,0.0,nan,nan,nan,nan,nan,nan,nan,nan,0
5130386137,5130385864,0.0019999985,1.7651038e-09,0.0020000003,1.0229831e-11,nan,nan,nan,nan,nan,nan,nan,nan,0
5130389884,5130389610,0.0020000003,0.0,0.0020000003,0.0,nan,nan,nan,nan,nan,nan,nan,nan,0
5130396139,5130395852,0.0020000006,0.0,0.0020000024,0.0,nan,nan,nan,nan,nan,nan,nan,nan,0
5130399871,5130399597,0.0020000003,2.9882314e-09,0.0019999957,9.4631265e-12,nan,nan,nan,nan,nan,nan,nan,nan,0
5130403616,5130403343,0.0020000003,1.9423083e-10,0.0020000003,9.495986e-12,nan,nan,nan,nan,nan,nan,nan,nan,0
5130408610,5130408336,0.0020000006,0.0,0.0020000006,0.0,nan,nan,nan,nan,nan,nan,nan,nan,0
5130413609,5130413330,0.0020000006,1.2424003e-09,0.0019999954,9.064371e-12,nan,nan,nan,nan,nan,nan,nan,nan,0
5130418651,5130418324,0.0020000003,0.0,0.0020000003,0.0,nan,nan,nan,nan,nan,nan,nan,nan,0
5130424838,5130424566,0.0020000024,1.2423823e-09,0.0019999973,9.082412e-12,nan,nan,nan,nan,nan,nan,nan,nan,0
5130428594,5130428314,0.0020000022,1.4171428e-09,0.001999997,8.944876e-12,nan,nan,nan,nan,nan,nan,nan,nan,0
5130434826,5130434553,0.0020000003,0.0,0.0019999985,0.0,nan,nan,nan,nan,nan,nan,nan,nan,0
5130438577,5130438299,0.0020000006,0.0,0.0020000006,0.0,nan,nan,nan,nan,nan,nan,nan,nan,0
5130444811,5130444541,0.0020000003,3.1166733e-10,0.0019999982,8.474809e-12,nan,nan,nan,nan,nan,nan,nan,nan,0
5130448561,5130448286,0.0019999968,1.6791889e-09,0.0020000008,8.833231e-12,nan,nan,nan,nan,nan,nan,nan,nan,0
5130456064,5130455777,0.0019999985,1.766189e-09,0.0020000003,9.144676e-12,nan,nan,nan,nan,nan,nan,nan,nan,0
5130459798,5130459523,0.0019999987,0.0,0.0020000003,0.0,nan,nan,nan,nan,nan,nan,nan,nan,0
5130466042,5130465764,0.0019999982,3.1058611e-09,0.001999999,8.248707e-12,nan,nan,nan,nan,nan,nan,nan,nan,0
5130469779,5130469509,0.0020000003,1.3019323e-09,0.001999999,7.740059e-12,nan,nan,nan,nan,nan,nan,nan,nan,0
5130473547,5130473265,0.0020000003,5.0986798e-11,0.0020000003,7.2208645e-12,nan,nan,nan,nan,nan,nan,nan,nan,0
5130478526,5130478249,0.0020000024,1.2445246e-09,0.0019999975,6.9400787e-12,nan,nan,nan,nan,nan,nan,nan,nan,0
5130483533,5130483242,0.0020000024,2.4372429e-09,0.0019999961,7.478816e-12,nan,nan,nan,nan,nan,nan,nan,nan,0
5130491024,5130490733,0.0019999987,1.7083417e-09,0.0020000008,8.784256e-12,nan,nan,nan,nan,nan,nan,nan,nan,0
5130494764,5130494478,0.002,6.893073e-10,0.0019999994,9.184627e-12,nan,nan,nan,nan,nan,nan,nan,nan,0
5130498500,5130498223,0.0020000006,5.145388e-10,0.0019999999,9.330153e-12,nan,nan,nan,nan,nan,nan,nan,nan,0
5130504737,5130504466,0.0019999982,1.5325002e-09,0.0020000006,1.00027295e-11,nan,nan,nan,nan,nan,nan,nan,nan,0
5130508485,5130508211,0.0019999985,1.9102324e-09,0.0020000003,1.0620319e-11,nan,nan,nan,nan,nan,nan,nan,nan,0
5130515979,5130515702,0.0019999985,2.1716386e-09,0.002,1.1148615e-11,nan,nan,nan,nan,nan,nan,nan,nan,0
5130518473,5130518199,0.002000002,1.2985449e-09,0.001999997,1.1127448e-11,nan,nan,nan,nan,nan,nan,nan,nan,0
5130525959,5130525689,0.0020000006,0.0,0.0020000006,0.0,nan,nan,nan,nan,nan,nan,nan,nan,0
5130529711,5130529434,0.0020000006,0.0,0.0020000006,0.0,nan,nan,nan,nan,nan,nan,nan,nan,0
5130535967,5130535676,0.0020000003,5.419553e-10,0.0019999999,1.1017473e-11,nan,nan,nan,nan,nan,nan,nan,nan,0
5130539696,5130539422,0.002000002,2.6378286e-09,0.0019999957,1.062005e-11,nan,nan,nan,nan,nan,nan,nan,nan,0
5130543461,5130543167,0.0020000022,2.8711353e-09,0.0019999957,1.0143868e-11,nan,nan,nan,nan,nan,nan,nan,nan,0
5130550938,5130550658,0.002000002,3.103969e-09,0.0019999952,1.01407095e-11,nan,nan,nan,nan,nan,nan,nan,nan,0
5130553424,5130553155,0.0020000003,7.7548645e-10,0.0019999996,1.0316968e-11,nan,nan,nan,nan,nan,nan,nan,nan,0
5130558419,5130558149,0.0020000022,1.1825473e-09,0.0019999975,1.0709742e-11,nan,nan,nan,nan,nan,nan,nan,nan,0
5130564675,5130564391,0.0020000024,1.2402213e-09,0.0019999973,1.12434055e-11,nan,nan,nan,nan,nan,nan,nan,nan,0
5130570903,5130570633,0.0020000003,6.581432e-10,0.0019999996,1.124488e-11,nan,nan,nan,nan,nan,nan,nan,nan,0
5130574669,5130574379,0.0020000003,5.999697e-10,0.0019999999,1.1210751e-11,nan,nan,nan,nan,nan,nan,nan,nan,0
5130578404,5130578124,0.0020000003,0.0,0.0020000003,0.0,nan,nan,nan,nan,nan,nan,nan,nan,0
5130585896,5130585614,0.0020000022,3.1035445e-09,0.0019999954,1.05652345e-11,nan,nan,nan,nan,nan,nan,nan,nan,0
5130588385,5130588111,0.002,2.5168825e-10,0.002,1.0246233e-11,nan,nan,nan,nan,nan,nan,nan,nan,0
5130595881,5130595601,0.002000002,1.619774e-09,0.0019999968,1.0040486e-11,nan,nan,nan,nan,nan,nan,nan,nan,0
5130599634,5130599347,0.0019999985,2.37656e-09,0.0019999999,9.953961e-12,nan,nan,nan,nan,nan,nan,nan,nan,0
5130605877,5130605589,0.0020000003,9.2167884e-10,0.0019999994,9.643734e-12,nan,nan,nan,nan,nan,nan,nan,nan,0
5130609611,5130609335,0.002,2.5292954e-10,0.002,9.004948e-12,nan,nan,nan,nan,nan,nan,nan,nan,0
5130613365,5130613080,0.0019999982,3.1058818e-09,0.001999999,8.228071e-12,nan,nan,nan,nan,nan,nan,nan,nan,0
5130620843,5130620570,0.0020000022,2.9324136e-09,0.0019999957,7.073205e-12,nan,nan,nan,nan,nan,nan,nan,nan,0
5130623356,5130623067,0.0020000003,0.0,0.0020000003,3.3935276e-12,nan,nan,nan,nan,nan,nan,nan,nan,0
5130628343,5130628061,0.0020000003,9.539557e-10,0.0019999994,6.4706834e-12,nan,nan,nan,nan,nan,nan,nan,nan,0
5130634580,5130634303,0.0020000003,0.0,0.0020000006,0.0,nan,nan,nan,nan,nan,nan,nan,nan,0
5130638335,5130638052,0.0019999987,2.9325709e-09,0.0019999994,6.915959e-12,nan,nan,nan,nan,nan,nan,nan,nan,0
5130644559,5130644291,0.0020000003,7.506597e-10,0.0019999996,6.039896e-12,nan,nan,nan,nan,nan,nan,nan,nan,0
5130648328,5130648036,0.0020000006,0.0,0.0020000006,0.0,nan,nan,nan,nan,nan,nan,nan,nan,0
5130655806,5130655526,0.0020000006,0.0,0.0020000006,0.0,nan,nan,nan,nan,nan,nan,nan,nan,0
5130659545,5130659272,0.002000002,3.1383256e-09,0.0019999952,4.8879824e-12,nan,nan,nan,nan,nan,nan,nan,nan,0
5130665793,5130665514,0.0019999985,1.2756997e-09,0.0020000008,4.8688484e-12,nan,nan,nan,nan,nan,nan,nan,nan,0
5130669536,5130669259,0.0020000003,0.0,0.0020000006,0.0,nan,nan,nan,nan,nan,nan,nan,nan,0
5130678285,5130678004,0.0020000003,0.0,0.0020000006,0.0,nan,nan,nan,nan,nan,nan,nan,nan,0
5130679526,5130679247,0.0019999985,1.9746234e-09,0.0020000003,4.43706e-12,nan,nan,nan,nan,nan,nan,nan,nan,0
5130683284,5130682992,0.0020000024,1.7124839e-09,0.001999997,4.642056e-12,nan,nan,nan,nan,nan,nan,nan,nan,0
5130688263,5130687986,0.0019999982,1.5377318e-09,0.0020000006,4.771213e-12,nan,nan,nan,nan,nan,nan,nan,nan,0
5130694500,5130694228,0.0020000022,1.6834386e-09,0.0019999968,4.5835453e-12,nan,nan,nan,nan,nan,nan,nan,nan,0
5130700743,5130700470,0.0020000003,5.1944316e-10,0.0019999999,4.4258017e-12,nan,nan,nan,nan,nan,nan,nan,nan,0
5130704490,5130704216,0.0020000006,0.0,0.0020000006,0.0,nan,nan,nan,nan,nan,nan,nan,nan,0
5130711984,5130711706,0.0020000022,1.6254411e-09,0.0019999968,4.3733923e-12,nan,nan,nan,nan,nan,nan,nan,nan,0
5130714476,5130714203,0.0020000003,0.0,0.0020000006,0.0,nan,nan,nan,nan,nan,nan,nan,nan,0
5130718225,5130717949,0.0020000022,1.421957e-09,0.001999997,4.1307097e-12,nan,nan,nan,nan,nan,nan,nan,nan,0
5130725706,5130725439,0.0020000008,0.0,0.0020000008,0.0,nan,nan,nan,nan,nan,nan,nan,nan,0
5130729468,5130729184,0.0019999985,2.440869e-09,0.0019999999,3.8527202e-12,nan,nan,nan,nan,nan,nan,nan,nan,0
5130735703,5130735427,0.0020000006,0.0,0.0020000006,0.0,nan,nan,nan,nan,nan,nan,nan,nan,0
5130739452,5130739173,0.0020000006,0.0,0.0020000006,0.0,nan,nan,nan,nan,nan,nan,nan,nan,0
5130746943,5130746662,0.0020000022,2.5283318e-09,0.0019999961,3.7014853e-12,nan,nan,nan,nan,nan,nan,nan,nan,0
5130749434,5130749160,0.0020000003,0.0,0.0020000006,0.0,nan,nan,nan,nan,nan,nan,nan,nan,0
5130753187,5130752905,0.0019999985,2.1497237e-09,0.0019999999,3.959647e-12,nan,nan,nan,nan,nan,nan,nan,nan,0
5130758170,5130757898,0.0020000006,0.0,0.0020000006,0.0,nan,nan,nan,nan,nan,nan,nan,nan,0
5130764424,5130764140,0.0020000003,4.0252884e-10,0.0019999999,4.9247845e-12,nan,nan,nan,nan,nan,nan,nan,nan,0
5130770652,5130770383,0.0019999985,1.3917336e-09,0.0020000008,5.2502915e-12,nan,nan,nan,nan,nan,nan,nan,nan,0
5130774400,5130774128,0.0020000003,4.021386e-10,0.0019999999,5.315035e-12,nan,nan,nan,nan,nan,nan,nan,nan,0
5130781892,5130781618,0.0019999985,1.3333045e-09,0.0020000008,5.47175e-12,nan,nan,nan,nan,nan,nan,nan,nan,0
5130784385,5130784115,0.0019999982,1.5951238e-09,0.0020000006,5.58688e-12,nan,nan,nan,nan,nan,nan,nan,nan,0
5130788144,5130787861,0.0019999985,2.52652e-09,0.0019999996,5.5131733e-12,nan,nan,nan,nan,nan,nan,nan,nan,0
5130795625,5130795351,0.0020000003,0.0,0.0020000003,2.485132e-12,nan,nan,nan,nan,nan,nan,nan,nan,0
5130799369,5130799097,0.0020000003,0.0,0.0020000006,0.0,nan,nan,nan,nan,nan,nan,nan,nan,0
5130805617,5130805339,0.0020000003,8.2596846e-11,0.0020000003,4.7146436e-12,nan,nan,nan,nan,nan,nan,nan,nan,0
5130809360,5130809084,0.002,1.2175075e-09,0.001999999,4.8533833e-12,nan,nan,nan,nan,nan,nan,nan,nan,0
5130816875,5130816577,0.0020000006,0.0,0.002,0.0,nan,nan,nan,nan,nan,nan,nan,nan,0
5130819355,5130819072,0.0020000024,1.7126082e-09,0.0019999968,4.5177855e-12,nan,nan,nan,nan,nan,nan,nan,nan,0
5130823091,5130822817,0.0020000006,0.0,0.0020000006,0.0,nan,nan,nan,nan,nan,nan,nan,nan,0
5130830578,5130830308,0.0020000022,2.586165e-09,0.001999996,4.0758837e-12,nan,nan,nan,nan,nan,nan,nan,nan,0
5130834337,5130834057,0.0020000022,1.2463812e-09,0.0019999973,5.083477e-12,nan,nan,nan,nan,nan,nan,nan,nan,0
5130838073,5130837798,0.0020000022,1.7110652e-09,0.0019999968,6.06086e-12,nan,nan,nan,nan,nan,nan,nan,nan,0
5130844328,5130844040,0.0020000003,0.0,0.0020000003,0.0,nan,nan,nan,nan,nan,nan,nan,nan,0
5130851800,5130851531,0.0020000003,0.0,0.0020000003,0.0,nan,nan,nan,nan,nan,nan,nan,nan,0
5130854311,5130854028,0.0019999982,1.5944421e-09,0.0020000006,6.2685655e-12,nan,nan,nan,nan,nan,nan,nan,nan,0
5130858056,5130857780,0.0020000003,7.211859e-10,0.0019999994,6.4098536e-12,nan,nan,nan,nan,nan,nan,nan,nan,0
5130865541,5130865265,0.0020000003,1.215608e-09,0.0019999992,6.7528812e-12,nan,nan,nan,nan,nan,nan,nan,nan,0
5130869285,5130869009,0.0020000006,0.0,0.0020000006,0.0,nan,nan,nan,nan,nan,nan,nan,nan,0
5130875528,5130875255,0.0020000003,6.038628e-10,0.0019999999,7.317622e-12,nan,nan,nan,nan,nan,nan,nan,nan,0
5130879295,5130878997,0.0020000008,0.0,0.0020000008,0.0,nan,nan,nan,nan,nan,nan,nan,nan,0
5130888012,5130887736,0.0020000003,1.9465664e-10,0.002,9.070175e-12,nan,nan,nan,nan,nan,nan,nan,nan,0
5130890507,5130890233,0.0020000006,0.0,0.0020000003,0.0,nan,nan,nan,nan,nan,nan,nan,nan,0
5130893010,5130892729,0.0019999985,1.4750245e-09,0.0020000008,9.270796e-12,nan,nan,nan,nan,nan,nan,nan,nan,0
5130900491,5130900220,0.0020000006,0.0,0.0020000006,0.0,nan,nan,nan,nan,nan,nan,nan,nan,0
5130904237,5130903965,0.0019999985,2.290164e-09,0.0019999999,9.038506e-12,nan,nan,nan,nan,nan,nan,nan,nan,0
5130908004,5130907711,0.0020000003,1.3669449e-10,0.0020000003,8.8246615e-12,nan,nan,nan,nan,nan,nan,nan,nan,0
5130914233,5130913953,0.0020000022,1.4466823e-09,0.001999997,8.5092e-12,nan,nan,nan,nan,nan,nan,nan,nan,0
5130921716,5130921443,0.0020000022,2.9026386e-09,0.0019999957,7.744387e-12,nan,nan,nan,nan,nan,nan,nan,nan,0
5130925471,5130925190,0.0019999985,2.5827986e-09,0.0019999994,7.442234e-12,nan,nan,nan,nan,nan,nan,nan,nan,0
5130927960,5130927686,0.0019999985,2.6119567e-09,0.0019999994,7.388031e-12,nan,nan,nan,nan,nan,nan,nan,nan,0
5130935453,5130935177,0.0019999985,2.874123e-09,0.0019999994,7.156385e-12,nan,nan,nan,nan,nan,nan,nan,nan,0
5130939207,5130938922,0.0020000003,9.537147e-10,0.0019999994,6.711692e-12,nan,nan,nan,nan,nan,nan,nan,nan,0
5130945439,5130945164,0.0020000006,0.0,0.0020000006,0.0,nan,nan,nan,nan,nan,nan,nan,nan,0
5130949184,5130948909,0.0020000003,4.5910045e-10,0.0019999999,6.5608283e-12,nan,nan,nan,nan,nan,nan,nan,nan,0
5130957923,5130957648,0.0020000022,2.8152145e-09,0.0019999957,7.857078e-12,nan,nan,nan,nan,nan,nan,nan,nan,0
5130960423,5130960145,0.0020000003,1.0838576e-10,0.0020000003,8.029567e-12,nan,nan,nan,nan,nan,nan,nan,nan,0
5130962920,5130962642,0.002,0.0,0.0020000003,0.0,nan,nan,nan,nan,nan,nan,nan,nan,0
5130970401,5130970132,0.0020000003,0.0,0.0020000003,0.0,nan,nan,nan,nan,nan,nan,nan,nan,0
5130974155,5130973878,0.0020000022,3.1046747e-09,0.0019999954,9.435041e-12,nan,nan,nan,nan,nan,nan,nan,nan,0
5130980397,5130980120,0.0019999985,1.4739031e-09,0.0020000008,1.0392272e-11,nan,nan,nan,nan,nan,nan,nan,nan,0
5130984139,5130983865,0.0020000008,0.0,0.0020000003,0.0,nan,nan,nan,nan,nan,nan,nan,nan,0
5130991626,5130991356,0.0020000003,0.0,0.0020000003,0.0,nan,nan,nan,nan,nan,nan,nan,nan,0
5130995380,5130995101,0.0020000003,1.3293551e-10,0.0020000003,1.2583641e-11,nan,nan,nan,nan,nan,nan,nan,nan,0
5130997882,5130997598,0.0020000003,0.0,0.0020000006,0.0,nan,nan,nan,nan,nan,nan,nan,nan,0
5131005371,5131005089,0.0020000003,1.6516826e-11,0.0020000003,1.2587004e-11,nan,nan,nan,nan,nan,nan,nan,nan,0
5131009106,5131008834,0.0020000003,0.0,0.002,0.0,nan,nan,nan,nan,nan,nan,nan,nan,0
5131015365,5131015076,0.0020000003,0.0,0.0020000003,0.0,nan,nan,nan,nan,nan,nan,nan,nan,0
5131019095,5131018822,0.0020000006,0.0,0.0020000006,0.0,nan,nan,nan,nan,nan,nan,nan,nan,0
5131027902,5131027566,0.0020000022,2.2872286e-09,0.0019999961,1.1973868e-11,nan,nan,nan,nan,nan,nan,nan,nan,0
5131030340,5131030057,0.0019999985,3.1020062e-09,0.001999999,1.2103575e-11,nan,nan,nan,nan,nan,nan,nan,nan,0
5131032827,5131032555,0.002,0.0,0.0020000003,0.0,nan,nan,nan,nan,nan,nan,nan,nan,0
5131040329,5131040045,0.0020000022,2.7530114e-09,0.0019999957,1.185258e-11,nan,nan,nan,nan,nan,nan,nan,nan,0
5131044072,5131043790,0.0020000024,1.2107049e-09,0.0019999975,1.16560355e-11,nan,nan,nan,nan,nan,nan,nan,nan,0
5131050319,5131050032,0.0019999987,1.2391124e-09,0.002000001,1.2352393e-11,nan,nan,nan,nan,nan,nan,nan,nan,0
5131054062,5131053778,0.0020000003,8.8940605e-10,0.0019999994,1.2812718e-11,nan,nan,nan,nan,nan,nan,nan,nan,0
5131061552,5131061268,0.0020000006,0.0,0.0020000006,0.0,nan,nan,nan,nan,nan,nan,nan,nan,0
5131065321,5131065014,0.0019999985,2.6940872e-09,0.0019999994,1.2569083e-11,nan,nan,nan,nan,nan,nan,nan,nan,0
5131069051,5131068759,0.0020000008,0.0,0.0020000008,0.0,nan,nan,nan,nan,nan,nan,nan,nan,0
5131075281,5131075001,0.0020000003,8.0256374e-10,0.0019999994,1.2343513e-11,nan,nan,nan,nan,nan,nan,nan,nan,0
5131079024,5131078746,0.0019999985,1.3556938e-09,0.0020000008,1.2186198e-11,nan,nan,nan,nan,nan,nan,nan,nan,0
5131087762,5131087486,0.002,4.2459605e-10,0.0019999999,1.1961394e-11,nan,nan,nan,nan,nan,nan,nan,nan,0
5131089034,5131088734,0.0019999985,2.927526e-09,0.0019999994,1.1960929e-11,nan,nan,nan,nan,nan,nan,nan,nan,0
5131096504,5131096225,0.0020000003,1.9207058e-10,0.0020000003,1.165623e-11,nan,nan,nan,nan,nan,nan,nan,nan,0
5131100241,5131099970,0.0020000003,0.0,0.0020000003,0.0,nan,nan,nan,nan,nan,nan,nan,nan,0
5131103988,5131103715,0.0020000003,0.0,0.0020000003,5.477111e-12,nan,nan,nan,nan,nan,nan,nan,nan,0
5131110225,5131109957,0.0020000003,7.649433e-11,0.0020000003,1.081716e-11,nan,nan,nan,nan,nan,nan,nan,nan,0
5131113981,5131113703,0.0019999985,2.9870504e-09,0.0019999994,1.0644114e-11,nan,nan,nan,nan,nan,nan,nan,nan,0
5131121508,5131121193,0.0020000006,0.0,0.002,0.0,nan,nan,nan,nan,nan,nan,nan,nan,0
5131123967,5131123690,0.0019999985,2.3473314e-09,0.0019999999,1.00789255e-11,nan,nan,nan,nan,nan,nan,nan,nan,0
5131127708,5131127435,0.0020000022,1.2122133e-09,0.0019999973,1.0147497e-11,nan,nan,nan,nan,nan,nan,nan,nan,0
5131135192,5131134926,0.0020000003,0.0,0.0020000003,0.0,nan,nan,nan,nan,nan,nan,nan,nan,0
5131138968,5131138671,0.0020000006,0.0,0.0020000006,0.0,nan,nan,nan,nan,nan,nan,nan,nan,0
5131145193,5131144914,0.0020000006,1.6288942e-10,0.0020000003,1.1733564e-11,nan,nan,nan,nan,nan,nan,nan,nan,0
5131148944,5131148663,0.0019999985,1.9963708e-09,0.0020000003,1.1793403e-11,nan,nan,nan,nan,nan,nan,nan,nan,0
5131157673,5131157398,0.0020000006,0.0,0.0020000006,0.0,nan,nan,nan,nan,nan,nan,nan,nan,0
5131158920,5131158647,0.0020000003,4.2491824e-10,0.0019999999,1.16392295e-11,nan,nan,nan,nan,nan,nan,nan,nan,0
5131167655,5131167386,0.0020000006,0.0,0.0020000006,0.0,nan,nan,nan,nan,nan,nan,nan,nan,0
5131170154,5131169882,0.0020000003,8.319527e-10,0.0019999994,1.2058389e-11,nan,nan,nan,nan,nan,nan,nan,nan,0
5131173903,5131173627,0.0019999987,1.2392295e-09,0.002000001,1.22352215e-11,nan,nan,nan,nan,nan,nan,nan,nan,0
5131180139,5131179870,0.0019999985,1.8214611e-09,0.0020000003,1.208021e-11,nan,nan,nan,nan,nan,nan,nan,nan,0
5131183915,5131183616,0.0019999985,1.8216242e-09,0.0020000003,1.1917089e-11,nan,nan,nan,nan,nan,nan,nan,nan,0
5131191384,5131191106,0.0020000006,0.0,0.0020000006,0.0,nan,nan,nan,nan,nan,nan,nan,nan,0
5131193872,5131193602,0.0020000022,1.2400908e-09,0.0019999973,1.137389e-11,nan,nan,nan,nan,nan,nan,nan,nan,0
5131201367,5131201093,0.0019999985,2.3464657e-09,0.0019999999,1.094452e-11,nan,nan,nan,nan,nan,nan,nan,nan,0
5131205111,5131204838,0.0020000003,1.0655157e-09,0.0019999994,1.1326107e-11,nan,nan,nan,nan,nan,nan,nan,nan,0
5131208864,5131208584,0.0019999985,1.850639e-09,0.0020000003,1.2006221e-11,nan,nan,nan,nan,nan,nan,nan,nan,0
5131215125,5131214826,0.0020000003,5.9787403e-10,0.0019999999,1.3306436e-11,nan,nan,nan,nan,nan,nan,nan,nan,0
5131218844,5131218571,0.0019999985,1.2376017e-09,0.002000001,1.3863011e-11,nan,nan,nan,nan,nan,nan,nan,nan,0
5131227588,5131227315,0.0019999987,2.8668024e-09,0.0019999994,1.4476897e-11,nan,nan,nan,nan,nan,nan,nan,nan,0
5131228833,5131228559,0.0020000022,1.353396e-09,0.001999997,1.4484115e-11,nan,nan,nan,nan,nan,nan,nan,nan,0
5131236327,5131236049,0.0020000003,8.8838725e-10,0.0019999994,1.3831493e-11,nan,nan,nan,nan,nan,nan,nan,nan,0
5131240089,5131239794,0.0020000008,0.0,0.0020000006,0.0,nan,nan,nan,nan,nan,nan,nan,nan,0
5131243807,5131243540,0.0020000003,0.0,0.0020000006,0.0,nan,nan,nan,nan,nan,nan,nan,nan,0
5131250053,5131249782,0.0019999982,3.1591831e-09,0.001999999,1.3134481e-11,nan,nan,nan,nan,nan,nan,nan,nan,0
5131253803,5131253528,0.0020000003,7.424662e-11,0.0020000003,1.306487e-11,nan,nan,nan,nan,nan,nan,nan,nan,0
5131261300,5131261018,0.0020000006,0.0,0.0020000008,0.0,nan,nan,nan,nan,nan,nan,nan,nan,0
5131265053,5131264763,0.0020000006,0.0,0.0020000006,0.0,nan,nan,nan,nan,nan,nan,nan,nan,0
5131271290,5131271006,0.0020000003,0.0,0.0020000003,0.0,nan,nan,nan,nan,nan,nan,nan,nan,0
5131275037,5131274751,0.0019999985,1.2965843e-09,0.0020000008,1.3088083e-11,nan,nan,nan,nan,nan,nan,nan,nan,0
5131278773,5131278497,0.0019999985,3.158733e-09,0.001999999,1.358446e-11,nan,nan,nan,nan,nan,nan,nan,nan,0
5131285012,5131284738,0.0020000003,5.9669164e-10,0.0019999999,1.4488782e-11,nan,nan,nan,nan,nan,nan,nan,nan,0
5131288758,5131288483,0.0019999985,2.7938258e-09,0.0019999994,1.4182665e-13,nan,nan,nan,nan,nan,nan,nan,nan,0
5131296243,5131295974,0.0020000006,6.109218e-10,0.0019999999,2.5860737e-13,nan,nan,nan,nan,nan,nan,nan,nan,0
5131299997,5131299719,0.0020000006,0.0,0.002,0.0,nan,nan,nan,nan,nan,nan,nan,nan,0
5131307487,5131307211,0.0019999985,1.2952164e-09,0.0020000008,1.4456013e-11,nan,nan,nan,nan,nan,nan,nan,nan,0
5131309978,5131309707,0.0020000003,0.0,0.0020000003,0.0,nan,nan,nan,nan,nan,nan,nan,nan,0
5131313722,5131313452,0.0020000003,9.459445e-10,0.0019999994,1.44818706e-11,nan,nan,nan,nan,nan,nan,nan,nan,0
5131319970,5131319694,0.0020000003,1.1210056e-09,0.0019999994,1.4043737e-11,nan,nan,nan,nan,nan,nan,nan,nan,0
5131323718,5131323440,0.0020000006,1.1212528e-09,0.0019999994,1.37966635e-11,nan,nan,nan,nan,nan,nan,nan,nan,0
5131331203,5131330931,0.0020000022,1.5875682e-09,0.0019999966,1.3142536e-11,nan,nan,nan,nan,nan,nan,nan,nan,0
5131334954,5131334676,0.0020000022,2.81006e-09,0.0019999957,1.3011536e-11,nan,nan,nan,nan,nan,nan,nan,nan,0
5131341192,5131340921,0.0020000003,0.0,0.0020000003,0.0,nan,nan,nan,nan,nan,nan,nan,nan,0
5131344939,5131344663,0.0020000006,0.0,0.0020000006,0.0,nan,nan,nan,nan,nan,nan,nan,nan,0
5131348683,5131348411,0.0020000003,4.493879e-11,0.0020000003,1.326887e-11,nan,nan,nan,nan,nan,nan,nan,nan,0
5131354925,5131354651,0.0019999985,2.4020272e-09,0.0019999999,1.3590597e-11,nan,nan,nan,nan,nan,nan,nan,nan,0
5131358681,5131358396,0.0019999985,2.9256773e-09,0.0019999994,1.3809511e-11,nan,nan,nan,nan,nan,nan,nan,nan,0
5131367416,5131367136,0.0019999987,1.7030886e-09,0.0020000006,1.4037393e-11,nan,nan,nan,nan,nan,nan,nan,nan,0
5131369912,5131369632,0.0020000003,0.0,0.0020000003,0.0,nan,nan,nan,nan,nan,nan,nan,nan,0
5131377407,5131377123,0.0020000003,1.1346665e-09,0.0019999994,3.8293414e-13,nan,nan,nan,nan,nan,nan,nan,nan,0
5131379897,5131379620,0.0019999982,1.294587e-09,0.0020000008,5.3349426e-13,nan,nan,nan,nan,nan,nan,nan,nan,0
5131383639,5131383365,0.0019999985,2.67685e-09,0.0019999994,7.0232535e-13,nan,nan,nan,nan,nan,nan,nan,nan,0
5131389896,5131389607,0.0019999982,1.5707778e-09,0.0020000006,8.289784e-13,nan,nan,nan,nan,nan,nan,nan,nan,0
5131393619,5131393352,0.0020000008,0.0,0.002000001,0.0,nan,nan,nan,nan,nan,nan,nan,nan,0
5131401114,5131400843,0.0019999985,2.530583e-09,0.0019999999,1.4500814e-12,nan,nan,nan,nan,nan,nan,nan,nan,0
5131404859,5131404588,0.0019999982,3.0834053e-09,0.001999999,1.6007091e-12,nan,nan,nan,nan,nan,nan,nan,nan,0
5131411104,5131410830,0.002,1.2351127e-09,0.001999999,1.8000644e-12,nan,nan,nan,nan,nan,nan,nan,nan,0
5131414860,5131414576,0.0019999982,2.1224937e-09,0.0019999999,2.0858879e-12,nan,nan,nan,nan,nan,nan,nan,nan,0
5131418593,5131418321,0.0019999985,2.8935654e-09,0.0019999994,2.265816e-12,nan,nan,nan,nan,nan,nan,nan,nan,0
5131424837,5131424563,0.0020000003,9.9493205e-11,0.0020000003,2.370203e-12,nan,nan,nan,nan,nan,nan,nan,nan,0
5131428582,5131428309,0.0019999985,1.3803007e-09,0.0020000008,2.1313108e-12,nan,nan,nan,nan,nan,nan,nan,nan,0
5131437328,5131437048,0.0020000024,1.7443139e-09,0.0019999968,1.9159648e-12,nan,nan,nan,nan,nan,nan,nan,nan,0
5131439815,5131439544,0.0020000003,4.6352677e-10,0.0019999999,2.1345183e-12,nan,nan,nan,nan,nan,nan,nan,nan,0
5131447316,5131447035,0.0019999985,1.4527562e-09,0.0020000008,2.4352569e-12,nan,nan,nan,nan,nan,nan,nan,nan,0
5131449802,5131449532,0.0020000003,8.508641e-11,0.0020000003,2.2250786e-12,nan,nan,nan,nan,nan,nan,nan,nan,0
5131453547,5131453277,0.0020000003,1.2787541e-09,0.001999999,1.81448e-12,nan,nan,nan,nan,nan,nan,nan,nan,0
5131459787,5131459520,0.0020000003,0.0,0.0020000003,0.0,nan,nan,nan,nan,nan,nan,nan,nan,0
5131463542,5131463265,0.0020000022,1.468717e-09,0.001999997,1.0264246e-12,nan,nan,nan,nan,nan,nan,nan,nan,0
5131471028,5131470755,0.0020000006,0.0,0.0020000006,0.0,nan,nan,nan,nan,nan,nan,nan,nan,0
5131474775,5131474503,0.0020000022,2.692416e-09,0.0019999957,1.4240272e-11,nan,nan,nan,nan,nan,nan,nan,nan,0
5131482281,5131481991,0.0019999982,2.6189515e-09,0.0019999994,3.931742e-13,nan,nan,nan,nan,nan,nan,nan,nan,0
5131484762,5131484488,0.0020000003,0.0,0.0020000003,0.0,nan,nan,nan,nan,nan,nan,nan,nan,0
5131488540,5131488234,0.0019999985,2.9394314e-09,0.0019999992,5.5594418e-14,nan,nan,nan,nan,nan,nan,nan,nan,0
5131497245,5131496973,0.0020000003,4.2208184e-10,0.0019999999,1.44756065e-11,nan,nan,nan,nan,nan,nan,nan,nan,0
5131498516,5131498221,0.0020000003,0.0,0.0020000003,3.6966957e-15,nan,nan,nan,nan,nan,nan,nan,nan,0
5131507236,5131506960,0.0019999982,2.575757e-09,0.0019999994,1.4484027e-11,nan,nan,nan,nan,nan,nan,nan,nan,0
5131509728,5131509457,0.0020000003,0.0,0.0020000003,0.0,nan,nan,nan,nan,nan,nan,nan,nan,0
5131513482,5131513202,0.0020000003,7.134159e-10,0.0019999994,1.4179874e-11,nan,nan,nan,nan,nan,nan,nan,nan,0
5131519724,5131519446,0.0020000003,0.0,0.0020000003,0.0,nan,nan,nan,nan,nan,nan,nan,nan,0
5131523484,5131523190,0.0020000003,6.4004374e-10,0.0019999999,2.4052808e-13,nan,nan,nan,nan,nan,nan,nan,nan,0
5131530993,5131530698,0.0020000006,0.0,0.0020000006,0.0,nan,nan,nan,nan,nan,nan,nan,nan,0
5131533451,5131533178,0.0020000022,1.3096413e-09,0.001999997,3.1041142e-14,nan,nan,nan,nan,nan,nan,nan,nan,0
5131540955,5131540668,0.0020000003,8.726617e-10,0.0019999994,4.5318523e-13,nan,nan,nan,nan,nan,nan,nan,nan,0
5131544695,5131544413,0.0020000022,2.211691e-09,0.0019999961,2.00155e-13,nan,nan,nan,nan,nan,nan,nan,nan,0
5131550942,5131550655,0.0019999985,1.7615464e-09,0.0020000003,1.3787341e-11,nan,nan,nan,nan,nan,nan,nan,nan,0
5131554672,5131554400,0.0020000003,0.0,0.0020000003,0.0,nan,nan,nan,nan,nan,nan,nan,nan,0
5131558421,5131558147,0.0020000003,0.0,0.0020000003,6.458694e-12,nan,nan,nan,nan,nan,nan,nan,nan,0
5131567161,5131566886,0.0019999987,1.2393098e-09,0.002000001,1.215494e-11,nan,nan,nan,nan,nan,nan,nan,nan,0
5131568411,5131568134,0.0019999985,1.1812724e-09,0.002000001,1.1984649e-11,nan,nan,nan,nan,nan,nan,nan,nan,0
5131577145,5131576872,0.0020000006,0.0,0.0020000006,0.0,nan,nan,nan,nan,nan,nan,nan,nan,0
5131579663,5131579370,0.0019999985,1.4739702e-09,0.0020000008,1.0325227e-11,nan,nan,nan,nan,nan,nan,nan,nan,0
5131587132,5131586860,0.0020000003,0.0,0.0020000003,0.0,nan,nan,nan,nan,nan,nan,nan,nan,0
5131589637,5131589357,0.0020000003,1.1841027e-09,0.001999999,9.154309e-12,nan,nan,nan,nan,nan,nan,nan,nan,0
5131593377,5131593102,0.0019999985,1.3584402e-09,0.0020000008,9.439815e-12,nan,nan,nan,nan,nan,nan,nan,nan,0
5131600878,5131600593,0.0020000003,0.0,0.0020000006,0.0,nan,nan,nan,nan,nan,nan,nan,nan,0
5131603375,5131603090,0.0020000006,0.0,0.0020000008,0.0,nan,nan,nan,nan,nan,nan,nan,nan,0
5131610878,5131610580,0.0020000022,1.4761641e-09,0.001999997,8.1312596e-12,nan,nan,nan,nan,nan,nan,nan,nan,0
5131614599,5131614326,0.0020000008,0.0,0.0020000008,0.0,nan,nan,nan,nan,nan,nan,nan,nan,0
5131620839,5131620568,0.0019999985,1.5932499e-09,0.0020000006,7.460843e-12,nan,nan,nan,nan,nan,nan,nan,nan,0
5131624583,5131624313,0.0019999985,1.7095945e-09,0.0020000006,7.531491e-12,nan,nan,nan,nan,nan,nan,nan,nan,0
5131628336,5131628058,0.0019999987,1.6515612e-09,0.0020000008,7.357162e-12,nan,nan,nan,nan,nan,nan,nan,nan,0
5131637074,5131636798,0.0019999985,1.972454e-09,0.0020000003,6.6065885e-12,nan,nan,nan,nan,nan,nan,nan,nan,0
5131638334,5131638053,0.0020000006,0.0,0.0020000003,0.0,nan,nan,nan,nan,nan,nan,nan,nan,0
5131647069,5131646785,0.0020000008,0.0,0.002000001,0.0,nan,nan,nan,nan,nan,nan,nan,nan,0
5131649551,5131649282,0.002000002,1.5373025e-09,0.0019999968,5.200562e-12,nan,nan,nan,nan,nan,nan,nan,nan,0
5131657057,5131656773,0.0020000022,2.8466165e-09,0.0019999957,5.5588346e-12,nan,nan,nan,nan,nan,nan,nan,nan,0
5131659542,5131659269,0.0019999985,2.6719178e-09,0.0019999994,5.6345466e-12,nan,nan,nan,nan,nan,nan,nan,nan,0
5131663287,5131663014,0.0020000022,1.449191e-09,0.001999997,6.00053e-12,nan,nan,nan,nan,nan,nan,nan,nan,0
5131670786,5131670506,0.0019999985,3.1659604e-09,0.001999999,6.357165e-12,nan,nan,nan,nan,nan,nan,nan,nan,0
5131673308,5131673002,0.0020000008,0.0,0.0020000008,0.0,nan,nan,nan,nan,nan,nan,nan,nan,0
5131680770,5131680493,0.0019999987,1.6814298e-09,0.0020000008,6.592343e-12,nan,nan,nan,nan,nan,nan,nan,nan,0
5131684515,5131684241,0.0020000003,0.0,0.0020000003,0.0,nan,nan,nan,nan,nan,nan,nan,nan,0
5131692016,5131691729,0.0020000003,1.2737124e-09,0.001999999,6.8561927e-12,nan,nan,nan,nan,nan,nan,nan,nan,0
5131694506,5131694227,0.0020000003,1.0942358e-10,0.0020000003,6.991744e-12,nan,nan,nan,nan,nan,nan,nan,nan,0
5131698249,5131697971,0.0019999982,1.5359201e-09,0.0020000006,6.582901e-12,nan,nan,nan,nan,nan,nan,nan,nan,0
5131706985,5131706710,0.0019999985,2.4392752e-09,0.0019999999,5.446626e-12,nan,nan,nan,nan,nan,nan,nan,nan,0
5131709486,5131709207,0.0020000006,0.0,0.0020000006,0.0,nan,nan,nan,nan,nan,nan,nan,nan,0
5131715719,5131715449,0.0019999985,1.5077998e-09,0.0020000008,5.599377e-12,nan,nan,nan,nan,nan,nan,nan,nan,0
5131719458,5131719194,0.0020000022,2.3516553e-09,0.0019999961,5.755023e-12,nan,nan,nan,nan,nan,nan,nan,nan,0
5131726973,5131726685,0.0019999985,1.2452168e-09,0.002000001,6.247905e-12,nan,nan,nan,nan,nan,nan,nan,nan,0
5131729467,5131729182,0.0019999985,1.3325607e-09,0.0020000008,6.2154865e-12,nan,nan,nan,nan,nan,nan,nan,nan,0
5131733202,5131732927,0.0020000003,1.09914314e-10,0.0020000003,6.5010063e-12,nan,nan,nan,nan,nan,nan,nan,nan,0
5131740695,5131740418,0.0020000003,0.0,0.0020000003,0.0,nan,nan,nan,nan,nan,nan,nan,nan,0
5131744457,5131744165,0.0020000022,2.1175375e-09,0.0019999964,7.042044e-12,nan,nan,nan,nan,nan,nan,nan,nan,0
5131750685,5131750405,0.0020000003,7.2061423e-10,0.0019999994,6.9815334e-12,nan,nan,nan,nan,nan,nan,nan,nan,0
5131754435,5131754151,0.0020000022,2.0882014e-09,0.0019999961,7.2742992e-12,nan,nan,nan,nan,nan,nan,nan,nan,0
5131761923,5131761641,0.002,0.0,0.0020000003,0.0,nan,nan,nan,nan,nan,nan,nan,nan,0
5131764417,5131764138,0.0020000003,2.550312e-10,0.0019999999,6.9032904e-12,nan,nan,nan,nan,nan,nan,nan,nan,0
5131768153,5131767883,0.0020000003,0.0,0.0020000003,0.0,nan,nan,nan,nan,nan,nan,nan,nan,0
5131776895,5131776622,0.0020000003,0.0,0.0020000006,0.0,nan,nan,nan,nan,nan,nan,nan,nan,0
5131779397,5131779119,0.0020000003,4.88688e-10,0.0019999999,6.077111e-12,nan,nan,nan,nan,nan,nan,nan,nan,0
5131786901,5131786618,0.0020000024,1.7403314e-09,0.0019999968,5.898431e-12,nan,nan,nan,nan,nan,nan,nan,nan,0
5131789374,5131789107,0.0020000003,0.0,0.0020000003,0.0,nan,nan,nan,nan,nan,nan,nan,nan,0
5131796870,5131796598,0.0020000006,0.0,0.0020000003,0.0,nan,nan,nan,nan,nan,nan,nan,nan,0
5131799378,5131799094,0.0020000003,0.0,0.0020000003,0.0,nan,nan,nan,nan,nan,nan,nan,nan,0
5131803108,5131802839,0.0019999985,1.8267328e-09,0.0020000003,6.8085537e-12,nan,nan,nan,nan,nan,nan,nan,nan,0
5131810598,5131810330,0.0020000003,0.0,0.0020000003,0.0,nan,nan,nan,nan,nan,nan,nan,nan,0
5131814364,5131814076,0.0020000006,0.0,0.0020000006,0.0,nan,nan,nan,nan,nan,nan,nan,nan,0
5131820590,5131820318,0.0019999982,2.553327e-09,0.0019999994,7.810032e-12,nan,nan,nan,nan,nan,nan,nan,nan,0
5131824342,5131824063,0.0020000003,1.0688319e-09,0.0019999994,8.009763e-12,nan,nan,nan,nan,nan,nan,nan,nan,0
5131831834,5131831554,0.0020000022,1.2146504e-09,0.0019999973,7.710471e-12,nan,nan,nan,nan,nan,nan,nan,nan,0
5131834335,5131834059,0.0019999985,2.2623352e-09,0.0019999999,7.763663e-12,nan,nan,nan,nan,nan,nan,nan,nan,0
5131838069,5131837797,0.0019999982,2.203959e-09,0.0019999999,7.932032e-12,nan,nan,nan,nan,nan,nan,nan,nan,0
5131846813,5131846535,0.0020000006,0.0,0.0020000006,0.0,nan,nan,nan,nan,nan,nan,nan,nan,0
5131849312,5131849032,0.0020000024,1.6803386e-09,0.0019999968,7.683472e-12,nan,nan,nan,nan,nan,nan,nan,nan,0
5131855546,5131855274,0.0019999985,1.9995954e-09,0.0020000003,8.5688245e-12,nan,nan,nan,nan,nan,nan,nan,nan,0
5131859299,5131859019,0.0020000003,1.0101007e-09,0.0019999994,8.53337e-12,nan,nan,nan,nan,nan,nan,nan,nan,0
5131866783,5131866510,0.0020000003,4.2836265e-10,0.0019999999,8.194797e-12,nan,nan,nan,nan,nan,nan,nan,nan,0
5131870530,5131870255,0.0020000022,3.0479823e-09,0.0019999952,7.919826e-12,nan,nan,nan,nan,nan,nan,nan,nan,0
5131873042,5131872752,0.0020000022,2.1748632e-09,0.0019999961,7.924182e-12,nan,nan,nan,nan,nan,nan,nan,nan,0
5131880518,5131880242,0.0019999985,2.7569842e-09,0.0019999994,7.879614e-12,nan,nan,nan,nan,nan,nan,nan,nan,0
5131884283,5131883988,0.0020000006,1.1561533e-09,0.0019999994,7.999917e-12,nan,nan,nan,nan,nan,nan,nan,nan,0
5131890508,5131890230,0.0020000022,1.6219641e-09,0.001999997,7.850385e-12,nan,nan,nan,nan,nan,nan,nan,nan,0
5131894262,5131893981,0.0020000006,0.0,0.0020000006,0.0,nan,nan,nan,nan,nan,nan,nan,nan,0
5131901738,5131901466,0.0020000003,9.525131e-10,0.0019999994,7.913286e-12,nan,nan,nan,nan,nan,nan,nan,nan,0
5131906737,5131906460,0.0019999985,1.6803718e-09,0.0020000006,7.650299e-12,nan,nan,nan,nan,nan,nan,nan,nan,0
5131907986,5131907708,0.0020000003,0.0,0.0020000003,0.0,nan,nan,nan,nan,nan,nan,nan,nan,0
5131916733,5131916447,0.0020000006,0.0,0.0020000003,0.0,nan,nan,nan,nan,nan,nan,nan,nan,0
5131919218,5131918944,0.0020000006,0.0,0.0020000006,0.0,nan,nan,nan,nan,nan,nan,nan,nan,0
5131926711,5131926435,0.0019999987,1.7399904e-09,0.0020000006,6.2394933e-12,nan,nan,nan,nan,nan,nan,nan,nan,0
5131929201,5131928931,0.0020000003,0.0,0.0020000003,0.0,nan,nan,nan,nan,nan,nan,nan,nan,0
5131936695,5131936422,0.0020000003,7.7906726e-10,0.0019999994,6.7361915e-12,nan,nan,nan,nan,nan,nan,nan,nan,0
5131940455,5131940168,0.0020000006,0.0,0.0020000006,0.0,nan,nan,nan,nan,nan,nan,nan,nan,0
5131942945,5131942664,0.0020000003,1.0695831e-09,0.0019999994,7.2586607e-12,nan,nan,nan,nan,nan,nan,nan,nan,0
5131950428,5131950155,0.0020000003,7.7833523e-10,0.0019999994,7.4682135e-12,nan,nan,nan,nan,nan,nan,nan,nan,0
5131954170,5131953900,0.0020000003,1.1855775e-09,0.001999999,7.679489e-12,nan,nan,nan,nan,nan,nan,nan,nan,0
5131960415,5131960143,0.0019999982,1.3018343e-09,0.0020000008,7.838024e-12,nan,nan,nan,nan,nan,nan,nan,nan,0
5131964173,5131963888,0.002,6.904836e-10,0.0019999996,8.008342e-12,nan,nan,nan,nan,nan,nan,nan,nan,0
5131971658,5131971378,0.0020000003,0.0,0.0020000003,0.0,nan,nan,nan,nan,nan,nan,nan,nan,0
5131976647,5131976373,0.0020000003,3.1350028e-10,0.002,6.641845e-12,nan,nan,nan,nan,nan,nan,nan,nan,0
5131977906,5131977621,0.0020000003,8.9566654e-10,0.0019999994,6.5522223e-12,nan,nan,nan,nan,nan,nan,nan,nan,0
5131986636,5131986360,0.0020000003,0.0,0.0020000006,0.0,nan,nan,nan,nan,nan,nan,nan,nan,0
5131989127,5131988856,0.0019999987,1.2447626e-09,0.0020000013,6.702054e-12,nan,nan,nan,nan,nan,nan,nan,nan,0
5131995372,5131995099,0.0020000022,1.5064319e-09,0.001999997,6.9672896e-12,nan,nan,nan,nan,nan,nan,nan,nan,0
5131999113,5131998844,0.0020000006,0.0,0.0020000006,0.0,nan,nan,nan,nan,nan,nan,nan,nan,0
5132006611,5132006335,0.0019999982,2.117292e-09,0.002,7.287688e-12,nan,nan,nan,nan,nan,nan,nan,nan,0
5132010360,5132010080,0.002,0.0,0.0020000003,0.0,nan,nan,nan,nan,nan,nan,nan,nan,0
5132012848,5132012577,0.0020000006,0.0,0.0020000006,0.0,nan,nan,nan,nan,nan,nan,nan,nan,0
5132020348,5132020067,0.0020000022,1.7967903e-09,0.0019999966,7.647246e-12,nan,nan,nan,nan,nan,nan,nan,nan,0
5132024085,5132023813,0.0020000006,0.0,0.002,0.0,nan,nan,nan,nan,nan,nan,nan,nan,0
5132030339,5132030055,0.0020000003,6.6146566e-10,0.0019999999,7.922456e-12,nan,nan,nan,nan,nan,nan,nan,nan,0
5132034088,5132033800,0.0020000003,0.0,0.0020000003,0.0,nan,nan,nan,nan,nan,nan,nan,nan,0
5132041576,5132041291,0.002000002,3.1337841e-09,0.0019999952,9.429556e-12,nan,nan,nan,nan,nan,nan,nan,nan,0
5132046561,5132046285,0.0020000006,0.0,0.0020000006,0.0,nan,nan,nan,nan,nan,nan,nan,nan,0
5132047803,5132047533,0.0020000022,2.8714373e-09,0.0019999957,9.841992e-12,nan,nan,nan,nan,nan,nan,nan,nan,0
5132056551,5132056272,0.0020000003,7.622859e-11,0.0020000003,1.10828985e-11,nan,nan,nan,nan,nan,nan,nan,nan,0
5132059038,5132058769,0.0019999985,2.229544e-09,0.0019999999,1.145079e-11,nan,nan,nan,nan,nan,nan,nan,nan,0
5132066540,5132066260,0.0020000006,7.5135474e-11,0.0020000003,1.2176015e-11,nan,nan,nan,nan,nan,nan,nan,nan,0
5132069036,5132068757,0.0020000006,0.0,0.0020000006,0.0,nan,nan,nan,nan,nan,nan,nan,nan,0
5132076527,5132076247,0.002000002,1.2979493e-09,0.001999997,1.1723084e-11,nan,nan,nan,nan,nan,nan,nan,nan,0
5132080270,5132079992,0.0020000003,1.297834e-09,0.001999999,1.183844e-11,nan,nan,nan,nan,nan,nan,nan,nan,0
5132084028,5132083737,0.0019999985,1.7051799e-09,0.0020000006,1.1946111e-11,nan,nan,nan,nan,nan,nan,nan,nan,0
5132090273,5132089980,0.0020000003,1.698596e-11,0.0020000003,1.2117871e-11,nan,nan,nan,nan,nan,nan,nan,nan,0
5132093999,5132093725,0.0020000003,1.0355644e-09,0.0019999994,1.2173455e-11,nan,nan,nan,nan,nan,nan,nan,nan,0
5132101502,5132101216,0.0019999985,1.8216251e-09,0.0020000003,1.1916282e-11,nan,nan,nan,nan,nan,nan,nan,nan,0
5132103985,5132103713,0.0020000003,0.0,0.0020000003,0.0,nan,nan,nan,nan,nan,nan,nan,nan,0
5132111478,5132111204,0.0020000008,0.0,0.0020000008,0.0,nan,nan,nan,nan,nan,nan,nan,nan,0
5132115224,5132114948,0.0019999985,2.8102696e-09,0.0019999994,1.2801938e-11,nan,nan,nan,nan,nan,nan,nan,nan,0
5132118968,5132118694,0.0020000006,0.0,0.0020000006,0.0,nan,nan,nan,nan,nan,nan,nan,nan,0
5132126523,5132126185,0.0020000008,0.0,0.0020000008,0.0,nan,nan,nan,nan,nan,nan,nan,nan,0
5132128961,5132128681,0.0020000003,4.2321124e-10,0.0019999999,1.33462096e-11,nan,nan,nan,nan,nan,nan,nan,nan,0
5132136458,5132136172,0.0019999985,2.750546e-09,0.0019999994,1.4317896e-11,nan,nan,nan,nan,nan,nan,nan,nan,0
5132138939,5132138669,0.0019999985,1.7610436e-09,0.0020000003,1.42900605e-11,nan,nan,nan,nan,nan,nan,nan,nan,0
5132146436,5132146160,0.0020000022,1.4702272e-09,0.001999997,1.4068236e-11,nan,nan,nan,nan,nan,nan,nan,nan,0
5132150176,5132149905,0.0020000003,7.7189294e-10,0.0019999996,1.3910496e-11,nan,nan,nan,nan,nan,nan,nan,nan,0
5132153930,5132153650,0.0020000003,0.0,0.0020000003,0.0,nan,nan,nan,nan,nan,nan,nan,nan,0
5132160161,5132159892,0.0019999982,2.1102433e-09,0.002,1.4336378e-11,nan,nan,nan,nan,nan,nan,nan,nan,0
5132163903,5132163637,0.0020000003,0.0,0.002,0.0,nan,nan,nan,nan,nan,nan,nan,nan,0
5132171407,5132171128,0.0020000003,1.52751e-11,0.0020000003,1.382873e-11,nan,nan,nan,nan,nan,nan,nan,nan,0
5132173903,5132173625,0.0020000006,0.0,0.0020000006,0.0,nan,nan,nan,nan,nan,nan,nan,nan,0
5132181392,5132181116,0.0020000006,0.0,0.0020000008,0.0,nan,nan,nan,nan,nan,nan,nan,nan,0
5132186385,5132186110,0.0020000008,0.0,0.0020000008,0.0,nan,nan,nan,nan,nan,nan,nan,nan,0
5132188942,5132188606,0.0020000022,2.6934908e-09,0.0019999957,1.3165406e-11,nan,nan,nan,nan,nan,nan,nan,nan,0
5132195129,5132194848,0.0019999982,1.2965521e-09,0.0020000008,1.31203e-11,nan,nan,nan,nan,nan,nan,nan,nan,0
5132198866,5132198594,0.0020000003,8.3103285e-10,0.0019999994,1.297825e-11,nan,nan,nan,nan,nan,nan,nan,nan,0
5132206377,5132206094,0.0020000006,0.0,0.0020000006,0.0,nan,nan,nan,nan,nan,nan,nan,nan,0
5132210103,5132209830,0.0020000006,0.0,0.0020000006,0.0,nan,nan,nan,nan,nan,nan,nan,nan,0
5132216361,5132216076,0.0020000003,1.5301403e-11,0.0020000003,1.3802428e-11,nan,nan,nan,nan,nan,nan,nan,nan,0
5132220131,5132219817,0.0020000003,0.0,0.0020000003,0.0,nan,nan,nan,nan,nan,nan,nan,nan,0
5132223835,5132223563,0.002,1.1797913e-09,0.001999999,1.3465772e-11,nan,nan,nan,nan,nan,nan,nan,nan,0
5132230077,5132229804,0.0020000006,0.0,0.0020000006,0.0,nan,nan,nan,nan,nan,nan,nan,nan,0
5132233820,5132233550,0.0019999985,1.4123251e-09,0.0020000008,1.3762496e-11,nan,nan,nan,nan,nan,nan,nan,nan,0
5132241342,5132241042,0.0020000006,0.0,0.0020000008,0.0,nan,nan,nan,nan,nan,nan,nan,nan,0
5132243807,5132243537,0.0020000003,8.8842994e-10,0.0019999994,1.3788802e-11,nan,nan,nan,nan,nan,nan,nan,nan,0
5132251351,5132251028,0.0020000022,2.285324e-09,0.0019999961,1.3878648e-11,nan,nan,nan,nan,nan,nan,nan,nan,0
5132256313,5132256024,0.0020000003,0.0,0.0020000003,0.0,nan,nan,nan,nan,nan,nan,nan,nan,0
5132258786,5132258519,0.0020000022,1.7613547e-09,0.0019999966,1.3978934e-11,nan,nan,nan,nan,nan,nan,nan,nan,0
5132266298,5132266010,0.0020000006,0.0,0.0020000006,0.0,nan,nan,nan,nan,nan,nan,nan,nan,0
5132268774,5132268506,0.0020000003,0.0,0.0020000003,0.0,nan,nan,nan,nan,nan,nan,nan,nan,0
5132276285,5132275997,0.0020000022,2.8099083e-09,0.0019999957,1.3163229e-11,nan,nan,nan,nan,nan,nan,nan,nan,0
5132280009,5132279742,0.0019999985,1.4129314e-09,0.0020000008,1.3156238e-11,nan,nan,nan,nan,nan,nan,nan,nan,0
5132286264,5132285984,0.0020000003,5.3925564e-10,0.0019999999,1.37171646e-11,nan,nan,nan,nan,nan,nan,nan,nan,0
5132289999,5132289730,0.0019999985,1.2959647e-09,0.0020000008,1.3707752e-11,nan,nan,nan,nan,nan,nan,nan,nan,0
5132293746,5132293475,0.0020000003,9.468212e-10,0.0019999994,1.360524e-11,nan,nan,nan,nan,nan,nan,nan,nan,0
5132299990,5132299717,0.0020000003,3.6479103e-10,0.0019999999,1.3558779e-11,nan,nan,nan,nan,nan,nan,nan,nan,0
5132303734,5132303462,0.002000002,2.5766573e-09,0.0019999957,1.3583469e-11,nan,nan,nan,nan,nan,nan,nan,nan,0
5132311226,5132310953,0.002000002,1.5870275e-09,0.0019999968,1.3683112e-11,nan,nan,nan,nan,nan,nan,nan,nan,0
5132316234,5132315957,0.0020000003,1.6034861e-10,0.0020000003,1.427437e-11,nan,nan,nan,nan,nan,nan,nan,nan,0
5132321220,5132320941,0.0020000006,6.108062e-10,0.0019999999,3.742501e-13,nan,nan,nan,nan,nan,nan,nan,nan,0
5132326218,5132325934,0.0020000003,2.321782e-10,0.002,6.5245205e-13,nan,nan,nan,nan,nan,nan,nan,nan,0
5132328703,5132328431,0.0019999982,3.0551917e-09,0.001999999,7.1062947e-13,nan,nan,nan,nan,nan,nan,nan,nan,0
5132336200,5132335928,0.0020000003,9.885286e-10,0.0019999994,1.0015929e-12,nan,nan,nan,nan,nan,nan,nan,nan,0
5132338690,5132338418,0.002000002,2.749188e-09,0.0019999957,1.1239109e-12,nan,nan,nan,nan,nan,nan,nan,nan,0
5132346189,5132345909,0.0020000022,1.2934877e-09,0.001999997,1.632818e-12,nan,nan,nan,nan,nan,nan,nan,nan,0
5132349936,5132349654,0.0020000022,3.0977136e-09,0.0019999954,1.8444126e-12,nan,nan,nan,nan,nan,nan,nan,nan,0
5132356172,5132355897,0.0019999985,2.443563e-09,0.0019999999,1.1588482e-12,nan,nan,nan,nan,nan,nan,nan,nan,0
5132359916,5132359642,0.0020000003,0.0,0.0020000003,0.0,nan,nan,nan,nan,nan,nan,nan,nan,0
5132363683,5132363397,0.0020000003,0.0,0.0020000003,0.0,nan,nan,nan,nan,nan,nan,nan,nan,0
5132369915,5132369630,0.0020000003,4.803033e-10,0.0019999999,1.4461807e-11,nan,nan,nan,nan,nan,nan,nan,nan,0
5132373649,5132373375,0.0019999985,1.7609533e-09,0.0020000003,1.4380367e-11,nan,nan,nan,nan,nan,nan,nan,nan,0
5132381159,5132380872,0.0020000003,0.0,0.0020000008,0.0,nan,nan,nan,nan,nan,nan,nan,nan,0
5132386133,5132385860,0.0019999985,2.357352e-09,0.0019999999,5.8261555e-14,nan,nan,nan,nan,nan,nan,nan,nan,0
5132391125,5132390853,0.0019999987,1.1794662e-09,0.0020000013,1.3790909e-11,nan,nan,nan,nan,nan,nan,nan,nan,0
5132396129,5132395847,0.0020000003,0.0,0.0020000006,0.0,nan,nan,nan,nan,nan,nan,nan,nan,0
5132398616,5132398344,0.0020000003,1.0064883e-09,0.0019999994,1.21457375e-11,nan,nan,nan,nan,nan,nan,nan,nan,0
5132406131,5132405835,0.0020000003,2.500694e-10,0.002,1.1865056e-11,nan,nan,nan,nan,nan,nan,nan,nan,0
5132408604,5132408331,0.0020000003,0.0,0.0020000003,0.0,nan,nan,nan,nan,nan,nan,nan,nan,0
5132416099,5132415822,0.0019999985,2.7523464e-09,0.0019999994,1.2517586e-11,nan,nan,nan,nan,nan,nan,nan,nan,0
5132419837,5132419567,0.0020000003,0.0,0.0020000003,0.0,nan,nan,nan,nan,nan,nan,nan,nan,0
5132426086,5132425809,0.0020000006,0.0,0.0020000003,0.0,nan,nan,nan,nan,nan,nan,nan,nan,0
5132429829,5132429555,0.0020000006,0.0,0.0020000006,0.0,nan,nan,nan,nan,nan,nan,nan,nan,0
5132433584,5132433300,0.0019999982,1.2972896e-09,0.0020000008,1.2382722e-11,nan,nan,nan,nan,nan,nan,nan,nan,0
5132441068,5132440791,0.0019999985,1.8498826e-09,0.0020000003,1.2762536e-11,nan,nan,nan,nan,nan,nan,nan,nan,0
5132443557,5132443287,0.0020000003,0.0,0.0020000003,0.0,nan,nan,nan,nan,nan,nan,nan,nan,0
5132451054,5132450778,0.0019999982,1.5293817e-09,0.0020000006,1.3121242e-11,nan,nan,nan,nan,nan,nan,nan,nan,0
5132456048,5132455772,0.0019999985,1.5876085e-09,0.0020000003,1.3102137e-11,nan,nan,nan,nan,nan,nan,nan,nan,0
5132461036,5132460765,0.0019999985,1.4706761e-09,0.0020000008,1.3619229e-11,nan,nan,nan,nan,nan,nan,nan,nan,0
5132466039,5132465760,0.0020000022,2.7509004e-09,0.0019999957,1.3963566e-11,nan,nan,nan,nan,nan,nan,nan,nan,0
5132468521,5132468256,0.002000002,2.1687243e-09,0.0019999961,1.4063016e-11,nan,nan,nan,nan,nan,nan,nan,nan,0
5132477268,5132476995,0.0020000022,2.4603184e-09,0.0019999961,1.3507124e-11,nan,nan,nan,nan,nan,nan,nan,nan,0
5132478522,5132478244,0.0020000022,1.354522e-09,0.001999997,1.3358033e-11,nan,nan,nan,nan,nan,nan,nan,nan,0
5132486015,5132485740,0.0020000006,1.1218204e-09,0.0019999992,1.3228939e-11,nan,nan,nan,nan,nan,nan,nan,nan,0
5132489752,5132489480,0.0020000008,0.0,0.0020000008,0.0,nan,nan,nan,nan,nan,nan,nan,nan,0
5132495998,5132495722,0.0020000022,1.8198862e-09,0.0019999966,1.3655051e-11,nan,nan,nan,nan,nan,nan,nan,nan,0
5132499739,5132499467,0.0019999985,2.8674731e-09,0.0019999994,1.3805979e-11,nan,nan,nan,nan,nan,nan,nan,nan,0
5132503490,5132503212,0.0020000003,1.1795195e-09,0.0019999992,1.3737563e-11,nan,nan,nan,nan,nan,nan,nan,nan,0
5132510989,5132510703,0.002,8.3023455e-10,0.0019999994,1.3776511e-11,nan,nan,nan,nan,nan,nan,nan,nan,0
5132513474,5132513201,0.0020000006,0.0,0.0020000006,0.0,nan,nan,nan,nan,nan,nan,nan,nan,0
5132520968,5132520690,0.0020000022,1.4549936e-09,0.001999997,1.979198e-13,nan,nan,nan,nan,nan,nan,nan,nan,0
5132525970,5132525684,0.0020000003,1.0177084e-09,0.0019999994,9.25756e-13,nan,nan,nan,nan,nan,nan,nan,nan,0
5132530956,5132530678,0.0019999982,2.1958357e-09,0.0019999999,1.5035091e-12,nan,nan,nan,nan,nan,nan,nan,nan,0
5132535956,5132535672,0.002,2.6017352e-10,0.002,1.760943e-12,nan,nan,nan,nan,nan,nan,nan,nan,0
5132538439,5132538169,0.0020000003,5.6641483e-11,0.0020000003,1.5661795e-12,nan,nan,nan,nan,nan,nan,nan,nan,0
5132545947,5132545659,0.0019999985,1.3675652e-09,0.0020000008,3.1487746e-13,nan,nan,nan,nan,nan,nan,nan,nan,0
5132548429,5132548156,0.0020000003,7.1325434e-10,0.0019999994,1.4341424e-11,nan,nan,nan,nan,nan,nan,nan,nan,0
5132555956,5132555650,0.0020000003,0.0,0.0020000006,0.0,nan,nan,nan,nan,nan,nan,nan,nan,0
5132559663,5132559392,0.0020000022,1.2402244e-09,0.0019999973,1.1240342e-11,nan,nan,nan,nan,nan,nan,nan,nan,0
5132565907,5132565634,0.002,0.0,0.0020000003,0.0,nan,nan,nan,nan,nan,nan,nan,nan,0
5132569659,5132569379,0.0020000003,4.2493378e-10,0.0019999999,1.1623686e-11,nan,nan,nan,nan,nan,nan,nan,nan,0
5132573397,5132573125,0.0020000006,0.0,0.0020000006,0.0,nan,nan,nan,nan,nan,nan,nan,nan,0
5132580903,5132580615,0.002000002,1.5315718e-09,0.0019999968,1.0931292e-11,nan,nan,nan,nan,nan,nan,nan,nan,0
5132583394,5132583112,0.0020000006,0.0,0.0020000006,0.0,nan,nan,nan,nan,nan,nan,nan,nan,0
5132590880,5132590603,0.0020000003,0.0,0.0020000003,0.0,nan,nan,nan,nan,nan,nan,nan,nan,0
5132595871,5132595597,0.002,8.057463e-10,0.0019999994,9.160967e-12,nan,nan,nan,nan,nan,nan,nan,nan,0
5132600870,5132600590,0.0020000006,0.0,0.0020000006,0.0,nan,nan,nan,nan,nan,nan,nan,nan,0
5132605878,5132605584,0.0020000006,1.3724213e-10,0.0020000003,8.277011e-12,nan,nan,nan,nan,nan,nan,nan,nan,0
5132608358,5132608081,0.0020000003,0.0,0.0020000003,0.0,nan,nan,nan,nan,nan,nan,nan,nan,0
5132615852,5132615572,0.0020000003,9.825367e-10,0.0019999994,6.993548e-12,nan,nan,nan,nan,nan,nan,nan,nan,0
5132618356,5132618068,0.0020000003,9.246575e-10,0.0019999994,6.6650435e-12,nan,nan,nan,nan,nan,nan,nan,nan,0
5132625833,5132625559,0.0020000006,0.0,0.0020000003,0.0,nan,nan,nan,nan,nan,nan,nan,nan,0
5132629573,5132629304,0.0019999985,2.6427733e-09,0.0019999994,5.675219e-12,nan,nan,nan,nan,nan,nan,nan,nan,0
5132635827,5132635547,0.0020000006,0.0,0.0020000006,0.0,nan,nan,nan,nan,nan,nan,nan,nan,0
5132639563,5132639292,0.0020000003,0.0,0.0020000006,0.0,nan,nan,nan,nan,nan,nan,nan,nan,0
5132643319,5132643037,0.0020000003,2.2132953e-11,0.0020000003,6.970877e-12,nan,nan,nan,nan,nan,nan,nan,nan,0
5132650803,5132650528,0.0020000003,1.1577754e-09,0.0019999992,6.377834e-12,nan,nan,nan,nan,nan,nan,nan,nan,0
5132653309,5132653025,0.0020000006,0.0,0.0020000006,0.0,nan,nan,nan,nan,nan,nan,nan,nan,0
5132660795,5132660515,0.0020000006,0.0,0.0020000006,0.0,nan,nan,nan,nan,nan,nan,nan,nan,0
5132665790,5132665509,0.0020000003,1.0999237e-09,0.0019999994,6.021796e-12,nan,nan,nan,nan,nan,nan,nan,nan,0
5132672043,5132671751,0.0019999985,1.4789496e-09,0.0020000008,5.345741e-12,nan,nan,nan,nan,nan,nan,nan,nan,0
5132674543,5132674248,0.0020000022,2.905101e-09,0.0019999957,5.282082e-12,nan,nan,nan,nan,nan,nan,nan,nan,0
5132678267,5132677993,0.0020000008,0.0,0.002000001,0.0,nan,nan,nan,nan,nan,nan,nan,nan,0
5132685760,5132685484,0.0020000006,0.0,0.0020000006,0.0,nan,nan,nan,nan,nan,nan,nan,nan,0
5132689515,5132689232,0.0020000022,1.8570959e-09,0.0019999966,5.5492104e-12,nan,nan,nan,nan,nan,nan,nan,nan,0
5132695743,5132695472,0.0020000022,1.7987161e-09,0.0019999966,5.721458e-12,nan,nan,nan,nan,nan,nan,nan,nan,0
5132699486,5132699217,0.002000002,1.3042366e-09,0.001999997,5.435725e-12,nan,nan,nan,nan,nan,nan,nan,nan,0
5132707009,5132706710,0.0020000006,0.0,0.0020000006,0.0,nan,nan,nan,nan,nan,nan,nan,nan,0
5132709477,5132709204,0.0019999985,3.0788614e-09,0.0019999992,6.1447496e-12,nan,nan,nan,nan,nan,nan,nan,nan,0
5132713230,5132712949,0.002,7.795658e-10,0.0019999994,6.2376233e-12,nan,nan,nan,nan,nan,nan,nan,nan,0
5132720717,5132720440,0.0020000022,1.6532887e-09,0.0019999968,5.6296495e-12,nan,nan,nan,nan,nan,nan,nan,nan,0
5132725709,5132725434,0.0020000022,1.478696e-09,0.001999997,5.599323e-12,nan,nan,nan,nan,nan,nan,nan,nan,0
5132730715,5132730428,0.0020000022,1.2756592e-09,0.0019999973,4.9092414e-12,nan,nan,nan,nan,nan,nan,nan,nan,0
5132734454,5132734173,0.0020000006,0.0,0.0020000006,0.0,nan,nan,nan,nan,nan,nan,nan,nan,0
5132741956,5132741663,0.002,3.165067e-10,0.0019999999,3.6354132e-12,nan,nan,nan,nan,nan,nan,nan,nan,0
5132745683,5132745409,0.0020000003,0.0,0.0020000006,0.0,nan,nan,nan,nan,nan,nan,nan,nan,0
5132748182,5132747906,0.0020000006,1.7224058e-10,0.002,2.3824068e-12,nan,nan,nan,nan,nan,nan,nan,nan,0
5132755670,5132755399,0.0020000022,2.6177427e-09,0.0019999957,1.6020345e-12,nan,nan,nan,nan,nan,nan,nan,nan,0
5132759427,5132759142,0.0020000006,0.0,0.0020000008,0.0,nan,nan,nan,nan,nan,nan,nan,nan,0
5132765671,5132765384,0.0020000024,1.2795586e-09,0.0019999973,1.0100202e-12,nan,nan,nan,nan,nan,nan,nan,nan,0
5132769401,5132769129,0.0020000006,0.0,0.0020000006,0.0,nan,nan,nan,nan,nan,nan,nan,nan,0
5132776900,5132776620,0.0020000008,0.0,0.002000001,0.0,nan,nan,nan,nan,nan,nan,nan,nan,0
5132779392,5132779117,0.0020000006,0.0,0.0020000006,0.0,nan,nan,nan,nan,nan,nan,nan,nan,0
5132783142,5132782862,0.0020000006,0.0,0.0020000006,0.0,nan,nan,nan,nan,nan,nan,nan,nan,0
5132790632,5132790353,0.0020000003,3.7886308e-10,0.0019999999,2.859054e-11,nan,nan,nan,nan,nan,nan,nan,nan,0
5132794371,5132794098,0.0020000003,4.951192e-10,0.0019999999,2.8749718e-11,nan,nan,nan,nan,nan,nan,nan,nan,0
5132800614,5132800340,0.0020000006,0.0,0.0020000006,0.0,nan,nan,nan,nan,nan,nan,nan,nan,0
5132805616,5132805334,0.0020000024,1.280418e-09,0.0019999973,1.5055145e-13,nan,nan,nan,nan,nan,nan,nan,nan,0
5132811844,5132811576,0.0020000022,1.9200468e-09,0.0019999966,8.060462e-13,nan,nan,nan,nan,nan,nan,nan,nan,0
5132814357,5132814073,0.0020000006,0.0,0.0020000006,0.0,nan,nan,nan,nan,nan,nan,nan,nan,0
5132818091,5132817818,0.0020000024,1.7450497e-09,0.0019999968,1.1802018e-12,nan,nan,nan,nan,nan,nan,nan,nan,0
5132825590,5132825309,0.002,6.966354e-10,0.0019999994,1.8565167e-12,nan,nan,nan,nan,nan,nan,nan,nan,0
5132829338,5132829054,0.0020000022,1.2787245e-09,0.0019999973,1.8440267e-12,nan,nan,nan,nan,nan,nan,nan,nan,0
5132835574,5132835297,0.0020000008,0.0,0.002000001,0.0,nan,nan,nan,nan,nan,nan,nan,nan,0
5132839348,5132839042,0.0020000003,2.3045706e-10,0.0019999999,2.3735822e-12,nan,nan,nan,nan,nan,nan,nan,nan,0
5132846810,5132846533,0.0020000022,2.5010949e-09,0.001999996,1.834588e-12,nan,nan,nan,nan,nan,nan,nan,nan,0
5132849314,5132849029,0.0020000008,0.0,0.0020000006,0.0,nan,nan,nan,nan,nan,nan,nan,nan,0
5132853059,5132852775,0.002000002,1.5699426e-09,0.0019999968,1.6642139e-12,nan,nan,nan,nan,nan,nan,nan,nan,0
5132860537,5132860265,0.0019999985,1.4526869e-09,0.0020000008,2.5046718e-12,nan,nan,nan,nan,nan,nan,nan,nan,0
5132864294,5132864010,0.0019999985,1.859674e-09,0.0020000003,2.9711858e-12,nan,nan,nan,nan,nan,nan,nan,nan,0
5132870532,5132870255,0.0020000006,0.0,0.0020000006,0.0,nan,nan,nan,nan,nan,nan,nan,nan,0
5132875532,5132875247,0.002000002,1.6259162e-09,0.0019999968,3.8983573e-12,nan,nan,nan,nan,nan,nan,nan,nan,0
5132881766,5132881488,0.0019999987,1.7423344e-09,0.0020000006,3.89549e-12,nan,nan,nan,nan,nan,nan,nan,nan,0
5132885520,5132885234,0.0019999985,1.5675012e-09,0.0020000006,4.1056134e-12,nan,nan,nan,nan,nan,nan,nan,nan,0
5132887997,5132887730,0.0020000006,0.0,0.0020000006,0.0,nan,nan,nan,nan,nan,nan,nan,nan,0
5132895494,5132895222,0.0020000022,1.4500837e-09,0.001999997,5.107779e-12,nan,nan,nan,nan,nan,nan,nan,nan,0
5132899240,5132898966,0.0019999985,1.7695383e-09,0.0020000003,5.795345e-12,nan,nan,nan,nan,nan,nan,nan,nan,0
5132905498,5132905209,0.0020000022,1.7108484e-09,0.0019999968,6.277619e-12,nan,nan,nan,nan,nan,nan,nan,nan,0
5132909224,5132908954,0.0019999985,2.4096556e-09,0.0019999999,5.962387e-12,nan,nan,nan,nan,nan,nan,nan,nan,0
5132916724,5132916445,0.0020000003,4.891205e-10,0.0019999999,5.6446132e-12,nan,nan,nan,nan,nan,nan,nan,nan,0
5132920494,5132920190,0.0020000003,0.0,0.0020000003,0.0,nan,nan,nan,nan,nan,nan,nan,nan,0
5132922970,5132922687,0.0019999982,2.2060482e-09,0.0019999999,5.8429667e-12,nan,nan,nan,nan,nan,nan,nan,nan,0
5132930465,5132930178,0.0020000003,0.0,0.0020000003,0.0,nan,nan,nan,nan,nan,nan,nan,nan,0
5132934193,5132933923,0.0020000022,1.3608252e-09,0.001999997,7.0548394e-12,nan,nan,nan,nan,nan,nan,nan,nan,0
5132940448,5132940165,0.0019999987,1.6514892e-09,0.0020000008,7.429132e-12,nan,nan,nan,nan,nan,nan,nan,nan,0
5132945439,5132945159,0.0019999985,1.243715e-09,0.002000001,7.74969e-12,nan,nan,nan,nan,nan,nan,nan,nan,0
5132951688,5132951401,0.0019999985,2.6984996e-09,0.0019999994,8.156611e-12,nan,nan,nan,nan,nan,nan,nan,nan,0
5132955442,5132955147,0.0020000008,0.0,0.002000001,0.0,nan,nan,nan,nan,nan,nan,nan,nan,0
5132957913,5132957643,0.0020000003,9.2241714e-10,0.0019999994,8.9054215e-12,nan,nan,nan,nan,nan,nan,nan,nan,0
5132965412,5132965134,0.0019999985,1.4169416e-09,0.0020000008,9.146142e-12,nan,nan,nan,nan,nan,nan,nan,nan,0
5132969149,5132968879,0.0020000006,0.0,0.0020000006,0.0,nan,nan,nan,nan,nan,nan,nan,nan,0
5132975403,5132975121,0.0020000003,1.2138497e-09,0.0019999992,8.511148e-12,nan,nan,nan,nan,nan,nan,nan,nan,0
5132979145,5132978866,0.0020000022,2.873429e-09,0.0019999957,7.850167e-12,nan,nan,nan,nan,nan,nan,nan,nan,0
5132986638,5132986357,0.0020000003,7.894938e-11,0.0020000003,8.362111e-12,nan,nan,nan,nan,nan,nan,nan,nan,0
5132990382,5132990103,0.0019999985,2.4069409e-09,0.0019999999,8.677057e-12,nan,nan,nan,nan,nan,nan,nan,nan,0
5132992881,5132992599,0.0020000022,1.8538326e-09,0.0019999966,8.812513e-12,nan,nan,nan,nan,nan,nan,nan,nan,0
5133000372,5133000090,0.0020000022,1.6211991e-09,0.001999997,8.6154955e-12,nan,nan,nan,nan,nan,nan,nan,nan,0
5133005373,5133005084,0.0020000003,4.5699167e-10,0.0019999999,8.669612e-12,nan,nan,nan,nan,nan,nan,nan,nan,0
5133010357,5133010078,0.0020000003,1.242879e-09,0.0019999992,8.585707e-12,nan,nan,nan,nan,nan,nan,nan,nan,0
5133015365,5133015071,0.0020000003,5.4479654e-10,0.0019999999,8.176246e-12,nan,nan,nan,nan,nan,nan,nan,nan,0
5133021579,5133021313,0.0020000006,0.0,0.0020000006,0.0,nan,nan,nan,nan,nan,nan,nan,nan,0
5133025340,5133025059,0.0020000006,0.0,0.0020000008,0.0,nan,nan,nan,nan,nan,nan,nan,nan,0
5133027825,5133027555,0.0020000006,0.0,0.0020000006,0.0,nan,nan,nan,nan,nan,nan,nan,nan,0
5133035333,5133035046,0.0020000003,1.0387529e-09,0.0019999994,8.985087e-12,nan,nan,nan,nan,nan,nan,nan,nan,0
5133039067,5133038791,0.0020000022,1.4166028e-09,0.001999997,9.484908e-12,nan,nan,nan,nan,nan,nan,nan,nan,0
5133045320,5133045034,0.0020000008,0.0,0.0020000008,0.0,nan,nan,nan,nan,nan,nan,nan,nan,0
5133049109,5133048782,0.0020000024,1.2404519e-09,0.0019999975,1.1012876e-11,nan,nan,nan,nan,nan,nan,nan,nan,0
5133056562,5133056276,0.0020000022,2.957044e-09,0.0019999957,1.1546864e-11,nan,nan,nan,nan,nan,nan,nan,nan,0
5133060299,5133060015,0.0020000022,2.491559e-09,0.0019999961,1.1370561e-11,nan,nan,nan,nan,nan,nan,nan,nan,0
5133062785,5133062513,0.0020000006,0.0,0.0020000006,0.0,nan,nan,nan,nan,nan,nan,nan,nan,0
5133070287,5133070003,0.0020000022,1.2981136e-09,0.001999997,1.1558764e-11,nan,nan,nan,nan,nan,nan,nan,nan,0
5133075273,5133074996,0.0019999985,2.2873434e-09,0.0019999999,1.185908e-11,nan,nan,nan,nan,nan,nan,nan,nan,0
5133081539,5133081241,0.002000002,1.5309386e-09,0.0019999968,1.1564444e-11,nan,nan,nan,nan,nan,nan,nan,nan,0
5133085263,5133084984,0.0020000003,3.0868308e-10,0.002,1.1459054e-11,nan,nan,nan,nan,nan,nan,nan,nan,0
5133091505,5133091227,0.002000002,2.6659026e-09,0.0019999957,1.1649865e-11,nan,nan,nan,nan,nan,nan,nan,nan,0
5133095257,5133094971,0.0020000003,3.6651102e-10,0.0019999999,1.1838792e-11,nan,nan,nan,nan,nan,nan,nan,nan,0
5133098990,5133098716,0.0019999982,1.2979596e-09,0.0020000008,1.171273e-11,nan,nan,nan,nan,nan,nan,nan,nan,0
5133105232,5133104959,0.0019999985,1.4734305e-09,0.0020000008,1.0864837e-11,nan,nan,nan,nan,nan,nan,nan,nan,0
5133109029,5133108704,0.0020000003,0.0,0.0020000006,0.0,nan,nan,nan,nan,nan,nan,nan,nan,0
5133116534,5133116195,0.0020000003,0.0,0.0020000003,0.0,nan,nan,nan,nan,nan,nan,nan,nan,0
5133118970,5133118692,0.0020000003,8.923304e-10,0.0019999994,9.888356e-12,nan,nan,nan,nan,nan,nan,nan,nan,0
5133126456,5133126182,0.0020000003,9.794554e-10,0.0019999994,1.0074785e-11,nan,nan,nan,nan,nan,nan,nan,nan,0
5133130212,5133129928,0.0019999985,1.4157607e-09,0.0020000008,1.0327001e-11,nan,nan,nan,nan,nan,nan,nan,nan,0
5133133959,5133133673,0.0020000003,0.0,0.0020000003,0.0,nan,nan,nan,nan,nan,nan,nan,nan,0
5133140195,5133139915,0.0019999985,3.1620384e-09,0.001999999,1.027901e-11,nan,nan,nan,nan,nan,nan,nan,nan,0
5133145188,5133144908,0.0020000024,2.4632347e-09,0.0019999961,1.0590881e-11,nan,nan,nan,nan,nan,nan,nan,nan,0
5133151429,5133151151,0.0020000003,1.1820703e-09,0.0019999992,1.1186723e-11,nan,nan,nan,nan,nan,nan,nan,nan,0
5133155180,5133154896,0.0019999985,2.40418e-09,0.0019999999,1.1438007e-11,nan,nan,nan,nan,nan,nan,nan,nan,0
5133161455,5133161138,0.0020000003,9.485469e-10,0.0019999994,1.1879544e-11,nan,nan,nan,nan,nan,nan,nan,nan,0
5133165175,5133164884,0.0020000003,0.0,0.0020000003,0.0,nan,nan,nan,nan,nan,nan,nan,nan,0
5133168959,5133168629,0.0020000024,1.7051066e-09,0.001999997,1.20194115e-11,nan,nan,nan,nan,nan,nan,nan,nan,0
5133175145,5133174871,0.0019999985,1.414381e-09,0.0020000008,1.1706738e-11,nan,nan,nan,nan,nan,nan,nan,nan,0
5133178888,5133178616,0.002000002,2.6367875e-09,0.0019999957,1.1661019e-11,nan,nan,nan,nan,nan,nan,nan,nan,0
5133186383,5133186107,0.0020000003,0.0,0.0020000003,0.0,nan,nan,nan,nan,nan,nan,nan,nan,0
5133188873,5133188604,0.0020000003,4.828723e-10,0.0019999999,1.1892815e-11,nan,nan,nan,nan,nan,nan,nan,nan,0
5133196374,5133196095,0.0020000022,1.4725441e-09,0.001999997,1.1751319e-11,nan,nan,nan,nan,nan,nan,nan,nan,0
5133200128,5133199840,0.0020000003,0.0,0.0020000003,0.0,nan,nan,nan,nan,nan,nan,nan,nan,0
5133205111,5133204834,0.0020000003,0.0,0.0020000003,0.0,nan,nan,nan,nan,nan,nan,nan,nan,0
5133210102,5133209827,0.0020000003,0.0,0.0020000003,0.0,nan,nan,nan,nan,nan,nan,nan,nan,0
5133213888,5133213572,0.0020000003,1.0655707e-09,0.0019999994,1.12710345e-11,nan,nan,nan,nan,nan,nan,nan,nan,0
5133221382,5133221063,0.0020000006,0.0,0.0020000003,0.0,nan,nan,nan,nan,nan,nan,nan,nan,0
5133225130,5133224808,0.0020000024,1.2415172e-09,0.0019999975,9.947444e-12,nan,nan,nan,nan,nan,nan,nan,nan,0
5133231341,5133231051,0.0019999985,1.7657926e-09,0.0020000003,9.540979e-12,nan,nan,nan,nan,nan,nan,nan,nan,0
5133235074,5133234796,0.0020000006,0.0,0.0020000008,0.0,nan,nan,nan,nan,nan,nan,nan,nan,0
5133238823,5133238542,0.0019999985,1.4165421e-09,0.0020000008,9.5455865e-12,nan,nan,nan,nan,nan,nan,nan,nan,0
5133245065,5133244784,0.0019999966,3.2504017e-09,0.0020000008,9.227275e-12,nan,nan,nan,nan,nan,nan,nan,nan,0
5133248797,5133248529,0.0019999985,1.3588494e-09,0.0020000008,9.030677e-12,nan,nan,nan,nan,nan,nan,nan,nan,0
5133256355,5133256019,0.002,7.765593e-10,0.0019999994,9.244123e-12,nan,nan,nan,nan,nan,nan,nan,nan,0
5133260045,5133259764,0.0020000003,2.81768e-10,0.0019999999,9.2703e-12,nan,nan,nan,nan,nan,nan,nan,nan,0
5133266360,5133266012,0.0020000006,6.5967887e-10,0.0019999999,9.709211e-12,nan,nan,nan,nan,nan,nan,nan,nan,0
5133270031,5133269752,0.0020000003,1.0664989e-09,0.0019999994,1.034281e-11,nan,nan,nan,nan,nan,nan,nan,nan,0
5133273809,5133273498,0.0020000003,1.0073239e-09,0.0019999994,1.1310203e-11,nan,nan,nan,nan,nan,nan,nan,nan,0
5133280011,5133279739,0.002,3.6597475e-10,0.0019999999,1.2375033e-11,nan,nan,nan,nan,nan,nan,nan,nan,0
5133285015,5133284734,0.0020000006,0.0,0.0020000003,0.0,nan,nan,nan,nan,nan,nan,nan,nan,0
5133291244,5133290975,0.0020000006,0.0,0.0020000006,0.0,nan,nan,nan,nan,nan,nan,nan,nan,0
5133294996,5133294721,0.0020000003,0.0,0.0020000003,0.0,nan,nan,nan,nan,nan,nan,nan,nan,0
5133301242,5133300963,0.0020000003,7.735592e-10,0.0019999996,1.224419e-11,nan,nan,nan,nan,nan,nan,nan,nan,0
5133304992,5133304709,0.0020000006,0.0,0.0020000008,0.0,nan,nan,nan,nan,nan,nan,nan,nan,0
5133308726,5133308454,0.0020000006,1.0358602e-09,0.0019999994,1.1877714e-11,nan,nan,nan,nan,nan,nan,nan,nan,0
5133314970,5133314696,0.0020000006,0.0,0.0020000008,0.0,nan,nan,nan,nan,nan,nan,nan,nan,0
5133318808,5133318441,0.0020000006,0.0,0.0020000006,0.0,nan,nan,nan,nan,nan,nan,nan,nan,0
5133326255,5133325932,0.0020000024,1.181487e-09,0.0019999973,1.1770036e-11,nan,nan,nan,nan,nan,nan,nan,nan,0
5133329966,5133329678,0.0020000006,5.9915745e-10,0.0019999999,1.2022971e-11,nan,nan,nan,nan,nan,nan,nan,nan,0
5133336191,5133335919,0.0020000003,1.2966295e-09,0.001999999,1.3042886e-11,nan,nan,nan,nan,nan,nan,nan,nan,0
5133339940,5133339665,0.0020000003,1.1215434e-09,0.0019999994,1.3505922e-11,nan,nan,nan,nan,nan,nan,nan,nan,0
5133344941,5133344659,0.0020000003,1.9019276e-10,0.0020000003,1.3534045e-11,nan,nan,nan,nan,nan,nan,nan,nan,0
5133349968,5133349652,0.0020000003,7.413374e-11,0.0020000003,1.3177747e-11,nan,nan,nan,nan,nan,nan,nan,nan,0
5133354922,5133354646,0.0020000006,6.5680467e-10,0.0019999999,1.2583412e-11,nan,nan,nan,nan,nan,nan,nan,nan,0
5133361163,5133360888,0.0020000006,0.0,0.0020000006,0.0,nan,nan,nan,nan,nan,nan,nan,nan,0
5133364913,5133364633,0.0020000006,0.0,0.002,0.0,nan,nan,nan,nan,nan,nan,nan,nan,0
5133371204,5133370876,0.0020000022,1.936927e-09,0.0019999966,1.3029524e-11,nan,nan,nan,nan,nan,nan,nan,nan,0
5133374912,5133374621,0.0019999985,2.0531183e-09,0.002,1.325362e-11,nan,nan,nan,nan,nan,nan,nan,nan,0
5133378692,5133378366,0.0020000006,0.0,0.0020000006,0.0,nan,nan,nan,nan,nan,nan,nan,nan,0
5133384883,5133384609,0.0020000006,0.0,0.0020000006,0.0,nan,nan,nan,nan,nan,nan,nan,nan,0
5133388621,5133388354,0.0020000006,0.0,0.0020000006,0.0,nan,nan,nan,nan,nan,nan,nan,nan,0
5133396122,5133395844,0.0020000006,0.0,0.0020000006,0.0,nan,nan,nan,nan,nan,nan,nan,nan,0
5133399865,5133399590,0.0020000006,0.0,0.0020000006,0.0,nan,nan,nan,nan,nan,nan,nan,nan,0
5133406119,5133405832,0.0020000022,2.1403344e-09,0.0019999961,1.3349164e-11,nan,nan,nan,nan,nan,nan,nan,nan,0
5133409854,5133409577,0.0019999985,1.4707413e-09,0.0020000008,1.355405e-11,nan,nan,nan,nan,nan,nan,nan,nan,0
5133414847,5133414571,0.0019999985,2.4013755e-09,0.0019999999,1.4242442e-11,nan,nan,nan,nan,nan,nan,nan,nan,0
5133419835,5133419565,0.0020000022,1.7746631e-09,0.0019999966,6.705903e-13,nan,nan,nan,nan,nan,nan,nan,nan,0
5133424837,5133424558,0.0020000024,2.3565256e-09,0.0019999961,8.8453463e-13,nan,nan,nan,nan,nan,nan,nan,nan,0
5133431100,5133430800,0.0020000022,2.7207352e-09,0.0019999957,4.7302613e-13,nan,nan,nan,nan,nan,nan,nan,nan,0
5133434822,5133434546,0.0019999982,1.5715618e-09,0.0020000006,4.503689e-14,nan,nan,nan,nan,nan,nan,nan,nan,0
5133441058,5133440788,0.0020000003,0.0,0.0020000003,0.0,nan,nan,nan,nan,nan,nan,nan,nan,0
5133444809,5133444533,0.0020000006,0.0,0.0020000006,0.0,nan,nan,nan,nan,nan,nan,nan,nan,0
5133448549,5133448280,0.0019999982,1.5293946e-09,0.0020000006,1.3108389e-11,nan,nan,nan,nan,nan,nan,nan,nan,0
5133456064,5133455769,0.0020000006,0.0,0.0020000006,0.0,nan,nan,nan,nan,nan,nan,nan,nan,0
5133458544,5133458272,0.0020000003,4.2224377e-10,0.0019999999,1.4313686e-11,nan,nan,nan,nan,nan,nan,nan,nan,0
5133466037,5133465757,0.0020000003,7.2716494e-10,0.0019999996,4.30842e-13,nan,nan,nan,nan,nan,nan,nan,nan,0
5133469785,5133469502,0.002,0.0,0.0020000003,0.0,nan,nan,nan,nan,nan,nan,nan,nan,0
5133476047,5133475744,0.002000002,3.041738e-09,0.0019999952,1.4164198e-11,nan,nan,nan,nan,nan,nan,nan,nan,0
5133479766,5133479489,0.0020000006,6.556042e-10,0.0019999999,1.3783899e-11,nan,nan,nan,nan,nan,nan,nan,nan,0
5133483550,5133483235,0.0020000003,1.3191193e-10,0.0020000003,1.3607225e-11,nan,nan,nan,nan,nan,nan,nan,nan,0
5133491038,5133490725,0.0020000006,0.0,0.0020000006,0.0,nan,nan,nan,nan,nan,nan,nan,nan,0
5133494747,5133494471,0.0020000006,0.0,0.0020000006,0.0,nan,nan,nan,nan,nan,nan,nan,nan,0
5133501000,5133500713,0.0020000022,2.053579e-09,0.0019999966,1.2792977e-11,nan,nan,nan,nan,nan,nan,nan,nan,0
5133504733,5133504458,0.0020000006,0.0,0.0020000006,0.0,nan,nan,nan,nan,nan,nan,nan,nan,0
5133508483,5133508204,0.0020000022,2.9853051e-09,0.0019999957,1.2389371e-11,nan,nan,nan,nan,nan,nan,nan,nan,0
5133514722,5133514446,0.0020000003,0.0,0.002,0.0,nan,nan,nan,nan,nan,nan,nan,nan,0
5133518463,5133518191,0.0020000006,1.9053006e-10,0.002,1.3196742e-11,nan,nan,nan,nan,nan,nan,nan,nan,0
5133525968,5133525682,0.0019999982,2.5762763e-09,0.0019999994,1.3964651e-11,nan,nan,nan,nan,nan,nan,nan,nan,0
5133528466,5133528179,0.0020000006,0.0,0.0020000006,0.0,nan,nan,nan,nan,nan,nan,nan,nan,0
5133535967,5133535669,0.0020000006,0.0,0.0020000006,0.0,nan,nan,nan,nan,nan,nan,nan,nan,0
5133539704,5133539414,0.0020000003,1.1637235e-09,0.0019999992,4.2976473e-13,nan,nan,nan,nan,nan,nan,nan,nan,0
5133544688,5133544409,0.0020000006,0.0,0.0020000006,0.0,nan,nan,nan,nan,nan,nan,nan,nan,0
5133549677,5133549402,0.0020000006,0.0,0.0020000006,0.0,nan,nan,nan,nan,nan,nan,nan,nan,0
5133554677,5133554396,0.0020000008,0.0,0.0020000006,0.0,nan,nan,nan,nan,nan,nan,nan,nan,0
5133560920,5133560638,0.0020000006,0.0,0.0020000006,0.0,nan,nan,nan,nan,nan,nan,nan,nan,0
5133563405,5133563135,0.0020000022,1.7744167e-09,0.0019999966,9.169549e-13,nan,nan,nan,nan,nan,nan,nan,nan,0
5133570890,5133570625,0.0019999985,2.4011308e-09,0.0019999999,1.44869845e-11,nan,nan,nan,nan,nan,nan,nan,nan,0
5133574649,5133574371,0.0020000022,2.517916e-09,0.0019999961,1.4117112e-11,nan,nan,nan,nan,nan,nan,nan,nan,0
5133578403,5133578116,0.0020000006,0.0,0.0020000006,0.0,nan,nan,nan,nan,nan,nan,nan,nan,0
5133584634,5133584358,0.0020000003,2.4992797e-10,0.002,1.2006503e-11,nan,nan,nan,nan,nan,nan,nan,nan,0
5133588406,5133588104,0.0020000006,0.0,0.0020000008,0.0,nan,nan,nan,nan,nan,nan,nan,nan,0
5133595894,5133595594,0.0020000022,1.1833033e-09,0.0019999975,9.953703e-12,nan,nan,nan,nan,nan,nan,nan,nan,0
5133598370,5133598091,0.0020000003,1.242123e-09,0.001999999,9.34177e-12,nan,nan,nan,nan,nan,nan,nan,nan,0
5133605855,5133605582,0.0020000024,1.6799055e-09,0.0019999968,8.116599e-12,nan,nan,nan,nan,nan,nan,nan,nan,0
5133609608,5133609327,0.002,0.0,0.0020000003,0.0,nan,nan,nan,nan,nan,nan,nan,nan,0
5133614596,5133614321,0.0019999985,1.4765373e-09,0.0020000008,7.758065e-12,nan,nan,nan,nan,nan,nan,nan,nan,0
5133619592,5133619314,0.0020000006,0.0,0.0020000006,0.0,nan,nan,nan,nan,nan,nan,nan,nan,0
5133624592,5133624316,0.0020000006,0.0,0.0020000006,0.0,nan,nan,nan,nan,nan,nan,nan,nan,0
5133630830,5133630550,0.002000002,1.3027642e-09,0.001999997,6.9081563e-12,nan,nan,nan,nan,nan,nan,nan,nan,0
5133633348,5133633047,0.0019999985,1.477304e-09,0.0020000008,6.991364e-12,nan,nan,nan,nan,nan,nan,nan,nan,0
5133640827,5133640538,0.0020000006,0.0,0.0020000006,0.0,nan,nan,nan,nan,nan,nan,nan,nan,0
5133644559,5133644283,0.0020000006,0.0,0.0020000006,0.0,nan,nan,nan,nan,nan,nan,nan,nan,0
5133648332,5133648028,0.0020000022,1.2449474e-09,0.0019999973,6.51729e-12,nan,nan,nan,nan,nan,nan,nan,nan,0
5133654589,5133654271,0.0019999985,1.4486974e-09,0.0020000008,6.4941455e-12,nan,nan,nan,nan,nan,nan,nan,nan,0
5133658290,5133658016,0.0020000022,2.9914065e-09,0.0019999957,6.28805e-12,nan,nan,nan,nan,nan,nan,nan,nan,0
5133665781,5133665508,0.0020000024,1.6812102e-09,0.0019999968,6.81199e-12,nan,nan,nan,nan,nan,nan,nan,nan,0
5133669528,5133669255,0.0020000006,0.0,0.0020000006,0.0,nan,nan,nan,nan,nan,nan,nan,nan,0
5133675765,5133675494,0.0020000003,0.0,0.0020000003,0.0,nan,nan,nan,nan,nan,nan,nan,nan,0
5133679525,5133679239,0.0020000006,0.0,0.0020000006,0.0,nan,nan,nan,nan,nan,nan,nan,nan,0
5133683262,5133682985,0.0020000003,1.1856282e-09,0.0019999992,7.628889e-12,nan,nan,nan,nan,nan,nan,nan,nan,0
5133689515,5133689227,0.0020000003,4.293672e-10,0.0019999999,7.1902605e-12,nan,nan,nan,nan,nan,nan,nan,nan,0
5133694497,5133694221,0.0020000022,2.146193e-09,0.0019999961,7.490394e-12,nan,nan,nan,nan,nan,nan,nan,nan,0
5133700743,5133700463,0.0020000024,1.6220455e-09,0.001999997,7.768985e-12,nan,nan,nan,nan,nan,nan,nan,nan,0
5133704494,5133704212,0.0020000006,0.0,0.0020000006,0.0,nan,nan,nan,nan,nan,nan,nan,nan,0
5133710720,5133710450,0.0020000024,2.3794051e-09,0.0019999961,7.1089714e-12,nan,nan,nan,nan,nan,nan,nan,nan,0
5133714479,5133714196,0.0020000003,5.4589794e-10,0.0019999999,7.0748424e-12,nan,nan,nan,nan,nan,nan,nan,nan,0
5133718215,5133717941,0.0020000003,9.827845e-10,0.0019999994,6.745729e-12,nan,nan,nan,nan,nan,nan,nan,nan,0
5133724458,5133724184,0.0020000003,0.0,0.0020000003,0.0,nan,nan,nan,nan,nan,nan,nan,nan,0
5133728197,5133727928,0.0019999982,3.0496106e-09,0.001999999,6.2916894e-12,nan,nan,nan,nan,nan,nan,nan,nan,0
5133735706,5133735419,0.0020000022,2.5837987e-09,0.0019999957,6.4421194e-12,nan,nan,nan,nan,nan,nan,nan,nan,0
5133739457,5133739164,0.0020000022,1.3032262e-09,0.001999997,6.4461422e-12,nan,nan,nan,nan,nan,nan,nan,nan,0
5133745692,5133745407,0.0020000003,0.0,0.002,0.0,nan,nan,nan,nan,nan,nan,nan,nan,0
5133749432,5133749152,0.0020000022,1.30372e-09,0.001999997,5.9523168e-12,nan,nan,nan,nan,nan,nan,nan,nan,0
5133754429,5133754150,0.0020000006,0.0,0.0020000006,0.0,nan,nan,nan,nan,nan,nan,nan,nan,0
5133759414,5133759140,0.0020000006,0.0,0.0020000003,0.0,nan,nan,nan,nan,nan,nan,nan,nan,0
5133763152,5133762885,0.0020000003,9.2588326e-10,0.0019999994,5.439314e-12,nan,nan,nan,nan,nan,nan,nan,nan,0
5133770642,5133770375,0.0020000008,0.0,0.0020000008,0.0,nan,nan,nan,nan,nan,nan,nan,nan,0
5133774405,5133774121,0.0020000006,0.0,0.0020000006,0.0,nan,nan,nan,nan,nan,nan,nan,nan,0
5133780638,5133780363,0.0020000024,1.2748104e-09,0.0019999973,5.758184e-12,nan,nan,nan,nan,nan,nan,nan,nan,0
5133784398,5133784108,0.002,2.8533173e-10,0.0019999999,5.706562e-12,nan,nan,nan,nan,nan,nan,nan,nan,0
5133791880,5133791598,0.0019999987,1.2173749e-09,0.0020000013,4.985982e-12,nan,nan,nan,nan,nan,nan,nan,nan,0
5133794369,5133794096,0.0020000006,0.0,0.0020000006,0.0,nan,nan,nan,nan,nan,nan,nan,nan,0
5133798135,5133797843,0.0020000022,1.7998558e-09,0.0019999966,4.58171e-12,nan,nan,nan,nan,nan,nan,nan,nan,0
5133805618,5133805333,0.0020000006,0.0,0.0020000006,0.0,nan,nan,nan,nan,nan,nan,nan,nan,0
5133809355,5133809077,0.0020000003,0.0,0.0020000003,0.0,nan,nan,nan,nan,nan,nan,nan,nan,0
5133815595,5133815319,0.0020000003,0.0,0.0020000003,0.0,nan,nan,nan,nan,nan,nan,nan,nan,0
5133819346,5133819064,0.0020000006,0.0,0.0020000006,0.0,nan,nan,nan,nan,nan,nan,nan,nan,0
5133824341,5133824058,0.0020000022,1.5669707e-09,0.0019999968,4.636175e-12,nan,nan,nan,nan,nan,nan,nan,nan,0
5133829347,5133829052,0.0020000003,1.130426e-09,0.0019999994,4.6234527e-12,nan,nan,nan,nan,nan,nan,nan,nan,0
5133834337,5133834049,0.0020000003,0.0,0.0020000003,0.0,nan,nan,nan,nan,nan,nan,nan,nan,0
5133840561,5133840288,0.0020000022,3.138367e-09,0.0019999952,4.846795e-12,nan,nan,nan,nan,nan,nan,nan,nan,0
5133844319,5133844033,0.0020000003,5.189856e-10,0.0019999999,4.883356e-12,nan,nan,nan,nan,nan,nan,nan,nan,0
5133850559,5133850275,0.0019999985,1.6830337e-09,0.0020000006,4.9884003e-12,nan,nan,nan,nan,nan,nan,nan,nan,0
5133854309,5133854021,0.0020000006,6.93146e-10,0.0019999999,5.345965e-12,nan,nan,nan,nan,nan,nan,nan,nan,0
5133861787,5133861511,0.0019999985,2.4678115e-09,0.0019999999,6.0139792e-12,nan,nan,nan,nan,nan,nan,nan,nan,0
5133864299,5133864008,0.002000002,1.5072047e-09,0.0019999968,6.1945293e-12,nan,nan,nan,nan,nan,nan,nan,nan,0
5133868017,5133867753,0.0020000006,0.0,0.0020000006,0.0,nan,nan,nan,nan,nan,nan,nan,nan,0
5133875526,5133875244,0.0020000006,0.0,0.0020000006,0.0,nan,nan,nan,nan,nan,nan,nan,nan,0
5133879270,5133878989,0.0020000024,1.2758585e-09,0.0019999973,4.709991e-12,nan,nan,nan,nan,nan,nan,nan,nan,0
5133883008,5133882734,0.0020000003,0.0,0.0020000003,0.0,nan,nan,nan,nan,nan,nan,nan,nan,0
5133889265,5133888977,0.0020000006,0.0,0.0020000006,0.0,nan,nan,nan,nan,nan,nan,nan,nan,0
5133894256,5133893970,0.0020000003,1.4093547e-10,0.0020000003,4.5836807e-12,nan,nan,nan,nan,nan,nan,nan,nan,0
5133900488,5133900212,0.0020000003,0.0,0.0020000006,0.0,nan,nan,nan,nan,nan,nan,nan,nan,0
5133904242,5133903962,0.002,2.5736496e-10,0.0019999999,4.569513e-12,nan,nan,nan,nan,nan,nan,nan,nan,0
5133910473,5133910200,0.0019999987,1.7416742e-09,0.0020000006,4.555618e-12,nan,nan,nan,nan,nan,nan,nan,nan,0
5133914260,5133913946,0.0020000003,0.0,0.0020000003,0.0,nan,nan,nan,nan,nan,nan,nan,nan,0
5133920457,5133920187,0.0019999985,3.0801717e-09,0.001999999,4.834324e-12,nan,nan,nan,nan,nan,nan,nan,nan,0
5133924209,5133923933,0.0020000003,0.0,0.0020000003,2.3879518e-12,nan,nan,nan,nan,nan,nan,nan,nan,0
5133931692,5133931423,0.0020000003,8.1022505e-10,0.0019999994,4.6822043e-12,nan,nan,nan,nan,nan,nan,nan,nan,0
5133935452,5133935169,0.0020000022,1.9451833e-09,0.0019999966,4.773258e-12,nan,nan,nan,nan,nan,nan,nan,nan,0
5133937943,5133937665,0.002,8.681665e-10,0.0019999994,4.94842e-12,nan,nan,nan,nan,nan,nan,nan,nan,0
5133945439,5133945157,0.0020000022,1.6826668e-09,0.0019999968,5.3554106e-12,nan,nan,nan,nan,nan,nan,nan,nan,0
5133949185,5133948902,0.0020000006,0.0,0.0020000006,0.0,nan,nan,nan,nan,nan,nan,nan,nan,0
5133954170,5133953896,0.0019999985,1.5657625e-09,0.0020000006,5.8443753e-12,nan,nan,nan,nan,nan,nan,nan,nan,0
5133959163,5133958889,0.0020000022,2.8175442e-09,0.0019999957,5.5273165e-12,nan,nan,nan,nan,nan,nan,nan,nan,0
5133964199,5133963883,0.0020000022,2.2068671e-09,0.0019999961,5.0239084e-12,nan,nan,nan,nan,nan,nan,nan,nan,0
5133970401,5133970125,0.002,1.1883678e-09,0.0019999992,4.8892123e-12,nan,nan,nan,nan,nan,nan,nan,nan,0
5133974151,5133973872,0.0020000003,0.0,0.0020000003,0.0,nan,nan,nan,nan,nan,nan,nan,nan,0
5133980385,5133980113,0.0019999987,2.4396483e-09,0.0019999999,5.0735024e-12,nan,nan,nan,nan,nan,nan,nan,nan,0
5133984134,5133983858,0.0020000003,5.2970225e-11,0.0020000003,5.2374338e-12,nan,nan,nan,nan,nan,nan,nan,nan,0
5133990373,5133990100,0.002000002,3.0792628e-09,0.0019999952,5.743215e-12,nan,nan,nan,nan,nan,nan,nan,nan,0
5133994133,5133993845,0.0020000003,1.2162147e-09,0.001999999,6.146146e-12,nan,nan,nan,nan,nan,nan,nan,nan,0
5134001619,5134001337,0.002000002,1.5937053e-09,0.0019999968,7.0054136e-12,nan,nan,nan,nan,nan,nan,nan,nan,0
5134005357,5134005081,0.0020000022,2.6118292e-09,0.0019999957,7.515648e-12,nan,nan,nan,nan,nan,nan,nan,nan,0
5134007861,5134007582,0.0020000003,7.9498706e-11,0.0020000003,7.812787e-12,nan,nan,nan,nan,nan,nan,nan,nan,0
5134015367,5134015069,0.0020000006,0.0,0.0020000006,0.0,nan,nan,nan,nan,nan,nan,nan,nan,0
5134019094,5134018814,0.0020000022,1.4180946e-09,0.001999997,7.993033e-12,nan,nan,nan,nan,nan,nan,nan,nan,0
5134024089,5134023808,0.0019999987,1.6799581e-09,0.0020000008,8.0640754e-12,nan,nan,nan,nan,nan,nan,nan,nan,0
5134029086,5134028802,0.0020000022,1.621286e-09,0.0019999968,8.528544e-12,nan,nan,nan,nan,nan,nan,nan,nan,0
5134034085,5134033796,0.0020000006,0.0,0.0020000006,0.0,nan,nan,nan,nan,nan,nan,nan,nan,0
5134040325,5134040038,0.0020000024,1.2423447e-09,0.0019999973,9.120035e-12,nan,nan,nan,nan,nan,nan,nan,nan,0
5134044060,5134043783,0.0020000003,1.0096693e-09,0.0019999994,8.96472e-12,nan,nan,nan,nan,nan,nan,nan,nan,0
5134050317,5134050025,0.002000002,1.5629962e-09,0.0019999968,8.610683e-12,nan,nan,nan,nan,nan,nan,nan,nan,0
5134054076,5134053770,0.0020000008,0.0,0.002000001,0.0,nan,nan,nan,nan,nan,nan,nan,nan,0
5134060290,5134060012,0.0020000003,0.0,0.0020000006,0.0,nan,nan,nan,nan,nan,nan,nan,nan,0
5134064045,5134063758,0.0020000006,0.0,0.0020000006,0.0,nan,nan,nan,nan,nan,nan,nan,nan,0
5134071528,5134071249,0.0019999982,1.5614606e-09,0.0020000006,1.01462345e-11,nan,nan,nan,nan,nan,nan,nan,nan,0
5134075275,5134074999,0.0020000003,0.0,0.0020000003,0.0,nan,nan,nan,nan,nan,nan,nan,nan,0
5134079027,5134078739,0.0020000003,3.0958378e-10,0.0019999999,1.0558368e-11,nan,nan,nan,nan,nan,nan,nan,nan,0
5134085257,5134084981,0.0020000003,1.8986429e-11,0.0020000003,1.0117402e-11,nan,nan,nan,nan,nan,nan,nan,nan,0
5134089013,5134088727,0.0020000003,0.0,0.0020000006,0.0,nan,nan,nan,nan,nan,nan,nan,nan,0
5134094004,5134093721,0.0020000003,7.7603796e-10,0.0019999994,9.765447e-12,nan,nan,nan,nan,nan,nan,nan,nan,0
5134098992,5134098714,0.0020000006,7.746633e-11,0.0020000003,9.845158e-12,nan,nan,nan,nan,nan,nan,nan,nan,0
5134103983,5134103708,0.0020000003,6.8861866e-10,0.0019999996,9.873274e-12,nan,nan,nan,nan,nan,nan,nan,nan,0
5134110219,5134109950,0.0020000003,0.0,0.0020000006,0.0,nan,nan,nan,nan,nan,nan,nan,nan,0
5134113993,5134113695,0.0020000003,0.0,0.0020000003,5.158726e-12,nan,nan,nan,nan,nan,nan,nan,nan,0
5134120268,5134119941,0.0020000022,3.162028e-09,0.0019999952,1.0289547e-11,nan,nan,nan,nan,nan,nan,nan,nan,0
5134123966,5134123683,0.0019999985,2.4345277e-09,0.0019999999,1.0194108e-11,nan,nan,nan,nan,nan,nan,nan,nan,0
5134131470,5134131174,0.0020000003,7.170887e-10,0.0019999994,1.05070345e-11,nan,nan,nan,nan,nan,nan,nan,nan,0
5134133945,5134133671,0.0020000003,5.4200383e-10,0.0019999999,1.0968964e-11,nan,nan,nan,nan,nan,nan,nan,nan,0
5134141434,5134141161,0.0020000003,1.9123278e-10,0.0020000003,1.2494032e-11,nan,nan,nan,nan,nan,nan,nan,nan,0
5134145189,5134144906,0.0020000022,1.8207575e-09,0.0019999966,1.2783781e-11,nan,nan,nan,nan,nan,nan,nan,nan,0
5134148930,5134148651,0.0019999985,2.6649503e-09,0.0019999994,1.260219e-11,nan,nan,nan,nan,nan,nan,nan,nan,0
5134155169,5134154894,0.0020000024,1.239752e-09,0.0019999975,1.1712796e-11,nan,nan,nan,nan,nan,nan,nan,nan,0
5134158912,5134158639,0.0020000022,1.3274823e-09,0.001999997,1.12939085e-11,nan,nan,nan,nan,nan,nan,nan,nan,0
5134162651,5134162384,0.0019999985,1.473297e-09,0.0020000008,1.0998324e-11,nan,nan,nan,nan,nan,nan,nan,nan,0
5134168909,5134168626,0.0020000022,1.648676e-09,0.0019999968,1.02423365e-11,nan,nan,nan,nan,nan,nan,nan,nan,0
5134173907,5134173627,0.0020000022,2.405738e-09,0.0019999961,9.879967e-12,nan,nan,nan,nan,nan,nan,nan,nan,0
5134180134,5134179862,0.0020000008,0.0,0.0020000008,0.0,nan,nan,nan,nan,nan,nan,nan,nan,0
5134183890,5134183608,0.0020000006,1.0973857e-09,0.0019999992,8.55984e-12,nan,nan,nan,nan,nan,nan,nan,nan,0
5134190129,5134189850,0.002,1.2134205e-09,0.001999999,8.940364e-12,nan,nan,nan,nan,nan,nan,nan,nan,0
5134193868,5134193595,0.0020000006,0.0,0.0020000006,0.0,nan,nan,nan,nan,nan,nan,nan,nan,0
5134201361,5134201086,0.0020000003,9.801822e-10,0.0019999994,9.348095e-12,nan,nan,nan,nan,nan,nan,nan,nan,0
5134203864,5134203583,0.0020000022,2.697259e-09,0.0019999957,9.3971705e-12,nan,nan,nan,nan,nan,nan,nan,nan,0
5134211372,5134211074,0.0019999982,1.5909104e-09,0.0020000003,9.8002995e-12,nan,nan,nan,nan,nan,nan,nan,nan,0
5134215099,5134214826,0.0020000003,9.213978e-10,0.0019999994,9.924757e-12,nan,nan,nan,nan,nan,nan,nan,nan,0
5134218838,5134218564,0.002000002,2.6967228e-09,0.0019999957,9.933361e-12,nan,nan,nan,nan,nan,nan,nan,nan,0
5134225081,5134224806,0.0019999987,1.4746184e-09,0.0020000008,9.676945e-12,nan,nan,nan,nan,nan,nan,nan,nan,0
5134228841,5134228552,0.0020000003,1.1837179e-09,0.0019999992,9.539185e-12,nan,nan,nan,nan,nan,nan,nan,nan,0
5134232569,5134232297,0.0020000003,1.067226e-09,0.0019999994,9.615725e-12,nan,nan,nan,nan,nan,nan,nan,nan,0
5134238819,5134238539,0.0020000003,8.3425367e-10,0.0019999994,9.757396e-12,nan,nan,nan,nan,nan,nan,nan,nan,0
5134243807,5134243533,0.0020000003,0.0,0.0020000003,0.0,nan,nan,nan,nan,nan,nan,nan,nan,0
5134250047,5134249775,0.0019999985,2.172749e-09,0.002,1.0038205e-11,nan,nan,nan,nan,nan,nan,nan,nan,0
5134253799,5134253525,0.0020000003,7.173986e-10,0.0019999994,1.0197185e-11,nan,nan,nan,nan,nan,nan,nan,nan,0
5134260034,5134259762,0.0020000003,6.008643e-10,0.0019999999,1.0316147e-11,nan,nan,nan,nan,nan,nan,nan,nan,0
5134263789,5134263507,0.0019999985,1.2995135e-09,0.0020000008,1.0158886e-11,nan,nan,nan,nan,nan,nan,nan,nan,0
5134271294,5134270998,0.0020000003,0.0,0.0020000003,4.925109e-12,nan,nan,nan,nan,nan,nan,nan,nan,0
5134275018,5134274744,0.0020000003,1.1832875e-09,0.0019999992,9.9696e-12,nan,nan,nan,nan,nan,nan,nan,nan,0
5134281268,5134280986,0.0020000006,0.0,0.0020000006,0.0,nan,nan,nan,nan,nan,nan,nan,nan,0
5134285006,5134284731,0.002,7.4603157e-10,0.0019999994,1.0668038e-11,nan,nan,nan,nan,nan,nan,nan,nan,0
5134288750,5134288476,0.0019999985,2.4627755e-09,0.0019999999,1.1050081e-11,nan,nan,nan,nan,nan,nan,nan,nan,0
5134293755,5134293470,0.0020000003,0.0,0.0020000003,0.0,nan,nan,nan,nan,nan,nan,nan,nan,0
5134298742,5134298464,0.002000002,3.1607919e-09,0.0019999952,1.15256155e-11,nan,nan,nan,nan,nan,nan,nan,nan,0
5134303731,5134303458,0.0019999985,2.7818974e-09,0.0019999994,1.2070336e-11,nan,nan,nan,nan,nan,nan,nan,nan,0
5134309982,5134309700,0.0020000006,0.0,0.0020000006,0.0,nan,nan,nan,nan,nan,nan,nan,nan,0
5134313719,5134313446,0.0020000003,2.4951777e-10,0.002,1.2416712e-11,nan,nan,nan,nan,nan,nan,nan,nan,0
5134319954,5134319687,0.0020000003,0.0,0.0020000003,0.0,nan,nan,nan,nan,nan,nan,nan,nan,0
5134323714,5134323433,0.0020000006,1.9209155e-10,0.0020000003,1.1635267e-11,nan,nan,nan,nan,nan,nan,nan,nan,0
5134331218,5134330929,0.0019999982,1.5308229e-09,0.0020000006,1.1680089e-11,nan,nan,nan,nan,nan,nan,nan,nan,0
5134333704,5134333430,0.0020000022,1.2394924e-09,0.0019999973,1.1972329e-11,nan,nan,nan,nan,nan,nan,nan,nan,0
5134341192,5134340911,0.0020000003,8.3139373e-10,0.0019999994,1.2617338e-11,nan,nan,nan,nan,nan,nan,nan,nan,0
5134344935,5134344656,0.0020000003,0.0,0.0020000003,0.0,nan,nan,nan,nan,nan,nan,nan,nan,0
5134351166,5134350898,0.0019999987,1.7335992e-09,0.0020000006,1.2630714e-11,nan,nan,nan,nan,nan,nan,nan,nan,0
5134354927,5134354643,0.0020000003,9.478113e-10,0.0019999994,1.2615088e-11,nan,nan,nan,nan,nan,nan,nan,nan,0
5134358661,5134358389,0.0020000006,0.0,0.0020000006,0.0,nan,nan,nan,nan,nan,nan,nan,nan,0
5134363661,5134363383,0.0020000006,0.0,0.0020000006,0.0,nan,nan,nan,nan,nan,nan,nan,nan,0
5134368654,5134368377,0.0020000003,3.665487e-10,0.0019999999,1.1801086e-11,nan,nan,nan,nan,nan,nan,nan,nan,0
5134373650,5134373371,0.0020000022,1.7053157e-09,0.0019999968,1.181036e-11,nan,nan,nan,nan,nan,nan,nan,nan,0
5134379882,5134379612,0.0020000022,1.8218037e-09,0.0019999966,1.1737613e-11,nan,nan,nan,nan,nan,nan,nan,nan,0
5134383633,5134383358,0.002,2.7930017e-10,0.0019999999,1.1738142e-11,nan,nan,nan,nan,nan,nan,nan,nan,0
5134389874,5134389601,0.0020000003,0.0,0.0020000003,0.0,nan,nan,nan,nan,nan,nan,nan,nan,0
5134393638,5134393350,0.002,7.1566475e-10,0.0019999994,1.1930986e-11,nan,nan,nan,nan,nan,nan,nan,nan,0
5134399854,5134399587,0.0020000008,0.0,0.0020000006,0.0,nan,nan,nan,nan,nan,nan,nan,nan,0
5134403607,5134403333,0.0020000003,0.0,0.0020000003,0.0,nan,nan,nan,nan,nan,nan,nan,nan,0
5134411119,5134410840,0.0020000006,0.0,0.0020000006,0.0,nan,nan,nan,nan,nan,nan,nan,nan,0
5134414845,5134414572,0.0019999985,2.4154148e-09,0.0019999999,2.0316908e-13,nan,nan,nan,nan,nan,nan,nan,nan,0
5134421083,5134420811,0.0020000022,2.6339353e-09,0.001999996,1.4513229e-11,nan,nan,nan,nan,nan,nan,nan,nan,0
5134424845,5134424559,0.0020000003,8.878773e-10,0.0019999994,1.4341429e-11,nan,nan,nan,nan,nan,nan,nan,nan,0
5134428575,5134428301,0.002000002,1.2954958e-09,0.001999997,1.41765506e-11,nan,nan,nan,nan,nan,nan,nan,nan,0
5134433570,5134433297,0.0020000006,0.0,0.0020000006,0.0,nan,nan,nan,nan,nan,nan,nan,nan,0
5134438569,5134438289,0.0019999985,1.994575e-09,0.0020000003,1.3589447e-11,nan,nan,nan,nan,nan,nan,nan,nan,0
5134443558,5134443283,0.0020000022,2.5769187e-09,0.0019999957,1.3322255e-11,nan,nan,nan,nan,nan,nan,nan,nan,0
5134449796,5134449525,0.0020000022,2.984809e-09,0.0019999957,1.2885516e-11,nan,nan,nan,nan,nan,nan,nan,nan,0
5134453544,5134453270,0.0020000003,6.5673483e-10,0.0019999999,1.2653293e-11,nan,nan,nan,nan,nan,nan,nan,nan,0
5134459780,5134459512,0.0020000006,0.0,0.0020000008,0.0,nan,nan,nan,nan,nan,nan,nan,nan,0
5134463530,5134463258,0.0020000006,0.0,0.0020000008,0.0,nan,nan,nan,nan,nan,nan,nan,nan,0
5134471015,5134470748,0.0020000003,0.0,0.0020000003,0.0,nan,nan,nan,nan,nan,nan,nan,nan,0
5134473528,5134473245,0.0020000003,4.237043e-10,0.0019999999,1.2853163e-11,nan,nan,nan,nan,nan,nan,nan,nan,0
5134481024,5134480736,0.0020000006,0.0,0.002,0.0,nan,nan,nan,nan,nan,nan,nan,nan,0
5134484765,5134484481,0.0020000006,0.0,0.0020000003,0.0,nan,nan,nan,nan,nan,nan,nan,nan,0
5134490996,5134490723,0.002000002,3.1591951e-09,0.0019999952,1.31223955e-11,nan,nan,nan,nan,nan,nan,nan,nan,0
5134494747,5134494469,0.0020000006,0.0,0.0020000006,0.0,nan,nan,nan,nan,nan,nan,nan,nan,0
5134498489,5134498214,0.0020000003,9.1752084e-10,0.0019999994,1.380171e-11,nan,nan,nan,nan,nan,nan,nan,nan,0
5134503482,5134503208,0.0020000022,1.2377736e-09,0.0019999973,1.3691107e-11,nan,nan,nan,nan,nan,nan,nan,nan,0
5134508475,5134508201,0.0020000003,1.9017954e-10,0.0020000003,1.3547276e-11,nan,nan,nan,nan,nan,nan,nan,nan,0
5134515968,5134515692,0.0020000022,1.6459578e-09,0.0019999968,1.2960523e-11,nan,nan,nan,nan,nan,nan,nan,nan,0
5134519711,5134519437,0.0020000006,0.0,0.0020000006,0.0,nan,nan,nan,nan,nan,nan,nan,nan,0
5134523483,5134523183,0.0020000003,0.0,0.002,0.0,nan,nan,nan,nan,nan,nan,nan,nan,0
5134529696,5134529424,0.002000002,1.5291481e-09,0.0019999968,1.3354899e-11,nan,nan,nan,nan,nan,nan,nan,nan,0
5134533443,5134533170,0.0020000022,2.402247e-09,0.0019999961,1.337091e-11,nan,nan,nan,nan,nan,nan,nan,nan,0
5134540949,5134540660,0.0020000022,1.2963791e-09,0.001999997,1.3293292e-11,nan,nan,nan,nan,nan,nan,nan,nan,0
5134543451,5134543166,0.0020000006,0.0,0.0020000006,0.0,nan,nan,nan,nan,nan,nan,nan,nan,0
5134550924,5134550648,0.0020000006,0.0,0.0020000006,0.0,nan,nan,nan,nan,nan,nan,nan,nan,0
5134554664,5134554394,0.002,2.4829144e-10,0.002,1.3643043e-11,nan,nan,nan,nan,nan,nan,nan,nan,0
5134563405,5134563133,0.0020000003,7.7196755e-10,0.0019999994,1.3835887e-11,nan,nan,nan,nan,nan,nan,nan,nan,0
5134564660,5134564381,0.0020000022,1.295865e-09,0.001999997,1.3807377e-11,nan,nan,nan,nan,nan,nan,nan,nan,0
5134573446,5134573120,0.0020000003,8.886145e-10,0.0019999994,1.3604208e-11,nan,nan,nan,nan,nan,nan,nan,nan,0
5134575897,5134575617,0.0019999985,2.4021114e-09,0.0019999999,1.3506564e-11,nan,nan,nan,nan,nan,nan,nan,nan,0
5134583381,5134583108,0.0019999985,1.9377324e-09,0.0020000003,1.2224216e-11,nan,nan,nan,nan,nan,nan,nan,nan,0
5134585881,5134585604,0.0019999985,1.2981622e-09,0.0020000008,1.1510095e-11,nan,nan,nan,nan,nan,nan,nan,nan,0
5134589620,5134589349,0.0020000006,0.0,0.0020000008,0.0,nan,nan,nan,nan,nan,nan,nan,nan,0
5134595860,5134595592,0.002,8.3424023e-10,0.0019999994,9.77084e-12,nan,nan,nan,nan,nan,nan,nan,nan,0
5134599608,5134599337,0.0019999985,1.5037639e-09,0.0020000006,9.635312e-12,nan,nan,nan,nan,nan,nan,nan,nan,0
5134607104,5134606828,0.0020000003,9.2170954e-10,0.0019999994,9.6130135e-12,nan,nan,nan,nan,nan,nan,nan,nan,0
5134610848,5134610573,0.0019999985,1.30026e-09,0.0020000008,9.412401e-12,nan,nan,nan,nan,nan,nan,nan,nan,0
5134617090,5134616815,0.0020000008,0.0,0.0020000006,0.0,nan,nan,nan,nan,nan,nan,nan,nan,0
5134620833,5134620560,0.0020000006,0.0,0.0020000006,0.0,nan,nan,nan,nan,nan,nan,nan,nan,0
5134624588,5134624306,0.002,1.186649e-09,0.0019999992,6.608037e-12,nan,nan,nan,nan,nan,nan,nan,nan,0
5134630819,5134630548,0.0020000008,0.0,0.0020000008,0.0,nan,nan,nan,nan,nan,nan,nan,nan,0
5134634567,5134634293,0.0020000003,6.3446465e-10,0.0019999999,5.819607e-12,nan,nan,nan,nan,nan,nan,nan,nan,0
5134643309,5134643032,0.0020000003,1.1018486e-09,0.0019999994,4.0969884e-12,nan,nan,nan,nan,nan,nan,nan,nan,0
5134645802,5134645529,0.002000002,1.509907e-09,0.0019999968,3.4922187e-12,nan,nan,nan,nan,nan,nan,nan,nan,0
5134652050,5134651771,0.0019999982,1.6272289e-09,0.0020000006,2.585555e-12,nan,nan,nan,nan,nan,nan,nan,nan,0
5134655800,5134655516,0.0020000003,9.294582e-10,0.0019999994,1.864375e-12,nan,nan,nan,nan,nan,nan,nan,nan,0
5134659532,5134659262,0.0020000022,2.734281e-09,0.0019999957,1.4791415e-12,nan,nan,nan,nan,nan,nan,nan,nan,0
5134667053,5134666753,0.0020000022,1.5120482e-09,0.001999997,1.3510686e-12,nan,nan,nan,nan,nan,nan,nan,nan,0
5134669528,5134669250,0.0020000003,9.2953845e-10,0.0019999994,1.784151e-12,nan,nan,nan,nan,nan,nan,nan,nan,0
5134677018,5134676740,0.0020000003,4.0559997e-10,0.0019999999,1.8536613e-12,nan,nan,nan,nan,nan,nan,nan,nan,0
5134680766,5134680486,0.0019999987,1.2787899e-09,0.002000001,1.7786536e-12,nan,nan,nan,nan,nan,nan,nan,nan,0
5134684508,5134684231,0.0019999985,1.5119304e-09,0.0020000006,1.4687904e-12,nan,nan,nan,nan,nan,nan,nan,nan,0
5134690741,5134690473,0.0019999985,1.3959868e-09,0.0020000008,9.971121e-13,nan,nan,nan,nan,nan,nan,nan,nan,0
5134694491,5134694218,0.0020000003,0.0,0.0020000003,2.7180428e-13,nan,nan,nan,nan,nan,nan,nan,nan,0
5134703229,5134702957,0.0020000003,9.304827e-10,0.0019999994,8.398629e-13,nan,nan,nan,nan,nan,nan,nan,nan,0
5134704477,5134704206,0.0020000003,0.0,0.0020000006,0.0,nan,nan,nan,nan,nan,nan,nan,nan,0
5134714468,5134714194,0.0020000024,1.7456163e-09,0.0019999968,6.135231e-13,nan,nan,nan,nan,nan,nan,nan,nan,0
5134715715,5134715442,0.0020000006,0.0,0.0020000006,0.0,nan,nan,nan,nan,nan,nan,nan,nan,0
5134723212,5134722932,0.0020000006,0.0,0.0020000003,0.0,nan,nan,nan,nan,nan,nan,nan,nan,0
5134725700,5134725429,0.0020000024,1.7157401e-09,0.001999997,1.385848e-12,nan,nan,nan,nan,nan,nan,nan,nan,0
5134729464,5134729174,0.0020000003,0.0,0.0020000003,0.0,nan,nan,nan,nan,nan,nan,nan,nan,0
5134736955,5134736665,0.0020000006,0.0,0.0020000006,0.0,nan,nan,nan,nan,nan,nan,nan,nan,0
5134739445,5134739162,0.0020000003,0.0,0.0020000003,0.0,nan,nan,nan,nan,nan,nan,nan,nan,0
5134746923,5134746652,0.0020000022,1.4527267e-09,0.001999997,2.4648217e-12,nan,nan,nan,nan,nan,nan,nan,nan,0
5134750670,5134750398,0.0019999985,1.9762683e-09,0.0020000003,2.7921398e-12,nan,nan,nan,nan,nan,nan,nan,nan,0
5134754434,5134754144,0.0020000006,0.0,0.0020000006,0.0,nan,nan,nan,nan,nan,nan,nan,nan,0
5134760680,5134760386,0.002,1.1607469e-09,0.0019999992,3.4062649e-12,nan,nan,nan,nan,nan,nan,nan,nan,0
5134764408,5134764134,0.0019999985,3.1400704e-09,0.001999999,3.1431732e-12,nan,nan,nan,nan,nan,nan,nan,nan,0
5134773149,5134772873,0.0020000006,0.0,0.002,0.0,nan,nan,nan,nan,nan,nan,nan,nan,0
5134774391,5134774118,0.0020000003,1.2487905e-09,0.001999999,2.674229e-12,nan,nan,nan,nan,nan,nan,nan,nan,0
5134783137,5134782857,0.0020000022,2.0053739e-09,0.0019999966,2.7903513e-12,nan,nan,nan,nan,nan,nan,nan,nan,0
5134785637,5134785359,0.0020000003,4.6287513e-10,0.0019999999,2.7861585e-12,nan,nan,nan,nan,nan,nan,nan,nan,0
5134793142,5134792851,0.0020000003,0.0,0.0020000003,1.5282046e-12,nan,nan,nan,nan,nan,nan,nan,nan,0
5134795614,5134795342,0.0019999985,1.4812027e-09,0.0020000008,3.0926667e-12,nan,nan,nan,nan,nan,nan,nan,nan,0
5134799366,5134799087,0.0020000022,1.6845456e-09,0.0019999968,3.4765246e-12,nan,nan,nan,nan,nan,nan,nan,nan,0
5134806851,5134806578,0.0019999985,2.2659914e-09,0.0019999999,4.1074626e-12,nan,nan,nan,nan,nan,nan,nan,nan,0
5134809345,5134809075,0.0019999985,1.334286e-09,0.0020000008,4.490153e-12,nan,nan,nan,nan,nan,nan,nan,nan,0
5134816840,5134816566,0.0020000003,5.773949e-10,0.0019999999,4.6816735e-12,nan,nan,nan,nan,nan,nan,nan,nan,0
5134820584,5134820310,0.0020000006,0.0,0.0020000006,0.0,nan,nan,nan,nan,nan,nan,nan,nan,0
5134826824,5134826552,0.0020000006,0.0,0.0020000008,0.0,nan,nan,nan,nan,nan,nan,nan,nan,0
5134830572,5134830298,0.0020000003,0.0,0.0020000006,0.0,nan,nan,nan,nan,nan,nan,nan,nan,0
5134834330,5134834045,0.0020000022,1.8595034e-09,0.0019999966,3.1416588e-12,nan,nan,nan,nan,nan,nan,nan,nan,0
5134843063,5134842782,0.002,0.0,0.0020000003,0.0,nan,nan,nan,nan,nan,nan,nan,nan,0
5134844311,5134844031,0.0019999987,1.6853515e-09,0.0020000008,2.6706744e-12,nan,nan,nan,nan,nan,nan,nan,nan,0
5134853055,5134852772,0.0019999985,2.4706865e-09,0.0019999999,3.1389561e-12,nan,nan,nan,nan,nan,nan,nan,nan,0
5134855547,5134855266,0.0020000003,8.6992646e-10,0.0019999994,3.1884582e-12,nan,nan,nan,nan,nan,nan,nan,nan,0
5134863036,5134862757,0.0020000006,0.0,0.0020000006,0.0,nan,nan,nan,nan,nan,nan,nan,nan,0
5134865548,5134865269,0.0020000003,2.8694122e-10,0.0019999999,4.0970803e-12,nan,nan,nan,nan,nan,nan,nan,nan,0
5134869279,5134868999,0.0020000008,0.0,0.0020000008,0.0,nan,nan,nan,nan,nan,nan,nan,nan,0
5134876757,5134876490,0.0020000003,1.2469206e-09,0.0019999992,4.5441064e-12,nan,nan,nan,nan,nan,nan,nan,nan,0
5134880529,5134880236,0.0019999985,2.7896867e-09,0.0019999994,4.281039e-12,nan,nan,nan,nan,nan,nan,nan,nan,0
5134886753,5134886477,0.0020000003,8.1090507e-10,0.0019999994,4.002172e-12,nan,nan,nan,nan,nan,nan,nan,nan,0
5134890525,5134890223,0.0020000006,0.0,0.0020000006,0.0,nan,nan,nan,nan,nan,nan,nan,nan,0
5134897996,5134897714,0.0020000006,2.2854368e-10,0.002,4.2869545e-12,nan,nan,nan,nan,nan,nan,nan,nan,0
5134900476,5134900210,0.0020000003,0.0,0.0020000003,2.1276748e-12,nan,nan,nan,nan,nan,nan,nan,nan,0
5134904227,5134903956,0.0020000003,0.0,0.0020000003,0.0,nan,nan,nan,nan,nan,nan,nan,nan,0
5134912983,5134912700,0.0020000006,0.0,0.0020000006,0.0,nan,nan,nan,nan,nan,nan,nan,nan,0
5134915469,5134915191,0.0019999985,1.56782e-09,0.0020000003,3.786825e-12,nan,nan,nan,nan,nan,nan,nan,nan,0
5134921700,5134921434,0.0019999985,1.393533e-09,0.0020000008,3.450934e-12,nan,nan,nan,nan,nan,nan,nan,nan,0
5134925450,5134925179,0.002000002,1.51048e-09,0.0019999968,2.9192152e-12,nan,nan,nan,nan,nan,nan,nan,nan,0
5134932960,5134932670,0.0020000006,0.0,0.0020000008,0.0,nan,nan,nan,nan,nan,nan,nan,nan,0
5134935441,5134935167,0.0019999985,2.3264648e-09,0.0019999999,1.84173e-12,nan,nan,nan,nan,nan,nan,nan,nan,0
5134939182,5134938912,0.0020000003,0.0,0.0020000003,0.0,nan,nan,nan,nan,nan,nan,nan,nan,0
5134946676,5134946403,0.0020000024,1.6861442e-09,0.0019999968,1.877977e-12,nan,nan,nan,nan,nan,nan,nan,nan,0
5134950434,5134950148,0.0020000003,3.7660192e-10,0.0019999999,1.7478744e-12,nan,nan,nan,nan,nan,nan,nan,nan,0
5134956676,5134956390,0.0020000024,1.6862125e-09,0.0019999968,1.809615e-12,nan,nan,nan,nan,nan,nan,nan,nan,0
5134960409,5134960136,0.0020000003,0.0,0.0020000006,0.0,nan,nan,nan,nan,nan,nan,nan,nan,0
5134967910,5134967626,0.0020000008,0.0,0.002000001,0.0,nan,nan,nan,nan,nan,nan,nan,nan,0
5134970398,5134970123,0.0019999985,2.9373002e-09,0.0019999994,2.1867508e-12,nan,nan,nan,nan,nan,nan,nan,nan,0
5134974145,5134973868,0.0020000003,0.0,0.0020000003,0.0,nan,nan,nan,nan,nan,nan,nan,nan,0
5134982883,5134982610,0.0019999985,3.023474e-09,0.0019999994,3.3245611e-12,nan,nan,nan,nan,nan,nan,nan,nan,0
5134985374,5134985104,0.0019999985,1.5097492e-09,0.0020000008,3.649971e-12,nan,nan,nan,nan,nan,nan,nan,nan,0
5134994126,5134993843,0.0020000006,0.0,0.0020000006,0.0,nan,nan,nan,nan,nan,nan,nan,nan,0
5134995363,5134995092,0.0020000022,2.8775775e-09,0.0019999957,3.7016536e-12,nan,nan,nan,nan,nan,nan,nan,nan,0
5135002861,5135002582,0.0020000008,0.0,0.0020000008,0.0,nan,nan,nan,nan,nan,nan,nan,nan,0
5135005358,5135005079,0.0020000003,0.0,0.0020000003,0.0,nan,nan,nan,nan,nan,nan,nan,nan,0
5135009092,5135008824,0.0020000003,0.0,0.002,0.0,nan,nan,nan,nan,nan,nan,nan,nan,0
5135016589,5135016318,0.0020000006,0.0,0.0020000006,0.0,nan,nan,nan,nan,nan,nan,nan,nan,0
5135020343,5135020060,0.002,0.0,0.0020000003,0.0,nan,nan,nan,nan,nan,nan,nan,nan,0
5135026573,5135026305,0.0019999985,2.8748877e-09,0.0019999994,6.3915748e-12,nan,nan,nan,nan,nan,nan,nan,nan,0
5135030339,5135030048,0.0020000006,0.0,0.0020000006,0.0,nan,nan,nan,nan,nan,nan,nan,nan,0
5135037815,5135037539,0.0020000003,5.126275e-11,0.0020000003,6.9449117e-12,nan,nan,nan,nan,nan,nan,nan,nan,0
5135040330,5135040035,0.0020000022,2.7873237e-09,0.0019999957,6.6439337e-12,nan,nan,nan,nan,nan,nan,nan,nan,0
5135044056,5135043780,0.0019999982,1.7689441e-09,0.0020000003,6.389559e-12,nan,nan,nan,nan,nan,nan,nan,nan,0
5135052794,5135052520,0.0020000006,0.0,0.0020000006,0.0,nan,nan,nan,nan,nan,nan,nan,nan,0
5135055304,5135055016,0.0020000003,4.874647e-10,0.0019999999,7.300414e-12,nan,nan,nan,nan,nan,nan,nan,nan,0
5135062789,5135062511,0.0020000006,0.0,0.0020000006,0.0,nan,nan,nan,nan,nan,nan,nan,nan,0
5135065284,5135065004,0.0020000003,1.2730631e-09,0.001999999,7.505437e-12,nan,nan,nan,nan,nan,nan,nan,nan,0
5135072773,5135072495,0.0019999985,1.4772539e-09,0.0020000008,7.0414317e-12,nan,nan,nan,nan,nan,nan,nan,nan,0
5135076522,5135076240,0.0019999987,1.6228763e-09,0.0020000008,6.9381775e-12,nan,nan,nan,nan,nan,nan,nan,nan,0
5135079003,5135078737,0.0019999985,2.5249034e-09,0.0019999999,7.1298505e-12,nan,nan,nan,nan,nan,nan,nan,nan,0
5135086499,5135086228,0.0019999985,2.3791218e-09,0.0019999999,7.392269e-12,nan,nan,nan,nan,nan,nan,nan,nan,0
5135090244,5135089973,0.0020000003,4.873902e-10,0.0019999999,7.374913e-12,nan,nan,nan,nan,nan,nan,nan,nan,0
5135096493,5135096215,0.0020000022,1.3029874e-09,0.001999997,6.6849443e-12,nan,nan,nan,nan,nan,nan,nan,nan,0
5135100235,5135099960,0.0020000003,1.3033182e-09,0.001999999,6.3541377e-12,nan,nan,nan,nan,nan,nan,nan,nan,0
5135107739,5135107456,0.0020000022,1.797467e-09,0.0019999966,6.970582e-12,nan,nan,nan,nan,nan,nan,nan,nan,0
5135112720,5135112445,0.002,4.2917456e-10,0.0019999999,7.382903e-12,nan,nan,nan,nan,nan,nan,nan,nan,0
5135113971,5135113693,0.0020000003,1.2440037e-09,0.001999999,7.461053e-12,nan,nan,nan,nan,nan,nan,nan,nan,0
5135122705,5135122435,0.002,8.356165e-10,0.0019999994,8.394566e-12,nan,nan,nan,nan,nan,nan,nan,nan,0
5135125202,5135124929,0.0019999985,2.0577728e-09,0.0020000003,8.599206e-12,nan,nan,nan,nan,nan,nan,nan,nan,0
5135132697,5135132420,0.0020000008,0.0,0.0020000008,0.0,nan,nan,nan,nan,nan,nan,nan,nan,0
5135135184,5135134916,0.0019999985,2.2905817e-09,0.0019999999,8.6207985e-12,nan,nan,nan,nan,nan,nan,nan,nan,0
5135142685,5135142407,0.0020000003,3.9874037e-10,0.0019999999,8.713249e-12,nan,nan,nan,nan,nan,nan,nan,nan,0
5135146431,5135146153,0.0019999985,2.7560683e-09,0.0019999994,8.795681e-12,nan,nan,nan,nan,nan,nan,nan,nan,0
5135148928,5135148649,0.0020000003,1.1552322e-09,0.0019999992,8.920947e-12,nan,nan,nan,nan,nan,nan,nan,nan,0
5135156413,5135156141,0.0019999985,1.562352e-09,0.0020000003,9.254798e-12,nan,nan,nan,nan,nan,nan,nan,nan,0
5135160157,5135159885,0.0020000003,0.0,0.0020000006,0.0,nan,nan,nan,nan,nan,nan,nan,nan,0
5135166393,5135166127,0.0020000003,0.0,0.0020000003,0.0,nan,nan,nan,nan,nan,nan,nan,nan,0
5135170148,5135169873,0.0020000003,6.028873e-10,0.0019999999,8.293158e-12,nan,nan,nan,nan,nan,nan,nan,nan,0
5135177641,5135177363,0.0020000006,0.0,0.0020000008,0.0,nan,nan,nan,nan,nan,nan,nan,nan,0
5135181383,5135181109,0.0020000022,1.4175114e-09,0.001999997,8.576249e-12,nan,nan,nan,nan,nan,nan,nan,nan,0
5135183880,5135183605,0.0020000003,5.44413e-10,0.0019999999,8.559762e-12,nan,nan,nan,nan,nan,nan,nan,nan,0
5135192628,5135192347,0.0020000006,0.0,0.0020000006,0.0,nan,nan,nan,nan,nan,nan,nan,nan,0
5135195125,5135194841,0.0019999985,3.0756588e-09,0.001999999,9.3472695e-12,nan,nan,nan,nan,nan,nan,nan,nan,0
5135202608,5135202332,0.0020000022,2.9301452e-09,0.0019999957,9.341569e-12,nan,nan,nan,nan,nan,nan,nan,nan,0
5135205119,5135204829,0.0020000022,1.4170798e-09,0.001999997,9.007899e-12,nan,nan,nan,nan,nan,nan,nan,nan,0
5135212597,5135212320,0.0020000022,1.5053689e-09,0.0019999968,8.030222e-12,nan,nan,nan,nan,nan,nan,nan,nan,0
5135216356,5135216065,0.0019999985,1.4181806e-09,0.0020000008,7.9071645e-12,nan,nan,nan,nan,nan,nan,nan,nan,0
5135218832,5135218562,0.0019999985,1.3017621e-09,0.0020000008,7.910263e-12,nan,nan,nan,nan,nan,nan,nan,nan,0
5135226336,5135226052,0.0020000024,2.524238e-09,0.001999996,7.795216e-12,nan,nan,nan,nan,nan,nan,nan,nan,0
5135230069,5135229797,0.0020000022,1.7090358e-09,0.0019999968,8.090155e-12,nan,nan,nan,nan,nan,nan,nan,nan,0
5135236315,5135236040,0.0020000006,0.0,0.0020000006,0.0,nan,nan,nan,nan,nan,nan,nan,nan,0
5135240058,5135239785,0.0020000003,5.7317867e-10,0.0019999999,8.8979605e-12,nan,nan,nan,nan,nan,nan,nan,nan,0
5135247614,5135247280,0.0020000003,0.0,0.0020000003,0.0,nan,nan,nan,nan,nan,nan,nan,nan,0
5135252544,5135252270,0.0020000024,2.900524e-09,0.0019999957,9.8589244e-12,nan,nan,nan,nan,nan,nan,nan,nan,0
5135255045,5135254768,0.0020000022,1.3580778e-09,0.001999997,9.8022476e-12,nan,nan,nan,nan,nan,nan,nan,nan,0
5135262531,5135262257,0.0019999982,2.6971394e-09,0.0019999994,9.516849e-12,nan,nan,nan,nan,nan,nan,nan,nan,0
5135265025,5135264754,0.0020000022,1.794845e-09,0.0019999966,9.592431e-12,nan,nan,nan,nan,nan,nan,nan,nan,0
5135272533,5135272244,0.002000002,1.7942384e-09,0.0019999966,1.0199067e-11,nan,nan,nan,nan,nan,nan,nan,nan,0
5135275017,5135274741,0.0019999985,1.7941492e-09,0.0020000003,1.0288322e-11,nan,nan,nan,nan,nan,nan,nan,nan,0
5135278803,5135278486,0.0020000003,4.8450793e-10,0.0019999999,1.0257205e-11,nan,nan,nan,nan,nan,nan,nan,nan,0
5135286248,5135285977,0.0020000024,2.987666e-09,0.0019999957,1.002875e-11,nan,nan,nan,nan,nan,nan,nan,nan,0
5135290001,5135289724,0.0019999987,1.1833144e-09,0.0020000013,9.942627e-12,nan,nan,nan,nan,nan,nan,nan,nan,0
5135296245,5135295965,0.0019999987,2.0272943e-09,0.002,9.9738065e-12,nan,nan,nan,nan,nan,nan,nan,nan,0
5135299978,5135299710,0.0020000003,5.427687e-10,0.0019999999,1.0204077e-11,nan,nan,nan,nan,nan,nan,nan,nan,0
5135307487,5135307201,0.0020000006,5.424792e-10,0.0019999999,1.0493597e-11,nan,nan,nan,nan,nan,nan,nan,nan,0
5135310001,5135309697,0.0020000003,0.0,0.0020000003,0.0,nan,nan,nan,nan,nan,nan,nan,nan,0
5135317460,5135317188,0.0020000006,7.6015146e-11,0.0020000003,1.1296344e-11,nan,nan,nan,nan,nan,nan,nan,nan,0
5135322459,5135322182,0.0019999985,1.995881e-09,0.0020000003,1.2283287e-11,nan,nan,nan,nan,nan,nan,nan,nan,0
5135324964,5135324679,0.0020000003,4.2376802e-10,0.0019999999,1.278945e-11,nan,nan,nan,nan,nan,nan,nan,nan,0
5135332447,5135332170,0.0020000006,1.1218954e-09,0.0019999994,1.3154028e-11,nan,nan,nan,nan,nan,nan,nan,nan,0
5135334938,5135334666,0.0020000003,1.5921067e-11,0.0020000003,1.3182764e-11,nan,nan,nan,nan,nan,nan,nan,nan,0
5135342441,5135342157,0.0020000022,1.4709556e-09,0.001999997,1.33397945e-11,nan,nan,nan,nan,nan,nan,nan,nan,0
5135344934,5135344654,0.002000002,1.8201056e-09,0.0019999966,1.3435742e-11,nan,nan,nan,nan,nan,nan,nan,nan,0
5135352420,5135352146,0.002000002,1.2961636e-09,0.001999997,1.3508793e-11,nan,nan,nan,nan,nan,nan,nan,nan,0
5135356176,5135355890,0.0020000003,0.0,0.0020000003,0.0,nan,nan,nan,nan,nan,nan,nan,nan,0
5135359907,5135359635,0.0020000006,0.0,0.0020000006,0.0,nan,nan,nan,nan,nan,nan,nan,nan,0
5135366154,5135365877,0.0020000022,2.3432485e-09,0.0019999961,1.4161677e-11,nan,nan,nan,nan,nan,nan,nan,nan,0
5135369894,5135369622,0.0019999982,3.084979e-09,0.001999999,2.7062554e-14,nan,nan,nan,nan,nan,nan,nan,nan,0
5135377402,5135377113,0.0020000003,1.047283e-09,0.0019999994,4.5488526e-13,nan,nan,nan,nan,nan,nan,nan,nan,0
5135379881,5135379610,0.0020000022,2.4733195e-09,0.0019999961,5.0594424e-13,nan,nan,nan,nan,nan,nan,nan,nan,0
5135387379,5135387101,0.0020000006,0.0,0.0020000003,0.0,nan,nan,nan,nan,nan,nan,nan,nan,0
5135392371,5135392095,0.0020000003,1.0044275e-09,0.0019999994,1.4206497e-11,nan,nan,nan,nan,nan,nan,nan,nan,0
5135394858,5135394591,0.0020000022,1.4122827e-09,0.001999997,1.3804943e-11,nan,nan,nan,nan,nan,nan,nan,nan,0
5135402359,5135402082,0.002000002,2.1111093e-09,0.0019999961,1.3470419e-11,nan,nan,nan,nan,nan,nan,nan,nan,0
5135404851,5135404578,0.0019999985,1.2961773e-09,0.0020000008,1.3495113e-11,nan,nan,nan,nan,nan,nan,nan,nan,0
5135412351,5135412069,0.0020000003,3.6441034e-10,0.0019999999,1.39394555e-11,nan,nan,nan,nan,nan,nan,nan,nan,0
5135414842,5135414566,0.0020000006,0.0,0.0020000008,0.0,nan,nan,nan,nan,nan,nan,nan,nan,0
5135422346,5135422060,0.0020000003,8.1389967e-10,0.0019999994,1.0076089e-12,nan,nan,nan,nan,nan,nan,nan,nan,0
5135426073,5135425802,0.0020000003,3.6242745e-10,0.0019999999,1.3704281e-12,nan,nan,nan,nan,nan,nan,nan,nan,0
5135429845,5135429548,0.002000002,2.6762326e-09,0.0019999957,1.3198357e-12,nan,nan,nan,nan,nan,nan,nan,nan,0
5135436068,5135435789,0.0019999987,2.0946544e-09,0.0020000003,8.213395e-13,nan,nan,nan,nan,nan,nan,nan,nan,0
5135439808,5135439535,0.0020000006,1.1048816e-09,0.0019999992,1.0638782e-12,nan,nan,nan,nan,nan,nan,nan,nan,0
5135447320,5135447027,0.0019999985,2.4580478e-09,0.0019999999,1.2259941e-12,nan,nan,nan,nan,nan,nan,nan,nan,0
5135449792,5135449522,0.0019999985,2.414643e-09,0.0019999999,9.749562e-13,nan,nan,nan,nan,nan,nan,nan,nan,0
5135457296,5135457013,0.0019999987,1.2507069e-09,0.002000001,7.5782436e-13,nan,nan,nan,nan,nan,nan,nan,nan,0
5135462294,5135462007,0.0019999985,1.7451772e-09,0.0020000006,1.052605e-12,nan,nan,nan,nan,nan,nan,nan,nan,0
5135464787,5135464504,0.0020000006,0.0,0.0020000006,0.0,nan,nan,nan,nan,nan,nan,nan,nan,0
5135472285,5135471995,0.002000002,1.6136334e-09,0.0019999968,1.629182e-12,nan,nan,nan,nan,nan,nan,nan,nan,0
5135474763,5135474491,0.0020000003,5.0751625e-10,0.0019999999,1.8007956e-12,nan,nan,nan,nan,nan,nan,nan,nan,0
5135482273,5135481982,0.0020000003,7.259715e-10,0.0019999994,1.624265e-12,nan,nan,nan,nan,nan,nan,nan,nan,0
5135486012,5135485727,0.0020000006,0.0,0.0020000006,0.0,nan,nan,nan,nan,nan,nan,nan,nan,0
5135492243,5135491969,0.0020000003,0.0,0.0020000003,0.0,nan,nan,nan,nan,nan,nan,nan,nan,0
5135495980,5135495714,0.0019999985,1.3074258e-09,0.0020000008,2.2465797e-12,nan,nan,nan,nan,nan,nan,nan,nan,0
5135499726,5135499460,0.0020000024,1.2782005e-09,0.0019999973,2.3679947e-12,nan,nan,nan,nan,nan,nan,nan,nan,0
5135505968,5135505702,0.0020000006,2.0170031e-10,0.002,2.0264988e-12,nan,nan,nan,nan,nan,nan,nan,nan,0
5135509720,5135509447,0.0019999985,1.3078595e-09,0.0020000008,1.8129205e-12,nan,nan,nan,nan,nan,nan,nan,nan,0
5135517216,5135516939,0.0020000006,0.0,0.002,0.0,nan,nan,nan,nan,nan,nan,nan,nan,0
5135522208,5135521932,0.0019999987,2.4722016e-09,0.0019999996,1.6240412e-12,nan,nan,nan,nan,nan,nan,nan,nan,0
5135527200,5135526925,0.0020000022,1.2929767e-09,0.001999997,2.1436845e-12,nan,nan,nan,nan,nan,nan,nan,nan,0
5135532195,5135531919,0.0020000006,0.0,0.0020000003,0.0,nan,nan,nan,nan,nan,nan,nan,nan,0
5135534687,5135534416,0.0019999985,2.2383513e-09,0.0019999999,2.6435945e-12,nan,nan,nan,nan,nan,nan,nan,nan,0
5135542184,5135541907,0.0020000024,1.7147174e-09,0.0019999968,2.4086124e-12,nan,nan,nan,nan,nan,nan,nan,nan,0
5135544672,5135544407,0.0020000003,6.5258937e-10,0.0019999999,2.2468043e-12,nan,nan,nan,nan,nan,nan,nan,nan,0
5135552225,5135551895,0.0019999987,1.7150183e-09,0.0020000008,2.1076118e-12,nan,nan,nan,nan,nan,nan,nan,nan,0
5135555949,5135555639,0.0020000006,1.4352661e-10,0.002,1.992552e-12,nan,nan,nan,nan,nan,nan,nan,nan,0
5135562157,5135561882,0.0019999985,1.4824917e-09,0.0020000008,1.8037238e-12,nan,nan,nan,nan,nan,nan,nan,nan,0
5135565892,5135565627,0.0020000003,0.0,0.0020000003,8.5991674e-13,nan,nan,nan,nan,nan,nan,nan,nan,0
5135569649,5135569373,0.0020000022,1.6568958e-09,0.0019999968,2.0224525e-12,nan,nan,nan,nan,nan,nan,nan,nan,0
5135575889,5135575614,0.0020000003,1.1403352e-10,0.0020000003,2.3817996e-12,nan,nan,nan,nan,nan,nan,nan,nan,0
5135579639,5135579360,0.0019999985,1.8750541e-09,0.0020000003,2.1429664e-12,nan,nan,nan,nan,nan,nan,nan,nan,0
5135587126,5135586850,0.0020000003,0.0,0.0020000003,0.0,nan,nan,nan,nan,nan,nan,nan,nan,0
5135592131,5135591844,0.0020000003,3.6198344e-10,0.0019999999,1.8144505e-12,nan,nan,nan,nan,nan,nan,nan,nan,0
5135597111,5135596838,0.0020000003,0.0,0.0020000003,0.0,nan,nan,nan,nan,nan,nan,nan,nan,0
5135602118,5135601836,0.0020000006,1.075524e-09,0.0019999994,1.3177159e-12,nan,nan,nan,nan,nan,nan,nan,nan,0
5135604599,5135604328,0.0020000022,2.1819888e-09,0.0019999961,7.9848714e-13,nan,nan,nan,nan,nan,nan,nan,nan,0
5135612103,5135611819,0.0020000006,0.0,0.0020000006,0.0,nan,nan,nan,nan,nan,nan,nan,nan,0
5135614631,5135614316,0.0019999985,2.633978e-09,0.0019999994,1.4470616e-11,nan,nan,nan,nan,nan,nan,nan,nan,0
5135622091,5135621807,0.0020000003,8.8870644e-10,0.0019999994,1.3512311e-11,nan,nan,nan,nan,nan,nan,nan,nan,0
5135625819,5135625552,0.0020000008,0.0,0.0020000008,0.0,nan,nan,nan,nan,nan,nan,nan,nan,0
5135632084,5135631795,0.0019999985,1.8220828e-09,0.0020000003,1.1458473e-11,nan,nan,nan,nan,nan,nan,nan,nan,0
5135635806,5135635540,0.0020000006,0.0,0.0020000006,0.0,nan,nan,nan,nan,nan,nan,nan,nan,0
5135639566,5135639285,0.0020000022,2.1719568e-09,0.0019999961,1.0830441e-11,nan,nan,nan,nan,nan,nan,nan,nan,0
5135645845,5135645527,0.0020000003,0.0,0.0020000006,0.0,nan,nan,nan,nan,nan,nan,nan,nan,0
5135649544,5135649273,0.0020000003,3.0960193e-10,0.0019999999,1.0540216e-11,nan,nan,nan,nan,nan,nan,nan,nan,0
5135657049,5135656763,0.002000002,1.7944014e-09,0.0019999966,1.00361e-11,nan,nan,nan,nan,nan,nan,nan,nan,0
5135662044,5135661758,0.0020000003,0.0,0.0020000006,0.0,nan,nan,nan,nan,nan,nan,nan,nan,0
5135667030,5135666751,0.0019999987,1.6496041e-09,0.0020000008,9.314254e-12,nan,nan,nan,nan,nan,nan,nan,nan,0
5135672038,5135671746,0.0020000022,2.9595526e-09,0.0019999957,9.038197e-12,nan,nan,nan,nan,nan,nan,nan,nan,0
5135674520,5135674241,0.0020000006,0.0,0.0020000006,0.0,nan,nan,nan,nan,nan,nan,nan,nan,0
5135682006,5135681732,0.0020000008,0.0,0.0020000008,0.0,nan,nan,nan,nan,nan,nan,nan,nan,0
5135684502,5135684229,0.0019999982,2.116955e-09,0.0019999999,7.6245e-12,nan,nan,nan,nan,nan,nan,nan,nan,0
5135691998,5135691720,0.0020000003,1.0403892e-09,0.0019999994,7.348703e-12,nan,nan,nan,nan,nan,nan,nan,nan,0
5135695736,5135695464,0.0020000003,3.1327013e-10,0.002,6.8720012e-12,nan,nan,nan,nan,nan,nan,nan,nan,0
5135699495,5135699210,0.0020000022,1.3030446e-09,0.001999997,6.627865e-12,nan,nan,nan,nan,nan,nan,nan,nan,0
5135705736,5135705452,0.0020000006,0.0,0.0020000006,0.0,nan,nan,nan,nan,nan,nan,nan,nan,0
5135709474,5135709198,0.0020000003,1.6850467e-10,0.0020000003,6.118316e-12,nan,nan,nan,nan,nan,nan,nan,nan,0
5135716984,5135716688,0.0020000003,0.0,0.0020000003,3.2020463e-12,nan,nan,nan,nan,nan,nan,nan,nan,0
5135719457,5135719185,0.0020000006,0.0,0.0020000006,0.0,nan,nan,nan,nan,nan,nan,nan,nan,0
5135726949,5135726675,0.0020000006,2.2589658e-10,0.002,6.9340592e-12,nan,nan,nan,nan,nan,nan,nan,nan,0
5135730715,5135730421,0.0020000006,0.0,0.0020000008,0.0,nan,nan,nan,nan,nan,nan,nan,nan,0
5135736940,5135736663,0.0020000022,1.7403736e-09,0.0019999966,5.8562235e-12,nan,nan,nan,nan,nan,nan,nan,nan,0
5135741934,5135741660,0.0019999985,1.9154744e-09,0.0020000003,5.378375e-12,nan,nan,nan,nan,nan,nan,nan,nan,0
5135744423,5135744153,0.0020000022,2.847231e-09,0.0019999957,4.944387e-12,nan,nan,nan,nan,nan,nan,nan,nan,0
5135751933,5135751644,0.0020000022,1.4218433e-09,0.001999997,4.2443514e-12,nan,nan,nan,nan,nan,nan,nan,nan,0
5135754407,5135754141,0.0020000003,1.9985893e-10,0.0020000003,3.86788e-12,nan,nan,nan,nan,nan,nan,nan,nan,0
5135761911,5135761632,0.0020000003,1.0445629e-09,0.0019999994,3.1749985e-12,nan,nan,nan,nan,nan,nan,nan,nan,0
5135765646,5135765377,0.0020000024,2.9657168e-09,0.0019999957,2.8740153e-12,nan,nan,nan,nan,nan,nan,nan,nan,0
5135769407,5135769123,0.0020000003,1.2775516e-09,0.001999999,3.0169114e-12,nan,nan,nan,nan,nan,nan,nan,nan,0
5135775635,5135775365,0.0020000006,0.0,0.0020000006,0.0,nan,nan,nan,nan,nan,nan,nan,nan,0
5135779383,5135779110,0.0020000003,1.7134912e-10,0.0020000003,3.2738708e-12,nan,nan,nan,nan,nan,nan,nan,nan,0
5135786876,5135786600,0.0019999985,2.4415694e-09,0.0019999999,3.1524366e-12,nan,nan,nan,nan,nan,nan,nan,nan,0
5135789369,5135789097,0.0020000003,2.2974016e-10,0.002,3.0904914e-12,nan,nan,nan,nan,nan,nan,nan,nan,0
5135796861,5135796588,0.0020000006,0.0,0.0020000006,0.0,nan,nan,nan,nan,nan,nan,nan,nan,0
5135801868,5135801585,0.0020000022,1.7433567e-09,0.0019999968,2.8731358e-12,nan,nan,nan,nan,nan,nan,nan,nan,0
5135806849,5135806575,0.0020000003,1.0160421e-09,0.0019999994,2.5919301e-12,nan,nan,nan,nan,nan,nan,nan,nan,0
5135811845,5135811569,0.0020000003,7.537152e-10,0.0019999996,2.9843818e-12,nan,nan,nan,nan,nan,nan,nan,nan,0
5135814359,5135814066,0.0020000006,0.0,0.0020000003,0.0,nan,nan,nan,nan,nan,nan,nan,nan,0
5135821831,5135821557,0.0020000003,8.1101553e-10,0.0019999994,3.8917307e-12,nan,nan,nan,nan,nan,nan,nan,nan,0
5135824327,5135824053,0.0020000022,1.9752067e-09,0.0019999966,3.8538894e-12,nan,nan,nan,nan,nan,nan,nan,nan,0
5135833071,5135832793,0.0020000006,0.0,0.0020000006,0.0,nan,nan,nan,nan,nan,nan,nan,nan,0
5135835556,5135835289,0.0020000006,0.0,0.0020000006,0.0,nan,nan,nan,nan,nan,nan,nan,nan,0
5135843053,5135842780,0.0020000003,2.8605204e-10,0.0019999999,4.9862545e-12,nan,nan,nan,nan,nan,nan,nan,nan,0
5135845573,5135845284,0.0020000008,0.0,0.0020000008,0.0,nan,nan,nan,nan,nan,nan,nan,nan,0
5135849304,5135849026,0.0020000003,5.26918e-11,0.0020000003,5.515862e-12,nan,nan,nan,nan,nan,nan,nan,nan,0
5135856843,5135856518,0.0020000024,1.682306e-09,0.0019999968,5.7161706e-12,nan,nan,nan,nan,nan,nan,nan,nan,0
5135859291,5135859010,0.0020000003,8.672525e-10,0.0019999994,5.8624355e-12,nan,nan,nan,nan,nan,nan,nan,nan,0
5135866776,5135866501,0.0019999985,1.5076684e-09,0.0020000008,5.730791e-12,nan,nan,nan,nan,nan,nan,nan,nan,0
5135871772,5135871499,0.0020000003,0.0,0.0020000003,0.0,nan,nan,nan,nan,nan,nan,nan,nan,0
5135878005,5135877736,0.0020000003,5.174145e-10,0.0019999999,6.454429e-12,nan,nan,nan,nan,nan,nan,nan,nan,0
5135881753,5135881481,0.0020000003,5.1294486e-11,0.0020000003,6.913175e-12,nan,nan,nan,nan,nan,nan,nan,nan,0
5135884256,5135883978,0.0020000006,0.0,0.0020000006,0.0,nan,nan,nan,nan,nan,nan,nan,nan,0
5135891744,5135891469,0.0020000003,2.5474572e-10,0.002,7.188741e-12,nan,nan,nan,nan,nan,nan,nan,nan,0
5135895493,5135895215,0.0020000006,0.0,0.0020000003,0.0,nan,nan,nan,nan,nan,nan,nan,nan,0
5135901730,5135901457,0.0020000006,0.0,0.0020000006,0.0,nan,nan,nan,nan,nan,nan,nan,nan,0
5135905476,5135905202,0.0019999985,3.1359237e-09,0.001999999,7.289919e-12,nan,nan,nan,nan,nan,nan,nan,nan,0
5135912987,5135912693,0.0020000003,0.0,0.0020000003,0.0,nan,nan,nan,nan,nan,nan,nan,nan,0
5135915462,5135915190,0.0020000003,0.0,0.0020000003,0.0,nan,nan,nan,nan,nan,nan,nan,nan,0
5135919255,5135918934,0.0020000006,0.0,0.0020000006,0.0,nan,nan,nan,nan,nan,nan,nan,nan,0
5135926693,5135926425,0.0020000006,0.0,0.0020000003,0.0,nan,nan,nan,nan,nan,nan,nan,nan,0
5135931699,5135931419,0.0020000008,0.0,0.0020000008,0.0,nan,nan,nan,nan,nan,nan,nan,nan,0
5135936687,5135936413,0.0020000022,1.5068456e-09,0.001999997,6.5535095e-12,nan,nan,nan,nan,nan,nan,nan,nan,0
5135940431,5135940158,0.0019999987,1.9143795e-09,0.0020000003,6.4731744e-12,nan,nan,nan,nan,nan,nan,nan,nan,0
5135947931,5135947649,0.0020000003,7.504925e-10,0.0019999994,6.2071147e-12,nan,nan,nan,nan,nan,nan,nan,nan,0
5135951673,5135951396,0.0019999985,1.8274032e-09,0.0020000003,6.1381403e-12,nan,nan,nan,nan,nan,nan,nan,nan,0
5135954159,5135953891,0.0020000003,0.0,0.0020000003,0.0,nan,nan,nan,nan,nan,nan,nan,nan,0
5135961663,5135961390,0.0019999966,3.2824607e-09,0.0020000008,6.2721633e-12,nan,nan,nan,nan,nan,nan,nan,nan,0
5135965411,5135965127,0.0020000022,1.4192206e-09,0.001999997,6.867104e-12,nan,nan,nan,nan,nan,nan,nan,nan,0
5135971643,5135971370,0.0019999985,1.5928634e-09,0.0020000003,7.847313e-12,nan,nan,nan,nan,nan,nan,nan,nan,0
5135975390,5135975114,0.002,7.7791695e-10,0.0019999994,7.886473e-12,nan,nan,nan,nan,nan,nan,nan,nan,0
5135982883,5135982605,0.0020000003,9.237914e-10,0.0019999994,7.5312066e-12,nan,nan,nan,nan,nan,nan,nan,nan,0
5135985370,5135985102,0.0020000003,0.0,0.0020000003,0.0,nan,nan,nan,nan,nan,nan,nan,nan,0
5135989125,5135988856,0.002000002,1.5644848e-09,0.0019999968,7.1220634e-12,nan,nan,nan,nan,nan,nan,nan,nan,0
5135996618,5135996338,0.0020000006,0.0,0.0020000006,0.0,nan,nan,nan,nan,nan,nan,nan,nan,0
5136001606,5136001332,0.002,1.1865803e-09,0.0019999992,6.6767408e-12,nan,nan,nan,nan,nan,nan,nan,nan,0
5136006605,5136006325,0.0020000006,0.0,0.0020000006,0.0,nan,nan,nan,nan,nan,nan,nan,nan,0
5136011595,5136011319,0.0019999985,2.1754254e-09,0.0019999999,7.3617865e-12,nan,nan,nan,nan,nan,nan,nan,nan,0
5136017834,5136017561,0.0020000003,4.287583e-10,0.0019999999,7.7991415e-12,nan,nan,nan,nan,nan,nan,nan,nan,0
5136021580,5136021307,0.0020000003,5.4445504e-10,0.0019999999,8.517723e-12,nan,nan,nan,nan,nan,nan,nan,nan,0
5136024075,5136023803,0.0019999985,2.7559017e-09,0.0019999994,8.962215e-12,nan,nan,nan,nan,nan,nan,nan,nan,0
5136031572,5136031295,0.0020000003,5.139857e-10,0.0019999999,9.8832695e-12,nan,nan,nan,nan,nan,nan,nan,nan,0
5136035317,5136035039,0.002000002,1.5326771e-09,0.0019999968,9.82588e-12,nan,nan,nan,nan,nan,nan,nan,nan,0
5136041557,5136041281,0.0020000022,1.6490767e-09,0.001999997,9.841673e-12,nan,nan,nan,nan,nan,nan,nan,nan,0
5136045307,5136045028,0.0020000006,0.0,0.0020000006,0.0,nan,nan,nan,nan,nan,nan,nan,nan,0
5136049053,5136048772,0.0020000022,2.0560162e-09,0.0019999964,1.03557996e-11,nan,nan,nan,nan,nan,nan,nan,nan,0
5136055298,5136055014,0.0020000024,2.4925542e-09,0.0019999961,1.037522e-11,nan,nan,nan,nan,nan,nan,nan,nan,0
5136059032,5136058760,0.0020000003,6.587646e-10,0.0019999999,1.0623478e-11,nan,nan,nan,nan,nan,nan,nan,nan,0
5136066528,5136066255,0.0020000008,0.0,0.0020000006,0.0,nan,nan,nan,nan,nan,nan,nan,nan,0
5136071535,5136071249,0.0020000006,0.0,0.0020000006,0.0,nan,nan,nan,nan,nan,nan,nan,nan,0
5136076519,5136076238,0.0020000003,6.0153604e-10,0.0019999999,9.644379e-12,nan,nan,nan,nan,nan,nan,nan,nan,0
5136080266,5136079983,0.0020000006,0.0,0.0020000006,0.0,nan,nan,nan,nan,nan,nan,nan,nan,0
5136087749,5136087474,0.0020000024,1.2706447e-09,0.0019999973,9.923895e-12,nan,nan,nan,nan,nan,nan,nan,nan,0
5136091498,5136091219,0.0020000006,0.0,0.0020000006,0.0,nan,nan,nan,nan,nan,nan,nan,nan,0
5136093996,5136093716,0.0020000003,0.0,0.0020000006,0.0,nan,nan,nan,nan,nan,nan,nan,nan,0
5136101483,5136101207,0.0020000006,0.0,0.0020000006,0.0,nan,nan,nan,nan,nan,nan,nan,nan,0
5136105221,5136104951,0.0020000003,6.0285427e-10,0.0019999999,8.32619e-12,nan,nan,nan,nan,nan,nan,nan,nan,0
5136111472,5136111195,0.0020000008,0.0,0.002000001,0.0,nan,nan,nan,nan,nan,nan,nan,nan,0
5136115217,5136114939,0.0020000003,0.0,0.0020000003,0.0,nan,nan,nan,nan,nan,nan,nan,nan,0
5136122719,5136122430,0.002000002,3.0187732e-09,0.0019999952,8.025166e-12,nan,nan,nan,nan,nan,nan,nan,nan,0
5136126461,5136126176,0.0020000022,1.6800852e-09,0.0019999968,7.93704e-12,nan,nan,nan,nan,nan,nan,nan,nan,0
5136128946,5136128672,0.0020000003,0.0,0.0020000006,0.0,nan,nan,nan,nan,nan,nan,nan,nan,0
5136136436,5136136163,0.0020000008,0.0,0.0020000008,0.0,nan,nan,nan,nan,nan,nan,nan,nan,0
5136141431,5136141157,0.002,7.200919e-10,0.0019999994,7.503859e-12,nan,nan,nan,nan,nan,nan,nan,nan,0
5136146428,5136146150,0.0020000003,0.0,0.0020000006,0.0,nan,nan,nan,nan,nan,nan,nan,nan,0
5136150164,5136149895,0.0020000008,0.0,0.0020000003,0.0,nan,nan,nan,nan,nan,nan,nan,nan,0
5136157671,5136157386,0.0020000006,0.0,0.0020000006,0.0,nan,nan,nan,nan,nan,nan,nan,nan,0
5136161468,5136161136,0.0020000003,0.0,0.0020000003,0.0,nan,nan,nan,nan,nan,nan,nan,nan,0
5136163908,5136163628,0.0020000006,0.0,0.0020000003,0.0,nan,nan,nan,nan,nan,nan,nan,nan,0
5136171393,5136171119,0.0020000006,0.0,0.0020000006,0.0,nan,nan,nan,nan,nan,nan,nan,nan,0
5136175130,5136174864,0.0020000022,1.4749441e-09,0.001999997,9.351244e-12,nan,nan,nan,nan,nan,nan,nan,nan,0
5136181388,5136181107,0.0020000006,6.011865e-10,0.0019999999,9.993971e-12,nan,nan,nan,nan,nan,nan,nan,nan,0
5136185131,5136184852,0.0020000022,2.4635882e-09,0.0019999961,1.0237462e-11,nan,nan,nan,nan,nan,nan,nan,nan,0
5136192674,5136192343,0.0020000024,1.2405955e-09,0.0019999973,1.0869205e-11,nan,nan,nan,nan,nan,nan,nan,nan,0
5136196374,5136196088,0.0020000003,0.0,0.0020000006,0.0,nan,nan,nan,nan,nan,nan,nan,nan,0
5136198853,5136198584,0.0020000022,1.5606497e-09,0.0019999968,1.0957157e-11,nan,nan,nan,nan,nan,nan,nan,nan,0
5136206365,5136206075,0.0020000003,4.2617868e-10,0.0019999999,1.0378781e-11,nan,nan,nan,nan,nan,nan,nan,nan,0
5136211350,5136211070,0.0020000006,6.8815514e-10,0.0019999999,1.033677e-11,nan,nan,nan,nan,nan,nan,nan,nan,0
5136217582,5136217311,0.0019999985,1.8812036e-09,0.0020000003,1.0545304e-11,nan,nan,nan,nan,nan,nan,nan,nan,0
5136221338,5136221056,0.0020000022,1.3868083e-09,0.001999997,1.01755635e-11,nan,nan,nan,nan,nan,nan,nan,nan,0
5136227569,5136227298,0.0019999985,1.9985134e-09,0.0020000003,9.6509415e-12,nan,nan,nan,nan,nan,nan,nan,nan,0
5136231335,5136231044,0.0020000003,7.4698914e-10,0.0019999994,9.710463e-12,nan,nan,nan,nan,nan,nan,nan,nan,0
5136233810,5136233541,0.0020000003,1.9200358e-11,0.0020000003,9.903472e-12,nan,nan,nan,nan,nan,nan,nan,nan,0
5136241320,5136241037,0.0019999982,1.8229682e-09,0.0020000003,1.0573046e-11,nan,nan,nan,nan,nan,nan,nan,nan,0
5136245050,5136244776,0.0020000006,0.0,0.0020000008,0.0,nan,nan,nan,nan,nan,nan,nan,nan,0
5136251299,5136251019,0.0020000003,7.738974e-10,0.0019999996,1.1906009e-11,nan,nan,nan,nan,nan,nan,nan,nan,0
5136255034,5136254764,0.0020000022,2.112929e-09,0.0019999964,1.1650788e-11,nan,nan,nan,nan,nan,nan,nan,nan,0
5136262540,5136262255,0.0020000003,7.1689477e-10,0.0019999996,1.0700992e-11,nan,nan,nan,nan,nan,nan,nan,nan,0
5136266282,5136266000,0.0020000024,2.9868676e-09,0.0019999954,1.0826888e-11,nan,nan,nan,nan,nan,nan,nan,nan,0
5136270015,5136269745,0.0019999985,1.7056218e-09,0.0020000006,1.1504188e-11,nan,nan,nan,nan,nan,nan,nan,nan,0
5136276267,5136275987,0.0020000003,1.9106404e-10,0.0020000003,1.2662772e-11,nan,nan,nan,nan,nan,nan,nan,nan,0
5136281271,5136280981,0.0020000003,7.1445855e-10,0.0019999994,1.3137234e-11,nan,nan,nan,nan,nan,nan,nan,nan,0
5136287503,5136287224,0.0020000022,1.9366848e-09,0.0019999966,1.3271802e-11,nan,nan,nan,nan,nan,nan,nan,nan,0
5136291241,5136290969,0.0020000003,0.0,0.0020000003,0.0,nan,nan,nan,nan,nan,nan,nan,nan,0
5136297484,5136297211,0.0020000006,0.0,0.0020000006,0.0,nan,nan,nan,nan,nan,nan,nan,nan,0
5136301243,5136300956,0.0020000003,3.6509237e-10,0.0019999999,1.3257421e-11,nan,nan,nan,nan,nan,nan,nan,nan,0
5136304983,5136304701,0.002,7.143697e-10,0.0019999994,1.3226115e-11,nan,nan,nan,nan,nan,nan,nan,nan,0
5136311218,5136310945,0.0020000003,0.0,0.0020000003,0.0,nan,nan,nan,nan,nan,nan,nan,nan,0
5136315008,5136314689,0.0020000006,6.561231e-10,0.0019999996,1.3264979e-11,nan,nan,nan,nan,nan,nan,nan,nan,0
5136322457,5136322180,0.0019999985,1.8773956e-09,0.0020000003,1.4353492e-11,nan,nan,nan,nan,nan,nan,nan,nan,0
5136324959,5136324676,0.0020000003,0.0,0.0020000006,0.0,nan,nan,nan,nan,nan,nan,nan,nan,0
5136332450,5136332167,0.0020000003,5.7816748e-11,0.0020000003,3.90913e-13,nan,nan,nan,nan,nan,nan,nan,nan,0
5136336190,5136335913,0.0020000006,0.0,0.0020000006,0.0,nan,nan,nan,nan,nan,nan,nan,nan,0
5136339944,5136339660,0.0019999985,1.3383676e-09,0.0020000008,4.0859156e-13,nan,nan,nan,nan,nan,nan,nan,nan,0
5136346223,5136345900,0.0020000022,2.8515825e-09,0.0019999957,5.928487e-13,nan,nan,nan,nan,nan,nan,nan,nan,0
5136351167,5136350894,0.0020000006,0.0,0.0020000006,0.0,nan,nan,nan,nan,nan,nan,nan,nan,0
5136357419,5136357136,0.0019999982,1.3379088e-09,0.0020000008,8.673808e-13,nan,nan,nan,nan,nan,nan,nan,nan,0
5136361162,5136360881,0.0020000022,2.821964e-09,0.0019999957,1.1076366e-12,nan,nan,nan,nan,nan,nan,nan,nan,0
5136367404,5136367124,0.0020000022,1.30842e-09,0.001999997,1.2523168e-12,nan,nan,nan,nan,nan,nan,nan,nan,0
5136371152,5136370871,0.0019999985,2.6470584e-09,0.0019999994,1.3902022e-12,nan,nan,nan,nan,nan,nan,nan,nan,0
5136374884,5136374614,0.0020000003,3.0399555e-10,0.0019999999,1.5946662e-12,nan,nan,nan,nan,nan,nan,nan,nan,0
5136381147,5136380857,0.0019999985,3.170423e-09,0.001999999,1.894527e-12,nan,nan,nan,nan,nan,nan,nan,nan,0
5136384868,5136384602,0.0020000003,2.3071094e-10,0.002,2.1197046e-12,nan,nan,nan,nan,nan,nan,nan,nan,0
5136392362,5136392092,0.0020000003,0.0,0.0020000003,0.0,nan,nan,nan,nan,nan,nan,nan,nan,0
5136394870,5136394589,0.0020000024,1.2046174e-09,0.0019999973,3.1915807e-12,nan,nan,nan,nan,nan,nan,nan,nan,0
5136402358,5136402080,0.0020000006,0.0,0.0020000006,0.0,nan,nan,nan,nan,nan,nan,nan,nan,0
5136406114,5136405825,0.0020000008,0.0,0.002000001,0.0,nan,nan,nan,nan,nan,nan,nan,nan,0
5136411101,5136410819,0.0020000022,1.7853931e-09,0.0019999966,4.4925105e-12,nan,nan,nan,nan,nan,nan,nan,nan,0
5136416092,5136415813,0.0019999985,1.6984661e-09,0.0020000006,4.10791e-12,nan,nan,nan,nan,nan,nan,nan,nan,0
5136419827,5136419558,0.0020000022,1.3206252e-09,0.001999997,3.599089e-12,nan,nan,nan,nan,nan,nan,nan,nan,0
5136427325,5136427048,0.0020000006,1.1175055e-09,0.0019999994,2.991894e-12,nan,nan,nan,nan,nan,nan,nan,nan,0
5136432327,5136432042,0.0019999985,1.3070959e-09,0.0020000008,2.576538e-12,nan,nan,nan,nan,nan,nan,nan,nan,0
5136437314,5136437036,0.0020000003,0.0,0.0020000003,0.0,nan,nan,nan,nan,nan,nan,nan,nan,0
5136441072,5136440781,0.0019999985,2.9079554e-09,0.0019999994,2.4276683e-12,nan,nan,nan,nan,nan,nan,nan,nan,0
5136444801,5136444527,0.0020000024,1.744172e-09,0.0019999968,2.0577524e-12,nan,nan,nan,nan,nan,nan,nan,nan,0
5136451048,5136450769,0.0020000006,0.0,0.0020000006,0.0,nan,nan,nan,nan,nan,nan,nan,nan,0
5136454786,5136454514,0.0020000003,1.1781208e-09,0.001999999,5.843598e-13,nan,nan,nan,nan,nan,nan,nan,nan,0
5136462292,5136462008,0.0020000006,0.0,0.0020000006,0.0,nan,nan,nan,nan,nan,nan,nan,nan,0
5136466028,5136465750,0.0019999987,2.4730975e-09,0.0019999996,7.280912e-13,nan,nan,nan,nan,nan,nan,nan,nan,0
5136472282,5136471992,0.0020000022,1.8030463e-09,0.0019999966,1.3912552e-12,nan,nan,nan,nan,nan,nan,nan,nan,0
5136476015,5136475737,0.0020000003,0.0,0.0020000006,0.0,nan,nan,nan,nan,nan,nan,nan,nan,0
5136481030,5136480731,0.0020000003,1.4378727e-10,0.0020000003,1.7318811e-12,nan,nan,nan,nan,nan,nan,nan,nan,0
5136485998,5136485725,0.0020000003,7.844083e-10,0.0019999994,1.3951037e-12,nan,nan,nan,nan,nan,nan,nan,nan,0
5136489748,5136489470,0.0019999985,1.7451309e-09,0.0020000003,1.0989404e-12,nan,nan,nan,nan,nan,nan,nan,nan,0
5136497241,5136496961,0.0020000022,2.429693e-09,0.0019999961,4.7685206e-13,nan,nan,nan,nan,nan,nan,nan,nan,0
5136500993,5136500706,0.0020000006,0.0,0.0020000003,0.0,nan,nan,nan,nan,nan,nan,nan,nan,0
5136507239,5136506948,0.0020000003,0.0,0.0020000003,0.0,nan,nan,nan,nan,nan,nan,nan,nan,0
5136510969,5136510694,0.0020000003,0.0,0.0020000006,0.0,nan,nan,nan,nan,nan,nan,nan,nan,0
5136514710,5136514439,0.0020000022,1.9359152e-09,0.0019999966,1.404145e-11,nan,nan,nan,nan,nan,nan,nan,nan,0
5136520971,5136520682,0.0020000003,1.0046064e-09,0.0019999994,1.4027689e-11,nan,nan,nan,nan,nan,nan,nan,nan,0
5136524709,5136524427,0.0019999982,1.5282667e-09,0.0020000006,1.4236248e-11,nan,nan,nan,nan,nan,nan,nan,nan,0
5136532192,5136531917,0.0020000003,0.0,0.0020000003,0.0,nan,nan,nan,nan,nan,nan,nan,nan,0
5136535950,5136535662,0.0020000022,1.9498212e-09,0.0019999966,1.3538823e-13,nan,nan,nan,nan,nan,nan,nan,nan,0
5136542177,5136541905,0.0020000006,0.0,0.0020000006,0.0,nan,nan,nan,nan,nan,nan,nan,nan,0
5136545934,5136545650,0.0020000024,1.716938e-09,0.0019999968,1.8799545e-13,nan,nan,nan,nan,nan,nan,nan,nan,0
5136550939,5136550651,0.002,1.2222369e-09,0.001999999,1.2397462e-13,nan,nan,nan,nan,nan,nan,nan,nan,0
5136555908,5136555637,0.002,7.71262e-10,0.0019999994,1.4541398e-11,nan,nan,nan,nan,nan,nan,nan,nan,0
5136560907,5136560631,0.0020000006,0.0,0.0020000008,0.0,nan,nan,nan,nan,nan,nan,nan,nan,0
5136567141,5136566873,0.0020000022,2.983519e-09,0.0019999957,1.4175451e-11,nan,nan,nan,nan,nan,nan,nan,nan,0
5136570907,5136570620,0.0020000003,4.2216156e-10,0.0019999999,1.4395906e-11,nan,nan,nan,nan,nan,nan,nan,nan,0
5136577127,5136576861,0.0020000003,1.3091621e-09,0.001999999,5.103123e-13,nan,nan,nan,nan,nan,nan,nan,nan,0
5136580893,5136580606,0.0019999985,3.1136416e-09,0.001999999,4.682192e-13,nan,nan,nan,nan,nan,nan,nan,nan,0
5136584618,5136584351,0.0020000022,2.415487e-09,0.0019999961,1.3097856e-13,nan,nan,nan,nan,nan,nan,nan,nan,0
5136590873,5136590594,0.0020000006,0.0,0.0020000006,0.0,nan,nan,nan,nan,nan,nan,nan,nan,0
5136594611,5136594339,0.0019999985,1.8790067e-09,0.0020000003,1.2742321e-11,nan,nan,nan,nan,nan,nan,nan,nan,0
5136602116,5136601830,0.0020000006,0.0,0.0020000006,0.0,nan,nan,nan,nan,nan,nan,nan,nan,0
5136605852,5136605575,0.0020000006,0.0,0.0020000006,0.0,nan,nan,nan,nan,nan,nan,nan,nan,0
5136612107,5136611817,0.0020000006,0.0,0.0020000008,0.0,nan,nan,nan,nan,nan,nan,nan,nan,0
5136615856,5136615562,0.0020000003,0.0,0.0020000003,0.0,nan,nan,nan,nan,nan,nan,nan,nan,0
5136619593,5136619309,0.0020000006,0.0,0.0020000006,0.0,nan,nan,nan,nan,nan,nan,nan,nan,0
5136625820,5136625550,0.0020000006,0.0,0.0020000006,0.0,nan,nan,nan,nan,nan,nan,nan,nan,0
5136630819,5136630544,0.0020000022,1.8264874e-09,0.0019999966,7.053892e-12,nan,nan,nan,nan,nan,nan,nan,nan,0
5136637060,5136636786,0.0020000003,3.4210101e-10,0.0019999999,7.1449513e-12,nan,nan,nan,nan,nan,nan,nan,nan,0
5136640806,5136640531,0.0020000003,0.0,0.0020000003,0.0,nan,nan,nan,nan,nan,nan,nan,nan,0
5136647062,5136646773,0.0020000003,6.335199e-10,0.0019999999,6.7643825e-12,nan,nan,nan,nan,nan,nan,nan,nan,0
5136650794,5136650519,0.0020000006,0.0,0.0020000006,0.0,nan,nan,nan,nan,nan,nan,nan,nan,0
5136654554,5136654264,0.0020000003,0.0,0.0020000003,0.0,nan,nan,nan,nan,nan,nan,nan,nan,0
5136662050,5136661754,0.0020000003,0.0,0.0020000003,0.0,nan,nan,nan,nan,nan,nan,nan,nan,0
5136664546,5136664263,0.0020000003,7.8066176e-10,0.0019999994,5.141644e-12,nan,nan,nan,nan,nan,nan,nan,nan,0
5136672037,5136671742,0.0020000003,0.0,0.0020000006,0.0,nan,nan,nan,nan,nan,nan,nan,nan,0
5136675762,5136675487,0.0019999985,1.7410353e-09,0.0020000003,5.1945115e-12,nan,nan,nan,nan,nan,nan,nan,nan,0
5136680756,5136680481,0.0019999985,2.0906943e-09,0.0020000003,4.7814513e-12,nan,nan,nan,nan,nan,nan,nan,nan,0
5136685748,5136685475,0.0020000003,0.0,0.0020000003,2.2173695e-12,nan,nan,nan,nan,nan,nan,nan,nan,0
5136689489,5136689220,0.0020000006,0.0,0.0020000006,0.0,nan,nan,nan,nan,nan,nan,nan,nan,0
5136697009,5136696711,0.0019999985,2.3253188e-09,0.0019999999,2.9875252e-12,nan,nan,nan,nan,nan,nan,nan,nan,0
5136700731,5136700456,0.0020000003,4.336644e-10,0.0019999999,2.8930539e-12,nan,nan,nan,nan,nan,nan,nan,nan,0
5136706977,5136706698,0.0020000006,0.0,0.0020000006,0.0,nan,nan,nan,nan,nan,nan,nan,nan,0
5136710718,5136710444,0.0020000006,0.0,0.0020000006,0.0,nan,nan,nan,nan,nan,nan,nan,nan,0
5136714478,5136714189,0.0020000006,0.0,0.0020000006,0.0,nan,nan,nan,nan,nan,nan,nan,nan,0
5136720709,5136720431,0.0020000006,0.0,0.0020000006,0.0,nan,nan,nan,nan,nan,nan,nan,nan,0
5136724449,5136724177,0.0020000022,2.7927956e-09,0.0019999957,1.1721665e-12,nan,nan,nan,nan,nan,nan,nan,nan,0
5136731950,5136731668,0.0019999985,1.8037781e-09,0.0020000003,6.5939094e-13,nan,nan,nan,nan,nan,nan,nan,nan,0
5136734431,5136734164,0.0020000003,5.2338567e-10,0.0019999999,4.8326447e-13,nan,nan,nan,nan,nan,nan,nan,nan,0
5136741938,5136741655,0.0020000003,0.0,0.0020000003,0.0,nan,nan,nan,nan,nan,nan,nan,nan,0
5136745675,5136745400,0.0020000003,5.7937297e-11,0.0020000003,2.703636e-13,nan,nan,nan,nan,nan,nan,nan,nan,0
5136750677,5136750394,0.0020000003,0.0,0.0020000003,0.0,nan,nan,nan,nan,nan,nan,nan,nan,0
5136755663,5136755387,0.0019999982,1.7762178e-09,0.0020000003,2.8219607e-11,nan,nan,nan,nan,nan,nan,nan,nan,0
5136760657,5136760384,0.0020000022,1.3102162e-09,0.001999997,2.8559991e-11,nan,nan,nan,nan,nan,nan,nan,nan,0
5136766909,5136766623,0.002,0.0,0.0020000003,0.0,nan,nan,nan,nan,nan,nan,nan,nan,0
5136770652,5136770369,0.0019999985,2.1535396e-09,0.002,1.4390399e-13,nan,nan,nan,nan,nan,nan,nan,nan,0
5136776879,5136776610,0.0020000006,0.0,0.0019999987,0.0,nan,nan,nan,nan,nan,nan,nan,nan,0
5136780641,5136780357,0.0020000006,0.0,0.0020000003,0.0,nan,nan,nan,nan,nan,nan,nan,nan,0
5136784373,5136784101,0.0019999985,1.686922e-09,0.0020000006,1.1001616e-12,nan,nan,nan,nan,nan,nan,nan,nan,0
5136790618,5136790344,0.0020000003,3.476544e-10,0.0019999999,1.5915724e-12,nan,nan,nan,nan,nan,nan,nan,nan,0
5136794363,5136794092,0.0019999985,1.4535662e-09,0.0020000008,1.6253197e-12,nan,nan,nan,nan,nan,nan,nan,nan,0
5136801853,5136801580,0.0020000022,2.3265705e-09,0.0019999961,1.7358424e-12,nan,nan,nan,nan,nan,nan,nan,nan,0
5136804362,5136804076,0.002,0.0,0.0020000003,0.0,nan,nan,nan,nan,nan,nan,nan,nan,0
5136811849,5136811567,0.0019999982,3.025504e-09,0.0019999992,1.2943518e-12,nan,nan,nan,nan,nan,nan,nan,nan,0
5136815590,5136815313,0.0020000003,9.885176e-10,0.0019999994,1.0125997e-12,nan,nan,nan,nan,nan,nan,nan,nan,0
5136819340,5136819057,0.0019999987,2.5599776e-09,0.0019999999,1.1594389e-12,nan,nan,nan,nan,nan,nan,nan,nan,0
5136825581,5136825300,0.0020000003,5.2283816e-10,0.0019999999,1.030797e-12,nan,nan,nan,nan,nan,nan,nan,nan,0
5136830592,5136830293,0.0020000006,0.0,0.0020000006,0.0,nan,nan,nan,nan,nan,nan,nan,nan,0
5136836802,5136836536,0.0020000006,1.1636792e-09,0.0019999994,4.7406176e-13,nan,nan,nan,nan,nan,nan,nan,nan,0
5136839315,5136839033,0.0020000006,0.0,0.0020000006,0.0,nan,nan,nan,nan,nan,nan,nan,nan,0
5136846795,5136846523,0.0020000006,0.0,0.0020000008,0.0,nan,nan,nan,nan,nan,nan,nan,nan,0
5136850542,5136850269,0.0020000003,1.3100286e-09,0.001999999,2.8747598e-11,nan,nan,nan,nan,nan,nan,nan,nan,0
5136854291,5136854014,0.0020000003,0.0,0.0020000006,0.0,nan,nan,nan,nan,nan,nan,nan,nan,0
5136860528,5136860256,0.0020000006,0.0,0.0020000008,0.0,nan,nan,nan,nan,nan,nan,nan,nan,0
5136864305,5136864001,0.0020000003,0.0,0.0020000006,0.0,nan,nan,nan,nan,nan,nan,nan,nan,0
5136871770,5136871492,0.0020000022,1.1936573e-09,0.0019999975,2.8703605e-11,nan,nan,nan,nan,nan,nan,nan,nan,0
5136875518,5136875238,0.0020000022,2.0084576e-09,0.0019999966,2.8810478e-11,nan,nan,nan,nan,nan,nan,nan,nan,0
5136881752,5136881480,0.0020000022,1.3096795e-09,0.001999997,2.909677e-11,nan,nan,nan,nan,nan,nan,nan,nan,0
5136885512,5136885225,0.0019999987,1.7461829e-09,0.0020000006,4.6974577e-14,nan,nan,nan,nan,nan,nan,nan,nan,0
5136890493,5136890219,0.0020000022,1.2222071e-09,0.0019999973,1.5375375e-13,nan,nan,nan,nan,nan,nan,nan,nan,0
5136895493,5136895212,0.0020000003,0.0,0.0020000003,0.0,nan,nan,nan,nan,nan,nan,nan,nan,0
5136900482,5136900206,0.0020000006,0.0,0.0020000008,0.0,nan,nan,nan,nan,nan,nan,nan,nan,0
5136906760,5136906448,0.0020000024,2.0367972e-09,0.0019999964,4.709913e-13,nan,nan,nan,nan,nan,nan,nan,nan,0
5136910477,5136910194,0.0020000003,0.0,0.0020000003,0.0,nan,nan,nan,nan,nan,nan,nan,nan,0
5136916763,5136916441,0.0019999987,1.2798986e-09,0.002000001,6.699641e-13,nan,nan,nan,nan,nan,nan,nan,nan,0
5136920458,5136920181,0.0020000006,0.0,0.0020000006,0.0,nan,nan,nan,nan,nan,nan,nan,nan,0
5136924202,5136923926,0.0019999985,2.5605924e-09,0.0019999996,5.446494e-13,nan,nan,nan,nan,nan,nan,nan,nan,0
5136930454,5136930169,0.0020000022,1.3370045e-09,0.001999997,1.7716436e-12,nan,nan,nan,nan,nan,nan,nan,nan,0
5136934182,5136933914,0.0020000024,1.452667e-09,0.001999997,2.524583e-12,nan,nan,nan,nan,nan,nan,nan,nan,0
5136941676,5136941404,0.0020000003,0.0,0.0020000003,1.6786668e-12,nan,nan,nan,nan,nan,nan,nan,nan,0
5136945442,5136945150,0.0020000003,0.0,0.0020000006,0.0,nan,nan,nan,nan,nan,nan,nan,nan,0
5136951669,5136951392,0.002,8.110245e-10,0.0019999994,3.8827153e-12,nan,nan,nan,nan,nan,nan,nan,nan,0
5136955409,5136955137,0.0020000006,6.359949e-10,0.0019999996,4.289326e-12,nan,nan,nan,nan,nan,nan,nan,nan,0
5136959154,5136958883,0.0020000006,0.0,0.0020000006,0.0,nan,nan,nan,nan,nan,nan,nan,nan,0
5136965401,5136965125,0.0019999985,1.3916435e-09,0.0020000008,5.3404416e-12,nan,nan,nan,nan,nan,nan,nan,nan,0
5136970395,5136970119,0.0020000003,0.0,0.0020000003,0.0,nan,nan,nan,nan,nan,nan,nan,nan,0
5136976634,5136976360,0.0020000003,3.7170803e-10,0.0019999999,6.6417705e-12,nan,nan,nan,nan,nan,nan,nan,nan,0
5136980398,5136980106,0.0020000006,0.0,0.0020000006,0.0,nan,nan,nan,nan,nan,nan,nan,nan,0
5136986616,5136986348,0.0020000003,1.0989493e-09,0.0019999994,6.996322e-12,nan,nan,nan,nan,nan,nan,nan,nan,0
5136990374,5136990096,0.0020000006,0.0,0.0020000008,0.0,nan,nan,nan,nan,nan,nan,nan,nan,0
5136997891,5136997587,0.0020000003,1.2438736e-09,0.001999999,7.591174e-12,nan,nan,nan,nan,nan,nan,nan,nan,0
5137000358,5137000081,0.0020000003,4.581878e-10,0.0019999999,7.473484e-12,nan,nan,nan,nan,nan,nan,nan,nan,0
5137004097,5137003826,0.0020000003,1.6783865e-10,0.0020000003,6.7843387e-12,nan,nan,nan,nan,nan,nan,nan,nan,0
5137011595,5137011317,0.0020000006,0.0,0.0020000008,0.0,nan,nan,nan,nan,nan,nan,nan,nan,0
5137015369,5137015062,0.0020000022,1.5949817e-09,0.0019999968,5.7289225e-12,nan,nan,nan,nan,nan,nan,nan,nan,0
5137021583,5137021305,0.0020000003,9.252325e-10,0.0019999994,6.090047e-12,nan,nan,nan,nan,nan,nan,nan,nan,0
5137025330,5137025050,0.0020000003,9.2508373e-10,0.0019999994,6.238822e-12,nan,nan,nan,nan,nan,nan,nan,nan,0
5137030330,5137030043,0.0019999982,1.5359178e-09,0.0020000006,6.585175e-12,nan,nan,nan,nan,nan,nan,nan,nan,0
5137035327,5137035037,0.0020000022,1.3319826e-09,0.001999997,6.7935744e-12,nan,nan,nan,nan,nan,nan,nan,nan,0
5137039061,5137038782,0.0020000003,0.0,0.0020000003,0.0,nan,nan,nan,nan,nan,nan,nan,nan,0
5137046541,5137046273,0.0020000006,2.2638026e-10,0.002,6.4503767e-12,nan,nan,nan,nan,nan,nan,nan,nan,0
5137050304,5137050019,0.002000002,3.1079201e-09,0.0019999952,6.189632e-12,nan,nan,nan,nan,nan,nan,nan,nan,0
5137056543,5137056266,0.0020000003,0.0,0.0020000003,0.0,nan,nan,nan,nan,nan,nan,nan,nan,0
5137060295,5137060006,0.0020000003,1.1294704e-09,0.0019999994,5.5789574e-12,nan,nan,nan,nan,nan,nan,nan,nan,0
5137067769,5137067496,0.0020000003,3.4400677e-10,0.0019999999,5.239205e-12,nan,nan,nan,nan,nan,nan,nan,nan,0
5137071519,5137071242,0.0020000022,1.7701373e-09,0.0019999966,5.1964405e-12,nan,nan,nan,nan,nan,nan,nan,nan,0
5137074029,5137073738,0.0020000024,2.4685023e-09,0.0019999961,5.3233997e-12,nan,nan,nan,nan,nan,nan,nan,nan,0
5137081531,5137081230,0.0020000003,8.0853857e-10,0.0019999994,6.368706e-12,nan,nan,nan,nan,nan,nan,nan,nan,0
5137085257,5137084975,0.0020000024,1.2156991e-09,0.0019999973,6.661789e-12,nan,nan,nan,nan,nan,nan,nan,nan,0
5137090247,5137089968,0.0019999987,1.710212e-09,0.0020000006,6.9140735e-12,nan,nan,nan,nan,nan,nan,nan,nan,0
5137095242,5137094962,0.0020000022,2.874136e-09,0.0019999957,7.143064e-12,nan,nan,nan,nan,nan,nan,nan,nan,0
5137100228,5137099956,0.0020000006,0.0,0.0020000006,0.0,nan,nan,nan,nan,nan,nan,nan,nan,0
5137106478,5137106198,0.0019999982,1.5058587e-09,0.0020000006,7.540491e-12,nan,nan,nan,nan,nan,nan,nan,nan,0
5137110225,5137109948,0.0020000022,1.4473577e-09,0.001999997,7.833881e-12,nan,nan,nan,nan,nan,nan,nan,nan,0
5137116452,5137116185,0.0020000003,2.530097e-10,0.0019999999,8.924786e-12,nan,nan,nan,nan,nan,nan,nan,nan,0
5137120203,5137119931,0.0020000022,2.7552534e-09,0.0019999957,9.610517e-12,nan,nan,nan,nan,nan,nan,nan,nan,0
5137126456,5137126173,0.0020000008,0.0,0.0020000008,0.0,nan,nan,nan,nan,nan,nan,nan,nan,0
5137130212,5137129918,0.0020000008,0.0,0.0020000008,0.0,nan,nan,nan,nan,nan,nan,nan,nan,0
5137137683,5137137409,0.0020000022,2.7555473e-09,0.0019999957,9.3164435e-12,nan,nan,nan,nan,nan,nan,nan,nan,0
5137141446,5137141154,0.0019999985,1.7080386e-09,0.0020000006,9.087413e-12,nan,nan,nan,nan,nan,nan,nan,nan,0
5137143930,5137143651,0.0020000003,1.0970835e-09,0.0019999994,8.8620205e-12,nan,nan,nan,nan,nan,nan,nan,nan,0
5137151428,5137151142,0.0020000006,0.0,0.002,0.0,nan,nan,nan,nan,nan,nan,nan,nan,0
5137155224,5137154892,0.0019999985,1.3004843e-09,0.0020000008,9.188119e-12,nan,nan,nan,nan,nan,nan,nan,nan,0
5137158914,5137158632,0.0020000003,9.509576e-10,0.0019999994,9.468806e-12,nan,nan,nan,nan,nan,nan,nan,nan,0
5137165146,5137164874,0.0020000022,1.4163081e-09,0.001999997,9.779634e-12,nan,nan,nan,nan,nan,nan,nan,nan,0
5137170200,5137169871,0.0020000006,0.0,0.0020000003,0.0,nan,nan,nan,nan,nan,nan,nan,nan,0
5137176383,5137176111,0.0020000006,6.891152e-10,0.0019999999,9.376704e-12,nan,nan,nan,nan,nan,nan,nan,nan,0
5137180142,5137179856,0.0019999985,1.4748657e-09,0.0020000008,9.429662e-12,nan,nan,nan,nan,nan,nan,nan,nan,0
5137186374,5137186098,0.0020000003,1.0086313e-09,0.0019999994,1.0002745e-11,nan,nan,nan,nan,nan,nan,nan,nan,0
5137190134,5137189847,0.002000002,2.5802542e-09,0.001999996,9.9866625e-12,nan,nan,nan,nan,nan,nan,nan,nan,0
5137196359,5137196085,0.0019999987,1.6783429e-09,0.0020000008,9.6792765e-12,nan,nan,nan,nan,nan,nan,nan,nan,0
5137200158,5137199833,0.0020000006,0.0,0.0020000006,0.0,nan,nan,nan,nan,nan,nan,nan,nan,0
5137207651,5137207322,0.0020000006,0.0,0.0020000008,0.0,nan,nan,nan,nan,nan,nan,nan,nan,0
5137211349,5137211067,0.0019999985,2.6365976e-09,0.0019999996,1.1850977e-11,nan,nan,nan,nan,nan,nan,nan,nan,0
5137213842,5137213564,0.0019999985,1.4433154e-09,0.0020000008,1.18761685e-11,nan,nan,nan,nan,nan,nan,nan,nan,0
5137221386,5137221057,0.0020000006,0.0,0.0020000006,0.0,nan,nan,nan,nan,nan,nan,nan,nan,0
5137225078,5137224800,0.0019999982,1.5897911e-09,0.0020000006,1.0919569e-11,nan,nan,nan,nan,nan,nan,nan,nan,0
5137228811,5137228545,0.0020000006,0.0,0.0020000006,0.0,nan,nan,nan,nan,nan,nan,nan,nan,0
5137235071,5137234787,0.0020000006,0.0,0.0020000006,0.0,nan,nan,nan,nan,nan,nan,nan,nan,0
5137240058,5137239781,0.0020000003,5.1330373e-10,0.0019999999,1.05651946e-11,nan,nan,nan,nan,nan,nan,nan,nan,0
5137246316,5137246026,0.0020000006,0.0,0.0020000008,0.0,nan,nan,nan,nan,nan,nan,nan,nan,0
5137250042,5137249768,0.0019999985,1.6481789e-09,0.0020000008,1.0739435e-11,nan,nan,nan,nan,nan,nan,nan,nan,0
5137256303,5137256010,0.0020000003,7.4573686e-10,0.0019999996,1.0962736e-11,nan,nan,nan,nan,nan,nan,nan,nan,0
5137260086,5137259756,0.0020000003,8.0366375e-10,0.0019999994,1.1243499e-11,nan,nan,nan,nan,nan,nan,nan,nan,0
5137266277,5137265998,0.0019999982,3.1609593e-09,0.001999999,1.1358222e-11,nan,nan,nan,nan,nan,nan,nan,nan,0
5137270018,5137269743,0.0019999985,2.6367948e-09,0.0019999996,1.16538845e-11,nan,nan,nan,nan,nan,nan,nan,nan,0
5137277508,5137277237,0.0020000006,0.0,0.0020000006,0.0,nan,nan,nan,nan,nan,nan,nan,nan,0
5137281271,5137280979,0.0020000022,1.4727409e-09,0.001999997,1.155437e-11,nan,nan,nan,nan,nan,nan,nan,nan,0
5137285017,5137284725,0.0020000003,1.1235515e-09,0.0019999994,1.1497896e-11,nan,nan,nan,nan,nan,nan,nan,nan,0
5137291271,5137290968,0.0020000006,1.1229868e-09,0.0019999994,1.20625645e-11,nan,nan,nan,nan,nan,nan,nan,nan,0
5137294987,5137294712,0.0020000003,9.481016e-10,0.0019999994,1.232482e-11,nan,nan,nan,nan,nan,nan,nan,nan,0
5137299990,5137299706,0.0020000003,0.0,0.0020000003,0.0,nan,nan,nan,nan,nan,nan,nan,nan,0
5137305027,5137304699,0.0020000006,0.0,0.0020000006,0.0,nan,nan,nan,nan,nan,nan,nan,nan,0
5137309973,5137309694,0.0020000006,0.0,0.0020000006,0.0,nan,nan,nan,nan,nan,nan,nan,nan,0
5137316210,5137315935,0.0020000006,0.0,0.0020000006,0.0,nan,nan,nan,nan,nan,nan,nan,nan,0
5137320004,5137319681,0.0020000006,1.0055147e-09,0.0019999994,1.3119441e-11,nan,nan,nan,nan,nan,nan,nan,nan,0
5137326192,5137325923,0.0020000006,0.0,0.0020000006,0.0,nan,nan,nan,nan,nan,nan,nan,nan,0
5137329951,5137329668,0.0020000003,0.0,0.0020000003,0.0,nan,nan,nan,nan,nan,nan,nan,nan,0
5137337460,5137337160,0.0020000003,5.6801713e-10,0.0019999999,1.4059488e-11,nan,nan,nan,nan,nan,nan,nan,nan,0
5137339950,5137339665,0.0019999985,2.4598379e-09,0.0019999999,1.3987783e-11,nan,nan,nan,nan,nan,nan,nan,nan,0
5137347430,5137347147,0.0020000003,6.552131e-10,0.0019999996,1.4175022e-11,nan,nan,nan,nan,nan,nan,nan,nan,0
5137351167,5137350891,0.0020000006,0.0,0.0020000008,0.0,nan,nan,nan,nan,nan,nan,nan,nan,0
5137354912,5137354637,0.0020000003,0.0,0.0020000003,0.0,nan,nan,nan,nan,nan,nan,nan,nan,0
5137361150,5137360879,0.0020000003,4.236113e-10,0.0019999999,1.294613e-11,nan,nan,nan,nan,nan,nan,nan,nan,0
5137364961,5137364625,0.0020000003,3.6563486e-10,0.0019999999,1.2714926e-11,nan,nan,nan,nan,nan,nan,nan,nan,0
5137369905,5137369618,0.0020000003,0.0,0.0020000006,0.0,nan,nan,nan,nan,nan,nan,nan,nan,0
5137374885,5137374612,0.002000002,1.5874891e-09,0.0019999968,1.32215055e-11,nan,nan,nan,nan,nan,nan,nan,nan,0
5137378630,5137378357,0.0019999985,2.8096572e-09,0.0019999994,1.3414384e-11,nan,nan,nan,nan,nan,nan,nan,nan,0
5137386120,5137385848,0.0020000022,2.4602795e-09,0.0019999961,1.35459526e-11,nan,nan,nan,nan,nan,nan,nan,nan,0
5137389872,5137389594,0.0019999985,1.2961715e-09,0.0020000008,1.3500893e-11,nan,nan,nan,nan,nan,nan,nan,nan,0
5137396110,5137395835,0.0020000006,0.0,0.0020000006,0.0,nan,nan,nan,nan,nan,nan,nan,nan,0
5137399858,5137399581,0.0020000008,0.0,0.0020000008,0.0,nan,nan,nan,nan,nan,nan,nan,nan,0
5137407363,5137407071,0.0020000006,1.894426e-10,0.002,1.4284206e-11,nan,nan,nan,nan,nan,nan,nan,nan,0
5137409887,5137409568,0.0020000003,0.0,0.0020000003,0.0,nan,nan,nan,nan,nan,nan,nan,nan,0
5137417374,5137417059,0.0020000003,1.0624581e-09,0.0019999994,1.4383659e-11,nan,nan,nan,nan,nan,nan,nan,nan,0
5137421075,5137420804,0.0020000003,9.460449e-10,0.0019999994,1.438147e-11,nan,nan,nan,nan,nan,nan,nan,nan,0
5137424864,5137424549,0.0019999987,1.6444026e-09,0.0020000008,1.4515713e-11,nan,nan,nan,nan,nan,nan,nan,nan,0
5137431073,5137430792,0.0020000022,1.8621684e-09,0.0019999966,4.767263e-13,nan,nan,nan,nan,nan,nan,nan,nan,0
5137434809,5137434537,0.0020000022,1.8912978e-09,0.0019999966,4.5122413e-13,nan,nan,nan,nan,nan,nan,nan,nan,0
5137439851,5137439531,0.002,3.1993072e-10,0.0019999999,2.1140294e-13,nan,nan,nan,nan,nan,nan,nan,nan,0
5137444795,5137444525,0.0020000006,0.0,0.0020000006,0.0,nan,nan,nan,nan,nan,nan,nan,nan,0
5137448548,5137448270,0.0020000003,0.0,0.0020000003,0.0,nan,nan,nan,nan,nan,nan,nan,nan,0
5137456036,5137455760,0.0020000006,0.0,0.0020000006,0.0,nan,nan,nan,nan,nan,nan,nan,nan,0
5137459781,5137459508,0.0020000003,3.655e-10,0.0019999999,1.2849813e-11,nan,nan,nan,nan,nan,nan,nan,nan,0
5137466020,5137465748,0.0020000003,0.0,0.0020000006,0.0,nan,nan,nan,nan,nan,nan,nan,nan,0
5137469804,5137469493,0.0019999987,2.4025362e-09,0.0019999999,1.3081805e-11,nan,nan,nan,nan,nan,nan,nan,nan,0
5137477308,5137476984,0.0020000006,0.0,0.0020000006,0.0,nan,nan,nan,nan,nan,nan,nan,nan,0
5137481035,5137480729,0.0020000022,2.3448359e-09,0.0019999961,1.25742975e-11,nan,nan,nan,nan,nan,nan,nan,nan,0
5137487244,5137486971,0.002000002,2.2284656e-09,0.0019999961,1.2529243e-11,nan,nan,nan,nan,nan,nan,nan,nan,0
5137490987,5137490717,0.0020000024,1.2391007e-09,0.0019999973,1.236398e-11,nan,nan,nan,nan,nan,nan,nan,nan,0
5137494734,5137494462,0.0020000003,0.0,0.0020000006,0.0,nan,nan,nan,nan,nan,nan,nan,nan,0
5137500990,5137500704,0.0020000003,0.0,0.0020000003,0.0,nan,nan,nan,nan,nan,nan,nan,nan,0
5137504725,5137504450,0.0020000003,1.0057412e-09,0.0019999994,1.289286e-11,nan,nan,nan,nan,nan,nan,nan,nan,0
5137509720,5137509443,0.0020000003,1.6175578e-11,0.0020000003,1.2928252e-11,nan,nan,nan,nan,nan,nan,nan,nan,0
5137515965,5137515685,0.0020000003,0.0,0.0020000003,0.0,nan,nan,nan,nan,nan,nan,nan,nan,0
5137519706,5137519431,0.0020000006,0.0,0.0020000006,0.0,nan,nan,nan,nan,nan,nan,nan,nan,0
5137525951,5137525673,0.0020000003,0.0,0.0020000003,0.0,nan,nan,nan,nan,nan,nan,nan,nan,0
5137529725,5137529421,0.0020000006,0.0,0.002000001,0.0,nan,nan,nan,nan,nan,nan,nan,nan,0
5137535929,5137535660,0.0020000003,9.467471e-10,0.0019999994,1.36792955e-11,nan,nan,nan,nan,nan,nan,nan,nan,0
5137539679,5137539406,0.0020000006,0.0,0.0020000006,0.0,nan,nan,nan,nan,nan,nan,nan,nan,0
5137547174,5137546896,0.0020000006,0.0,0.0020000008,0.0,nan,nan,nan,nan,nan,nan,nan,nan,0
5137550927,5137550642,0.0019999982,2.635696e-09,0.0019999994,1.2752438e-11,nan,nan,nan,nan,nan,nan,nan,nan,0
5137557154,5137556883,0.0020000003,6.564396e-10,0.0019999999,1.29485e-11,nan,nan,nan,nan,nan,nan,nan,nan,0
5137560901,5137560629,0.0020000022,1.6458106e-09,0.0019999968,1.3107683e-11,nan,nan,nan,nan,nan,nan,nan,nan,0
5137564652,5137564378,0.0020000003,1.1223431e-09,0.0019999994,1.2706227e-11,nan,nan,nan,nan,nan,nan,nan,nan,0
5137569644,5137569368,0.0020000022,1.8216451e-09,0.0019999966,1.1896272e-11,nan,nan,nan,nan,nan,nan,nan,nan,0
5137574665,5137574362,0.0020000003,8.907734e-10,0.0019999994,1.1445319e-11,nan,nan,nan,nan,nan,nan,nan,nan,0
5137579628,5137579356,0.0020000003,1.7581827e-11,0.0020000003,1.1522004e-11,nan,nan,nan,nan,nan,nan,nan,nan,0
5137585934,5137585600,0.0020000024,1.2401632e-09,0.0019999973,1.1301482e-11,nan,nan,nan,nan,nan,nan,nan,nan,0
5137589661,5137589343,0.0020000024,1.6477884e-09,0.001999997,1.1130024e-11,nan,nan,nan,nan,nan,nan,nan,nan,0
5137595856,5137595585,0.0020000022,1.7933156e-09,0.0019999966,1.1121918e-11,nan,nan,nan,nan,nan,nan,nan,nan,0
5137599605,5137599331,0.002,8.3277746e-10,0.0019999994,1.1233613e-11,nan,nan,nan,nan,nan,nan,nan,nan,0
5137605863,5137605573,0.0019999987,1.2694306e-09,0.002000001,1.1137931e-11,nan,nan,nan,nan,nan,nan,nan,nan,0
5137609593,5137609318,0.0020000003,1.240592e-09,0.001999999,1.0872726e-11,nan,nan,nan,nan,nan,nan,nan,nan,0
5137617131,5137616808,0.0020000003,4.8438786e-10,0.0019999999,1.0377232e-11,nan,nan,nan,nan,nan,nan,nan,nan,0
5137620835,5137620554,0.0020000003,6.8850453e-10,0.0019999996,9.987374e-12,nan,nan,nan,nan,nan,nan,nan,nan,0
5137627093,5137626796,0.0020000006,0.0,0.0020000006,0.0,nan,nan,nan,nan,nan,nan,nan,nan,0
5137630813,5137630541,0.0020000003,0.0,0.0020000003,0.0,nan,nan,nan,nan,nan,nan,nan,nan,0
5137634599,5137634288,0.0020000003,8.3485163e-10,0.0019999994,9.159428e-12,nan,nan,nan,nan,nan,nan,nan,nan,0
5137639564,5137639281,0.0020000022,1.7080315e-09,0.0019999968,9.0945584e-12,nan,nan,nan,nan,nan,nan,nan,nan,0
5137644565,5137644274,0.0019999985,1.4177722e-09,0.0020000008,8.315489e-12,nan,nan,nan,nan,nan,nan,nan,nan,0
5137652044,5137651765,0.002,2.2593495e-10,0.0019999999,6.895694e-12,nan,nan,nan,nan,nan,nan,nan,nan,0
5137655787,5137655510,0.0020000003,1.1281391e-09,0.0019999994,6.910224e-12,nan,nan,nan,nan,nan,nan,nan,nan,0
5137659528,5137659256,0.002,2.5483857e-10,0.002,7.0959193e-12,nan,nan,nan,nan,nan,nan,nan,nan,0
5137665773,5137665498,0.0020000003,1.0701283e-09,0.0019999994,6.71338e-12,nan,nan,nan,nan,nan,nan,nan,nan,0
5137669527,5137669243,0.0020000006,0.0,0.0020000008,0.0,nan,nan,nan,nan,nan,nan,nan,nan,0
5137677006,5137676734,0.0019999982,1.2735123e-09,0.0020000008,7.056288e-12,nan,nan,nan,nan,nan,nan,nan,nan,0
5137679592,5137679231,0.0020000006,0.0,0.0020000006,0.0,nan,nan,nan,nan,nan,nan,nan,nan,0
5137687032,5137686721,0.0020000006,6.633657e-10,0.0019999996,6.022384e-12,nan,nan,nan,nan,nan,nan,nan,nan,0
5137690742,5137690467,0.0020000008,0.0,0.0020000008,0.0,nan,nan,nan,nan,nan,nan,nan,nan,0
5137694517,5137694212,0.0020000003,0.0,0.0020000003,0.0,nan,nan,nan,nan,nan,nan,nan,nan,0
5137700751,5137700471,0.0020000003,4.30072e-10,0.0019999999,6.485453e-12,nan,nan,nan,nan,nan,nan,nan,nan,0
5137704481,5137704200,0.0020000006,0.0,0.0020000006,0.0,nan,nan,nan,nan,nan,nan,nan,nan,0
5137709489,5137709199,0.0020000003,1.3949907e-10,0.0020000003,6.020089e-12,nan,nan,nan,nan,nan,nan,nan,nan,0
5137714461,5137714187,0.0020000003,0.0,0.0020000003,0.0,nan,nan,nan,nan,nan,nan,nan,nan,0
5137719456,5137719181,0.0020000003,2.4805965e-11,0.0020000003,4.297866e-12,nan,nan,nan,nan,nan,nan,nan,nan,0
5137725692,5137725423,0.0020000003,1.2772939e-09,0.001999999,3.2745594e-12,nan,nan,nan,nan,nan,nan,nan,nan,0
5137731948,5137731665,0.0020000003,0.0,0.0020000003,0.0,nan,nan,nan,nan,nan,nan,nan,nan,0
5137735692,5137735410,0.0020000024,2.9358944e-09,0.0019999957,3.592411e-12,nan,nan,nan,nan,nan,nan,nan,nan,0
5137739444,5137739158,0.0020000003,0.0,0.0020000006,0.0,nan,nan,nan,nan,nan,nan,nan,nan,0
5137746942,5137746646,0.0020000022,1.7719425e-09,0.0019999966,3.3912127e-12,nan,nan,nan,nan,nan,nan,nan,nan,0
5137749420,5137749143,0.0020000006,0.0,0.0020000006,0.0,nan,nan,nan,nan,nan,nan,nan,nan,0
5137756910,5137756634,0.0019999987,1.7434473e-09,0.0020000006,2.7825485e-12,nan,nan,nan,nan,nan,nan,nan,nan,0
5137760651,5137760379,0.0020000003,3.1792372e-10,0.0019999999,2.218413e-12,nan,nan,nan,nan,nan,nan,nan,nan,0
5137766893,5137766621,0.0020000024,1.6277243e-09,0.0019999968,2.0902655e-12,nan,nan,nan,nan,nan,nan,nan,nan,0
5137770645,5137770367,0.0020000003,0.0,0.0020000003,0.0,nan,nan,nan,nan,nan,nan,nan,nan,0
5137774388,5137774112,0.0020000003,0.0,0.0020000003,0.0,nan,nan,nan,nan,nan,nan,nan,nan,0
5137781894,5137781602,0.0020000003,4.6400678e-10,0.0019999999,1.654496e-12,nan,nan,nan,nan,nan,nan,nan,nan,0
5137784396,5137784099,0.002,2.8921565e-10,0.0019999999,1.8226393e-12,nan,nan,nan,nan,nan,nan,nan,nan,0
5137789368,5137789093,0.0020000003,5.216437e-10,0.0019999999,2.2252564e-12,nan,nan,nan,nan,nan,nan,nan,nan,0
5137795604,5137795335,0.0020000003,2.6671923e-11,0.0020000003,2.431907e-12,nan,nan,nan,nan,nan,nan,nan,nan,0
5137801845,5137801577,0.0020000003,4.3377665e-10,0.0019999999,2.7807912e-12,nan,nan,nan,nan,nan,nan,nan,nan,0
5137805610,5137805323,0.0019999985,1.6268674e-09,0.0020000008,2.947035e-12,nan,nan,nan,nan,nan,nan,nan,nan,0
5137809357,5137809077,0.0019999985,1.3068167e-09,0.0020000008,2.8557504e-12,nan,nan,nan,nan,nan,nan,nan,nan,0
5137816830,5137816558,0.0020000022,1.3948143e-09,0.001999997,2.1696117e-12,nan,nan,nan,nan,nan,nan,nan,nan,0
5137819335,5137819056,0.0019999985,2.6174003e-09,0.0019999994,1.944396e-12,nan,nan,nan,nan,nan,nan,nan,nan,0
5137826815,5137826546,0.0020000022,1.802138e-09,0.0019999966,2.2994592e-12,nan,nan,nan,nan,nan,nan,nan,nan,0
5137830593,5137830292,0.0020000006,0.0,0.0020000006,0.0,nan,nan,nan,nan,nan,nan,nan,nan,0
5137839320,5137839033,0.0019999985,2.5005287e-09,0.0019999999,2.4008556e-12,nan,nan,nan,nan,nan,nan,nan,nan,0
5137840564,5137840280,0.0020000003,0.0,0.0020000003,0.0,nan,nan,nan,nan,nan,nan,nan,nan,0
5137844324,5137844028,0.0019999987,1.7443311e-09,0.0020000006,1.898759e-12,nan,nan,nan,nan,nan,nan,nan,nan,0
5137849297,5137849018,0.0020000006,0.0,0.0020000003,0.0,nan,nan,nan,nan,nan,nan,nan,nan,0
5137854294,5137854012,0.0019999985,1.6290287e-09,0.0020000003,7.8578116e-13,nan,nan,nan,nan,nan,nan,nan,nan,0
5137859366,5137859005,0.0020000003,0.0,0.0020000006,0.0,nan,nan,nan,nan,nan,nan,nan,nan,0
5137865536,5137865248,0.0020000022,2.7934328e-09,0.0019999957,5.3499566e-13,nan,nan,nan,nan,nan,nan,nan,nan,0
5137869273,5137868993,0.0019999985,1.2800581e-09,0.0020000008,5.1050657e-13,nan,nan,nan,nan,nan,nan,nan,nan,0
5137875511,5137875235,0.0020000003,1.162237e-10,0.0020000003,1.9162623e-13,nan,nan,nan,nan,nan,nan,nan,nan,0
5137879261,5137878981,0.0019999985,2.1249762e-09,0.0019999999,2.8707349e-11,nan,nan,nan,nan,nan,nan,nan,nan,0
5137886739,5137886471,0.0020000006,0.0,0.0020000006,0.0,nan,nan,nan,nan,nan,nan,nan,nan,0
5137890538,5137890216,0.0020000022,2.8243732e-09,0.0019999957,2.7802097e-11,nan,nan,nan,nan,nan,nan,nan,nan,0
5137896751,5137896461,0.0020000003,0.0,0.0020000003,0.0,nan,nan,nan,nan,nan,nan,nan,nan,0
5137900476,5137900204,0.0020000003,0.0,0.0020000006,0.0,nan,nan,nan,nan,nan,nan,nan,nan,0
5137909219,5137908943,0.0020000006,0.0,0.0020000006,0.0,nan,nan,nan,nan,nan,nan,nan,nan,0
5137910468,5137910192,0.002000002,2.6184623e-09,0.0019999957,8.8234975e-13,nan,nan,nan,nan,nan,nan,nan,nan,0
5137914228,5137913937,0.0020000022,1.4538994e-09,0.001999997,1.2920949e-12,nan,nan,nan,nan,nan,nan,nan,nan,0
5137919210,5137918931,0.0019999985,1.279006e-09,0.002000001,1.5625036e-12,nan,nan,nan,nan,nan,nan,nan,nan,0
5137925448,5137925172,0.0020000006,0.0,0.0020000008,0.0,nan,nan,nan,nan,nan,nan,nan,nan,0
5137929188,5137928918,0.0020000008,0.0,0.002000001,0.0,nan,nan,nan,nan,nan,nan,nan,nan,0
5137935433,5137935160,0.0020000022,2.4429008e-09,0.0019999961,1.8210676e-12,nan,nan,nan,nan,nan,nan,nan,nan,0
5137942940,5137942651,0.002,8.704546e-10,0.0019999994,2.660306e-12,nan,nan,nan,nan,nan,nan,nan,nan,0
5137945420,5137945148,0.0020000008,0.0,0.0020000008,0.0,nan,nan,nan,nan,nan,nan,nan,nan,0
5137949193,5137948895,0.0020000008,0.0,0.0020000006,0.0,nan,nan,nan,nan,nan,nan,nan,nan,0
5137956656,5137956384,0.0020000022,1.4212759e-09,0.001999997,4.811781e-12,nan,nan,nan,nan,nan,nan,nan,nan,0
5137960413,5137960129,0.0019999985,1.799496e-09,0.0020000003,4.941514e-12,nan,nan,nan,nan,nan,nan,nan,nan,0
5137966644,5137966371,0.0020000006,0.0,0.0020000006,0.0,nan,nan,nan,nan,nan,nan,nan,nan,0
5137970393,5137970117,0.0020000003,6.942142e-10,0.0019999999,4.2777205e-12,nan,nan,nan,nan,nan,nan,nan,nan,0
5137979147,5137978859,0.0020000003,5.2036336e-10,0.0019999999,3.505564e-12,nan,nan,nan,nan,nan,nan,nan,nan,0
5137980383,5137980104,0.0019999985,2.703341e-09,0.0019999994,3.3152092e-12,nan,nan,nan,nan,nan,nan,nan,nan,0
5137984145,5137983849,0.0020000022,1.5687024e-09,0.0019999966,2.9044891e-12,nan,nan,nan,nan,nan,nan,nan,nan,0
5137991605,5137991340,0.0020000006,0.0,0.0020000006,0.0,nan,nan,nan,nan,nan,nan,nan,nan,0
5137995369,5137995085,0.0020000024,1.4533116e-09,0.001999997,1.8799736e-12,nan,nan,nan,nan,nan,nan,nan,nan,0
5137999105,5137998830,0.002,2.8967406e-10,0.0019999999,1.364242e-12,nan,nan,nan,nan,nan,nan,nan,nan,0
5138005360,5138005073,0.0020000003,0.0,0.0020000003,0.0,nan,nan,nan,nan,nan,nan,nan,nan,0
5138012837,5138012564,0.0020000022,2.7929972e-09,0.0019999957,9.704841e-13,nan,nan,nan,nan,nan,nan,nan,nan,0
5138015362,5138015061,0.0019999985,1.3375822e-09,0.0020000008,1.1940136e-12,nan,nan,nan,nan,nan,nan,nan,nan,0
5138019086,5138018806,0.0020000022,1.3953075e-09,0.001999997,1.6763708e-12,nan,nan,nan,nan,nan,nan,nan,nan,0
5138026571,5138026296,0.0020000006,0.0,0.0020000006,0.0,nan,nan,nan,nan,nan,nan,nan,nan,0
5138030321,5138030041,0.0020000003,7.535714e-10,0.0019999996,3.1281557e-12,nan,nan,nan,nan,nan,nan,nan,nan,0
5138036556,5138036284,0.0020000022,2.67379e-09,0.0019999957,3.76231e-12,nan,nan,nan,nan,nan,nan,nan,nan,0
5138040318,5138040029,0.0020000003,4.6165494e-10,0.0019999999,4.0063595e-12,nan,nan,nan,nan,nan,nan,nan,nan,0
5138049048,5138048768,0.0020000003,1.11863754e-10,0.0020000003,4.5515657e-12,nan,nan,nan,nan,nan,nan,nan,nan,0
5138050305,5138050019,0.0020000022,1.8580583e-09,0.0019999966,4.586914e-12,nan,nan,nan,nan,nan,nan,nan,nan,0
5138054055,5138053762,0.0020000003,9.558644e-10,0.0019999994,4.5620105e-12,nan,nan,nan,nan,nan,nan,nan,nan,0
5138061531,5138061254,0.0019999985,1.7125117e-09,0.0020000006,4.6142846e-12,nan,nan,nan,nan,nan,nan,nan,nan,0
5138065284,5138064997,0.0019999985,1.9740414e-09,0.0020000003,5.0191414e-12,nan,nan,nan,nan,nan,nan,nan,nan,0
5138069029,5138068743,0.0020000003,4.0213338e-10,0.0019999999,5.320258e-12,nan,nan,nan,nan,nan,nan,nan,nan,0
5138075260,5138074985,0.0020000003,0.0,0.0020000003,2.588936e-12,nan,nan,nan,nan,nan,nan,nan,nan,0
5138082750,5138082476,0.0020000003,7.5149076e-10,0.0019999996,5.2088247e-12,nan,nan,nan,nan,nan,nan,nan,nan,0
5138086495,5138086221,0.0020000003,4.0210285e-10,0.0019999999,5.3507632e-12,nan,nan,nan,nan,nan,nan,nan,nan,0
5138089017,5138088721,0.0019999985,1.3333888e-09,0.0020000008,5.3873867e-12,nan,nan,nan,nan,nan,nan,nan,nan,0
5138096485,5138096209,0.0020000003,9.252606e-10,0.0019999994,6.0619704e-12,nan,nan,nan,nan,nan,nan,nan,nan,0
5138100232,5138099954,0.002000004,3.1078378e-09,0.0019999936,6.272082e-12,nan,nan,nan,nan,nan,nan,nan,nan,0
5138106472,5138106196,0.0020000003,0.0,0.0020000008,0.0,nan,nan,nan,nan,nan,nan,nan,nan,0
5138110213,5138109941,0.0020000006,0.0,0.0020000006,0.0,nan,nan,nan,nan,nan,nan,nan,nan,0
5138118953,5138118680,0.0020000008,0.0,0.0020000008,0.0,nan,nan,nan,nan,nan,nan,nan,nan,0
5138121459,5138121180,0.0020000022,1.4783095e-09,0.001999997,5.985823e-12,nan,nan,nan,nan,nan,nan,nan,nan,0
5138123946,5138123674,0.0020000022,3.1664638e-09,0.0019999952,5.853802e-12,nan,nan,nan,nan,nan,nan,nan,nan,0
5138131435,5138131165,0.0020000006,0.0,0.0020000006,0.0,nan,nan,nan,nan,nan,nan,nan,nan,0
5138135191,5138134910,0.002,1.2740705e-09,0.001999999,6.498054e-12,nan,nan,nan,nan,nan,nan,nan,nan,0
5138141429,5138141152,0.0019999985,1.7104259e-09,0.0020000006,6.700071e-12,nan,nan,nan,nan,nan,nan,nan,nan,0
5138145183,5138144898,0.0020000022,1.448134e-09,0.001999997,7.0575316e-12,nan,nan,nan,nan,nan,nan,nan,nan,0
5138148931,5138148643,0.0020000006,5.4560007e-10,0.0019999999,7.372691e-12,nan,nan,nan,nan,nan,nan,nan,nan,0
5138156420,5138156134,0.002,6.9118233e-10,0.0019999994,7.309585e-12,nan,nan,nan,nan,nan,nan,nan,nan,0
5138158905,5138158630,0.0020000003,0.0,0.0020000006,0.0,nan,nan,nan,nan,nan,nan,nan,nan,0
5138166393,5138166123,0.0020000022,1.4776667e-09,0.001999997,6.6287427e-12,nan,nan,nan,nan,nan,nan,nan,nan,0
5138170139,5138169866,0.0020000006,0.0,0.0020000003,0.0,nan,nan,nan,nan,nan,nan,nan,nan,0
5138176380,5138176109,0.0019999987,2.8455864e-09,0.0019999994,6.5889707e-12,nan,nan,nan,nan,nan,nan,nan,nan,0
5138180132,5138179854,0.0020000022,1.4776802e-09,0.001999997,6.6151824e-12,nan,nan,nan,nan,nan,nan,nan,nan,0
5138188876,5138188593,0.0020000003,1.2152798e-09,0.0019999992,7.081063e-12,nan,nan,nan,nan,nan,nan,nan,nan,0
5138191359,5138191089,0.0020000003,0.0,0.0020000003,0.0,nan,nan,nan,nan,nan,nan,nan,nan,0
5138193871,5138193586,0.0020000003,2.1609029e-11,0.0020000003,7.494802e-12,nan,nan,nan,nan,nan,nan,nan,nan,0
5138201350,5138201077,0.0020000006,0.0,0.0020000006,0.0,nan,nan,nan,nan,nan,nan,nan,nan,0
5138205099,5138204822,0.0019999985,1.6803821e-09,0.0020000006,7.6401e-12,nan,nan,nan,nan,nan,nan,nan,nan,0
5138211345,5138211065,0.0020000003,1.085028e-10,0.0020000003,7.9125265e-12,nan,nan,nan,nan,nan,nan,nan,nan,0
5138215082,5138214810,0.0020000022,1.5055991e-09,0.001999997,7.800094e-12,nan,nan,nan,nan,nan,nan,nan,nan,0
5138218832,5138218557,0.0020000022,1.942312e-09,0.0019999966,7.644534e-12,nan,nan,nan,nan,nan,nan,nan,nan,0
5138226362,5138226047,0.0020000008,0.0,0.0020000006,0.0,nan,nan,nan,nan,nan,nan,nan,nan,0
5138228817,5138228543,0.0020000003,1.1011466e-10,0.0020000003,6.300663e-12,nan,nan,nan,nan,nan,nan,nan,nan,0
5138236312,5138236033,0.0020000003,0.0,0.0020000003,0.0,nan,nan,nan,nan,nan,nan,nan,nan,0
5138240065,5138239779,0.0019999985,1.448967e-09,0.0020000008,6.224533e-12,nan,nan,nan,nan,nan,nan,nan,nan,0
5138246306,5138246021,0.0020000022,1.6807855e-09,0.0019999968,7.2366297e-12,nan,nan,nan,nan,nan,nan,nan,nan,0
5138250096,5138249768,0.0020000008,0.0,0.002000001,0.0,nan,nan,nan,nan,nan,nan,nan,nan,0
5138257533,5138257260,0.0020000006,0.0,0.0020000006,0.0,nan,nan,nan,nan,nan,nan,nan,nan,0
5138261279,5138261002,0.002,0.0,0.0020000003,0.0,nan,nan,nan,nan,nan,nan,nan,nan,0
5138265033,5138264748,0.0020000003,0.0,0.0020000003,0.0,nan,nan,nan,nan,nan,nan,nan,nan,0
5138271263,5138270990,0.0020000003,6.5991146e-10,0.0019999999,9.4766296e-12,nan,nan,nan,nan,nan,nan,nan,nan,0
5138275004,5138274735,0.0020000008,0.0,0.002000001,0.0,nan,nan,nan,nan,nan,nan,nan,nan,0
5138282515,5138282226,0.0020000006,6.5983763e-10,0.0019999999,9.55048e-12,nan,nan,nan,nan,nan,nan,nan,nan,0
5138284999,5138284722,0.0020000003,9.215377e-10,0.0019999994,9.784895e-12,nan,nan,nan,nan,nan,nan,nan,nan,0
5138292485,5138292213,0.0020000003,1.2403528e-09,0.0019999992,1.1111915e-11,nan,nan,nan,nan,nan,nan,nan,nan,0
5138296229,5138295958,0.002000002,1.5890057e-09,0.0019999968,1.1705015e-11,nan,nan,nan,nan,nan,nan,nan,nan,0
5138299987,5138299704,0.0020000003,0.0,0.0020000006,0.0,nan,nan,nan,nan,nan,nan,nan,nan,0
5138306228,5138305946,0.0020000003,3.6658246e-10,0.0019999999,1.176733e-11,nan,nan,nan,nan,nan,nan,nan,nan,0
5138309966,5138309691,0.0020000003,1.7424468e-11,0.0020000003,1.1679362e-11,nan,nan,nan,nan,nan,nan,nan,nan,0
5138318710,5138318430,0.0020000006,0.0,0.0020000008,0.0,nan,nan,nan,nan,nan,nan,nan,nan,0
5138319946,5138319679,0.0020000003,8.6197416e-10,0.0019999994,1.1140769e-11,nan,nan,nan,nan,nan,nan,nan,nan,0
5138328694,5138328418,0.0019999985,1.8807267e-09,0.0020000003,1.1022381e-11,nan,nan,nan,nan,nan,nan,nan,nan,0
5138331184,5138330915,0.002000002,1.5608922e-09,0.0019999968,1.0714627e-11,nan,nan,nan,nan,nan,nan,nan,nan,0
5138334937,5138334660,0.0020000003,6.0103694e-10,0.0019999999,1.0143501e-11,nan,nan,nan,nan,nan,nan,nan,nan,0
5138341182,5138340902,0.0020000006,0.0,0.0020000006,0.0,nan,nan,nan,nan,nan,nan,nan,nan,0
5138344933,5138344647,0.0020000006,0.0,0.0020000006,0.0,nan,nan,nan,nan,nan,nan,nan,nan,0
5138352414,5138352138,0.0020000003,8.0610973e-10,0.0019999994,8.79753e-12,nan,nan,nan,nan,nan,nan,nan,nan,0
5138354912,5138354635,0.0019999982,1.5337575e-09,0.0020000006,8.745529e-12,nan,nan,nan,nan,nan,nan,nan,nan,0
5138362402,5138362126,0.0020000022,1.4753423e-09,0.001999997,8.953005e-12,nan,nan,nan,nan,nan,nan,nan,nan,0
5138366138,5138365871,0.0020000003,0.0,0.0020000003,0.0,nan,nan,nan,nan,nan,nan,nan,nan,0
5138369905,5138369617,0.0020000024,1.2422727e-09,0.0019999975,9.1920065e-12,nan,nan,nan,nan,nan,nan,nan,nan,0
5138376136,5138375858,0.0020000003,1.361685e-10,0.0020000003,9.350657e-12,nan,nan,nan,nan,nan,nan,nan,nan,0
5138379879,5138379604,0.0020000003,6.016971e-10,0.0019999999,9.483348e-12,nan,nan,nan,nan,nan,nan,nan,nan,0
5138387366,5138387094,0.0020000003,0.0,0.0020000003,0.0,nan,nan,nan,nan,nan,nan,nan,nan,0
5138389887,5138389592,0.0020000003,1.3649742e-10,0.0020000003,9.021724e-12,nan,nan,nan,nan,nan,nan,nan,nan,0
5138398658,5138398335,0.0019999985,1.5622419e-09,0.0020000006,9.364931e-12,nan,nan,nan,nan,nan,nan,nan,nan,0
5138401100,5138400827,0.0020000006,0.0,0.0020000008,0.0,nan,nan,nan,nan,nan,nan,nan,nan,0
5138404840,5138404572,0.0020000024,1.6498467e-09,0.001999997,9.07161e-12,nan,nan,nan,nan,nan,nan,nan,nan,0
5138411087,5138410815,0.0020000003,1.3679215e-10,0.0020000003,8.7270035e-12,nan,nan,nan,nan,nan,nan,nan,nan,0
5138414847,5138414560,0.0020000003,3.6938042e-10,0.0019999999,8.969393e-12,nan,nan,nan,nan,nan,nan,nan,nan,0
5138422336,5138422051,0.0020000003,6.310574e-10,0.0019999996,9.226883e-12,nan,nan,nan,nan,nan,nan,nan,nan,0
5138426070,5138425796,0.0020000003,1.6516216e-10,0.0020000003,9.460819e-12,nan,nan,nan,nan,nan,nan,nan,nan,0
5138432331,5138432038,0.0020000003,0.0,0.0020000003,0.0,nan,nan,nan,nan,nan,nan,nan,nan,0
5138436063,5138435783,0.0020000006,1.0584451e-10,0.0020000003,1.0570813e-11,nan,nan,nan,nan,nan,nan,nan,nan,0
5138439808,5138439531,0.0019999982,1.5316161e-09,0.0020000006,1.088696e-11,nan,nan,nan,nan,nan,nan,nan,nan,0
5138446045,5138445771,0.0020000003,1.0370023e-09,0.0019999994,1.0735688e-11,nan,nan,nan,nan,nan,nan,nan,nan,0
5138449788,5138449516,0.002,1.2991066e-09,0.001999999,1.0565816e-11,nan,nan,nan,nan,nan,nan,nan,nan,0
5138457288,5138457007,0.0020000022,1.6197074e-09,0.0019999966,1.0107089e-11,nan,nan,nan,nan,nan,nan,nan,nan,0
5138459778,5138459504,0.0019999985,1.2997134e-09,0.0020000008,9.958888e-12,nan,nan,nan,nan,nan,nan,nan,nan,0
5138468524,5138468243,0.0020000003,7.171448e-10,0.0019999996,1.045097e-11,nan,nan,nan,nan,nan,nan,nan,nan,0
5138471011,5138470739,0.0020000003,6.584568e-10,0.0019999999,1.0931294e-11,nan,nan,nan,nan,nan,nan,nan,nan,0
5138474766,5138474485,0.0019999985,1.8802766e-09,0.0020000003,1.1472474e-11,nan,nan,nan,nan,nan,nan,nan,nan,0
5138481002,5138480727,0.0020000003,0.0,0.0020000003,0.0,nan,nan,nan,nan,nan,nan,nan,nan,0
5138484747,5138484472,0.0020000006,0.0,0.0020000006,0.0,nan,nan,nan,nan,nan,nan,nan,nan,0
5138492254,5138491963,0.0020000006,0.0,0.0020000008,0.0,nan,nan,nan,nan,nan,nan,nan,nan,0
5138495982,5138495708,0.0020000022,1.7066457e-09,0.0019999968,1.0480271e-11,nan,nan,nan,nan,nan,nan,nan,nan,0
5138502216,5138501950,0.0020000022,1.3568103e-09,0.001999997,1.106973e-11,nan,nan,nan,nan,nan,nan,nan,nan,0
5138505974,5138505696,0.0020000003,1.2111301e-09,0.001999999,1.1230817e-11,nan,nan,nan,nan,nan,nan,nan,nan,0
5138509717,5138509441,0.0020000022,1.8222848e-09,0.0019999966,1.1256548e-11,nan,nan,nan,nan,nan,nan,nan,nan,0
5138515969,5138515683,0.002000002,2.0839928e-09,0.0019999964,1.14829795e-11,nan,nan,nan,nan,nan,nan,nan,nan,0
5138519703,5138519429,0.002000002,3.1607192e-09,0.0019999952,1.1598281e-11,nan,nan,nan,nan,nan,nan,nan,nan,0
5138528446,5138528168,0.0019999985,1.9375583e-09,0.0020000003,1.2398303e-11,nan,nan,nan,nan,nan,nan,nan,nan,0
5138530954,5138530665,0.0020000003,4.820274e-10,0.0019999999,1.2737695e-11,nan,nan,nan,nan,nan,nan,nan,nan,0
5138537191,5138536907,0.0019999985,1.2673416e-09,0.0020000008,1.322698e-11,nan,nan,nan,nan,nan,nan,nan,nan,0
5138540926,5138540652,0.0020000003,0.0,0.0020000003,0.0,nan,nan,nan,nan,nan,nan,nan,nan,0
5138544676,5138544399,0.0020000003,1.4874088e-11,0.0020000003,1.4229742e-11,nan,nan,nan,nan,nan,nan,nan,nan,0
5138550905,5138550639,0.0019999985,1.8624133e-09,0.0020000003,2.317842e-13,nan,nan,nan,nan,nan,nan,nan,nan,0
5138554660,5138554385,0.0020000003,0.0,0.0020000008,0.0,nan,nan,nan,nan,nan,nan,nan,nan,0
5138562143,5138561876,0.0020000006,0.0,0.0020000006,0.0,nan,nan,nan,nan,nan,nan,nan,nan,0
5138565900,5138565621,0.0020000022,3.1719958e-09,0.0019999952,3.21714e-13,nan,nan,nan,nan,nan,nan,nan,nan,0
5138572141,5138571863,0.002,7.130673e-10,0.0019999996,1.4528418e-11,nan,nan,nan,nan,nan,nan,nan,nan,0
5138575895,5138575608,0.0020000006,0.0,0.0020000003,0.0,nan,nan,nan,nan,nan,nan,nan,nan,0
5138579629,5138579354,0.0020000022,1.3386381e-09,0.001999997,1.3808746e-13,nan,nan,nan,nan,nan,nan,nan,nan,0
5138585862,5138585596,0.0019999985,1.3385942e-09,0.0020000008,1.8195341e-13,nan,nan,nan,nan,nan,nan,nan,nan,0
5138589627,5138589341,0.0020000008,0.0,0.0020000003,0.0,nan,nan,nan,nan,nan,nan,nan,nan,0
5138598364,5138598080,0.0020000003,2.8760933e-11,0.0020000003,3.4289759e-13,nan,nan,nan,nan,nan,nan,nan,nan,0
5138600858,5138600577,0.0020000022,1.3673431e-09,0.001999997,5.368579e-13,nan,nan,nan,nan,nan,nan,nan,nan,0
5138607097,5138606819,0.0020000003,3.0507458e-10,0.0019999999,5.156379e-13,nan,nan,nan,nan,nan,nan,nan,nan,0
5138610836,5138610564,0.0020000003,1.1200743e-09,0.0019999994,4.2326039e-13,nan,nan,nan,nan,nan,nan,nan,nan,0
5138614605,5138614311,0.0020000022,1.4257878e-09,0.001999997,2.99827e-13,nan,nan,nan,nan,nan,nan,nan,nan,0
5138620819,5138620552,0.0019999987,2.5023366e-09,0.0019999996,5.92755e-13,nan,nan,nan,nan,nan,nan,nan,nan,0
5138624568,5138624297,0.0020000003,0.0,0.0020000003,0.0,nan,nan,nan,nan,nan,nan,nan,nan,0
5138632073,5138631788,0.0019999985,1.7613243e-09,0.0020000003,1.4009332e-11,nan,nan,nan,nan,nan,nan,nan,nan,0
5138635797,5138635533,0.0020000006,0.0,0.0020000006,0.0,nan,nan,nan,nan,nan,nan,nan,nan,0
5138642069,5138641775,0.0020000022,1.2970918e-09,0.001999997,1.25805755e-11,nan,nan,nan,nan,nan,nan,nan,nan,0
5138645809,5138645521,0.0020000006,0.0,0.0020000008,0.0,nan,nan,nan,nan,nan,nan,nan,nan,0
5138649548,5138649268,0.0019999985,1.821699e-09,0.0020000003,1.1842334e-11,nan,nan,nan,nan,nan,nan,nan,nan,0
5138657049,5138656757,0.0020000022,1.909435e-09,0.0019999966,1.14177175e-11,nan,nan,nan,nan,nan,nan,nan,nan,0
5138659528,5138659255,0.0019999985,1.7641852e-09,0.0020000003,1.114841e-11,nan,nan,nan,nan,nan,nan,nan,nan,0
5138668271,5138667993,0.0020000022,1.764937e-09,0.0019999966,1.03966506e-11,nan,nan,nan,nan,nan,nan,nan,nan,0
5138670765,5138670489,0.0020000003,1.0086156e-09,0.0019999994,1.0018434e-11,nan,nan,nan,nan,nan,nan,nan,nan,0
5138678263,5138677985,0.0019999985,2.6391536e-09,0.0019999996,9.295105e-12,nan,nan,nan,nan,nan,nan,nan,nan,0
5138680746,5138680477,0.0020000003,0.0,0.0020000006,0.0,nan,nan,nan,nan,nan,nan,nan,nan,0
5138684506,5138684222,0.0020000006,0.0,0.0020000006,0.0,nan,nan,nan,nan,nan,nan,nan,nan,0
5138691987,5138691713,0.0020000003,3.428266e-10,0.0019999999,6.419377e-12,nan,nan,nan,nan,nan,nan,nan,nan,0
5138694480,5138694210,0.0020000003,7.215001e-10,0.0019999996,6.095671e-12,nan,nan,nan,nan,nan,nan,nan,nan,0
5138701979,5138701700,0.0019999985,2.0033417e-09,0.0020000003,4.8226093e-12,nan,nan,nan,nan,nan,nan,nan,nan,0
5138705713,5138705446,0.0020000024,2.5569125e-09,0.001999996,4.224657e-12,nan,nan,nan,nan,nan,nan,nan,nan,0
5138709470,5138709191,0.0020000006,0.0,0.0020000006,0.0,nan,nan,nan,nan,nan,nan,nan,nan,0
5138715706,5138715434,0.0020000003,7.5451106e-10,0.0019999994,2.188522e-12,nan,nan,nan,nan,nan,nan,nan,nan,0
5138719450,5138719178,0.0020000024,2.9670486e-09,0.0019999957,1.5421778e-12,nan,nan,nan,nan,nan,nan,nan,nan,0
5138728192,5138727919,0.0020000022,2.0945894e-09,0.0019999966,8.865027e-13,nan,nan,nan,nan,nan,nan,nan,nan,0
5138729441,5138729166,0.0020000003,4.649538e-10,0.0019999999,7.0749656e-13,nan,nan,nan,nan,nan,nan,nan,nan,0
5138738176,5138737905,0.002000002,2.1532245e-09,0.0019999961,4.5895406e-13,nan,nan,nan,nan,nan,nan,nan,nan,0
5138740682,5138740402,0.0020000006,0.0,0.0020000006,0.0,nan,nan,nan,nan,nan,nan,nan,nan,0
5138744432,5138744147,0.0020000022,1.8042685e-09,0.0019999966,1.689638e-13,nan,nan,nan,nan,nan,nan,nan,nan,0
5138750656,5138750390,0.0019999985,1.5426947e-09,0.0020000006,2.8912126e-11,nan,nan,nan,nan,nan,nan,nan,nan,0
5138754404,5138754135,0.002000002,1.7756244e-09,0.0019999966,2.881305e-11,nan,nan,nan,nan,nan,nan,nan,nan,0
5138761905,5138761626,0.0020000003,1.4628224e-10,0.0020000003,2.8340743e-11,nan,nan,nan,nan,nan,nan,nan,nan,0
5138764407,5138764122,0.0019999985,1.6595575e-09,0.0020000008,2.8464727e-11,nan,nan,nan,nan,nan,nan,nan,nan,0
5138771885,5138771613,0.0020000022,2.9404668e-09,0.0019999957,2.8123996e-11,nan,nan,nan,nan,nan,nan,nan,nan,0
5138775628,5138775358,0.0020000008,0.0,0.002000001,0.0,nan,nan,nan,nan,nan,nan,nan,nan,0
5138781875,5138781601,0.0020000003,6.118254e-10,0.0019999999,2.8458846e-11,nan,nan,nan,nan,nan,nan,nan,nan,0
5138785617,5138785346,0.0020000006,0.0,0.0020000006,0.0,nan,nan,nan,nan,nan,nan,nan,nan,0
5138789380,5138789091,0.0020000024,2.009033e-09,0.0019999966,2.8235265e-11,nan,nan,nan,nan,nan,nan,nan,nan,0
5138798109,5138797830,0.0020000006,0.0,0.0020000006,0.0,nan,nan,nan,nan,nan,nan,nan,nan,0
5138799361,5138799079,0.0020000003,3.7913703e-10,0.0019999999,2.8316589e-11,nan,nan,nan,nan,nan,nan,nan,nan,0
5138808101,5138807818,0.0020000003,1.456015e-10,0.0020000003,2.9021476e-11,nan,nan,nan,nan,nan,nan,nan,nan,0
5138810598,5138810314,0.002000002,2.5903657e-09,0.001999996,2.8979149e-11,nan,nan,nan,nan,nan,nan,nan,nan,0
5138818130,5138817807,0.0020000003,1.1932633e-09,0.0019999992,2.9097658e-11,nan,nan,nan,nan,nan,nan,nan,nan,0
5138820574,5138820302,0.0020000022,2.357564e-09,0.0019999961,2.8950078e-11,nan,nan,nan,nan,nan,nan,nan,nan,0
5138824320,5138824047,0.0020000022,1.4263087e-09,0.001999997,2.8882775e-11,nan,nan,nan,nan,nan,nan,nan,nan,0
5138831808,5138831538,0.002,0.0,0.0020000003,0.0,nan,nan,nan,nan,nan,nan,nan,nan,0
5138834319,5138834035,0.0020000003,0.0,0.0020000003,0.0,nan,nan,nan,nan,nan,nan,nan,nan,0
5138841797,5138841525,0.0019999982,1.3102103e-09,0.0020000008,2.8565927e-11,nan,nan,nan,nan,nan,nan,nan,nan,0
5138845552,5138845271,0.0020000006,0.0,0.002000001,0.0,nan,nan,nan,nan,nan,nan,nan,nan,0
5138851801,5138851513,0.0020000006,0.0,0.0020000006,0.0,nan,nan,nan,nan,nan,nan,nan,nan,0
5138855534,5138855264,0.0020000003,0.0,0.0020000003,1.05507617e-13,nan,nan,nan,nan,nan,nan,nan,nan,0
5138859286,5138859004,0.002000002,1.7459846e-09,0.0019999966,2.4523612e-13,nan,nan,nan,nan,nan,nan,nan,nan,0
5138868024,5138867747,0.0019999987,1.686776e-09,0.0020000008,1.2461403e-12,nan,nan,nan,nan,nan,nan,nan,nan,0
5138870515,5138870240,0.0020000003,3.4790332e-10,0.0019999999,1.3426586e-12,nan,nan,nan,nan,nan,nan,nan,nan,0
5138878002,5138877730,0.0020000022,1.8031142e-09,0.0019999966,1.3233026e-12,nan,nan,nan,nan,nan,nan,nan,nan,0
5138880529,5138880228,0.0020000003,0.0,0.0020000006,0.0,nan,nan,nan,nan,nan,nan,nan,nan,0
5138887999,5138887718,0.0020000003,1.2803545e-09,0.001999999,2.1409263e-13,nan,nan,nan,nan,nan,nan,nan,nan,0
5138890487,5138890214,0.0019999987,1.6590942e-09,0.0020000006,2.8927964e-11,nan,nan,nan,nan,nan,nan,nan,nan,0
5138894243,5138893961,0.0019999985,1.4263999e-09,0.0020000008,2.8791646e-11,nan,nan,nan,nan,nan,nan,nan,nan,0
5138901733,5138901451,0.0020000006,0.0,0.0020000006,0.0,nan,nan,nan,nan,nan,nan,nan,nan,0
5138905480,5138905195,0.002,1.3109741e-09,0.001999999,2.7802108e-11,nan,nan,nan,nan,nan,nan,nan,nan,0
5138911735,5138911438,0.0020000003,0.0,0.0020000003,0.0,nan,nan,nan,nan,nan,nan,nan,nan,0
5138915454,5138915183,0.0019999982,1.5426321e-09,0.0020000006,2.8974698e-11,nan,nan,nan,nan,nan,nan,nan,nan,0
5138922958,5138922674,0.0020000022,1.3967467e-09,0.001999997,2.3715752e-13,nan,nan,nan,nan,nan,nan,nan,nan,0
5138925442,5138925171,0.0020000003,5.7914465e-11,0.0020000003,2.9319602e-13,nan,nan,nan,nan,nan,nan,nan,nan,0
5138929190,5138928920,0.0020000003,0.0,0.0020000003,1.10574744e-13,nan,nan,nan,nan,nan,nan,nan,nan,0
5138937929,5138937655,0.0020000003,5.7558916e-11,0.0020000003,6.487467e-13,nan,nan,nan,nan,nan,nan,nan,nan,0
5138940429,5138940152,0.0020000003,0.0,0.0020000003,0.0,nan,nan,nan,nan,nan,nan,nan,nan,0
5138947928,5138947643,0.002000002,1.5704517e-09,0.0019999968,1.1551489e-12,nan,nan,nan,nan,nan,nan,nan,nan,0
5138950408,5138950139,0.0020000003,1.1519764e-10,0.0020000003,1.2176822e-12,nan,nan,nan,nan,nan,nan,nan,nan,0
5138957919,5138957630,0.0020000006,0.0,0.0020000006,0.0,nan,nan,nan,nan,nan,nan,nan,nan,0
5138960395,5138960127,0.0020000006,0.0,0.0020000006,0.0,nan,nan,nan,nan,nan,nan,nan,nan,0
5138964140,5138963872,0.0019999985,1.4535512e-09,0.0020000008,1.6403753e-12,nan,nan,nan,nan,nan,nan,nan,nan,0
5138971634,5138971363,0.0020000003,0.0,0.0020000003,0.0,nan,nan,nan,nan,nan,nan,nan,nan,0
5138975384,5138975109,0.0020000022,2.2100144e-09,0.0019999961,1.8768286e-12,nan,nan,nan,nan,nan,nan,nan,nan,0
5138981621,5138981351,0.0019999985,1.6861377e-09,0.0020000006,1.8844388e-12,nan,nan,nan,nan,nan,nan,nan,nan,0
5138985367,5138985096,0.0020000003,9.874337e-10,0.0019999994,2.096599e-12,nan,nan,nan,nan,nan,nan,nan,nan,0
5138992860,5138992586,0.0020000022,2.9081484e-09,0.0019999957,2.2346378e-12,nan,nan,nan,nan,nan,nan,nan,nan,0
5138995361,5138995083,0.0020000003,1.2490652e-09,0.001999999,2.39948e-12,nan,nan,nan,nan,nan,nan,nan,nan,0
5138999106,5138998828,0.0020000022,1.4525683e-09,0.001999997,2.6232558e-12,nan,nan,nan,nan,nan,nan,nan,nan,0
5139006594,5139006319,0.0019999982,2.1512616e-09,0.0019999999,2.4217729e-12,nan,nan,nan,nan,nan,nan,nan,nan,0
5139010337,5139010064,0.0020000003,5.6026246e-11,0.0020000003,2.1814148e-12,nan,nan,nan,nan,nan,nan,nan,nan,0
5139017838,5139017564,0.0019999982,1.5105318e-09,0.0020000006,2.8674008e-12,nan,nan,nan,nan,nan,nan,nan,nan,0
5139020336,5139020053,0.0020000003,0.0,0.0020000003,0.0,nan,nan,nan,nan,nan,nan,nan,nan,0
5139027823,5139027550,0.0020000022,1.8009996e-09,0.0019999966,3.4379218e-12,nan,nan,nan,nan,nan,nan,nan,nan,0
5139030339,5139030040,0.002000002,3.023436e-09,0.0019999952,3.3624215e-12,nan,nan,nan,nan,nan,nan,nan,nan,0
5139034067,5139033785,0.0020000003,5.4738266e-11,0.0020000003,3.469395e-12,nan,nan,nan,nan,nan,nan,nan,nan,0
5139041549,5139041275,0.0020000022,2.0626856e-09,0.0019999966,3.6863186e-12,nan,nan,nan,nan,nan,nan,nan,nan,0
5139045300,5139045021,0.0020000006,0.0,0.0020000006,0.0,nan,nan,nan,nan,nan,nan,nan,nan,0
5139051534,5139051263,0.0019999982,1.5679774e-09,0.0020000006,3.6294544e-12,nan,nan,nan,nan,nan,nan,nan,nan,0
5139055302,5139055008,0.0020000003,0.0,0.0020000006,0.0,nan,nan,nan,nan,nan,nan,nan,nan,0
5139062780,5139062499,0.0020000006,0.0,0.0020000006,0.0,nan,nan,nan,nan,nan,nan,nan,nan,0
5139067772,5139067493,0.0020000003,1.2181531e-09,0.001999999,4.2077695e-12,nan,nan,nan,nan,nan,nan,nan,nan,0
5139069028,5139068741,0.0020000003,8.1078844e-10,0.0019999994,4.1188303e-12,nan,nan,nan,nan,nan,nan,nan,nan,0
5139077755,5139077480,0.0020000006,0.0,0.0020000006,0.0,nan,nan,nan,nan,nan,nan,nan,nan,0
5139080268,5139079977,0.0020000022,1.2180282e-09,0.0019999973,4.332635e-12,nan,nan,nan,nan,nan,nan,nan,nan,0
5139086493,5139086219,0.0020000022,1.7412576e-09,0.0019999966,4.9722223e-12,nan,nan,nan,nan,nan,nan,nan,nan,0
5139090233,5139089965,0.0020000008,0.0,0.002000001,0.0,nan,nan,nan,nan,nan,nan,nan,nan,0
5139097733,5139097455,0.002,7.806812e-10,0.0019999994,5.1222516e-12,nan,nan,nan,nan,nan,nan,nan,nan,0
5139101492,5139101201,0.0020000006,0.0,0.0020000006,0.0,nan,nan,nan,nan,nan,nan,nan,nan,0
5139103974,5139103697,0.0019999985,1.5951314e-09,0.0020000006,5.579268e-12,nan,nan,nan,nan,nan,nan,nan,nan,0
5139111462,5139111188,0.0020000003,3.4330225e-10,0.0019999999,5.9437264e-12,nan,nan,nan,nan,nan,nan,nan,nan,0
5139115203,5139114933,0.0020000022,2.9043221e-09,0.0019999957,6.060888e-12,nan,nan,nan,nan,nan,nan,nan,nan,0
5139121446,5139121175,0.0020000006,9.831838e-10,0.0019999994,6.3464702e-12,nan,nan,nan,nan,nan,nan,nan,nan,0
5139125196,5139124921,0.0020000008,0.0,0.0020000008,0.0,nan,nan,nan,nan,nan,nan,nan,nan,0
5139132686,5139132412,0.0020000003,9.830646e-10,0.0019999994,6.4656128e-12,nan,nan,nan,nan,nan,nan,nan,nan,0
5139136438,5139136157,0.0020000024,2.9042821e-09,0.0019999957,6.100946e-12,nan,nan,nan,nan,nan,nan,nan,nan,0
5139138931,5139138662,0.0020000003,0.0,0.0020000006,0.0,nan,nan,nan,nan,nan,nan,nan,nan,0
5139147666,5139147393,0.0020000006,0.0,0.0020000006,0.0,nan,nan,nan,nan,nan,nan,nan,nan,0
5139150172,5139149889,0.0020000003,1.1008052e-09,0.0019999994,5.1403586e-12,nan,nan,nan,nan,nan,nan,nan,nan,0
5139156410,5139156131,0.0019999985,1.2749282e-09,0.002000001,5.6404204e-12,nan,nan,nan,nan,nan,nan,nan,nan,0
5139160142,5139159877,0.0020000003,4.8880866e-10,0.0019999999,5.956473e-12,nan,nan,nan,nan,nan,nan,nan,nan,0
5139167648,5139167374,0.0020000022,2.991278e-09,0.0019999957,6.416711e-12,nan,nan,nan,nan,nan,nan,nan,nan,0
5139171403,5139171113,0.002,4.0097806e-10,0.0019999999,6.4755597e-12,nan,nan,nan,nan,nan,nan,nan,nan,0
5139173888,5139173610,0.0020000003,8.956943e-10,0.0019999994,6.5244286e-12,nan,nan,nan,nan,nan,nan,nan,nan,0
5139181377,5139181100,0.0019999982,2.6416718e-09,0.0019999994,6.776718e-12,nan,nan,nan,nan,nan,nan,nan,nan,0
5139185145,5139184846,0.0020000006,0.0,0.0020000003,0.0,nan,nan,nan,nan,nan,nan,nan,nan,0
5139192611,5139192338,0.0019999985,2.3217233e-09,0.0019999999,6.583078e-12,nan,nan,nan,nan,nan,nan,nan,nan,0
5139195105,5139194833,0.0019999987,1.6816023e-09,0.0020000006,6.4198993e-12,nan,nan,nan,nan,nan,nan,nan,nan,0
5139202599,5139202324,0.0020000003,0.0,0.0020000003,0.0,nan,nan,nan,nan,nan,nan,nan,nan,0
5139207592,5139207318,0.0020000003,8.082853e-10,0.0019999994,6.621932e-12,nan,nan,nan,nan,nan,nan,nan,nan,0
5139208845,5139208566,0.0020000003,0.0,0.0020000003,0.0,nan,nan,nan,nan,nan,nan,nan,nan,0
5139216354,5139216057,0.0019999985,1.8554287e-09,0.0020000003,7.2164497e-12,nan,nan,nan,nan,nan,nan,nan,nan,0
5139220070,5139219802,0.0020000006,5.7428395e-10,0.0019999999,7.7926745e-12,nan,nan,nan,nan,nan,nan,nan,nan,0
5139227575,5139227292,0.0020000003,7.1883555e-10,0.0019999996,8.760211e-12,nan,nan,nan,nan,nan,nan,nan,nan,0
5139230078,5139229790,0.0020000003,0.0,0.0020000003,0.0,nan,nan,nan,nan,nan,nan,nan,nan,0
5139237556,5139237280,0.0020000003,8.0657653e-10,0.0019999994,8.330734e-12,nan,nan,nan,nan,nan,nan,nan,nan,0
5139241307,5139241028,0.0019999985,2.6112326e-09,0.0019999994,8.112285e-12,nan,nan,nan,nan,nan,nan,nan,nan,0
5139245042,5139244771,0.002,6.904749e-10,0.0019999994,8.017018e-12,nan,nan,nan,nan,nan,nan,nan,nan,0
5139251292,5139251013,0.0020000006,0.0,0.0020000006,0.0,nan,nan,nan,nan,nan,nan,nan,nan,0
5139255042,5139254758,0.0020000008,0.0,0.0020000006,0.0,nan,nan,nan,nan,nan,nan,nan,nan,0
5139261277,5139261000,0.002,7.1973694e-10,0.0019999994,7.858797e-12,nan,nan,nan,nan,nan,nan,nan,nan,0
5139265028,5139264745,0.0019999985,2.93153e-09,0.0019999994,7.95688e-12,nan,nan,nan,nan,nan,nan,nan,nan,0
5139272530,5139272236,0.0019999985,1.4175849e-09,0.0020000008,8.502726e-12,nan,nan,nan,nan,nan,nan,nan,nan,0
5139277505,5139277230,0.0020000003,1.1259227e-09,0.0019999994,9.126743e-12,nan,nan,nan,nan,nan,nan,nan,nan,0
5139280005,5139279727,0.0020000003,1.2712638e-09,0.001999999,9.304791e-12,nan,nan,nan,nan,nan,nan,nan,nan,0
5139287492,5139287217,0.0020000003,3.6904502e-10,0.0019999999,9.304772e-12,nan,nan,nan,nan,nan,nan,nan,nan,0
5139289983,5139289714,0.0020000022,1.4458545e-09,0.001999997,9.337003e-12,nan,nan,nan,nan,nan,nan,nan,nan,0
5139297488,5139297205,0.0020000006,6.0201916e-10,0.0019999999,9.161262e-12,nan,nan,nan,nan,nan,nan,nan,nan,0
5139299981,5139299702,0.0020000022,1.708246e-09,0.0019999968,8.879952e-12,nan,nan,nan,nan,nan,nan,nan,nan,0
5139307470,5139307193,0.0020000003,2.1503231e-11,0.0020000003,7.600599e-12,nan,nan,nan,nan,nan,nan,nan,nan,0
5139311211,5139310938,0.0020000022,1.3022917e-09,0.001999997,7.380629e-12,nan,nan,nan,nan,nan,nan,nan,nan,0
5139314965,5139314683,0.002,1.2734173e-09,0.001999999,7.1512674e-12,nan,nan,nan,nan,nan,nan,nan,nan,0
5139321195,5139320926,0.0020000006,0.0,0.0020000008,0.0,nan,nan,nan,nan,nan,nan,nan,nan,0
5139324946,5139324670,0.0020000003,0.0,0.0020000003,0.0,nan,nan,nan,nan,nan,nan,nan,nan,0
5139332447,5139332161,0.002,0.0,0.0020000003,0.0,nan,nan,nan,nan,nan,nan,nan,nan,0
5139334939,5139334658,0.0020000006,0.0,0.0020000003,0.0,nan,nan,nan,nan,nan,nan,nan,nan,0
5139342421,5139342149,0.0020000006,0.0,0.0020000003,0.0,nan,nan,nan,nan,nan,nan,nan,nan,0
5139347418,5139347143,0.0019999985,2.872752e-09,0.0019999994,8.5271495e-12,nan,nan,nan,nan,nan,nan,nan,nan,0
5139349911,5139349639,0.0020000008,0.0,0.002000001,0.0,nan,nan,nan,nan,nan,nan,nan,nan,0
5139357403,5139357130,0.002,3.6976236e-10,0.0019999999,8.587426e-12,nan,nan,nan,nan,nan,nan,nan,nan,0
5139359894,5139359627,0.0020000022,1.5921758e-09,0.0019999968,8.534789e-12,nan,nan,nan,nan,nan,nan,nan,nan,0
5139367403,5139367118,0.0020000022,2.8435754e-09,0.0019999957,8.600074e-12,nan,nan,nan,nan,nan,nan,nan,nan,0
5139369883,5139369614,0.0020000006,1.9506421e-10,0.002,8.6625915e-12,nan,nan,nan,nan,nan,nan,nan,nan,0
5139377380,5139377108,0.0020000022,1.8245837e-09,0.0019999966,8.9575795e-12,nan,nan,nan,nan,nan,nan,nan,nan,0
5139381130,5139380850,0.0019999982,2.6390774e-09,0.0019999994,9.371188e-12,nan,nan,nan,nan,nan,nan,nan,nan,0
5139384866,5139384595,0.0020000003,0.0,0.0020000003,0.0,nan,nan,nan,nan,nan,nan,nan,nan,0
5139391112,5139390838,0.0020000006,0.0,0.0020000006,0.0,nan,nan,nan,nan,nan,nan,nan,nan,0
5139394851,5139394583,0.0019999985,1.7952868e-09,0.0020000003,9.150692e-12,nan,nan,nan,nan,nan,nan,nan,nan,0
5139402363,5139402074,0.0020000003,8.9264907e-10,0.0019999994,9.56968e-12,nan,nan,nan,nan,nan,nan,nan,nan,0
5139404864,5139404571,0.0020000006,0.0,0.0020000006,0.0,nan,nan,nan,nan,nan,nan,nan,nan,0
5139412341,5139412061,0.0019999985,3.161751e-09,0.001999999,1.0566346e-11,nan,nan,nan,nan,nan,nan,nan,nan,0
5139417331,5139417055,0.0019999985,2.142998e-09,0.0019999999,1.0685392e-11,nan,nan,nan,nan,nan,nan,nan,nan,0
5139419826,5139419552,0.0020000022,2.3467053e-09,0.0019999961,1.0704961e-11,nan,nan,nan,nan,nan,nan,nan,nan,0
5139427336,5139427046,0.0019999985,1.2405813e-09,0.002000001,1.0883364e-11,nan,nan,nan,nan,nan,nan,nan,nan,0
5139429811,5139429539,0.0020000022,1.2111875e-09,0.0019999973,1.1173439e-11,nan,nan,nan,nan,nan,nan,nan,nan,0
5139437316,5139437037,0.0019999987,1.705273e-09,0.0020000006,1.1852986e-11,nan,nan,nan,nan,nan,nan,nan,nan,0
5139439794,5139439527,0.002,3.0835712e-10,0.0019999999,1.17850035e-11,nan,nan,nan,nan,nan,nan,nan,nan,0
5139447316,5139447018,0.0019999985,1.8804251e-09,0.0020000003,1.132381e-11,nan,nan,nan,nan,nan,nan,nan,nan,0
5139451039,5139450762,0.0019999987,2.9282778e-09,0.0019999994,1.1208997e-11,nan,nan,nan,nan,nan,nan,nan,nan,0
5139454785,5139454508,0.0019999987,1.7058095e-09,0.0020000008,1.131655e-11,nan,nan,nan,nan,nan,nan,nan,nan,0
5139461028,5139460750,0.0020000006,0.0,0.0020000006,0.0,nan,nan,nan,nan,nan,nan,nan,nan,0
5139464784,5139464495,0.0020000003,0.0,0.0020000003,0.0,nan,nan,nan,nan,nan,nan,nan,nan,0
5139472273,5139471986,0.0020000006,0.0,0.0020000008,0.0,nan,nan,nan,nan,nan,nan,nan,nan,0
5139477267,5139476982,0.0020000003,0.0,0.0020000006,0.0,nan,nan,nan,nan,nan,nan,nan,nan,0
5139482312,5139481974,0.0019999982,1.5021623e-09,0.0020000006,1.1236886e-11,nan,nan,nan,nan,nan,nan,nan,nan,0
5139487246,5139486967,0.0019999985,1.239921e-09,0.002000001,1.1543613e-11,nan,nan,nan,nan,nan,nan,nan,nan,0
5139489747,5139489464,0.0019999985,1.8800388e-09,0.0020000003,1.1710185e-11,nan,nan,nan,nan,nan,nan,nan,nan,0
5139497226,5139496955,0.0020000022,2.2291986e-09,0.0019999961,1.17962775e-11,nan,nan,nan,nan,nan,nan,nan,nan,0
5139499722,5139499453,0.0020000006,0.0,0.0020000006,0.0,nan,nan,nan,nan,nan,nan,nan,nan,0
5139507231,5139506943,0.0020000006,0.0,0.0020000006,0.0,nan,nan,nan,nan,nan,nan,nan,nan,0
5139510966,5139510687,0.0020000006,0.0,0.0020000003,0.0,nan,nan,nan,nan,nan,nan,nan,nan,0
5139517203,5139516930,0.0019999985,3.1587437e-09,0.001999999,1.3573918e-11,nan,nan,nan,nan,nan,nan,nan,nan,0
5139520957,5139520675,0.0020000022,2.459932e-09,0.0019999961,1.3893598e-11,nan,nan,nan,nan,nan,nan,nan,nan,0
5139524696,5139524421,0.0020000006,0.0,0.0020000006,0.0,nan,nan,nan,nan,nan,nan,nan,nan,0
5139530954,5139530663,0.0020000006,0.0,0.0020000006,0.0,nan,nan,nan,nan,nan,nan,nan,nan,0
5139534681,5139534408,0.0020000006,0.0,0.0020000006,0.0,nan,nan,nan,nan,nan,nan,nan,nan,0
5139542174,5139541899,0.0020000022,1.8789477e-09,0.0019999966,1.2801279e-11,nan,nan,nan,nan,nan,nan,nan,nan,0
5139547173,5139546892,0.0020000006,0.0,0.0020000006,0.0,nan,nan,nan,nan,nan,nan,nan,nan,0
5139552156,5139551886,0.0020000003,3.6469167e-10,0.0019999999,1.3658144e-11,nan,nan,nan,nan,nan,nan,nan,nan,0
5139555914,5139555631,0.0020000022,2.9257754e-09,0.0019999957,1.3711423e-11,nan,nan,nan,nan,nan,nan,nan,nan,0
5139559644,5139559377,0.0019999987,1.703287e-09,0.0020000006,1.3839093e-11,nan,nan,nan,nan,nan,nan,nan,nan,0
5139567147,5139566867,0.0020000003,0.0,0.0020000006,0.0,nan,nan,nan,nan,nan,nan,nan,nan,0
5139569640,5139569364,0.0020000022,2.8091007e-09,0.0019999957,1.3970776e-11,nan,nan,nan,nan,nan,nan,nan,nan,0
5139577135,5139576855,0.0020000022,1.7044083e-09,0.0019999968,1.2717719e-11,nan,nan,nan,nan,nan,nan,nan,nan,0
5139580892,5139580600,0.0020000006,0.0,0.002,0.0,nan,nan,nan,nan,nan,nan,nan,nan,0
5139587129,5139586846,0.0020000006,7.5206626e-11,0.0020000003,1.2104864e-11,nan,nan,nan,nan,nan,nan,nan,nan,0
5139590859,5139590588,0.002,7.736867e-10,0.0019999994,1.21166965e-11,nan,nan,nan,nan,nan,nan,nan,nan,0
5139594614,5139594333,0.0020000022,1.3847191e-09,0.001999997,1.2264745e-11,nan,nan,nan,nan,nan,nan,nan,nan,0
5139600851,5139600575,0.0020000003,0.0,0.0020000003,0.0,nan,nan,nan,nan,nan,nan,nan,nan,0
5139604600,5139604321,0.0020000022,1.7042099e-09,0.0019999968,1.2916059e-11,nan,nan,nan,nan,nan,nan,nan,nan,0
5139612094,5139611811,0.0020000006,0.0,0.0020000006,0.0,nan,nan,nan,nan,nan,nan,nan,nan,0
5139617081,5139616805,0.0019999985,1.9366524e-09,0.0020000003,1.330434e-11,nan,nan,nan,nan,nan,nan,nan,nan,0
5139622081,5139621799,0.0020000022,2.1110207e-09,0.0019999964,1.3558845e-11,nan,nan,nan,nan,nan,nan,nan,nan,0
5139627066,5139626792,0.0019999985,2.5183298e-09,0.0019999999,1.3703528e-11,nan,nan,nan,nan,nan,nan,nan,nan,0
5139629556,5139629289,0.0020000003,4.2254805e-10,0.0019999999,1.40094065e-11,nan,nan,nan,nan,nan,nan,nan,nan,0
5139637057,5139636780,0.0020000022,2.9836411e-09,0.0019999957,1.4053413e-11,nan,nan,nan,nan,nan,nan,nan,nan,0
5139639553,5139639277,0.0020000003,9.468228e-10,0.0019999994,1.360358e-11,nan,nan,nan,nan,nan,nan,nan,nan,0
5139647046,5139646768,0.0020000003,7.522205e-11,0.0020000003,1.2089444e-11,nan,nan,nan,nan,nan,nan,nan,nan,0
5139650783,5139650512,0.0020000006,0.0,0.0020000006,0.0,nan,nan,nan,nan,nan,nan,nan,nan,0
5139657032,5139656756,0.0020000006,0.0,0.0020000006,0.0,nan,nan,nan,nan,nan,nan,nan,nan,0
5139660774,5139660500,0.0020000003,7.7761825e-10,0.0019999994,8.1851834e-12,nan,nan,nan,nan,nan,nan,nan,nan,0
5139664536,5139664246,0.0019999987,2.5242042e-09,0.0019999999,7.8291314e-12,nan,nan,nan,nan,nan,nan,nan,nan,0
5139672008,5139671736,0.0020000006,1.9653236e-10,0.0020000003,7.1944586e-12,nan,nan,nan,nan,nan,nan,nan,nan,0
5139674514,5139674233,0.002,6.913335e-10,0.0019999994,7.1584284e-12,nan,nan,nan,nan,nan,nan,nan,nan,0
5139681997,5139681723,0.0020000022,2.2925155e-09,0.0019999961,6.687156e-12,nan,nan,nan,nan,nan,nan,nan,nan,0
5139685737,5139685469,0.002000002,1.7980394e-09,0.0019999966,6.3980522e-12,nan,nan,nan,nan,nan,nan,nan,nan,0
5139691982,5139691711,0.0019999985,1.4784765e-09,0.0020000008,5.8188575e-12,nan,nan,nan,nan,nan,nan,nan,nan,0
5139696993,5139696705,0.0020000006,1.1584175e-09,0.0019999994,5.7357417e-12,nan,nan,nan,nan,nan,nan,nan,nan,0
5139699477,5139699202,0.0019999982,1.3331796e-09,0.0020000008,5.5966794e-12,nan,nan,nan,nan,nan,nan,nan,nan,0
5139706981,5139706693,0.0019999987,1.2455942e-09,0.002000001,5.8704777e-12,nan,nan,nan,nan,nan,nan,nan,nan,0
5139709456,5139709189,0.0020000022,1.7405074e-09,0.0019999966,5.722414e-12,nan,nan,nan,nan,nan,nan,nan,nan,0
5139716962,5139716680,0.0020000003,1.1291582e-09,0.0019999992,5.8911487e-12,nan,nan,nan,nan,nan,nan,nan,nan,0
5139720696,5139720425,0.0020000006,0.0,0.0020000006,0.0,nan,nan,nan,nan,nan,nan,nan,nan,0
5139726943,5139726668,0.0019999985,2.2062145e-09,0.0019999999,5.676638e-12,nan,nan,nan,nan,nan,nan,nan,nan,0
5139730695,5139730413,0.0020000003,0.0,0.0020000003,0.0,nan,nan,nan,nan,nan,nan,nan,nan,0
5139734437,5139734158,0.0020000022,1.4214958e-09,0.001999997,4.5919223e-12,nan,nan,nan,nan,nan,nan,nan,nan,0
5139741934,5139741648,0.0020000003,0.0,0.0020000006,0.0,nan,nan,nan,nan,nan,nan,nan,nan,0
5139744418,5139744146,0.0020000003,4.0288256e-10,0.0019999999,4.571064e-12,nan,nan,nan,nan,nan,nan,nan,nan,0
5139751917,5139751636,0.0020000003,0.0,0.0020000006,0.0,nan,nan,nan,nan,nan,nan,nan,nan,0
5139755652,5139755381,0.0020000003,0.0,0.0020000003,0.0,nan,nan,nan,nan,nan,nan,nan,nan,0
5139761896,5139761623,0.0020000006,0.0,0.0020000006,0.0,nan,nan,nan,nan,nan,nan,nan,nan,0
5139766900,5139766617,0.0020000022,1.7435732e-09,0.0019999966,2.6566666e-12,nan,nan,nan,nan,nan,nan,nan,nan,0
5139769382,5139769114,0.0019999987,1.2198615e-09,0.002000001,2.4993566e-12,nan,nan,nan,nan,nan,nan,nan,nan,0
5139776882,5139776605,0.0020000003,4.630063e-10,0.0019999999,2.6550012e-12,nan,nan,nan,nan,nan,nan,nan,nan,0
5139779371,5139779101,0.0019999985,1.5109279e-09,0.0020000008,2.471242e-12,nan,nan,nan,nan,nan,nan,nan,nan,0
5139786869,5139786592,0.002,6.9648487e-10,0.0019999994,2.0070612e-12,nan,nan,nan,nan,nan,nan,nan,nan,0
5139790604,5139790337,0.0020000003,0.0,0.0020000003,0.0,nan,nan,nan,nan,nan,nan,nan,nan,0
5139796856,5139796580,0.0020000022,1.9188444e-09,0.0019999966,2.0084507e-12,nan,nan,nan,nan,nan,nan,nan,nan,0
5139800600,5139800325,0.0020000006,0.0,0.0020000006,0.0,nan,nan,nan,nan,nan,nan,nan,nan,0
5139804350,5139804071,0.0020000006,0.0,0.0020000006,0.0,nan,nan,nan,nan,nan,nan,nan,nan,0
5139811837,5139811561,0.0019999982,2.6176654e-09,0.0019999994,1.6794222e-12,nan,nan,nan,nan,nan,nan,nan,nan,0
5139814341,5139814058,0.0019999987,1.627752e-09,0.0020000008,2.062444e-12,nan,nan,nan,nan,nan,nan,nan,nan,0
5139821819,5139821549,0.0020000022,1.4815084e-09,0.001999997,2.7869634e-12,nan,nan,nan,nan,nan,nan,nan,nan,0
5139825563,5139825294,0.002000002,1.6268676e-09,0.0019999966,2.9468372e-12,nan,nan,nan,nan,nan,nan,nan,nan,0
5139833061,5139832784,0.0020000003,4.0504092e-10,0.0019999999,2.412702e-12,nan,nan,nan,nan,nan,nan,nan,nan,0
5139836803,5139836530,0.0020000003,1.1431532e-10,0.0020000003,2.0999973e-12,nan,nan,nan,nan,nan,nan,nan,nan,0
5139839327,5139839027,0.0020000003,8.572462e-11,0.0020000003,1.5868695e-12,nan,nan,nan,nan,nan,nan,nan,nan,0
5139846848,5139846517,0.0020000022,2.3858853e-09,0.0019999961,6.2884246e-13,nan,nan,nan,nan,nan,nan,nan,nan,0
5139849298,5139849014,0.0020000003,0.0,0.0020000006,0.0,nan,nan,nan,nan,nan,nan,nan,nan,0
5139856780,5139856505,0.0020000006,0.0,0.0020000006,0.0,nan,nan,nan,nan,nan,nan,nan,nan,0
5139860522,5139860254,0.0020000003,0.0,0.0020000003,7.1395233e-13,nan,nan,nan,nan,nan,nan,nan,nan,0
5139868014,5139867741,0.0020000022,3.0827205e-09,0.0019999954,2.2854479e-12,nan,nan,nan,nan,nan,nan,nan,nan,0
5139870505,5139870237,0.002,2.8862618e-10,0.0019999999,2.4121278e-12,nan,nan,nan,nan,nan,nan,nan,nan,0
5139874262,5139873983,0.0020000003,9.867862e-10,0.0019999994,2.7440689e-12,nan,nan,nan,nan,nan,nan,nan,nan,0
5139881749,5139881474,0.0020000003,1.0455414e-09,0.0019999994,2.1964479e-12,nan,nan,nan,nan,nan,nan,nan,nan,0
5139885494,5139885219,0.0020000003,0.0,0.0020000003,0.0,nan,nan,nan,nan,nan,nan,nan,nan,0
5139891732,5139891461,0.002,3.4692801e-10,0.0019999999,2.3179531e-12,nan,nan,nan,nan,nan,nan,nan,nan,0
5139896730,5139896455,0.0020000003,4.053038e-10,0.0019999999,2.1498237e-12,nan,nan,nan,nan,nan,nan,nan,nan,0
5139902995,5139902697,0.0020000006,0.0,0.0020000006,0.0,nan,nan,nan,nan,nan,nan,nan,nan,0
5139905472,5139905194,0.002000002,1.6281634e-09,0.0019999968,1.6511688e-12,nan,nan,nan,nan,nan,nan,nan,nan,0
5139909240,5139908939,0.002,1.1629806e-09,0.0019999992,1.1726713e-12,nan,nan,nan,nan,nan,nan,nan,nan,0
5139916709,5139916430,0.0020000003,0.0,0.0020000003,1.9269482e-13,nan,nan,nan,nan,nan,nan,nan,nan,0
5139920456,5139920175,0.0020000022,2.9397016e-09,0.0019999957,2.8889093e-11,nan,nan,nan,nan,nan,nan,nan,nan,0
5139926690,5139926417,0.0019999985,1.4266136e-09,0.0020000008,2.857796e-11,nan,nan,nan,nan,nan,nan,nan,nan,0
5139930436,5139930163,0.0020000003,0.0,0.0020000008,0.0,nan,nan,nan,nan,nan,nan,nan,nan,0
5139937947,5139937657,0.0020000003,1.077576e-09,0.0019999994,2.836948e-11,nan,nan,nan,nan,nan,nan,nan,nan,0
5139940435,5139940151,0.0020000006,0.0,0.0020000006,0.0,nan,nan,nan,nan,nan,nan,nan,nan,0
5139944167,5139943895,0.0020000006,0.0,0.0020000006,0.0,nan,nan,nan,nan,nan,nan,nan,nan,0
5139951667,5139951388,0.0020000003,0.0,0.0020000003,0.0,nan,nan,nan,nan,nan,nan,nan,nan,0
5139955412,5139955132,0.0020000006,1.7455001e-10,0.002,7.296247e-14,nan,nan,nan,nan,nan,nan,nan,nan,0
5139961655,5139961380,0.0020000006,6.4027533e-10,0.0019999999,8.928622e-15,nan,nan,nan,nan,nan,nan,nan,nan,0
5139966652,5139966377,0.0020000003,6.1134386e-10,0.0019999999,2.8940378e-11,nan,nan,nan,nan,nan,nan,nan,nan,0
5139972882,5139972609,0.0020000003,9.606115e-10,0.0019999994,2.8918711e-11,nan,nan,nan,nan,nan,nan,nan,nan,0
5139976627,5139976355,0.0019999985,1.659043e-09,0.0020000006,2.8979139e-11,nan,nan,nan,nan,nan,nan,nan,nan,0
5139979117,5139978852,0.0020000003,0.0,0.0020000003,0.0,nan,nan,nan,nan,nan,nan,nan,nan,0
5139986615,5139986342,0.0020000003,0.0,0.0020000008,0.0,nan,nan,nan,nan,nan,nan,nan,nan,0
5139990376,5139990087,0.002,7.2466894e-10,0.0019999994,2.9268393e-12,nan,nan,nan,nan,nan,nan,nan,nan,0
5139996606,5139996330,0.0020000008,0.0,0.0020000006,0.0,nan,nan,nan,nan,nan,nan,nan,nan,0
5140000355,5140000075,0.0020000024,2.4991114e-09,0.0019999961,3.8180657e-12,nan,nan,nan,nan,nan,nan,nan,nan,0
5140007840,5140007565,0.002,7.525661e-10,0.0019999994,4.1334575e-12,nan,nan,nan,nan,nan,nan,nan,nan,0
5140010341,5140010063,0.0019999982,1.7711924e-09,0.0020000003,4.141203e-12,nan,nan,nan,nan,nan,nan,nan,nan,0
5140014096,5140013808,0.0019999985,1.5381958e-09,0.0020000006,4.3072126e-12,nan,nan,nan,nan,nan,nan,nan,nan,0
5140021573,5140021299,0.002,3.7386427e-10,0.0019999999,4.4855127e-12,nan,nan,nan,nan,nan,nan,nan,nan,0
5140026626,5140026301,0.0020000003,9.85054e-10,0.0019999994,4.4761642e-12,nan,nan,nan,nan,nan,nan,nan,nan,0
5140031563,5140031286,0.0020000006,1.4059298e-10,0.0020000003,4.926176e-12,nan,nan,nan,nan,nan,nan,nan,nan,0
5140036555,5140036280,0.0020000022,1.2458796e-09,0.0019999973,5.5850914e-12,nan,nan,nan,nan,nan,nan,nan,nan,0
5140042793,5140042522,0.0020000003,4.5989149e-10,0.0019999999,5.7697926e-12,nan,nan,nan,nan,nan,nan,nan,nan,0
5140046541,5140046267,0.0020000008,0.0,0.0020000006,0.0,nan,nan,nan,nan,nan,nan,nan,nan,0
5140049033,5140048764,0.0020000022,1.6538478e-09,0.0019999968,5.070543e-12,nan,nan,nan,nan,nan,nan,nan,nan,0
5140056547,5140056262,0.002,0.0,0.0020000003,0.0,nan,nan,nan,nan,nan,nan,nan,nan,0
5140060279,5140060000,0.0020000003,0.0,0.002,0.0,nan,nan,nan,nan,nan,nan,nan,nan,0
5140066528,5140066242,0.0019999985,1.3923295e-09,0.0020000008,4.654341e-12,nan,nan,nan,nan,nan,nan,nan,nan,0
5140070273,5140069988,0.0020000022,2.4107583e-09,0.0019999961,4.859573e-12,nan,nan,nan,nan,nan,nan,nan,nan,0
5140077750,5140077478,0.0020000008,0.0,0.0020000008,0.0,nan,nan,nan,nan,nan,nan,nan,nan,0
5140081510,5140081223,0.0020000006,0.0,0.0020000006,0.0,nan,nan,nan,nan,nan,nan,nan,nan,0
5140083989,5140083720,0.002,8.963397e-10,0.0019999994,5.879037e-12,nan,nan,nan,nan,nan,nan,nan,nan,0
5140091486,5140091211,0.0019999985,1.885293e-09,0.0020000003,6.4559157e-12,nan,nan,nan,nan,nan,nan,nan,nan,0
5140096477,5140096206,0.0020000022,1.652217e-09,0.001999997,6.7012767e-12,nan,nan,nan,nan,nan,nan,nan,nan,0
5140101481,5140101200,0.002,7.2111933e-10,0.0019999994,6.476446e-12,nan,nan,nan,nan,nan,nan,nan,nan,0
5140106471,5140106193,0.0020000022,1.7980758e-09,0.0019999966,6.3617184e-12,nan,nan,nan,nan,nan,nan,nan,nan,0
5140112729,5140112435,0.0020000008,0.0,0.0020000006,0.0,nan,nan,nan,nan,nan,nan,nan,nan,0
5140116465,5140116180,0.0020000006,0.0,0.0020000006,0.0,nan,nan,nan,nan,nan,nan,nan,nan,0
5140118946,5140118676,0.0020000024,1.2164026e-09,0.0019999973,5.958187e-12,nan,nan,nan,nan,nan,nan,nan,nan,0
5140126446,5140126167,0.0020000006,0.0,0.0020000006,0.0,nan,nan,nan,nan,nan,nan,nan,nan,0
5140130190,5140129915,0.0019999985,1.7682524e-09,0.0020000003,7.081202e-12,nan,nan,nan,nan,nan,nan,nan,nan,0
5140136429,5140136155,0.0020000022,1.6225512e-09,0.001999997,7.263249e-12,nan,nan,nan,nan,nan,nan,nan,nan,0
5140140175,5140139900,0.0020000003,1.3869945e-10,0.0020000003,6.819696e-12,nan,nan,nan,nan,nan,nan,nan,nan,0
5140147663,5140147391,0.0020000003,1.0991674e-09,0.0019999994,6.778158e-12,nan,nan,nan,nan,nan,nan,nan,nan,0
5140151446,5140151136,0.0019999985,1.7683881e-09,0.0020000003,6.945569e-12,nan,nan,nan,nan,nan,nan,nan,nan,0
5140153918,5140153633,0.0019999985,1.9136768e-09,0.0020000003,7.175994e-12,nan,nan,nan,nan,nan,nan,nan,nan,0
5140161408,5140161130,0.0020000003,9.530131e-10,0.0019999994,7.413313e-12,nan,nan,nan,nan,nan,nan,nan,nan,0
5140165138,5140164869,0.0019999985,2.7575249e-09,0.0019999994,7.338987e-12,nan,nan,nan,nan,nan,nan,nan,nan,0
5140171412,5140171111,0.0020000006,0.0,0.0020000006,0.0,nan,nan,nan,nan,nan,nan,nan,nan,0
5140176391,5140176111,0.0020000008,0.0,0.0020000008,0.0,nan,nan,nan,nan,nan,nan,nan,nan,0
5140182651,5140182352,0.002,1.2441641e-09,0.001999999,7.300565e-12,nan,nan,nan,nan,nan,nan,nan,nan,0
5140186366,5140186092,0.0019999987,1.1856249e-09,0.0020000013,7.632072e-12,nan,nan,nan,nan,nan,nan,nan,nan,0
5140188859,5140188589,0.002,3.1224368e-10,0.0019999999,7.8984475e-12,nan,nan,nan,nan,nan,nan,nan,nan,0
5140196359,5140196080,0.0020000003,1.3013131e-09,0.001999999,8.359332e-12,nan,nan,nan,nan,nan,nan,nan,nan,0
5140200098,5140199825,0.0020000006,0.0,0.0020000006,0.0,nan,nan,nan,nan,nan,nan,nan,nan,0
5140206366,5140206067,0.0020000003,0.0,0.0020000006,0.0,nan,nan,nan,nan,nan,nan,nan,nan,0
5140211342,5140211062,0.0020000003,0.0,0.0020000008,0.0,nan,nan,nan,nan,nan,nan,nan,nan,0
5140217574,5140217303,0.0020000006,0.0,0.0020000006,0.0,nan,nan,nan,nan,nan,nan,nan,nan,0
5140221345,5140221050,0.0020000003,0.0,0.0020000003,0.0,nan,nan,nan,nan,nan,nan,nan,nan,0
5140223823,5140223545,0.0020000003,2.5098348e-10,0.0019999999,1.0950999e-11,nan,nan,nan,nan,nan,nan,nan,nan,0
5140231329,5140231036,0.002,7.746109e-10,0.0019999994,1.11925625e-11,nan,nan,nan,nan,nan,nan,nan,nan,0
5140237552,5140237278,0.0019999982,1.5598818e-09,0.0020000006,1.1725067e-11,nan,nan,nan,nan,nan,nan,nan,nan,0
5140241314,5140241025,0.0019999982,1.58877e-09,0.0020000006,1.1940674e-11,nan,nan,nan,nan,nan,nan,nan,nan,0
5140246318,5140246018,0.0020000003,0.0,0.0020000003,0.0,nan,nan,nan,nan,nan,nan,nan,nan,0
5140252527,5140252259,0.002,8.9034424e-10,0.0019999994,1.1874491e-11,nan,nan,nan,nan,nan,nan,nan,nan,0
5140256298,5140256005,0.0020000003,1.0064716e-09,0.0019999994,1.2162472e-11,nan,nan,nan,nan,nan,nan,nan,nan,0
5140260017,5140259750,0.002,7.7316176e-10,0.0019999994,1.2641693e-11,nan,nan,nan,nan,nan,nan,nan,nan,0
5140266274,5140265993,0.0020000006,0.0,0.0020000006,0.0,nan,nan,nan,nan,nan,nan,nan,nan,0
5140270015,5140269737,0.0020000022,1.8194173e-09,0.0019999966,1.412399e-11,nan,nan,nan,nan,nan,nan,nan,nan,0
5140277503,5140277229,0.0020000006,0.0,0.0020000006,0.0,nan,nan,nan,nan,nan,nan,nan,nan,0
5140279999,5140279725,0.0020000006,0.0,0.0020000006,0.0,nan,nan,nan,nan,nan,nan,nan,nan,0
5140287489,5140287216,0.0020000022,2.286056e-09,0.0019999961,1.3146609e-11,nan,nan,nan,nan,nan,nan,nan,nan,0
5140291246,5140290961,0.0020000003,0.0,0.0020000003,0.0,nan,nan,nan,nan,nan,nan,nan,nan,0
5140294987,5140294706,0.0020000022,3.1602425e-09,0.0019999952,1.2074924e-11,nan,nan,nan,nan,nan,nan,nan,nan,0
5140301223,5140300948,0.0020000003,1.064868e-09,0.0019999994,1.1973715e-11,nan,nan,nan,nan,nan,nan,nan,nan,0
5140307462,5140307191,0.0020000003,0.0,0.0020000003,0.0,nan,nan,nan,nan,nan,nan,nan,nan,0
5140312462,5140312184,0.0020000006,0.0,0.0020000006,0.0,nan,nan,nan,nan,nan,nan,nan,nan,0
5140314953,5140314681,0.0020000022,2.5791629e-09,0.0019999957,1.1078133e-11,nan,nan,nan,nan,nan,nan,nan,nan,0
5140322443,5140322172,0.0020000006,0.0,0.0020000008,0.0,nan,nan,nan,nan,nan,nan,nan,nan,0
5140326194,5140325917,0.0020000022,2.2590447e-09,0.0019999961,1.1054045e-11,nan,nan,nan,nan,nan,nan,nan,nan,0
5140329937,5140329662,0.0019999964,3.393802e-09,0.0020000006,1.1346202e-11,nan,nan,nan,nan,nan,nan,nan,nan,0
5140336182,5140335905,0.002,3.6684397e-10,0.0019999999,1.15058275e-11,nan,nan,nan,nan,nan,nan,nan,nan,0
5140339934,5140339650,0.0020000003,9.491731e-10,0.0019999994,1.1253349e-11,nan,nan,nan,nan,nan,nan,nan,nan,0
5140347424,5140347140,0.002000002,2.5782716e-09,0.0019999957,1.1969412e-11,nan,nan,nan,nan,nan,nan,nan,nan,0
5140349910,5140349638,0.0020000006,0.0,0.0020000006,0.0,nan,nan,nan,nan,nan,nan,nan,nan,0
5140357405,5140357128,0.0020000022,1.5297039e-09,0.0019999968,1.2799088e-11,nan,nan,nan,nan,nan,nan,nan,nan,0
5140361147,5140360874,0.0020000003,1.0052869e-09,0.0019999994,1.3347191e-11,nan,nan,nan,nan,nan,nan,nan,nan,0
5140366137,5140365867,0.0020000006,0.0,0.0020000006,0.0,nan,nan,nan,nan,nan,nan,nan,nan,0
5140371135,5140370861,0.0020000003,1.2955146e-09,0.001999999,1.415784e-11,nan,nan,nan,nan,nan,nan,nan,nan,0
5140376142,5140375855,0.0020000024,2.983582e-09,0.0019999954,1.4112399e-11,nan,nan,nan,nan,nan,nan,nan,nan,0
5140382369,5140382097,0.002000002,2.6341735e-09,0.0019999957,1.4275111e-11,nan,nan,nan,nan,nan,nan,nan,nan,0
5140387368,5140387091,0.0019999985,2.4596574e-09,0.0019999999,1.4168194e-11,nan,nan,nan,nan,nan,nan,nan,nan,0
5140392356,5140392087,0.0020000006,0.0,0.0020000006,0.0,nan,nan,nan,nan,nan,nan,nan,nan,0
5140396106,5140395830,0.002000002,2.6340004e-09,0.0019999957,1.44483175e-11,nan,nan,nan,nan,nan,nan,nan,nan,0
5140399845,5140399575,0.0020000022,1.6446979e-09,0.001999997,1.4220456e-11,nan,nan,nan,nan,nan,nan,nan,nan,0
5140406104,5140405826,0.0020000022,2.3440134e-09,0.0019999961,1.33967455e-11,nan,nan,nan,nan,nan,nan,nan,nan,0
5140409833,5140409562,0.0020000003,1.0639356e-09,0.0019999994,1.2906079e-11,nan,nan,nan,nan,nan,nan,nan,nan,0
5140417332,5140417053,0.0020000024,1.937347e-09,0.0019999966,1.2609766e-11,nan,nan,nan,nan,nan,nan,nan,nan,0
5140419824,5140419550,0.002,2.782773e-10,0.0019999999,1.2761018e-11,nan,nan,nan,nan,nan,nan,nan,nan,0
5140427320,5140427041,0.0020000003,4.2401552e-10,0.0019999999,1.254195e-11,nan,nan,nan,nan,nan,nan,nan,nan,0
5140431063,5140430786,0.0020000022,1.413584e-09,0.001999997,1.2503623e-11,nan,nan,nan,nan,nan,nan,nan,nan,0
5140436061,5140435785,0.0019999982,1.5880172e-09,0.0020000006,1.2693556e-11,nan,nan,nan,nan,nan,nan,nan,nan,0
5140441049,5140440773,0.0019999985,1.3258925e-09,0.0020000008,1.2883659e-11,nan,nan,nan,nan,nan,nan,nan,nan,0
5140446045,5140445767,0.0020000003,0.0,0.0020000003,0.0,nan,nan,nan,nan,nan,nan,nan,nan,0
5140452291,5140452009,0.002,3.0772188e-10,0.0019999999,1.2420249e-11,nan,nan,nan,nan,nan,nan,nan,nan,0
5140456042,5140455758,0.0020000003,0.0,0.0020000003,0.0,nan,nan,nan,nan,nan,nan,nan,nan,0
5140462269,5140461997,0.0020000003,8.894014e-10,0.0019999994,1.2817343e-11,nan,nan,nan,nan,nan,nan,nan,nan,0
5140466016,5140465742,0.0020000006,0.0,0.0020000008,0.0,nan,nan,nan,nan,nan,nan,nan,nan,0
5140469760,5140469487,0.0020000003,1.2383424e-09,0.0019999992,1.3122335e-11,nan,nan,nan,nan,nan,nan,nan,nan,0
5140476006,5140475730,0.0019999985,1.995311e-09,0.0020000003,1.285334e-11,nan,nan,nan,nan,nan,nan,nan,nan,0
5140479756,5140479480,0.0020000003,1.0640511e-09,0.0019999994,1.2790682e-11,nan,nan,nan,nan,nan,nan,nan,nan,0
5140487244,5140486966,0.0020000003,3.0704345e-10,0.0019999999,1.3098685e-11,nan,nan,nan,nan,nan,nan,nan,nan,0
5140490994,5140490711,0.0020000003,5.9812044e-10,0.0019999999,1.3059992e-11,nan,nan,nan,nan,nan,nan,nan,nan,0
5140497229,5140496953,0.0020000006,0.0,0.0020000006,0.0,nan,nan,nan,nan,nan,nan,nan,nan,0
5140500973,5140500698,0.0020000006,0.0,0.0020000006,0.0,nan,nan,nan,nan,nan,nan,nan,nan,0
5140505966,5140505692,0.0020000006,0.0,0.0020000008,0.0,nan,nan,nan,nan,nan,nan,nan,nan,0
5140510966,5140510686,0.0019999985,1.9947353e-09,0.0020000003,1.3429088e-11,nan,nan,nan,nan,nan,nan,nan,nan,0
5140514702,5140514431,0.0020000003,0.0,0.0020000003,0.0,nan,nan,nan,nan,nan,nan,nan,nan,0
5140522203,5140521922,0.0020000022,1.6173445e-09,0.001999997,1.2470056e-11,nan,nan,nan,nan,nan,nan,nan,nan,0
5140525957,5140525667,0.0020000022,1.5008094e-09,0.0019999968,1.25897955e-11,nan,nan,nan,nan,nan,nan,nan,nan,0
5140532177,5140531909,0.0020000003,0.0,0.0020000006,0.0,nan,nan,nan,nan,nan,nan,nan,nan,0
5140535928,5140535655,0.0020000003,1.1795619e-09,0.0019999992,1.369512e-11,nan,nan,nan,nan,nan,nan,nan,nan,0
5140539669,5140539400,0.0020000022,1.4121593e-09,0.001999997,1.39283775e-11,nan,nan,nan,nan,nan,nan,nan,nan,0
5140545919,5140545643,0.0020000006,0.0,0.0020000006,0.0,nan,nan,nan,nan,nan,nan,nan,nan,0
5140549659,5140549387,0.0020000003,3.9431938e-10,0.0019999999,1.3134245e-11,nan,nan,nan,nan,nan,nan,nan,nan,0
5140557149,5140556878,0.0019999985,1.7041297e-09,0.0020000006,1.2996219e-11,nan,nan,nan,nan,nan,nan,nan,nan,0
5140560911,5140560623,0.002000002,1.5298738e-09,0.0019999968,1.2629207e-11,nan,nan,nan,nan,nan,nan,nan,nan,0
5140567136,5140566865,0.002,0.0,0.0020000003,0.0,nan,nan,nan,nan,nan,nan,nan,nan,0
5140570887,5140570611,0.0020000022,1.7630305e-09,0.0019999966,1.2303171e-11,nan,nan,nan,nan,nan,nan,nan,nan,0
5140575877,5140575605,0.0020000003,8.316301e-10,0.0019999994,1.2380957e-11,nan,nan,nan,nan,nan,nan,nan,nan,0
5140580881,5140580598,0.0020000003,1.0643063e-09,0.0019999994,1.25354675e-11,nan,nan,nan,nan,nan,nan,nan,nan,0
5140585880,5140585598,0.0020000003,0.0,0.0020000003,0.0,nan,nan,nan,nan,nan,nan,nan,nan,0
5140592116,5140591834,0.0020000022,2.111904e-09,0.0019999961,1.267559e-11,nan,nan,nan,nan,nan,nan,nan,nan,0
5140595855,5140595580,0.0020000003,5.4033833e-10,0.0019999999,1.2634461e-11,nan,nan,nan,nan,nan,nan,nan,nan,0
5140599603,5140599325,0.0020000003,5.40383e-10,0.0019999999,1.2589745e-11,nan,nan,nan,nan,nan,nan,nan,nan,0
5140605856,5140605567,0.0020000006,1.0057891e-09,0.0019999994,1.2844939e-11,nan,nan,nan,nan,nan,nan,nan,nan,0
5140609590,5140609312,0.0020000022,1.8207014e-09,0.0019999966,1.283996e-11,nan,nan,nan,nan,nan,nan,nan,nan,0
5140615832,5140615555,0.0020000003,0.0,0.0020000003,0.0,nan,nan,nan,nan,nan,nan,nan,nan,0
5140619578,5140619300,0.002,2.493041e-10,0.0019999999,1.2630369e-11,nan,nan,nan,nan,nan,nan,nan,nan,0
5140627063,5140626790,0.0020000003,6.5716427e-10,0.0019999999,1.22238435e-11,nan,nan,nan,nan,nan,nan,nan,nan,0
5140630809,5140630536,0.0020000006,0.0,0.0020000006,0.0,nan,nan,nan,nan,nan,nan,nan,nan,0
5140637058,5140636778,0.0020000003,1.1808796e-09,0.001999999,1.2377455e-11,nan,nan,nan,nan,nan,nan,nan,nan,0
5140640800,5140640524,0.0020000006,0.0,0.0020000006,0.0,nan,nan,nan,nan,nan,nan,nan,nan,0
5140645795,5140645518,0.0020000006,0.0,0.0020000006,0.0,nan,nan,nan,nan,nan,nan,nan,nan,0
5140652043,5140651759,0.0020000003,0.0,0.0020000003,0.0,nan,nan,nan,nan,nan,nan,nan,nan,0
5140655780,5140655505,0.0020000003,0.0,0.0020000006,0.0,nan,nan,nan,nan,nan,nan,nan,nan,0
5140662019,5140661747,0.0020000003,6.894468e-10,0.0019999994,9.045174e-12,nan,nan,nan,nan,nan,nan,nan,nan,0
5140665769,5140665493,0.0019999985,2.4361877e-09,0.0019999999,8.533976e-12,nan,nan,nan,nan,nan,nan,nan,nan,0
5140669515,5140669237,0.0020000006,0.0,0.0020000008,0.0,nan,nan,nan,nan,nan,nan,nan,nan,0
5140675752,5140675480,0.0019999982,2.116359e-09,0.002,8.22045e-12,nan,nan,nan,nan,nan,nan,nan,nan,0
5140679511,5140679225,0.0020000022,2.8446216e-09,0.0019999957,7.553798e-12,nan,nan,nan,nan,nan,nan,nan,nan,0
5140687001,5140686716,0.0020000006,0.0,0.002,0.0,nan,nan,nan,nan,nan,nan,nan,nan,0
5140689482,5140689212,0.0020000006,0.0,0.002,0.0,nan,nan,nan,nan,nan,nan,nan,nan,0
5140696995,5140696703,0.0019999985,1.2754626e-09,0.0020000008,5.1059365e-12,nan,nan,nan,nan,nan,nan,nan,nan,0
5140700722,5140700448,0.0019999985,2.905338e-09,0.0019999994,5.045162e-12,nan,nan,nan,nan,nan,nan,nan,nan,0
5140705717,5140705442,0.0020000003,6.358397e-10,0.0019999999,4.4445714e-12,nan,nan,nan,nan,nan,nan,nan,nan,0
5140710711,5140710436,0.0020000022,1.3936192e-09,0.001999997,3.3646193e-12,nan,nan,nan,nan,nan,nan,nan,nan,0
5140714450,5140714181,0.0020000003,0.0,0.0020000003,0.0,nan,nan,nan,nan,nan,nan,nan,nan,0
5140721957,5140721672,0.0020000022,1.22016e-09,0.0019999973,2.2009495e-12,nan,nan,nan,nan,nan,nan,nan,nan,0
5140725694,5140725417,0.0020000003,4.056818e-10,0.0019999999,1.7718379e-12,nan,nan,nan,nan,nan,nan,nan,nan,0
5140731931,5140731659,0.0020000022,3.0846878e-09,0.0019999954,3.1822982e-13,nan,nan,nan,nan,nan,nan,nan,nan,0
5140735680,5140735405,0.0020000022,1.3099154e-09,0.001999997,2.8860758e-11,nan,nan,nan,nan,nan,nan,nan,nan,0
5140739435,5140739154,0.0019999985,1.7760311e-09,0.0020000003,2.8406357e-11,nan,nan,nan,nan,nan,nan,nan,nan,0
5140745667,5140745392,0.0020000003,0.0,0.0020000003,0.0,nan,nan,nan,nan,nan,nan,nan,nan,0
5140749415,5140749137,0.0020000003,1.280042e-09,0.001999999,5.266256e-13,nan,nan,nan,nan,nan,nan,nan,nan,0
5140756910,5140756628,0.0020000024,2.0358855e-09,0.0019999966,1.3825937e-12,nan,nan,nan,nan,nan,nan,nan,nan,0
5140759402,5140759125,0.0020000006,0.0,0.0020000006,0.0,nan,nan,nan,nan,nan,nan,nan,nan,0
5140766885,5140766615,0.0020000003,6.96852e-10,0.0019999994,1.6399191e-12,nan,nan,nan,nan,nan,nan,nan,nan,0
5140770637,5140770361,0.002,1.2501704e-09,0.001999999,1.2943275e-12,nan,nan,nan,nan,nan,nan,nan,nan,0
5140775628,5140775355,0.0020000003,9.3050695e-10,0.0019999994,8.156219e-13,nan,nan,nan,nan,nan,nan,nan,nan,0
5140780621,5140780348,0.002000002,1.5128104e-09,0.0019999968,5.887322e-13,nan,nan,nan,nan,nan,nan,nan,nan,0
5140785624,5140785342,0.0020000003,0.0,0.0020000003,0.0,nan,nan,nan,nan,nan,nan,nan,nan,0
5140791857,5140791584,0.0020000003,0.0,0.0020000003,0.0,nan,nan,nan,nan,nan,nan,nan,nan,0
5140794356,5140794081,0.0020000006,0.0,0.0020000006,0.0,nan,nan,nan,nan,nan,nan,nan,nan,0
5140801837,5140801571,0.0020000003,0.0,0.0020000003,4.734208e-13,nan,nan,nan,nan,nan,nan,nan,nan,0
5140805594,5140805317,0.0020000022,1.7452227e-09,0.0019999968,1.007059e-12,nan,nan,nan,nan,nan,nan,nan,nan,0
5140809352,5140809062,0.0020000008,0.0,0.0020000003,0.0,nan,nan,nan,nan,nan,nan,nan,nan,0
5140815616,5140815304,0.0020000003,4.0714337e-10,0.0019999999,3.1024662e-13,nan,nan,nan,nan,nan,nan,nan,nan,0
5140819330,5140819050,0.0020000006,0.0,0.0020000006,0.0,nan,nan,nan,nan,nan,nan,nan,nan,0
5140826817,5140826540,0.0020000038,3.1724001e-09,0.0019999933,2.9021216e-11,nan,nan,nan,nan,nan,nan,nan,nan,0
5140829316,5140829038,0.002,3.7857661e-10,0.0019999999,2.8877012e-11,nan,nan,nan,nan,nan,nan,nan,nan,0
5140836802,5140836528,0.0020000003,2.9602615e-11,0.0020000003,2.8605045e-11,nan,nan,nan,nan,nan,nan,nan,nan,0
5140840558,5140840274,0.0020000006,0.0,0.0020000008,0.0,nan,nan,nan,nan,nan,nan,nan,nan,0
5140845543,5140845267,0.002,2.6258043e-10,0.002,2.8457871e-11,nan,nan,nan,nan,nan,nan,nan,nan,0
5140850539,5140850261,0.0020000006,1.4593433e-10,0.0020000003,2.8688652e-11,nan,nan,nan,nan,nan,nan,nan,nan,0
5140854284,5140854006,0.0019999987,1.7168633e-09,0.0020000008,2.626909e-13,nan,nan,nan,nan,nan,nan,nan,nan,0
5140861761,5140861497,0.0020000003,7.558065e-10,0.0019999996,8.9313106e-13,nan,nan,nan,nan,nan,nan,nan,nan,0
5140865531,5140865242,0.0020000024,2.4434228e-09,0.0019999961,1.2990355e-12,nan,nan,nan,nan,nan,nan,nan,nan,0
5140871765,5140871484,0.0019999987,2.065195e-09,0.002,1.1771625e-12,nan,nan,nan,nan,nan,nan,nan,nan,0
5140875512,5140875233,0.0020000006,0.0,0.0020000006,0.0,nan,nan,nan,nan,nan,nan,nan,nan,0
5140879267,5140878975,0.002,7.5603623e-10,0.0019999994,6.6337214e-13,nan,nan,nan,nan,nan,nan,nan,nan,0
5140885495,5140885222,0.002000002,2.0938988e-09,0.0019999964,1.5768897e-12,nan,nan,nan,nan,nan,nan,nan,nan,0
5140889234,5140888962,0.0020000003,0.0,0.0020000003,0.0,nan,nan,nan,nan,nan,nan,nan,nan,0
5140896735,5140896453,0.0020000003,1.1522877e-10,0.0020000003,1.1865491e-12,nan,nan,nan,nan,nan,nan,nan,nan,0
5140900480,5140900199,0.0019999985,1.6874188e-09,0.0020000006,6.034218e-13,nan,nan,nan,nan,nan,nan,nan,nan,0
5140906757,5140906440,0.0020000006,1.15951616e-10,0.0020000003,4.6370373e-13,nan,nan,nan,nan,nan,nan,nan,nan,0
5140910486,5140910186,0.0020000006,0.0,0.0020000003,0.0,nan,nan,nan,nan,nan,nan,nan,nan,0
5140915455,5140915183,0.0020000003,0.0,0.0020000003,0.0,nan,nan,nan,nan,nan,nan,nan,nan,0
5140920454,5140920174,0.0019999985,1.5703603e-09,0.0020000003,1.2465792e-12,nan,nan,nan,nan,nan,nan,nan,nan,0
5140925442,5140925168,0.0020000006,0.0,0.0020000006,0.0,nan,nan,nan,nan,nan,nan,nan,nan,0
5140931686,5140931409,0.0019999985,2.9085379e-09,0.0019999994,1.8452774e-12,nan,nan,nan,nan,nan,nan,nan,nan,0
5140935439,5140935155,0.0020000003,9.290668e-10,0.0019999994,2.2557494e-12,nan,nan,nan,nan,nan,nan,nan,nan,0
5140941669,5140941397,0.0019999987,1.6853495e-09,0.0020000006,2.6726624e-12,nan,nan,nan,nan,nan,nan,nan,nan,0
5140945418,5140945142,0.0020000003,0.0,0.0020000003,0.0,nan,nan,nan,nan,nan,nan,nan,nan,0
5140949158,5140948887,0.0020000006,0.0,0.0020000006,0.0,nan,nan,nan,nan,nan,nan,nan,nan,0
5140955411,5140955130,0.0020000006,0.0,0.0020000006,0.0,nan,nan,nan,nan,nan,nan,nan,nan,0
5140959149,5140958875,0.0020000024,1.7434935e-09,0.0019999968,2.736417e-12,nan,nan,nan,nan,nan,nan,nan,nan,0
5140966645,5140966366,0.0020000003,1.716107e-10,0.0020000003,3.0122883e-12,nan,nan,nan,nan,nan,nan,nan,nan,0
5140970401,5140970111,0.0020000003,1.7180309e-10,0.002,2.819897e-12,nan,nan,nan,nan,nan,nan,nan,nan,0
5140976626,5140976353,0.002,3.4647035e-10,0.0019999999,2.7756148e-12,nan,nan,nan,nan,nan,nan,nan,nan,0
5140980372,5140980098,0.0020000006,0.0,0.0020000006,0.0,nan,nan,nan,nan,nan,nan,nan,nan,0
5140985366,5140985092,0.0020000022,2.3827837e-09,0.0019999961,3.7302505e-12,nan,nan,nan,nan,nan,nan,nan,nan,0
5140990374,5140990086,0.0020000006,0.0,0.0020000006,0.0,nan,nan,nan,nan,nan,nan,nan,nan,0
5140995365,5140995086,0.0020000003,0.0,0.0020000003,0.0,nan,nan,nan,nan,nan,nan,nan,nan,0
5141001597,5141001322,0.0019999985,2.7314315e-09,0.0019999994,4.3285445e-12,nan,nan,nan,nan,nan,nan,nan,nan,0
5141005355,5141005067,0.0020000022,1.4217723e-09,0.001999997,4.3154907e-12,nan,nan,nan,nan,nan,nan,nan,nan,0
5141011581,5141011309,0.0020000024,2.9356764e-09,0.0019999957,3.810431e-12,nan,nan,nan,nan,nan,nan,nan,nan,0
5141015338,5141015055,0.002000002,1.8297427e-09,0.0019999966,3.798576e-12,nan,nan,nan,nan,nan,nan,nan,nan,0
5141022816,5141022545,0.0020000022,1.2758099e-09,0.001999997,4.7586345e-12,nan,nan,nan,nan,nan,nan,nan,nan,0
5141025331,5141025043,0.0019999985,2.3523234e-09,0.0019999999,5.086773e-12,nan,nan,nan,nan,nan,nan,nan,nan,0
5141029062,5141028787,0.0020000006,0.0,0.0020000006,0.0,nan,nan,nan,nan,nan,nan,nan,nan,0
5141036555,5141036279,0.0020000022,1.595345e-09,0.0019999966,5.365715e-12,nan,nan,nan,nan,nan,nan,nan,nan,0
5141040330,5141040023,0.0020000022,2.962985e-09,0.0019999957,5.605778e-12,nan,nan,nan,nan,nan,nan,nan,nan,0
5141045300,5141045017,0.0020000003,8.668082e-10,0.0019999994,6.306757e-12,nan,nan,nan,nan,nan,nan,nan,nan,0
5141050290,5141050011,0.0020000006,1.0408022e-09,0.0019999994,6.9356656e-12,nan,nan,nan,nan,nan,nan,nan,nan,0
5141055302,5141055004,0.0020000024,2.9611151e-09,0.0019999957,7.475595e-12,nan,nan,nan,nan,nan,nan,nan,nan,0
5141061519,5141061246,0.0020000003,0.0,0.0020000003,0.0,nan,nan,nan,nan,nan,nan,nan,nan,0
5141065277,5141064992,0.0020000003,2.8334454e-10,0.0019999999,7.693757e-12,nan,nan,nan,nan,nan,nan,nan,nan,0
5141071515,5141071243,0.0020000024,3.0194907e-09,0.0019999954,7.307689e-12,nan,nan,nan,nan,nan,nan,nan,nan,0
5141075266,5141074979,0.0020000006,0.0,0.0020000003,0.0,nan,nan,nan,nan,nan,nan,nan,nan,0
5141081509,5141081222,0.0020000003,2.1847451e-11,0.0020000003,7.2563795e-12,nan,nan,nan,nan,nan,nan,nan,nan,0
5141085241,5141084969,0.0020000003,4.5846296e-10,0.0019999999,7.19832e-12,nan,nan,nan,nan,nan,nan,nan,nan,0
5141088995,5141088712,0.002000004,3.1941452e-09,0.0019999933,7.276154e-12,nan,nan,nan,nan,nan,nan,nan,nan,0
5141096489,5141096203,0.0020000022,1.6221431e-09,0.001999997,7.671376e-12,nan,nan,nan,nan,nan,nan,nan,nan,0
5141098976,5141098700,0.0020000006,0.0,0.0020000006,0.0,nan,nan,nan,nan,nan,nan,nan,nan,0
5141106462,5141106191,0.0020000003,1.08059076e-10,0.0020000003,8.356246e-12,nan,nan,nan,nan,nan,nan,nan,nan,0
5141110222,5141109938,0.0020000022,2.6109785e-09,0.001999996,8.3662435e-12,nan,nan,nan,nan,nan,nan,nan,nan,0
5141115209,5141114929,0.0020000022,1.3015524e-09,0.001999997,8.119991e-12,nan,nan,nan,nan,nan,nan,nan,nan,0
5141120203,5141119923,0.0020000022,2.378865e-09,0.0019999961,7.649029e-12,nan,nan,nan,nan,nan,nan,nan,nan,0
5141125197,5141124919,0.0020000006,0.0,0.0020000006,0.0,nan,nan,nan,nan,nan,nan,nan,nan,0
5141131457,5141131159,0.0020000003,0.0,0.0020000006,0.0,nan,nan,nan,nan,nan,nan,nan,nan,0
5141135185,5141134904,0.0020000022,1.7970633e-09,0.0019999966,7.374228e-12,nan,nan,nan,nan,nan,nan,nan,nan,0
5141141424,5141141147,0.0019999987,2.0001736e-09,0.0020000003,7.9908215e-12,nan,nan,nan,nan,nan,nan,nan,nan,0
5141145174,5141144892,0.002000002,1.5342592e-09,0.0019999968,8.2439056e-12,nan,nan,nan,nan,nan,nan,nan,nan,0
5141151405,5141151134,0.0020000006,0.0,0.0020000006,0.0,nan,nan,nan,nan,nan,nan,nan,nan,0
5141155154,5141154880,0.0020000003,1.0752625e-10,0.0020000003,8.88907e-12,nan,nan,nan,nan,nan,nan,nan,nan,0
5141162661,5141162370,0.0020000006,1.0971781e-09,0.0019999994,8.7674226e-12,nan,nan,nan,nan,nan,nan,nan,nan,0
5141166405,5141166115,0.0020000006,0.0,0.0020000006,0.0,nan,nan,nan,nan,nan,nan,nan,nan,0
5141168897,5141168612,0.0020000003,3.983414e-10,0.0019999999,9.112235e-12,nan,nan,nan,nan,nan,nan,nan,nan,0
5141176379,5141176103,0.0019999987,1.6786449e-09,0.0020000008,9.377275e-12,nan,nan,nan,nan,nan,nan,nan,nan,0
5141180139,5141179849,0.0020000003,2.5252894e-10,0.002,9.405537e-12,nan,nan,nan,nan,nan,nan,nan,nan,0
5141185122,5141184842,0.0019999985,1.6495417e-09,0.0020000006,9.376571e-12,nan,nan,nan,nan,nan,nan,nan,nan,0
5141190122,5141189836,0.0020000022,1.8240267e-09,0.0019999966,9.514603e-12,nan,nan,nan,nan,nan,nan,nan,nan,0
5141193854,5141193581,0.0020000038,3.133115e-09,0.0019999933,1.0098689e-11,nan,nan,nan,nan,nan,nan,nan,nan,0
5141201348,5141201072,0.0019999985,2.4626505e-09,0.0019999999,1.1175073e-11,nan,nan,nan,nan,nan,nan,nan,nan,0
5141205094,5141204817,0.002,1.2980882e-09,0.001999999,1.1584166e-11,nan,nan,nan,nan,nan,nan,nan,nan,0
5141211382,5141211059,0.002,0.0,0.0020000003,0.0,nan,nan,nan,nan,nan,nan,nan,nan,0
5141215082,5141214805,0.0020000003,0.0,0.0020000003,0.0,nan,nan,nan,nan,nan,nan,nan,nan,0
5141221323,5141221047,0.0020000006,1.0638777e-09,0.0019999994,1.2964109e-11,nan,nan,nan,nan,nan,nan,nan,nan,0
5141225075,5141224799,0.0020000006,0.0,0.0020000003,0.0,nan,nan,nan,nan,nan,nan,nan,nan,0
5141232550,5141232282,0.0020000022,1.3262927e-09,0.001999997,1.24834275e-11,nan,nan,nan,nan,nan,nan,nan,nan,0
5141236313,5141236028,0.0020000003,0.0,0.0020000003,0.0,nan,nan,nan,nan,nan,nan,nan,nan,0
5141240054,5141239778,0.0020000008,0.0,0.0020000008,0.0,nan,nan,nan,nan,nan,nan,nan,nan,0
5141246360,5141246020,0.0020000006,0.0,0.0020000003,0.0,nan,nan,nan,nan,nan,nan,nan,nan,0
5141250030,5141249761,0.0020000003,0.0,0.0020000003,0.0,nan,nan,nan,nan,nan,nan,nan,nan,0
5141255033,5141254755,0.0020000006,0.0,0.0020000006,0.0,nan,nan,nan,nan,nan,nan,nan,nan,0
5141260018,5141259748,0.002000002,3.0739713e-09,0.0019999952,1.1034621e-11,nan,nan,nan,nan,nan,nan,nan,nan,0
5141265027,5141264743,0.0020000003,3.0921443e-10,0.002,1.09277015e-11,nan,nan,nan,nan,nan,nan,nan,nan,0
5141271268,5141270984,0.0020000003,6.5831135e-10,0.0019999999,1.1076725e-11,nan,nan,nan,nan,nan,nan,nan,nan,0
5141275005,5141274729,0.0020000006,0.0,0.0020000006,0.0,nan,nan,nan,nan,nan,nan,nan,nan,0
5141281244,5141280972,0.0020000003,1.2975789e-09,0.001999999,1.2093477e-11,nan,nan,nan,nan,nan,nan,nan,nan,0
5141286239,5141285966,0.0020000024,1.2391513e-09,0.0019999975,1.2313371e-11,nan,nan,nan,nan,nan,nan,nan,nan,0
5141292488,5141292208,0.0019999982,1.5878716e-09,0.0020000006,1.2839018e-11,nan,nan,nan,nan,nan,nan,nan,nan,0
5141294986,5141294705,0.0020000022,1.3547699e-09,0.001999997,1.31101345e-11,nan,nan,nan,nan,nan,nan,nan,nan,0
5141302473,5141302197,0.0020000006,0.0,0.0020000003,0.0,nan,nan,nan,nan,nan,nan,nan,nan,0
5141306287,5141305942,0.0020000006,0.0,0.0020000006,0.0,nan,nan,nan,nan,nan,nan,nan,nan,0
5141309969,5141309685,0.002000002,1.5293324e-09,0.0019999968,1.31706035e-11,nan,nan,nan,nan,nan,nan,nan,nan,0
5141316201,5141315928,0.0020000022,1.471113e-09,0.001999997,1.31823805e-11,nan,nan,nan,nan,nan,nan,nan,nan,0
5141319944,5141319673,0.0020000003,1.3277861e-10,0.0020000003,1.2740545e-11,nan,nan,nan,nan,nan,nan,nan,nan,0
5141324950,5141324667,0.0020000003,1.297428e-09,0.001999999,1.2244344e-11,nan,nan,nan,nan,nan,nan,nan,nan,0
5141329966,5141329661,0.0020000022,2.8695764e-09,0.0019999957,1.1702946e-11,nan,nan,nan,nan,nan,nan,nan,nan,0
5141334929,5141334655,0.0020000022,2.05513e-09,0.0019999964,1.1241966e-11,nan,nan,nan,nan,nan,nan,nan,nan,0
5141341172,5141340896,0.0020000006,0.0,0.0020000006,0.0,nan,nan,nan,nan,nan,nan,nan,nan,0
5141344943,5141344642,0.0019999982,1.5023126e-09,0.0020000006,1.10865605e-11,nan,nan,nan,nan,nan,nan,nan,nan,0
5141351206,5141350884,0.0020000006,0.0,0.0020000006,0.0,nan,nan,nan,nan,nan,nan,nan,nan,0
5141354908,5141354629,0.0020000003,9.209972e-10,0.0019999994,1.0325353e-11,nan,nan,nan,nan,nan,nan,nan,nan,0
5141362399,5141362120,0.0020000003,0.0,0.0020000006,0.0,nan,nan,nan,nan,nan,nan,nan,nan,0
5141364892,5141364617,0.0020000003,0.0,0.0020000006,0.0,nan,nan,nan,nan,nan,nan,nan,nan,0
5141372382,5141372107,0.0020000003,9.513575e-10,0.0019999994,9.068878e-12,nan,nan,nan,nan,nan,nan,nan,nan,0
5141376127,5141375853,0.0020000003,0.0,0.0020000003,0.0,nan,nan,nan,nan,nan,nan,nan,nan,0
5141379879,5141379598,0.0019999985,1.6500039e-09,0.0020000006,8.914397e-12,nan,nan,nan,nan,nan,nan,nan,nan,0
5141386114,5141385840,0.0020000022,2.785511e-09,0.0019999957,8.4567995e-12,nan,nan,nan,nan,nan,nan,nan,nan,0
5141389876,5141389586,0.0020000022,1.8249494e-09,0.0019999966,8.591891e-12,nan,nan,nan,nan,nan,nan,nan,nan,0
5141394854,5141394580,0.0020000022,2.0570827e-09,0.0019999966,9.289276e-12,nan,nan,nan,nan,nan,nan,nan,nan,0
5141399853,5141399573,0.0020000003,6.5923433e-10,0.0019999999,1.0153791e-11,nan,nan,nan,nan,nan,nan,nan,nan,0
5141407346,5141407064,0.0020000006,0.0,0.0020000006,0.0,nan,nan,nan,nan,nan,nan,nan,nan,0
5141411134,5141410809,0.0019999985,2.9866845e-09,0.0019999994,1.1010113e-11,nan,nan,nan,nan,nan,nan,nan,nan,0
5141414829,5141414555,0.0020000008,0.0,0.0020000008,0.0,nan,nan,nan,nan,nan,nan,nan,nan,0
5141421067,5141420796,0.0020000003,5.414628e-10,0.0019999999,1.15099805e-11,nan,nan,nan,nan,nan,nan,nan,nan,0
5141424814,5141424542,0.0020000003,0.0,0.0020000003,0.0,nan,nan,nan,nan,nan,nan,nan,nan,0
5141432308,5141432036,0.002,0.0,0.0020000003,0.0,nan,nan,nan,nan,nan,nan,nan,nan,0
5141434807,5141434530,0.0020000003,0.0,0.0020000003,0.0,nan,nan,nan,nan,nan,nan,nan,nan,0
5141442320,5141442020,0.002,7.1591033e-10,0.0019999996,1.1685434e-11,nan,nan,nan,nan,nan,nan,nan,nan,0
5141446051,5141445765,0.0020000022,1.3265059e-09,0.001999997,1.2270324e-11,nan,nan,nan,nan,nan,nan,nan,nan,0
5141449783,5141449511,0.0020000003,1.6377875e-11,0.0020000003,1.2725956e-11,nan,nan,nan,nan,nan,nan,nan,nan,0
5141456069,5141455753,0.0020000006,0.0,0.0020000006,0.0,nan,nan,nan,nan,nan,nan,nan,nan,0
5141459776,5141459498,0.0020000003,3.0749917e-10,0.0019999999,1.264298e-11,nan,nan,nan,nan,nan,nan,nan,nan,0
5141464771,5141464492,0.0020000003,4.525397e-10,0.0019999999,1.31215785e-11,nan,nan,nan,nan,nan,nan,nan,nan,0
5141471049,5141470734,0.0019999985,1.4703436e-09,0.0020000008,1.3951765e-11,nan,nan,nan,nan,nan,nan,nan,nan,0
5141473522,5141473231,0.0019999982,1.5283611e-09,0.0020000006,1.414196e-11,nan,nan,nan,nan,nan,nan,nan,nan,0
5141480996,5141480722,0.0020000003,7.1343853e-10,0.0019999994,1.4157226e-11,nan,nan,nan,nan,nan,nan,nan,nan,0
5141484743,5141484467,0.0020000003,5.3890553e-10,0.0019999999,1.406723e-11,nan,nan,nan,nan,nan,nan,nan,nan,0
5141492237,5141491958,0.0019999985,1.2376472e-09,0.002000001,1.3817548e-11,nan,nan,nan,nan,nan,nan,nan,nan,0
5141494739,5141494454,0.0020000008,0.0,0.002000001,0.0,nan,nan,nan,nan,nan,nan,nan,nan,0
5141502210,5141501945,0.002,7.7193596e-10,0.0019999994,1.386748e-11,nan,nan,nan,nan,nan,nan,nan,nan,0
5141505986,5141505691,0.0020000022,2.9255536e-09,0.0019999957,1.3933315e-11,nan,nan,nan,nan,nan,nan,nan,nan,0
5141512202,5141511932,0.0020000003,0.0,0.0020000003,0.0,nan,nan,nan,nan,nan,nan,nan,nan,0
5141516058,5141515678,0.0020000022,1.8776436e-09,0.0019999966,1.41053245e-11,nan,nan,nan,nan,nan,nan,nan,nan,0
5141519698,5141519423,0.0020000022,1.993932e-09,0.0019999966,1.4232407e-11,nan,nan,nan,nan,nan,nan,nan,nan,0
5141525938,5141525665,0.002000002,1.5280948e-09,0.0019999968,1.4408263e-11,nan,nan,nan,nan,nan,nan,nan,nan,0
5141529686,5141529411,0.0020000006,0.0,0.0020000006,0.0,nan,nan,nan,nan,nan,nan,nan,nan,0
5141534684,5141534405,0.0020000006,0.0,0.0020000006,0.0,nan,nan,nan,nan,nan,nan,nan,nan,0
5141540927,5141540646,0.0020000003,7.2928e-11,0.0020000003,1.4383493e-11,nan,nan,nan,nan,nan,nan,nan,nan,0
5141544668,5141544396,0.0019999985,2.5901763e-09,0.0019999996,6.4607174e-14,nan,nan,nan,nan,nan,nan,nan,nan,0
5141550904,5141550634,0.0019999985,2.9242249e-09,0.0019999994,7.100414e-13,nan,nan,nan,nan,nan,nan,nan,nan,0
5141554649,5141554380,0.0019999987,1.701333e-09,0.0020000006,1.2411391e-12,nan,nan,nan,nan,nan,nan,nan,nan,0
5141560936,5141560622,0.0020000006,0.0,0.0020000008,0.0,nan,nan,nan,nan,nan,nan,nan,nan,0
5141564642,5141564369,0.0020000006,0.0,0.0020000006,0.0,nan,nan,nan,nan,nan,nan,nan,nan,0
5141572155,5141571857,0.0020000006,0.0,0.0020000008,0.0,nan,nan,nan,nan,nan,nan,nan,nan,0
5141575935,5141575603,0.0020000022,1.3943555e-09,0.001999997,2.628348e-12,nan,nan,nan,nan,nan,nan,nan,nan,0
5141582130,5141581845,0.0020000006,0.0,0.002,0.0,nan,nan,nan,nan,nan,nan,nan,nan,0
5141585859,5141585591,0.002,2.740154e-10,0.0019999999,2.4709826e-12,nan,nan,nan,nan,nan,nan,nan,nan,0
5141589609,5141589336,0.0019999985,2.1221738e-09,0.002,2.4058039e-12,nan,nan,nan,nan,nan,nan,nan,nan,0
5141594603,5141594329,0.0020000003,2.305026e-10,0.0020000003,2.328044e-12,nan,nan,nan,nan,nan,nan,nan,nan,0
5141599603,5141599323,0.0020000006,0.0,0.0020000006,0.0,nan,nan,nan,nan,nan,nan,nan,nan,0
5141607084,5141606814,0.0020000006,0.0,0.0020000003,0.0,nan,nan,nan,nan,nan,nan,nan,nan,0
5141610835,5141610559,0.0020000003,5.805239e-10,0.0019999999,1.5526755e-12,nan,nan,nan,nan,nan,nan,nan,nan,0
5141614588,5141614305,0.0020000006,6.535918e-10,0.0019999999,1.2443761e-12,nan,nan,nan,nan,nan,nan,nan,nan,0
5141620859,5141620547,0.0020000003,0.0,0.0020000003,0.0,nan,nan,nan,nan,nan,nan,nan,nan,0
5141624567,5141624292,0.0020000003,8.724706e-10,0.0019999994,6.443188e-13,nan,nan,nan,nan,nan,nan,nan,nan,0
5141630818,5141630534,0.0020000003,7.5659645e-10,0.0019999994,1.031189e-13,nan,nan,nan,nan,nan,nan,nan,nan,0
5141634559,5141634280,0.0020000006,0.0,0.0020000006,0.0,nan,nan,nan,nan,nan,nan,nan,nan,0
5141642054,5141641770,0.0020000006,0.0,0.0020000006,0.0,nan,nan,nan,nan,nan,nan,nan,nan,0
5141645799,5141645515,0.0019999985,2.7509472e-09,0.0019999994,1.391671e-11,nan,nan,nan,nan,nan,nan,nan,nan,0
5141649540,5141649261,0.0020000003,0.0,0.0020000003,0.0,nan,nan,nan,nan,nan,nan,nan,nan,0
5141655788,5141655503,0.0020000003,1.3189365e-10,0.0020000003,1.3625505e-11,nan,nan,nan,nan,nan,nan,nan,nan,0
5141659533,5141659248,0.0020000003,0.0,0.0020000003,0.0,nan,nan,nan,nan,nan,nan,nan,nan,0
5141664532,5141664242,0.0020000003,6.5687533e-10,0.0019999996,1.2512755e-11,nan,nan,nan,nan,nan,nan,nan,nan,0
5141669522,5141669236,0.0020000006,0.0,0.0020000006,0.0,nan,nan,nan,nan,nan,nan,nan,nan,0
5141676999,5141676726,0.0019999985,2.2888158e-09,0.0019999999,1.0386855e-11,nan,nan,nan,nan,nan,nan,nan,nan,0
5141680771,5141680471,0.0019999985,3.1624152e-09,0.001999999,9.902338e-12,nan,nan,nan,nan,nan,nan,nan,nan,0
5141684505,5141684227,0.0020000006,0.0,0.0020000008,0.0,nan,nan,nan,nan,nan,nan,nan,nan,0
5141690737,5141690459,0.0020000003,0.0,0.0020000006,0.0,nan,nan,nan,nan,nan,nan,nan,nan,0
5141694484,5141694211,0.002,1.1557162e-09,0.001999999,8.437057e-12,nan,nan,nan,nan,nan,nan,nan,nan,0
5141701979,5141701695,0.0020000003,0.0,0.0020000003,0.0,nan,nan,nan,nan,nan,nan,nan,nan,0
5141704471,5141704192,0.0020000006,0.0,0.0020000008,0.0,nan,nan,nan,nan,nan,nan,nan,nan,0
5141711954,5141711683,0.0020000022,2.3798576e-09,0.0019999961,6.6563925e-12,nan,nan,nan,nan,nan,nan,nan,nan,0
5141715703,5141715428,0.002,0.0,0.0020000003,0.0,nan,nan,nan,nan,nan,nan,nan,nan,0
5141719460,5141719173,0.0020000008,0.0,0.002000001,0.0,nan,nan,nan,nan,nan,nan,nan,nan,0
5141725718,5141725416,0.0020000008,0.0,0.0020000008,0.0,nan,nan,nan,nan,nan,nan,nan,nan,0
5141729450,5141729161,0.0019999985,1.8583939e-09,0.0020000003,4.251273e-12,nan,nan,nan,nan,nan,nan,nan,nan,0
5141734441,5141734155,0.0020000006,0.0,0.0020000006,0.0,nan,nan,nan,nan,nan,nan,nan,nan,0
5141739432,5141739149,0.0020000022,2.4993336e-09,0.001999996,3.595818e-12,nan,nan,nan,nan,nan,nan,nan,nan,0
5141744424,5141744150,0.0020000006,0.0,0.0020000006,0.0,nan,nan,nan,nan,nan,nan,nan,nan,0
5141750657,5141750384,0.0020000022,1.9760704e-09,0.0019999966,2.9900075e-12,nan,nan,nan,nan,nan,nan,nan,nan,0
5141756901,5141756626,0.0020000008,0.0,0.0020000008,0.0,nan,nan,nan,nan,nan,nan,nan,nan,0
5141760656,5141760372,0.0020000022,1.6854836e-09,0.0019999968,2.5385562e-12,nan,nan,nan,nan,nan,nan,nan,nan,0
5141764394,5141764117,0.002,8.7092267e-10,0.0019999994,2.192236e-12,nan,nan,nan,nan,nan,nan,nan,nan,0
5141771908,5141771607,0.0020000003,0.0,0.0020000006,0.0,nan,nan,nan,nan,nan,nan,nan,nan,0
5141774379,5141774106,0.002000002,3.1411507e-09,0.0019999952,2.0629366e-12,nan,nan,nan,nan,nan,nan,nan,nan,0
5141781867,5141781595,0.0019999985,2.617367e-09,0.0019999994,1.9777322e-12,nan,nan,nan,nan,nan,nan,nan,nan,0
5141785633,5141785340,0.0020000006,0.0,0.0020000006,0.0,nan,nan,nan,nan,nan,nan,nan,nan,0
5141791852,5141791583,0.0020000003,9.299501e-10,0.0019999994,1.3724855e-12,nan,nan,nan,nan,nan,nan,nan,nan,0
5141795617,5141795328,0.0019999982,1.3377061e-09,0.0020000008,1.0700919e-12,nan,nan,nan,nan,nan,nan,nan,nan,0
5141799353,5141799073,0.0020000022,2.3855116e-09,0.0019999961,1.0024447e-12,nan,nan,nan,nan,nan,nan,nan,nan,0
5141804350,5141804067,0.0020000003,9.882377e-10,0.0019999994,1.2925494e-12,nan,nan,nan,nan,nan,nan,nan,nan,0
5141809346,5141809061,0.0020000022,2.0364885e-09,0.0019999966,7.7962983e-13,nan,nan,nan,nan,nan,nan,nan,nan,0
5141814342,5141814055,0.0020000006,0.0,0.0020000008,0.0,nan,nan,nan,nan,nan,nan,nan,nan,0
5141820622,5141820299,0.0020000006,0.0,0.002,0.0,nan,nan,nan,nan,nan,nan,nan,nan,0
5141828058,5141827787,0.0019999985,1.919473e-09,0.0020000003,1.379806e-12,nan,nan,nan,nan,nan,nan,nan,nan,0
5141830586,5141830285,0.0020000003,4.0558779e-10,0.0019999999,1.8658373e-12,nan,nan,nan,nan,nan,nan,nan,nan,0
5141834315,5141834029,0.0020000022,2.0350173e-09,0.0019999966,2.2508367e-12,nan,nan,nan,nan,nan,nan,nan,nan,0
5141841788,5141841520,0.0019999987,1.9774373e-09,0.0020000003,1.6230958e-12,nan,nan,nan,nan,nan,nan,nan,nan,0
5141844303,5141844023,0.0019999985,1.5703425e-09,0.0020000006,1.2643445e-12,nan,nan,nan,nan,nan,nan,nan,nan,0
5141851829,5141851507,0.0020000024,1.6867305e-09,0.001999997,1.2916387e-12,nan,nan,nan,nan,nan,nan,nan,nan,0
5141855534,5141855261,0.0020000003,0.0,0.0020000003,0.0,nan,nan,nan,nan,nan,nan,nan,nan,0
5141864280,5141863992,0.0020000006,0.0,0.0020000006,0.0,nan,nan,nan,nan,nan,nan,nan,nan,0
5141865532,5141865240,0.0020000003,5.80783e-10,0.0019999999,1.2936197e-12,nan,nan,nan,nan,nan,nan,nan,nan,0
5141869268,5141868986,0.0020000006,6.9748396e-10,0.0019999996,1.0079645e-12,nan,nan,nan,nan,nan,nan,nan,nan,0
5141874257,5141873981,0.0020000003,9.888843e-10,0.0019999994,6.459347e-13,nan,nan,nan,nan,nan,nan,nan,nan,0
5141880502,5141880222,0.0020000022,1.4542786e-09,0.001999997,9.129676e-13,nan,nan,nan,nan,nan,nan,nan,nan,0
5141886735,5141886463,0.0020000003,0.0,0.0020000003,0.0,nan,nan,nan,nan,nan,nan,nan,nan,0
5141890521,5141890210,0.0020000003,4.641677e-10,0.0019999999,1.4935726e-12,nan,nan,nan,nan,nan,nan,nan,nan,0
5141897986,5141897700,0.0020000022,2.7630584e-09,0.0019999957,1.805469e-12,nan,nan,nan,nan,nan,nan,nan,nan,0
5141900470,5141900197,0.0020000024,1.4531351e-09,0.001999997,2.0564158e-12,nan,nan,nan,nan,nan,nan,nan,nan,0
5141904216,5141903942,0.0020000003,0.0,0.0020000003,0.0,nan,nan,nan,nan,nan,nan,nan,nan,0
5141911699,5141911432,0.0020000006,0.0,0.0020000006,0.0,nan,nan,nan,nan,nan,nan,nan,nan,0
5141915466,5141915178,0.0020000003,1.1030643e-09,0.0019999994,2.881282e-12,nan,nan,nan,nan,nan,nan,nan,nan,0
5141921695,5141921420,0.0020000006,0.0,0.0020000006,0.0,nan,nan,nan,nan,nan,nan,nan,nan,0
5141925454,5141925171,0.0020000006,6.075979e-10,0.0019999999,3.5825162e-12,nan,nan,nan,nan,nan,nan,nan,nan,0
5141934179,5141933905,0.0020000006,0.0,0.0020000006,0.0,nan,nan,nan,nan,nan,nan,nan,nan,0
5141935455,5141935154,0.0020000024,1.2198489e-09,0.0019999973,2.5119854e-12,nan,nan,nan,nan,nan,nan,nan,nan,0
5141939186,5141938898,0.002,1.1616763e-09,0.0019999992,2.476911e-12,nan,nan,nan,nan,nan,nan,nan,nan,0
5141946667,5141946388,0.0020000003,0.0,0.0020000006,0.0,nan,nan,nan,nan,nan,nan,nan,nan,0
5141950426,5141950134,0.0020000024,1.6843895e-09,0.001999997,3.6327035e-12,nan,nan,nan,nan,nan,nan,nan,nan,0
5141954158,5141953879,0.0020000022,1.4512737e-09,0.001999997,3.917828e-12,nan,nan,nan,nan,nan,nan,nan,nan,0
5141960395,5141960122,0.0019999987,1.6543565e-09,0.0020000008,4.561792e-12,nan,nan,nan,nan,nan,nan,nan,nan,0
5141967882,5141967612,0.0020000003,4.0248194e-10,0.0019999999,4.9716845e-12,nan,nan,nan,nan,nan,nan,nan,nan,0
5141970395,5141970109,0.0020000003,0.0,0.0020000003,2.511334e-12,nan,nan,nan,nan,nan,nan,nan,nan,0
5141974142,5141973855,0.002,7.519465e-10,0.0019999994,4.7531007e-12,nan,nan,nan,nan,nan,nan,nan,nan,0
5141981623,5141981345,0.0020000003,0.0,0.0020000006,0.0,nan,nan,nan,nan,nan,nan,nan,nan,0
5141985371,5141985092,0.0020000003,6.0720906e-10,0.0019999999,3.9713788e-12,nan,nan,nan,nan,nan,nan,nan,nan,0
5141991612,5141991333,0.002,2.2867988e-10,0.002,4.1507665e-12,nan,nan,nan,nan,nan,nan,nan,nan,0
5141995375,5141995078,0.0020000003,1.2762446e-09,0.001999999,4.3240186e-12,nan,nan,nan,nan,nan,nan,nan,nan,0
5142004102,5142003817,0.0020000003,2.2819278e-10,0.0020000003,4.637863e-12,nan,nan,nan,nan,nan,nan,nan,nan,0
5142005363,5142005066,0.0020000003,6.065448e-10,0.0019999999,4.6356096e-12,nan,nan,nan,nan,nan,nan,nan,nan,0
5142009089,5142008811,0.0019999987,1.6541684e-09,0.0020000006,4.7499452e-12,nan,nan,nan,nan,nan,nan,nan,nan,0
5142016573,5142016301,0.0020000024,1.7126193e-09,0.001999997,4.506782e-12,nan,nan,nan,nan,nan,nan,nan,nan,0
5142020324,5142020047,0.0020000003,5.1938664e-10,0.0019999999,4.4822774e-12,nan,nan,nan,nan,nan,nan,nan,nan,0
5142024068,5142023792,0.0020000003,0.0,0.0020000003,2.4154923e-12,nan,nan,nan,nan,nan,nan,nan,nan,0
5142030321,5142030034,0.0020000006,0.0,0.002,0.0,nan,nan,nan,nan,nan,nan,nan,nan,0
5142037789,5142037524,0.0020000006,2.2702729e-10,0.0020000003,5.8033543e-12,nan,nan,nan,nan,nan,nan,nan,nan,0
5142040322,5142040024,0.0020000003,8.0882345e-10,0.0019999994,6.083781e-12,nan,nan,nan,nan,nan,nan,nan,nan,0
5142044044,5142043767,0.0020000006,1.6806363e-10,0.0020000003,6.5593555e-12,nan,nan,nan,nan,nan,nan,nan,nan,0
5142051540,5142051266,0.0020000022,1.855061e-09,0.0019999966,7.584145e-12,nan,nan,nan,nan,nan,nan,nan,nan,0
5142055295,5142055005,0.0019999985,2.2331048e-09,0.0019999999,7.890074e-12,nan,nan,nan,nan,nan,nan,nan,nan,0
5142061523,5142061245,0.0020000006,6.3195765e-10,0.0019999999,8.32664e-12,nan,nan,nan,nan,nan,nan,nan,nan,0
5142065281,5142064990,0.0020000024,3.0180416e-09,0.0019999957,8.756825e-12,nan,nan,nan,nan,nan,nan,nan,nan,0
5142074011,5142073730,0.0020000003,2.8147604e-10,0.0019999999,9.5622624e-12,nan,nan,nan,nan,nan,nan,nan,nan,0
5142076498,5142076226,0.0020000022,2.6679363e-09,0.0019999957,9.616067e-12,nan,nan,nan,nan,nan,nan,nan,nan,0
5142079002,5142078723,0.0020000006,0.0,0.0020000006,0.0,nan,nan,nan,nan,nan,nan,nan,nan,0
5142086492,5142086213,0.0019999985,1.7080324e-09,0.0020000006,9.09367e-12,nan,nan,nan,nan,nan,nan,nan,nan,0
5142090231,5142089959,0.0019999985,1.2719903e-09,0.0020000008,8.57822e-12,nan,nan,nan,nan,nan,nan,nan,nan,0
5142096467,5142096201,0.0020000024,1.679339e-09,0.0019999968,8.683162e-12,nan,nan,nan,nan,nan,nan,nan,nan,0
5142100224,5142099947,0.0020000006,0.0,0.0020000006,0.0,nan,nan,nan,nan,nan,nan,nan,nan,0
5142103970,5142103692,0.002,3.105964e-10,0.0019999999,9.545715e-12,nan,nan,nan,nan,nan,nan,nan,nan,0
5142111466,5142111183,0.0020000006,0.0,0.0020000008,0.0,nan,nan,nan,nan,nan,nan,nan,nan,0
5142113956,5142113684,0.0019999985,2.260299e-09,0.0019999999,9.799786e-12,nan,nan,nan,nan,nan,nan,nan,nan,0
5142121448,5142121170,0.0020000003,5.1453525e-10,0.0019999999,9.333713e-12,nan,nan,nan,nan,nan,nan,nan,nan,0
5142125198,5142124915,0.0020000008,0.0,0.0020000006,0.0,nan,nan,nan,nan,nan,nan,nan,nan,0
5142131438,5142131158,0.0019999985,2.3773838e-09,0.0019999999,9.130335e-12,nan,nan,nan,nan,nan,nan,nan,nan,0
5142135182,5142134903,0.0019999985,2.2318294e-09,0.0019999999,9.165627e-12,nan,nan,nan,nan,nan,nan,nan,nan,0
5142143922,5142143642,0.0020000006,0.0,0.0020000006,0.0,nan,nan,nan,nan,nan,nan,nan,nan,0
5142146428,5142146138,0.0020000006,0.0,0.0020000006,0.0,nan,nan,nan,nan,nan,nan,nan,nan,0
5142148917,5142148636,0.0019999985,1.3283236e-09,0.0020000008,1.0452595e-11,nan,nan,nan,nan,nan,nan,nan,nan,0
5142156419,5142156126,0.0020000022,1.5022338e-09,0.001999997,1.1165404e-11,nan,nan,nan,nan,nan,nan,nan,nan,0
5142160142,5142159876,0.0020000024,1.240317e-09,0.0019999973,1.114773e-11,nan,nan,nan,nan,nan,nan,nan,nan,0
5142166386,5142166114,0.0020000003,1.182641e-09,0.001999999,1.06161e-11,nan,nan,nan,nan,nan,nan,nan,nan,0
5142170137,5142169859,0.0019999985,1.6191541e-09,0.0020000006,1.0660349e-11,nan,nan,nan,nan,nan,nan,nan,nan,0
5142173875,5142173604,0.0020000003,0.0,0.0020000008,0.0,nan,nan,nan,nan,nan,nan,nan,nan,0
5142181365,5142181095,0.0020000003,0.0,0.0020000003,0.0,nan,nan,nan,nan,nan,nan,nan,nan,0
5142183875,5142183592,0.0020000022,2.5212474e-09,0.0019999961,1.0785792e-11,nan,nan,nan,nan,nan,nan,nan,nan,0
5142191363,5142191083,0.0020000022,2.0548332e-09,0.0019999966,1.1538688e-11,nan,nan,nan,nan,nan,nan,nan,nan,0
5142195104,5142194828,0.0019999985,2.8697476e-09,0.0019999994,1.1531569e-11,nan,nan,nan,nan,nan,nan,nan,nan,0
5142201346,5142201070,0.002,3.0897807e-10,0.0019999999,1.1164073e-11,nan,nan,nan,nan,nan,nan,nan,nan,0
5142205091,5142204815,0.0020000006,0.0,0.0020000003,0.0,nan,nan,nan,nan,nan,nan,nan,nan,0
5142213833,5142213554,0.0020000006,0.0,0.0020000006,0.0,nan,nan,nan,nan,nan,nan,nan,nan,0
5142216355,5142216051,0.0020000003,0.0,0.0020000006,0.0,nan,nan,nan,nan,nan,nan,nan,nan,0
5142220068,5142219797,0.0019999985,1.6486174e-09,0.0020000006,1.0301024e-11,nan,nan,nan,nan,nan,nan,nan,nan,0
5142226310,5142226038,0.0020000003,0.0,0.0020000003,0.0,nan,nan,nan,nan,nan,nan,nan,nan,0
5142230057,5142229784,0.0020000022,1.9404796e-09,0.0019999966,9.4771e-12,nan,nan,nan,nan,nan,nan,nan,nan,0
5142236309,5142236026,0.0020000003,3.3978115e-10,0.0019999999,9.464813e-12,nan,nan,nan,nan,nan,nan,nan,nan,0
5142240055,5142239771,0.0020000003,0.0,0.0020000003,0.0,nan,nan,nan,nan,nan,nan,nan,nan,0
5142247583,5142247266,0.0020000003,0.0,0.0020000008,0.0,nan,nan,nan,nan,nan,nan,nan,nan,0
5142251292,5142251007,0.002000002,1.5608704e-09,0.0019999968,1.0736443e-11,nan,nan,nan,nan,nan,nan,nan,nan,0
5142255029,5142254753,0.0020000022,2.8706628e-09,0.0019999957,1.0616492e-11,nan,nan,nan,nan,nan,nan,nan,nan,0
5142261269,5142260995,0.0020000006,0.0,0.0020000006,0.0,nan,nan,nan,nan,nan,nan,nan,nan,0
5142265032,5142264740,0.0020000006,0.0,0.0020000006,0.0,nan,nan,nan,nan,nan,nan,nan,nan,0
5142273764,5142273484,0.0020000008,0.0,0.0020000008,0.0,nan,nan,nan,nan,nan,nan,nan,nan,0
5142275003,5142274728,0.002000002,1.5032856e-09,0.0019999968,1.01135315e-11,nan,nan,nan,nan,nan,nan,nan,nan,0
5142282489,5142282218,0.0020000022,2.3470945e-09,0.0019999961,1.0315733e-11,nan,nan,nan,nan,nan,nan,nan,nan,0
5142286231,5142285964,0.0020000006,0.0,0.0020000008,0.0,nan,nan,nan,nan,nan,nan,nan,nan,0
5142289988,5142289709,0.0020000022,1.6776208e-09,0.0019999968,1.040136e-11,nan,nan,nan,nan,nan,nan,nan,nan,0
5142296226,5142295951,0.0020000003,9.495698e-10,0.0019999994,1.0856659e-11,nan,nan,nan,nan,nan,nan,nan,nan,0
5142299963,5142299696,0.0020000008,0.0,0.0020000006,0.0,nan,nan,nan,nan,nan,nan,nan,nan,0
5142307468,5142307187,0.0020000003,3.6664416e-10,0.0019999999,1.1705623e-11,nan,nan,nan,nan,nan,nan,nan,nan,0
5142309997,5142309684,0.0019999987,2.4041056e-09,0.0019999999,1.1512241e-11,nan,nan,nan,nan,nan,nan,nan,nan,0
5142317458,5142317176,0.0020000022,3.0740077e-09,0.0019999952,1.099839e-11,nan,nan,nan,nan,nan,nan,nan,nan,0
5142321195,5142320921,0.0020000022,2.9864151e-09,0.0019999957,1.12793126e-11,nan,nan,nan,nan,nan,nan,nan,nan,0
5142324956,5142324665,0.0020000006,0.0,0.0020000006,0.0,nan,nan,nan,nan,nan,nan,nan,nan,0
5142331177,5142330908,0.0020000003,0.0,0.0020000006,0.0,nan,nan,nan,nan,nan,nan,nan,nan,0
5142334937,5142334653,0.0020000003,1.3301373e-10,0.0020000003,1.2505429e-11,nan,nan,nan,nan,nan,nan,nan,nan,0
5142343679,5142343402,0.0020000003,5.407156e-10,0.0019999999,1.2257169e-11,nan,nan,nan,nan,nan,nan,nan,nan,0
5142344920,5142344640,0.002000002,3.043658e-09,0.0019999954,1.224414e-11,nan,nan,nan,nan,nan,nan,nan,nan,0
5142353655,5142353380,0.0019999985,1.4135444e-09,0.0020000008,1.2543251e-11,nan,nan,nan,nan,nan,nan,nan,nan,0
5142356152,5142355876,0.0019999985,2.3156446e-09,0.0019999999,1.2661983e-11,nan,nan,nan,nan,nan,nan,nan,nan,0
5142359896,5142359621,0.0019999985,2.51925e-09,0.0019999999,1.27833265e-11,nan,nan,nan,nan,nan,nan,nan,nan,0
5142366141,5142365863,0.0020000003,8.312052e-10,0.0019999994,1.28058605e-11,nan,nan,nan,nan,nan,nan,nan,nan,0
5142369876,5142369610,0.0019999987,1.2388702e-09,0.0020000013,1.2594472e-11,nan,nan,nan,nan,nan,nan,nan,nan,0
5142377369,5142377100,0.0020000003,0.0,0.0020000003,0.0,nan,nan,nan,nan,nan,nan,nan,nan,0
5142379871,5142379597,0.0020000003,6.576497e-10,0.0019999999,1.1738414e-11,nan,nan,nan,nan,nan,nan,nan,nan,0
5142387362,5142387087,0.0020000003,7.571544e-11,0.0020000003,1.1596052e-11,nan,nan,nan,nan,nan,nan,nan,nan,0
5142391103,5142390832,0.0020000003,5.414692e-10,0.0019999999,1.1503586e-11,nan,nan,nan,nan,nan,nan,nan,nan,0
5142394849,5142394578,0.0020000006,1.9229135e-10,0.002,1.1435457e-11,nan,nan,nan,nan,nan,nan,nan,nan,0
5142401098,5142400820,0.002000002,1.7348145e-09,0.0019999966,1.1415287e-11,nan,nan,nan,nan,nan,nan,nan,nan,0
5142404857,5142404566,0.0019999985,1.2984614e-09,0.0020000008,1.1210947e-11,nan,nan,nan,nan,nan,nan,nan,nan,0
5142413578,5142413304,0.0020000003,0.0,0.0020000003,5.5773077e-12,nan,nan,nan,nan,nan,nan,nan,nan,0
5142414826,5142414553,0.002,3.6715808e-10,0.0019999999,1.1191704e-11,nan,nan,nan,nan,nan,nan,nan,nan,0
5142422329,5142422043,0.0019999982,3.0444185e-09,0.001999999,1.1483746e-11,nan,nan,nan,nan,nan,nan,nan,nan,0
5142426061,5142425788,0.0020000022,2.752957e-09,0.0019999957,1.1906977e-11,nan,nan,nan,nan,nan,nan,nan,nan,0
5142429800,5142429534,0.0020000006,0.0,0.002,0.0,nan,nan,nan,nan,nan,nan,nan,nan,0
5142436051,5142435776,0.0019999985,2.1695874e-09,0.0019999999,1.31999064e-11,nan,nan,nan,nan,nan,nan,nan,nan,0
5142439793,5142439521,0.0020000006,1.1214617e-09,0.0019999992,1.358768e-11,nan,nan,nan,nan,nan,nan,nan,nan,0
5142447314,5142447012,0.0019999985,1.81947e-09,0.0020000003,1.4071308e-11,nan,nan,nan,nan,nan,nan,nan,nan,0
5142451028,5142450757,0.0020000003,5.969062e-10,0.0019999999,1.4274222e-11,nan,nan,nan,nan,nan,nan,nan,nan,0
5142457280,5142457000,0.0020000022,3.1586134e-09,0.0019999952,1.3704156e-11,nan,nan,nan,nan,nan,nan,nan,nan,0
5142461032,5142460745,0.0020000003,0.0,0.0020000006,0.0,nan,nan,nan,nan,nan,nan,nan,nan,0
5142464771,5142464491,0.0020000003,1.063894e-09,0.0019999994,1.2947723e-11,nan,nan,nan,nan,nan,nan,nan,nan,0
5142471005,5142470732,0.0020000003,7.471525e-11,0.0020000003,1.2596245e-11,nan,nan,nan,nan,nan,nan,nan,nan,0
5142474750,5142474478,0.0020000006,0.0,0.0020000006,0.0,nan,nan,nan,nan,nan,nan,nan,nan,0
5142483493,5142483217,0.0020000022,1.5878241e-09,0.0019999968,1.2886614e-11,nan,nan,nan,nan,nan,nan,nan,nan,0
5142485990,5142485713,0.0020000022,1.4134611e-09,0.001999997,1.262652e-11,nan,nan,nan,nan,nan,nan,nan,nan,0
5142493479,5142493204,0.0020000006,0.0,0.0020000006,0.0,nan,nan,nan,nan,nan,nan,nan,nan,0
5142495969,5142495701,0.0020000003,8.9015123e-10,0.0019999994,1.2067515e-11,nan,nan,nan,nan,nan,nan,nan,nan,0
5142499718,5142499446,0.0020000003,6.864347e-10,0.0019999996,1.20572545e-11,nan,nan,nan,nan,nan,nan,nan,nan,0
5142505969,5142505688,0.002,8.9017754e-10,0.0019999994,1.2041219e-11,nan,nan,nan,nan,nan,nan,nan,nan,0
5142509706,5142509434,0.0020000003,0.0,0.0020000003,0.0,nan,nan,nan,nan,nan,nan,nan,nan,0
5142517193,5142516925,0.0020000006,0.0,0.0020000006,0.0,nan,nan,nan,nan,nan,nan,nan,nan,0
5142520986,5142520672,0.0019999982,1.2975858e-09,0.0020000008,1.2086544e-11,nan,nan,nan,nan,nan,nan,nan,nan,0
5142527183,5142526912,0.0020000022,2.4619682e-09,0.0019999961,1.1857404e-11,nan,nan,nan,nan,nan,nan,nan,nan,0
5142530929,5142530657,0.0019999982,1.5018787e-09,0.0020000006,1.1520489e-11,nan,nan,nan,nan,nan,nan,nan,nan,0
5142534681,5142534403,0.002,0.0,0.0020000003,0.0,nan,nan,nan,nan,nan,nan,nan,nan,0
5142543417,5142543142,0.0020000006,0.0,0.0020000006,0.0,nan,nan,nan,nan,nan,nan,nan,nan,0
5142544665,5142544390,0.0020000006,0.0,0.0020000008,0.0,nan,nan,nan,nan,nan,nan,nan,nan,0
5142553410,5142553129,0.0020000022,1.413469e-09,0.001999997,1.2618665e-11,nan,nan,nan,nan,nan,nan,nan,nan,0
5142555912,5142555627,0.0019999987,1.9951167e-09,0.0020000003,1.3047473e-11,nan,nan,nan,nan,nan,nan,nan,nan,0
5142563393,5142563119,0.0020000003,6.564179e-10,0.0019999999,1.2970198e-11,nan,nan,nan,nan,nan,nan,nan,nan,0
5142565896,5142565613,0.0020000022,1.4714182e-09,0.001999997,1.2877125e-11,nan,nan,nan,nan,nan,nan,nan,nan,0
5142569628,5142569359,0.0019999985,1.5005651e-09,0.0020000008,1.2834041e-11,nan,nan,nan,nan,nan,nan,nan,nan,0
5142575878,5142575601,0.0020000003,1.0638727e-09,0.0019999994,1.2969093e-11,nan,nan,nan,nan,nan,nan,nan,nan,0
5142579613,5142579347,0.0019999985,1.3548178e-09,0.0020000008,1.3062253e-11,nan,nan,nan,nan,nan,nan,nan,nan,0
5142587110,5142586837,0.0020000022,1.3257343e-09,0.001999997,1.3041941e-11,nan,nan,nan,nan,nan,nan,nan,nan,0
5142590851,5142590582,0.002,2.4878244e-10,0.002,1.3152025e-11,nan,nan,nan,nan,nan,nan,nan,nan,0
5142597107,5142596824,0.0020000006,0.0,0.0020000006,0.0,nan,nan,nan,nan,nan,nan,nan,nan,0
5142600839,5142600570,0.0020000022,2.8095386e-09,0.0019999957,1.3532989e-11,nan,nan,nan,nan,nan,nan,nan,nan,0
5142604598,5142604316,0.002000002,1.2964537e-09,0.001999997,1.3218652e-11,nan,nan,nan,nan,nan,nan,nan,nan,0
5142610831,5142610557,0.0020000003,0.0,0.0020000006,0.0,nan,nan,nan,nan,nan,nan,nan,nan,0
5142614593,5142614303,0.0020000022,1.2977498e-09,0.001999997,1.1922557e-11,nan,nan,nan,nan,nan,nan,nan,nan,0
5142623318,5142623042,0.0020000022,1.4730129e-09,0.001999997,1.1282416e-11,nan,nan,nan,nan,nan,nan,nan,nan,0
5142625820,5142625539,0.0020000022,1.3277881e-09,0.001999997,1.0988122e-11,nan,nan,nan,nan,nan,nan,nan,nan,0
5142633314,5142633030,0.002000002,1.5900979e-09,0.0019999968,1.0612776e-11,nan,nan,nan,nan,nan,nan,nan,nan,0
5142635793,5142635526,0.0020000022,1.2989732e-09,0.001999997,1.0699205e-11,nan,nan,nan,nan,nan,nan,nan,nan,0
5142639545,5142639272,0.0020000003,7.457829e-10,0.0019999996,1.0916703e-11,nan,nan,nan,nan,nan,nan,nan,nan,0
5142647048,5142646762,0.0020000003,0.0,0.0020000003,0.0,nan,nan,nan,nan,nan,nan,nan,nan,0
5142649533,5142649259,0.0020000006,0.0,0.0020000006,0.0,nan,nan,nan,nan,nan,nan,nan,nan,0
5142657038,5142656749,0.0020000006,0.0,0.0020000006,0.0,nan,nan,nan,nan,nan,nan,nan,nan,0
5142660766,5142660495,0.0020000003,4.841551e-10,0.0019999999,1.0610001e-11,nan,nan,nan,nan,nan,nan,nan,nan,0
5142664541,5142664240,0.0019999985,1.6781434e-09,0.0020000006,9.878711e-12,nan,nan,nan,nan,nan,nan,nan,nan,0
5142670756,5142670482,0.0020000003,6.032279e-10,0.0019999999,7.9525015e-12,nan,nan,nan,nan,nan,nan,nan,nan,0
5142674507,5142674229,0.0020000003,0.0,0.0020000006,0.0,nan,nan,nan,nan,nan,nan,nan,nan,0
5142683246,5142682975,0.0020000006,0.0,0.0020000006,0.0,nan,nan,nan,nan,nan,nan,nan,nan,0
5142684506,5142684217,0.0020000022,1.4795711e-09,0.001999997,4.7242765e-12,nan,nan,nan,nan,nan,nan,nan,nan,0
5142693230,5142692954,0.0020000022,2.41091e-09,0.0019999961,4.708095e-12,nan,nan,nan,nan,nan,nan,nan,nan,0
5142695719,5142695451,0.0020000022,1.4506237e-09,0.001999997,4.567815e-12,nan,nan,nan,nan,nan,nan,nan,nan,0
5142703220,5142702942,0.0020000006,1.1596151e-09,0.0019999992,4.5381407e-12,nan,nan,nan,nan,nan,nan,nan,nan,0
5142705711,5142705439,0.0020000003,8.687605e-10,0.0019999994,4.3544196e-12,nan,nan,nan,nan,nan,nan,nan,nan,0
5142709458,5142709184,0.0020000003,7.8161166e-10,0.0019999996,4.191784e-12,nan,nan,nan,nan,nan,nan,nan,nan,0
5142716960,5142716674,0.0019999987,1.4516216e-09,0.0020000008,3.569955e-12,nan,nan,nan,nan,nan,nan,nan,nan,0
5142719440,5142719171,0.0019999985,2.615656e-09,0.0019999994,3.688794e-12,nan,nan,nan,nan,nan,nan,nan,nan,0
5142726936,5142726662,0.0020000006,0.0,0.0020000008,0.0,nan,nan,nan,nan,nan,nan,nan,nan,0
5142730695,5142730408,0.0020000003,1.7192617e-10,0.0020000003,2.6968133e-12,nan,nan,nan,nan,nan,nan,nan,nan,0
5142736928,5142736649,0.0020000003,0.0,0.0020000003,0.0,nan,nan,nan,nan,nan,nan,nan,nan,0
5142740668,5142740395,0.0020000003,7.5558193e-10,0.0019999996,1.1176459e-12,nan,nan,nan,nan,nan,nan,nan,nan,0
5142744414,5142744141,0.0020000022,1.3967054e-09,0.001999997,2.7842312e-13,nan,nan,nan,nan,nan,nan,nan,nan,0
5142753162,5142752879,0.0019999982,3.0562803e-09,0.0019999992,2.872574e-11,nan,nan,nan,nan,nan,nan,nan,nan,0
5142754405,5142754128,0.0020000003,2.6247465e-10,0.002,2.8563655e-11,nan,nan,nan,nan,nan,nan,nan,nan,0
5142763185,5142762867,0.0020000022,2.707959e-09,0.0019999957,2.7801119e-11,nan,nan,nan,nan,nan,nan,nan,nan,0
5142765633,5142765364,0.0020000022,2.941001e-09,0.0019999957,2.7589632e-11,nan,nan,nan,nan,nan,nan,nan,nan,0
5142773136,5142772854,0.0019999985,2.1259448e-09,0.0019999999,2.7738707e-11,nan,nan,nan,nan,nan,nan,nan,nan,0
5142775627,5142775351,0.0020000006,0.0,0.0020000006,0.0,nan,nan,nan,nan,nan,nan,nan,nan,0
5142779365,5142779096,0.0020000022,2.7079252e-09,0.0019999957,2.7834911e-11,nan,nan,nan,nan,nan,nan,nan,nan,0
5142786857,5142786587,0.0019999987,2.4752467e-09,0.0019999999,2.7682665e-11,nan,nan,nan,nan,nan,nan,nan,nan,0
5142789358,5142789084,0.002,0.0,0.0020000003,0.0,nan,nan,nan,nan,nan,nan,nan,nan,0
5142796841,5142796574,0.0020000006,0.0,0.0020000006,0.0,nan,nan,nan,nan,nan,nan,nan,nan,0
5142800586,5142800320,0.0020000003,9.621043e-10,0.0019999994,2.7425923e-11,nan,nan,nan,nan,nan,nan,nan,nan,0
5142806837,5142806562,0.0019999985,1.3118424e-09,0.0020000008,2.693375e-11,nan,nan,nan,nan,nan,nan,nan,nan,0
5142810582,5142810307,0.0020000003,3.8045414e-10,0.0019999999,2.699949e-11,nan,nan,nan,nan,nan,nan,nan,nan,0
5142814349,5142814059,0.0020000003,0.0,0.0020000003,0.0,nan,nan,nan,nan,nan,nan,nan,nan,0
5142821817,5142821543,0.0020000022,3.1744911e-09,0.0019999952,2.6930298e-11,nan,nan,nan,nan,nan,nan,nan,nan,0
5142824321,5142824040,0.0020000003,0.0,0.0020000006,0.0,nan,nan,nan,nan,nan,nan,nan,nan,0
5142833056,5142832779,0.0020000003,0.0,0.0020000003,0.0,nan,nan,nan,nan,nan,nan,nan,nan,0
5142835551,5142835276,0.0020000003,2.6490554e-10,0.0019999999,2.613277e-11,nan,nan,nan,nan,nan,nan,nan,nan,0
5142843049,5142842767,0.0020000006,0.0,0.0020000006,0.0,nan,nan,nan,nan,nan,nan,nan,nan,0
5142845534,5142845263,0.0020000008,0.0,0.0020000008,0.0,nan,nan,nan,nan,nan,nan,nan,nan,0
5142849285,5142849009,0.0020000003,0.0,0.0020000003,0.0,nan,nan,nan,nan,nan,nan,nan,nan,0
5142856786,5142856500,0.0020000024,2.9437148e-09,0.0019999957,2.4875966e-11,nan,nan,nan,nan,nan,nan,nan,nan,0
5142860528,5142860245,0.0020000003,3.3059545e-11,0.0020000003,2.5148116e-11,nan,nan,nan,nan,nan,nan,nan,nan,0
5142866757,5142866487,0.0019999982,2.5357123e-09,0.0019999996,2.5424784e-11,nan,nan,nan,nan,nan,nan,nan,nan,0
5142870516,5142870234,0.0020000022,2.3600555e-09,0.0019999961,2.6458558e-11,nan,nan,nan,nan,nan,nan,nan,nan,0
5142878005,5142877723,0.0019999982,1.5444916e-09,0.0020000006,2.7115248e-11,nan,nan,nan,nan,nan,nan,nan,nan,0
5142880514,5142880220,0.002000002,1.3117376e-09,0.001999997,2.7038607e-11,nan,nan,nan,nan,nan,nan,nan,nan,0
5142884236,5142883965,0.0020000022,3.0580913e-09,0.0019999952,2.6914644e-11,nan,nan,nan,nan,nan,nan,nan,nan,0
5142892984,5142892705,0.0020000008,0.0,0.0020000008,0.0,nan,nan,nan,nan,nan,nan,nan,nan,0
5142895479,5142895201,0.0020000003,3.7973422e-10,0.0019999999,2.771942e-11,nan,nan,nan,nan,nan,nan,nan,nan,0
5142902968,5142902694,0.0020000003,0.0,0.0020000003,0.0,nan,nan,nan,nan,nan,nan,nan,nan,0
5142905461,5142905189,0.0019999985,2.2428126e-09,0.0019999999,2.7286097e-11,nan,nan,nan,nan,nan,nan,nan,nan,0
5142912986,5142912679,0.0020000006,0.0,0.0020000008,0.0,nan,nan,nan,nan,nan,nan,nan,nan,0
5142915453,5142915179,0.0020000022,2.9413265e-09,0.0019999957,2.7264163e-11,nan,nan,nan,nan,nan,nan,nan,nan,0
5142919206,5142918926,0.0020000003,0.0,0.0020000008,0.0,nan,nan,nan,nan,nan,nan,nan,nan,0
5142926681,5142926412,0.0020000008,0.0,0.0020000008,0.0,nan,nan,nan,nan,nan,nan,nan,nan,0
5142930438,5142930158,0.0020000003,6.1230726e-10,0.0019999999,2.7976996e-11,nan,nan,nan,nan,nan,nan,nan,nan,0
5142936670,5142936399,0.0020000006,0.0,0.0020000008,0.0,nan,nan,nan,nan,nan,nan,nan,nan,0
5142940425,5142940145,0.0019999985,1.3111804e-09,0.0020000008,2.7595762e-11,nan,nan,nan,nan,nan,nan,nan,nan,0
5142947934,5142947635,0.0020000003,0.0,0.0020000008,0.0,nan,nan,nan,nan,nan,nan,nan,nan,0
5142950419,5142950133,0.0020000006,0.0,0.0020000006,0.0,nan,nan,nan,nan,nan,nan,nan,nan,0
5142954151,5142953878,0.0020000006,0.0,0.0020000003,0.0,nan,nan,nan,nan,nan,nan,nan,nan,0
5142962899,5142962617,0.0020000022,1.6605849e-09,0.0019999968,2.7437302e-11,nan,nan,nan,nan,nan,nan,nan,nan,0
5142965402,5142965114,0.0020000006,0.0,0.0020000008,0.0,nan,nan,nan,nan,nan,nan,nan,nan,0
5142972879,5142972605,0.0020000003,0.0,0.0020000006,0.0,nan,nan,nan,nan,nan,nan,nan,nan,0
5142975375,5142975101,0.0020000022,1.3118393e-09,0.001999997,2.6936862e-11,nan,nan,nan,nan,nan,nan,nan,nan,0
5142982887,5142982593,0.0019999985,2.8242901e-09,0.0019999994,2.7885291e-11,nan,nan,nan,nan,nan,nan,nan,nan,0
5142985363,5142985089,0.0020000024,1.6597889e-09,0.001999997,2.8233308e-11,nan,nan,nan,nan,nan,nan,nan,nan,0
5142989106,5142988834,0.0020000006,0.0,0.0020000006,0.0,nan,nan,nan,nan,nan,nan,nan,nan,0
5142996594,5142996324,0.0020000003,1.7402617e-10,0.0020000003,5.96816e-13,nan,nan,nan,nan,nan,nan,nan,nan,0
5143000352,5143000070,0.0020000003,0.0,0.0020000006,0.0,nan,nan,nan,nan,nan,nan,nan,nan,0
5143006588,5143006312,0.0020000003,0.0,0.002,0.0,nan,nan,nan,nan,nan,nan,nan,nan,0
5143010337,5143010058,0.0020000006,1.7270288e-10,0.0020000003,1.9200978e-12,nan,nan,nan,nan,nan,nan,nan,nan,0
5143017821,5143017548,0.0020000006,0.0,0.0020000006,0.0,nan,nan,nan,nan,nan,nan,nan,nan,0
5143020323,5143020045,0.0020000022,2.6174543e-09,0.0019999957,1.8905398e-12,nan,nan,nan,nan,nan,nan,nan,nan,0
5143024075,5143023790,0.0020000003,1.2788373e-09,0.001999999,1.731261e-12,nan,nan,nan,nan,nan,nan,nan,nan,0
5143032802,5143032529,0.002,1.2209809e-09,0.001999999,1.3800506e-12,nan,nan,nan,nan,nan,nan,nan,nan,0
5143035300,5143035026,0.0020000003,3.1895359e-10,0.002,1.1885545e-12,nan,nan,nan,nan,nan,nan,nan,nan,0
5143042801,5143042526,0.0019999985,1.5709477e-09,0.0020000003,6.59188e-13,nan,nan,nan,nan,nan,nan,nan,nan,0
5143045292,5143045014,0.002000002,2.6767932e-09,0.0019999957,7.5922775e-13,nan,nan,nan,nan,nan,nan,nan,nan,0
5143052784,5143052504,0.0020000003,2.3103507e-10,0.002,1.7955793e-12,nan,nan,nan,nan,nan,nan,nan,nan,0
5143055289,5143055001,0.0019999985,2.2389361e-09,0.0019999999,2.0589e-12,nan,nan,nan,nan,nan,nan,nan,nan,0
5143059015,5143058747,0.0020000008,0.0,0.0020000008,0.0,nan,nan,nan,nan,nan,nan,nan,nan,0
5143066508,5143066237,0.0020000003,5.7903926e-10,0.0019999999,3.0373377e-12,nan,nan,nan,nan,nan,nan,nan,nan,0
5143070264,5143069982,0.002000002,3.0817457e-09,0.0019999952,3.260267e-12,nan,nan,nan,nan,nan,nan,nan,nan,0
5143076500,5143076224,0.0020000006,0.0,0.002,0.0,nan,nan,nan,nan,nan,nan,nan,nan,0
5143080245,5143079970,0.0020000006,0.0,0.0020000003,0.0,nan,nan,nan,nan,nan,nan,nan,nan,0
5143087731,5143087460,0.0020000006,0.0,0.0020000006,0.0,nan,nan,nan,nan,nan,nan,nan,nan,0
5143092733,5143092455,0.0020000003,0.0,0.0020000003,0.0,nan,nan,nan,nan,nan,nan,nan,nan,0
5143093985,5143093703,0.0019999987,2.0919353e-09,0.002,3.540607e-12,nan,nan,nan,nan,nan,nan,nan,nan,0
5143102717,5143102442,0.0020000022,1.2757719e-09,0.001999997,4.796578e-12,nan,nan,nan,nan,nan,nan,nan,nan,0
5143105214,5143104939,0.0020000003,0.0,0.0020000003,0.0,nan,nan,nan,nan,nan,nan,nan,nan,0
5143112723,5143112430,0.002000002,1.5373695e-09,0.0019999968,5.1335342e-12,nan,nan,nan,nan,nan,nan,nan,nan,0
5143115198,5143114926,0.0020000003,0.0,0.0020000003,0.0,nan,nan,nan,nan,nan,nan,nan,nan,0
5143122702,5143122417,0.0020000022,1.944466e-09,0.0019999966,5.490778e-12,nan,nan,nan,nan,nan,nan,nan,nan,0
5143126442,5143126162,0.0020000003,0.0,0.0020000008,0.0,nan,nan,nan,nan,nan,nan,nan,nan,0
5143128934,5143128659,0.0020000022,2.6720195e-09,0.0019999957,5.5329994e-12,nan,nan,nan,nan,nan,nan,nan,nan,0
5143136428,5143136150,0.0020000003,0.0,0.0020000003,0.0,nan,nan,nan,nan,nan,nan,nan,nan,0
5143140171,5143139895,0.0020000022,3.0498846e-09,0.0019999954,6.017664e-12,nan,nan,nan,nan,nan,nan,nan,nan,0
5143146408,5143146138,0.0020000006,0.0,0.0020000008,0.0,nan,nan,nan,nan,nan,nan,nan,nan,0
5143150159,5143149882,0.0020000006,0.0,0.0020000006,0.0,nan,nan,nan,nan,nan,nan,nan,nan,0
5143157653,5143157373,0.0020000022,1.4188124e-09,0.001999997,7.2753314e-12,nan,nan,nan,nan,nan,nan,nan,nan,0
5143162643,5143162367,0.0020000024,1.6807885e-09,0.0019999968,7.233665e-12,nan,nan,nan,nan,nan,nan,nan,nan,0
5143163887,5143163616,0.0019999985,2.379311e-09,0.0019999999,7.2031565e-12,nan,nan,nan,nan,nan,nan,nan,nan,0
5143172643,5143172354,0.0020000006,0.0,0.0020000008,0.0,nan,nan,nan,nan,nan,nan,nan,nan,0
5143175127,5143174851,0.0020000003,4.294791e-10,0.0019999999,7.0783587e-12,nan,nan,nan,nan,nan,nan,nan,nan,0
5143182620,5143182342,0.0020000022,2.8739224e-09,0.0019999957,7.3567576e-12,nan,nan,nan,nan,nan,nan,nan,nan,0
5143185122,5143184839,0.0020000003,6.32888e-10,0.0019999999,7.396276e-12,nan,nan,nan,nan,nan,nan,nan,nan,0
5143192602,5143192330,0.0020000003,2.1992312e-11,0.0020000003,7.111518e-12,nan,nan,nan,nan,nan,nan,nan,nan,0
5143196364,5143196075,0.0020000022,1.361059e-09,0.001999997,6.8210316e-12,nan,nan,nan,nan,nan,nan,nan,nan,0
5143198842,5143198571,0.0019999985,1.2738265e-09,0.002000001,6.742027e-12,nan,nan,nan,nan,nan,nan,nan,nan,0
5143206348,5143206062,0.0020000006,0.0,0.0020000006,0.0,nan,nan,nan,nan,nan,nan,nan,nan,0
5143210088,5143209807,0.0020000003,6.913559e-10,0.0019999996,7.136019e-12,nan,nan,nan,nan,nan,nan,nan,nan,0
5143216379,5143216054,0.0020000003,6.3345845e-10,0.0019999999,6.825821e-12,nan,nan,nan,nan,nan,nan,nan,nan,0
5143220073,5143219795,0.0020000006,0.0,0.0020000006,0.0,nan,nan,nan,nan,nan,nan,nan,nan,0
5143227563,5143227286,0.0020000003,4.3040882e-10,0.0019999999,6.1486337e-12,nan,nan,nan,nan,nan,nan,nan,nan,0
5143232559,5143232279,0.0020000024,1.6817248e-09,0.001999997,6.297419e-12,nan,nan,nan,nan,nan,nan,nan,nan,0
5143235047,5143234776,0.0020000003,0.0,0.0020000003,0.0,nan,nan,nan,nan,nan,nan,nan,nan,0
5143241295,5143241018,0.0019999985,1.4197296e-09,0.0020000008,6.3581605e-12,nan,nan,nan,nan,nan,nan,nan,nan,0
5143245037,5143244763,0.0020000003,2.231164e-11,0.0020000003,6.79219e-12,nan,nan,nan,nan,nan,nan,nan,nan,0
5143252545,5143252254,0.0020000003,1.1561381e-09,0.001999999,8.015194e-12,nan,nan,nan,nan,nan,nan,nan,nan,0
5143255026,5143254751,0.0020000022,2.6983358e-09,0.0019999957,8.3204e-12,nan,nan,nan,nan,nan,nan,nan,nan,0
5143262520,5143262242,0.0019999985,1.6496936e-09,0.0020000008,9.224708e-12,nan,nan,nan,nan,nan,nan,nan,nan,0
5143266262,5143265987,0.0020000003,5.1443116e-10,0.0019999999,9.437772e-12,nan,nan,nan,nan,nan,nan,nan,nan,0
5143270012,5143269733,0.0020000024,1.6783239e-09,0.001999997,9.698296e-12,nan,nan,nan,nan,nan,nan,nan,nan,0
5143276261,5143275975,0.0020000003,0.0,0.0020000003,0.0,nan,nan,nan,nan,nan,nan,nan,nan,0
5143279996,5143279720,0.0020000022,1.5611371e-09,0.0019999968,1.0469769e-11,nan,nan,nan,nan,nan,nan,nan,nan,0
5143287498,5143287211,0.0019999985,1.4742305e-09,0.0020000008,1.006489e-11,nan,nan,nan,nan,nan,nan,nan,nan,0
5143289981,5143289707,0.0020000006,0.0,0.0020000003,0.0,nan,nan,nan,nan,nan,nan,nan,nan,0
5143297472,5143297199,0.0020000022,1.7082058e-09,0.0019999968,8.920158e-12,nan,nan,nan,nan,nan,nan,nan,nan,0
5143302474,5143302192,0.0020000006,0.0,0.0020000008,0.0,nan,nan,nan,nan,nan,nan,nan,nan,0
5143304971,5143304688,0.0020000003,7.473882e-10,0.0019999994,9.311409e-12,nan,nan,nan,nan,nan,nan,nan,nan,0
5143312455,5143312179,0.002000002,1.5912318e-09,0.0019999968,9.478859e-12,nan,nan,nan,nan,nan,nan,nan,nan,0
5143314948,5143314679,0.0020000006,0.0,0.0020000006,0.0,nan,nan,nan,nan,nan,nan,nan,nan,0
5143322455,5143322167,0.0020000006,1.9479524e-10,0.0020000003,8.931583e-12,nan,nan,nan,nan,nan,nan,nan,nan,0
5143324947,5143324663,0.0019999985,1.911858e-09,0.0020000003,8.99477e-12,nan,nan,nan,nan,nan,nan,nan,nan,0
5143332436,5143332161,0.0019999985,2.7265221e-09,0.0019999994,9.238036e-12,nan,nan,nan,nan,nan,nan,nan,nan,0
5143336166,5143335900,0.0019999985,1.7950001e-09,0.0020000003,9.437295e-12,nan,nan,nan,nan,nan,nan,nan,nan,0
5143339935,5143339645,0.0020000006,0.0,0.0020000006,0.0,nan,nan,nan,nan,nan,nan,nan,nan,0
5143346157,5143345887,0.0019999985,1.2998962e-09,0.0020000008,9.7761625e-12,nan,nan,nan,nan,nan,nan,nan,nan,0
5143349902,5143349632,0.0020000003,1.9358425e-10,0.0020000003,1.0142564e-11,nan,nan,nan,nan,nan,nan,nan,nan,0
5143357407,5143357123,0.0020000003,6.0039795e-10,0.0019999999,1.0782512e-11,nan,nan,nan,nan,nan,nan,nan,nan,0
5143359890,5143359620,0.0020000022,1.5024753e-09,0.0019999968,1.09239215e-11,nan,nan,nan,nan,nan,nan,nan,nan,0
5143367388,5143367111,0.0019999985,3.1033587e-09,0.0019999992,1.0751072e-11,nan,nan,nan,nan,nan,nan,nan,nan,0
5143372377,5143372104,0.0020000003,4.2655895e-10,0.0019999999,9.998514e-12,nan,nan,nan,nan,nan,nan,nan,nan,0
5143374882,5143374608,0.0020000003,0.0,0.0020000003,0.0,nan,nan,nan,nan,nan,nan,nan,nan,0
5143382368,5143382092,0.0020000003,0.0,0.0020000003,0.0,nan,nan,nan,nan,nan,nan,nan,nan,0
5143384875,5143384589,0.0020000006,0.0,0.0020000006,0.0,nan,nan,nan,nan,nan,nan,nan,nan,0
5143392360,5143392081,0.0020000003,5.7247235e-10,0.0019999999,9.604257e-12,nan,nan,nan,nan,nan,nan,nan,nan,0
5143394842,5143394576,0.0020000006,0.0,0.0020000006,0.0,nan,nan,nan,nan,nan,nan,nan,nan,0
5143402350,5143402067,0.0020000003,9.2095276e-10,0.0019999994,1.0369814e-11,nan,nan,nan,nan,nan,nan,nan,nan,0
5143406087,5143405812,0.0020000003,2.5166622e-10,0.002,1.0268255e-11,nan,nan,nan,nan,nan,nan,nan,nan,0
5143409828,5143409558,0.0020000022,1.386659e-09,0.001999997,1.0324826e-11,nan,nan,nan,nan,nan,nan,nan,nan,0
5143416068,5143415800,0.0020000006,0.0,0.0020000006,0.0,nan,nan,nan,nan,nan,nan,nan,nan,0
5143419813,5143419545,0.0020000022,2.2888853e-09,0.0019999961,1.0317351e-11,nan,nan,nan,nan,nan,nan,nan,nan,0
5143427316,5143427035,0.0020000024,1.2699307e-09,0.0019999973,1.0637782e-11,nan,nan,nan,nan,nan,nan,nan,nan,0
5143429814,5143429532,0.0020000003,4.5499515e-10,0.0019999999,1.0666143e-11,nan,nan,nan,nan,nan,nan,nan,nan,0
5143437303,5143437023,0.0020000003,1.349199e-10,0.0020000003,1.0599261e-11,nan,nan,nan,nan,nan,nan,nan,nan,0
5143442305,5143442017,0.0020000022,2.5508669e-09,0.0019999961,1.0270177e-11,nan,nan,nan,nan,nan,nan,nan,nan,0
5143444779,5143444514,0.0020000022,2.347145e-09,0.0019999961,1.0265271e-11,nan,nan,nan,nan,nan,nan,nan,nan,0
5143452294,5143452005,0.0020000003,0.0,0.0020000003,0.0,nan,nan,nan,nan,nan,nan,nan,nan,0
5143454772,5143454501,0.0020000003,0.0,0.0020000008,0.0,nan,nan,nan,nan,nan,nan,nan,nan,0
5143462290,5143462000,0.0020000006,1.1235628e-09,0.0019999994,1.1486539e-11,nan,nan,nan,nan,nan,nan,nan,nan,0
5143466017,5143465737,0.0020000003,1.2398397e-09,0.001999999,1.1625085e-11,nan,nan,nan,nan,nan,nan,nan,nan,0
5143472265,5143471980,0.0020000022,1.3561742e-09,0.001999997,1.1705805e-11,nan,nan,nan,nan,nan,nan,nan,nan,0
5143475995,5143475724,0.002000002,1.2978131e-09,0.001999997,1.18592376e-11,nan,nan,nan,nan,nan,nan,nan,nan,0
5143479740,5143479470,0.0020000006,6.574297e-10,0.0019999996,1.1958386e-11,nan,nan,nan,nan,nan,nan,nan,nan,0
5143485981,5143485713,0.0020000003,0.0,0.0020000003,0.0,nan,nan,nan,nan,nan,nan,nan,nan,0
5143489731,5143489457,0.0020000022,1.4131768e-09,0.001999997,1.2910903e-11,nan,nan,nan,nan,nan,nan,nan,nan,0
5143497222,5143496948,0.0020000024,1.7033349e-09,0.001999997,1.379105e-11,nan,nan,nan,nan,nan,nan,nan,nan,0
5143502216,5143501945,0.0020000006,0.0,0.0020000006,0.0,nan,nan,nan,nan,nan,nan,nan,nan,0
5143507227,5143506936,0.0020000022,1.528019e-09,0.0019999968,1.4483919e-11,nan,nan,nan,nan,nan,nan,nan,nan,0
5143512204,5143511929,0.002,2.478954e-10,0.0019999999,1.4039077e-11,nan,nan,nan,nan,nan,nan,nan,nan,0
5143514695,5143514426,0.0020000003,2.480038e-10,0.002,1.39306535e-11,nan,nan,nan,nan,nan,nan,nan,nan,0
5143523441,5143523166,0.0019999985,1.353608e-09,0.0020000008,1.4272042e-11,nan,nan,nan,nan,nan,nan,nan,nan,0
5143524688,5143524414,0.0020000008,0.0,0.0020000008,0.0,nan,nan,nan,nan,nan,nan,nan,nan,0
5143532177,5143531905,0.0020000003,0.0,0.0020000006,0.0,nan,nan,nan,nan,nan,nan,nan,nan,0
5143535930,5143535649,0.0020000003,7.413819e-11,0.0020000003,1.31733045e-11,nan,nan,nan,nan,nan,nan,nan,nan,0
5143542166,5143541892,0.0020000022,2.9846676e-09,0.0019999957,1.30268175e-11,nan,nan,nan,nan,nan,nan,nan,nan,0
5143545902,5143545637,0.0020000003,5.6887106e-10,0.0019999999,1.3205534e-11,nan,nan,nan,nan,nan,nan,nan,nan,0
5143549697,5143549383,0.0020000003,9.468701e-10,0.0019999994,1.3556278e-11,nan,nan,nan,nan,nan,nan,nan,nan,0
5143555901,5143555624,0.0020000006,0.0,0.0020000006,0.0,nan,nan,nan,nan,nan,nan,nan,nan,0
5143559642,5143559370,0.0020000003,0.0,0.0020000003,0.0,nan,nan,nan,nan,nan,nan,nan,nan,0
5143567135,5143566861,0.0020000006,0.0,0.0020000006,0.0,nan,nan,nan,nan,nan,nan,nan,nan,0
5143572141,5143571855,0.002,3.064393e-10,0.0019999999,1.3702844e-11,nan,nan,nan,nan,nan,nan,nan,nan,0
5143577129,5143576848,0.0019999985,1.4416571e-09,0.0020000008,1.3534427e-11,nan,nan,nan,nan,nan,nan,nan,nan,0
5143580890,5143580593,0.0019999985,1.8784814e-09,0.0020000003,1.32676595e-11,nan,nan,nan,nan,nan,nan,nan,nan,0
5143584607,5143584338,0.0020000008,0.0,0.0020000008,0.0,nan,nan,nan,nan,nan,nan,nan,nan,0
5143593357,5143593078,0.0020000003,6.57156e-10,0.0019999999,1.2232116e-11,nan,nan,nan,nan,nan,nan,nan,nan,0
5143594607,5143594332,0.0020000003,0.0,0.0020000006,0.0,nan,nan,nan,nan,nan,nan,nan,nan,0
5143602108,5143601825,0.0020000003,0.0,0.0020000003,0.0,nan,nan,nan,nan,nan,nan,nan,nan,0
5143605840,5143605562,0.0019999985,2.928834e-09,0.0019999994,1.0652897e-11,nan,nan,nan,nan,nan,nan,nan,nan,0
5143612106,5143611805,0.0020000006,0.0,0.0020000003,0.0,nan,nan,nan,nan,nan,nan,nan,nan,0
5143615821,5143615550,0.0020000003,0.0,0.0020000003,0.0,nan,nan,nan,nan,nan,nan,nan,nan,0
5143619563,5143619295,0.0020000006,0.0,0.0020000006,0.0,nan,nan,nan,nan,nan,nan,nan,nan,0
5143625807,5143625537,0.0020000003,1.0091527e-09,0.0019999994,9.481374e-12,nan,nan,nan,nan,nan,nan,nan,nan,0
5143629559,5143629283,0.0020000022,2.6969784e-09,0.0019999957,9.677724e-12,nan,nan,nan,nan,nan,nan,nan,nan,0
5143637051,5143636773,0.0020000003,0.0,0.0020000003,0.0,nan,nan,nan,nan,nan,nan,nan,nan,0
5143642053,5143641767,0.002,7.740489e-10,0.0019999994,1.1754542e-11,nan,nan,nan,nan,nan,nan,nan,nan,0
5143647042,5143646760,0.0020000008,0.0,0.0020000008,0.0,nan,nan,nan,nan,nan,nan,nan,nan,0
5143652042,5143651755,0.0020000006,0.0,0.0020000006,0.0,nan,nan,nan,nan,nan,nan,nan,nan,0
5143654526,5143654252,0.0020000003,0.0,0.0020000003,0.0,nan,nan,nan,nan,nan,nan,nan,nan,0
5143662017,5143661742,0.0020000022,2.5184095e-09,0.0019999961,1.36238555e-11,nan,nan,nan,nan,nan,nan,nan,nan,0
5143664522,5143664238,0.0020000006,0.0,0.0020000006,0.0,nan,nan,nan,nan,nan,nan,nan,nan,0
5143673262,5143672979,0.0019999987,0.0,0.001999999,0.0,nan,nan,nan,nan,nan,nan,nan,nan,0
5143675745,5143675474,0.0020000024,1.6463203e-09,0.0019999968,1.2598068e-11,nan,nan,nan,nan,nan,nan,nan,nan,0
5143681989,5143681718,0.0020000003,0.0,0.0020000006,0.0,nan,nan,nan,nan,nan,nan,nan,nan,0
5143685737,5143685462,0.0020000003,7.460374e-10,0.0019999996,1.0662185e-11,nan,nan,nan,nan,nan,nan,nan,nan,0
5143689484,5143689208,0.0020000003,0.0,0.002,0.0,nan,nan,nan,nan,nan,nan,nan,nan,0
5143696992,5143696698,0.0020000003,0.0,0.0020000003,0.0,nan,nan,nan,nan,nan,nan,nan,nan,0
5143699471,5143699195,0.0020000006,0.0,0.0020000006,0.0,nan,nan,nan,nan,nan,nan,nan,nan,0
5143706967,5143706685,0.002000002,2.5810554e-09,0.001999996,9.185637e-12,nan,nan,nan,nan,nan,nan,nan,nan,0
5143710714,5143710432,0.0020000003,1.9635146e-11,0.0020000003,9.4686845e-12,nan,nan,nan,nan,nan,nan,nan,nan,0
5143716955,5143716673,0.0020000022,2.4647995e-09,0.0019999961,9.02603e-12,nan,nan,nan,nan,nan,nan,nan,nan,0
5143721942,5143721667,0.002,7.1884876e-10,0.0019999996,8.747001e-12,nan,nan,nan,nan,nan,nan,nan,nan,0
5143724433,5143724163,0.0020000003,9.519956e-10,0.0019999994,8.430812e-12,nan,nan,nan,nan,nan,nan,nan,nan,0
5143731939,5143731655,0.0019999985,2.7567975e-09,0.0019999994,8.066383e-12,nan,nan,nan,nan,nan,nan,nan,nan,0
5143734430,5143734151,0.0020000003,9.818825e-10,0.0019999994,7.64777e-12,nan,nan,nan,nan,nan,nan,nan,nan,0
5143741924,5143741642,0.0020000003,4.878833e-10,0.0019999999,6.881818e-12,nan,nan,nan,nan,nan,nan,nan,nan,0
5143745655,5143745387,0.002000002,3.049735e-09,0.0019999954,6.1672507e-12,nan,nan,nan,nan,nan,nan,nan,nan,0
5143751906,5143751630,0.0020000003,2.848104e-10,0.0019999999,6.2279175e-12,nan,nan,nan,nan,nan,nan,nan,nan,0
5143755653,5143755375,0.0020000003,0.0,0.0020000003,2.9608616e-12,nan,nan,nan,nan,nan,nan,nan,nan,0
5143759399,5143759120,0.0020000006,0.0,0.0020000006,0.0,nan,nan,nan,nan,nan,nan,nan,nan,0
5143766882,5143766610,0.0020000024,1.2748866e-09,0.0019999973,5.68187e-12,nan,nan,nan,nan,nan,nan,nan,nan,0
5143769393,5143769108,0.0020000006,5.763509e-10,0.0019999999,5.7257168e-12,nan,nan,nan,nan,nan,nan,nan,nan,0
5143776877,5143776598,0.0019999982,1.5078048e-09,0.0020000006,5.594426e-12,nan,nan,nan,nan,nan,nan,nan,nan,0
5143780612,5143780343,0.002,2.2698743e-10,0.002,5.843213e-12,nan,nan,nan,nan,nan,nan,nan,nan,0
5143786859,5143786586,0.0020000003,0.0,0.0020000003,0.0,nan,nan,nan,nan,nan,nan,nan,nan,0
5143791898,5143791579,0.0020000006,0.0,0.0020000006,0.0,nan,nan,nan,nan,nan,nan,nan,nan,0
5143794353,5143794076,0.0020000006,0.0,0.0020000006,0.0,nan,nan,nan,nan,nan,nan,nan,nan,0
5143801843,5143801567,0.0020000022,2.090781e-09,0.0019999964,4.694755e-12,nan,nan,nan,nan,nan,nan,nan,nan,0
5143804339,5143804063,0.0020000003,0.0,0.0020000003,0.0,nan,nan,nan,nan,nan,nan,nan,nan,0
5143811850,5143811555,0.0020000003,0.0,0.0020000003,0.0,nan,nan,nan,nan,nan,nan,nan,nan,0
5143815570,5143815300,0.0020000003,0.0,0.0020000003,0.0,nan,nan,nan,nan,nan,nan,nan,nan,0
5143821813,5143821542,0.0020000006,0.0,0.0020000006,0.0,nan,nan,nan,nan,nan,nan,nan,nan,0
5143825555,5143825287,0.002,6.9432676e-10,0.0019999994,4.165184e-12,nan,nan,nan,nan,nan,nan,nan,nan,0
5143829316,5143829032,0.0020000006,0.0,0.0020000006,0.0,nan,nan,nan,nan,nan,nan,nan,nan,0
5143836806,5143836523,0.0020000022,3.140044e-09,0.0019999952,3.1697752e-12,nan,nan,nan,nan,nan,nan,nan,nan,0
5143841794,5143841517,0.0020000022,2.5581528e-09,0.0019999957,2.9842448e-12,nan,nan,nan,nan,nan,nan,nan,nan,0
5143846790,5143846511,0.0019999985,2.6163296e-09,0.0019999994,3.0152096e-12,nan,nan,nan,nan,nan,nan,nan,nan,0
5143851779,5143851504,0.0020000006,0.0,0.0020000006,0.0,nan,nan,nan,nan,nan,nan,nan,nan,0
5143858014,5143857746,0.0020000006,0.0,0.0020000006,0.0,nan,nan,nan,nan,nan,nan,nan,nan,0
5143860518,5143860243,0.0020000003,2.5838487e-10,0.002,3.5496103e-12,nan,nan,nan,nan,nan,nan,nan,nan,0
5143864274,5143863989,0.0020000006,0.0,0.002,0.0,nan,nan,nan,nan,nan,nan,nan,nan,0
5143871760,5143871486,0.0020000006,0.0,0.0020000006,0.0,nan,nan,nan,nan,nan,nan,nan,nan,0
5143875503,5143875225,0.0020000003,9.28213e-10,0.0019999994,3.109556e-12,nan,nan,nan,nan,nan,nan,nan,nan,0
5143881739,5143881467,0.0020000003,2.876182e-10,0.0019999999,3.420094e-12,nan,nan,nan,nan,nan,nan,nan,nan,0
5143885505,5143885213,0.0020000022,2.4416404e-09,0.0019999961,3.0812176e-12,nan,nan,nan,nan,nan,nan,nan,nan,0
5143892990,5143892703,0.0020000003,0.0,0.002,0.0,nan,nan,nan,nan,nan,nan,nan,nan,0
5143895468,5143895199,0.0020000003,8.119702e-10,0.0019999994,2.9370447e-12,nan,nan,nan,nan,nan,nan,nan,nan,0
5143899214,5143898945,0.0020000003,9.2793634e-10,0.0019999994,3.3862444e-12,nan,nan,nan,nan,nan,nan,nan,nan,0
5143906710,5143906436,0.0020000003,9.280594e-10,0.0019999994,3.2631953e-12,nan,nan,nan,nan,nan,nan,nan,nan,0
5143910474,5143910181,0.002000002,3.0816314e-09,0.0019999952,3.3745229e-12,nan,nan,nan,nan,nan,nan,nan,nan,0
5143916702,5143916423,0.0020000003,2.8736277e-10,0.002,3.6755234e-12,nan,nan,nan,nan,nan,nan,nan,nan,0
5143921691,5143921419,0.0020000003,0.0,0.0020000003,0.0,nan,nan,nan,nan,nan,nan,nan,nan,0
5143927942,5143927659,0.002,7.525654e-10,0.0019999994,4.134167e-12,nan,nan,nan,nan,nan,nan,nan,nan,0
5143931682,5143931404,0.0020000006,0.0,0.0020000006,0.0,nan,nan,nan,nan,nan,nan,nan,nan,0
5143934173,5143933901,0.0020000003,0.0,0.0020000003,0.0,nan,nan,nan,nan,nan,nan,nan,nan,0
5143941674,5143941394,0.0020000006,1.7116852e-10,0.002,3.4544659e-12,nan,nan,nan,nan,nan,nan,nan,nan,0
5143945423,5143945137,0.0020000003,7.5276996e-10,0.0019999996,3.929612e-12,nan,nan,nan,nan,nan,nan,nan,nan,0
5143951655,5143951379,0.0019999985,2.2650253e-09,0.0019999999,5.073497e-12,nan,nan,nan,nan,nan,nan,nan,nan,0
5143955397,5143955125,0.0020000022,1.4209646e-09,0.001999997,5.1230756e-12,nan,nan,nan,nan,nan,nan,nan,nan,0
5143962904,5143962615,0.0020000024,1.7411166e-09,0.0019999968,5.11325e-12,nan,nan,nan,nan,nan,nan,nan,nan,0
5143965384,5143965112,0.002,3.4415595e-10,0.0019999999,5.0900135e-12,nan,nan,nan,nan,nan,nan,nan,nan,0
5143969134,5143968857,0.0020000003,5.767216e-10,0.0019999999,5.354977e-12,nan,nan,nan,nan,nan,nan,nan,nan,0
5143976622,5143976348,0.0020000024,1.7408107e-09,0.0019999968,5.41908e-12,nan,nan,nan,nan,nan,nan,nan,nan,0
5143980378,5143980094,0.0020000024,2.9631655e-09,0.0019999957,5.425221e-12,nan,nan,nan,nan,nan,nan,nan,nan,0
5143986613,5143986336,0.0020000006,1.1298765e-09,0.0019999994,5.1728812e-12,nan,nan,nan,nan,nan,nan,nan,nan,0
5143991606,5143991330,0.0020000006,0.0,0.0020000006,0.0,nan,nan,nan,nan,nan,nan,nan,nan,0
5143997842,5143997571,0.0020000003,0.0,0.0020000006,0.0,nan,nan,nan,nan,nan,nan,nan,nan,0
5144001595,5144001317,0.0020000024,2.9042757e-09,0.0019999957,6.107342e-12,nan,nan,nan,nan,nan,nan,nan,nan,0
5144004087,5144003813,0.0020000022,2.4966518e-09,0.0019999961,6.2776555e-12,nan,nan,nan,nan,nan,nan,nan,nan,0
5144011585,5144011304,0.0020000003,8.0874124e-10,0.0019999994,6.165995e-12,nan,nan,nan,nan,nan,nan,nan,nan,0
5144015323,5144015049,0.0020000003,0.0,0.0020000003,0.0,nan,nan,nan,nan,nan,nan,nan,nan,0
5144021574,5144021292,0.0020000024,1.7112809e-09,0.0019999968,5.8451386e-12,nan,nan,nan,nan,nan,nan,nan,nan,0
5144025314,5144025037,0.0020000003,1.9781976e-10,0.0020000003,5.907049e-12,nan,nan,nan,nan,nan,nan,nan,nan,0
5144032806,5144032528,0.0020000022,1.4785086e-09,0.001999997,5.7866906e-12,nan,nan,nan,nan,nan,nan,nan,nan,0
5144035307,5144035026,0.0020000024,1.7115588e-09,0.0019999968,5.56721e-12,nan,nan,nan,nan,nan,nan,nan,nan,0
5144039049,5144038770,0.0020000006,0.0,0.0020000006,0.0,nan,nan,nan,nan,nan,nan,nan,nan,0
5144046543,5144046265,0.0020000024,2.498262e-09,0.0019999961,4.6674383e-12,nan,nan,nan,nan,nan,nan,nan,nan,0
5144051534,5144051255,0.0020000006,0.0,0.0020000006,0.0,nan,nan,nan,nan,nan,nan,nan,nan,0
5144056526,5144056248,0.0019999985,2.7894185e-09,0.0019999994,4.549217e-12,nan,nan,nan,nan,nan,nan,nan,nan,0
5144061525,5144061242,0.0020000003,1.0432833e-09,0.0019999994,4.4545877e-12,nan,nan,nan,nan,nan,nan,nan,nan,0
5144067751,5144067484,0.0020000006,0.0,0.0020000006,0.0,nan,nan,nan,nan,nan,nan,nan,nan,0
5144071517,5144071229,0.0020000022,3.021943e-09,0.0019999954,4.8553488e-12,nan,nan,nan,nan,nan,nan,nan,nan,0
5144074006,5144073726,0.002000002,2.235891e-09,0.0019999961,5.1039208e-12,nan,nan,nan,nan,nan,nan,nan,nan,0
5144081491,5144081218,0.0020000003,1.2165249e-09,0.001999999,5.835967e-12,nan,nan,nan,nan,nan,nan,nan,nan,0
5144085230,5144084962,0.0020000022,3.0497789e-09,0.0019999952,6.1232356e-12,nan,nan,nan,nan,nan,nan,nan,nan,0
5144091481,5144091205,0.0020000003,0.0,0.0020000003,3.3897381e-12,nan,nan,nan,nan,nan,nan,nan,nan,0
5144095219,5144094949,0.0020000003,3.712115e-10,0.0019999999,7.138283e-12,nan,nan,nan,nan,nan,nan,nan,nan,0
5144102711,5144102440,0.0020000024,1.2145289e-09,0.0019999975,7.831907e-12,nan,nan,nan,nan,nan,nan,nan,nan,0
5144106470,5144106186,0.0019999987,1.738128e-09,0.0020000006,8.101892e-12,nan,nan,nan,nan,nan,nan,nan,nan,0
5144108960,5144108682,0.0019999985,1.272208e-09,0.0020000008,8.360576e-12,nan,nan,nan,nan,nan,nan,nan,nan,0
5144116449,5144116173,0.0020000003,9.518211e-10,0.0019999994,8.605297e-12,nan,nan,nan,nan,nan,nan,nan,nan,0
5144120195,5144119918,0.0020000022,1.2715942e-09,0.001999997,8.974417e-12,nan,nan,nan,nan,nan,nan,nan,nan,0
5144126435,5144126161,0.0020000006,0.0,0.002,0.0,nan,nan,nan,nan,nan,nan,nan,nan,0
5144131434,5144131156,0.0020000003,0.0,0.0020000003,0.0,nan,nan,nan,nan,nan,nan,nan,nan,0
5144137675,5144137397,0.0020000003,9.797212e-10,0.0019999994,9.808987e-12,nan,nan,nan,nan,nan,nan,nan,nan,0
5144141428,5144141142,0.002,1.1837904e-09,0.001999999,9.466636e-12,nan,nan,nan,nan,nan,nan,nan,nan,0
5144143920,5144143639,0.0020000022,1.8244563e-09,0.0019999966,9.085092e-12,nan,nan,nan,nan,nan,nan,nan,nan,0
5144151404,5144151130,0.0019999985,1.2139674e-09,0.002000001,8.393538e-12,nan,nan,nan,nan,nan,nan,nan,nan,0
5144155156,5144154874,0.0020000003,1.2431973e-09,0.001999999,8.26738e-12,nan,nan,nan,nan,nan,nan,nan,nan,0
5144161391,5144161117,0.0020000003,1.068378e-09,0.0019999994,8.463719e-12,nan,nan,nan,nan,nan,nan,nan,nan,0
5144165138,5144164862,0.0020000003,7.1861694e-10,0.0019999994,8.978811e-12,nan,nan,nan,nan,nan,nan,nan,nan,0
5144172629,5144172353,0.0020000003,4.5561852e-10,0.0019999999,1.0042784e-11,nan,nan,nan,nan,nan,nan,nan,nan,0
5144176371,5144176098,0.002,2.2258126e-10,0.002,1.0249383e-11,nan,nan,nan,nan,nan,nan,nan,nan,0
5144178868,5144178595,0.0020000006,0.0,0.0020000006,0.0,nan,nan,nan,nan,nan,nan,nan,nan,0
5144186361,5144186086,0.0020000022,2.6093847e-09,0.0019999957,9.9599565e-12,nan,nan,nan,nan,nan,nan,nan,nan,0
5144191363,5144191079,0.0020000006,0.0,0.0020000006,0.0,nan,nan,nan,nan,nan,nan,nan,nan,0
5144196358,5144196073,0.0020000022,1.9117021e-09,0.0019999966,9.150692e-12,nan,nan,nan,nan,nan,nan,nan,nan,0
5144201348,5144201067,0.0020000003,1.0094248e-09,0.0019999994,9.2093295e-12,nan,nan,nan,nan,nan,nan,nan,nan,0
5144207578,5144207309,0.0020000006,0.0,0.0020000008,0.0,nan,nan,nan,nan,nan,nan,nan,nan,0
5144211337,5144211054,0.0020000024,1.9122628e-09,0.0019999966,8.589981e-12,nan,nan,nan,nan,nan,nan,nan,nan,0
5144213826,5144213551,0.0020000003,1.0683073e-09,0.0019999994,8.534434e-12,nan,nan,nan,nan,nan,nan,nan,nan,0
5144221354,5144221042,0.0019999987,2.523479e-09,0.0019999999,8.554274e-12,nan,nan,nan,nan,nan,nan,nan,nan,0
5144225057,5144224787,0.0020000003,0.0,0.0020000003,0.0,nan,nan,nan,nan,nan,nan,nan,nan,0
5144231320,5144231032,0.0020000003,3.9866555e-10,0.0019999999,8.788095e-12,nan,nan,nan,nan,nan,nan,nan,nan,0
5144235046,5144234774,0.0019999987,1.242718e-09,0.002000001,8.746651e-12,nan,nan,nan,nan,nan,nan,nan,nan,0
5144242548,5144242265,0.0019999985,2.0523387e-11,0.0020000003,8.580444e-12,nan,nan,nan,nan,nan,nan,nan,nan,0
5144246308,5144246011,0.0019999987,1.9527985e-10,0.0020000003,8.44696e-12,nan,nan,nan,nan,nan,nan,nan,nan,0
5144251285,5144251004,0.0019999985,2.0872515e-09,0.002,8.224229e-12,nan,nan,nan,nan,nan,nan,nan,nan,0
5144256283,5144255998,0.0019999987,1.243459e-09,0.0020000013,8.005719e-12,nan,nan,nan,nan,nan,nan,nan,nan,0
5144261271,5144260992,0.0019999985,2.2910116e-09,0.0019999999,8.191e-12,nan,nan,nan,nan,nan,nan,nan,nan,0
5144267515,5144267234,0.0020000006,0.0,0.0020000008,0.0,nan,nan,nan,nan,nan,nan,nan,nan,0
5144270003,5144269731,0.0020000022,1.6787229e-09,0.0019999968,9.299204e-12,nan,nan,nan,nan,nan,nan,nan,nan,0
5144277500,5144277222,0.0020000022,1.7655463e-09,0.0019999966,9.7873775e-12,nan,nan,nan,nan,nan,nan,nan,nan,0
5144281239,5144280967,0.0020000006,0.0,0.0020000006,0.0,nan,nan,nan,nan,nan,nan,nan,nan,0
5144285001,5144284712,0.0020000008,0.0,0.0020000008,0.0,nan,nan,nan,nan,nan,nan,nan,nan,0
5144291236,5144290955,0.0020000006,0.0,0.0020000006,0.0,nan,nan,nan,nan,nan,nan,nan,nan,0
5144294969,5144294700,0.0019999985,2.5224633e-09,0.0019999999,9.569925e-12,nan,nan,nan,nan,nan,nan,nan,nan,0
5144302470,5144302191,0.0020000003,0.0,0.0020000003,0.0,nan,nan,nan,nan,nan,nan,nan,nan,0
5144304964,5144304687,0.0020000008,0.0,0.0020000008,0.0,nan,nan,nan,nan,nan,nan,nan,nan,0
5144312450,5144312178,0.0020000022,2.2599658e-09,0.0019999961,1.0133002e-11,nan,nan,nan,nan,nan,nan,nan,nan,0
5144316199,5144315923,0.0020000006,0.0,0.0020000003,0.0,nan,nan,nan,nan,nan,nan,nan,nan,0
5144319942,5144319668,0.0020000006,0.0,0.0020000008,0.0,nan,nan,nan,nan,nan,nan,nan,nan,0
5144326186,5144325911,0.0020000008,0.0,0.0020000003,0.0,nan,nan,nan,nan,nan,nan,nan,nan,0
5144331182,5144330904,0.0020000006,0.0,0.0020000006,0.0,nan,nan,nan,nan,nan,nan,nan,nan,0
5144337425,5144337146,0.0020000006,6.8865874e-10,0.0019999999,9.833195e-12,nan,nan,nan,nan,nan,nan,nan,nan,0
5144341175,5144340897,0.0019999985,1.7951837e-09,0.0019999985,9.2538425e-12,nan,nan,nan,nan,nan,nan,nan,nan,0
5144347408,5144347134,0.0019999985,1.5920744e-09,0.0020000003,8.636335e-12,nan,nan,nan,nan,nan,nan,nan,nan,0
5144351156,5144350879,0.0020000022,1.330225e-09,0.001999997,8.5511286e-12,nan,nan,nan,nan,nan,nan,nan,nan,0
5144354901,5144354625,0.002,7.773327e-10,0.0019999994,8.47074e-12,nan,nan,nan,nan,nan,nan,nan,nan,0
5144361138,5144360867,0.0020000006,0.0,0.0020000006,0.0,nan,nan,nan,nan,nan,nan,nan,nan,0
5144364882,5144364612,0.0020000003,4.2703913e-10,0.0019999999,9.518341e-12,nan,nan,nan,nan,nan,nan,nan,nan,0
5144372405,5144372103,0.0020000022,3.0160616e-09,0.0019999957,1.07368454e-11,nan,nan,nan,nan,nan,nan,nan,nan,0
5144374881,5144374599,0.0020000006,0.0,0.0020000008,0.0,nan,nan,nan,nan,nan,nan,nan,nan,0
5144382360,5144382090,0.0019999985,2.3458557e-09,0.0019999999,1.1554504e-11,nan,nan,nan,nan,nan,nan,nan,nan,0
5144386113,5144385835,0.002,1.2977226e-09,0.001999999,1.1949776e-11,nan,nan,nan,nan,nan,nan,nan,nan,0
5144391110,5144390834,0.0020000003,5.403043e-10,0.0019999999,1.2668462e-11,nan,nan,nan,nan,nan,nan,nan,nan,0
5144396101,5144395823,0.0020000003,0.0,0.0020000003,0.0,nan,nan,nan,nan,nan,nan,nan,nan,0
5144399834,5144399568,0.0020000006,0.0,0.0020000006,0.0,nan,nan,nan,nan,nan,nan,nan,nan,0
5144407353,5144407059,0.0019999985,0.0,0.0020000003,0.0,nan,nan,nan,nan,nan,nan,nan,nan,0
5144412337,5144412053,0.0020000003,1.0184746e-09,0.0019999994,1.5947833e-13,nan,nan,nan,nan,nan,nan,nan,nan,0
5144417328,5144417047,0.0020000022,1.3091824e-09,0.001999997,4.8993795e-13,nan,nan,nan,nan,nan,nan,nan,nan,0
5144421068,5144420792,0.0020000003,1.2940448e-09,0.001999999,1.0756899e-12,nan,nan,nan,nan,nan,nan,nan,nan,0
5144424808,5144424537,0.0020000008,0.0,0.0020000008,0.0,nan,nan,nan,nan,nan,nan,nan,nan,0
5144431057,5144430779,0.0020000006,0.0,0.0020000006,0.0,nan,nan,nan,nan,nan,nan,nan,nan,0
5144434801,5144434525,0.0020000006,0.0,0.002000001,0.0,nan,nan,nan,nan,nan,nan,nan,nan,0
5144442312,5144442016,0.0020000006,0.0,0.0020000006,0.0,nan,nan,nan,nan,nan,nan,nan,nan,0
5144444778,5144444512,0.0019999985,1.4398079e-09,0.0020000008,8.3170016e-13,nan,nan,nan,nan,nan,nan,nan,nan,0
5144452286,5144452003,0.0020000003,0.0,0.0020000003,3.8262926e-13,nan,nan,nan,nan,nan,nan,nan,nan,0
5144456023,5144455748,0.0020000024,1.2216635e-09,0.0019999973,6.97299e-13,nan,nan,nan,nan,nan,nan,nan,nan,0
5144461079,5144460749,0.0020000022,2.8516547e-09,0.0019999957,5.206018e-13,nan,nan,nan,nan,nan,nan,nan,nan,0
5144466015,5144465736,0.0020000006,0.0,0.0020000006,0.0,nan,nan,nan,nan,nan,nan,nan,nan,0
5144471003,5144470729,0.0019999987,1.716989e-09,0.0020000006,1.3705183e-13,nan,nan,nan,nan,nan,nan,nan,nan,0
5144477254,5144476971,0.0019999985,2.6926235e-09,0.0019999994,1.40327e-11,nan,nan,nan,nan,nan,nan,nan,nan,0
5144481006,5144480717,0.0020000003,0.0,0.0020000003,0.0,nan,nan,nan,nan,nan,nan,nan,nan,0
5144487228,5144486959,0.0019999985,1.8785675e-09,0.0020000003,1.3181437e-11,nan,nan,nan,nan,nan,nan,nan,nan,0
5144490977,5144490704,0.0020000022,2.8391454e-09,0.0019999957,1.3030016e-11,nan,nan,nan,nan,nan,nan,nan,nan,0
5144494719,5144494449,0.0020000006,0.0,0.0020000006,0.0,nan,nan,nan,nan,nan,nan,nan,nan,0
5144500983,5144500692,0.0020000022,6.568383e-10,0.001999998,1.2549796e-11,nan,nan,nan,nan,nan,nan,nan,nan,0
5144504706,5144504437,0.0020000022,1.2971473e-09,0.001999997,1.25250695e-11,nan,nan,nan,nan,nan,nan,nan,nan,0
5144512196,5144511928,0.0020000022,1.2970396e-09,0.001999997,1.2632733e-11,nan,nan,nan,nan,nan,nan,nan,nan,0
5144515963,5144515673,0.0019999985,1.4135481e-09,0.0020000008,1.253961e-11,nan,nan,nan,nan,nan,nan,nan,nan,0
5144522205,5144521916,0.0019999985,1.4722539e-09,0.0020000008,1.2041444e-11,nan,nan,nan,nan,nan,nan,nan,nan,0
5144525934,5144525660,0.0020000003,0.0,0.002,0.0,nan,nan,nan,nan,nan,nan,nan,nan,0
5144529682,5144529411,0.0020000003,8.328078e-10,0.0019999994,1.120328e-11,nan,nan,nan,nan,nan,nan,nan,nan,0
5144535920,5144535648,0.0020000022,1.1240683e-09,0.0019999975,1.09811014e-11,nan,nan,nan,nan,nan,nan,nan,nan,0
5144540925,5144540642,0.0020000006,0.0,0.0020000008,0.0,nan,nan,nan,nan,nan,nan,nan,nan,0
5144547154,5144546884,0.0020000006,1.6343443e-10,0.002,1.1188543e-11,nan,nan,nan,nan,nan,nan,nan,nan,0
5144550915,5144550629,0.0020000003,6.2906524e-10,0.0019999999,1.1219001e-11,nan,nan,nan,nan,nan,nan,nan,nan,0
5144557138,5144556871,0.0019999982,1.531303e-09,0.0020000006,1.1200051e-11,nan,nan,nan,nan,nan,nan,nan,nan,0
5144560896,5144560617,0.0019999985,0.0,0.0019999985,0.0,nan,nan,nan,nan,nan,nan,nan,nan,0
5144564641,5144564362,0.0020000003,0.0,0.0019999985,5.547747e-12,nan,nan,nan,nan,nan,nan,nan,nan,0
5144570881,5144570605,0.0020000003,6.874435e-10,0.0019999994,1.1048433e-11,nan,nan,nan,nan,nan,nan,nan,nan,0
5144574626,5144574349,0.0019999985,2.4040716e-09,0.0019999999,1.1546217e-11,nan,nan,nan,nan,nan,nan,nan,nan,0
5144582131,5144581840,0.0020000006,0.0,0.0020000006,0.0,nan,nan,nan,nan,nan,nan,nan,nan,0
5144585897,5144585586,0.0019999987,1.2385043e-09,0.0020000013,1.2960423e-11,nan,nan,nan,nan,nan,nan,nan,nan,0
5144592118,5144591828,0.0020000003,4.817293e-10,0.0019999999,1.3035819e-11,nan,nan,nan,nan,nan,nan,nan,nan,0
5144595849,5144595573,0.0020000003,0.0,0.0020000003,0.0,nan,nan,nan,nan,nan,nan,nan,nan,0
5144600841,5144600567,0.0020000006,0.0,0.0020000006,0.0,nan,nan,nan,nan,nan,nan,nan,nan,0
5144605840,5144605561,0.002,1.2371848e-09,0.001999999,1.427994e-11,nan,nan,nan,nan,nan,nan,nan,nan,0
5144610835,5144610554,0.002000002,2.2265536e-09,0.0019999961,1.4441269e-11,nan,nan,nan,nan,nan,nan,nan,nan,0
5144617080,5144616797,0.0020000006,0.0,0.002,0.0,nan,nan,nan,nan,nan,nan,nan,nan,0
5144620817,5144620542,0.0020000003,0.0,0.0020000003,0.0,nan,nan,nan,nan,nan,nan,nan,nan,0
5144627059,5144626784,0.0020000003,0.0,0.0020000003,0.0,nan,nan,nan,nan,nan,nan,nan,nan,0
5144630815,5144630530,0.0020000003,0.0,0.0020000006,0.0,nan,nan,nan,nan,nan,nan,nan,nan,0
5144634547,5144634275,0.0020000022,1.4120306e-09,0.001999997,1.4057059e-11,nan,nan,nan,nan,nan,nan,nan,nan,0
5144642053,5144641765,0.0019999985,1.2959096e-09,0.0020000008,1.37627895e-11,nan,nan,nan,nan,nan,nan,nan,nan,0
5144644534,5144644262,0.0020000003,0.0,0.0020000003,0.0,nan,nan,nan,nan,nan,nan,nan,nan,0
5144652038,5144651753,0.0020000003,5.39512e-10,0.0019999999,1.346079e-11,nan,nan,nan,nan,nan,nan,nan,nan,0
5144655770,5144655498,0.0020000022,1.3544281e-09,0.001999997,1.3451894e-11,nan,nan,nan,nan,nan,nan,nan,nan,0
5144660769,5144660492,0.0020000003,7.429754e-11,0.0020000003,1.3013951e-11,nan,nan,nan,nan,nan,nan,nan,nan,0
5144665763,5144665486,0.0020000003,7.499702e-11,0.0020000003,1.2314465e-11,nan,nan,nan,nan,nan,nan,nan,nan,0
5144669503,5144669231,0.0020000003,0.0,0.0020000003,0.0,nan,nan,nan,nan,nan,nan,nan,nan,0
5144677003,5144676721,0.0019999987,1.7047868e-09,0.0020000008,1.233919e-11,nan,nan,nan,nan,nan,nan,nan,nan,0
5144680744,5144680467,0.0020000003,5.4080374e-10,0.0019999999,1.2169016e-11,nan,nan,nan,nan,nan,nan,nan,nan,0
5144686978,5144686709,0.0020000003,1.694926e-11,0.0020000003,1.2154571e-11,nan,nan,nan,nan,nan,nan,nan,nan,0
5144690732,5144690455,0.0020000003,1.1232141e-09,0.0019999992,1.1835352e-11,nan,nan,nan,nan,nan,nan,nan,nan,0
5144694480,5144694200,0.0019999987,1.6768333e-09,0.0020000006,1.1188779e-11,nan,nan,nan,nan,nan,nan,nan,nan,0
5144700716,5144700443,0.0020000003,0.0,0.002,0.0,nan,nan,nan,nan,nan,nan,nan,nan,0
5144704466,5144704188,0.0020000003,7.773708e-11,0.0020000003,9.574409e-12,nan,nan,nan,nan,nan,nan,nan,nan,0
5144711966,5144711678,0.0020000003,8.929396e-10,0.0019999994,9.279119e-12,nan,nan,nan,nan,nan,nan,nan,nan,0
5144714452,5144714178,0.0020000003,0.0,0.0020000003,0.0,nan,nan,nan,nan,nan,nan,nan,nan,0
5144721950,5144721665,0.0020000003,0.0,0.0020000003,3.6440894e-12,nan,nan,nan,nan,nan,nan,nan,nan,0
5144725692,5144725415,0.0020000003,0.0,0.0020000006,0.0,nan,nan,nan,nan,nan,nan,nan,nan,0
5144730679,5144730405,0.0020000003,8.958775e-10,0.0019999994,6.3412834e-12,nan,nan,nan,nan,nan,nan,nan,nan,0
5144735682,5144735398,0.002000002,2.5555469e-09,0.001999996,5.5902765e-12,nan,nan,nan,nan,nan,nan,nan,nan,0
5144739419,5144739143,0.0020000003,0.0,0.0020000003,0.0,nan,nan,nan,nan,nan,nan,nan,nan,0
5144746917,5144746634,0.0020000003,4.606015e-10,0.0019999999,5.0597963e-12,nan,nan,nan,nan,nan,nan,nan,nan,0
5144750668,5144750387,0.0020000022,1.478596e-09,0.001999997,5.6993472e-12,nan,nan,nan,nan,nan,nan,nan,nan,0
5144756900,5144756621,0.0020000003,3.7202788e-10,0.0019999999,6.3219117e-12,nan,nan,nan,nan,nan,nan,nan,nan,0
5144760646,5144760367,0.0020000022,1.5652576e-09,0.0019999968,6.349291e-12,nan,nan,nan,nan,nan,nan,nan,nan,0
5144764397,5144764116,0.0020000024,1.6820865e-09,0.001999997,5.93575e-12,nan,nan,nan,nan,nan,nan,nan,nan,0
5144770630,5144770355,0.0019999985,1.3622414e-09,0.0020000008,5.638637e-12,nan,nan,nan,nan,nan,nan,nan,nan,0
5144774371,5144774100,0.0020000006,0.0,0.0020000006,0.0,nan,nan,nan,nan,nan,nan,nan,nan,0
5144781860,5144781590,0.0020000006,2.2802255e-10,0.0020000003,4.808095e-12,nan,nan,nan,nan,nan,nan,nan,nan,0
5144784364,5144784087,0.0020000006,0.0,0.0020000006,0.0,nan,nan,nan,nan,nan,nan,nan,nan,0
5144791856,5144791578,0.0019999985,2.9052212e-09,0.0019999994,5.1618293e-12,nan,nan,nan,nan,nan,nan,nan,nan,0
5144795607,5144795323,0.002000002,2.1488769e-09,0.0019999961,4.806572e-12,nan,nan,nan,nan,nan,nan,nan,nan,0
5144800592,5144800317,0.0020000003,8.270875e-11,0.0020000003,4.602742e-12,nan,nan,nan,nan,nan,nan,nan,nan,0
5144805589,5144805311,0.0020000006,5.4091405e-11,0.0020000003,4.116254e-12,nan,nan,nan,nan,nan,nan,nan,nan,0
5144810590,5144810305,0.0019999987,1.7424873e-09,0.0020000006,3.742553e-12,nan,nan,nan,nan,nan,nan,nan,nan,0
5144816816,5144816546,0.0020000024,1.975977e-09,0.0019999966,3.083497e-12,nan,nan,nan,nan,nan,nan,nan,nan,0
5144820576,5144820292,0.0020000006,0.0,0.0020000006,0.0,nan,nan,nan,nan,nan,nan,nan,nan,0
5144826801,5144826534,0.0020000003,2.6603749e-11,0.0020000003,2.5000817e-12,nan,nan,nan,nan,nan,nan,nan,nan,0
5144830553,5144830280,0.0020000003,1.0450093e-09,0.0019999994,2.7286333e-12,nan,nan,nan,nan,nan,nan,nan,nan,0
5144834311,5144834028,0.0020000003,8.452877e-11,0.0020000003,2.782715e-12,nan,nan,nan,nan,nan,nan,nan,nan,0
5144840543,5144840267,0.0020000008,0.0,0.0020000008,0.0,nan,nan,nan,nan,nan,nan,nan,nan,0
5144844294,5144844012,0.0020000003,6.956711e-10,0.0019999994,2.8208495e-12,nan,nan,nan,nan,nan,nan,nan,nan,0
5144851787,5144851503,0.0019999985,2.907256e-09,0.0019999994,3.1269553e-12,nan,nan,nan,nan,nan,nan,nan,nan,0
5144854281,5144854000,0.0019999987,1.7139271e-09,0.0020000006,3.1988388e-12,nan,nan,nan,nan,nan,nan,nan,nan,0
5144861763,5144861490,0.0020000003,1.1269245e-10,0.0020000003,3.7228675e-12,nan,nan,nan,nan,nan,nan,nan,nan,0
5144865520,5144865236,0.002000002,2.2668007e-09,0.0019999961,3.2980042e-12,nan,nan,nan,nan,nan,nan,nan,nan,0
5144870511,5144870230,0.0020000003,3.17787e-10,0.002,2.3551352e-12,nan,nan,nan,nan,nan,nan,nan,nan,0
5144875507,5144875224,0.0020000003,2.314708e-10,0.0020000003,1.3598411e-12,nan,nan,nan,nan,nan,nan,nan,nan,0
5144879238,5144878969,0.0019999966,3.258142e-09,0.0020000008,1.4870292e-12,nan,nan,nan,nan,nan,nan,nan,nan,0
5144886729,5144886459,0.0020000006,1.1621177e-09,0.0019999992,2.0354482e-12,nan,nan,nan,nan,nan,nan,nan,nan,0
5144890518,5144890206,0.0020000003,9.2914987e-10,0.0019999994,2.1727203e-12,nan,nan,nan,nan,nan,nan,nan,nan,0
5144896732,5144896446,0.0019999985,1.8025672e-09,0.0020000003,1.8703199e-12,nan,nan,nan,nan,nan,nan,nan,nan,0
5144900468,5144900192,0.0020000003,0.0,0.0020000003,0.0,nan,nan,nan,nan,nan,nan,nan,nan,0
5144904208,5144903937,0.0019999985,1.4537741e-09,0.0020000008,1.4174061e-12,nan,nan,nan,nan,nan,nan,nan,nan,0
5144910467,5144910179,0.0020000003,0.0,0.0020000003,0.0,nan,nan,nan,nan,nan,nan,nan,nan,0
5144914205,5144913925,0.0020000022,2.7343041e-09,0.0019999957,1.4559968e-12,nan,nan,nan,nan,nan,nan,nan,nan,0
5144921722,5144921415,0.002000002,2.1523483e-09,0.0019999961,1.3351004e-12,nan,nan,nan,nan,nan,nan,nan,nan,0
5144925445,5144925161,0.0019999985,2.559833e-09,0.0019999996,1.304153e-12,nan,nan,nan,nan,nan,nan,nan,nan,0
5144931674,5144931403,0.0020000003,0.0,0.0020000003,0.0,nan,nan,nan,nan,nan,nan,nan,nan,0
5144935424,5144935148,0.0019999985,1.6286136e-09,0.0020000008,1.2008762e-12,nan,nan,nan,nan,nan,nan,nan,nan,0
5144940417,5144940142,0.0020000022,2.8509233e-09,0.0019999957,1.2521668e-12,nan,nan,nan,nan,nan,nan,nan,nan,0
5144945418,5144945136,0.0020000006,0.0,0.0020000006,0.0,nan,nan,nan,nan,nan,nan,nan,nan,0
5144950405,5144950130,0.0020000003,0.0,0.0020000003,0.0,nan,nan,nan,nan,nan,nan,nan,nan,0
5144956654,5144956371,0.0020000022,2.8505127e-09,0.0019999957,1.6627689e-12,nan,nan,nan,nan,nan,nan,nan,nan,0
5144960400,5144960117,0.0020000003,0.0,0.0020000008,0.0,nan,nan,nan,nan,nan,nan,nan,nan,0
5144966631,5144966359,0.0020000003,0.0,0.0020000003,9.701233e-13,nan,nan,nan,nan,nan,nan,nan,nan,0
5144970383,5144970104,0.0020000006,0.0,0.0020000006,0.0,nan,nan,nan,nan,nan,nan,nan,nan,0
5144977875,5144977595,0.0020000006,1.1035344e-09,0.0019999994,2.411205e-12,nan,nan,nan,nan,nan,nan,nan,nan,0
5144980366,5144980093,0.0020000006,0.0,0.0020000006,0.0,nan,nan,nan,nan,nan,nan,nan,nan,0
5144984121,5144983837,0.0020000022,1.4531985e-09,0.001999997,1.993029e-12,nan,nan,nan,nan,nan,nan,nan,nan,0
5144991606,5144991328,0.0020000024,1.6281466e-09,0.0019999968,1.6679106e-12,nan,nan,nan,nan,nan,nan,nan,nan,0
5144995369,5144995073,0.0020000022,1.2787731e-09,0.001999997,1.7954353e-12,nan,nan,nan,nan,nan,nan,nan,nan,0
5145001598,5145001316,0.0020000003,2.5997127e-10,0.002,1.9632178e-12,nan,nan,nan,nan,nan,nan,nan,nan,0
5145005365,5145005061,0.0020000006,5.6580608e-11,0.0020000003,1.6270509e-12,nan,nan,nan,nan,nan,nan,nan,nan,0
5145010335,5145010054,0.0020000003,4.6415385e-10,0.0019999999,1.5074435e-12,nan,nan,nan,nan,nan,nan,nan,nan,0
5145016574,5145016296,0.0020000003,0.0,0.0020000003,8.782532e-13,nan,nan,nan,nan,nan,nan,nan,nan,0
5145020322,5145020042,0.002,0.0,0.0020000003,0.0,nan,nan,nan,nan,nan,nan,nan,nan,0
5145026555,5145026284,0.0020000006,0.0,0.0020000006,0.0,nan,nan,nan,nan,nan,nan,nan,nan,0
5145030318,5145030029,0.0019999987,1.2193005e-09,0.002000001,3.0603107e-12,nan,nan,nan,nan,nan,nan,nan,nan,0
5145036549,5145036272,0.0019999987,1.6273759e-09,0.0020000006,2.438572e-12,nan,nan,nan,nan,nan,nan,nan,nan,0
5145040315,5145040027,0.0020000022,2.9662357e-09,0.0019999957,2.3550432e-12,nan,nan,nan,nan,nan,nan,nan,nan,0
5145047781,5145047507,0.0020000003,2.8909541e-10,0.0019999999,1.942885e-12,nan,nan,nan,nan,nan,nan,nan,nan,0
5145051528,5145051255,0.0020000003,1.14530975e-10,0.0020000003,1.8843486e-12,nan,nan,nan,nan,nan,nan,nan,nan,0
5145054033,5145053750,0.0020000022,1.5116447e-09,0.001999997,1.7544941e-12,nan,nan,nan,nan,nan,nan,nan,nan,0
5145061524,5145061241,0.002000002,1.5119233e-09,0.0019999968,1.4759565e-12,nan,nan,nan,nan,nan,nan,nan,nan,0
5145065282,5145064986,0.0020000006,0.0,0.0020000006,0.0,nan,nan,nan,nan,nan,nan,nan,nan,0
5145070304,5145069979,0.0020000008,0.0,0.0020000008,0.0,nan,nan,nan,nan,nan,nan,nan,nan,0
5145075255,5145074973,0.0020000008,0.0,0.002000001,0.0,nan,nan,nan,nan,nan,nan,nan,nan,0
5145080242,5145079971,0.0020000006,2.5019824e-09,0.0019999961,9.469422e-13,nan,nan,nan,nan,nan,nan,nan,nan,0
5145086489,5145086209,0.0020000003,0.0,0.0020000003,0.0,nan,nan,nan,nan,nan,nan,nan,nan,0
5145090228,5145089954,0.0020000006,0.0,0.0020000006,0.0,nan,nan,nan,nan,nan,nan,nan,nan,0
5145096468,5145096197,0.0019999985,2.2683493e-09,0.0019999999,1.7493906e-12,nan,nan,nan,nan,nan,nan,nan,nan,0
5145100215,5145099942,0.0020000003,5.591579e-11,0.0020000003,2.2918716e-12,nan,nan,nan,nan,nan,nan,nan,nan,0
5145106462,5145106184,0.0020000003,4.0469417e-10,0.0019999999,2.7594697e-12,nan,nan,nan,nan,nan,nan,nan,nan,0
5145110204,5145109929,0.0020000003,1.2193905e-09,0.001999999,2.9703687e-12,nan,nan,nan,nan,nan,nan,nan,nan,0
5145117695,5145117420,0.0020000006,0.0,0.0020000006,0.0,nan,nan,nan,nan,nan,nan,nan,nan,0
5145121455,5145121165,0.0019999985,2.6162243e-09,0.0019999994,3.1203599e-12,nan,nan,nan,nan,nan,nan,nan,nan,0
5145123945,5145123669,0.0020000006,1.7159087e-10,0.0020000003,3.032111e-12,nan,nan,nan,nan,nan,nan,nan,nan,0
5145131430,5145131153,0.0020000003,9.27764e-10,0.0019999994,3.558591e-12,nan,nan,nan,nan,nan,nan,nan,nan,0
5145135175,5145134899,0.0019999982,2.207664e-09,0.0019999999,4.2271343e-12,nan,nan,nan,nan,nan,nan,nan,nan,0
5145140167,5145139893,0.0019999985,1.4508982e-09,0.0020000008,4.2933e-12,nan,nan,nan,nan,nan,nan,nan,nan,0
5145145178,5145144886,0.0020000022,2.8773164e-09,0.0019999957,3.962773e-12,nan,nan,nan,nan,nan,nan,nan,nan,0
5145150154,5145149880,0.0020000003,6.9452166e-10,0.0019999996,3.970293e-12,nan,nan,nan,nan,nan,nan,nan,nan,0
5145156405,5145156122,0.0020000006,0.0,0.0020000006,0.0,nan,nan,nan,nan,nan,nan,nan,nan,0
5145160150,5145159867,0.0020000008,0.0,0.0020000008,0.0,nan,nan,nan,nan,nan,nan,nan,nan,0
5145166386,5145166109,0.0020000006,6.382084e-10,0.0019999996,2.0759158e-12,nan,nan,nan,nan,nan,nan,nan,nan,0
5145170142,5145169855,0.0020000003,6.383499e-10,0.0019999999,1.9344214e-12,nan,nan,nan,nan,nan,nan,nan,nan,0
5145176372,5145176097,0.002000002,1.62807e-09,0.0019999968,1.7445195e-12,nan,nan,nan,nan,nan,nan,nan,nan,0
5145180118,5145179842,0.0019999985,1.8025292e-09,0.0020000003,1.9082704e-12,nan,nan,nan,nan,nan,nan,nan,nan,0
5145187608,5145187333,0.0020000003,1.7167993e-10,0.0020000003,2.9430468e-12,nan,nan,nan,nan,nan,nan,nan,nan,0
5145191358,5145191078,0.0020000006,0.0,0.0020000006,0.0,nan,nan,nan,nan,nan,nan,nan,nan,0
5145193848,5145193576,0.0020000006,0.0,0.0020000006,0.0,nan,nan,nan,nan,nan,nan,nan,nan,0
5145201337,5145201065,0.0020000006,0.0,0.0020000006,0.0,nan,nan,nan,nan,nan,nan,nan,nan,0
5145205097,5145204815,0.002000002,3.0512983e-09,0.0019999954,4.60389e-12,nan,nan,nan,nan,nan,nan,nan,nan,0
5145210080,5145209805,0.0020000022,2.1489626e-09,0.0019999961,4.7209407e-12,nan,nan,nan,nan,nan,nan,nan,nan,0
5145215075,5145214798,0.0020000006,0.0,0.0020000006,0.0,nan,nan,nan,nan,nan,nan,nan,nan,0
5145220072,5145219792,0.0020000006,0.0,0.0020000008,0.0,nan,nan,nan,nan,nan,nan,nan,nan,0
5145226319,5145226034,0.002000002,1.216643e-09,0.001999999,5.7178446e-12,nan,nan,nan,nan,nan,nan,nan,nan,0
5145230061,5145229781,0.0020000006,0.0,0.0020000006,0.0,nan,nan,nan,nan,nan,nan,nan,nan,0
5145236306,5145236028,0.0020000006,2.269677e-10,0.002,5.862956e-12,nan,nan,nan,nan,nan,nan,nan,nan,0
5145240044,5145239767,0.0020000006,0.0,0.0020000006,0.0,nan,nan,nan,nan,nan,nan,nan,nan,0
5145246289,5145246009,0.0019999985,2.5550013e-09,0.0019999994,6.13567e-12,nan,nan,nan,nan,nan,nan,nan,nan,0
5145250084,5145249758,0.0020000003,1.187171e-09,0.0019999992,6.086045e-12,nan,nan,nan,nan,nan,nan,nan,nan,0
5145257520,5145257247,0.002000002,1.6230801e-09,0.0019999966,6.7344463e-12,nan,nan,nan,nan,nan,nan,nan,nan,0
5145261270,5145260991,0.0020000003,0.0,0.0020000006,0.0,nan,nan,nan,nan,nan,nan,nan,nan,0
5145265026,5145264736,0.0020000006,0.0,0.0020000006,0.0,nan,nan,nan,nan,nan,nan,nan,nan,0
5145271265,5145270978,0.0020000003,0.0,0.0020000003,0.0,nan,nan,nan,nan,nan,nan,nan,nan,0
5145274999,5145274724,0.0020000006,6.6200734e-10,0.0019999999,7.380754e-12,nan,nan,nan,nan,nan,nan,nan,nan,0
5145278742,5145278468,0.0019999985,1.3308065e-09,0.0020000008,7.96976e-12,nan,nan,nan,nan,nan,nan,nan,nan,0
5145284999,5145284711,0.0020000003,8.0646423e-10,0.0019999994,8.443029e-12,nan,nan,nan,nan,nan,nan,nan,nan,0
5145289983,5145289705,0.0020000022,1.4175914e-09,0.001999997,8.496271e-12,nan,nan,nan,nan,nan,nan,nan,nan,0
5145296217,5145295947,0.0019999985,2.4950872e-09,0.0019999999,7.8422095e-12,nan,nan,nan,nan,nan,nan,nan,nan,0
5145299977,5145299692,0.0020000022,1.3893888e-09,0.001999997,7.595079e-12,nan,nan,nan,nan,nan,nan,nan,nan,0
5145306222,5145305934,0.0020000003,8.069025e-10,0.0019999994,8.0047895e-12,nan,nan,nan,nan,nan,nan,nan,nan,0
5145311203,5145310928,0.0020000003,7.483316e-10,0.0019999994,8.367954e-12,nan,nan,nan,nan,nan,nan,nan,nan,0
5145317451,5145317170,0.0019999985,3.105765e-09,0.0019999992,8.344906e-12,nan,nan,nan,nan,nan,nan,nan,nan,0
5145319948,5145319667,0.0020000006,1.1268707e-09,0.0019999994,8.178716e-12,nan,nan,nan,nan,nan,nan,nan,nan,0
5145327434,5145327158,0.0020000006,0.0,0.0020000006,0.0,nan,nan,nan,nan,nan,nan,nan,nan,0
5145331201,5145330903,0.0020000006,0.0,0.0020000006,0.0,nan,nan,nan,nan,nan,nan,nan,nan,0
5145334943,5145334648,0.0020000003,2.546477e-10,0.002,7.286793e-12,nan,nan,nan,nan,nan,nan,nan,nan,0
5145341170,5145340891,0.0020000003,2.256582e-10,0.002,7.1724484e-12,nan,nan,nan,nan,nan,nan,nan,nan,0
5145344924,5145344636,0.002000002,1.5930819e-09,0.0019999966,7.628759e-12,nan,nan,nan,nan,nan,nan,nan,nan,0
5145348653,5145348381,0.0020000006,0.0,0.0020000006,0.0,nan,nan,nan,nan,nan,nan,nan,nan,0
5145354899,5145354623,0.0020000003,0.0,0.0020000006,0.0,nan,nan,nan,nan,nan,nan,nan,nan,0
5145359892,5145359617,0.0020000003,6.037691e-10,0.0019999999,7.411349e-12,nan,nan,nan,nan,nan,nan,nan,nan,0
5145366127,5145365859,0.0019999985,2.582757e-09,0.0019999994,7.484048e-12,nan,nan,nan,nan,nan,nan,nan,nan,0
5145369880,5145369605,0.0020000003,5.454098e-10,0.0019999999,7.563004e-12,nan,nan,nan,nan,nan,nan,nan,nan,0
5145376143,5145375847,0.0020000006,6.9043826e-10,0.0019999999,8.05366e-12,nan,nan,nan,nan,nan,nan,nan,nan,0
5145379875,5145379592,0.0020000003,6.6093386e-10,0.0019999996,8.4542096e-12,nan,nan,nan,nan,nan,nan,nan,nan,0
5145387355,5145387082,0.0020000022,1.7958911e-09,0.0019999966,8.546381e-12,nan,nan,nan,nan,nan,nan,nan,nan,0
5145389862,5145389586,0.0020000006,0.0,0.0020000006,0.0,nan,nan,nan,nan,nan,nan,nan,nan,0
5145397375,5145397070,0.0020000006,0.0,0.0020000006,0.0,nan,nan,nan,nan,nan,nan,nan,nan,0
5145401089,5145400815,0.0020000003,1.0395657e-09,0.0019999994,8.172242e-12,nan,nan,nan,nan,nan,nan,nan,nan,0
5145404838,5145404561,0.0019999985,2.5532045e-09,0.0019999994,7.93262e-12,nan,nan,nan,nan,nan,nan,nan,nan,0
5145411093,5145410803,0.0020000003,1.1561873e-09,0.0019999992,7.965989e-12,nan,nan,nan,nan,nan,nan,nan,nan,0
5145414825,5145414548,0.0020000003,6.613299e-10,0.0019999999,8.0582225e-12,nan,nan,nan,nan,nan,nan,nan,nan,0
5145419813,5145419542,0.0020000006,1.9562611e-10,0.0020000003,8.100706e-12,nan,nan,nan,nan,nan,nan,nan,nan,0
5145424810,5145424536,0.0020000006,0.0,0.0020000006,0.0,nan,nan,nan,nan,nan,nan,nan,nan,0
5145428553,5145428281,0.0020000003,1.068034e-09,0.0019999994,8.807777e-12,nan,nan,nan,nan,nan,nan,nan,nan,0
5145436045,5145435771,0.002000002,3.076086e-09,0.0019999952,8.919865e-12,nan,nan,nan,nan,nan,nan,nan,nan,0
5145439795,5145439517,0.0019999985,1.8830875e-09,0.0020000003,8.661625e-12,nan,nan,nan,nan,nan,nan,nan,nan,0
5145446035,5145445759,0.0020000003,0.0,0.0020000003,0.0,nan,nan,nan,nan,nan,nan,nan,nan,0
5145449779,5145449505,0.0020000006,0.0,0.0020000006,0.0,nan,nan,nan,nan,nan,nan,nan,nan,0
5145457272,5145456995,0.0019999982,1.5648931e-09,0.0020000006,6.7137094e-12,nan,nan,nan,nan,nan,nan,nan,nan,0
5145461072,5145460746,0.0019999985,1.7978935e-09,0.0020000003,6.5439893e-12,nan,nan,nan,nan,nan,nan,nan,nan,0
5145467255,5145466983,0.0020000003,3.4261705e-10,0.0019999999,6.628918e-12,nan,nan,nan,nan,nan,nan,nan,nan,0
5145470997,5145470728,0.0020000003,1.674321e-10,0.0020000003,7.1908885e-12,nan,nan,nan,nan,nan,nan,nan,nan,0
5145474749,5145474473,0.0020000006,0.0,0.0020000006,0.0,nan,nan,nan,nan,nan,nan,nan,nan,0
5145479740,5145479467,0.0020000006,0.0,0.0020000006,0.0,nan,nan,nan,nan,nan,nan,nan,nan,0
5145484738,5145484461,0.0020000003,0.0,0.0020000006,0.0,nan,nan,nan,nan,nan,nan,nan,nan,0
5145489733,5145489455,0.002,0.0,0.0020000003,0.0,nan,nan,nan,nan,nan,nan,nan,nan,0
5145495979,5145495696,0.0020000003,1.1841892e-09,0.001999999,9.067892e-12,nan,nan,nan,nan,nan,nan,nan,nan,0
5145499717,5145499444,0.0020000003,1.3661053e-10,0.0020000003,8.90862e-12,nan,nan,nan,nan,nan,nan,nan,nan,0
5145505964,5145505689,0.0020000024,1.2134594e-09,0.0019999975,8.901475e-12,nan,nan,nan,nan,nan,nan,nan,nan,0
5145509706,5145509430,0.0020000003,1.2426556e-09,0.0019999992,8.8090975e-12,nan,nan,nan,nan,nan,nan,nan,nan,0
5145515939,5145515671,0.0019999985,1.3009718e-09,0.0020000008,8.700629e-12,nan,nan,nan,nan,nan,nan,nan,nan,0
5145519696,5145519417,0.002000002,1.5335231e-09,0.0019999968,8.979916e-12,nan,nan,nan,nan,nan,nan,nan,nan,0
5145527177,5145526907,0.0019999985,1.7069804e-09,0.0020000006,1.0145527e-11,nan,nan,nan,nan,nan,nan,nan,nan,0
5145530930,5145530653,0.0020000022,2.9289822e-09,0.0019999957,1.05046805e-11,nan,nan,nan,nan,nan,nan,nan,nan,0
5145537170,5145536895,0.0020000006,1.124852e-09,0.0019999994,1.0197352e-11,nan,nan,nan,nan,nan,nan,nan,nan,0
5145540939,5145540645,0.0019999985,2.376745e-09,0.0019999999,9.769097e-12,nan,nan,nan,nan,nan,nan,nan,nan,0
5145544677,5145544386,0.0020000022,3.0463916e-09,0.0019999952,9.510635e-12,nan,nan,nan,nan,nan,nan,nan,nan,0
5145549661,5145549380,0.0019999985,1.9696575e-09,0.0020000003,9.4030304e-12,nan,nan,nan,nan,nan,nan,nan,nan,0
5145554675,5145554373,0.0019999985,1.8244274e-09,0.0020000003,9.113979e-12,nan,nan,nan,nan,nan,nan,nan,nan,0
5145559643,5145559367,0.0020000006,5.441002e-10,0.0019999999,8.872588e-12,nan,nan,nan,nan,nan,nan,nan,nan,0
5145565888,5145565609,0.002000002,1.5914848e-09,0.0019999968,9.225818e-12,nan,nan,nan,nan,nan,nan,nan,nan,0
5145569630,5145569355,0.0020000022,3.6917347e-10,0.001999998,9.176326e-12,nan,nan,nan,nan,nan,nan,nan,nan,0
5145575868,5145575597,0.0020000022,2.7852505e-09,0.0019999957,8.717202e-12,nan,nan,nan,nan,nan,nan,nan,nan,0
5145579615,5145579342,0.0020000022,2.9021419e-09,0.0019999957,8.241111e-12,nan,nan,nan,nan,nan,nan,nan,nan,0
5145585866,5145585584,0.0020000003,0.0,0.0020000003,0.0,nan,nan,nan,nan,nan,nan,nan,nan,0
5145589608,5145589330,0.0019999985,1.8829662e-09,0.0020000003,8.782856e-12,nan,nan,nan,nan,nan,nan,nan,nan,0
5145597091,5145596820,0.0020000022,2.4350275e-09,0.0019999961,9.69415e-12,nan,nan,nan,nan,nan,nan,nan,nan,0
5145600844,5145600565,0.0019999985,1.4162518e-09,0.0020000008,9.835938e-12,nan,nan,nan,nan,nan,nan,nan,nan,0
5145607099,5145606807,0.0020000003,1.2711495e-09,0.001999999,9.4189725e-12,nan,nan,nan,nan,nan,nan,nan,nan,0
5145610825,5145610553,0.0020000022,2.8720442e-09,0.0019999957,9.235102e-12,nan,nan,nan,nan,nan,nan,nan,nan,0
5145614608,5145614300,0.002,2.5275415e-10,0.0019999999,9.180337e-12,nan,nan,nan,nan,nan,nan,nan,nan,0
5145619568,5145619292,0.002000002,1.5042139e-09,0.0019999968,9.1853036e-12,nan,nan,nan,nan,nan,nan,nan,nan,0
5145624563,5145624286,0.0019999985,1.3878894e-09,0.0020000008,9.094489e-12,nan,nan,nan,nan,nan,nan,nan,nan,0
5145632058,5145631776,0.0020000003,9.509931e-10,0.0019999994,9.433355e-12,nan,nan,nan,nan,nan,nan,nan,nan,0
5145635790,5145635521,0.002000002,1.2996718e-09,0.001999997,1.0000558e-11,nan,nan,nan,nan,nan,nan,nan,nan,0
5145639548,5145639267,0.0020000006,0.0,0.0020000006,0.0,nan,nan,nan,nan,nan,nan,nan,nan,0
5145645805,5145645509,0.0020000003,1.9241908e-10,0.0020000003,1.1307731e-11,nan,nan,nan,nan,nan,nan,nan,nan,0
5145649537,5145649260,0.0020000006,1.1525798e-09,0.0019999994,1.1573428e-11,nan,nan,nan,nan,nan,nan,nan,nan,0
5145657029,5145656745,0.0019999985,2.3455835e-09,0.0019999999,1.1826743e-11,nan,nan,nan,nan,nan,nan,nan,nan,0
5145659528,5145659242,0.0020000006,0.0,0.0020000006,0.0,nan,nan,nan,nan,nan,nan,nan,nan,0
5145666997,5145666732,0.0020000006,0.0,0.0020000006,0.0,nan,nan,nan,nan,nan,nan,nan,nan,0
5145670756,5145670478,0.002000002,2.6951479e-09,0.0019999957,1.1508339e-11,nan,nan,nan,nan,nan,nan,nan,nan,0
5145674511,5145674223,0.0020000006,0.0,0.0020000006,0.0,nan,nan,nan,nan,nan,nan,nan,nan,0
5145680740,5145680466,0.0020000006,0.0,0.0020000008,0.0,nan,nan,nan,nan,nan,nan,nan,nan,0
5145684488,5145684214,0.0019999985,1.5892438e-09,0.0020000006,1.1466847e-11,nan,nan,nan,nan,nan,nan,nan,nan,0
5145689481,5145689205,0.0019999985,1.2982654e-09,0.0020000008,1.14070125e-11,nan,nan,nan,nan,nan,nan,nan,nan,0
5145694471,5145694198,0.0020000008,0.0,0.0020000008,0.0,nan,nan,nan,nan,nan,nan,nan,nan,0
5145699473,5145699192,0.0020000022,1.2980771e-09,0.001999997,1.1595273e-11,nan,nan,nan,nan,nan,nan,nan,nan,0
5145705712,5145705434,0.002000002,3.073807e-09,0.0019999952,1.1199125e-11,nan,nan,nan,nan,nan,nan,nan,nan,0
5145709466,5145709180,0.0019999985,2.8416123e-09,0.0019999994,1.0563172e-11,nan,nan,nan,nan,nan,nan,nan,nan,0
5145715689,5145715422,0.0020000022,1.8530834e-09,0.0019999966,9.561839e-12,nan,nan,nan,nan,nan,nan,nan,nan,0
5145719445,5145719167,0.0020000006,0.0,0.0020000003,0.0,nan,nan,nan,nan,nan,nan,nan,nan,0
5145726936,5145726657,0.0020000003,1.9487632e-10,0.002,8.85049e-12,nan,nan,nan,nan,nan,nan,nan,nan,0
5145729437,5145729155,0.0020000022,1.650466e-09,0.001999997,8.4523204e-12,nan,nan,nan,nan,nan,nan,nan,nan,0
5145736932,5145736645,0.0020000008,0.0,0.0020000008,0.0,nan,nan,nan,nan,nan,nan,nan,nan,0
5145740672,5145740392,0.0020000024,2.4956088e-09,0.0019999961,7.320556e-12,nan,nan,nan,nan,nan,nan,nan,nan,0
5145746901,5145746633,0.0020000024,2.0296138e-09,0.0019999964,7.6543424e-12,nan,nan,nan,nan,nan,nan,nan,nan,0
5145750655,5145750378,0.0020000022,1.6515371e-09,0.0019999968,7.381165e-12,nan,nan,nan,nan,nan,nan,nan,nan,0
5145754397,5145754123,0.0020000022,2.9328002e-09,0.0019999957,6.686639e-12,nan,nan,nan,nan,nan,nan,nan,nan,0
5145759396,5145759117,0.0020000022,1.3036693e-09,0.001999997,6.0031407e-12,nan,nan,nan,nan,nan,nan,nan,nan,0
5145764393,5145764112,0.0020000003,4.0221165e-10,0.0019999999,5.241982e-12,nan,nan,nan,nan,nan,nan,nan,nan,0
5145769381,5145769105,0.0020000003,1.1121673e-10,0.0020000003,5.198588e-12,nan,nan,nan,nan,nan,nan,nan,nan,0
5145775618,5145775347,0.0020000022,2.497634e-09,0.001999996,5.2953336e-12,nan,nan,nan,nan,nan,nan,nan,nan,0
5145781861,5145781589,0.0020000003,8.681993e-10,0.0019999994,4.9156096e-12,nan,nan,nan,nan,nan,nan,nan,nan,0
5145785605,5145785334,0.0020000022,2.4983262e-09,0.0019999961,4.6031616e-12,nan,nan,nan,nan,nan,nan,nan,nan,0
5145789360,5145789080,0.0020000003,0.0,0.0020000003,0.0,nan,nan,nan,nan,nan,nan,nan,nan,0
5145796842,5145796570,0.0020000006,0.0,0.0020000006,0.0,nan,nan,nan,nan,nan,nan,nan,nan,0
5145799358,5145799067,0.0020000003,4.0473472e-10,0.0019999999,2.7189032e-12,nan,nan,nan,nan,nan,nan,nan,nan,0
5145806834,5145806558,0.0019999987,0.0,0.0019999987,0.0,nan,nan,nan,nan,nan,nan,nan,nan,0
5145810585,5145810303,0.0020000006,0.0,0.0020000006,0.0,nan,nan,nan,nan,nan,nan,nan,nan,0
5145816817,5145816545,0.0020000022,2.8494829e-09,0.0019999957,2.6925701e-12,nan,nan,nan,nan,nan,nan,nan,nan,0
5145820565,5145820291,0.002,2.299989e-10,0.0019999999,2.8317505e-12,nan,nan,nan,nan,nan,nan,nan,nan,0
5145824330,5145824036,0.0020000003,7.539725e-10,0.0019999994,2.7270772e-12,nan,nan,nan,nan,nan,nan,nan,nan,0
5145829328,5145829029,0.0020000008,0.0,0.0020000008,0.0,nan,nan,nan,nan,nan,nan,nan,nan,0
5145834316,5145834028,0.0019999985,1.3939097e-09,0.0020000008,3.0742006e-12,nan,nan,nan,nan,nan,nan,nan,nan,0
5145841786,5145841514,0.0019999985,2.2670323e-09,0.001999998,3.0664325e-12,nan,nan,nan,nan,nan,nan,nan,nan,0
5145845533,5145845259,0.0019999985,1.2776905e-09,0.001999999,2.8780537e-12,nan,nan,nan,nan,nan,nan,nan,nan,0
5145849303,5145849011,0.0020000006,0.0,0.0019999985,0.0,nan,nan,nan,nan,nan,nan,nan,nan,0
5145855529,5145855247,0.002,1.2783454e-09,0.001999999,2.2230846e-12,nan,nan,nan,nan,nan,nan,nan,nan,0
5145859274,5145858992,0.0020000022,3.1412108e-09,0.0019999952,2.0027452e-12,nan,nan,nan,nan,nan,nan,nan,nan,0
5145866756,5145866483,0.0020000008,0.0,0.0020000008,0.0,nan,nan,nan,nan,nan,nan,nan,nan,0
5145870519,5145870229,0.0020000003,2.893135e-10,0.0019999999,1.7248217e-12,nan,nan,nan,nan,nan,nan,nan,nan,0
5145876748,5145876470,0.0020000003,1.3951423e-09,0.0019999952,1.8414992e-12,nan,nan,nan,nan,nan,nan,nan,nan,0
5145880493,5145880216,0.0020000006,0.0,0.0020000006,0.0,nan,nan,nan,nan,nan,nan,nan,nan,0
5145887998,5145887712,0.0019999987,0.0,0.0020000006,0.0,nan,nan,nan,nan,nan,nan,nan,nan,0
5145890476,5145890203,0.0020000006,0.0,0.0020000006,0.0,nan,nan,nan,nan,nan,nan,nan,nan,0
5145894227,5145893948,0.002,0.0,0.0020000003,0.0,nan,nan,nan,nan,nan,nan,nan,nan,0
5145899223,5145898942,0.0020000022,1.5706099e-09,0.0019999966,9.97015e-13,nan,nan,nan,nan,nan,nan,nan,nan,0
5145905464,5145905184,0.0019999985,2.1520368e-09,0.002,1.6466186e-12,nan,nan,nan,nan,nan,nan,nan,nan,0
5145909207,5145908929,0.002,0.0,0.0020000003,0.0,nan,nan,nan,nan,nan,nan,nan,nan,0
5145915449,5145915172,0.0020000006,0.0,0.0020000006,0.0,nan,nan,nan,nan,nan,nan,nan,nan,0
5145922950,5145922662,0.0020000003,1.3367124e-09,0.001999997,2.0637606e-12,nan,nan,nan,nan,nan,nan,nan,nan,0
5145925442,5145925159,0.0020000003,1.1437904e-10,0.0020000003,2.0362826e-12,nan,nan,nan,nan,nan,nan,nan,nan,0
5145929189,5145928905,0.0020000003,0.0,0.0020000006,0.0,nan,nan,nan,nan,nan,nan,nan,nan,0
5145936669,5145936395,0.0020000003,0.0,0.0020000006,0.0,nan,nan,nan,nan,nan,nan,nan,nan,0
5145940421,5145940142,0.0020000003,0.0,0.0020000006,0.0,nan,nan,nan,nan,nan,nan,nan,nan,0
5145946665,5145946382,0.0020000003,1.15523674e-10,0.0020000003,8.916496e-13,nan,nan,nan,nan,nan,nan,nan,nan,0
5145950412,5145950128,0.0020000003,0.0,0.0020000003,0.0,nan,nan,nan,nan,nan,nan,nan,nan,0
5145957896,5145957619,0.0020000024,1.7451853e-09,0.0019999968,1.0444701e-12,nan,nan,nan,nan,nan,nan,nan,nan,0
5145960390,5145960115,0.0020000022,1.3961751e-09,0.001999997,8.088339e-13,nan,nan,nan,nan,nan,nan,nan,nan,0
5145964147,5145963861,0.0020000003,0.0,0.0020000003,2.9865433e-13,nan,nan,nan,nan,nan,nan,nan,nan,0
5145971641,5145971351,0.0020000003,0.0,0.0020000006,0.0,nan,nan,nan,nan,nan,nan,nan,nan,0
5145975378,5145975097,0.0020000003,0.0,0.0020000003,0.0,nan,nan,nan,nan,nan,nan,nan,nan,0
5145981614,5145981339,0.002,2.8973612e-10,0.0019999999,1.3021806e-12,nan,nan,nan,nan,nan,nan,nan,nan,0
5145985361,5145985085,0.0020000006,0.0,0.0020000006,0.0,nan,nan,nan,nan,nan,nan,nan,nan,0
5145992847,5145992575,0.0020000022,1.5704338e-09,0.0019999968,1.1731085e-12,nan,nan,nan,nan,nan,nan,nan,nan,0
5145995352,5145995072,0.0020000003,5.224785e-10,0.0019999999,1.3904433e-12,nan,nan,nan,nan,nan,nan,nan,nan,0
5145999096,5145998817,0.0020000003,3.7700004e-10,0.0019999999,1.3497623e-12,nan,nan,nan,nan,nan,nan,nan,nan,0
5146006587,5146006308,0.0020000024,0.0,0.0019999987,0.0,nan,nan,nan,nan,nan,nan,nan,nan,0
5146010337,5146010058,0.0020000006,6.3888295e-10,0.0019999999,1.4013322e-12,nan,nan,nan,nan,nan,nan,nan,nan,0
5146016569,5146016295,0.0020000006,0.0,0.0020000006,0.0,nan,nan,nan,nan,nan,nan,nan,nan,0
5146020326,5146020041,0.0020000022,2.8503833e-09,0.0019999957,1.792214e-12,nan,nan,nan,nan,nan,nan,nan,nan,0
5146027800,5146027531,0.0019999985,2.5880735e-09,0.0019999994,2.1674138e-12,nan,nan,nan,nan,nan,nan,nan,nan,0
5146030326,5146030028,0.0020000022,1.2784777e-09,0.001999997,2.090923e-12,nan,nan,nan,nan,nan,nan,nan,nan,0
5146034064,5146033773,0.0019999985,2.3844775e-09,0.0019999999,2.036614e-12,nan,nan,nan,nan,nan,nan,nan,nan,0
5146041537,5146041264,0.0019999985,2.4424835e-09,0.0019999999,2.238116e-12,nan,nan,nan,nan,nan,nan,nan,nan,0
5146045287,5146045009,0.0019999985,3.053297e-09,0.0019999992,2.6051626e-12,nan,nan,nan,nan,nan,nan,nan,nan,0
5146051520,5146051254,0.0020000003,3.7488337e-10,0.0019999999,3.466432e-12,nan,nan,nan,nan,nan,nan,nan,nan,0
5146055294,5146055007,0.0020000003,9.855615e-10,0.0019999994,3.968763e-12,nan,nan,nan,nan,nan,nan,nan,nan,0
5146059014,5146058742,0.0020000003,1.1597827e-09,0.0019999992,4.370551e-12,nan,nan,nan,nan,nan,nan,nan,nan,0
5146066508,5146066232,0.0020000022,1.6545665e-09,0.0019999968,4.351826e-12,nan,nan,nan,nan,nan,nan,nan,nan,0
5146069016,5146068730,0.0020000006,0.0,0.0020000006,0.0,nan,nan,nan,nan,nan,nan,nan,nan,0
5146076493,5146076220,0.0020000003,1.7066988e-10,0.0019999982,3.9531017e-12,nan,nan,nan,nan,nan,nan,nan,nan,0
5146080247,5146079966,0.0019999985,1.0730111e-09,0.0019999975,3.8306545e-12,nan,nan,nan,nan,nan,nan,nan,nan,0
5146086542,5146086213,0.0020000003,0.0,0.0020000003,0.0,nan,nan,nan,nan,nan,nan,nan,nan,0
5146090225,5146089953,0.0020000006,0.0,0.0020000006,0.0,nan,nan,nan,nan,nan,nan,nan,nan,0
5146098992,5146098692,0.0020000022,1.3935761e-09,0.001999997,3.4076682e-12,nan,nan,nan,nan,nan,nan,nan,nan,0
5146101524,5146101195,0.0020000003,0.0,0.0020000003,0.0,nan,nan,nan,nan,nan,nan,nan,nan,0
5146103961,5146103686,0.0019999982,1.6264865e-09,0.0020000006,3.327975e-12,nan,nan,nan,nan,nan,nan,nan,nan,0
5146111445,5146111176,0.0019999987,1.6267694e-09,0.0020000008,3.0451301e-12,nan,nan,nan,nan,nan,nan,nan,nan,0
5146115204,5146114922,0.0020000003,8.116026e-10,0.0019999994,3.3046534e-12,nan,nan,nan,nan,nan,nan,nan,nan,0
5146121450,5146121164,0.0020000003,1.2477339e-09,0.001999999,3.73079e-12,nan,nan,nan,nan,nan,nan,nan,nan,0
5146125193,5146124909,0.0019999985,3.0811687e-09,0.0019999992,3.8374495e-12,nan,nan,nan,nan,nan,nan,nan,nan,0
5146128935,5146128654,0.002000002,1.3060256e-09,0.001999997,3.6467114e-12,nan,nan,nan,nan,nan,nan,nan,nan,0
5146136421,5146136145,0.0020000006,0.0,0.0020000003,0.0,nan,nan,nan,nan,nan,nan,nan,nan,0
5146138977,5146138645,0.0019999985,2.6744882e-09,0.0019999994,3.064252e-12,nan,nan,nan,nan,nan,nan,nan,nan,0
5146146467,5146146135,0.0020000024,1.7426182e-09,0.0019999968,3.6116943e-12,nan,nan,nan,nan,nan,nan,nan,nan,0
5146150154,5146149878,0.0020000003,1.4149891e-10,0.0020000003,4.020244e-12,nan,nan,nan,nan,nan,nan,nan,nan,0
5146156395,5146156121,0.0020000022,8.9762764e-10,0.0019999975,4.591128e-12,nan,nan,nan,nan,nan,nan,nan,nan,0
5146160142,5146159872,0.002,7.227174e-10,0.0019999996,4.878393e-12,nan,nan,nan,nan,nan,nan,nan,nan,0
5146168891,5146168606,0.0019999982,1.5368908e-09,0.0020000006,5.612219e-12,nan,nan,nan,nan,nan,nan,nan,nan,0
5146171374,5146171101,0.0020000006,0.0,0.0020000006,0.0,nan,nan,nan,nan,nan,nan,nan,nan,0
5146173874,5146173599,0.0020000006,0.0,0.0020000006,0.0,nan,nan,nan,nan,nan,nan,nan,nan,0
5146181357,5146181089,0.0020000003,0.0,0.0020000003,0.0,nan,nan,nan,nan,nan,nan,nan,nan,0
5146185118,5146184834,0.0019999985,1.8274754e-09,0.0020000003,6.065967e-12,nan,nan,nan,nan,nan,nan,nan,nan,0
5146191400,5146191077,0.0020000024,1.6528735e-09,0.0019999968,6.044854e-12,nan,nan,nan,nan,nan,nan,nan,nan,0
5146195093,5146194822,0.0020000003,2.8478128e-10,0.0019999999,6.257033e-12,nan,nan,nan,nan,nan,nan,nan,nan,0
5146202588,5146202313,0.0020000003,0.0,0.0020000006,0.0,nan,nan,nan,nan,nan,nan,nan,nan,0
5146206380,5146206058,0.002000002,1.5054258e-09,0.0019999968,7.9733685e-12,nan,nan,nan,nan,nan,nan,nan,nan,0
5146210081,5146209804,0.0020000003,1.0684509e-09,0.0019999994,8.390896e-12,nan,nan,nan,nan,nan,nan,nan,nan,0
5146216382,5146216050,0.002000002,1.5336463e-09,0.0019999968,8.85665e-12,nan,nan,nan,nan,nan,nan,nan,nan,0
5146220073,5146219791,0.0020000003,1.3663037e-10,0.0020000003,8.888782e-12,nan,nan,nan,nan,nan,nan,nan,nan,0
5146226309,5146226032,0.0019999985,1.4760534e-09,0.0020000008,8.241994e-12,nan,nan,nan,nan,nan,nan,nan,nan,0
5146230070,5146229778,0.0020000003,1.3017611e-09,0.001999999,7.911267e-12,nan,nan,nan,nan,nan,nan,nan,nan,0
5146238792,5146238517,0.0020000022,2.757888e-09,0.0019999957,6.975953e-12,nan,nan,nan,nan,nan,nan,nan,nan,0
5146241299,5146241014,0.0020000003,1.2447212e-09,0.0019999992,6.7435346e-12,nan,nan,nan,nan,nan,nan,nan,nan,0
5146243845,5146243511,0.0020000006,0.0,0.0020000006,0.0,nan,nan,nan,nan,nan,nan,nan,nan,0
5146251317,5146251001,0.0019999985,1.3896354e-09,0.0020000008,7.3485e-12,nan,nan,nan,nan,nan,nan,nan,nan,0
5146255034,5146254747,0.0020000003,9.820299e-10,0.0019999994,7.500341e-12,nan,nan,nan,nan,nan,nan,nan,nan,0
5146262513,5146262238,0.002000002,2.699449e-09,0.0019999957,7.207141e-12,nan,nan,nan,nan,nan,nan,nan,nan,0
5146265011,5146264734,0.0020000003,9.530102e-10,0.0019999994,7.416208e-12,nan,nan,nan,nan,nan,nan,nan,nan,0
5146272529,5146272225,0.0019999987,2.524061e-09,0.0019999999,7.972364e-12,nan,nan,nan,nan,nan,nan,nan,nan,0
5146276240,5146275970,0.0019999982,1.5925996e-09,0.0020000003,8.11104e-12,nan,nan,nan,nan,nan,nan,nan,nan,0
5146280001,5146279716,0.0020000022,1.7088352e-09,0.0019999968,8.290773e-12,nan,nan,nan,nan,nan,nan,nan,nan,0
5146286229,5146285958,0.0020000003,5.442013e-10,0.0019999999,8.771477e-12,nan,nan,nan,nan,nan,nan,nan,nan,0
5146289980,5146289703,0.0020000003,0.0,0.0020000003,0.0,nan,nan,nan,nan,nan,nan,nan,nan,0
5146297479,5146297194,0.0020000006,0.0,0.0020000006,0.0,nan,nan,nan,nan,nan,nan,nan,nan,0
5146299962,5146299690,0.0020000022,2.930539e-09,0.0019999957,8.948019e-12,nan,nan,nan,nan,nan,nan,nan,nan,0
5146308706,5146308430,0.0020000024,1.2722483e-09,0.0019999973,8.32028e-12,nan,nan,nan,nan,nan,nan,nan,nan,0
5146311239,5146310926,0.0020000006,0.0,0.0020000006,0.0,nan,nan,nan,nan,nan,nan,nan,nan,0
5146314948,5146314672,0.0019999985,1.2720373e-09,0.0020000008,8.531264e-12,nan,nan,nan,nan,nan,nan,nan,nan,0
5146321189,5146320920,0.0020000003,1.3678916e-10,0.0020000003,8.729987e-12,nan,nan,nan,nan,nan,nan,nan,nan,0
5146324941,5146324659,0.0020000003,8.9331803e-10,0.0019999994,8.9006875e-12,nan,nan,nan,nan,nan,nan,nan,nan,0
5146332429,5146332150,0.0020000003,4.9292924e-11,0.0020000003,8.914739e-12,nan,nan,nan,nan,nan,nan,nan,nan,0
5146334925,5146334647,0.0020000003,5.442301e-10,0.0019999999,8.742656e-12,nan,nan,nan,nan,nan,nan,nan,nan,0
5146338674,5146338393,0.0019999985,2.902034e-09,0.0019999994,8.349137e-12,nan,nan,nan,nan,nan,nan,nan,nan,0
5146346168,5146345883,0.0020000003,8.9390007e-10,0.0019999994,8.318686e-12,nan,nan,nan,nan,nan,nan,nan,nan,0
5146349912,5146349628,0.0020000022,1.4757916e-09,0.001999997,8.503793e-12,nan,nan,nan,nan,nan,nan,nan,nan,0
5146356180,5146355870,0.0020000022,1.6793804e-09,0.0019999968,8.641756e-12,nan,nan,nan,nan,nan,nan,nan,nan,0
5146359890,5146359616,0.0020000006,0.0,0.0020000006,0.0,nan,nan,nan,nan,nan,nan,nan,nan,0
5146368629,5146368355,0.0020000003,1.0671891e-09,0.0019999994,9.652662e-12,nan,nan,nan,nan,nan,nan,nan,nan,0
5146369884,5146369603,0.002,2.5222865e-10,0.002,9.705809e-12,nan,nan,nan,nan,nan,nan,nan,nan,0
5146377365,5146377093,0.0020000006,0.0,0.0020000006,0.0,nan,nan,nan,nan,nan,nan,nan,nan,0
5146381110,5146380839,0.0020000003,4.934506e-11,0.0020000003,8.862602e-12,nan,nan,nan,nan,nan,nan,nan,nan,0
5146384852,5146384584,0.0020000003,0.0,0.0020000003,0.0,nan,nan,nan,nan,nan,nan,nan,nan,0
5146391095,5146390826,0.0020000006,0.0,0.0020000008,0.0,nan,nan,nan,nan,nan,nan,nan,nan,0
5146394843,5146394572,0.0020000006,0.0,0.0020000008,0.0,nan,nan,nan,nan,nan,nan,nan,nan,0
5146402339,5146402064,0.0020000003,1.661401e-10,0.0020000003,8.482883e-12,nan,nan,nan,nan,nan,nan,nan,nan,0
5146404832,5146404559,0.0020000022,1.912175e-09,0.0019999966,8.6776974e-12,nan,nan,nan,nan,nan,nan,nan,nan,0
5146412330,5146412050,0.0020000003,8.3503326e-10,0.0019999994,8.977829e-12,nan,nan,nan,nan,nan,nan,nan,nan,0
5146416110,5146415795,0.0019999985,2.1447217e-09,0.0019999999,8.961675e-12,nan,nan,nan,nan,nan,nan,nan,nan,0
5146419823,5146419541,0.0020000022,2.7267801e-09,0.0019999957,8.9799e-12,nan,nan,nan,nan,nan,nan,nan,nan,0
5146426065,5146425783,0.002,0.0,0.0020000003,0.0,nan,nan,nan,nan,nan,nan,nan,nan,0
5146429811,5146429529,0.0019999985,2.5823061e-09,0.0019999994,7.93466e-12,nan,nan,nan,nan,nan,nan,nan,nan,0
5146438598,5146438267,0.002000002,1.5934389e-09,0.0019999968,7.2717353e-12,nan,nan,nan,nan,nan,nan,nan,nan,0
5146439806,5146439516,0.0020000003,0.0,0.0020000003,0.0,nan,nan,nan,nan,nan,nan,nan,nan,0
5146448539,5146448259,0.0019999985,2.9618814e-09,0.0019999992,6.7092998e-12,nan,nan,nan,nan,nan,nan,nan,nan,0
5146451022,5146450751,0.0020000003,4.2977982e-10,0.0019999999,6.777648e-12,nan,nan,nan,nan,nan,nan,nan,nan,0
5146454775,5146454497,0.0020000022,2.6413032e-09,0.0019999957,7.1454856e-12,nan,nan,nan,nan,nan,nan,nan,nan,0
5146461053,5146460742,0.0020000003,8.07287e-10,0.0019999994,7.620252e-12,nan,nan,nan,nan,nan,nan,nan,nan,0
5146464762,5146464484,0.0020000022,2.0000253e-09,0.0019999966,8.1390745e-12,nan,nan,nan,nan,nan,nan,nan,nan,0
5146472243,5146471975,0.0020000022,2.3482036e-09,0.0019999961,9.206632e-12,nan,nan,nan,nan,nan,nan,nan,nan,0
5146474765,5146474472,0.0020000003,8.9284924e-10,0.0019999994,9.36951e-12,nan,nan,nan,nan,nan,nan,nan,nan,0
5146482228,5146481962,0.0020000006,0.0,0.0020000008,0.0,nan,nan,nan,nan,nan,nan,nan,nan,0
5146485980,5146485708,0.002,0.0,0.0020000003,0.0,nan,nan,nan,nan,nan,nan,nan,nan,0
5146489767,5146489453,0.002,8.9092556e-10,0.0019999994,1.1293164e-11,nan,nan,nan,nan,nan,nan,nan,nan,0
5146495969,5146495695,0.0020000006,0.0,0.0020000006,0.0,nan,nan,nan,nan,nan,nan,nan,nan,0
5146499717,5146499441,0.002000002,1.559538e-09,0.0019999968,1.2068761e-11,nan,nan,nan,nan,nan,nan,nan,nan,0
5146508456,5146508179,0.0019999985,3.1020857e-09,0.0019999992,1.2024109e-11,nan,nan,nan,nan,nan,nan,nan,nan,0
5146510958,5146510676,0.0020000006,0.0,0.0020000006,0.0,nan,nan,nan,nan,nan,nan,nan,nan,0
5146518444,5146518167,0.0020000008,0.0,0.002000001,0.0,nan,nan,nan,nan,nan,nan,nan,nan,0
5146521026,5146520666,0.0020000022,1.8219488e-09,0.0019999966,1.1592501e-11,nan,nan,nan,nan,nan,nan,nan,nan,0
5146524681,5146524409,0.0020000022,1.2984388e-09,0.001999997,1.1233564e-11,nan,nan,nan,nan,nan,nan,nan,nan,0
5146530941,5146530651,0.0020000022,1.3281283e-09,0.001999997,1.0647925e-11,nan,nan,nan,nan,nan,nan,nan,nan,0
5146534664,5146534397,0.0020000006,1.3451287e-10,0.0020000003,1.1006286e-11,nan,nan,nan,nan,nan,nan,nan,nan,0
5146542157,5146541887,0.0019999987,1.2689827e-09,0.002000001,1.1585809e-11,nan,nan,nan,nan,nan,nan,nan,nan,0
5146545920,5146545633,0.0019999985,1.3565501e-09,0.0020000008,1.1329944e-11,nan,nan,nan,nan,nan,nan,nan,nan,0
5146552167,5146551875,0.0019999987,2.4342666e-09,0.0019999999,1.0455296e-11,nan,nan,nan,nan,nan,nan,nan,nan,0
5146555900,5146555620,0.0020000003,0.0,0.0020000006,0.0,nan,nan,nan,nan,nan,nan,nan,nan,0
5146559637,5146559366,0.0019999987,1.2415498e-09,0.0020000013,9.91497e-12,nan,nan,nan,nan,nan,nan,nan,nan,0
5146565905,5146565608,0.002,2.5310865e-10,0.0019999999,8.825829e-12,nan,nan,nan,nan,nan,nan,nan,nan,0
5146569631,5146569353,0.0019999985,1.3013511e-09,0.0020000008,8.321267e-12,nan,nan,nan,nan,nan,nan,nan,nan,0
5146578368,5146578092,0.0019999985,2.4364857e-09,0.0019999999,8.236077e-12,nan,nan,nan,nan,nan,nan,nan,nan,0
5146580885,5146580589,0.0019999982,2.5819833e-09,0.0019999996,8.257662e-12,nan,nan,nan,nan,nan,nan,nan,nan,0
5146587106,5146586831,0.0020000006,0.0,0.0020000006,0.0,nan,nan,nan,nan,nan,nan,nan,nan,0
5146590847,5146590577,0.0020000003,7.4822426e-10,0.0019999994,8.475325e-12,nan,nan,nan,nan,nan,nan,nan,nan,0
5146594589,5146594322,0.0020000003,1.184626e-09,0.0019999992,8.63112e-12,nan,nan,nan,nan,nan,nan,nan,nan,0
5146600832,5146600564,0.0019999985,1.7665418e-09,0.0020000003,8.7918665e-12,nan,nan,nan,nan,nan,nan,nan,nan,0
5146604583,5146604309,0.0020000003,0.0,0.002,0.0,nan,nan,nan,nan,nan,nan,nan,nan,0
5146612089,5146611800,0.0020000003,4.2680942e-10,0.0019999999,9.748046e-12,nan,nan,nan,nan,nan,nan,nan,nan,0
5146615828,5146615545,0.0019999985,2.4349565e-09,0.0019999999,9.7652945e-12,nan,nan,nan,nan,nan,nan,nan,nan,0
5146622082,5146621788,0.0020000022,2.4637818e-09,0.0019999961,1.004369e-11,nan,nan,nan,nan,nan,nan,nan,nan,0
5146625823,5146625533,0.0020000008,0.0,0.0020000008,0.0,nan,nan,nan,nan,nan,nan,nan,nan,0
5146629557,5146629278,0.0020000003,0.0,0.0020000008,0.0,nan,nan,nan,nan,nan,nan,nan,nan,0
5146637051,5146636769,0.002,1.1816274e-09,0.0019999954,1.1629682e-11,nan,nan,nan,nan,nan,nan,nan,nan,0
5146639547,5146639268,0.0020000003,5.411985e-10,0.001999998,1.1774321e-11,nan,nan,nan,nan,nan,nan,nan,nan,0
5146648311,5146648005,0.0019999985,1.2982121e-09,0.0020000008,1.1460274e-11,nan,nan,nan,nan,nan,nan,nan,nan,0
5146650786,5146650501,0.0019999982,1.5892747e-09,0.0020000003,1.1435991e-11,nan,nan,nan,nan,nan,nan,nan,nan,0
5146654522,5146654247,0.0020000006,0.0,0.0020000024,0.0,nan,nan,nan,nan,nan,nan,nan,nan,0
5146660759,5146660489,0.0020000003,1.7536339e-11,0.0020000003,1.1567492e-11,nan,nan,nan,nan,nan,nan,nan,nan,0
5146664521,5146664237,0.002000002,3.1025469e-09,0.0019999952,1.15629745e-11,nan,nan,nan,nan,nan,nan,nan,nan,0
5146672017,5146671725,0.002000002,1.327439e-09,0.0019999933,1.1337115e-11,nan,nan,nan,nan,nan,nan,nan,nan,0
5146674492,5146674222,0.0020000003,4.543851e-10,0.0019999961,1.1276171e-11,nan,nan,nan,nan,nan,nan,nan,nan,0
5146681982,5146681712,0.0020000022,1.4147947e-09,0.001999997,1.12929735e-11,nan,nan,nan,nan,nan,nan,nan,nan,0
5146685751,5146685458,0.0020000022,1.7057913e-09,0.0019999968,1.13347266e-11,nan,nan,nan,nan,nan,nan,nan,nan,0
5146691967,5146691700,0.0019999985,1.9680237e-09,0.0019999985,1.10366855e-11,nan,nan,nan,nan,nan,nan,nan,nan,0
5146695718,5146695446,0.0020000006,1.9285731e-10,0.0020000003,1.0869505e-11,nan,nan,nan,nan,nan,nan,nan,nan,0
5146699464,5146699191,0.0019999985,1.7644495e-09,0.0019999966,1.0884134e-11,nan,nan,nan,nan,nan,nan,nan,nan,0
5146708236,5146707930,0.0020000003,4.5457083e-10,0.0019999961,1.10904515e-11,nan,nan,nan,nan,nan,nan,nan,nan,0
5146709453,5146709180,0.0020000003,7.7473483e-10,0.001999996,1.106861e-11,nan,nan,nan,nan,nan,nan,nan,nan,0
5146718192,5146717917,0.0020000003,4.2544748e-10,0.0019999999,1.1109972e-11,nan,nan,nan,nan,nan,nan,nan,nan,0
5146720686,5146720414,0.0020000006,6.5818234e-10,0.0019999999,1.1205764e-11,nan,nan,nan,nan,nan,nan,nan,nan,0
5146724441,5146724159,0.0020000003,0.0,0.0020000003,0.0,nan,nan,nan,nan,nan,nan,nan,nan,0
5146730713,5146730404,0.0020000022,1.5320966e-09,0.0019999968,1.0406474e-11,nan,nan,nan,nan,nan,nan,nan,nan,0
5146734417,5146734147,0.0020000022,2.9293485e-09,0.0019999938,1.0138362e-11,nan,nan,nan,nan,nan,nan,nan,nan,0
5146741930,5146741637,0.0020000003,0.0,0.0019999966,0.0,nan,nan,nan,nan,nan,nan,nan,nan,0
5146744409,5146744135,0.0020000003,1.4754228e-09,0.0020000008,8.872569e-12,nan,nan,nan,nan,nan,nan,nan,nan,0
5146751891,5146751625,0.0020000003,8.941676e-10,0.0019999994,8.051197e-12,nan,nan,nan,nan,nan,nan,nan,nan,0
5146755645,5146755372,0.0020000006,0.0,0.0020000003,0.0,nan,nan,nan,nan,nan,nan,nan,nan,0
5146761902,5146761612,0.0020000003,8.6728863e-10,0.0019999994,5.8262804e-12,nan,nan,nan,nan,nan,nan,nan,nan,0
5146765648,5146765358,0.0019999982,2.2356041e-09,0.0019999999,5.3907313e-12,nan,nan,nan,nan,nan,nan,nan,nan,0
5146769373,5146769103,0.002,3.4410702e-10,0.0019999999,5.1389327e-12,nan,nan,nan,nan,nan,nan,nan,nan,0
5146778125,5146777842,0.0020000006,0.0,0.0020000006,0.0,nan,nan,nan,nan,nan,nan,nan,nan,0
5146779378,5146779092,0.0020000006,0.0,0.0020000006,0.0,nan,nan,nan,nan,nan,nan,nan,nan,0
5146786852,5146786581,0.0020000003,8.094684e-10,0.0019999994,5.4388993e-12,nan,nan,nan,nan,nan,nan,nan,nan,0
5146790612,5146790327,0.0020000022,1.2752016e-09,0.001999997,5.366962e-12,nan,nan,nan,nan,nan,nan,nan,nan,0
5146798109,5146797821,0.0019999985,9.259384e-10,0.0019999975,5.3841705e-12,nan,nan,nan,nan,nan,nan,nan,nan,0
5146800587,5146800314,0.0020000003,0.0,0.0019999985,0.0,nan,nan,nan,nan,nan,nan,nan,nan,0
5146804332,5146804059,0.0020000024,0.0,0.0019999982,0.0,nan,nan,nan,nan,nan,nan,nan,nan,0
5146811823,5146811551,0.0020000006,1.7103247e-10,0.002,3.5905098e-12,nan,nan,nan,nan,nan,nan,nan,nan,0
5146814340,5146814047,0.0020000003,5.4941524e-10,0.0019999999,3.557531e-12,nan,nan,nan,nan,nan,nan,nan,nan,0
5146821815,5146821538,0.0020000003,0.0,0.0020000006,0.0,nan,nan,nan,nan,nan,nan,nan,nan,0
5146825585,5146825292,0.0019999985,1.9177957e-09,0.0020000003,3.0571327e-12,nan,nan,nan,nan,nan,nan,nan,nan,0
5146831797,5146831525,0.0020000022,9.867277e-10,0.0019999975,2.8025238e-12,nan,nan,nan,nan,nan,nan,nan,nan,0
5146835550,5146835273,0.0019999985,2.7910452e-09,0.0019999994,2.9224713e-12,nan,nan,nan,nan,nan,nan,nan,nan,0
5146839310,5146839016,0.0020000006,5.502033e-10,0.0019999999,2.7694704e-12,nan,nan,nan,nan,nan,nan,nan,nan,0
5146848041,5146847755,0.0019999985,1.8598274e-09,0.0020000003,2.8177582e-12,nan,nan,nan,nan,nan,nan,nan,nan,0
5146849282,5146849003,0.002,3.465272e-10,0.0019999999,2.7187592e-12,nan,nan,nan,nan,nan,nan,nan,nan,0
5146856793,5146856496,0.0019999985,1.3363386e-09,0.0020000008,2.4376074e-12,nan,nan,nan,nan,nan,nan,nan,nan,0
5146860509,5146860239,0.0020000003,0.0,0.002,0.0,nan,nan,nan,nan,nan,nan,nan,nan,0
5146868029,5146867730,0.002000002,3.0836538e-09,0.0019999915,1.3523228e-12,nan,nan,nan,nan,nan,nan,nan,nan,0
5146870501,5146870226,0.002,4.0633202e-10,0.0019999961,1.1215924e-12,nan,nan,nan,nan,nan,nan,nan,nan,0
5146874269,5146873972,0.0020000022,1.6286164e-09,0.0019999947,1.1981596e-12,nan,nan,nan,nan,nan,nan,nan,nan,0
5146881733,5146881462,0.0019999985,2.036085e-09,0.0020000003,1.1829461e-12,nan,nan,nan,nan,nan,nan,nan,nan,0
5146885486,5146885209,0.0020000003,0.0,0.0020000003,0.0,nan,nan,nan,nan,nan,nan,nan,nan,0
5146891729,5146891450,0.0020000003,0.0,0.0020000003,5.35752e-13,nan,nan,nan,nan,nan,nan,nan,nan,0
5146895475,5146895196,0.0020000006,0.0,0.0020000006,0.0,nan,nan,nan,nan,nan,nan,nan,nan,0
5146902981,5146902686,0.0020000003,4.6468168e-10,0.0019999999,9.79614e-13,nan,nan,nan,nan,nan,nan,nan,nan,0
5146905468,5146905183,0.0020000024,1.6288408e-09,0.0019999952,9.737038e-13,nan,nan,nan,nan,nan,nan,nan,nan,0
5146909280,5146908928,0.002,1.2215623e-09,0.001999999,7.9860077e-13,nan,nan,nan,nan,nan,nan,nan,nan,0
5146917946,5146917667,0.0020000022,2.792792e-09,0.0019999957,1.1757244e-12,nan,nan,nan,nan,nan,nan,nan,nan,0
5146920438,5146920164,0.0020000006,0.0,0.0020000006,0.0,nan,nan,nan,nan,nan,nan,nan,nan,0
5146927937,5146927655,0.0019999987,2.55999e-09,0.0019999996,1.146994e-12,nan,nan,nan,nan,nan,nan,nan,nan,0
5146930421,5146930151,0.0020000008,0.0,0.0020000006,0.0,nan,nan,nan,nan,nan,nan,nan,nan,0
5146937927,5146937642,0.0019999985,1.6297422e-09,0.0020000008,7.2237355e-14,nan,nan,nan,nan,nan,nan,nan,nan,0
5146940471,5146940139,0.002000002,1.7756734e-09,0.0019999966,2.8764144e-11,nan,nan,nan,nan,nan,nan,nan,nan,0
5146944154,5146943884,0.0019999985,1.3101673e-09,0.0020000008,2.8608848e-11,nan,nan,nan,nan,nan,nan,nan,nan,0
5146951646,5146951375,0.0020000022,2.47396e-09,0.0019999961,2.8969417e-11,nan,nan,nan,nan,nan,nan,nan,nan,0
5146955419,5146955121,0.0020000022,1.9202906e-09,0.0019999966,5.6224816e-13,nan,nan,nan,nan,nan,nan,nan,nan,0
5146961634,5146961363,0.0019999985,2.414361e-09,0.0019999999,1.2570622e-12,nan,nan,nan,nan,nan,nan,nan,nan,0
5146965378,5146965108,0.0020000027,0.0,0.001999999,0.0,nan,nan,nan,nan,nan,nan,nan,nan,0
5146972886,5146972598,0.0020000024,1.7149249e-09,0.0019999968,2.201083e-12,nan,nan,nan,nan,nan,nan,nan,nan,0
5146975372,5146975095,0.0020000022,2.9952198e-09,0.0019999957,2.4746906e-12,nan,nan,nan,nan,nan,nan,nan,nan,0
5146979121,5146978841,0.0020000003,0.0,0.0020000006,0.0,nan,nan,nan,nan,nan,nan,nan,nan,0
5146986601,5146986332,0.0020000003,3.467202e-10,0.0019999999,2.5257626e-12,nan,nan,nan,nan,nan,nan,nan,nan,0
5146990350,5146990077,0.0020000006,0.0,0.0020000006,0.0,nan,nan,nan,nan,nan,nan,nan,nan,0
5146997844,5146997568,0.002,4.3383458e-10,0.0019999999,2.722881e-12,nan,nan,nan,nan,nan,nan,nan,nan,0
5147000344,5147000064,0.0020000003,0.0,0.0020000003,0.0,nan,nan,nan,nan,nan,nan,nan,nan,0
5147007830,5147007555,0.0020000006,0.0,0.0020000006,0.0,nan,nan,nan,nan,nan,nan,nan,nan,0
5147010327,5147010052,0.0020000003,0.0,0.0020000003,0.0,nan,nan,nan,nan,nan,nan,nan,nan,0
5147014081,5147013797,0.0019999985,1.3363949e-09,0.0020000008,2.381333e-12,nan,nan,nan,nan,nan,nan,nan,nan,0
5147021570,5147021288,0.002,0.0,0.0020000003,0.0,nan,nan,nan,nan,nan,nan,nan,nan,0
5147025310,5147025033,0.0020000006,0.0,0.0020000003,0.0,nan,nan,nan,nan,nan,nan,nan,nan,0
5147031543,5147031275,0.0019999982,2.5578986e-09,0.0019999994,3.23859e-12,nan,nan,nan,nan,nan,nan,nan,nan,0
5147035303,5147035020,0.0019999985,1.5100193e-09,0.0020000006,3.379859e-12,nan,nan,nan,nan,nan,nan,nan,nan,0
5147042785,5147042511,0.0019999985,2.7320362e-09,0.0019999994,3.7239326e-12,nan,nan,nan,nan,nan,nan,nan,nan,0
5147045294,5147045012,0.0020000003,8.3339745e-11,0.0020000003,3.9717483e-12,nan,nan,nan,nan,nan,nan,nan,nan,0
5147049025,5147048753,0.0019999985,2.3243973e-09,0.0019999999,3.9091577e-12,nan,nan,nan,nan,nan,nan,nan,nan,0
5147056532,5147056249,0.0020000003,0.0,0.0020000003,0.0,nan,nan,nan,nan,nan,nan,nan,nan,0
5147060262,5147059990,0.0020000003,2.5831313e-11,0.0020000003,3.2725177e-12,nan,nan,nan,nan,nan,nan,nan,nan,0
5147067756,5147067484,0.002,6.950325e-10,0.0019999996,3.4594584e-12,nan,nan,nan,nan,nan,nan,nan,nan,0
5147070254,5147069977,0.0020000006,0.0,0.0020000006,0.0,nan,nan,nan,nan,nan,nan,nan,nan,0
5147077740,5147077467,0.0020000022,1.2191257e-09,0.0019999973,3.2351517e-12,nan,nan,nan,nan,nan,nan,nan,nan,0
5147081493,5147081213,0.0019999985,1.5105536e-09,0.0020000008,2.845616e-12,nan,nan,nan,nan,nan,nan,nan,nan,0
5147083981,5147083709,0.0020000003,5.211456e-10,0.0019999999,2.7232955e-12,nan,nan,nan,nan,nan,nan,nan,nan,0
5147091473,5147091200,0.0020000003,5.612834e-11,0.0020000003,2.0793194e-12,nan,nan,nan,nan,nan,nan,nan,nan,0
5147095216,5147094945,0.0019999985,2.5591518e-09,0.0019999994,1.9853216e-12,nan,nan,nan,nan,nan,nan,nan,nan,0
5147101456,5147101187,0.002000002,2.6459983e-09,0.0019999957,2.4503212e-12,nan,nan,nan,nan,nan,nan,nan,nan,0
5147105211,5147104933,0.0020000008,0.0,0.0020000008,0.0,nan,nan,nan,nan,nan,nan,nan,nan,0
5147112701,5147112429,0.0019999987,1.2187936e-09,0.002000001,3.5672524e-12,nan,nan,nan,nan,nan,nan,nan,nan,0
5147117696,5147117417,0.0020000003,0.0,0.0020000003,0.0,nan,nan,nan,nan,nan,nan,nan,nan,0
5147118939,5147118666,0.0019999985,1.509266e-09,0.0020000008,4.133107e-12,nan,nan,nan,nan,nan,nan,nan,nan,0
5147126426,5147126156,0.0020000022,1.4502682e-09,0.001999997,4.9232354e-12,nan,nan,nan,nan,nan,nan,nan,nan,0
5147130173,5147129902,0.0020000006,0.0,0.0019999966,0.0,nan,nan,nan,nan,nan,nan,nan,nan,0
5147137667,5147137394,0.0020000006,0.0,0.0020000006,0.0,nan,nan,nan,nan,nan,nan,nan,nan,0
5147140160,5147139889,0.0020000024,1.2740717e-09,0.0019999973,6.4968152e-12,nan,nan,nan,nan,nan,nan,nan,nan,0
5147147659,5147147380,0.0019999985,2.4380824e-09,0.0019999999,6.639281e-12,nan,nan,nan,nan,nan,nan,nan,nan,0
5147151411,5147151125,0.0020000024,1.2158022e-09,0.0019999975,6.55862e-12,nan,nan,nan,nan,nan,nan,nan,nan,0
5147153896,5147153622,0.0019999985,1.3030894e-09,0.0020000008,6.5829217e-12,nan,nan,nan,nan,nan,nan,nan,nan,0
5147161385,5147161113,0.0020000008,0.0,0.0020000006,0.0,nan,nan,nan,nan,nan,nan,nan,nan,0
5147165132,5147164858,0.0020000003,1.8561529e-09,0.0020000003,6.492272e-12,nan,nan,nan,nan,nan,nan,nan,nan,0
5147171379,5147171100,0.002,1.2447643e-09,0.0019999933,6.700463e-12,nan,nan,nan,nan,nan,nan,nan,nan,0
5147175119,5147174845,0.0020000003,1.1279433e-09,0.0019999957,7.1060414e-12,nan,nan,nan,nan,nan,nan,nan,nan,0
5147182628,5147182337,0.0020000003,0.0,0.0020000006,0.0,nan,nan,nan,nan,nan,nan,nan,nan,0
5147187605,5147187330,0.0020000003,0.0,0.0020000003,0.0,nan,nan,nan,nan,nan,nan,nan,nan,0
5147188861,5147188578,0.0020000006,0.0,0.0020000006,0.0,nan,nan,nan,nan,nan,nan,nan,nan,0
5147196361,5147196069,0.0020000003,7.7791856e-10,0.0019999996,7.884872e-12,nan,nan,nan,nan,nan,nan,nan,nan,0
5147200096,5147199814,0.0019999985,1.330974e-09,0.0020000008,7.802158e-12,nan,nan,nan,nan,nan,nan,nan,nan,0
5147207588,5147207305,0.0020000003,0.0,0.0020000003,0.0,nan,nan,nan,nan,nan,nan,nan,nan,0
5147210081,5147209802,0.0020000022,6.3261557e-10,0.001999998,7.668723e-12,nan,nan,nan,nan,nan,nan,nan,nan,0
5147217565,5147217293,0.0020000022,1.4177294e-09,0.0019999933,8.358323e-12,nan,nan,nan,nan,nan,nan,nan,nan,0
5147221317,5147221038,0.0020000003,0.0,0.0019999985,0.0,nan,nan,nan,nan,nan,nan,nan,nan,0
5147225071,5147224785,0.0020000006,0.0,0.0020000006,0.0,nan,nan,nan,nan,nan,nan,nan,nan,0
5147231331,5147231030,0.0020000006,0.0,0.0020000006,0.0,nan,nan,nan,nan,nan,nan,nan,nan,0
5147235042,5147234770,0.0020000003,1.1260555e-09,0.0019999994,8.9939185e-12,nan,nan,nan,nan,nan,nan,nan,nan,0
5147241301,5147241013,0.0020000003,0.0,0.0020000003,0.0,nan,nan,nan,nan,nan,nan,nan,nan,0
5147245080,5147244758,0.0020000006,2.465402e-09,0.0019999943,8.4235605e-12,nan,nan,nan,nan,nan,nan,nan,nan,0
5147252546,5147252249,0.001999999,0.0,0.0019999992,0.0,nan,nan,nan,nan,nan,nan,nan,nan,0
5147257532,5147257242,0.0020000022,1.9926564e-11,0.0019999985,9.177267e-12,nan,nan,nan,nan,nan,nan,nan,nan,0
5147260013,5147259739,0.0020000022,2.8136968e-09,0.0019999957,9.3746955e-12,nan,nan,nan,nan,nan,nan,nan,nan,0
5147267517,5147267230,0.0020000003,1.0961403e-09,0.0019999994,9.805297e-12,nan,nan,nan,nan,nan,nan,nan,nan,0
5147270012,5147269728,0.0020000022,1.7654885e-09,0.0019999966,9.845123e-12,nan,nan,nan,nan,nan,nan,nan,nan,0
5147277508,5147277219,0.0020000003,9.509712e-10,0.0019999994,9.455254e-12,nan,nan,nan,nan,nan,nan,nan,nan,0
5147279991,5147279714,0.0020000003,5.435669e-10,0.0019999999,9.4058684e-12,nan,nan,nan,nan,nan,nan,nan,nan,0
5147287490,5147287205,0.0020000003,0.0,0.0020000006,0.0,nan,nan,nan,nan,nan,nan,nan,nan,0
5147291226,5147290950,0.0020000003,0.0,0.0020000006,0.0,nan,nan,nan,nan,nan,nan,nan,nan,0
5147294991,5147294695,0.0019999987,1.7071123e-09,0.0020000006,1.0013622e-11,nan,nan,nan,nan,nan,nan,nan,nan,0
5147301224,5147300942,0.0020000003,4.844444e-10,0.0019999999,1.0320746e-11,nan,nan,nan,nan,nan,nan,nan,nan,0
5147304961,5147304683,0.002,2.2285448e-10,0.002,9.976157e-12,nan,nan,nan,nan,nan,nan,nan,nan,0
5147312464,5147312174,0.0020000003,3.045969e-09,0.0019999954,9.933226e-12,nan,nan,nan,nan,nan,nan,nan,nan,0
5147314983,5147314670,0.0020000022,1.7070667e-09,0.0019999968,1.0059249e-11,nan,nan,nan,nan,nan,nan,nan,nan,0
5147322440,5147322161,0.0020000003,2.515018e-10,0.002,1.0432693e-11,nan,nan,nan,nan,nan,nan,nan,nan,0
5147328685,5147328404,0.0020000006,0.0,0.0020000006,0.0,nan,nan,nan,nan,nan,nan,nan,nan,0
5147329949,5147329652,0.0020000022,2.6379814e-09,0.001999996,1.0467105e-11,nan,nan,nan,nan,nan,nan,nan,nan,0
5147337422,5147337142,0.0020000003,1.5025089e-09,0.001999999,1.0890273e-11,nan,nan,nan,nan,nan,nan,nan,nan,0
5147339924,5147339639,0.002,2.800321e-10,0.001999998,1.1006199e-11,nan,nan,nan,nan,nan,nan,nan,nan,0
5147347421,5147347130,0.0020000003,0.0,0.0019999985,0.0,nan,nan,nan,nan,nan,nan,nan,nan,0
5147349896,5147349627,0.0020000022,1.9090498e-09,0.0019999966,1.18029735e-11,nan,nan,nan,nan,nan,nan,nan,nan,0
5147357404,5147357118,0.0020000003,5.404448e-10,0.0019999999,1.2527958e-11,nan,nan,nan,nan,nan,nan,nan,nan,0
5147361137,5147360863,0.0020000003,7.4453677e-10,0.0019999994,1.2162819e-11,nan,nan,nan,nan,nan,nan,nan,nan,0
5147364884,5147364608,0.0020000003,5.9962557e-10,0.0019999999,1.1554856e-11,nan,nan,nan,nan,nan,nan,nan,nan,0
5147371146,5147370850,0.0020000022,1.3863706e-09,0.001999997,1.0613267e-11,nan,nan,nan,nan,nan,nan,nan,nan,0
5147374873,5147374596,0.0020000006,0.0,0.0020000008,0.0,nan,nan,nan,nan,nan,nan,nan,nan,0
5147382361,5147382086,0.002000002,2.2304274e-09,0.0019999961,1.056762e-11,nan,nan,nan,nan,nan,nan,nan,nan,0
5147384855,5147384583,0.0020000003,0.0,0.0020000006,0.0,nan,nan,nan,nan,nan,nan,nan,nan,0
5147392358,5147392074,0.0019999985,2.4630333e-09,0.0019999999,1.0792296e-11,nan,nan,nan,nan,nan,nan,nan,nan,0
5147397357,5147397067,0.0019999985,1.2983773e-09,0.0020000008,1.1295057e-11,nan,nan,nan,nan,nan,nan,nan,nan,0
5147399842,5147399564,0.0020000022,1.5310623e-09,0.0019999968,1.1440729e-11,nan,nan,nan,nan,nan,nan,nan,nan,0
5147407340,5147407055,0.0019999985,1.705705e-09,0.0019999987,1.1420951e-11,nan,nan,nan,nan,nan,nan,nan,nan,0
5147409824,5147409552,0.0020000022,1.4145654e-09,0.0019999952,1.1522316e-11,nan,nan,nan,nan,nan,nan,nan,nan,0
5147417331,5147417042,0.0020000003,5.406759e-10,0.0019999999,1.229686e-11,nan,nan,nan,nan,nan,nan,nan,nan,0
5147419808,5147419539,0.0020000022,2.4612343e-09,0.0019999961,1.2591339e-11,nan,nan,nan,nan,nan,nan,nan,nan,0
5147427320,5147427030,0.0020000003,0.0,0.0020000003,0.0,nan,nan,nan,nan,nan,nan,nan,nan,0
5147431052,5147430775,0.0019999987,2.5196931e-09,0.0019999999,1.23401515e-11,nan,nan,nan,nan,nan,nan,nan,nan,0
5147434794,5147434521,0.0020000022,2.3453293e-09,0.0019999961,1.2080942e-11,nan,nan,nan,nan,nan,nan,nan,nan,0
5147441045,5147440762,0.0019999985,1.7056995e-09,0.0020000006,1.14265715e-11,nan,nan,nan,nan,nan,nan,nan,nan,0
5147444788,5147444508,0.0020000003,1.0652736e-09,0.0019999994,1.156813e-11,nan,nan,nan,nan,nan,nan,nan,nan,0
5147452293,5147451998,0.0020000003,7.733649e-10,0.0019999996,1.2438507e-11,nan,nan,nan,nan,nan,nan,nan,nan,0
5147457286,5147456997,0.0020000022,1.87893e-09,0.0019999966,1.2819095e-11,nan,nan,nan,nan,nan,nan,nan,nan,0
5147462279,5147461986,0.0019999982,3.1005676e-09,0.001999999,1.3542268e-11,nan,nan,nan,nan,nan,nan,nan,nan,0
5147467269,5147466980,0.0019999985,2.5766465e-09,0.0019999994,1.359437e-11,nan,nan,nan,nan,nan,nan,nan,nan,0
5147469748,5147469477,0.0019999982,1.7617493e-09,0.0020000003,1.3584359e-11,nan,nan,nan,nan,nan,nan,nan,nan,0
5147477255,5147476967,0.0020000024,1.6457083e-09,0.001999997,1.3210022e-11,nan,nan,nan,nan,nan,nan,nan,nan,0
5147479743,5147479465,0.0020000022,1.3545904e-09,0.001999997,1.3289592e-11,nan,nan,nan,nan,nan,nan,nan,nan,0
5147487301,5147486961,0.0020000006,0.0,0.002000001,0.0,nan,nan,nan,nan,nan,nan,nan,nan,0
5147490989,5147490700,0.0020000022,2.3432458e-09,0.0019999961,1.4164456e-11,nan,nan,nan,nan,nan,nan,nan,nan,0
5147493470,5147493197,0.0020000022,2.0521411e-09,0.0019999966,1.4230856e-11,nan,nan,nan,nan,nan,nan,nan,nan,0
5147500975,5147500688,0.0020000003,1.3152805e-10,0.0020000003,1.39911e-11,nan,nan,nan,nan,nan,nan,nan,nan,0
5147504716,5147504433,0.0020000006,0.0,0.0020000008,0.0,nan,nan,nan,nan,nan,nan,nan,nan,0
5147510950,5147510675,0.0020000022,1.2380132e-09,0.0019999973,1.3451507e-11,nan,nan,nan,nan,nan,nan,nan,nan,0
5147514702,5147514421,0.002,0.0,0.0020000003,0.0,nan,nan,nan,nan,nan,nan,nan,nan,0
5147522193,5147521911,0.0020000003,0.0,0.0020000003,0.0,nan,nan,nan,nan,nan,nan,nan,nan,0
5147527194,5147526912,0.002,1.2958803e-09,0.001999999,1.3792053e-11,nan,nan,nan,nan,nan,nan,nan,nan,0
5147532177,5147531899,0.0020000003,0.0,0.0020000006,0.0,nan,nan,nan,nan,nan,nan,nan,nan,0
5147537182,5147536893,0.0020000006,0.0,0.0020000006,0.0,nan,nan,nan,nan,nan,nan,nan,nan,0
5147539664,5147539390,0.0020000003,0.0,0.0020000003,0.0,nan,nan,nan,nan,nan,nan,nan,nan,0
5147547175,5147546880,0.002000002,2.6473046e-09,0.0019999957,1.1439495e-12,nan,nan,nan,nan,nan,nan,nan,nan,0
5147549711,5147549381,0.0020000022,2.1813695e-09,0.0019999961,1.4178389e-12,nan,nan,nan,nan,nan,nan,nan,nan,0
5147557147,5147556868,0.0020000003,8.130339e-10,0.0019999994,1.873308e-12,nan,nan,nan,nan,nan,nan,nan,nan,0
5147560901,5147560613,0.0020000006,0.0,0.0020000006,0.0,nan,nan,nan,nan,nan,nan,nan,nan,0
5147567148,5147566856,0.002,0.0,0.0020000003,0.0,nan,nan,nan,nan,nan,nan,nan,nan,0
5147570875,5147570600,0.0019999985,1.5715151e-09,0.0020000006,9.174085e-14,nan,nan,nan,nan,nan,nan,nan,nan,0
5147574629,5147574346,0.0020000006,5.390562e-10,0.0019999999,1.3916581e-11,nan,nan,nan,nan,nan,nan,nan,nan,0
5147580898,5147580588,0.002,3.0629427e-10,0.0019999999,1.3847869e-11,nan,nan,nan,nan,nan,nan,nan,nan,0
5147584618,5147584334,0.0020000006,0.0,0.0020000008,0.0,nan,nan,nan,nan,nan,nan,nan,nan,0
5147592108,5147591824,0.0020000003,0.0,0.0020000003,0.0,nan,nan,nan,nan,nan,nan,nan,nan,0
5147597114,5147596818,0.0020000022,2.2108224e-09,0.0019999961,1.0687952e-12,nan,nan,nan,nan,nan,nan,nan,nan,0
5147602107,5147601812,0.0019999985,2.5308087e-09,0.0019999999,1.2246445e-12,nan,nan,nan,nan,nan,nan,nan,nan,0
5147607089,5147606805,0.0020000003,0.0,0.0020000003,0.0,nan,nan,nan,nan,nan,nan,nan,nan,0
5147609574,5147609302,0.0019999985,1.395798e-09,0.0020000008,1.1858787e-12,nan,nan,nan,nan,nan,nan,nan,nan,0
5147617080,5147616793,0.0020000006,0.0,0.0020000006,0.0,nan,nan,nan,nan,nan,nan,nan,nan,0
5147619558,5147619289,0.0020000003,0.0,0.0020000003,0.0,nan,nan,nan,nan,nan,nan,nan,nan,0
5147627059,5147626780,0.0019999987,2.035963e-09,0.0020000003,1.3051843e-12,nan,nan,nan,nan,nan,nan,nan,nan,0
5147630810,5147630525,0.0020000006,0.0,0.0020000006,0.0,nan,nan,nan,nan,nan,nan,nan,nan,0
5147637056,5147636768,0.002000002,1.5844137e-09,0.0019999966,1.745091e-12,nan,nan,nan,nan,nan,nan,nan,nan,0
5147640804,5147640513,0.0020000022,3.0831893e-09,0.0019999954,1.816775e-12,nan,nan,nan,nan,nan,nan,nan,nan,0
5147644540,5147644258,0.0020000024,1.2642454e-09,0.0019999973,1.7711952e-12,nan,nan,nan,nan,nan,nan,nan,nan,0
5147652043,5147651749,0.0020000022,2.9957035e-09,0.0019999957,1.9910176e-12,nan,nan,nan,nan,nan,nan,nan,nan,0
5147654531,5147654246,0.0020000003,0.0,0.0020000003,0.0,nan,nan,nan,nan,nan,nan,nan,nan,0
5147662014,5147661736,0.0020000003,4.0575387e-10,0.0019999999,1.6997593e-12,nan,nan,nan,nan,nan,nan,nan,nan,0
5147667014,5147666730,0.0020000006,0.0,0.0020000008,0.0,nan,nan,nan,nan,nan,nan,nan,nan,0
5147672008,5147671724,0.0020000003,9.886539e-10,0.0019999994,8.763259e-13,nan,nan,nan,nan,nan,nan,nan,nan,0
5147677010,5147676718,0.0020000003,0.0,0.0020000003,0.0,nan,nan,nan,nan,nan,nan,nan,nan,0
5147679495,5147679214,0.0020000003,0.0,0.0020000003,0.0,nan,nan,nan,nan,nan,nan,nan,nan,0
5147686997,5147686706,0.0020000003,8.7257673e-10,0.0019999994,5.381763e-13,nan,nan,nan,nan,nan,nan,nan,nan,0
5147689482,5147689202,0.0020000003,0.0,0.0020000006,0.0,nan,nan,nan,nan,nan,nan,nan,nan,0
5147696981,5147696692,0.0020000003,1.8961151e-10,0.0020000003,1.4115303e-11,nan,nan,nan,nan,nan,nan,nan,nan,0
5147700728,5147700438,0.002000002,3.0422107e-09,0.0019999936,1.3691491e-11,nan,nan,nan,nan,nan,nan,nan,nan,0
5147706969,5147706680,0.0020000006,0.0,0.0020000006,0.0,nan,nan,nan,nan,nan,nan,nan,nan,0
5147710717,5147710425,0.002,8.314098e-10,0.0019999994,1.2601283e-11,nan,nan,nan,nan,nan,nan,nan,nan,0
5147714451,5147714171,0.0019999987,1.7051003e-09,0.0020000006,1.2025752e-11,nan,nan,nan,nan,nan,nan,nan,nan,0
5147721955,5147721661,0.0020000024,1.6465378e-09,0.001999997,1.2380491e-11,nan,nan,nan,nan,nan,nan,nan,nan,0
5147724457,5147724159,0.0020000003,8.3138907e-10,0.0019999994,1.2621987e-11,nan,nan,nan,nan,nan,nan,nan,nan,0
5147731943,5147731649,0.0020000003,3.0719333e-10,0.0019999999,1.2948802e-11,nan,nan,nan,nan,nan,nan,nan,nan,0
5147735675,5147735394,0.0020000006,0.0,0.0020000006,0.0,nan,nan,nan,nan,nan,nan,nan,nan,0
5147741917,5147741637,0.0020000022,1.8511893e-09,0.0019999966,1.1455829e-11,nan,nan,nan,nan,nan,nan,nan,nan,0
5147746920,5147746630,0.0020000003,0.0,0.0020000003,0.0,nan,nan,nan,nan,nan,nan,nan,nan,0
5147749399,5147749127,0.0020000003,1.0488052e-10,0.0020000003,1.1534803e-11,nan,nan,nan,nan,nan,nan,nan,nan,0
5147756914,5147756618,0.0020000024,1.6477728e-09,0.0019999968,1.11455775e-11,nan,nan,nan,nan,nan,nan,nan,nan,0
5147759388,5147759114,0.0019999985,0.0,0.0020000003,0.0,nan,nan,nan,nan,nan,nan,nan,nan,0
5147766887,5147766605,0.0019999985,2.115682e-09,0.002,8.89761e-12,nan,nan,nan,nan,nan,nan,nan,nan,0
5147770624,5147770350,0.0020000006,0.0,0.0019999968,0.0,nan,nan,nan,nan,nan,nan,nan,nan,0
5147776885,5147776592,0.0020000003,4.581635e-10,0.0019999961,7.4977715e-12,nan,nan,nan,nan,nan,nan,nan,nan,0
5147780615,5147780338,0.0020000006,0.0,0.0019999968,0.0,nan,nan,nan,nan,nan,nan,nan,nan,0
5147784355,5147784083,0.0020000006,0.0,0.0019999968,0.0,nan,nan,nan,nan,nan,nan,nan,nan,0
5147791900,5147791574,0.0019999982,1.5938674e-09,0.0020000006,6.843342e-12,nan,nan,nan,nan,nan,nan,nan,nan,0
5147794351,5147794071,0.0020000006,1.1574651e-09,0.0019999994,6.688091e-12,nan,nan,nan,nan,nan,nan,nan,nan,0
5147801847,5147801563,0.0020000003,5.473117e-10,0.0019999999,5.6610792e-12,nan,nan,nan,nan,nan,nan,nan,nan,0
5147806842,5147806555,0.0019999985,2.7302973e-09,0.0019999994,5.462795e-12,nan,nan,nan,nan,nan,nan,nan,nan,0
5147813086,5147812797,0.0020000003,5.1848265e-10,0.0019999961,5.386306e-12,nan,nan,nan,nan,nan,nan,nan,nan,0
5147816830,5147816543,0.0020000003,1.1003836e-09,0.0019999957,5.561966e-12,nan,nan,nan,nan,nan,nan,nan,nan,0
5147819321,5147819039,0.0020000006,0.0,0.0019999968,0.0,nan,nan,nan,nan,nan,nan,nan,nan,0
5147826817,5147826530,0.0020000003,3.1456224e-10,0.002,5.57991e-12,nan,nan,nan,nan,nan,nan,nan,nan,0
5147829319,5147829027,0.0019999985,1.2171114e-09,0.002000003,5.249497e-12,nan,nan,nan,nan,nan,nan,nan,nan,0
5147836803,5147836518,0.0020000022,1.3924253e-09,0.001999997,4.5586226e-12,nan,nan,nan,nan,nan,nan,nan,nan,0
5147840558,5147840263,0.0019999987,0.0,0.0019999987,0.0,nan,nan,nan,nan,nan,nan,nan,nan,0
5147848040,5147847753,0.0020000006,0.0,0.0019999968,0.0,nan,nan,nan,nan,nan,nan,nan,nan,0
5147850538,5147850255,0.0020000003,0.0,0.0019999987,0.0,nan,nan,nan,nan,nan,nan,nan,nan,0
5147854316,5147853999,0.0019999985,2.6158082e-09,0.0019999994,3.5364576e-12,nan,nan,nan,nan,nan,nan,nan,nan,0
5147861789,5147861486,0.002,0.0,0.0020000003,0.0,nan,nan,nan,nan,nan,nan,nan,nan,0
5147866763,5147866480,0.0020000003,0.0,0.0019999985,1.5999094e-12,nan,nan,nan,nan,nan,nan,nan,nan,0
5147871762,5147871474,0.0019999985,9.865785e-10,0.0019999975,2.9517395e-12,nan,nan,nan,nan,nan,nan,nan,nan,0
5147876748,5147876468,0.0020000022,1.9762763e-09,0.0019999966,2.7841722e-12,nan,nan,nan,nan,nan,nan,nan,nan,0
5147882993,5147882710,0.0019999985,1.394586e-09,0.0020000008,2.3979117e-12,nan,nan,nan,nan,nan,nan,nan,nan,0
5147886740,5147886455,0.0020000006,0.0,0.0020000006,0.0,nan,nan,nan,nan,nan,nan,nan,nan,0
5147889232,5147888952,0.0020000003,7.2596784e-10,0.0020000013,1.6279148e-12,nan,nan,nan,nan,nan,nan,nan,nan,0
5147896728,5147896443,0.0020000003,5.8055233e-10,0.0019999999,1.5242842e-12,nan,nan,nan,nan,nan,nan,nan,nan,0
5147900479,5147900189,0.0019999985,2.8950378e-10,0.0019999999,1.5345173e-12,nan,nan,nan,nan,nan,nan,nan,nan,0
5147906713,5147906431,0.0020000003,0.0,0.0019999966,1.1343626e-12,nan,nan,nan,nan,nan,nan,nan,nan,0
5147910470,5147910176,0.0019999985,1.3946919e-09,0.001999999,2.291953e-12,nan,nan,nan,nan,nan,nan,nan,nan,0
5147917959,5147917666,0.0020000022,1.8022918e-09,0.0019999966,2.1457627e-12,nan,nan,nan,nan,nan,nan,nan,nan,0
5147920445,5147920163,0.0019999987,2.5010796e-09,0.0019999999,1.8498033e-12,nan,nan,nan,nan,nan,nan,nan,nan,0
5147924200,5147923909,0.0020000003,1.7290046e-10,0.002,1.7225249e-12,nan,nan,nan,nan,nan,nan,nan,nan,0
5147931684,5147931399,0.002,2.320707e-10,0.002,7.599459e-13,nan,nan,nan,nan,nan,nan,nan,nan,0
5147936672,5147936393,0.0020000003,1.1050687e-09,0.0019999975,8.7688537e-13,nan,nan,nan,nan,nan,nan,nan,nan,0
5147941677,5147941386,0.0020000003,0.0,0.0019999966,4.330026e-13,nan,nan,nan,nan,nan,nan,nan,nan,0
5147946671,5147946380,0.0020000003,1.7353116e-10,0.0019999966,1.0918245e-12,nan,nan,nan,nan,nan,nan,nan,nan,0
5147952906,5147952622,0.0020000003,9.3079555e-10,0.0019999994,5.270489e-13,nan,nan,nan,nan,nan,nan,nan,nan,0
5147956660,5147956368,0.0020000003,0.0,0.0020000006,0.0,nan,nan,nan,nan,nan,nan,nan,nan,0
5147959135,5147958865,0.0020000003,0.0,0.0020000003,3.9811036e-14,nan,nan,nan,nan,nan,nan,nan,nan,0
5147966633,5147966355,0.0020000022,1.804289e-09,0.0019999947,1.4839345e-13,nan,nan,nan,nan,nan,nan,nan,nan,0
5147970385,5147970101,0.0019999985,2.7936906e-09,0.0019999994,2.7711514e-13,nan,nan,nan,nan,nan,nan,nan,nan,0
5147976663,5147976343,0.0020000022,1.6867585e-09,0.0019999968,1.2636593e-12,nan,nan,nan,nan,nan,nan,nan,nan,0
5147980379,5147980088,0.0020000003,1.7306281e-10,0.0020000003,1.5601721e-12,nan,nan,nan,nan,nan,nan,nan,nan,0
5147987875,5147987579,0.0020000003,0.0,0.0019999985,0.0,nan,nan,nan,nan,nan,nan,nan,nan,0
5147990364,5147990076,0.0020000008,0.0,0.0020000008,0.0,nan,nan,nan,nan,nan,nan,nan,nan,0
5147994105,5147993820,0.0020000006,2.3084074e-10,0.002,1.9899013e-12,nan,nan,nan,nan,nan,nan,nan,nan,0
5148001603,5148001312,0.0019999987,0.0,0.0019999987,0.0,nan,nan,nan,nan,nan,nan,nan,nan,0
5148006588,5148006306,0.0019999982,2.8867964e-10,0.001999998,2.358655e-12,nan,nan,nan,nan,nan,nan,nan,nan,0
5148011578,5148011299,0.002000002,1.5107151e-09,0.0019999968,2.684056e-12,nan,nan,nan,nan,nan,nan,nan,nan,0
5148016586,5148016305,0.0020000024,1.6854114e-09,0.001999997,2.6108404e-12,nan,nan,nan,nan,nan,nan,nan,nan,0
5148022813,5148022535,0.0019999985,1.6856734e-09,0.0020000006,2.3488295e-12,nan,nan,nan,nan,nan,nan,nan,nan,0
5148026561,5148026280,0.0020000022,1.2780692e-09,0.001999997,2.4993427e-12,nan,nan,nan,nan,nan,nan,nan,nan,0
5148029051,5148028777,0.0020000006,0.0,0.0020000008,0.0,nan,nan,nan,nan,nan,nan,nan,nan,0
5148036553,5148036270,0.0019999987,0.0,0.0019999987,0.0,nan,nan,nan,nan,nan,nan,nan,nan,0
5148040314,5148040013,0.001999999,0.0,0.0019999987,0.0,nan,nan,nan,nan,nan,nan,nan,nan,0
5148046549,5148046265,0.002,1.216746e-09,0.001999999,5.6148298e-12,nan,nan,nan,nan,nan,nan,nan,nan,0
5148050306,5148050004,0.0020000006,0.0,0.0020000006,0.0,nan,nan,nan,nan,nan,nan,nan,nan,0
5148057772,5148057491,0.0020000022,1.5659477e-09,0.0019999966,5.659133e-12,nan,nan,nan,nan,nan,nan,nan,nan,0
5148061526,5148061237,0.0020000043,1.7410072e-09,0.0019999968,5.222607e-12,nan,nan,nan,nan,nan,nan,nan,nan,0
5148064008,5148063733,0.0020000003,1.6247244e-09,0.0019999985,5.090159e-12,nan,nan,nan,nan,nan,nan,nan,nan,0
5148071532,5148071224,0.0020000006,0.0,0.0020000006,0.0,nan,nan,nan,nan,nan,nan,nan,nan,0
5148076497,5148076218,0.0019999985,2.6730265e-09,0.0019999994,4.5259213e-12,nan,nan,nan,nan,nan,nan,nan,nan,0
5148081496,5148081211,0.0019999985,2.498253e-09,0.0019999999,4.6765057e-12,nan,nan,nan,nan,nan,nan,nan,nan,0
5148086488,5148086205,0.0020000003,5.290729e-11,0.0020000003,5.3003713e-12,nan,nan,nan,nan,nan,nan,nan,nan,0
5148092734,5148092448,0.0020000006,0.0,0.0020000006,0.0,nan,nan,nan,nan,nan,nan,nan,nan,0
5148096481,5148096193,0.0019999985,1.2751749e-09,0.001999999,5.393668e-12,nan,nan,nan,nan,nan,nan,nan,nan,0
5148098964,5148098689,0.0020000003,1.982022e-10,0.0020000003,5.524612e-12,nan,nan,nan,nan,nan,nan,nan,nan,0
5148106463,5148106181,0.0020000003,1.2736397e-09,0.001999999,6.928815e-12,nan,nan,nan,nan,nan,nan,nan,nan,0
5148110207,5148109926,0.0019999985,2.4376225e-09,0.0019999999,7.0992812e-12,nan,nan,nan,nan,nan,nan,nan,nan,0
5148116447,5148116168,0.0020000003,8.6586016e-10,0.0019999994,7.25474e-12,nan,nan,nan,nan,nan,nan,nan,nan,0
5148120195,5148119913,0.0019999987,0.0,0.0020000006,0.0,nan,nan,nan,nan,nan,nan,nan,nan,0
5148127689,5148127404,0.0019999985,2.407285e-09,0.001999998,8.332841e-12,nan,nan,nan,nan,nan,nan,nan,nan,0
5148131440,5148131149,0.0020000006,0.0,0.0020000006,0.0,nan,nan,nan,nan,nan,nan,nan,nan,0
5148133944,5148133646,0.0019999985,2.2331892e-09,0.0019999999,7.80565e-12,nan,nan,nan,nan,nan,nan,nan,nan,0
5148141438,5148141142,0.0020000003,7.5007217e-10,0.0019999996,6.627447e-12,nan,nan,nan,nan,nan,nan,nan,nan,0
5148146419,5148146130,0.0019999987,2.9621132e-09,0.0019999994,6.4774627e-12,nan,nan,nan,nan,nan,nan,nan,nan,0
5148151409,5148151124,0.0020000022,1.4484335e-09,0.001999997,6.7580646e-12,nan,nan,nan,nan,nan,nan,nan,nan,0
5148156463,5148156128,0.002000002,7.787822e-10,0.0019999975,7.021217e-12,nan,nan,nan,nan,nan,nan,nan,nan,0
5148162655,5148162360,0.0019999985,1.3313257e-09,0.0020000008,7.45045e-12,nan,nan,nan,nan,nan,nan,nan,nan,0
5148166399,5148166106,0.0020000022,1.3601206e-09,0.001999997,7.759508e-12,nan,nan,nan,nan,nan,nan,nan,nan,0
5148168887,5148168602,0.0020000024,1.7092325e-09,0.0019999968,7.893446e-12,nan,nan,nan,nan,nan,nan,nan,nan,0
5148176373,5148176093,0.0020000022,1.2720727e-09,0.001999997,8.495855e-12,nan,nan,nan,nan,nan,nan,nan,nan,0
