timestamp,x,y,z,vx,vy,vz,acceleration[0],acceleration[1],acceleration[2],thrust[0],thrust[1],thrust[2],yaw,yawspeed
7460146515,nan,nan,nan,nan,nan,nan,0.0,0.0,100.0,-0.0,-0.0,-0.001,1.604817,0.0
7460155902,nan,nan,nan,nan,nan,nan,0.0,0.0,100.0,-0.0,-0.0,-0.001,1.6048188,0.0
7460255804,nan,nan,nan,nan,nan,nan,0.0,0.0,100.0,-0.0,-0.0,-0.001,1.6048285,0.0
7460346351,nan,nan,nan,nan,nan,nan,0.0,0.0,100.0,-0.0,-0.0,-0.001,1.6048057,0.0
7460456196,nan,nan,nan,nan,nan,nan,0.0,0.0,100.0,-0.0,-0.0,-0.001,1.6048354,0.0
7460546414,nan,nan,nan,nan,nan,nan,0.0,0.0,100.0,-0.0,-0.0,-0.001,1.6048385,0.0
7460655851,nan,nan,nan,nan,nan,nan,0.0,0.0,100.0,-0.0,-0.0,-0.001,1.604838,0.0
7460746057,nan,nan,nan,nan,nan,nan,0.0,0.0,100.0,-0.0,-0.0,-0.001,1.60485,0.0
7460855106,nan,nan,nan,nan,nan,nan,0.0,0.0,100.0,-0.0,-0.0,-0.001,1.6048405,0.0
7460955673,nan,nan,nan,nan,nan,nan,0.0,0.0,100.0,-0.0,-0.0,-0.001,1.6048594,0.0
7461055431,nan,nan,nan,nan,nan,nan,0.0,0.0,100.0,-0.0,-0.0,-0.001,1.6048704,0.0
7461155217,nan,nan,nan,nan,nan,nan,0.0,0.0,100.0,-0.0,-0.0,-0.001,1.6048639,0.0
7461245260,nan,nan,nan,nan,nan,nan,0.0,0.0,100.0,-0.0,-0.0,-0.001,1.6048678,0.0
7461354612,nan,nan,nan,nan,nan,nan,0.0,0.0,100.0,-0.0,-0.0,-0.001,1.6048716,0.0
7461445609,nan,nan,nan,nan,nan,nan,0.0,0.0,100.0,-0.0,-0.0,-0.001,1.604876,0.0
7461554151,nan,nan,nan,nan,nan,nan,0.0,0.0,100.0,-0.0,-0.0,-0.001,1.6048913,0.0
7461654159,nan,nan,nan,nan,nan,nan,0.0,0.0,100.0,-0.0,-0.0,-0.001,1.6048818,0.0
7461753908,nan,nan,nan,nan,nan,nan,0.0,0.0,100.0,-0.0,-0.0,-0.001,1.6048436,0.0
7461854441,nan,nan,nan,nan,nan,nan,0.0,0.0,100.0,-0.0,-0.0,-0.001,1.6048344,0.0
7461953786,nan,nan,nan,nan,nan,nan,0.0,0.0,100.0,-0.0,-0.0,-0.001,1.6048483,0.0
7462054189,nan,nan,nan,nan,nan,nan,0.0,0.0,100.0,-0.0,-0.0,-0.001,1.6048317,0.0
7462154108,nan,nan,nan,nan,nan,nan,0.0,0.0,100.0,-0.0,-0.0,-0.001,1.6048396,0.0
7462254127,nan,nan,nan,nan,nan,nan,0.0,0.0,100.0,-0.0,-0.0,-0.001,1.6048511,0.0
7462353828,nan,nan,nan,nan,nan,nan,0.0,0.0,100.0,-0.0,-0.0,-0.001,1.6048753,0.0
7462453682,nan,nan,nan,nan,nan,nan,0.0,0.0,100.0,-0.0,-0.0,-0.001,1.6048585,0.0
7462553733,nan,nan,nan,nan,nan,nan,0.0,0.0,100.0,-0.0,-0.0,-0.001,1.6048803,0.0
7462652910,nan,nan,nan,nan,nan,nan,0.0,0.0,100.0,-0.0,-0.0,-0.001,1.6048955,0.0
7462753326,nan,nan,nan,nan,nan,nan,0.0,0.0,100.0,-0.0,-0.0,-0.001,1.6049073,0.0
7462852740,nan,nan,nan,nan,nan,nan,0.0,0.0,100.0,-0.0,-0.0,-0.001,1.6048925,0.0
7462953137,nan,nan,nan,nan,nan,nan,0.0,0.0,100.0,-0.0,-0.0,-0.001,1.6049092,0.0
7463053207,nan,nan,nan,nan,nan,nan,0.0,0.0,100.0,-0.0,-0.0,-0.001,1.6049247,0.0
7463152872,nan,nan,nan,nan,nan,nan,0.0,0.0,100.0,-0.0,-0.0,-0.001,1.6049727,0.0
7463252727,nan,nan,nan,nan,nan,nan,0.0,0.0,100.0,-0.0,-0.0,-0.001,1.6049296,0.0
7463352566,nan,nan,nan,nan,nan,nan,0.0,0.0,100.0,-0.0,-0.0,-0.001,1.6048793,0.0
7463453352,nan,nan,nan,nan,nan,nan,0.0,0.0,100.0,-0.0,-0.0,-0.001,1.6048962,0.0
7463551786,nan,nan,nan,nan,nan,nan,0.0,0.0,100.0,-0.0,-0.0,-0.001,1.6049323,0.0
7463651641,nan,nan,nan,nan,nan,nan,0.0,0.0,100.0,-0.0,-0.0,-0.001,1.6049657,0.0
7463752291,nan,nan,nan,nan,nan,nan,0.0,0.0,100.0,-0.0,-0.0,-0.001,1.6049715,0.0
7463851947,nan,nan,nan,nan,nan,nan,0.0,0.0,100.0,-0.0,-0.0,-0.001,1.6050047,0.0
7463951915,nan,nan,nan,nan,nan,nan,0.0,0.0,100.0,-0.0,-0.0,-0.001,1.6050189,0.0
7464052313,nan,nan,nan,nan,nan,nan,0.0,0.0,100.0,-0.0,-0.0,-0.001,1.6050007,0.0
7464151088,nan,nan,nan,nan,nan,nan,0.0,0.0,100.0,-0.0,-0.0,-0.001,1.6049755,0.0
7464251460,nan,nan,nan,nan,nan,nan,0.0,0.0,100.0,-0.0,-0.0,-0.001,1.6049514,0.0
7464351952,nan,nan,nan,nan,nan,nan,0.0,0.0,100.0,-0.0,-0.0,-0.001,1.6049505,0.0
7464450835,nan,nan,nan,nan,nan,nan,0.0,0.0,100.0,-0.0,-0.0,-0.001,1.6049333,0.0
7464550682,nan,nan,nan,nan,nan,nan,0.0,0.0,100.0,-0.0,-0.0,-0.001,1.604921,0.0
7464651205,nan,nan,nan,nan,nan,nan,0.0,0.0,100.0,-0.0,-0.0,-0.001,1.6049038,0.0
7464750880,nan,nan,nan,nan,nan,nan,0.0,0.0,100.0,-0.0,-0.0,-0.001,1.604887,0.0
7464850756,nan,nan,nan,nan,nan,nan,0.0,0.0,100.0,-0.0,-0.0,-0.001,1.604869,0.0
7464951115,nan,nan,nan,nan,nan,nan,0.0,0.0,100.0,-0.0,-0.0,-0.001,1.604877,0.0
7465050482,nan,nan,nan,nan,nan,nan,0.0,0.0,100.0,-0.0,-0.0,-0.001,1.6048825,0.0
7465150199,nan,nan,nan,nan,nan,nan,0.0,0.0,100.0,-0.0,-0.0,-0.001,1.6048547,0.0
7465250505,nan,nan,nan,nan,nan,nan,0.0,0.0,100.0,-0.0,-0.0,-0.001,1.6048435,0.0
7465350119,nan,nan,nan,nan,nan,nan,0.0,0.0,100.0,-0.0,-0.0,-0.001,1.6048211,0.0
7465450001,nan,nan,nan,nan,nan,nan,0.0,0.0,100.0,-0.0,-0.0,-0.001,1.6048285,0.0
7465550948,nan,nan,nan,nan,nan,nan,0.0,0.0,100.0,-0.0,-0.0,-0.001,1.6048172,0.0
7465649801,nan,nan,nan,nan,nan,nan,0.0,0.0,100.0,-0.0,-0.0,-0.001,1.6048218,0.0
7465749637,nan,nan,nan,nan,nan,nan,0.0,0.0,100.0,-0.0,-0.0,-0.001,1.6048217,0.0
7465850050,nan,nan,nan,nan,nan,nan,0.0,0.0,100.0,-0.0,-0.0,-0.001,1.6048366,0.0
7465949379,nan,nan,nan,nan,nan,nan,0.0,0.0,100.0,-0.0,-0.0,-0.001,1.6048093,0.0
7466048837,nan,nan,nan,nan,nan,nan,0.0,0.0,100.0,-0.0,-0.0,-0.001,1.6048276,0.0
7466148535,nan,nan,nan,nan,nan,nan,0.0,0.0,100.0,-0.0,-0.0,-0.001,1.6047987,0.0
7466249178,nan,nan,nan,nan,nan,nan,0.0,0.0,100.0,-0.0,-0.0,-0.001,1.6048089,0.0
7466349070,nan,nan,nan,nan,nan,nan,0.0,0.0,100.0,-0.0,-0.0,-0.001,1.6048352,0.0
7466448807,nan,nan,nan,nan,nan,nan,0.0,0.0,100.0,-0.0,-0.0,-0.001,1.6048429,0.0
7466548114,nan,nan,nan,nan,nan,nan,0.0,0.0,100.0,-0.0,-0.0,-0.001,1.6048254,0.0
7466647964,nan,nan,nan,nan,nan,nan,0.0,0.0,100.0,-0.0,-0.0,-0.001,1.6047734,0.0
7466747832,nan,nan,nan,nan,nan,nan,0.0,0.0,100.0,-0.0,-0.0,-0.001,1.6047449,0.0
7466848259,nan,nan,nan,nan,nan,nan,0.0,0.0,100.0,-0.0,-0.0,-0.001,1.604747,0.0
7466948159,nan,nan,nan,nan,nan,nan,0.0,0.0,100.0,-0.0,-0.0,-0.001,1.6047202,0.0
7467048007,nan,nan,nan,nan,nan,nan,0.0,0.0,100.0,-0.0,-0.0,-0.001,1.6047274,0.0
7467147894,nan,nan,nan,nan,nan,nan,0.0,0.0,100.0,-0.0,-0.0,-0.001,1.6046966,0.0
7467247658,nan,nan,nan,nan,nan,nan,0.0,0.0,100.0,-0.0,-0.0,-0.001,1.6047196,0.0
7467347098,nan,nan,nan,nan,nan,nan,0.0,0.0,100.0,-0.0,-0.0,-0.001,1.6047388,0.0
7467447521,nan,nan,nan,nan,nan,nan,0.0,0.0,100.0,-0.0,-0.0,-0.001,1.6047395,0.0
7467547404,nan,nan,nan,nan,nan,nan,0.0,0.0,100.0,-0.0,-0.0,-0.001,1.6047437,0.0
7467646987,nan,nan,nan,nan,nan,nan,0.0,0.0,100.0,-0.0,-0.0,-0.001,1.6047401,0.0
7467746640,nan,nan,nan,nan,nan,nan,0.0,0.0,100.0,-0.0,-0.0,-0.001,1.6047161,0.0
7467847037,nan,nan,nan,nan,nan,nan,0.0,0.0,100.0,-0.0,-0.0,-0.001,1.6046878,0.0
7467956803,nan,nan,nan,nan,nan,nan,0.0,0.0,100.0,-0.0,-0.0,-0.001,1.6046681,0.0
7468046942,nan,nan,nan,nan,nan,nan,0.0,0.0,100.0,-0.0,-0.0,-0.001,1.6046519,0.0
7468157257,nan,nan,nan,nan,nan,nan,0.0,0.0,100.0,-0.0,-0.0,-0.001,1.6046324,0.0
7468246240,nan,nan,nan,nan,nan,nan,0.0,0.0,100.0,-0.0,-0.0,-0.001,1.6046256,0.0
7468356360,nan,nan,nan,nan,nan,nan,0.0,0.0,100.0,-0.0,-0.0,-0.001,1.6046361,0.0
7468446345,nan,nan,nan,nan,nan,nan,0.0,0.0,100.0,-0.0,-0.0,-0.001,1.6046627,0.0
7468546192,nan,nan,nan,nan,nan,nan,0.0,0.0,100.0,-0.0,-0.0,-0.001,1.604635,0.0
7468655980,nan,nan,nan,nan,nan,nan,0.0,0.0,100.0,-0.0,-0.0,-0.001,1.6046159,0.0
7468745450,nan,nan,nan,nan,nan,nan,0.0,0.0,100.0,-0.0,-0.0,-0.001,1.6046067,0.0
7468855711,nan,nan,nan,nan,nan,nan,0.0,0.0,100.0,-0.0,-0.0,-0.001,1.6046003,0.0
7468945758,nan,nan,nan,nan,nan,nan,0.0,0.0,100.0,-0.0,-0.0,-0.001,1.604601,0.0
7469056255,nan,nan,nan,nan,nan,nan,0.0,0.0,100.0,-0.0,-0.0,-0.001,1.6045487,0.0
7469145479,nan,nan,nan,nan,nan,nan,0.0,0.0,100.0,-0.0,-0.0,-0.001,1.6045392,0.0
7469254744,nan,nan,nan,nan,nan,nan,0.0,0.0,100.0,-0.0,-0.0,-0.001,1.6045446,0.0
7469355386,nan,nan,nan,nan,nan,nan,0.0,0.0,100.0,-0.0,-0.0,-0.001,1.6045493,0.0
7469455063,nan,nan,nan,nan,nan,nan,0.0,0.0,100.0,-0.0,-0.0,-0.001,1.6045371,0.0
7469555187,nan,nan,nan,nan,nan,nan,0.0,0.0,100.0,-0.0,-0.0,-0.001,1.6045157,0.0
7469655470,nan,nan,nan,nan,nan,nan,0.0,0.0,100.0,-0.0,-0.0,-0.001,1.6045128,0.0
7469754104,nan,nan,nan,nan,nan,nan,0.0,0.0,100.0,-0.0,-0.0,-0.001,1.6045275,0.0
7469844199,nan,nan,nan,nan,nan,nan,0.0,0.0,100.0,-0.0,-0.0,-0.001,1.6045496,0.0
7469954616,nan,nan,nan,nan,nan,nan,0.0,0.0,100.0,-0.0,-0.0,-0.001,1.6045377,0.0
7470054441,-0.2661064,0.64710444,-0.2757911,0.0010070296,0.0010242341,2.4335122,0.042461827,0.04851129,9.72758,1.744299e-05,1.992806e-05,-0.0040314565,1.6045245,0.0
7470154243,-0.26618326,0.6470093,-0.28255373,-0.00092889875,-0.00081772753,2.2520137,-0.0021273624,0.004303169,9.472474,-2.6070684e-06,5.273505e-06,-0.017038241,1.6045291,0.0
7470253498,-0.26625624,0.6469364,-0.2890811,-0.001048953,-0.00079179986,2.0705132,-0.0014619773,0.005079911,9.180399,-6.0980105e-06,2.1188665e-05,-0.03192993,1.6045291,0.0
7470354052,-0.2663422,0.64685035,-0.28443342,-0.0011852144,-0.00075559726,1.8890145,-0.0035867556,0.0034688516,8.854234,-1.20518325e-05,1.1655663e-05,-0.048559725,1.6045291,0.0
7470453281,-0.2664181,0.6467743,-0.28576466,-0.0013154502,-0.00072533434,1.7075158,-0.0030724215,0.0030966667,8.487843,-1.635149e-05,1.6480524e-05,-0.06724048,1.6045291,0.0
7470553297,-0.26649258,0.64669955,-0.28672853,-0.0014435714,-0.0006929643,1.5260153,-0.0034877555,0.0046463916,8.086157,-3.636426e-05,4.8444508e-05,-0.08772075,1.6045291,0.0
7470653704,-0.2665654,0.6466263,-0.2874682,-0.0015690578,-0.0006668259,1.3445166,-0.0031283386,0.0031983408,7.6473923,-2.6578791e-05,2.717354e-05,-0.110091515,1.6045291,0.0
7470753592,-0.26663575,0.6465554,-0.28840733,-0.0016681838,-0.0006228617,1.1630181,-0.003479188,0.0042438284,7.173906,-5.8766633e-05,7.1682094e-05,-0.13423261,1.6045291,0.0
7470853388,-0.26670396,0.6464866,-0.2894388,-0.0017568886,-0.00059993,0.98151755,-0.0018368647,0.0015463103,6.6631017,-0.0,-0.0,-0.16027637,1.6045291,0.0
7470953485,-0.2667704,0.64641947,-0.2901809,-0.0018248803,-0.0006450764,0.80001867,-0.0035821684,0.0012730728,6.117003,-6.120143e-05,2.1750478e-05,-0.18811965,1.6045291,0.0
7471053143,-0.26683444,0.6463546,-0.29136202,-0.0018852525,-0.00069543277,0.6185107,-0.004052107,0.00097422884,5.5321937,-7.31615e-05,1.7589871e-05,-0.21793664,1.6045291,0.0
7471152485,-0.26689625,0.64629185,-0.29239026,-0.0019573472,-0.0007744762,0.43701938,-0.0025252304,0.0028919259,4.9126816,-5.6665343e-05,6.4893866e-05,-0.24952295,1.6045291,0.0
7471252969,-0.26695666,0.64623034,-0.29318982,-0.0020466654,-0.0008496352,0.25551876,-0.0068504903,0.0034580817,4.2566996,-0.0001950242,9.844691e-05,-0.28296873,1.6045291,0.0
7471352779,-0.26701462,0.6461713,-0.29405317,-0.0021688011,-0.00091668405,0.08416294,-0.004171443,0.0015583178,3.6044698,-0.00010227784,3.820773e-05,-0.3162232,1.6045291,0.0
7471452643,-0.26707053,0.6461141,-0.29499018,-0.002221844,-0.0009953114,0.03325171,-0.003599869,0.00060330896,3.4157777,-0.0001109557,1.8595278e-05,-0.3258438,1.6045291,0.0
7471552643,-0.26712438,0.6460589,-0.29596102,-0.0022387458,-0.0010946966,-0.017721023,-0.0025461959,0.00031324953,3.212972,-0.0,-0.0,-0.33618402,1.6045291,0.0
7471652012,-0.2671758,0.6460061,-0.29689232,-0.0022173584,-0.0011984333,-0.06829871,-0.0050669005,0.00051228015,3.0031781,-0.00011915893,1.2047356e-05,-0.34688053,1.6045291,0.0
7471752316,-0.2672256,0.6459548,-0.29788297,-0.0022251834,-0.0012884625,-0.119438164,-0.0026692143,0.00017758823,2.7802267,-0.0,-0.0,-0.35824788,1.6045291,0.0
7471852173,-0.2672729,0.64590585,-0.2988802,-0.0022215527,-0.0013847705,-0.1702444,-0.0050548147,-0.0002193547,2.5470018,-0.00012767664,-5.5405535e-06,-0.37013906,1.6045291,0.0
7471952038,-0.26731822,0.6458587,-0.29985,-0.0022588454,-0.0015133721,-0.22129433,-0.0052236,-0.0015014771,2.3021097,-0.00025393354,-7.299092e-05,-0.38262507,1.6045291,0.0
7472051899,-0.26736137,0.64581364,-0.3006602,-0.002295399,-0.0016790286,-0.2721401,-0.0049037472,-0.0039542634,2.047677,-0.00021264974,-0.0001714756,-0.39559752,1.6045291,0.0
7472151213,-0.2674021,0.64577097,-0.3012381,-0.0023087815,-0.0018874087,-0.32247296,-0.0050049443,-0.0040716273,1.7858623,-0.0002190584,-0.00017820862,-0.40894637,1.6045291,0.0
7472251075,-0.26744092,0.6457301,-0.30199948,-0.0022981078,-0.0020940013,-0.3733003,-0.0026642703,-0.005678789,1.511972,-0.0001240385,-0.0002643833,-0.4229109,1.6045291,0.0
7472351532,-0.26747772,0.64569104,-0.30323324,-0.0022548437,-0.0023193215,-0.42490134,-0.0040974817,-0.0053904876,1.2252501,-0.00018283338,-0.0002405285,-0.43752962,1.6045291,0.0
7472450835,-0.267512,0.6456545,-0.30361876,-0.0022084517,-0.0025210404,-0.47507507,-0.0043908823,-0.0057327677,0.9335319,-0.0002123799,-0.00027728474,-0.45240313,1.6045291,0.0
7472550768,-0.26754427,0.6456198,-0.3042606,-0.0021494573,-0.0026734904,-0.525789,-0.0025544516,-0.005002261,0.6314812,-0.00014691337,-0.0002876935,-0.46780342,1.6045291,0.0
7472650578,-0.26757434,0.6455872,-0.30477607,-0.0020646562,-0.0027905433,-0.57629484,-0.0029477759,-0.0061201146,0.31716418,-0.0001449801,-0.00030100482,-0.48382914,1.6045291,0.0
7472751066,-0.26760235,0.6455565,-0.3065866,-0.0019916394,-0.0028800666,-0.6284354,-0.002493535,-0.0076484336,-0.010422945,-0.000119778895,-0.00036739846,-0.50053144,1.6045291,0.0
7472851044,-0.26762804,0.645528,-0.3076038,-0.001929266,-0.0029465083,-0.6794309,-0.0014124189,-0.007667563,-0.34168863,-7.2367664e-05,-0.00039286053,-0.51742125,1.6045291,0.0
7472950271,-0.26765138,0.64550185,-0.30763754,-0.0018299384,-0.003000228,-0.72900546,-0.00081232865,-0.0074563883,-0.6799331,-4.470588e-05,-0.0004103566,-0.53466696,1.6045291,0.0
7473050652,-0.26767266,0.64547753,-0.30946165,-0.0017354889,-0.00304342,-0.7807864,-0.0004022732,-0.0097214235,-1.0347197,-2.3671713e-05,-0.00057205587,-0.552756,1.6045291,0.0
7473150541,-0.26769167,0.6454555,-0.3105981,-0.0016208732,-0.0030900023,-0.8316426,0.0015897616,-0.009200219,-1.8959391,8.5922555e-05,-0.0004972483,-0.596666,1.6045291,0.0
7473250419,-0.26770848,0.6454355,-0.31125966,-0.0014866363,-0.003126096,-0.8820604,-0.0012365537,-0.008636006,-2.2684073,-7.380103e-05,-0.0005154213,-0.6156566,1.6045291,0.0
7473349802,-0.2677229,0.6454178,-0.31279984,-0.0013744668,-0.0031311223,-0.9329941,-0.00033933867,-0.008634725,-2.6480637,-2.1089372e-05,-0.0005366347,-0.63501364,1.6045291,0.0
7473450288,-0.2677352,0.645402,-0.31451976,-0.0012579334,-0.00312634,-0.9845189,0.0011684535,-0.0087786,-3.0418923,7.3098214e-05,-0.0005491874,-0.6550933,1.6045291,0.0
7473549521,-0.2677452,0.6453886,-0.31426892,-0.0011578262,-0.0031314327,-1.0334537,0.0010440465,-0.010844604,-3.4363954,7.409544e-05,-0.000769636,-0.6752074,1.6045291,0.0
7473649924,-0.267753,0.6453773,-0.31659418,-0.0010914399,-0.0031167804,-1.085405,0.0023301682,-0.008882668,-3.8539095,0.0001494655,-0.00056976685,-0.6964947,1.6045291,0.0
7473749817,-0.26775852,0.6453681,-0.31884637,-0.0010479463,-0.0030942182,-1.1372322,-0.0007939616,-0.009368579,-4.279888,-6.282056e-05,-0.00074126926,-0.71821356,1.6045291,0.0
7473849670,-0.2677618,0.6453611,-0.3192558,-0.0010435169,-0.003020357,-1.187113,-0.0003486371,-0.006079152,-4.7091465,-2.926125e-05,-0.0005102257,-0.74009967,1.6045291,0.0
7473949549,-0.26776275,0.6453563,-0.32055953,-0.0010497592,-0.0028693157,-1.2378389,0.002003151,-0.0061539277,-5.152354,0.00016301576,-0.0005008046,-0.7626969,1.6045291,0.0
7474050068,-0.26776144,0.6453537,-0.32355496,-0.0010329875,-0.0027220754,-1.2908394,0.0006140386,-0.006090463,-5.6142845,5.4462103e-05,-0.0005401931,-0.78624886,1.6045291,0.0
7474149333,-0.2677579,0.6453532,-0.3229528,-0.0010411638,-0.0025469733,-1.3395677,0.0010986404,-0.007049808,-6.0699744,9.6231066e-05,-0.0006175001,-0.8094826,1.6045291,0.0
7474249211,-0.26775208,0.6453549,-0.32469243,-0.001031819,-0.0024071515,-1.3909252,0.0016757898,-0.0056573437,-6.5468974,0.00016352728,-0.00055205607,-0.8337989,1.6045291,0.0
7474349414,-0.26774392,0.6453589,-0.32700858,-0.0010297834,-0.0022524477,-1.443313,-0.0015610466,-0.0062871138,-7.0398674,-0.0001429284,-0.000575644,-0.8589333,1.6045291,0.0
7474449126,-0.26773357,0.645365,-0.32598126,-0.0010422701,-0.0021610423,-1.4920073,0.0016464177,-0.007190424,-7.524223,0.00015226462,-0.00066498754,-0.8836286,1.6045291,0.0
7474548262,-0.267721,0.6453732,-0.3276246,-0.0010390279,-0.0020669843,-1.5271795,-0.0008308367,-0.0045411573,-7.6090717,-5.5175384e-05,-0.0003015756,-0.88795465,1.6045291,0.0
7474648986,-0.26770654,0.64538306,-0.3283683,-0.0010807157,-0.0019855797,-1.530369,-0.0009424159,-0.0038390053,-7.7817307,-7.381548e-05,-0.00030069312,-0.89675784,1.6045291,0.0
7474748748,-0.26769224,0.64539284,-0.3273846,-0.0011345511,-0.0018885636,-1.529283,0.0008135864,-0.0038826813,-8.08212,6.4584114e-05,-0.000308215,-0.91207343,1.6045291,0.0
7474848467,-0.26767808,0.64540255,-0.3278637,-0.0012071247,-0.0018085914,-1.5296609,-0.0033787729,-0.0064978325,-8.38837,-0.000330419,-0.00063543994,-0.9276878,1.6045291,0.0
7474948611,-0.26766387,0.6454123,-0.32944787,-0.0013358623,-0.0017851841,-1.5311625,-0.0036073746,-0.0059760083,-8.698773,-0.00033670155,-0.0005577827,-0.943514,1.6045291,0.0
7475048227,-0.2676498,0.6454219,-0.32759243,-0.0014871946,-0.0017735546,-1.5291975,-0.006442518,-0.005149655,-8.994636,-0.00063327025,-0.00050618773,-0.9585988,1.6045291,0.0
7475147584,-0.26763585,0.6454314,-0.32751885,-0.0016955714,-0.0017744302,-1.5290384,-0.0067759324,-0.005675282,-9.301561,-0.0006316584,-0.00052905484,-0.97424763,1.6045291,0.0
7475248689,-0.2676218,0.64544106,-0.32937744,-0.0018891024,-0.0017485197,-1.5309135,-0.005556387,-0.0047688433,-9.6173315,-0.0005801975,-0.0004979623,-0.99034745,1.6045291,0.0
7475347300,-0.26760808,0.6454505,-0.3283652,-0.0020519479,-0.0017089122,-1.5299535,-0.0061917114,-0.0029547885,-9.826853,-0.00062320725,-0.000297405,-0.99999976,1.6045291,0.0
7475447117,-0.26759428,0.64545995,-0.32814178,-0.0022174504,-0.001643198,-1.529829,-0.0071604257,-0.0029734902,-9.8270855,-0.0007130064,-0.00029608814,-0.9999997,1.6045291,0.0
7475548223,-0.2675804,0.6454695,-0.32892662,-0.0023844193,-0.0015707397,-1.5307605,-0.009317905,-0.0031303386,-9.833525,-0.0009818738,-0.00032985932,-0.99999946,1.6045291,0.0
7475657416,-0.26756677,0.6454788,-0.3279155,-0.0025666473,-0.0015264238,-1.529968,-0.0088957045,-0.0050379997,-9.831434,-0.0009500492,-0.0005380515,-0.9999994,1.6045291,0.0
7475746763,-0.2675532,0.64548796,-0.32759973,-0.002708642,-0.0015340802,-1.5298245,-0.010458672,-0.0040087565,-9.832073,-0.0010692658,-0.00040984424,-0.99999934,1.6045291,0.0
7475847485,-0.26753953,0.64549726,-0.32790834,-0.002851227,-0.0015763908,-1.5303495,-0.009789331,-0.0040186765,-9.835278,-0.0010100348,-0.00041463537,-0.9999994,1.6045291,0.0
7475947156,-0.2675261,0.6455065,-0.32822338,-0.002963086,-0.001624191,-1.5308415,-0.01085736,-0.0069236113,-9.83504,-0.001127478,-0.0007189796,-0.9999991,1.6045291,0.0
7476046442,-0.26751274,0.6455157,-0.32632577,-0.0030272708,-0.0017576128,-1.5290565,-0.011325938,-0.010751757,-9.826569,-0.0011475012,-0.0010893276,-0.99999875,1.6045291,0.0
7476147495,-0.2674992,0.6455249,-0.32887164,-0.003052826,-0.0019432335,-1.5317025,-0.01119735,-0.011950132,-9.838318,-0.0011321808,-0.0012082958,-0.9999986,1.6045291,0.0
7476246752,-0.267486,0.6455339,-0.32702023,-0.003032776,-0.0021607366,-1.5299265,-0.009994456,-0.01013738,-9.8317,-0.0010566022,-0.001071712,-0.99999887,1.6045291,0.0
7476355995,-0.26747277,0.64554286,-0.3267575,-0.0029313732,-0.0024200133,-1.5297468,-0.011373746,-0.014308611,-9.830307,-0.0011767435,-0.0014803887,-0.9999982,1.6045291,0.0
7476446776,-0.2674596,0.64555186,-0.32734215,-0.0028642605,-0.0026397158,-1.5303465,-0.011787115,-0.013675426,-9.830991,-0.0012346539,-0.0014324472,-0.9999982,1.6045291,0.0
7476555722,-0.26744652,0.6455608,-0.32697898,-0.0027810023,-0.002883823,-1.5299289,-0.011415349,-0.015552504,-9.826649,-0.0011735952,-0.00159893,-0.99999803,1.6045291,0.0
7476645759,-0.26743352,0.64556974,-0.32594907,-0.0027168216,-0.0030678485,-1.5287865,-0.009051349,-0.014246582,-9.82065,-0.00092575914,-0.0014571203,-0.9999985,1.6045291,0.0
7476755517,-0.2674205,0.64557874,-0.32721958,-0.0026463524,-0.0032333012,-1.5298749,-0.01265301,-0.017161403,-9.82472,-0.0012795589,-0.0017354786,-0.9999977,1.6045291,0.0
7476846115,-0.2674076,0.6455876,-0.3283501,-0.0026095775,-0.003379221,-1.5308745,-0.009687514,-0.01718408,-9.82831,-0.0009886747,-0.0017537487,-0.999998,1.6045291,0.0
7476955326,-0.26739475,0.6455963,-0.327609,-0.0025144112,-0.0035158966,-1.5299695,-0.011016438,-0.018571835,-9.823694,-0.0011278903,-0.0019014305,-0.99999756,1.6045291,0.0
7477055690,-0.2673821,0.64560497,-0.3275912,-0.0024547814,-0.0036525156,-1.5298426,-0.0107632,-0.019274145,-9.824276,-0.0010909508,-0.0019536146,-0.9999975,1.6045291,0.0
7477145100,-0.2673694,0.6456136,-0.32693082,-0.0024078265,-0.0038031773,-1.529103,-0.0101404255,-0.02131155,-9.82217,-0.00103843,-0.0021824092,-0.9999971,1.6045291,0.0
7477254849,-0.2673567,0.6456223,-0.32773638,-0.0023850175,-0.0039935834,-1.5298238,-0.010147127,-0.022114074,-9.82345,-0.0010383409,-0.0022629013,-0.9999969,1.6045291,0.0
7477345452,-0.26734412,0.64563096,-0.32795438,-0.0023732486,-0.004133257,-1.529979,-0.012031927,-0.019069055,-9.824291,-0.0012221236,-0.0019369086,-0.9999974,1.6045291,0.0
7477455172,-0.26733163,0.6456395,-0.3279974,-0.002401345,-0.004205831,-1.5299449,-0.01245118,-0.02124283,-9.82235,-0.0012590032,-0.0021479724,-0.9999969,1.6045291,0.0
7477544585,-0.2673216,0.6456464,-0.32808605,-0.0024403855,-0.0042686355,-1.5299841,-0.012153507,-0.022804113,-9.823854,-0.0012473265,-0.0023404087,-0.9999965,1.6045291,0.0
7477655061,-0.26730546,0.64565736,-0.34306797,-0.0024898865,-0.004318917,-1.5449026,-0.012700933,-0.023758559,-9.943428,-0.0013112839,-0.0024529074,-0.9999961,1.6045291,0.0
7477754945,-0.26729313,0.64566576,-0.32797235,-0.0025138657,-0.004328173,-1.5297525,-0.012138977,-0.022872524,-9.882908,-0.0012480955,-0.002351689,-0.9999964,1.6045291,0.0
7477854169,-0.26728207,0.64567333,-0.32846826,-0.0025241424,-0.004319354,-1.5302366,-0.014410809,-0.02212577,-9.885899,-0.0014655013,-0.002250071,-0.99999636,1.6045291,0.0
7477954673,-0.26726863,0.6456825,-0.3431611,-0.0025363062,-0.0042749983,-1.5449475,-0.013521573,-0.022910729,-9.945654,-0.0013803217,-0.002338794,-0.9999963,1.6045291,0.0
7478054702,-0.26725644,0.6456908,-0.32837358,-0.0025381113,-0.004215453,-1.5301936,-0.013972195,-0.024353916,-9.886276,-0.0014330115,-0.0024977778,-0.9999958,1.6045291,0.0
7478155019,-0.26724428,0.6456991,-0.32902867,-0.0025535827,-0.004151297,-1.530885,-0.013821469,-0.022467919,-9.888066,-0.0014071171,-0.0022873834,-0.99999636,1.6045291,0.0
7478254318,-0.26723233,0.6457073,-0.3272418,-0.002513165,-0.004050922,-1.529133,-0.010416414,-0.020734303,-9.883059,-0.0010667287,-0.002123368,-0.99999714,1.6045291,0.0
7478353660,-0.2672204,0.6457155,-0.32810968,-0.002421133,-0.0039173625,-1.5300735,-0.013161806,-0.022287335,-9.887234,-0.0013541117,-0.0022929632,-0.9999964,1.6045291,0.0
7478454341,-0.26720837,0.64572364,-0.32913506,-0.0023238321,-0.0038022592,-1.53117,-0.012799302,-0.020477965,-9.891926,-0.0012996134,-0.0020792885,-0.99999696,1.6045291,0.0
7478553935,-0.2671965,0.6457317,-0.32693273,-0.0022289914,-0.003649838,-1.529058,-0.013413405,-0.018536987,-9.884687,-0.0013631735,-0.0018838714,-0.99999726,1.6045291,0.0
7478653900,-0.2671847,0.64573973,-0.3277716,-0.0021346244,-0.003472609,-1.5300015,-0.008962017,-0.02044021,-9.888306,-0.00092347554,-0.002106226,-0.9999973,1.6045291,0.0
7478754326,-0.26717287,0.64574784,-0.32941854,-0.001982274,-0.0032844543,-1.5317235,-0.007957597,-0.017762026,-9.894337,-0.0008145532,-0.0018181512,-0.999998,1.6045291,0.0
7478853553,-0.26716125,0.64575577,-0.3267268,-0.0017732112,-0.0030630613,-1.529097,-0.0077232714,-0.01707812,-9.88587,-0.0007953211,-0.0017586576,-0.9999981,1.6045291,0.0
7478953489,-0.26714963,0.64576375,-0.32748845,-0.0015305389,-0.0028283019,-1.529943,-0.005861525,-0.014841182,-9.887909,-0.00058120646,-0.0014715954,-0.99999875,1.6045291,0.0
7479053581,-0.26713803,0.6457717,-0.32778817,-0.001268191,-0.0025784238,-1.530327,-0.0067094383,-0.01717882,-9.890777,-0.0006909391,-0.0017690777,-0.99999815,1.6045291,0.0
7479152672,-0.26712662,0.6457795,-0.32571664,-0.0010330423,-0.0023625141,-1.5283335,-0.0032238467,-0.014358199,-9.883072,-0.00032970528,-0.0014684242,-0.99999887,1.6045291,0.0
7479253059,-0.26711512,0.64578736,-0.32711327,-0.0007709358,-0.002156964,-1.529805,-0.003278012,-0.015954925,-9.889392,-0.00033323967,-0.0016219629,-0.9999986,1.6045291,0.0
7479353759,-0.2671036,0.6457952,-0.3281398,-0.00054733397,-0.0019861811,-1.53093,-0.004824739,-0.01431928,-9.896786,-0.0004930283,-0.0014632524,-0.9999988,1.6045291,0.0
7479452806,-0.26709238,0.6458029,-0.32702366,-0.00038720522,-0.0018021455,-1.529949,-0.0035840252,-0.013096057,-9.8937845,-0.00036455426,-0.0013320841,-0.99999905,1.6045291,0.0
7479552709,-0.26708105,0.64581066,-0.32683796,-0.0002667121,-0.0016310767,-1.5299115,-0.005828489,-0.013192339,-9.895774,-0.00060820015,-0.0013766144,-0.99999887,1.6045291,0.0
7479653000,-0.26706976,0.64581835,-0.32724229,-0.00019712307,-0.0014670294,-1.5305295,-0.004096795,-0.0131232105,-9.900927,-0.00041155276,-0.0013183216,-0.99999905,1.6045291,0.0
7479751936,-0.26705867,0.64582586,-0.3255764,-0.0001532938,-0.0013368349,-1.529121,-0.00470344,-0.01310051,-9.8967285,-0.00046667497,-0.0012998317,-0.99999905,1.6045291,0.0
7479851789,-0.26704755,0.6458335,-0.32525054,-0.00012724465,-0.0012486018,-1.5290639,-0.0025052219,-0.011690381,-9.898785,-0.00027069892,-0.0012631911,-0.99999917,1.6045291,0.0
7479952563,-0.26703638,0.64584106,-0.32642236,-9.6999356e-05,-0.0011851673,-1.530513,-0.0020704695,-0.012629059,-9.904928,-0.00021634107,-0.0013195964,-0.9999991,1.6045291,0.0
7480051558,-0.26702544,0.6458485,-0.32482865,-6.089176e-05,-0.0011572334,-1.529157,-0.0019461048,-0.013570915,-9.899372,-0.00019604324,-0.0013670826,-0.99999905,1.6045291,0.0
7480151453,-0.26701444,0.645856,-0.32499188,-4.0524188e-05,-0.0011777132,-1.529541,-0.0033788066,-0.011921738,-9.902346,-0.0003522619,-0.0012429163,-0.99999917,1.6045291,0.0
7480252127,-0.26700345,0.64586353,-0.32567543,-5.7920523e-05,-0.0012029492,-1.5304201,-0.0033413128,-0.010845037,-9.90634,-0.00033716735,-0.0010943582,-0.99999934,1.6045291,0.0
7480351149,-0.26699263,0.6458709,-0.32420123,-8.43469e-05,-0.001217707,-1.529136,-0.0026039714,-0.013330016,-9.902571,-0.00026478188,-0.0013554477,-0.99999905,1.6045291,0.0
7480451205,-0.2669818,0.6458784,-0.32416326,-0.00010060606,-0.001216553,-1.529229,-0.0026911811,-0.011793379,-9.898783,-0.0002874093,-0.0012594941,-0.99999917,1.6045291,0.0
7480550891,-0.26697108,0.64588577,-0.3239354,-0.00010961236,-0.0011871968,-1.5290115,-0.0030529846,-0.014619198,-9.895969,-0.00031564687,-0.0015114732,-0.9999988,1.6045291,0.0
7480650819,-0.2669604,0.64589304,-0.3241599,-8.498055e-05,-0.0011391514,-1.529199,-9.11277e-05,-0.012404768,-9.896841,-9.490061e-06,-0.0012918356,-0.99999917,1.6045291,0.0
7480750651,-0.26694977,0.6459003,-0.32447067,-1.07708765e-05,-0.001060922,-1.5294061,-0.0005827389,-0.011948867,-9.894432,-6.292894e-05,-0.001290337,-0.99999917,1.6045291,0.0
7480850529,-0.2669392,0.6459075,-0.32428914,2.5870278e-05,-0.0010075476,-1.529055,-0.005720203,-0.0123009775,-9.892687,-0.00058233977,-0.0012522892,-0.99999905,1.6045291,0.0
7480950462,-0.26692864,0.6459147,-0.32455945,-1.217828e-06,-0.0009512288,-1.5291555,-0.0012524896,-0.008275086,-9.893614,-0.00012656506,-0.00083620386,-0.99999964,1.6045291,0.0
7481050845,-0.2669181,0.64592195,-0.32640865,3.562899e-05,-0.00086659467,-1.530828,-0.0008737098,-0.0068163928,-9.897327,-8.77928e-05,-0.00068493024,-0.99999976,1.6045291,0.0
7481150724,-0.2669077,0.64592904,-0.32630724,1.7888575e-05,-0.00071078655,-1.5304935,0.0016380227,-0.005079938,-9.893743,0.00021191766,-0.0006572123,-0.99999976,1.6045291,0.0
7481250659,-0.2668973,0.64593613,-0.32676494,-5.3084586e-06,-0.00052054174,-1.5306765,-0.006491895,-0.0077985735,-9.892437,-0.0006985332,-0.000839133,-0.9999994,1.6045291,0.0
7481350481,-0.266887,0.6459432,-0.3263105,-0.00016848254,-0.00038001614,-1.5299655,-0.006330564,-0.009061853,-9.890766,-0.0006557982,-0.0009387388,-0.99999934,1.6045291,0.0
7481450397,-0.2668767,0.6459503,-0.32655418,-0.0003901468,-0.00029979562,-1.5299895,-0.0066592647,-0.008769521,-9.891475,-0.00069252617,-0.0009119809,-0.99999934,1.6045291,0.0
7481550483,-0.26686642,0.64595735,-0.32770282,-0.0006364101,-0.00028956006,-1.53099,-0.009781411,-0.0099362945,-9.895334,-0.00096886145,-0.0009842028,-0.99999905,1.6045291,0.0
7481650141,-0.26685628,0.64596426,-0.32764572,-0.00086228724,-0.00030095212,-1.530804,-0.007468574,-0.008242518,-9.894847,-0.00076890265,-0.00084858143,-0.99999934,1.6045291,0.0
7481749994,-0.26684615,0.6459712,-0.32761753,-0.0010922385,-0.0003044138,-1.5306795,-0.010697807,-0.005462581,-9.893713,-0.0011505524,-0.00058750215,-0.99999917,1.6045291,0.0
7481849886,-0.26683605,0.64597803,-0.32700646,-0.0013346202,-0.00032814706,-1.529961,-0.012213823,-0.010505228,-9.889013,-0.0012553665,-0.0010797529,-0.9999986,1.6045291,0.0
7481949741,-0.26682597,0.6459849,-0.32742053,-0.0015394002,-0.00037316803,-1.530246,-0.008367502,-0.007018341,-9.888949,-0.00087735936,-0.0007358956,-0.99999934,1.6045291,0.0
7482049677,-0.266816,0.64599174,-0.32718673,-0.0016158931,-0.00044463255,-1.529874,-0.007812737,-0.008104753,-9.8864765,-0.0007947341,-0.0008244388,-0.99999934,1.6045291,0.0
7482149664,-0.26680604,0.64599854,-0.3282375,-0.0016317697,-0.00048767167,-1.530807,-0.007559927,-0.006933596,-9.890584,-0.00080465275,-0.0007379882,-0.9999994,1.6045291,0.0
7482249394,-0.2667962,0.64600533,-0.3273603,-0.0016410123,-0.0005795152,-1.529853,-0.009825876,-0.012985174,-9.887579,-0.0009991575,-0.0013204151,-0.9999986,1.6045291,0.0
7482349315,-0.26678637,0.64601207,-0.32831904,-0.0015969402,-0.000700407,-1.530756,-0.009936524,-0.009554836,-9.8907585,-0.0009954949,-0.00095725525,-0.99999905,1.6045291,0.0
7482449119,-0.26677653,0.6460188,-0.32755277,-0.001517968,-0.00082424935,-1.5299355,-0.006566769,-0.013158101,-9.887747,-0.00067204336,-0.0013466005,-0.99999887,1.6045291,0.0
7482549053,-0.26676685,0.6460255,-0.32840076,-0.0013780546,-0.00096568995,-1.530753,-0.004982025,-0.012018377,-9.890153,-0.00051206705,-0.0012352837,-0.9999991,1.6045291,0.0
7482648853,-0.26675716,0.6460321,-0.3272663,-0.0012041398,-0.0010954689,-1.529601,-0.0073652808,-0.012020406,-9.886369,-0.00078628695,-0.001283249,-0.99999887,1.6045291,0.0
7482748760,-0.26674774,0.6460387,-0.32754233,-0.0010292536,-0.0012237161,-1.52988,-0.0038273637,-0.011454905,-9.8895,-0.00040939756,-0.0012252849,-0.99999917,1.6045291,0.0
7482848636,-0.26673844,0.64604527,-0.32748732,-0.0008819612,-0.0013139653,-1.5298696,-0.0070439824,-0.013815267,-9.888514,-0.00071869395,-0.0014095647,-0.99999875,1.6045291,0.0
7482948569,-0.26672924,0.64605176,-0.32795137,-0.0006538331,-0.001401157,-1.5303915,-0.007365504,-0.020274099,-9.892052,-0.00075818546,-0.002086962,-0.9999975,1.6045291,0.0
7483047815,-0.26672003,0.64605826,-0.3272712,-0.00048510707,-0.0014689234,-1.5297855,0.0006656372,-0.017307136,-9.892187,6.766014e-05,-0.0017592217,-0.99999845,1.6045291,0.0
7483148302,-0.2667108,0.64606476,-0.32804778,-0.00020649393,-0.0016008455,-1.5306644,-0.00021732633,-0.014651592,-9.894104,-2.232089e-05,-0.0015048179,-0.99999887,1.6045291,0.0
7483248133,-0.26670164,0.64607126,-0.32607362,4.8395068e-05,-0.0017515636,-1.528782,-0.003230144,-0.016558645,-9.886778,-0.00033053095,-0.0016943964,-0.9999985,1.6045291,0.0
7483348064,-0.26669252,0.6460777,-0.32707095,0.00023003438,-0.0018859801,-1.529901,0.00085668283,-0.016831696,-9.893721,8.775165e-05,-0.0017241027,-0.9999985,1.6045291,0.0
7483448106,-0.26668346,0.64608413,-0.32721272,0.00040698578,-0.002058326,-1.5301695,-0.0044219885,-0.019625762,-9.894518,-0.00045738948,-0.0020299954,-0.9999978,1.6045291,0.0
7483547768,-0.2666745,0.64609045,-0.32548672,0.0005218753,-0.0022296528,-1.528602,0.0067898585,-0.021555707,-9.890827,0.0006910323,-0.0021938146,-0.9999973,1.6045291,0.0
7483647708,-0.26666555,0.64609677,-0.3266242,0.0006490551,-0.002417624,-1.5299325,0.003020456,-0.018192176,-9.897612,0.00031117786,-0.0018742213,-0.99999815,1.6045291,0.0
7483747609,-0.26665667,0.6461031,-0.32691172,0.00080591085,-0.0025756408,-1.530363,0.0062365755,-0.020488579,-9.897877,0.0006308067,-0.0020723448,-0.9999976,1.6045291,0.0
7483846857,-0.26664788,0.64610934,-0.32462496,0.0009666468,-0.002735467,-1.5281925,0.00547332,-0.021420253,-9.889768,0.00055630016,-0.002177123,-0.99999744,1.6045291,0.0
7483946842,-0.26663905,0.6461156,-0.32540432,0.001090577,-0.0029199838,-1.529094,0.002364196,-0.023299092,-9.894348,0.00024002836,-0.002365473,-0.99999714,1.6045291,0.0
7484057658,-0.26663026,0.6461218,-0.32626888,0.001190275,-0.0030584594,-1.5300848,0.006583368,-0.02677099,-9.898917,0.0006729771,-0.0027366334,-0.999996,1.6045291,0.0
7484147103,-0.26662147,0.64612794,-0.32514974,0.0012363795,-0.003187249,-1.5290475,0.003743845,-0.022986183,-9.893253,0.0003821941,-0.002346567,-0.99999714,1.6045291,0.0
7484256843,-0.2666128,0.646134,-0.32587785,0.0012436978,-0.0033113386,-1.5298339,0.0006555377,-0.024395969,-9.897735,6.718817e-05,-0.0025004218,-0.99999684,1.6045291,0.0
7484346238,-0.26660421,0.6461401,-0.3250642,0.0011900676,-0.0033442006,-1.52907,0.0019681694,-0.025385952,-9.894346,0.00020239454,-0.0026105365,-0.99999654,1.6045291,0.0
7484446671,-0.26659554,0.64614624,-0.32484838,0.0010628807,-0.003345299,-1.528893,0.0026618226,-0.027094759,-9.89353,0.00027336358,-0.0027825746,-0.99999607,1.6045291,0.0
7484546592,-0.26658693,0.64615226,-0.32658827,0.0009140872,-0.0033273746,-1.5306375,0.0052878126,-0.020264922,-9.899689,0.0005469798,-0.0020962358,-0.9999976,1.6045291,0.0
7484647092,-0.26657835,0.64615834,-0.3266994,0.00084712805,-0.0032429642,-1.5307605,0.0041333763,-0.022558372,-9.901618,0.0004194561,-0.0022892295,-0.99999726,1.6045291,0.0
7484755671,-0.26656994,0.6461643,-0.32484913,0.0007632365,-0.0031669966,-1.528982,0.001996966,-0.023545487,-9.89784,0.00020519897,-0.0024194252,-0.999997,1.6045291,0.0
7484846299,-0.2665615,0.64617026,-0.32587528,0.0007055083,-0.0030983817,-1.5301185,0.0044127037,-0.023707734,-9.905209,0.00044899053,-0.0024122507,-0.99999696,1.6045291,0.0
7484955986,-0.26655313,0.6461762,-0.3266305,0.00064123975,-0.0029640319,-1.5311,0.0027588787,-0.022860305,-9.910095,0.00028510194,-0.002362379,-0.99999714,1.6045291,0.0
7485045428,-0.26654485,0.64618206,-0.3233212,0.0005634156,-0.0028258823,-1.5279645,0.00097287796,-0.022682967,-9.898628,9.971341e-05,-0.0023248505,-0.99999726,1.6045291,0.0
7485155727,-0.26653647,0.64618796,-0.32500413,0.0004268391,-0.00258411,-1.529875,0.00062887836,-0.01826707,-9.907055,6.539949e-05,-0.0018996632,-0.99999815,1.6045291,0.0
7485246028,-0.2665281,0.6461938,-0.32618108,0.00034054962,-0.0023699107,-1.5312315,0.0016697184,-0.017026724,-9.9132395,0.00016939992,-0.0017274326,-0.99999845,1.6045291,0.0
7485355536,-0.26651996,0.64619964,-0.3233131,0.0002378138,-0.0020894043,-1.5285634,0.0008499943,-0.018000456,-9.9016485,8.963211e-05,-0.0018981524,-0.99999815,1.6045291,0.0
7485455332,-0.26651177,0.6462054,-0.3236521,8.1261096e-05,-0.0018872063,-1.5290287,-0.0013833871,-0.015445504,-9.904457,-0.00014114685,-0.0015759033,-0.99999875,1.6045291,0.0
7485554752,-0.2665035,0.64621127,-0.3255144,3.756089e-05,-0.0016493349,-1.5310158,-0.004172682,-0.020774974,-9.911814,-0.00042687173,-0.0021253114,-0.9999976,1.6045291,0.0
7485654651,-0.26649547,0.6462169,-0.32351696,-5.755422e-05,-0.0014481532,-1.5291276,0.00091534277,-0.016319899,-9.906962,9.272633e-05,-0.0016532433,-0.9999986,1.6045291,0.0
7485745217,-0.26648742,0.64622265,-0.32513154,-0.00010630314,-0.0013073063,-1.530846,6.48938e-05,-0.018111028,-9.913005,6.812746e-06,-0.00190135,-0.99999815,1.6045291,0.0
7485854915,-0.26647934,0.6462284,-0.32524514,-7.782788e-05,-0.0011619561,-1.5310265,0.0010265363,-0.019677239,-9.912706,0.00010545258,-0.0020213756,-0.9999979,1.6045291,0.0
7485944243,-0.266473,0.64623284,-0.32430676,-5.531677e-05,-0.0011028115,-1.5301021,0.00502972,-0.014018164,-9.908681,0.00052146614,-0.0014533607,-0.9999988,1.6045291,0.0
7486054274,-0.26646268,0.6462401,-0.33841985,2.4482066e-05,-0.0010179604,-1.5442305,-0.0003762428,-0.016992686,-9.9647045,-3.8522197e-05,-0.0017398223,-0.99999845,1.6045291,0.0
7486153998,-0.2664555,0.6462452,-0.31105003,3.9400573e-05,-0.00096897874,-1.5167966,0.003369351,-0.0143060135,-9.852032,0.00034501377,-0.0014649029,-0.99999887,1.6045291,0.0
7486253946,-0.26644692,0.64625126,-0.32433555,4.217485e-05,-0.0009244672,-1.5299655,0.002144676,-0.0136255585,-9.905,0.00021473758,-0.0013642709,-0.99999905,1.6045291,0.0
7486354371,-0.26643905,0.64625686,-0.32447404,7.021102e-05,-0.0008668756,-1.53003,0.0033639616,-0.012630898,-9.907642,0.00034414124,-0.0012921707,-0.9999991,1.6045291,0.0
7486453658,-0.266432,0.6462619,-0.31042293,0.00012448801,-0.0007318784,-1.5159146,0.002269161,-0.014391888,-9.849226,0.00023439429,-0.0014866185,-0.99999887,1.6045291,0.0
7486553572,-0.26642352,0.64626783,-0.32465202,0.00013210514,-0.00068063167,-1.53003,0.0016067494,-0.016844943,-9.903767,0.0001639218,-0.0017185339,-0.9999985,1.6045291,0.0
7486653461,-0.2664158,0.6462733,-0.32475,8.23142e-05,-0.00068152696,-1.529976,0.00032571162,-0.01399319,-9.901329,3.5021167e-05,-0.0015045758,-0.99999887,1.6045291,0.0
7486753961,-0.26640806,0.6462788,-0.3250079,3.5950558e-05,-0.00070490205,-1.5300751,0.0010371954,-0.015368084,-9.902021,0.00010654145,-0.0015786204,-0.99999875,1.6045291,0.0
7486853791,-0.26640043,0.6462842,-0.32508883,1.2120385e-05,-0.00076667155,-1.530024,-0.0013248179,-0.016169038,-9.902428,-0.00013521906,-0.0016503114,-0.9999986,1.6045291,0.0
7486953630,-0.26639283,0.6462895,-0.32519585,-4.4431283e-05,-0.00079830794,-1.5300345,0.006267259,-0.017260613,-9.903408,0.0006486085,-0.0017863279,-0.99999815,1.6045291,0.0
7487053527,-0.26638526,0.64629495,-0.3860312,-5.8829755e-05,-0.0008293103,-1.5899966,-7.8907586e-05,-0.014628836,-10.06421,-8.224337e-06,-0.0015247264,-0.9999988,1.6045291,0.0
7487153478,-0.2663778,0.64630485,-0.5348131,-8.940779e-05,-0.000790492,-1.7107897,0.0053547015,-0.02003994,-10.148321,0.0005589999,-0.0020920539,-0.9999976,1.6045291,0.0
7487253241,-0.26637077,0.64632106,-0.6785046,-8.130011e-05,-0.00077604584,-1.7867225,0.0004800195,-0.014218508,-10.050149,5.141008e-05,-0.0015228019,-0.9999988,1.6045291,0.0
7487353198,-0.2663641,0.64634365,-0.8137808,-6.026857e-05,-0.00072548393,-1.8140931,0.0031344113,-0.01749402,-9.758936,0.0003214266,-0.0017939712,-0.99756724,1.6045291,0.0
7487453120,-0.2663578,0.6463727,-0.9362701,-3.8812686e-06,-0.00067999924,-1.7936016,0.0034289933,-0.015448904,-9.86466,0.00034283957,-0.0015446211,-0.99999875,1.6045291,0.0
7487552983,-0.266352,0.646408,-1.0446745,4.0786552e-05,-0.00061207835,-1.7715772,0.0027521786,-0.012830279,-10.020632,0.00028352116,-0.0013217367,-0.99999905,1.6045291,0.0
7487652749,-0.2663467,0.64644754,-1.1411788,6.422369e-05,-0.000541943,-1.7614782,0.0021844653,-0.013516331,-10.213641,0.00022491702,-0.001391669,-0.999999,1.6045291,0.0
7487752647,-0.26634187,0.64648646,-1.2282628,3.6520112e-05,-0.00045832322,-1.7636782,0.0035530857,-0.012045184,-10.426673,0.00039029453,-0.0013231229,-0.99999905,1.6045291,0.0
7487851981,-0.26633757,0.64652354,-1.3074119,4.800104e-05,-0.0003659546,-1.7773077,0.0015446789,-0.0149335945,-10.656033,0.00016574684,-0.0016024016,-0.9999987,1.6045291,0.0
7487951882,-0.26633376,0.64655894,-1.3812493,2.0750002e-05,-0.00025241132,-1.8003445,0.0054641515,-0.013411889,-10.879077,0.00059696805,-0.0014652722,-0.99999875,1.6045291,0.0
7488052375,-0.26633045,0.64659244,-1.4509089,5.148492e-05,-0.00014721657,-1.8292947,0.0021559964,-0.014127423,-11.072802,0.00024170539,-0.0015838032,-0.9999987,1.6045291,0.0
7488152116,-0.26632747,0.6466236,-1.5162842,3.205797e-05,-1.642626e-05,-1.860199,0.0027245474,-0.011159201,-11.245535,0.00029153205,-0.0011940569,-0.9999992,1.6045291,0.0
7488252002,-0.26632452,0.6466529,-1.5786989,1.4705244e-05,0.00011296033,-1.8914471,0.0044219703,-0.011398674,-11.396751,0.0005051185,-0.0013020623,-0.999999,1.6045291,0.0
7488351943,-0.26632175,0.64668,-1.6379806,1.2817146e-05,0.00020184038,-1.921468,0.0027845288,-0.010216699,-11.529125,0.00031231652,-0.0011459189,-0.9999993,1.6045291,0.0
7488451814,-0.26631907,0.646706,-1.6943766,4.3119853e-06,0.00027467206,-1.9500759,0.002628582,-0.012781222,-11.661474,0.0002948479,-0.001433669,-0.9999989,1.6045291,0.0
7488551064,-0.26631653,0.6467312,-1.7477758,-1.0754093e-05,0.00028580287,-1.9772704,0.00413849,-0.010732868,-11.775944,0.00045334746,-0.0011757232,-0.99999917,1.6045291,0.0
7488651066,-0.26631415,0.64675546,-1.798956,7.276685e-07,0.00029180828,-2.0031512,0.002620036,-0.013256605,-11.891821,0.000296243,-0.0014989016,-0.9999988,1.6045291,0.0
7488751681,-0.26631185,0.64677864,-1.8479593,-9.514204e-06,0.00023325779,-2.0279458,0.0008272504,-0.013563981,-12.0073,9.3506664e-05,-0.0015331787,-0.9999988,1.6045291,0.0
7488850721,-0.26630977,0.6468004,-1.8939223,-5.920001e-06,0.00011236658,-2.0512176,0.0042824983,-0.013405465,-12.106619,0.0005116848,-0.0016017223,-0.99999857,1.6045291,0.0
7488950510,-0.26630777,0.64682114,-1.9379767,3.0680996e-05,3.3432443e-06,-2.0734365,0.0056100357,-0.012643873,-12.2087,0.0006262282,-0.0014113905,-0.9999988,1.6045291,0.0
7489051353,-0.26630583,0.6468409,-1.9803061,8.343396e-05,-9.820786e-05,-2.0948126,0.0053827893,-0.014716077,-12.306639,0.00061279675,-0.0016753327,-0.9999984,1.6045291,0.0
7489150489,-0.26630396,0.6468591,-2.0199504,0.00014332467,-0.00021010367,-2.1148243,0.006196297,-0.016647108,-12.394181,0.00072139263,-0.0019381095,-0.99999785,1.6045291,0.0
7489250237,-0.2663022,0.6468767,-2.0579112,0.0002253269,-0.00035968618,-2.133933,0.0057756086,-0.018516235,-12.480896,0.00067113154,-0.002151605,-0.99999744,1.6045291,0.0
7489351450,-0.2663005,0.6468939,-2.0945225,0.0002956227,-0.0005461465,-2.1523695,0.0057909787,-0.018056348,-12.573036,0.00066988735,-0.0020887177,-0.99999756,1.6045291,0.0
7489449969,-0.26629892,0.64690983,-2.128461,0.0003455296,-0.00074672955,-2.169536,0.004556724,-0.017658731,-12.640711,0.0005407867,-0.002095718,-0.9999976,1.6045291,0.0
7489549836,-0.26629743,0.6469252,-2.1611693,0.00036309237,-0.00090019073,-2.1859436,0.004872184,-0.017933058,-12.713727,0.0005693064,-0.0020954472,-0.9999976,1.6045291,0.0
7489650544,-0.26629597,0.6469399,-2.19256,0.00037829156,-0.0010058212,-2.201681,0.007189519,-0.018507577,-12.787244,0.0008386712,-0.0021589447,-0.9999973,1.6045291,0.0
7489750135,-0.26629463,0.6469535,-2.222104,0.00039921215,-0.0010504368,-2.2164679,0.0044798125,-0.018924551,-12.854843,0.0005275649,-0.002228649,-0.9999974,1.6045291,0.0
7489850034,-0.2662933,0.64696634,-2.2502155,0.00037409744,-0.0010821896,-2.2304983,0.004749934,-0.017609859,-12.916246,0.0005705723,-0.002115334,-0.99999756,1.6045291,0.0
7489950229,-0.26629204,0.6469789,-2.2771556,0.00034778303,-0.0010628622,-2.2439795,0.0053762156,-0.01538898,-12.976994,0.0006340108,-0.0018148044,-0.99999815,1.6045291,0.0
7490049280,-0.26629084,0.6469907,-2.3024437,0.00030024323,-0.000996481,-2.2565498,0.005496817,-0.01528018,-13.032118,0.00065071817,-0.0018088811,-0.99999815,1.6045291,0.0
7490149693,-0.2662897,0.6470021,-2.3268232,0.0002478249,-0.0009088474,-2.2687407,0.00480655,-0.0156196505,-13.085985,0.0005684343,-0.0018472178,-0.9999981,1.6045291,0.0
7490250298,-0.26628867,0.6470128,-2.350046,0.00017519401,-0.0008179971,-2.2802575,0.004636402,-0.013961133,-13.141122,0.0005548614,-0.0016707985,-0.99999845,1.6045291,0.0
7490349463,-0.26628765,0.6470228,-2.371819,6.991762e-05,-0.0007111487,-2.2910168,0.000945876,-0.0148589285,-13.185051,0.00011498984,-0.001806395,-0.99999833,1.6045291,0.0
7490449270,-0.2662867,0.6470323,-2.3926249,-7.180679e-05,-0.0005942372,-2.3012774,0.001796108,-0.012936541,-13.229336,0.0002159859,-0.0015556471,-0.99999875,1.6045291,0.0
7490550009,-0.26628578,0.6470417,-2.412664,-0.00023720981,-0.00043805482,-2.311169,-0.00014513766,-0.013435995,-13.282033,-1.749247e-05,-0.0016193505,-0.9999987,1.6045291,0.0
7490649054,-0.26628488,0.64705044,-2.4313738,-0.00043705947,-0.00025482354,-2.320327,-0.0010010584,-0.011266978,-13.321664,-0.000119505894,-0.0013450468,-0.99999905,1.6045291,0.0
7490748346,-0.26628408,0.64705867,-2.449213,-0.000633942,-7.409398e-05,-2.329122,-0.0008830562,-0.012387139,-13.359099,-0.00010850047,-0.0015219987,-0.9999988,1.6045291,0.0
7490849444,-0.2662833,0.64706665,-2.4664824,-0.00080631464,9.0697176e-05,-2.3376877,-0.001561584,-0.011009069,-13.402878,-0.00019030772,-0.0013416574,-0.99999905,1.6045291,0.0
7490948747,-0.26628256,0.6470741,-2.4826083,-0.00096753496,0.00023530918,-2.3456974,-0.0015867036,-0.009191045,-13.432524,-0.00017047263,-0.0009874696,-0.99999946,1.6045291,0.0
7491048550,-0.2662818,0.64708126,-2.4979942,-0.0010996799,0.00034900097,-2.3533437,-0.0026587092,-0.010766653,-13.465941,-0.0003257485,-0.0013191443,-0.99999905,1.6045291,0.0
7491147908,-0.2662812,0.647088,-2.5126023,-0.0011794467,0.00039752774,-2.3605616,0.00065957755,-0.0109594865,-13.502933,8.1757185e-05,-0.0013584709,-0.99999905,1.6045291,0.0
7491248326,-0.2662806,0.6470945,-2.5266187,-0.0012109316,0.0003960787,-2.3675613,-0.004137163,-0.010544302,-13.536469,-0.0004977965,-0.0012687236,-0.99999905,1.6045291,0.0
7491348175,-0.26628,0.64710057,-2.5398545,-0.0012188259,0.00038287826,-2.374141,0.003198315,-0.010793889,-13.563508,0.00038764277,-0.0013082429,-0.99999905,1.6045291,0.0
7491448044,-0.2662794,0.64710635,-2.5524757,-0.0011802794,0.00031369936,-2.3804731,0.00077776983,-0.011600936,-13.59088,9.138084e-05,-0.0013630039,-0.99999905,1.6045291,0.0
7491547955,-0.2662788,0.64711183,-2.5644655,-0.0010530595,0.00025126772,-2.3864708,0.0010914672,-0.01140466,-13.617428,0.00013029024,-0.0013613931,-0.99999905,1.6045291,0.0
7491647798,-0.26627833,0.64711714,-2.5758595,-0.0008856362,0.00018555224,-2.3921428,0.0064929733,-0.013381696,-13.645186,0.00080597156,-0.0016610674,-0.9999983,1.6045291,0.0
7491747170,-0.26627788,0.6471221,-2.5866437,-0.0006428605,8.6497996e-05,-2.3974848,0.005196546,-0.01481634,-13.667164,0.00062588864,-0.0017845274,-0.9999982,1.6045291,0.0
7491847054,-0.26627743,0.6471269,-2.596954,-0.00039893965,-4.765757e-05,-2.4025693,0.003498307,-0.014574526,-13.689924,0.0004317419,-0.0017987082,-0.9999983,1.6045291,0.0
7491947459,-0.266277,0.6471315,-2.6068082,-0.00020723863,-0.00019467447,-2.4074137,0.0045512062,-0.014815549,-13.713163,0.00055531936,-0.0018077323,-0.9999982,1.6045291,0.0
7492047332,-0.26627654,0.6471358,-2.6161237,-3.1079777e-05,-0.00032854718,-2.4120104,0.007207487,-0.015453724,-13.731319,0.0008756258,-0.0018774476,-0.99999785,1.6045291,0.0
7492147408,-0.2662761,0.6471399,-2.6249917,0.00017276812,-0.0004963974,-2.4163687,0.009443599,-0.016930245,-13.751559,0.001160526,-0.0020805614,-0.99999714,1.6045291,0.0
7492247148,-0.26627564,0.64714384,-2.633408,0.0003759086,-0.00067563396,-2.4204938,0.007512613,-0.015830355,-13.774554,0.00090751005,-0.0019122782,-0.99999774,1.6045291,0.0
7492347025,-0.26627532,0.64714754,-2.641409,0.0005851928,-0.000797856,-2.4244916,0.0095093325,-0.017314095,-13.790953,0.0011634729,-0.0021183905,-0.9999971,1.6045291,0.0
7492456733,-0.26627502,0.64715105,-2.6490254,0.0008141085,-0.0009217021,-2.4283054,0.010509743,-0.016404044,-13.808029,0.0012882588,-0.002010768,-0.99999714,1.6045291,0.0
7492546805,-0.26627472,0.6471544,-2.6562607,0.000999005,-0.00097444747,-2.4319513,0.01478774,-0.019658916,-13.82842,0.0018035749,-0.002397684,-0.99999547,1.6045291,0.0
7492656536,-0.26627442,0.6471576,-2.6631026,0.0012342128,-0.0010605555,-2.435446,0.011932283,-0.018712945,-13.841157,0.0014846331,-0.0023282936,-0.9999962,1.6045291,0.0
7492745978,-0.26627412,0.64716065,-2.6696408,0.0013628241,-0.0011169789,-2.4387422,0.011702163,-0.019423932,-13.8564205,0.001425385,-0.002365937,-0.9999962,1.6045291,0.0
7492856958,-0.26627383,0.64716345,-2.67585,0.0014840179,-0.001151616,-2.441912,0.0119884685,-0.017510487,-13.874925,0.001470758,-0.0021482052,-0.9999966,1.6045291,0.0
7492945721,-0.26627353,0.6471662,-2.6817672,0.0015509085,-0.0011560639,-2.4448984,0.013749225,-0.017672729,-13.886801,0.0016960757,-0.0021800708,-0.9999962,1.6045291,0.0
7493046100,-0.26627323,0.6471688,-2.6874135,0.0016220737,-0.0011819211,-2.4477198,0.013947234,-0.01799353,-13.903034,0.0017152913,-0.0022129223,-0.99999607,1.6045291,0.0
7493156146,-0.26627293,0.64717126,-2.692754,0.0016329628,-0.0011896518,-2.450462,0.014682556,-0.01690637,-13.911599,0.0018160279,-0.0020910827,-0.9999961,1.6045291,0.0
7493245887,-0.2662727,0.64717364,-2.6978192,0.0016456543,-0.0011779806,-2.452999,0.013199194,-0.017797748,-13.921613,0.0016125451,-0.0021743504,-0.9999963,1.6045291,0.0
7493355656,-0.26627252,0.64717585,-2.702631,0.0015979557,-0.0011570691,-2.4553936,0.014525881,-0.019732296,-13.937456,0.0017844163,-0.002423993,-0.99999547,1.6045291,0.0
7493445105,-0.26627237,0.64717793,-2.7072158,0.0015363032,-0.0011634894,-2.4577034,0.012032168,-0.017433777,-13.942421,0.0014806532,-0.0021453637,-0.9999966,1.6045291,0.0
7493554979,-0.26627222,0.64717996,-2.7116005,0.0013770289,-0.0011384226,-2.4599266,0.010542776,-0.017000338,-13.957554,0.0012855976,-0.0020730398,-0.999997,1.6045291,0.0
7493645402,-0.26627207,0.64718175,-2.7157454,0.001209262,-0.001104685,-2.4620159,0.012984226,-0.013355559,-13.964472,0.0015964553,-0.0016421119,-0.9999974,1.6045291,0.0
7493755779,-0.26627192,0.64718354,-2.7196593,0.000990674,-0.0009004829,-2.4639666,0.0038657612,-0.02178356,-13.97147,0.00047400227,-0.0026710022,-0.9999963,1.6045291,0.0
7493854534,-0.26627174,0.6471853,-2.7234275,0.00077800953,-0.00083253084,-2.465828,0.008457101,-0.013780017,-13.980947,0.0010504576,-0.0017116176,-0.999998,1.6045291,0.0
7493955007,-0.26627153,0.64718705,-2.7273328,0.0005695218,-0.00069376983,-2.4679325,0.009148211,-0.016124412,-13.988383,0.0011301499,-0.0019919747,-0.9999974,1.6045291,0.0
7494055053,-0.26627138,0.6471884,-2.730371,0.00039924806,-0.00062217534,-2.4692633,0.010435566,-0.015610533,-13.994574,0.0012964814,-0.0019394028,-0.99999726,1.6045291,0.0
7494154146,-0.2662712,0.64718986,-2.733587,0.00022818157,-0.0005545746,-2.4706867,0.008346508,-0.014452386,-13.998215,0.0010478642,-0.0018144279,-0.9999978,1.6045291,0.0
7494254134,-0.26627102,0.64719135,-2.73692,6.525554e-05,-0.000488721,-2.4725983,0.00685231,-0.013011367,-14.006195,0.00085132034,-0.0016165118,-0.99999833,1.6045291,0.0
7494354840,-0.26627088,0.64719266,-2.7398343,-5.3631553e-05,-0.00045871627,-2.4738379,0.008370079,-0.015064228,-14.010258,0.0010383319,-0.0018687599,-0.9999977,1.6045291,0.0
7494454450,-0.26627076,0.64719385,-2.7425697,-0.00011136291,-0.0004255053,-2.475129,0.0073790024,-0.016388983,-14.015646,0.0009110273,-0.0020234187,-0.9999975,1.6045291,0.0
7494553757,-0.26627064,0.64719504,-2.7451656,-0.00011912327,-0.00039662514,-2.4764261,0.0091784755,-0.015850598,-14.020078,0.0011512336,-0.0019881015,-0.9999973,1.6045291,0.0
7494654802,-0.2662705,0.64719623,-2.7476752,-6.248819e-05,-0.00036418036,-2.4774647,0.010340961,-0.01595773,-14.022669,0.0012701452,-0.001960034,-0.99999726,1.6045291,0.0
7494754002,-0.26627037,0.64719737,-2.7500134,2.1553002e-05,-0.0002777431,-2.478531,0.009787203,-0.014114408,-14.02842,0.0012191335,-0.0017581477,-0.9999977,1.6045291,0.0
7494853953,-0.26627028,0.6471985,-2.7522576,8.6371765e-05,-0.00021264992,-2.4795787,0.00736499,-0.013981192,-14.031923,0.00089595036,-0.0017008109,-0.99999815,1.6045291,0.0
7494954047,-0.26627028,0.64719945,-2.7543907,0.00011172467,-0.00013906385,-2.4805813,0.010494738,-0.012676121,-14.036817,0.0013383591,-0.0016165435,-0.9999978,1.6045291,0.0
7495053130,-0.26627028,0.64720035,-2.7563977,0.00016956659,-0.000117143034,-2.4815078,0.0072765118,-0.0133235855,-14.037581,0.000899753,-0.0016474838,-0.9999982,1.6045291,0.0
7495153093,-0.26627028,0.64720124,-2.7583222,0.00016376261,-0.00014510848,-2.4823933,0.011716435,-0.01764616,-14.042598,0.0014502673,-0.0021842523,-0.99999654,1.6045291,0.0
7495253544,-0.26627028,0.64720213,-2.7601604,0.0001426135,-0.00024107978,-2.4832633,0.0073175267,-0.016055588,-14.046144,0.0009214639,-0.0020218093,-0.9999975,1.6045291,0.0
7495353349,-0.26627028,0.647203,-2.761896,9.0915426e-05,-0.00030941854,-2.4840684,0.008451778,-0.017389342,-14.047999,0.0010545102,-0.002169631,-0.9999971,1.6045291,0.0
7495453218,-0.26627028,0.6472039,-2.763547,6.067804e-05,-0.00040442785,-2.4848163,0.008851368,-0.016625986,-14.05015,0.0010988412,-0.0020640106,-0.99999726,1.6045291,0.0
7495553059,-0.26627028,0.6472047,-2.7651157,-7.780846e-06,-0.0005122906,-2.4855137,0.007646557,-0.017097754,-14.053123,0.00095474283,-0.0021348114,-0.99999726,1.6045291,0.0
7495652472,-0.26627028,0.6472053,-2.7665997,-0.00010857223,-0.0006196647,-2.486169,0.0059732813,-0.015432201,-14.056133,0.0007580988,-0.0019585774,-0.9999978,1.6045291,0.0
7495752289,-0.26627028,0.6472059,-2.7680159,-0.00023410853,-0.00070382305,-2.48678,0.006802179,-0.015847009,-14.056005,0.00084486994,-0.0019682902,-0.9999977,1.6045291,0.0
7495852693,-0.26627028,0.6472065,-2.769371,-0.00036188145,-0.00077937404,-2.4873528,0.004977381,-0.017987913,-14.058221,0.0006237989,-0.0022543664,-0.99999726,1.6045291,0.0
7495952042,-0.26627028,0.6472071,-2.7706444,-0.0005012341,-0.0008588326,-2.4879065,0.0046822093,-0.019543083,-14.061996,0.000587384,-0.0024516832,-0.9999968,1.6045291,0.0
7496052499,-0.26627028,0.6472077,-2.7718687,-0.0006698049,-0.0009391971,-2.4884462,0.004104586,-0.01854808,-14.062853,0.0005054961,-0.00228427,-0.99999726,1.6045291,0.0
7496151739,-0.26627028,0.6472083,-2.7730186,-0.0008508614,-0.0009984408,-2.4889333,0.0022186134,-0.017362403,-14.06421,0.00027159037,-0.0021254092,-0.9999977,1.6045291,0.0
7496252210,-0.26627028,0.64720887,-2.7741249,-0.0010884575,-0.001004684,-2.4894357,0.00036577304,-0.01581293,-14.068226,4.4454828e-05,-0.0019218503,-0.99999815,1.6045291,0.0
7496352043,-0.26627028,0.64720947,-2.7751694,-0.0013253456,-0.0009224798,-2.4899435,0.0018614972,-0.016223555,-14.070465,0.00022949357,-0.0020001112,-0.999998,1.6045291,0.0
7496451919,-0.26627028,0.64721006,-2.7761605,-0.0014982482,-0.00079384394,-2.4904552,0.0015054974,-0.014934395,-14.07203,0.00018855016,-0.0018704003,-0.9999982,1.6045291,0.0
7496551297,-0.26627028,0.64721066,-2.7771013,-0.0016181788,-0.00062726974,-2.4909034,0.0007296386,-0.01287131,-14.072512,9.165467e-05,-0.0016168494,-0.9999987,1.6045291,0.0
7496651716,-0.26627028,0.64721125,-2.778003,-0.0016913658,-0.00040469365,-2.4913216,-0.00074094004,-0.013244574,-14.072982,-9.0455054e-05,-0.0016169171,-0.9999987,1.6045291,0.0
7496751559,-0.26627028,0.6472118,-2.778853,-0.0017644962,-0.00019049825,-2.4916937,-0.0010109249,-0.01166373,-14.074192,-0.00012039457,-0.0013890741,-0.999999,1.6045291,0.0
7496850890,-0.26627028,0.6472121,-2.7796605,-0.0018225362,6.602544e-06,-2.4920332,-0.0003511828,-0.010230582,-14.077083,-4.56125e-05,-0.0013287737,-0.9999991,1.6045291,0.0
7496950775,-0.26627028,0.6472124,-2.78043,-0.0018528302,0.0002336877,-2.4924023,-0.0014740061,-0.0073622903,-14.078466,-0.00018457333,-0.0009218974,-0.9999995,1.6045291,0.0
7497051357,-0.26627025,0.6472126,-2.7811663,-0.0018568655,0.0004823464,-2.4927704,-0.0005022199,-0.007941276,-14.080161,-5.934505e-05,-0.00093838456,-0.9999995,1.6045291,0.0
7497151108,-0.26627025,0.64721286,-2.7818604,-0.0018064698,0.0007510232,-2.4931016,0.00092464016,-0.005750093,-14.081447,0.00013352733,-0.0008303712,-0.99999964,1.6045291,0.0
7497250980,-0.26627025,0.647213,-2.7825198,-0.0017010068,0.0010120588,-2.4933999,0.0021929736,-0.0066142324,-14.080033,0.0002646652,-0.0007982573,-0.99999964,1.6045291,0.0
7497350305,-0.26627025,0.6472131,-2.7831442,-0.0015598135,0.0012060785,-2.49362,0.0022224265,-0.0063802223,-14.0794,0.00027663226,-0.0007941659,-0.99999964,1.6045291,0.0
7497450681,-0.26627025,0.6472132,-2.7837443,-0.001403502,0.001304092,-2.4938257,0.0024854187,-0.0074591683,-14.081261,0.0002972453,-0.0008920842,-0.9999995,1.6045291,0.0
7497550619,-0.26627025,0.64721334,-2.7843125,-0.0012747664,0.0013542881,-2.4940412,0.0011634212,-0.0052657733,-14.082968,0.00018145506,-0.00082128565,-0.99999964,1.6045291,0.0
7497650506,-0.26627025,0.6472134,-2.7848523,-0.0011584598,0.0013750395,-2.4942722,0.0017722223,-0.0054726503,-14.082982,0.000259125,-0.00080018205,-0.99999964,1.6045291,0.0
7497750325,-0.26627025,0.64721346,-2.7853646,-0.0010574702,0.0013627223,-2.4944613,0.003820523,-0.0062361904,-14.082703,0.0004912411,-0.00080184656,-0.9999995,1.6045291,0.0
7497850266,-0.26627025,0.6472135,-2.785852,-0.00093895517,0.0012821729,-2.4946532,0.0030375274,-0.007967542,-14.083171,0.00036696214,-0.00096255477,-0.99999946,1.6045291,0.0
7497949540,-0.26627025,0.6472136,-2.7863123,-0.0008556323,0.0011523033,-2.4948158,-0.00043827132,-0.0060573793,-14.08439,-6.070073e-05,-0.00083894917,-0.99999964,1.6045291,0.0
7498049401,-0.26627025,0.6472137,-2.7867527,-0.0008088324,0.0010128042,-2.4949775,0.003932272,-0.008498702,-14.085366,0.0005298408,-0.0011451291,-0.99999917,1.6045291,0.0
7498149827,-0.26627025,0.64721376,-2.7871735,-0.00075311377,0.0008472916,-2.4951813,0.005048369,-0.0073438077,-14.086878,0.00058365107,-0.00084903085,-0.99999946,1.6045291,0.0
7498249705,-0.26627025,0.6472138,-2.787571,-0.00066729955,0.00069386605,-2.4953625,0.0058255736,-0.009011321,-14.086356,0.0007221021,-0.0011169877,-0.9999991,1.6045291,0.0
7498349639,-0.26627025,0.6472138,-2.7879496,-0.0005515592,0.0005363639,-2.4955156,0.0033776283,-0.011029215,-14.085844,0.00040847328,-0.0013338173,-0.999999,1.6045291,0.0
7498449470,-0.26627025,0.6472138,-2.788309,-0.00049683184,0.0004005217,-2.4956617,0.0041211364,-0.011281458,-14.086332,0.000539996,-0.001478219,-0.99999875,1.6045291,0.0
7498549340,-0.26627025,0.6472139,-2.7886496,-0.00048106187,0.00029593657,-2.495813,0.0021624248,-0.011302731,-14.088662,0.00026215916,-0.0013702741,-0.999999,1.6045291,0.0
7498649238,-0.26627025,0.64721394,-2.7889755,-0.0004590067,0.00021354503,-2.4959955,0.0045359842,-0.0088467775,-14.091177,0.0005758217,-0.0011230564,-0.99999917,1.6045291,0.0
7498749143,-0.26627025,0.64721394,-2.7892842,-0.0004943968,0.00018568612,-2.4962168,0.004299834,-0.011577263,-14.092318,0.0005480673,-0.0014756662,-0.99999875,1.6045291,0.0
7498848990,-0.26627025,0.647214,-2.7895775,-0.00055246515,0.0001038072,-2.4964058,-0.00077204313,-0.009134184,-14.091351,-8.6789594e-05,-0.0010268237,-0.99999946,1.6045291,0.0
7498949090,-0.26627025,0.64721406,-2.789857,-0.0007086352,2.1955282e-05,-2.4965396,0.0015927012,-0.010773317,-14.091271,0.00020405682,-0.001380277,-0.999999,1.6045291,0.0
7499049393,-0.26627025,0.6472141,-2.7901225,-0.0008684292,-3.3792767e-05,-2.496659,0.0006181757,-0.008130117,-14.09111,7.812691e-05,-0.0010275088,-0.99999946,1.6045291,0.0
7499148626,-0.26627022,0.6472142,-2.7903733,-0.001041913,-6.5392254e-05,-2.4967628,-0.00038987398,-0.009297532,-14.091557,-4.3173815e-05,-0.0010295891,-0.99999946,1.6045291,0.0
7499248610,-0.26627022,0.6472142,-2.790613,-0.0011464984,-0.000103387516,-2.4969091,3.0647818e-05,-0.013748825,-14.094428,3.751587e-06,-0.0016829881,-0.99999857,1.6045291,0.0
7499348617,-0.2662702,0.64721423,-2.7908416,-0.0012124375,-0.00021329553,-2.4970682,-0.00023663361,-0.014363993,-14.095787,-3.0093743e-05,-0.0018267325,-0.99999833,1.6045291,0.0
7499448200,-0.26627016,0.6472143,-2.7910564,-0.0012784763,-0.00035352685,-2.4972448,-0.0013331266,-0.007230164,-14.097084,-0.00017061557,-0.0009253275,-0.9999995,1.6045291,0.0
7499548182,-0.26627016,0.6472143,-2.7912624,-0.0012911467,-0.0004528759,-2.4974465,-0.0008369571,-0.014516104,-14.099392,-0.00010516381,-0.0018239513,-0.99999833,1.6045291,0.0
7499648676,-0.26627013,0.64721435,-2.7914588,-0.0013346629,-0.00058226346,-2.4976742,-3.5277917e-05,-0.014388058,-14.102224,-4.4795393e-06,-0.0018269749,-0.99999833,1.6045291,0.0
7499747935,-0.2662701,0.6472144,-2.7916431,-0.0013324409,-0.00076094246,-2.4979348,0.0024160764,-0.01758699,-14.104134,0.00030313557,-0.0022065702,-0.9999975,1.6045291,0.0
7499847709,-0.2662701,0.6472144,-2.79182,-0.0012652426,-0.0010159521,-2.498185,-0.0017805493,-0.020317111,-14.105842,-0.0002205016,-0.0025160527,-0.9999968,1.6045291,0.0
7499947879,-0.2662701,0.6472144,-2.7919881,-0.0012004077,-0.0012867302,-2.4984236,0.0044192807,-0.01766295,-14.107289,0.0005596546,-0.0022368236,-0.9999973,1.6045291,0.0
7500046890,-0.2662701,0.6472144,-2.7921464,-0.0010770233,-0.0015512798,-2.4986584,-0.003792668,-0.025938148,-14.109316,-0.00047126113,-0.0032229663,-0.9999947,1.6045291,0.0
7500157294,-0.2662701,0.6472144,-2.7922978,-0.0009800823,-0.0018819099,-2.4989338,0.00961534,-0.02714175,-14.112657,0.0011847782,-0.0033443384,-0.9999937,1.6045291,0.0
7500247934,-0.2662701,0.6472144,-2.792444,-0.0008512335,-0.0021417025,-2.4991367,0.005246809,-0.025966587,-14.1123705,0.0006513355,-0.0032234753,-0.9999946,1.6045291,0.0
7500347167,-0.2662701,0.6472144,-2.79258,-0.0006605789,-0.0024676889,-2.4993093,0.0029620475,-0.02624411,-14.112871,0.00036530948,-0.0032366877,-0.9999947,1.6045291,0.0
7500447051,-0.2662701,0.6472144,-2.7927103,-0.0005299183,-0.0027889197,-2.499476,0.0046579586,-0.027290223,-14.112864,0.0005750696,-0.0033692387,-0.99999416,1.6045291,0.0
7500547576,-0.26627007,0.6472145,-2.7928345,-0.00041005926,-0.0030909837,-2.499601,0.0050400915,-0.02814881,-14.112502,0.0006253264,-0.0034924352,-0.9999937,1.6045291,0.0
7500646197,-0.26627004,0.64721453,-2.7929509,-0.00028872813,-0.0033558463,-2.4996727,0.0058848364,-0.030456807,-14.112185,0.0007277394,-0.0037663947,-0.9999926,1.6045291,0.0
7500746717,-0.26627004,0.64721453,-2.7930634,-0.00015546268,-0.0035522198,-2.499705,0.0058635008,-0.032609545,-14.111141,0.0007300718,-0.0040602554,-0.9999915,1.6045291,0.0
7500856426,-0.26627004,0.64721453,-2.79317,-3.5815425e-05,-0.0036970088,-2.4996989,0.0047424,-0.03125809,-14.111156,0.00058569375,-0.003860423,-0.9999924,1.6045291,0.0
7500945795,-0.26627004,0.64721453,-2.7932699,2.6443806e-05,-0.0037345493,-2.4996812,0.0059331246,-0.03172911,-14.110259,0.0007382345,-0.0039479234,-0.9999919,1.6045291,0.0
7501056226,-0.26627004,0.64721453,-2.7933657,8.524784e-05,-0.0037325118,-2.4996188,0.006399116,-0.03202084,-14.108715,0.00079562503,-0.003981266,-0.9999917,1.6045291,0.0
7501146500,-0.26627,0.6472146,-2.7934582,0.00013837473,-0.0036864497,-2.4995806,0.008098806,-0.03197191,-14.109293,0.001007635,-0.0039778724,-0.99999154,1.6045291,0.0
7501255970,-0.26627,0.6472146,-2.793544,0.00018908197,-0.0036089874,-2.4995623,0.008554774,-0.03218716,-14.110392,0.001059628,-0.0039868285,-0.9999915,1.6045291,0.0
7501346008,-0.26627,0.6472146,-2.7936268,0.00021897977,-0.003521729,-2.4995663,0.005918182,-0.029987479,-14.111003,0.0007336996,-0.0037176618,-0.9999928,1.6045291,0.0
7501455751,-0.26626998,0.64721465,-2.7937055,0.00020210593,-0.003359726,-2.4995887,0.0056641223,-0.032105204,-14.110478,0.000705437,-0.003998536,-0.9999917,1.6045291,0.0
7501554982,-0.26626998,0.64721465,-2.793779,0.00017332545,-0.0032442994,-2.4996276,0.0058104307,-0.03072007,-14.112996,0.00072147907,-0.0038145,-0.99999243,1.6045291,0.0
7501645584,-0.26626998,0.64721465,-2.79385,0.00013009309,-0.003127709,-2.4997015,0.0052585094,-0.029306602,-14.113446,0.0006482011,-0.003612539,-0.99999326,1.6045291,0.0
7501754745,-0.26626995,0.6472147,-2.793918,6.101161e-05,-0.00298694,-2.4998024,0.0057800435,-0.029871678,-14.114987,0.0007155132,-0.0036978233,-0.9999929,1.6045291,0.0
7501844783,-0.26626995,0.6472147,-2.793981,1.2129395e-05,-0.0028512985,-2.4998868,0.0062036877,-0.028202914,-14.112981,0.000762228,-0.003465205,-0.9999937,1.6045291,0.0
7501955105,-0.26626995,0.6472147,-2.7940419,-4.3503936e-05,-0.0026497722,-2.4999397,0.0057838736,-0.028406117,-14.113132,0.0007224979,-0.0035483763,-0.99999344,1.6045291,0.0
7502044457,-0.26626992,0.6472148,-2.7940946,-8.1385835e-05,-0.0024742933,-2.5,0.004524103,-0.026881628,-14.115972,0.0005634859,-0.0033481596,-0.9999942,1.6045291,0.0
7502154873,-0.2662699,0.64721483,-2.7941546,-0.00018905917,-0.0022475168,-2.5001159,0.0018501291,-0.027656995,-14.117216,0.00022813656,-0.0034103415,-0.99999416,1.6045291,0.0
7502254919,-0.26626986,0.6472149,-2.7942123,-0.00033404602,-0.0020541444,-2.5002487,0.0021501526,-0.027050143,-14.118888,0.00026906433,-0.0033849822,-0.9999942,1.6045291,0.0
7502354709,-0.2662698,0.647215,-2.7942615,-0.00047589166,-0.0019254402,-2.5003853,0.0037939092,-0.028230214,-14.119448,0.00046898276,-0.0034896682,-0.9999938,1.6045291,0.0
7502453985,-0.26626974,0.6472151,-2.7943077,-0.00056567043,-0.0018236309,-2.5004926,0.0034895283,-0.027260548,-14.118741,0.0004311459,-0.0033681553,-0.9999942,1.6045291,0.0
7502554431,-0.2662697,0.6472152,-2.794353,-0.00064010546,-0.0017479286,-2.500567,0.003747601,-0.02615054,-14.120245,0.00046283458,-0.0032296323,-0.99999464,1.6045291,0.0
7502654310,-0.26626968,0.64721525,-2.7943954,-0.0007090877,-0.0016779116,-2.500652,0.0015154387,-0.025541708,-14.120778,0.00018834941,-0.0031745036,-0.99999493,1.6045291,0.0
7502753671,-0.26626968,0.64721525,-2.7944362,-0.0007694212,-0.0015792722,-2.5007224,0.0035039485,-0.025164103,-14.119864,0.00043855957,-0.0031495783,-0.99999493,1.6045291,0.0
7502853496,-0.26626968,0.64721525,-2.7944753,-0.0008499133,-0.0014811431,-2.5007641,0.0017923004,-0.026127698,-14.119737,0.00022327932,-0.003254909,-0.99999464,1.6045291,0.0
7502953420,-0.26626965,0.6472153,-2.7945118,-0.0009527302,-0.001386894,-2.5007658,-0.00024605083,-0.025646776,-14.118883,-3.0505389e-05,-0.003179688,-0.99999493,1.6045291,0.0
7503053862,-0.26626965,0.6472153,-2.7945457,-0.0010791721,-0.001292104,-2.5007591,-0.0007015165,-0.024528982,-14.120114,-8.683041e-05,-0.003036082,-0.99999535,1.6045291,0.0
7503153773,-0.26626965,0.6472153,-2.7945778,-0.0012081059,-0.0012083565,-2.5007951,-0.0006831604,-0.024002204,-14.12053,-8.473788e-05,-0.0029771866,-0.9999955,1.6045291,0.0
7503253066,-0.26626965,0.6472153,-2.7946086,-0.0013311518,-0.0011135127,-2.500774,-0.0013666847,-0.022235882,-14.11882,-0.0001713907,-0.002788517,-0.99999607,1.6045291,0.0
7503352939,-0.26626965,0.6472153,-2.7946382,-0.0014474281,-0.0009995241,-2.5007374,-0.0033461205,-0.022250962,-14.119141,-0.0004154652,-0.002762752,-0.99999607,1.6045291,0.0
7503453546,-0.26626965,0.6472153,-2.7946665,-0.0015344882,-0.00087919715,-2.5007246,0.00017584872,-0.021284282,-14.118264,2.1723716e-05,-0.0026293832,-0.99999654,1.6045291,0.0
7503552716,-0.26626965,0.6472153,-2.7946935,-0.0015598288,-0.00074505626,-2.500659,-0.0010377311,-0.023498742,-14.115987,-0.00013005573,-0.002945027,-0.99999565,1.6045291,0.0
7503652515,-0.26626965,0.6472153,-2.7947195,-0.0015466074,-0.0006563831,-2.5005786,-0.0016899275,-0.022549124,-14.115637,-0.00020876438,-0.0027855954,-0.99999607,1.6045291,0.0
7503753639,-0.26626965,0.6472153,-2.7947447,-0.0015326771,-0.0005792594,-2.500505,-0.0005767194,-0.022516387,-14.114133,-7.152048e-05,-0.0027923158,-0.99999607,1.6045291,0.0
7503852886,-0.26626965,0.6472153,-2.7947683,-0.0014576508,-0.0005331126,-2.5003822,0.0005497796,-0.022937166,-14.113396,6.7685825e-05,-0.0028238967,-0.999996,1.6045291,0.0
7503952744,-0.26626965,0.6472153,-2.7947905,-0.0013478561,-0.00048515192,-2.5002491,-0.0011732002,-0.01973262,-14.110882,-0.00014570753,-0.0024507255,-0.99999696,1.6045291,0.0
7504052921,-0.26626965,0.6472153,-2.794812,-0.0012376073,-0.00040876344,-2.5001097,0.002655098,-0.01908357,-14.109551,0.00033305085,-0.0023938096,-0.9999971,1.6045291,0.0
7504152111,-0.26626965,0.6472153,-2.7948325,-0.0010949138,-0.00027258176,-2.4999769,0.0035336101,-0.01773496,-14.108626,0.00045058387,-0.0022614512,-0.9999973,1.6045291,0.0
7504251778,-0.26626965,0.6472153,-2.7948523,-0.0009115087,-0.000115395,-2.4998374,0.0025390158,-0.02000996,-14.106587,0.00031794026,-0.0025056843,-0.9999968,1.6045291,0.0
7504352556,-0.26626965,0.6472153,-2.7948713,-0.0007384646,1.752345e-07,-2.4996982,0.0017063259,-0.01855157,-14.106136,0.00021447944,-0.0023318701,-0.99999726,1.6045291,0.0
7504452124,-0.26626965,0.6472153,-2.7948866,-0.00060282135,0.00011172419,-2.4995937,0.004114054,-0.015979787,-14.108527,0.0005236228,-0.002033853,-0.9999978,1.6045291,0.0
7504551429,-0.26626965,0.6472153,-2.7949016,-0.0005040651,0.00020232999,-2.4995263,-0.0026419628,-0.015576253,-14.107398,-0.00032147,-0.0018952945,-0.99999815,1.6045291,0.0
7504652137,-0.26626965,0.6472153,-2.7949162,-0.00042167748,0.0003088385,-2.4994593,-0.0012837793,-0.020538483,-14.105225,-0.00016187724,-0.002589785,-0.9999966,1.6045291,0.0
7504751791,-0.26626965,0.6472153,-2.7949295,-0.0003926281,0.00037707313,-2.4994256,0.002394731,-0.022222592,-14.107299,0.00029918356,-0.00277636,-0.99999607,1.6045291,0.0
7504851661,-0.26626965,0.6472153,-2.7949424,-0.00038979796,0.00038799946,-2.4994264,0.0031935663,-0.017852519,-14.105954,0.00040600277,-0.002269617,-0.9999973,1.6045291,0.0
7504952235,-0.26626965,0.6472153,-2.794955,-0.00039093225,0.0004013026,-2.4994287,0.00060641964,-0.018185707,-14.106995,7.6844546e-05,-0.0023044643,-0.9999973,1.6045291,0.0
7505051432,-0.26626965,0.6472153,-2.794967,-0.00047739528,0.00036869184,-2.4994376,-3.2697222e-05,-0.017969966,-14.107343,-4.053208e-06,-0.0022275902,-0.9999975,1.6045291,0.0
7505151239,-0.26626965,0.6472153,-2.7949781,-0.00057306216,0.00032894153,-2.4994678,0.00059247663,-0.015806947,-14.107537,7.2003575e-05,-0.0019210153,-0.99999815,1.6045291,0.0
7505251709,-0.26626965,0.6472153,-2.7949889,-0.000667145,0.00026512312,-2.4995263,0.0046745557,-0.017417664,-14.108954,0.0005977151,-0.002227121,-0.9999973,1.6045291,0.0
7505351018,-0.26626965,0.6472153,-2.7949994,-0.00081938267,0.00025265987,-2.4996102,0.00095716096,-0.018113267,-14.110103,0.000121688754,-0.002302832,-0.9999973,1.6045291,0.0
7505450313,-0.26626965,0.6472153,-2.795009,-0.00090052414,0.00024886875,-2.4997027,-0.013467458,-0.016439341,-14.11053,-0.0016662661,-0.0020339633,-0.99999654,1.6045291,0.0
7505551427,-0.26626965,0.6472153,-2.7950184,-0.001057657,0.00026789436,-2.4997985,-0.004122264,-0.018831383,-14.113109,-0.0005168238,-0.0023609616,-0.9999971,1.6045291,0.0
7505650097,-0.26626965,0.6472153,-2.7950273,-0.0012684998,0.00025809475,-2.4999292,-0.004172595,-0.019245423,-14.114153,-0.0005202648,-0.0023996371,-0.99999696,1.6045291,0.0
7505750569,-0.26626965,0.6472153,-2.7950358,-0.0014399259,0.00028188538,-2.5000265,-0.0045123734,-0.015865413,-14.113518,-0.0005745372,-0.002020061,-0.9999978,1.6045291,0.0
7505850630,-0.26626965,0.6472153,-2.7950442,-0.0016322837,0.00031477492,-2.500088,-0.0038069692,-0.01714756,-14.113179,-0.00046534918,-0.0020960516,-0.9999977,1.6045291,0.0
7505950236,-0.26626965,0.6472153,-2.795052,-0.0018009377,0.00034784703,-2.5001693,-0.007446613,-0.013553987,-14.115086,-0.00092565233,-0.0016848302,-0.99999815,1.6045291,0.0
7506049618,-0.26626965,0.6472153,-2.7950594,-0.001988308,0.00032717886,-2.5002382,-0.005440837,-0.015242542,-14.115819,-0.0006768008,-0.0018960623,-0.999998,1.6045291,0.0
7506149463,-0.26626965,0.6472153,-2.7950666,-0.002172538,0.00035027706,-2.5003045,-0.009466194,-0.017696714,-14.115027,-0.0011917581,-0.0022279494,-0.9999968,1.6045291,0.0
7506249308,-0.26626965,0.6472153,-2.7950737,-0.0024109485,0.00038981382,-2.500334,-0.010046756,-0.01967905,-14.113585,-0.0012408554,-0.0024305219,-0.99999624,1.6045291,0.0
7506349221,-0.26626965,0.6472153,-2.7950802,-0.0025954344,0.00038725877,-2.5003018,-0.015844243,-0.016533738,-14.11108,-0.0019542037,-0.0020392446,-0.999996,1.6045291,0.0
7506449619,-0.26626965,0.6472153,-2.7950861,-0.002777962,0.000416819,-2.5002165,-0.01428215,-0.01817711,-14.1096,-0.001783253,-0.0022695733,-0.9999958,1.6045291,0.0
7506549554,-0.26626965,0.6472153,-2.795092,-0.0028340754,0.00047044482,-2.5001283,-0.013441567,-0.015251611,-14.109751,-0.0016702289,-0.0018951424,-0.9999968,1.6045291,0.0
7506649443,-0.26626965,0.6472153,-2.7950976,-0.002840219,0.00051851897,-2.5000389,-0.007986879,-0.015528334,-14.110337,-0.0009819347,-0.0019091076,-0.9999977,1.6045291,0.0
7506749389,-0.26626965,0.6472153,-2.795103,-0.0028013762,0.00055084866,-2.4999437,-0.00837314,-0.017295985,-14.108462,-0.0010531123,-0.0021753623,-0.9999971,1.6045291,0.0
7506849158,-0.26626965,0.6472153,-2.7951078,-0.002729666,0.0005019161,-2.4998496,-0.009568448,-0.0104678655,-14.107421,-0.0012326377,-0.0013485035,-0.99999833,1.6045291,0.0
7506948438,-0.26626965,0.6472153,-2.7951126,-0.0026332852,0.000502551,-2.4997272,-0.0073373374,-0.013231907,-14.104973,-0.00091290486,-0.001646302,-0.9999982,1.6045291,0.0
7507048852,-0.26626965,0.6472153,-2.7951174,-0.0024584923,0.0004911563,-2.4995778,-0.010276284,-0.013710511,-14.100996,-0.0012595878,-0.0016805289,-0.9999978,1.6045291,0.0
7507148763,-0.26626965,0.6472153,-2.7951221,-0.0023030234,0.0004832988,-2.4994168,-0.0077276104,-0.011753018,-14.103218,-0.0010037181,-0.0015265672,-0.99999833,1.6045291,0.0
7507248645,-0.26626965,0.6472153,-2.7951264,-0.002129126,0.0004838724,-2.4993198,-0.005554773,-0.0113809435,-14.102266,-0.0007149893,-0.0014649119,-0.9999986,1.6045291,0.0
7507348620,-0.26626965,0.6472153,-2.79513,-0.0019958739,0.0004619323,-2.4992418,-0.010170881,-0.00883398,-14.102302,-0.0012710486,-0.001103977,-0.99999857,1.6045291,0.0
7507448394,-0.26626965,0.6472153,-2.7951336,-0.0018289031,0.0004778144,-2.4991877,-0.008232929,-0.015050798,-14.101341,-0.0010298839,-0.0018827533,-0.9999977,1.6045291,0.0
7507548258,-0.26626965,0.6472153,-2.7951372,-0.0016922136,0.00052820635,-2.4991212,-0.008103904,-0.014776312,-14.1003685,-0.0010099065,-0.00184142,-0.9999978,1.6045291,0.0
7507647647,-0.26626965,0.6472153,-2.7951407,-0.0015663113,0.0006109871,-2.4990425,-0.0023766707,-0.012215969,-14.098812,-0.00030070407,-0.001545604,-0.99999875,1.6045291,0.0
7507748044,-0.26626965,0.6472153,-2.7951443,-0.0013661745,0.00070905604,-2.4989517,-0.013151472,-0.011307725,-14.09741,-0.0016269716,-0.0013988813,-0.9999977,1.6045291,0.0
7507847899,-0.26626965,0.6472153,-2.795148,-0.0012760027,0.00081329653,-2.4988527,-0.0033867564,-0.009319849,-14.096998,-0.00043115317,-0.0011864691,-0.99999917,1.6045291,0.0
7507947974,-0.26626965,0.6472153,-2.7951508,-0.0011462816,0.00091798423,-2.4987755,-0.00028477167,-0.01031813,-14.097626,-3.6712212e-05,-0.0013301935,-0.9999991,1.6045291,0.0
7508047696,-0.26626965,0.6472153,-2.7951534,-0.0009887448,0.0010527658,-2.498721,-0.0045987414,-0.0053587975,-14.096943,-0.00061276386,-0.00071403827,-0.9999995,1.6045291,0.0
7508146944,-0.26626965,0.6472153,-2.7951558,-0.0008199135,0.0011895249,-2.4986725,-0.0015150345,-0.008838673,-14.0964775,-0.00017413344,-0.0010158902,-0.99999946,1.6045291,0.0
7508247549,-0.26626965,0.6472153,-2.7951581,-0.000657051,0.0013480381,-2.4986389,-0.00141869,-0.005507376,-14.096972,-0.0002099373,-0.00081497984,-0.99999964,1.6045291,0.0
7508347302,-0.26626965,0.6472153,-2.7951605,-0.00047768757,0.001490856,-2.4986265,-0.00010012032,-0.007099272,-14.0967865,-1.3268291e-05,-0.00094082014,-0.9999995,1.6045291,0.0
7508447220,-0.26626965,0.6472153,-2.795163,-0.00028864085,0.0015665751,-2.4986215,0.0010012037,-0.0053944257,-14.096471,0.000153572,-0.0008274368,-0.99999964,1.6045291,0.0
7508557094,-0.26626965,0.6472153,-2.7951653,-8.068096e-05,0.0016189662,-2.4986465,-0.0002870697,-0.007010784,-14.097667,-3.4432436e-05,-0.00084090506,-0.99999964,1.6045291,0.0
7508646396,-0.26626965,0.6472153,-2.7951677,3.8350554e-05,0.0016008604,-2.4986763,-0.0004358784,-0.008411743,-14.098145,-5.334114e-05,-0.0010293969,-0.99999946,1.6045291,0.0
7508757387,-0.26626965,0.6472153,-2.79517,0.0001285033,0.0014632199,-2.4987109,-0.00064461504,-0.013432086,-14.097582,-8.068575e-05,-0.0016812794,-0.99999857,1.6045291,0.0
7508846756,-0.26626965,0.6472153,-2.7951725,0.0001840594,0.0012386625,-2.4987419,0.0018336123,-0.010797654,-14.098873,0.00023367051,-0.0013760233,-0.999999,1.6045291,0.0
7508946014,-0.26626965,0.6472153,-2.7951741,0.000265716,0.0009373158,-2.4987826,0.0018033081,-0.014121288,-14.098429,0.00023142851,-0.0018122633,-0.99999833,1.6045291,0.0
7509045805,-0.26626965,0.6472153,-2.7951758,0.00030353677,0.0005696448,-2.498813,-0.00062420324,-0.016548296,-14.098377,-7.916253e-05,-0.0020986835,-0.9999978,1.6045291,0.0
7509145793,-0.26626965,0.6472153,-2.795177,0.00025108864,0.00015676834,-2.4988673,-0.0028229093,-0.01712021,-14.100793,-0.00034913028,-0.0021173845,-0.9999977,1.6045291,0.0
7509255475,-0.26626965,0.6472153,-2.7951782,0.00013248394,-0.00027143516,-2.4989274,-7.238099e-05,-0.018204192,-14.099574,-9.164869e-06,-0.0023050115,-0.9999973,1.6045291,0.0
7509345566,-0.26626965,0.6472153,-2.7951794,4.9118193e-05,-0.00060373644,-2.498966,-0.0017967203,-0.020804549,-14.100947,-0.00022322431,-0.0025847545,-0.9999966,1.6045291,0.0
7509455332,-0.26626965,0.6472153,-2.7951806,-7.583932e-05,-0.001013219,-2.499008,0.0018164989,-0.02246664,-14.099653,0.00022497073,-0.0027824605,-0.99999607,1.6045291,0.0
7509545328,-0.26626965,0.6472153,-2.7951818,-0.00019973579,-0.0013411922,-2.4990153,-0.00027931842,-0.026033847,-14.09877,-3.467881e-05,-0.003232235,-0.99999475,1.6045291,0.0
7509656221,-0.26626965,0.6472153,-2.795183,-0.00031503974,-0.0017836886,-2.4989743,-0.0051082717,-0.024253028,-14.097414,-0.00063647586,-0.0030218568,-0.99999523,1.6045291,0.0
7509745050,-0.26626965,0.6472153,-2.7951841,-0.00040275045,-0.0020623363,-2.4989333,-0.0018080773,-0.027548255,-14.097892,-0.00022384993,-0.0034106255,-0.99999416,1.6045291,0.0
7509854821,-0.26626965,0.6472153,-2.7951853,-0.00046777286,-0.0024204075,-2.498917,-0.00040160236,-0.029677736,-14.099198,-4.964123e-05,-0.0036684028,-0.99999326,1.6045291,0.0
7509954695,-0.26626965,0.6472153,-2.7951865,-0.00047283169,-0.002652493,-2.4989018,-0.0012749147,-0.025882429,-14.09819,-0.00015902569,-0.0032284283,-0.99999475,1.6045291,0.0
7510055109,-0.26626965,0.6472153,-2.7951877,-0.00043973024,-0.002794951,-2.4988832,0.0002399055,-0.029770786,-14.098589,2.9562525e-05,-0.0036685262,-0.99999326,1.6045291,0.0
7510154481,-0.26626962,0.64721537,-2.7951887,-0.00034299406,-0.0028748612,-2.4988666,-0.0011765895,-0.027144995,-14.097642,-0.00014691493,-0.0033894614,-0.9999942,1.6045291,0.0
7510254393,-0.2662696,0.6472154,-2.7951896,-0.00024765314,-0.0029118096,-2.4988508,0.0014863024,-0.028602997,-14.098054,0.00018400446,-0.0035410554,-0.9999937,1.6045291,0.0
7510354235,-0.2662696,0.6472154,-2.7951908,-0.00013007275,-0.0029393295,-2.4988658,0.00014624384,-0.02980259,-14.09951,1.8002831e-05,-0.0036687425,-0.99999326,1.6045291,0.0
7510444084,-0.26626956,0.6472155,-2.7951915,-6.6835746e-05,-0.0029407134,-2.4988935,-0.0013042282,-0.030142134,-14.099222,-0.0001627155,-0.0037605325,-0.9999929,1.6045291,0.0
7510553935,-0.26626953,0.64721555,-2.7951927,-1.3681934e-05,-0.0029456161,-2.4989567,9.682437e-05,-0.027418654,-14.102413,1.1982868e-05,-0.0033932996,-0.9999942,1.6045291,0.0
7510654503,-0.26626948,0.64721566,-2.7951937,9.976781e-06,-0.0028707227,-2.4990458,0.0023778314,-0.026644627,-14.102822,0.00029220615,-0.003274296,-0.9999946,1.6045291,0.0
7510754358,-0.26626948,0.64721566,-2.7951949,1.9168288e-05,-0.0027751606,-2.499151,0.00018523789,-0.026264263,-14.103744,2.2972237e-05,-0.0032571568,-0.9999947,1.6045291,0.0
7510854255,-0.26626948,0.64721566,-2.7951958,4.470827e-05,-0.0025932216,-2.4992335,0.00222046,-0.027453117,-14.102846,0.00027356984,-0.003382337,-0.9999942,1.6045291,0.0
7510954213,-0.26626942,0.6472158,-2.7951968,8.1848215e-05,-0.0024110721,-2.499297,0.001334946,-0.026347673,-14.103217,0.00016482164,-0.0032530653,-0.9999947,1.6045291,0.0
7511053973,-0.26626942,0.6472158,-2.7951975,0.00015823975,-0.0022159906,-2.499335,0.0025222606,-0.026200669,-14.102184,0.0003121217,-0.0032422487,-0.9999947,1.6045291,0.0
7511153346,-0.26626942,0.6472158,-2.7951975,0.00020985291,-0.0019776018,-2.4993575,0.0010813365,-0.024218632,-14.101749,0.00013274545,-0.0029730923,-0.9999955,1.6045291,0.0
7511253349,-0.26626942,0.6472158,-2.7951975,0.00024563953,-0.0017344,-2.4993455,0.002882873,-0.023622034,-14.102241,0.0003569116,-0.0029245054,-0.99999565,1.6045291,0.0
7511353601,-0.26626942,0.6472158,-2.7951975,0.00027284757,-0.0014695677,-2.4993777,0.00094350206,-0.022237785,-14.104402,0.00011835618,-0.0027895856,-0.99999607,1.6045291,0.0
7511453520,-0.26626942,0.6472158,-2.7951975,0.00026936518,-0.0012284043,-2.4994237,0.0004205763,-0.019537173,-14.104965,5.2015792e-05,-0.002416307,-0.9999971,1.6045291,0.0
7511553393,-0.26626942,0.6472158,-2.7951975,0.00018598571,-0.0009329381,-2.49946,0.0009766242,-0.018474055,-14.103958,0.00012170696,-0.0023022376,-0.9999973,1.6045291,0.0
7511653226,-0.26626942,0.6472158,-2.7951975,0.000117470176,-0.00060315756,-2.4994514,-5.151413e-05,-0.015354433,-14.100426,-6.4494966e-06,-0.0019223535,-0.99999815,1.6045291,0.0
7511752580,-0.26626942,0.6472158,-2.7951975,-8.377576e-06,-0.00025140672,-2.499381,0.0016910186,-0.014710476,-14.100345,0.00021493925,-0.0018697954,-0.9999982,1.6045291,0.0
7511853072,-0.26626942,0.6472158,-2.7951975,-0.00012618466,9.14541e-05,-2.4993212,-0.0016494242,-0.011339689,-14.100112,-0.00020091231,-0.0013812596,-0.999999,1.6045291,0.0
7511952440,-0.26626942,0.6472158,-2.7951975,-0.0002698691,0.0004254249,-2.499239,-0.00066550134,-0.010190065,-14.099732,-8.6729364e-05,-0.0013279882,-0.9999991,1.6045291,0.0
7512052190,-0.26626942,0.6472158,-2.7951975,-0.00037298215,0.00071822974,-2.499159,-0.0017326209,-0.013867794,-14.099492,-0.0002264992,-0.001812886,-0.99999833,1.6045291,0.0
7512152137,-0.26626942,0.6472158,-2.7951975,-0.00049922627,0.0009382156,-2.4990819,-0.0030235369,-0.010148725,-14.098852,-0.00037996235,-0.0012753716,-0.9999991,1.6045291,0.0
7512252541,-0.26626942,0.6472158,-2.7951975,-0.00062300725,0.0011230942,-2.4990113,-0.0024882199,-0.009573025,-14.098548,-0.00031758644,-0.0012218626,-0.99999917,1.6045291,0.0
7512352376,-0.26626942,0.6472158,-2.7951975,-0.00074984593,0.0012777356,-2.4989355,-0.0032965732,-0.010032742,-14.0984335,-0.0004154079,-0.0012642462,-0.9999991,1.6045291,0.0
7512452281,-0.26626942,0.6472158,-2.7951975,-0.0008912371,0.0013786969,-2.4989054,-0.004994646,-0.009532503,-14.098633,-0.0006176189,-0.0011787531,-0.9999991,1.6045291,0.0
7512552175,-0.26626942,0.6472158,-2.7951975,-0.0010429622,0.0014219013,-2.4988906,-0.0075810114,-0.011540353,-14.099001,-0.0009242133,-0.0014069031,-0.99999857,1.6045291,0.0
7512652004,-0.26626942,0.6472158,-2.7951977,-0.0012313516,0.0014460232,-2.4989097,-0.0067785326,-0.010089765,-14.101148,-0.00087816763,-0.0013071422,-0.99999875,1.6045291,0.0
7512751381,-0.26626942,0.6472158,-2.795198,-0.0013811601,0.0014257346,-2.4989972,-0.005988955,-0.009383009,-14.103865,-0.0007510874,-0.0011767427,-0.999999,1.6045291,0.0
7512851327,-0.26626942,0.6472158,-2.795198,-0.00155109,0.0013761315,-2.4991448,-0.009929864,-0.010060668,-14.104678,-0.0012833896,-0.0013002955,-0.99999833,1.6045291,0.0
7512951631,-0.26626942,0.6472158,-2.7951982,-0.0016756353,0.0012425546,-2.499297,-0.009800633,-0.012576686,-14.10627,-0.0011816268,-0.0015163254,-0.99999815,1.6045291,0.0
7513051515,-0.26626942,0.6472158,-2.7951982,-0.0018152324,0.0010814223,-2.4994516,-0.008144805,-0.01241029,-14.107275,-0.0010329795,-0.0015739572,-0.9999982,1.6045291,0.0
7513150965,-0.26626942,0.6472158,-2.7951982,-0.0019325581,0.00090934074,-2.4996126,-0.011059807,-0.010105193,-14.109224,-0.0013899815,-0.0012700069,-0.9999982,1.6045291,0.0
7513251297,-0.26626942,0.6472158,-2.7951984,-0.0020457222,0.00073590013,-2.4997919,-0.009989383,-0.014434615,-14.111596,-0.0012217473,-0.0017654194,-0.9999977,1.6045291,0.0
7513351146,-0.26626942,0.6472158,-2.7951984,-0.0021544017,0.00054430484,-2.4999678,-0.013419525,-0.013199379,-14.112506,-0.0016694784,-0.0016420907,-0.99999726,1.6045291,0.0
7513451038,-0.26626942,0.6472158,-2.7951984,-0.0023155832,0.00039238154,-2.500136,-0.0144952545,-0.014477215,-14.114834,-0.0017877207,-0.0017854958,-0.9999968,1.6045291,0.0
7513550917,-0.26626942,0.6472158,-2.7951987,-0.00246493,0.00025625643,-2.5003352,-0.013634952,-0.0140025,-14.116868,-0.0016861063,-0.0017315575,-0.9999971,1.6045291,0.0
7513650344,-0.26626942,0.6472158,-2.7951987,-0.0026004778,0.00010996151,-2.5005157,-0.015610825,-0.01701475,-14.118514,-0.0019520466,-0.0021275994,-0.9999958,1.6045291,0.0
7513750120,-0.26626942,0.6472158,-2.7951987,-0.0027275146,-1.01388705e-05,-2.5006812,-0.018167766,-0.017755218,-14.118411,-0.0022741097,-0.00222247,-0.99999493,1.6045291,0.0
7513850592,-0.26626942,0.6472158,-2.7951987,-0.0028583736,-0.0001491518,-2.5008316,-0.017702727,-0.019542634,-14.119518,-0.0021903226,-0.0024179707,-0.99999464,1.6045291,0.0
7513949886,-0.26626942,0.6472158,-2.7951987,-0.0029822113,-0.00031183375,-2.5009456,-0.018212097,-0.019389056,-14.120238,-0.0022522563,-0.0023978085,-0.9999946,1.6045291,0.0
7514050527,-0.26626942,0.6472158,-2.7951987,-0.0031311617,-0.00046494615,-2.5010307,-0.019846627,-0.018119039,-14.119468,-0.002485294,-0.0022689565,-0.99999434,1.6045291,0.0
7514149544,-0.26626942,0.6472158,-2.7951987,-0.0032568679,-0.0006260992,-2.5010808,-0.017574,-0.021775242,-14.120026,-0.0021973562,-0.0027226566,-0.99999386,1.6045291,0.0
7514249523,-0.26626942,0.6472158,-2.7951987,-0.0032994496,-0.00080944906,-2.5011055,-0.019246094,-0.01975932,-14.119303,-0.0023848582,-0.0024484538,-0.99999416,1.6045291,0.0
7514350608,-0.26626942,0.6472158,-2.795199,-0.003285435,-0.0009661288,-2.501073,-0.016576234,-0.01912773,-14.116624,-0.0020454351,-0.0023602787,-0.9999951,1.6045291,0.0
7514449871,-0.26626942,0.6472158,-2.7951992,-0.003189643,-0.0010953222,-2.5009747,-0.016184904,-0.022366438,-14.115214,-0.0020037363,-0.0027690278,-0.99999416,1.6045291,0.0
7514549684,-0.26626942,0.6472158,-2.7951992,-0.003036549,-0.001187261,-2.5008512,-0.019134393,-0.020692272,-14.114278,-0.002374827,-0.0025681802,-0.99999386,1.6045291,0.0
7514650199,-0.26626942,0.6472158,-2.7951992,-0.0028454699,-0.0012055506,-2.5007055,-0.015934203,-0.020721065,-14.113068,-0.0019855755,-0.0025820704,-0.9999947,1.6045291,0.0
7514749548,-0.26626942,0.6472158,-2.7951992,-0.0026684904,-0.0011600812,-2.5005496,-0.01643784,-0.019348815,-14.112345,-0.002058223,-0.0024227132,-0.99999493,1.6045291,0.0
7514849280,-0.26626942,0.6472158,-2.7951992,-0.0025363574,-0.0010933777,-2.5003843,-0.014519797,-0.018555325,-14.111134,-0.0018163086,-0.0023211201,-0.99999565,1.6045291,0.0
7514949816,-0.26626942,0.6472158,-2.7951992,-0.0023935789,-0.0010007401,-2.5002654,-0.015244374,-0.019642519,-14.111552,-0.0018970075,-0.0024443117,-0.9999952,1.6045291,0.0
7515049032,-0.26626942,0.6472158,-2.7951992,-0.0022584447,-0.0009111036,-2.5001755,-0.016687572,-0.016901895,-14.110866,-0.0020706926,-0.0020972872,-0.99999565,1.6045291,0.0
7515148913,-0.26626942,0.6472158,-2.7951992,-0.0021515377,-0.0008343209,-2.500111,-0.013684413,-0.0175047,-14.110727,-0.0017200836,-0.0022002803,-0.99999607,1.6045291,0.0
7515249479,-0.26626942,0.6472158,-2.7951992,-0.0020504915,-0.0007497807,-2.5000482,-0.014788533,-0.017286317,-14.109024,-0.0018359325,-0.0021460217,-0.999996,1.6045291,0.0
7515348675,-0.26626942,0.6472158,-2.7951992,-0.0019681596,-0.00067452685,-2.499977,-0.016975608,-0.017278641,-14.107605,-0.0020862008,-0.0021234418,-0.9999955,1.6045291,0.0
7515448665,-0.26626942,0.6472158,-2.7951992,-0.0019484261,-0.00063653185,-2.4998882,-0.016320523,-0.02040297,-14.108216,-0.0020199355,-0.0025252062,-0.99999475,1.6045291,0.0
7515549162,-0.26626942,0.6472158,-2.7951992,-0.0019464443,-0.0006375511,-2.4998415,-0.01508498,-0.01252049,-14.108118,-0.0018597365,-0.0015435759,-0.9999971,1.6045291,0.0
7515648315,-0.26626942,0.6472158,-2.7951992,-0.0019179905,-0.000613146,-2.4998078,-0.014436416,-0.019457752,-14.107759,-0.0017737203,-0.0023906631,-0.9999955,1.6045291,0.0
7515747647,-0.26626942,0.6472158,-2.7951992,-0.0018549958,-0.0006149013,-2.4997678,-0.017595438,-0.020060126,-14.106229,-0.0021680037,-0.0024716873,-0.9999946,1.6045291,0.0
7515848262,-0.26626942,0.6472158,-2.7951992,-0.0018096115,-0.00060080184,-2.4997199,-0.014644165,-0.021424972,-14.107327,-0.001824674,-0.002669568,-0.99999475,1.6045291,0.0
7515947937,-0.26626942,0.6472158,-2.7951992,-0.0017628679,-0.0006149013,-2.4996536,-0.014892211,-0.020302428,-14.104216,-0.001846325,-0.0025170797,-0.9999951,1.6045291,0.0
7516047872,-0.26626942,0.6472158,-2.7951992,-0.001660123,-0.00063704146,-2.4995666,-0.014742816,-0.018835932,-14.104601,-0.0018345132,-0.0023438376,-0.9999955,1.6045291,0.0
7516148348,-0.26626942,0.6472158,-2.7951992,-0.0015254418,-0.00066829816,-2.4994752,-0.013311136,-0.023979526,-14.102293,-0.0016469106,-0.0029668491,-0.9999942,1.6045291,0.0
7516247002,-0.26626942,0.6472158,-2.7951992,-0.0014183368,-0.00076246454,-2.4993632,-0.017517842,-0.019258635,-14.103032,-0.0021754284,-0.0023916063,-0.99999475,1.6045291,0.0
7516346944,-0.26626942,0.6472158,-2.7951992,-0.0012896861,-0.00073035853,-2.4992912,-0.013881332,-0.019948345,-14.101067,-0.0016998188,-0.0024427464,-0.9999955,1.6045291,0.0
7516447335,-0.26626942,0.6472158,-2.7951992,-0.0010929445,-0.00071444706,-2.4992423,-0.009688838,-0.022097701,-14.102994,-0.001195104,-0.0027257195,-0.9999955,1.6045291,0.0
7516547239,-0.26626942,0.6472158,-2.7951992,-0.0009383316,-0.00069734646,-2.4992442,-0.008346368,-0.020911781,-14.105413,-0.0010350406,-0.0025932887,-0.99999607,1.6045291,0.0
7516647285,-0.26626942,0.6472158,-2.7951992,-0.000779217,-0.0007013668,-2.499269,-0.010982016,-0.019792346,-14.10359,-0.0013546208,-0.0024413664,-0.99999607,1.6045291,0.0
7516746974,-0.26626942,0.6472158,-2.7951992,-0.0006558324,-0.0006906648,-2.4992764,-0.010044058,-0.01794887,-14.102713,-0.001233219,-0.0022037798,-0.9999968,1.6045291,0.0
7516846237,-0.26626942,0.6472158,-2.7951992,-0.00054538646,-0.0006440063,-2.4993038,-0.009861502,-0.016052064,-14.103764,-0.0012257806,-0.0019952648,-0.99999726,1.6045291,0.0
7516956631,-0.26626942,0.6472158,-2.7951992,-0.00045164474,-0.0005605985,-2.4993482,-0.013669325,-0.012622382,-14.104554,-0.001693816,-0.0015640854,-0.9999973,1.6045291,0.0
7517046606,-0.26626942,0.6472158,-2.7951992,-0.0004566277,-0.00039565162,-2.4993556,-0.011727221,-0.012631081,-14.102559,-0.0014602294,-0.0015727746,-0.9999977,1.6045291,0.0
7517156496,-0.26626942,0.6472158,-2.7951992,-0.00040201342,-0.00021094279,-2.499383,-0.017830271,-0.0114755025,-14.104612,-0.0022104564,-0.0014226423,-0.99999654,1.6045291,0.0
7517245828,-0.26626942,0.6472158,-2.7951992,-0.0004661689,-1.0888742e-05,-2.4994125,-0.004938855,-0.016313236,-14.10464,-0.000608553,-0.0020100751,-0.9999978,1.6045291,0.0
7517356202,-0.26626942,0.6472158,-2.7951992,-0.0005691687,0.00020535989,-2.4994075,-0.013780455,-0.014339695,-14.102591,-0.0017005343,-0.0017695455,-0.99999696,1.6045291,0.0
7517446117,-0.26626942,0.6472158,-2.7951992,-0.0006565968,0.00041662558,-2.4993799,-0.019309502,-0.010797859,-14.102297,-0.0023807124,-0.0013312926,-0.99999624,1.6045291,0.0
7517546034,-0.26626942,0.6472158,-2.7951992,-0.0008363793,0.0006143014,-2.4993465,-0.015226449,-0.009501991,-14.102303,-0.001889408,-0.0011790759,-0.9999975,1.6045291,0.0
7517655753,-0.26626942,0.6472158,-2.7951992,-0.0010583753,0.0007691692,-2.49933,-0.01699429,-0.009457002,-14.103293,-0.0021118918,-0.0011752278,-0.9999971,1.6045291,0.0
7517745202,-0.26626942,0.6472158,-2.7951992,-0.0012971888,0.0008608441,-2.499317,-0.019267123,-0.014615899,-14.103499,-0.002371202,-0.0017987766,-0.9999955,1.6045291,0.0
7517856105,-0.26626942,0.6472158,-2.7951992,-0.0015910412,0.00094544096,-2.4992993,-0.021293957,-0.01201055,-14.103059,-0.0026436332,-0.0014911034,-0.99999535,1.6045291,0.0
7517944997,-0.26626942,0.6472158,-2.7951992,-0.0018907825,0.000978453,-2.4992735,-0.020014325,-0.011113218,-14.101296,-0.002468296,-0.0013705539,-0.999996,1.6045291,0.0
7518054737,-0.26626942,0.6472158,-2.7951992,-0.0021728568,0.00095257565,-2.4992366,-0.021929426,-0.00857656,-14.101456,-0.0027437329,-0.0010730689,-0.99999565,1.6045291,0.0
7518145285,-0.26626942,0.6472158,-2.7951992,-0.002399496,0.00089532835,-2.4991932,-0.023724947,-0.011459849,-14.101142,-0.0029329997,-0.0014167253,-0.9999947,1.6045291,0.0
7518255025,-0.2662694,0.64721584,-2.7951994,-0.0026253993,0.0008038233,-2.499156,-0.023744216,-0.01189017,-14.1002445,-0.0029390461,-0.0014717588,-0.9999946,1.6045291,0.0
7518355019,-0.2662694,0.64721584,-2.7951996,-0.002734391,0.000670267,-2.4991248,-0.026603365,-0.008992238,-14.100681,-0.0033118424,-0.0011194402,-0.99999386,1.6045291,0.0
7518455495,-0.2662694,0.64721584,-2.7951999,-0.0028302171,0.0005529059,-2.499112,-0.020677544,-0.012203794,-14.101661,-0.0025629553,-0.0015126448,-0.9999955,1.6045291,0.0
7518554742,-0.26626936,0.6472159,-2.7952,-0.0028538466,0.00042048376,-2.4990952,-0.024931103,-0.01788499,-14.100929,-0.0030777329,-0.0022078936,-0.9999928,1.6045291,0.0
7518654131,-0.26626936,0.6472159,-2.7952003,-0.0028310576,0.00027931444,-2.4990907,-0.022591045,-0.015497789,-14.102259,-0.0027981596,-0.0019195785,-0.9999942,1.6045291,0.0
7518755121,-0.26626936,0.6472159,-2.7952003,-0.0027716234,0.00015237629,-2.499116,-0.026845524,-0.015554349,-14.102797,-0.0033178674,-0.0019223788,-0.9999926,1.6045291,0.0
7518854405,-0.26626936,0.6472159,-2.7952003,-0.0027288154,6.392896e-05,-2.4991431,-0.020373553,-0.015265837,-14.102077,-0.002542939,-0.0019054161,-0.99999493,1.6045291,0.0
7518954341,-0.26626936,0.6472159,-2.7952003,-0.0026472479,-3.9580464e-05,-2.499154,-0.022752421,-0.013940662,-14.100863,-0.0028027736,-0.0017172908,-0.9999946,1.6045291,0.0
7519054996,-0.26626936,0.6472159,-2.7952003,-0.0025659918,-0.00016975998,-2.4991052,-0.022108587,-0.016279368,-14.097036,-0.0027318571,-0.0020115674,-0.9999942,1.6045291,0.0
7519153458,-0.26626936,0.6472159,-2.7952003,-0.0024425506,-0.00034829674,-2.4990125,-0.024676835,-0.01603432,-14.096921,-0.003055754,-0.0019855439,-0.9999933,1.6045291,0.0
7519253364,-0.26626936,0.6472159,-2.7952003,-0.0022586344,-0.00048742295,-2.4989326,-0.027271608,-0.017986076,-14.096031,-0.0033858954,-0.002233054,-0.9999918,1.6045291,0.0
7519354185,-0.26626936,0.6472159,-2.7952003,-0.0021301254,-0.00057184993,-2.4988415,-0.016614024,-0.022496864,-14.095689,-0.0020763697,-0.0028115893,-0.99999386,1.6045291,0.0
7519453095,-0.26626936,0.6472159,-2.7952003,-0.001987262,-0.0006732076,-2.4987013,-0.02183999,-0.01829548,-14.093577,-0.002698416,-0.002260478,-0.9999938,1.6045291,0.0
7519552993,-0.26626936,0.6472159,-2.7952003,-0.0018526941,-0.0007980078,-2.4985871,-0.01840176,-0.020375878,-14.09299,-0.002273446,-0.0025173384,-0.9999942,1.6045291,0.0
7519654007,-0.26626936,0.6472159,-2.7952003,-0.0016864449,-0.0009391159,-2.4984844,-0.018419981,-0.020229911,-14.091705,-0.0022835503,-0.0025079297,-0.9999942,1.6045291,0.0
7519752759,-0.26626936,0.6472159,-2.7952003,-0.0015238195,-0.0010828852,-2.4983788,-0.018891316,-0.019575713,-14.092044,-0.0023553548,-0.002440685,-0.9999942,1.6045291,0.0
7519853209,-0.26626936,0.6472159,-2.7952003,-0.0013474345,-0.0012077987,-2.49832,-0.019955695,-0.02069559,-14.093241,-0.0024607442,-0.0025519812,-0.9999937,1.6045291,0.0
7519953695,-0.26626936,0.6472159,-2.7952003,-0.0011838466,-0.0012835622,-2.498302,-0.015054196,-0.019234175,-14.094058,-0.0018673353,-0.0023858233,-0.9999954,1.6045291,0.0
7520052367,-0.26626936,0.6472159,-2.7952003,-0.0010070652,-0.0013068347,-2.4983048,-0.015990665,-0.020444619,-14.092717,-0.001990932,-0.0025454757,-0.99999475,1.6045291,0.0
7520152832,-0.26626936,0.6472159,-2.7952003,-0.000787051,-0.0013243883,-2.4982872,-0.020324739,-0.019353747,-14.091984,-0.002530802,-0.002409896,-0.99999386,1.6045291,0.0
7520252655,-0.26626936,0.6472159,-2.7952003,-0.0006269172,-0.0013655543,-2.4982748,-0.0070661562,-0.019889427,-14.0918255,-0.0008795434,-0.0024756903,-0.99999654,1.6045291,0.0
7520352577,-0.26626936,0.6472159,-2.7952003,-0.00045913903,-0.0013674229,-2.4982815,-0.012553829,-0.02089706,-14.093253,-0.0015601936,-0.0025970927,-0.9999954,1.6045291,0.0
7520452454,-0.26626936,0.6472159,-2.7952003,-0.00029422043,-0.0013688952,-2.4983158,-0.01359828,-0.02330093,-14.0935135,-0.0016962127,-0.0029064952,-0.99999434,1.6045291,0.0
7520552326,-0.26626936,0.6472159,-2.7952003,-0.0001468271,-0.0013272762,-2.498364,-0.0142558655,-0.02358343,-14.094146,-0.0017681676,-0.0029250742,-0.99999416,1.6045291,0.0
7520652188,-0.26626936,0.6472159,-2.7952003,4.3657423e-05,-0.0012877524,-2.4984035,-0.011353908,-0.022471564,-14.093323,-0.0014071009,-0.002784923,-0.9999951,1.6045291,0.0
7520752143,-0.26626936,0.6472159,-2.7952003,0.00021452158,-0.0012319774,-2.4984264,-0.009562613,-0.020465888,-14.095103,-0.001181481,-0.0025286037,-0.99999607,1.6045291,0.0
7520852067,-0.26626936,0.6472159,-2.7952003,0.00036989897,-0.0011770517,-2.498486,-0.011868184,-0.020809699,-14.096434,-0.0014740474,-0.0025845978,-0.9999955,1.6045291,0.0
7520951835,-0.26626936,0.6472159,-2.7952003,0.00052100123,-0.0011007786,-2.4985805,-0.010224416,-0.021078747,-14.096708,-0.0012589949,-0.002595555,-0.9999958,1.6045291,0.0
7521051688,-0.26626936,0.6472159,-2.7952003,0.00061992405,-0.0010335654,-2.4986444,-0.009066706,-0.021263234,-14.098168,-0.0011315774,-0.0026537753,-0.9999958,1.6045291,0.0
7521151571,-0.26626936,0.6472159,-2.7952003,0.0006663278,-0.0010102928,-2.4987354,-0.00932168,-0.015887788,-14.098864,-0.0011664227,-0.0019880403,-0.9999973,1.6045291,0.0
7521251088,-0.26626936,0.6472159,-2.7952003,0.00067450997,-0.0009618223,-2.4987936,-0.0121880295,-0.018224413,-14.0987625,-0.0015161171,-0.0022670068,-0.99999624,1.6045291,0.0
7521351315,-0.26626936,0.6472159,-2.7952003,0.00065251143,-0.0009169191,-2.498876,-0.0075195227,-0.01874149,-14.100433,-0.0009402789,-0.00234353,-0.9999968,1.6045291,0.0
7521450659,-0.26626936,0.6472159,-2.7952003,0.00065285113,-0.00082139374,-2.4989886,-0.00956912,-0.018155165,-14.101867,-0.0011774653,-0.0022339649,-0.9999968,1.6045291,0.0
7521551070,-0.26626936,0.6472159,-2.7952003,0.0006651953,-0.0007603526,-2.499081,-0.009181161,-0.019596262,-14.103906,-0.0011434546,-0.0024405885,-0.99999636,1.6045291,0.0
7521650906,-0.26626936,0.6472159,-2.7952003,0.00061032624,-0.0007083714,-2.4992254,-0.007405801,-0.02236347,-14.106042,-0.0009263366,-0.0027972804,-0.99999565,1.6045291,0.0
7521750846,-0.26626936,0.6472159,-2.7952003,0.000631164,-0.0007496506,-2.4994092,-0.009362185,-0.021829251,-14.107818,-0.001161549,-0.0027083147,-0.99999565,1.6045291,0.0
7521850724,-0.26626936,0.6472159,-2.7952003,0.00065355893,-0.000827679,-2.49959,-0.0057558566,-0.024034884,-14.109223,-0.0007205216,-0.0030087014,-0.9999952,1.6045291,0.0
7521950543,-0.26626936,0.6472159,-2.7952003,0.0007185638,-0.0009507805,-2.4997456,0.00044017239,-0.019285373,-14.109556,5.514859e-05,-0.0024162377,-0.9999971,1.6045291,0.0
7522050438,-0.26626936,0.6472159,-2.7952003,0.0008637488,-0.0010605752,-2.499871,-0.0080654565,-0.02499327,-14.109852,-0.0010003307,-0.0030998287,-0.9999947,1.6045291,0.0
7522150365,-0.26626936,0.6472159,-2.7952003,0.0010520249,-0.0012051939,-2.499963,-0.0025152396,-0.025411181,-14.110067,-0.00031309907,-0.0031632045,-0.99999493,1.6045291,0.0
7522249624,-0.26626936,0.6472159,-2.7952003,0.0012108281,-0.0013485104,-2.5000522,-9.651831e-05,-0.024316631,-14.112005,-1.2051657e-05,-0.0030362702,-0.99999535,1.6045291,0.0
7522349529,-0.26626936,0.6472159,-2.7952003,0.0013972357,-0.0014848054,-2.5001318,-0.0020386544,-0.023505528,-14.111511,-0.00025466978,-0.0029363227,-0.99999565,1.6045291,0.0
7522449463,-0.26626936,0.6472159,-2.7952003,0.0015204787,-0.0015724599,-2.5001936,-0.003643115,-0.023293346,-14.111815,-0.00045543865,-0.0029119833,-0.99999565,1.6045291,0.0
7522549911,-0.26626936,0.6472159,-2.7952003,0.0016022443,-0.0016226858,-2.5002222,-0.0020350479,-0.025288725,-14.111688,-0.00025047464,-0.003112548,-0.9999951,1.6045291,0.0
7522649865,-0.26626936,0.6472159,-2.7952003,0.0016347751,-0.0016914845,-2.500256,0.0013164962,-0.022161927,-14.112154,0.00016562206,-0.0027880857,-0.99999607,1.6045291,0.0
7522749026,-0.26626936,0.6472159,-2.7952003,0.001679565,-0.0017060935,-2.5002499,-0.0012889829,-0.021376299,-14.109157,-0.00015825193,-0.0026244263,-0.99999654,1.6045291,0.0
7522848894,-0.26626936,0.6472159,-2.7952003,0.0016825661,-0.001687181,-2.50018,-0.0034300815,-0.025029896,-14.107698,-0.0004238875,-0.0030931802,-0.9999951,1.6045291,0.0
7522949343,-0.26626936,0.6472159,-2.7952003,0.0016726569,-0.001610285,-2.5000854,0.0011977191,-0.024658266,-14.1067705,0.00015008065,-0.003089813,-0.9999952,1.6045291,0.0
7523049188,-0.26626936,0.6472159,-2.7952003,0.0016301036,-0.001483786,-2.499966,0.00010435021,-0.025236145,-14.104807,1.29080145e-05,-0.0031216852,-0.9999951,1.6045291,0.0
7523149195,-0.26626936,0.6472159,-2.7952003,0.0016730531,-0.001305306,-2.4998286,-0.005474546,-0.022383198,-14.103676,-0.0006855664,-0.0028030032,-0.9999958,1.6045291,0.0
7523248426,-0.26626936,0.6472159,-2.7952003,0.0016340673,-0.0011438131,-2.4996927,-0.0006780725,-0.02332884,-14.102705,-8.383429e-05,-0.0028842888,-0.9999958,1.6045291,0.0
7523348300,-0.26626936,0.6472159,-2.7952003,0.0015479982,-0.0009780735,-2.4995449,-4.5742257e-05,-0.017212067,-14.100935,-5.703091e-06,-0.0021459803,-0.9999977,1.6045291,0.0
7523448702,-0.26626936,0.6472159,-2.7952003,0.001447688,-0.0007863998,-2.4994006,-0.0013748371,-0.019494992,-14.102412,-0.00017002142,-0.0024108794,-0.9999971,1.6045291,0.0
7523548625,-0.26626936,0.6472159,-2.7952003,0.0012934714,-0.0006157905,-2.4993181,-0.006270862,-0.019319769,-14.101823,-0.00077961973,-0.002401914,-0.9999968,1.6045291,0.0
7523648462,-0.2675829,0.6478264,-2.7952003,-0.00016220062,0.00010464191,-2.499258,-0.0015422732,-0.021196382,-14.103058,-0.00019075007,-0.002621592,-0.99999654,1.6039664,0.0
7523748348,-0.2675829,0.6478264,-2.7952003,-0.00042159707,0.00018691718,-2.4992418,-0.0136243105,-0.015254522,-14.102915,-0.0016822366,-0.0018835238,-0.9999968,1.6039664,0.0
7523848181,-0.2675829,0.6478264,-2.7952003,-0.00064987835,0.00024167298,-2.4992232,-0.009066606,-0.019591292,-14.101318,-0.00113183,-0.0024456796,-0.99999636,1.6039664,0.0
7523948066,-0.2675829,0.6478264,-2.7952003,-0.00092793256,0.0002772331,-2.499197,-0.011435204,-0.017209807,-14.101179,-0.0014358097,-0.0021608714,-0.9999966,1.6039664,0.0
7524047404,-0.2675829,0.6478264,-2.7952003,-0.0012111395,0.00024059713,-2.4991546,-0.012892182,-0.020602623,-14.099347,-0.0015785153,-0.0025225796,-0.9999955,1.6039664,0.0
7524147908,-0.2675829,0.6478264,-2.7952003,-0.0015296518,0.00018159449,-2.4991405,-0.014136327,-0.019666096,-14.102125,-0.001737067,-0.002416563,-0.9999955,1.6039664,0.0
7524247304,-0.2675829,0.6478264,-2.7952003,-0.0018203899,0.00012344122,-2.499146,-0.015281072,-0.018697875,-14.101718,-0.0018832783,-0.0023043738,-0.9999955,1.6039664,0.0
7524347947,-0.2675829,0.6478264,-2.7952003,-0.0020504266,7.808506e-05,-2.4991574,-0.015994476,-0.019981038,-14.103179,-0.0019858533,-0.0024808194,-0.99999493,1.6039664,0.0
7524447563,-0.2675829,0.6478264,-2.7952003,-0.0022799254,-5.8889386e-06,-2.4991918,-0.015656842,-0.02006572,-14.103973,-0.0019549138,-0.0025054065,-0.99999493,1.6039664,0.0
7524547333,-0.2675829,0.6478264,-2.7952003,-0.002519673,-9.309053e-05,-2.499226,-0.017998379,-0.019542059,-14.102269,-0.002226961,-0.0024179623,-0.9999946,1.6039664,0.0
7524657224,-0.2675829,0.6478264,-2.7952003,-0.0027603835,-0.00016256869,-2.4992425,-0.019219335,-0.01882389,-14.102857,-0.0024041901,-0.002354723,-0.99999434,1.6039664,0.0
7524747214,-0.2675829,0.6478264,-2.7952003,-0.002931842,-0.00021726787,-2.4992857,-0.0201493,-0.021296084,-14.104697,-0.0025053776,-0.0026479694,-0.9999933,1.6039664,0.0
7524846402,-0.2675829,0.6478264,-2.7952003,-0.0031068965,-0.00027593077,-2.4993582,-0.02285167,-0.020443525,-14.105899,-0.0028235586,-0.0025260078,-0.9999928,1.6039664,0.0
7524947068,-0.2675829,0.6478264,-2.7952003,-0.0032902746,-0.000323382,-2.4994369,-0.02185823,-0.018950019,-14.105157,-0.0027359996,-0.0023719782,-0.99999344,1.6039664,0.0
7525046372,-0.2675829,0.6478264,-2.7952003,-0.0034632906,-0.00036641656,-2.499506,-0.019318456,-0.022429872,-14.107112,-0.0023950029,-0.0027807401,-0.99999326,1.6039664,0.0
7525146636,-0.2675829,0.6478264,-2.7952003,-0.0035468116,-0.00039586125,-2.4995916,-0.02503704,-0.023495086,-14.108688,-0.0031142202,-0.0029224253,-0.9999909,1.6039664,0.0
7525246666,-0.2675829,0.6478264,-2.7952003,-0.0036218106,-0.00045316518,-2.4996665,-0.021479614,-0.022965431,-14.108475,-0.00266688,-0.0028513568,-0.9999924,1.6039664,0.0
7525356264,-0.2675829,0.6478264,-2.7952003,-0.0036188378,-0.0005113751,-2.4997492,-0.02114893,-0.022058,-14.108506,-0.0026222588,-0.002734975,-0.9999928,1.6039664,0.0
7525446242,-0.2675829,0.6478264,-2.7952003,-0.0035645918,-0.00057252945,-2.499761,-0.021793524,-0.023854453,-14.105927,-0.0027085193,-0.0029646535,-0.9999919,1.6039664,0.0
7525556088,-0.2675829,0.6478264,-2.7952003,-0.0034403293,-0.0006737739,-2.4997673,-0.017578317,-0.023643019,-14.107529,-0.002175264,-0.002925753,-0.9999933,1.6039664,0.0
7525645460,-0.2675829,0.6478264,-2.7952003,-0.0033046857,-0.0007673174,-2.4998028,-0.02126884,-0.023736903,-14.108926,-0.0026355246,-0.0029413542,-0.9999922,1.6039664,0.0
7525755783,-0.2675829,0.6478264,-2.7952003,-0.003155537,-0.0008068979,-2.499865,-0.018580008,-0.02606218,-14.109436,-0.0023185539,-0.0032522357,-0.999992,1.6039664,0.0
7525845972,-0.2675829,0.6478264,-2.7952003,-0.0030360876,-0.00087671576,-2.499898,-0.017490897,-0.022215832,-14.1090765,-0.002178115,-0.0027665037,-0.9999938,1.6039664,0.0
7525955548,-0.2675829,0.6478264,-2.7952003,-0.0028580038,-0.0009160697,-2.499916,-0.020324593,-0.023569295,-14.107011,-0.002534609,-0.0029392447,-0.99999243,1.6039664,0.0
7526055476,-0.2675829,0.6478264,-2.7952003,-0.0027573823,-0.0009275079,-2.4998498,-0.020978924,-0.02624133,-14.102985,-0.0026018473,-0.0032545014,-0.9999913,1.6039664,0.0
7526155595,-0.2675829,0.6478264,-2.7952003,-0.0026977286,-0.00093753036,-2.4997268,-0.019956633,-0.028640551,-14.102605,-0.0024773725,-0.0035553754,-0.9999906,1.6039664,0.0
7526255213,-0.2675829,0.6478264,-2.7952003,-0.0026879043,-0.00094455184,-2.4995644,-0.019225268,-0.024936572,-14.09998,-0.0023829339,-0.0030908391,-0.9999924,1.6039664,0.0
7526344633,-0.2675829,0.6478264,-2.7952003,-0.0026662736,-0.00096414384,-2.4993882,-0.02096115,-0.024824774,-14.099114,-0.002588084,-0.0030651274,-0.99999195,1.6039664,0.0
7526454399,-0.2675829,0.6478264,-2.7952003,-0.002652231,-0.0010327726,-2.4991722,-0.018403443,-0.028443439,-14.096606,-0.0022740217,-0.0035146142,-0.99999124,1.6039664,0.0
7526544944,-0.2675829,0.6478264,-2.7952003,-0.0026353002,-0.0010880947,-2.4989834,-0.019017601,-0.024868023,-14.095014,-0.0023543055,-0.0030785648,-0.9999925,1.6039664,0.0
7526654763,-0.2675829,0.6478264,-2.7952003,-0.0025893778,-0.0011071771,-2.498772,-0.016094733,-0.028798398,-14.093484,-0.0020001174,-0.003578822,-0.9999916,1.6039664,0.0
7526754715,-0.2675829,0.6478264,-2.7952003,-0.0025791004,-0.0010435879,-2.498608,-0.02492002,-0.027751446,-14.093649,-0.0030776933,-0.0034273819,-0.9999894,1.6039664,0.0
7526854517,-0.2675829,0.6478264,-2.7952003,-0.0024057163,-0.0010178238,-2.498446,-0.02222848,-0.023352057,-14.090648,-0.0027516272,-0.002890713,-0.999992,1.6039664,0.0
7526954411,-0.2675829,0.6478264,-2.7952003,-0.0022988096,-0.00090174377,-2.498301,-0.010774901,-0.021985957,-14.090881,-0.0013332929,-0.002720556,-0.9999954,1.6039664,0.0
7527054363,-0.2675829,0.6478264,-2.7952003,-0.0021187156,-0.0007604092,-2.4981906,-0.017899046,-0.026272526,-14.089878,-0.0022218658,-0.0032612928,-0.9999922,1.6039664,0.0
7527154164,-0.2675829,0.6478264,-2.7952003,-0.001955326,-0.00060995814,-2.4981034,-0.017122176,-0.025164012,-14.090217,-0.0021166662,-0.0031108086,-0.9999929,1.6039664,0.0
7527253466,-0.2675829,0.6478264,-2.7952003,-0.0017876327,-0.00041256545,-2.4980085,-0.011556124,-0.02088931,-14.08965,-0.0014377405,-0.0025989173,-0.9999956,1.6039664,0.0
7527353958,-0.2675829,0.6478264,-2.7952003,-0.0015641927,-0.0001999408,-2.4979146,-0.008042812,-0.015787095,-14.087449,-0.0010103541,-0.0019832063,-0.9999975,1.6039664,0.0
7527453774,-0.2675829,0.6478264,-2.7952003,-0.0013532668,1.5062094e-05,-2.4978318,-0.014024633,-0.017886193,-14.086494,-0.0017409907,-0.0022203573,-0.999996,1.6039664,0.0
7527553637,-0.2675829,0.6478264,-2.7952003,-0.0011139155,0.00012191236,-2.4977522,-0.012129087,-0.018191993,-14.085802,-0.0015120842,-0.0022679223,-0.99999624,1.6039664,0.0
7527653551,-0.2675829,0.6478264,-2.7952003,-0.0009213075,0.00024574995,-2.4977021,-0.010772529,-0.018499538,-14.086692,-0.001321802,-0.0022699153,-0.99999654,1.6039664,0.0
7527753525,-0.2675829,0.6478264,-2.7952003,-0.00071239175,0.00036250948,-2.4976745,-0.01043498,-0.02073442,-14.086417,-0.0012962893,-0.002575741,-0.9999958,1.6039664,0.0
7527852805,-0.2675829,0.6478264,-2.7952003,-0.00055084226,0.00044897496,-2.4976172,-0.016163277,-0.02154341,-14.083615,-0.002019139,-0.0026912328,-0.99999434,1.6039664,0.0
7527953260,-0.2675829,0.6478264,-2.7952003,-0.00045361815,0.0005398005,-2.4975386,-0.012228511,-0.020250369,-14.08218,-0.0015216947,-0.0025199207,-0.99999565,1.6039664,0.0
7528052640,-0.2675829,0.6478264,-2.7952003,-0.0003792986,0.0006031632,-2.497459,-0.011603271,-0.018395012,-14.082734,-0.0014366342,-0.002277539,-0.99999636,1.6039664,0.0
7528153184,-0.2675829,0.6478264,-2.7952003,-0.0003636703,0.0006670356,-2.4974086,-0.013364925,-0.018902134,-14.082754,-0.0016644832,-0.0023540938,-0.9999958,1.6039664,0.0
7528252168,-0.2675829,0.6478264,-2.7952003,-0.00037632583,0.0006939888,-2.497415,-0.0045506945,-0.017292732,-14.086276,-0.00056640536,-0.0021523524,-0.9999975,1.6039664,0.0
7528352177,-0.2675829,0.6478264,-2.7952003,-0.00037680715,0.000721848,-2.4975057,-0.009283541,-0.013504065,-14.089278,-0.0011405131,-0.0016590181,-0.999998,1.6039664,0.0
7528453163,-0.2675829,0.6478264,-2.7952003,-0.0003342256,0.0007968187,-2.497672,-0.0077253017,-0.0121917445,-14.092115,-0.0009778787,-0.0015432468,-0.99999833,1.6039664,0.0
7528552506,-0.2675829,0.6478264,-2.7952003,-0.00032182483,0.000930962,-2.497875,-0.011054379,-0.014247336,-14.093737,-0.0014126645,-0.0018206999,-0.9999973,1.6039664,0.0
7528652313,-0.2675829,0.6478264,-2.7952003,-0.0003426343,0.0010988533,-2.4981046,-0.0148391705,-0.016425893,-14.0957575,-0.0018280084,-0.002023474,-0.99999624,1.6039664,0.0
7528752419,-0.2675829,0.6478264,-2.7952003,-0.00042825044,0.0012202561,-2.498332,-0.0046036025,-0.01646028,-14.097363,-0.00056566903,-0.002022562,-0.9999978,1.6039664,0.0
7528851478,-0.2675829,0.6478264,-2.7952003,-0.00043773503,0.0012534946,-2.4985776,-0.013534572,-0.014416763,-14.099424,-0.0016795524,-0.0017890265,-0.99999696,1.6039664,0.0
7528951430,-0.2675829,0.6478264,-2.7952003,-0.0005108654,0.0012347519,-2.498778,-0.0061505404,-0.016324073,-14.099555,-0.00075659115,-0.002008059,-0.9999977,1.6039664,0.0
7529052444,-0.2675829,0.6478264,-2.7952003,-0.00055248436,0.0011766553,-2.4989452,-0.010758816,-0.017679565,-14.099984,-0.0013486401,-0.0022161703,-0.9999966,1.6039664,0.0
7529151100,-0.2675829,0.6478264,-2.7952003,-0.0005770594,0.001096645,-2.4990559,-0.009089528,-0.016132805,-14.099496,-0.0011314646,-0.0020082118,-0.9999973,1.6039664,0.0
7529251586,-0.2675829,0.6478264,-2.7952003,-0.00056397915,0.0009973258,-2.4991524,-0.008644434,-0.018810153,-14.101627,-0.0010833829,-0.0023574242,-0.9999966,1.6039664,0.0
7529352162,-0.2675829,0.6478264,-2.7952003,-0.000560157,0.00082966086,-2.4992268,-0.009069976,-0.016821729,-14.102105,-0.0011470247,-0.0021273415,-0.9999971,1.6039664,0.0
7529451332,-0.2675829,0.6478264,-2.7952003,-0.00055404153,0.0006396294,-2.499269,-0.008905265,-0.019393226,-14.100329,-0.001096761,-0.002388445,-0.99999654,1.6039664,0.0
7529551259,-0.2675829,0.6478264,-2.7952003,-0.00049900264,0.00045152305,-2.4992833,-0.00833965,-0.021085782,-14.100945,-0.0010267533,-0.00259602,-0.99999607,1.6039664,0.0
7529651521,-0.2675829,0.6478264,-2.7952003,-0.00045732706,0.0002479583,-2.499278,-0.009086472,-0.023115594,-14.1008415,-0.0011297681,-0.0028740815,-0.99999523,1.6039664,0.0
7529750380,-0.2675829,0.6478264,-2.7952003,-0.00041692556,-1.6534328e-05,-2.499229,-0.007318042,-0.023732645,-14.099482,-0.00090996566,-0.0029510478,-0.99999523,1.6039664,0.0
7529850308,-0.2675829,0.6478264,-2.7952003,-0.000373891,-0.0002776295,-2.4991822,-0.006112113,-0.023776468,-14.099028,-0.0007555387,-0.0029390885,-0.99999535,1.6039664,0.0
7529950958,-0.2675829,0.6478264,-2.7952003,-0.00029863714,-0.0005274564,-2.4991064,-0.004781098,-0.025237544,-14.098213,-0.0005913616,-0.003121566,-0.99999493,1.6039664,0.0
7530049965,-0.2675829,0.6478264,-2.7952003,-0.00023768097,-0.0007794917,-2.4990492,-0.006775997,-0.024001524,-14.09861,-0.00083903875,-0.002971992,-0.99999523,1.6039664,0.0
7530149878,-0.2675829,0.6478264,-2.7952003,-0.00019156038,-0.00097144843,-2.4990087,-0.0045431247,-0.024205836,-14.097693,-0.0005696608,-0.0030351616,-0.99999523,1.6039664,0.0
7530250587,-0.2675829,0.6478264,-2.7952003,-0.00014929027,-0.0011594414,-2.4989624,-0.0058689904,-0.030603051,-14.097988,-0.00073072384,-0.00381026,-0.99999243,1.6039664,0.0
7530350270,-0.2675829,0.6478264,-2.7952003,-0.00010537803,-0.0013919413,-2.498903,-0.004975458,-0.028005488,-14.094745,-0.00061577215,-0.0034660124,-0.9999938,1.6039664,0.0
7530450140,-0.2675829,0.6478264,-2.7952003,-6.327778e-05,-0.0015433549,-2.498807,-0.004806486,-0.02840978,-14.094739,-0.00059141143,-0.0034956655,-0.9999937,1.6039664,0.0
7530549953,-0.2675829,0.6478264,-2.7952003,-2.2621452e-05,-0.0016495824,-2.4987044,-0.006396005,-0.030369045,-14.093491,-0.0007891511,-0.0037469894,-0.99999267,1.6039664,0.0
7530649836,-0.2675829,0.6478264,-2.7952003,-3.643781e-05,-0.0017442583,-2.4985976,-0.005585717,-0.030687112,-14.093449,-0.00069404015,-0.0038129548,-0.9999925,1.6039664,0.0
7530749182,-0.2675829,0.6478264,-2.7952003,-4.773438e-05,-0.0018173038,-2.498543,-0.0058818418,-0.030976292,-14.094141,-0.0007278804,-0.0038333288,-0.9999924,1.6039664,0.0
7530849062,-0.2675829,0.6478264,-2.7952003,-5.8040023e-05,-0.0018884807,-2.4985209,-0.00423555,-0.030363496,-14.094939,-0.0005231767,-0.0037505107,-0.9999928,1.6039664,0.0
7530949500,-0.2675829,0.6478264,-2.7952003,-7.800013e-05,-0.0019496918,-2.498515,-0.0064562894,-0.03138298,-14.094173,-0.0008043182,-0.003909661,-0.999992,1.6039664,0.0
7531049331,-0.2675829,0.6478264,-2.7952003,-0.00015767067,-0.002015376,-2.4985359,-0.008123932,-0.029960528,-14.09626,-0.0010032442,-0.0036998983,-0.9999926,1.6039664,0.0
7531149226,-0.2675829,0.6478264,-2.7952003,-0.0002384454,-0.0020166785,-2.4985967,-0.0047757085,-0.027693674,-14.097527,-0.00059401564,-0.0034446148,-0.99999386,1.6039664,0.0
7531249127,-0.2675829,0.6478264,-2.7952003,-0.00028063057,-0.0019226819,-2.4986522,-0.0037567657,-0.027505714,-14.09619,-0.00046253562,-0.0033865226,-0.99999416,1.6039664,0.0
7531348460,-0.2675829,0.6478264,-2.7952003,-0.00030050575,-0.0018196821,-2.4987087,-0.0051122606,-0.030471424,-14.097778,-0.000634331,-0.0037809042,-0.9999926,1.6039664,0.0
7531448338,-0.2675829,0.6478264,-2.7952003,-0.0003351599,-0.0017485052,-2.4987833,-0.0062488127,-0.028697262,-14.09822,-0.0007753907,-0.0035609307,-0.9999933,1.6039664,0.0
7531548875,-0.2675829,0.6478264,-2.7952003,-0.00036219804,-0.0016323685,-2.4988227,-0.0045921677,-0.030820645,-14.096787,-0.00057172077,-0.0038371426,-0.99999243,1.6039664,0.0
7531648587,-0.2675829,0.6478264,-2.7952003,-0.0003757879,-0.0015278399,-2.498831,-0.0040529226,-0.029742364,-14.096825,-0.0005049845,-0.003705828,-0.99999297,1.6039664,0.0
7531748469,-0.2675829,0.6478264,-2.7952003,-0.00038835852,-0.0014303327,-2.49884,-0.006201153,-0.030510714,-14.097401,-0.0007727115,-0.0038018702,-0.99999243,1.6039664,0.0
7531848365,-0.2675829,0.6478264,-2.7952003,-0.0004615739,-0.0013295412,-2.4988556,-0.008448946,-0.030041635,-14.097647,-0.0010503652,-0.003734748,-0.99999243,1.6039664,0.0
7531948206,-0.2675829,0.6478264,-2.7952003,-0.0005649417,-0.0012700289,-2.498891,-0.006908547,-0.029781807,-14.097928,-0.0008558228,-0.0036893357,-0.9999928,1.6039664,0.0
7532048114,-0.2675829,0.6478264,-2.7952003,-0.00065381377,-0.0012092143,-2.4988997,-0.006873294,-0.027071215,-14.098149,-0.0008602152,-0.0033880512,-0.99999386,1.6039664,0.0
7532147974,-0.2675829,0.6478264,-2.7952003,-0.0007354945,-0.0011121035,-2.4989324,-0.006505365,-0.027575025,-14.098316,-0.0008084207,-0.0034267441,-0.9999938,1.6039664,0.0
7532247863,-0.2675829,0.6478264,-2.7952003,-0.0008113429,-0.0010131806,-2.498943,-0.0068780957,-0.02662982,-14.097345,-0.0008484171,-0.0032848036,-0.9999942,1.6039664,0.0
7532347767,-0.2675829,0.6478264,-2.7952003,-0.0008955151,-0.0008856058,-2.4989302,-0.008225846,-0.028775789,-14.096752,-0.0010279592,-0.0035960237,-0.99999297,1.6039664,0.0
7532447609,-0.2675829,0.6478264,-2.7952003,-0.00095749047,-0.0007856071,-2.4988987,-0.0051187845,-0.026337722,-14.096739,-0.0006269999,-0.0032261077,-0.9999946,1.6039664,0.0
7532547478,-0.2675829,0.6478264,-2.7952003,-0.0010333105,-0.00067535933,-2.4988847,-0.010422378,-0.02406209,-14.097515,-0.0012946285,-0.0029889022,-0.9999947,1.6039664,0.0
7532646854,-0.2675829,0.6478264,-2.7952003,-0.0011937559,-0.000532043,-2.4988792,-0.010576031,-0.026192188,-14.098583,-0.0013182594,-0.00326475,-0.9999938,1.6039664,0.0
7532747285,-0.2675829,0.6478264,-2.7952003,-0.0013297393,-0.00044019817,-2.498923,-0.010149528,-0.02814834,-14.100008,-0.0012687899,-0.0035188163,-0.99999297,1.6039664,0.0
7532847207,-0.2675829,0.6478264,-2.7952003,-0.0015038594,-0.00042428673,-2.4989743,-0.013033645,-0.026858408,-14.100071,-0.001633073,-0.0033652703,-0.99999297,1.6039664,0.0
7532946992,-0.2675829,0.6478264,-2.7952003,-0.0016998932,-0.00042202175,-2.4990358,-0.012325267,-0.02694186,-14.100647,-0.0015263271,-0.0033364051,-0.99999326,1.6039664,0.0
7533056352,-0.2675829,0.6478264,-2.7952003,-0.0019062608,-0.00045005084,-2.4990573,-0.016317755,-0.02853019,-14.098432,-0.0020354658,-0.0035588366,-0.9999916,1.6039664,0.0
7533146298,-0.2675829,0.6478264,-2.7952003,-0.002119848,-0.00052598416,-2.4990559,-0.015963422,-0.027217794,-14.100648,-0.0019745165,-0.0033665705,-0.9999924,1.6039664,0.0
7533256649,-0.2675829,0.6478264,-2.7952003,-0.0024113788,-0.00060435233,-2.4991093,-0.015133449,-0.02732639,-14.101363,-0.0018798665,-0.0033944654,-0.99999243,1.6039664,0.0
7533346539,-0.2675829,0.6478264,-2.7952003,-0.0026084601,-0.00066256226,-2.4991815,-0.021996593,-0.0273022,-14.103495,-0.0027443154,-0.003406248,-0.9999904,1.6039664,0.0
7533456947,-0.2675829,0.6478264,-2.7952003,-0.002855286,-0.0006674319,-2.499289,-0.025541004,-0.0314247,-14.103861,-0.0031856338,-0.0039194855,-0.99998724,1.6039664,0.0
7533545750,-0.2675829,0.6478264,-2.7952003,-0.003058426,-0.0006545782,-2.4993753,-0.016173156,-0.02732811,-14.105558,-0.0020111583,-0.003398295,-0.9999922,1.6039664,0.0
7533646191,-0.2675829,0.6478264,-2.7952003,-0.0032061024,-0.00060338975,-2.4994388,-0.018421471,-0.025274996,-14.103774,-0.0022856963,-0.0031360674,-0.99999243,1.6039664,0.0
7533756594,-0.2675829,0.6478264,-2.7952003,-0.0033581108,-0.00054993626,-2.4994946,-0.019052291,-0.023310203,-14.10401,-0.002382541,-0.0029150047,-0.9999929,1.6039664,0.0
7533845400,-0.2675829,0.6478264,-2.7952003,-0.003423795,-0.0004885554,-2.4995224,-0.01934532,-0.025977291,-14.103696,-0.0023960539,-0.0032174701,-0.99999195,1.6039664,0.0
7533955717,-0.2675829,0.6478264,-2.7952003,-0.0034786642,-0.000421682,-2.4995148,-0.020447217,-0.025293635,-14.103418,-0.002549849,-0.0031542168,-0.9999918,1.6039664,0.0
7534045736,-0.2675829,0.6478264,-2.7952003,-0.0034950285,-0.0003305167,-2.4994872,-0.022829046,-0.027626082,-14.101236,-0.0028499053,-0.0034487515,-0.99999,1.6039664,0.0
7534155495,-0.2675829,0.6478264,-2.7952003,-0.0034988506,-0.00022508204,-2.4993873,-0.022628892,-0.024799844,-14.099122,-0.0028080468,-0.003077443,-0.9999913,1.6039664,0.0
7534244908,-0.2675829,0.6478264,-2.7952003,-0.0034997568,-0.00011228621,-2.4992936,-0.021691633,-0.027441634,-14.09965,-0.0026868882,-0.0033991262,-0.9999906,1.6039664,0.0
7534355824,-0.2675829,0.6478264,-2.7952003,-0.0035167723,-6.9025155e-05,-2.4991963,-0.022016866,-0.026770093,-14.099217,-0.0027261067,-0.0033146467,-0.99999076,1.6039664,0.0
7534454583,-0.2675829,0.6478264,-2.7952003,-0.0035338446,-4.864037e-05,-2.4991093,-0.025170865,-0.024520043,-14.09877,-0.003132663,-0.0030516644,-0.9999904,1.6039664,0.0
7534555051,-0.2675829,0.6478264,-2.7952003,-0.0035521626,-1.245737e-06,-2.4990463,-0.02311435,-0.022933945,-14.098201,-0.0028792112,-0.0028567389,-0.9999918,1.6039664,0.0
7534655504,-0.2675829,0.6478264,-2.7952003,-0.003549756,6.6477056e-05,-2.498975,-0.02432463,-0.023206968,-14.098273,-0.0030141543,-0.002875661,-0.9999913,1.6039664,0.0
7534754791,-0.2675829,0.6478264,-2.7952003,-0.0035719245,0.00014354289,-2.498906,-0.027265685,-0.021680351,-14.095924,-0.00339085,-0.0026962396,-0.9999906,1.6039664,0.0
7534854917,-0.2675829,0.6478264,-2.7952003,-0.0036108254,0.00022468566,-2.4988203,-0.024019822,-0.024452034,-14.095258,-0.0029925087,-0.0030463561,-0.9999909,1.6039664,0.0
7534945271,-0.2675829,0.6478264,-2.7952003,-0.0036347776,0.00027236342,-2.49874,-0.023684254,-0.022901839,-14.095471,-0.0029472762,-0.0028499123,-0.9999916,1.6039664,0.0
7535054434,-0.2675829,0.6478264,-2.7952003,-0.0035988777,0.0003040731,-2.4987173,-0.023976712,-0.022965632,-14.097089,-0.0029774657,-0.0028519086,-0.9999915,1.6039664,0.0
7535154349,-0.2675829,0.6478264,-2.7952003,-0.0035175367,0.00029172897,-2.4987469,-0.021442447,-0.025580017,-14.099553,-0.002676326,-0.0031927547,-0.9999913,1.6039664,0.0
7535254200,-0.2675829,0.6478264,-2.7952003,-0.0034313828,0.00025996266,-2.49882,-0.026116852,-0.023747912,-14.100085,-0.0032358703,-0.0029423595,-0.9999904,1.6039664,0.0
7535353532,-0.2675829,0.6478264,-2.7952003,-0.00335913,0.00021534263,-2.4989395,-0.02169495,-0.02605201,-14.10255,-0.0027059943,-0.003249447,-0.99999106,1.6039664,0.0
7535453420,-0.2675829,0.6478264,-2.7952003,-0.0032850653,0.00013788044,-2.4990835,-0.025816968,-0.023789078,-14.103128,-0.0032167474,-0.002964076,-0.9999904,1.6039664,0.0
7535553280,-0.2675829,0.6478264,-2.7952003,-0.0032097548,1.5741587e-05,-2.4992073,-0.02407504,-0.032581236,-14.103906,-0.003001609,-0.004062138,-0.99998724,1.6039664,0.0
7535653189,-0.2675829,0.6478264,-2.7952003,-0.0031157017,-0.00022530854,-2.4993477,-0.024816735,-0.029932901,-14.1070595,-0.0030986331,-0.0037374406,-0.9999882,1.6039664,0.0
7535753580,-0.2675829,0.6478264,-2.7952003,-0.0030782446,-0.00047196448,-2.4994886,-0.023525503,-0.031493768,-14.106933,-0.0029271848,-0.0039186445,-0.999988,1.6039664,0.0
7535852931,-0.2675829,0.6478264,-2.7952003,-0.0030555949,-0.0007532179,-2.4996014,-0.026446102,-0.031467296,-14.105452,-0.0032836364,-0.003907085,-0.99998695,1.6039664,0.0
7535952771,-0.2675829,0.6478264,-2.7952003,-0.003081189,-0.0009850949,-2.4996471,-0.025508624,-0.03228755,-14.10366,-0.0031743827,-0.004017976,-0.9999869,1.6039664,0.0
7536053178,-0.2675829,0.6478264,-2.7952003,-0.003104037,-0.0012417734,-2.4996274,-0.026380813,-0.036330692,-14.101514,-0.0032899438,-0.0045307907,-0.9999843,1.6039664,0.0
7536152554,-0.2675829,0.6478264,-2.7952003,-0.0031108602,-0.0014886558,-2.4995298,-0.025910638,-0.035679817,-14.1008,-0.0032142112,-0.004426077,-0.99998504,1.6039664,0.0
7536252958,-0.2675829,0.6478264,-2.7952003,-0.0031096146,-0.0016576797,-2.4994226,-0.02551199,-0.031956792,-14.10021,-0.0031617468,-0.0039604623,-0.9999871,1.6039664,0.0
7536352840,-0.2675829,0.6478264,-2.7952003,-0.003089343,-0.0017828196,-2.499302,-0.02321184,-0.03685137,-14.098059,-0.002897855,-0.004600665,-0.9999852,1.6039664,0.0
7536452207,-0.2675829,0.6478264,-2.7952003,-0.0030857474,-0.0018489003,-2.4991288,-0.028483944,-0.034656134,-14.095284,-0.0035544499,-0.004324664,-0.9999843,1.6039664,0.0
7536552076,-0.2675829,0.6478264,-2.7952003,-0.0031074062,-0.001890859,-2.4989295,-0.02688827,-0.03732477,-14.09155,-0.003334476,-0.00462873,-0.9999837,1.6039664,0.0
7536652450,-0.2675829,0.6478264,-2.7952003,-0.003118448,-0.0019078463,-2.4986796,-0.027154332,-0.036329936,-14.090376,-0.0033695877,-0.004508191,-0.99998415,1.6039664,0.0
7536751984,-0.2675829,0.6478264,-2.7952003,-0.0031029894,-0.0018980503,-2.4984536,-0.025672445,-0.035966426,-14.088247,-0.0031769497,-0.0044508236,-0.99998504,1.6039664,0.0
7536852235,-0.2675829,0.6478264,-2.7952003,-0.0030772253,-0.0018777788,-2.4982092,-0.027526688,-0.035859946,-14.085778,-0.003415903,-0.004450013,-0.99998426,1.6039664,0.0
7536951500,-0.2675829,0.6478264,-2.7952003,-0.0030307083,-0.0018413126,-2.4979737,-0.026727093,-0.035671785,-14.08427,-0.0033169338,-0.004427004,-0.9999847,1.6039664,0.0
7537051478,-0.2675829,0.6478264,-2.7952003,-0.002978359,-0.0017790823,-2.4977176,-0.028363915,-0.034509353,-14.080363,-0.0035213858,-0.0042843428,-0.9999846,1.6039664,0.0
7537151819,-0.2675829,0.6478264,-2.7952003,-0.0029526516,-0.0016881436,-2.4974625,-0.029808585,-0.03505118,-14.078827,-0.0036950274,-0.0043448913,-0.9999837,1.6039664,0.0
7537251716,-0.2675829,0.6478264,-2.7952003,-0.0029667795,-0.0016020745,-2.4971752,-0.026564691,-0.037388068,-14.072876,-0.0033027134,-0.0046483534,-0.9999837,1.6039664,0.0
7537351574,-0.2675829,0.6478264,-2.7952003,-0.002949962,-0.0014974326,-2.4968364,-0.031835184,-0.033344995,-14.067448,-0.0039580544,-0.0041457685,-0.99998355,1.6039664,0.0
7537451528,-0.2675829,0.6478264,-2.7952003,-0.0029533312,-0.0013486237,-2.4964845,-0.02734307,-0.029356606,-14.067067,-0.0033892153,-0.0036387963,-0.9999876,1.6039664,0.0
7537551367,-0.2675829,0.6478264,-2.7952003,-0.002953869,-0.0011486828,-2.4961631,-0.030459495,-0.031337865,-14.063173,-0.0037847657,-0.0038939083,-0.9999852,1.6039664,0.0
7537650698,-0.2675829,0.6478264,-2.7952003,-0.0029587953,-0.0009582549,-2.4958591,-0.023889795,-0.029272538,-14.063306,-0.0029585422,-0.003625148,-0.99998903,1.6039664,0.0
7537750624,-0.2675829,0.6478264,-2.7952003,-0.0028637513,-0.00073266326,-2.4956098,-0.025275085,-0.031492367,-14.060438,-0.003133789,-0.0039046528,-0.9999874,1.6039664,0.0
7537850409,-0.2675829,0.6478264,-2.7952003,-0.0027752756,-0.00053798856,-2.495389,-0.025177639,-0.030449532,-14.059595,-0.0031336662,-0.0037898181,-0.9999879,1.6039664,0.0
7537950841,-0.2675829,0.6478264,-2.7952003,-0.0026080355,-0.0003715694,-2.4952092,-0.026082441,-0.03252166,-14.057994,-0.0032402182,-0.004040161,-0.9999866,1.6039664,0.0
7538050767,-0.2675829,0.6478264,-2.7952003,-0.002441305,-0.0002976179,-2.495065,-0.025194023,-0.03200858,-14.058677,-0.0031289249,-0.0039752466,-0.9999872,1.6039664,0.0
7538150634,-0.2675829,0.6478264,-2.7952003,-0.0022681474,-0.00024388134,-2.494959,-0.022187164,-0.030125763,-14.058306,-0.0027621891,-0.0037505047,-0.99998915,1.6039664,0.0
7538249973,-0.2675829,0.6478264,-2.7952003,-0.0021066829,-0.000216645,-2.4948897,-0.024288854,-0.030806076,-14.057603,-0.0030109265,-0.003818823,-0.99998814,1.6039664,0.0
7538349859,-0.2675829,0.6478264,-2.7952003,-0.0019925565,-0.00018708706,-2.4948502,-0.026443595,-0.028703347,-14.058312,-0.0032951098,-0.0035766955,-0.99998814,1.6039664,0.0
7538449669,-0.2675829,0.6478264,-2.7952003,-0.0019097999,-0.00014609098,-2.4948604,-0.026219461,-0.033468757,-14.057856,-0.0032565584,-0.004156949,-0.99998605,1.6039664,0.0
7538549592,-0.2675829,0.6478264,-2.7952003,-0.0018522978,-0.00011545717,-2.4949284,-0.022449145,-0.029064965,-14.06178,-0.0027900233,-0.0036122499,-0.99998957,1.6039664,0.0
7538649593,-0.2675829,0.6478264,-2.7952003,-0.0018044785,-5.226433e-05,-2.4950395,-0.022655541,-0.028257921,-14.06106,-0.0028061643,-0.0035000872,-0.9999899,1.6039664,0.0
7538750795,-0.2675829,0.6478264,-2.7952003,-0.0017406344,6.1041115e-05,-2.4951205,-0.025891792,-0.025235709,-14.061192,-0.003212617,-0.0031312108,-0.9999899,1.6039664,-1.3264501e-05
7538849200,-0.26750854,0.6478249,-2.79538,-0.0007323197,0.00017160154,-2.4977875,-0.017668074,-0.027139125,-14.072077,-0.002187777,-0.0033605446,-0.99999195,1.6039664,0.0
7538949677,-0.26741657,0.64782315,-2.7956145,-0.00066400535,0.0003341768,-2.498033,-0.021156248,-0.022937901,-14.075661,-0.002627592,-0.0028488727,-0.9999925,1.6039664,0.0
7539050109,-0.26732934,0.6478216,-2.7958374,-0.00051840727,0.00052893127,-2.4983072,-0.018404044,-0.024271552,-14.07663,-0.0022852146,-0.0030137782,-0.99999285,1.6039664,0.0
7539149409,-0.26724756,0.6478201,-2.7960465,-0.00037103752,0.0007228315,-2.498549,-0.019574847,-0.020172056,-14.078342,-0.002432296,-0.0025065031,-0.99999386,1.6039664,0.0
7539248691,-0.26716998,0.6478186,-2.7962456,-0.00020720408,0.0009183476,-2.4988036,-0.018288478,-0.023587165,-14.080311,-0.0022883853,-0.002951395,-0.999993,1.6039664,0.0
7539349343,-0.26709536,0.64781713,-2.7964375,-4.854554e-05,0.0010527069,-2.4990306,-0.017809842,-0.021986496,-14.080995,-0.0022145286,-0.0027338662,-0.9999938,1.6039664,0.0
7539448468,-0.26702577,0.6478157,-2.796617,0.00010221341,0.001172004,-2.4992402,-0.017043868,-0.018388553,-14.082455,-0.002099275,-0.0022648987,-0.99999523,1.6039664,0.0
7539548886,-0.26695886,0.6478143,-2.7967896,0.00029198898,0.0013106923,-2.4994256,-0.013379834,-0.02131501,-14.082122,-0.0016580955,-0.002641462,-0.9999951,1.6039664,0.0
7539649375,-0.26689547,0.6478131,-2.796954,0.00051377533,0.0014281032,-2.4995847,-0.013511552,-0.020590417,-14.082444,-0.0016942582,-0.0025819005,-0.99999523,1.6039664,0.0
7539748106,-0.26683637,0.6478119,-2.7971077,0.00068655337,0.0015158777,-2.4997306,-0.013572679,-0.01894479,-14.083528,-0.0016791526,-0.002343767,-0.9999958,1.6039664,0.0
7539848567,-0.26677948,0.6478107,-2.797256,0.0008558704,0.0015867144,-2.4998634,-0.01294818,-0.018687643,-14.0853615,-0.001606855,-0.0023191161,-0.999996,1.6039664,0.0
7539949033,-0.26672554,0.6478095,-2.797397,0.0010593941,0.0016877368,-2.500018,-0.009687057,-0.017022807,-14.087013,-0.0011950573,-0.0021000425,-0.9999971,1.6039664,0.0
7540048245,-0.266675,0.6478083,-2.797529,0.0012782069,0.0017820739,-2.5001829,-0.0057469946,-0.01763967,-14.089392,-0.00071373297,-0.0021907126,-0.9999973,1.6039664,0.0
7540147671,-0.26662695,0.6478072,-2.7976549,0.0014826631,0.0019153703,-2.5003362,-0.018411411,-0.012389947,-14.087895,-0.0023148258,-0.0015577604,-0.99999607,1.6039664,0.0
7540248783,-0.26658067,0.6478063,-2.7977767,0.0016818941,0.0020032139,-2.5004432,-0.007640826,-0.014855311,-14.088024,-0.00096060586,-0.0018676121,-0.9999978,1.6039664,0.0
7540347975,-0.26653764,0.64780563,-2.79789,0.0017742685,0.0020796333,-2.5005336,-0.0035577477,-0.015086794,-14.090061,-0.00044122696,-0.0018710435,-0.99999815,1.6039664,0.0
7540447778,-0.26649657,0.64780504,-2.7979984,0.0018554463,0.0021105239,-2.5006547,-0.009305724,-0.017211322,-14.091159,-0.0011493955,-0.0021258544,-0.9999971,1.6039664,0.0
7540548292,-0.2664573,0.64780444,-2.7981021,0.0018507215,0.002072444,-2.5007758,-0.010237731,-0.016243571,-14.0916,-0.0012885936,-0.0020445315,-0.9999971,1.6039664,0.0
7540647614,-0.26642063,0.64780384,-2.7981997,0.0017992905,0.0020285908,-2.5009115,-0.011186677,-0.017377956,-14.094335,-0.0014038838,-0.0021808646,-0.9999966,1.6039664,0.0
7540757318,-0.26638567,0.64780325,-2.7982924,0.0017075355,0.0019239243,-2.5010972,-0.008770088,-0.018527633,-14.09857,-0.0010802677,-0.0022821669,-0.9999968,1.6039664,0.0
7540847874,-0.26635215,0.64780265,-2.7983818,0.0016034571,0.0017737261,-2.5012999,-0.008656994,-0.015918188,-14.098981,-0.0011012253,-0.0020248957,-0.9999973,1.6039664,0.0
7540947199,-0.26632085,0.64780205,-2.7984657,0.0014523822,0.0015947634,-2.501473,-0.010153651,-0.020542251,-14.097473,-0.0012508163,-0.0025305755,-0.999996,1.6039664,0.0
7541047086,-0.26629102,0.64780146,-2.798546,0.0013042556,0.0013983075,-2.5016263,-0.014502389,-0.018299274,-14.09922,-0.0017919558,-0.0022611094,-0.9999958,1.6039664,0.0
7541146898,-0.26626268,0.64780086,-2.7986217,0.0011292257,0.001219403,-2.5017521,-0.009161421,-0.024056531,-14.098913,-0.0011307411,-0.002969158,-0.99999493,1.6039664,0.0
7541246841,-0.26623562,0.64780027,-2.7986941,0.0009833027,0.0010300773,-2.5018563,-0.015564512,-0.021465335,-14.09913,-0.0019294196,-0.0026609018,-0.9999946,1.6039664,0.0
7541346670,-0.26621014,0.6477997,-2.7987633,0.00081462617,0.0008332794,-2.501951,-0.010737549,-0.022583894,-14.100251,-0.0013260228,-0.0027889751,-0.99999523,1.6039664,0.0
7541456507,-0.26618606,0.6477994,-2.7988296,0.00061287073,0.0005596641,-2.501997,-0.013853399,-0.023345543,-14.099568,-0.0017314747,-0.0029178557,-0.9999942,1.6039664,0.0
7541546475,-0.2661632,0.6477991,-2.798891,0.00047601084,0.00032414915,-2.5020127,-0.015124672,-0.024632651,-14.097141,-0.0018940662,-0.0030847525,-0.99999344,1.6039664,0.0
7541656217,-0.26614138,0.6477988,-2.7989502,0.00036440312,3.0313564e-05,-2.5019495,-0.017552702,-0.027617894,-14.094751,-0.0021755763,-0.0034231103,-0.9999918,1.6039664,0.0
7541746184,-0.26612073,0.6477985,-2.799007,0.0002510603,-0.00016109084,-2.5018914,-0.017016832,-0.027391711,-14.097476,-0.0021066272,-0.0033910028,-0.999992,1.6039664,0.0
7541856009,-0.2661011,0.6477982,-2.7990603,6.9384274e-05,-0.00039632744,-2.5018873,-0.017016796,-0.027320886,-14.100151,-0.002110796,-0.0033889355,-0.999992,1.6039664,0.0
7541946084,-0.26608244,0.6477979,-2.7991116,-8.205685e-05,-0.0005304241,-2.5019274,-0.019427974,-0.026319887,-14.1002655,-0.0024087531,-0.0032632384,-0.9999918,1.6039664,0.0
7542055796,-0.266065,0.6477976,-2.7991593,-0.0002979161,-0.0006421631,-2.5020072,-0.019222474,-0.02732498,-14.102159,-0.002397307,-0.003407801,-0.9999913,1.6039664,0.0
7542155639,-0.26604834,0.6477973,-2.799205,-0.00046133823,-0.000691095,-2.5021126,-0.018111497,-0.02476586,-14.103861,-0.0022361996,-0.0030578037,-0.9999928,1.6039664,0.0
7542245582,-0.26603267,0.647797,-2.7992487,-0.0005721254,-0.00069937814,-2.5022092,-0.019166127,-0.027436553,-14.1046295,-0.0023863115,-0.0034160353,-0.9999913,1.6039664,0.0
7542355383,-0.26601762,0.6477967,-2.7992907,-0.0006788337,-0.0007415243,-2.5023267,-0.021182578,-0.027474767,-14.104455,-0.002620999,-0.0033995546,-0.99999076,1.6039664,0.0
7542445367,-0.26600343,0.6477964,-2.7993307,-0.00077186665,-0.0007699048,-2.5024512,-0.022082787,-0.027984926,-14.10621,-0.0027349456,-0.0034659232,-0.9999902,1.6039664,0.0
7542555690,-0.26598987,0.6477961,-2.7993696,-0.00091438857,-0.0007667463,-2.5025682,-0.022610424,-0.029184613,-14.1062975,-0.0028124081,-0.003630142,-0.99998945,1.6039664,0.0
7542644472,-0.26597953,0.64779586,-2.7993977,-0.0010378034,-0.00080034,-2.5026557,-0.022127021,-0.029078415,-14.107403,-0.0027337896,-0.0035926334,-0.9999898,1.6039664,0.0
7542754355,-0.26596478,0.6477956,-2.7994382,-0.0011600744,-0.000861257,-2.502773,-0.023528539,-0.030993156,-14.10777,-0.002935625,-0.0038669754,-0.9999882,1.6039664,0.0
7542855418,-0.265952,0.6477953,-2.7994735,-0.0012573921,-0.0009205871,-2.5028584,-0.024826478,-0.031014264,-14.108976,-0.003079484,-0.0038470186,-0.99998784,1.6039664,0.0
7542954788,-0.26594108,0.6477951,-2.7995036,-0.001366928,-0.0010041015,-2.5029526,-0.02433981,-0.031110398,-14.109517,-0.0030365079,-0.0038811713,-0.99998784,1.6039664,0.0
7543054067,-0.2659308,0.64779484,-2.7995322,-0.0014368154,-0.0010775303,-2.5030193,-0.024351463,-0.031385284,-14.108247,-0.00302067,-0.0038931782,-0.99998784,1.6039664,0.0
7543155065,-0.26592088,0.6477946,-2.79956,-0.0015016221,-0.0011401452,-2.5030255,-0.022662483,-0.029880136,-14.107447,-0.0028214008,-0.0037199734,-0.9999891,1.6039664,0.0
7543253906,-0.26591176,0.6477943,-2.7995863,-0.0015596553,-0.0012102026,-2.5029943,-0.028433137,-0.030066429,-14.106,-0.0035187055,-0.0037208311,-0.9999869,1.6039664,0.0
7543353692,-0.26590306,0.647794,-2.7996116,-0.0016338484,-0.0012747152,-2.5029383,-0.027170539,-0.032516163,-14.105642,-0.0033820441,-0.0040474394,-0.99998605,1.6039664,0.0
7543454313,-0.2658948,0.6477937,-2.799636,-0.0017059288,-0.0013224648,-2.5028894,-0.025328882,-0.030728834,-14.106476,-0.0031567547,-0.003829754,-0.99998766,1.6039664,0.0
7543554072,-0.265887,0.6477934,-2.799659,-0.0017279299,-0.0013119479,-2.5028458,-0.026301349,-0.030713981,-14.105187,-0.0032621166,-0.003809409,-0.9999874,1.6039664,0.0
7543653338,-0.2658796,0.6477931,-2.7996807,-0.0017241656,-0.0012520537,-2.5028036,-0.02579923,-0.030646935,-14.104895,-0.0032068377,-0.003809406,-0.9999876,1.6039664,0.0
7543753998,-0.2658725,0.647793,-2.799702,-0.0016879583,-0.0011815472,-2.502766,-0.025771758,-0.031676237,-14.106153,-0.0031990716,-0.0039319997,-0.9999871,1.6039664,0.0
7543853059,-0.2658659,0.647793,-2.799722,-0.0016074413,-0.0010913424,-2.5027602,-0.02363501,-0.0318623,-14.105732,-0.002935408,-0.003957216,-0.99998784,1.6039664,0.0
7543952959,-0.2658596,0.647793,-2.7997413,-0.0014596642,-0.0009764534,-2.5027792,-0.022922013,-0.028672744,-14.106579,-0.0028554003,-0.00357177,-0.9999895,1.6039664,0.0
7544053976,-0.26585355,0.64779294,-2.7997587,-0.0013438718,-0.0008258008,-2.5028155,-0.019224305,-0.03237217,-14.108072,-0.0023936864,-0.004030774,-0.999989,1.6039664,0.0
7544152663,-0.26584798,0.64779294,-2.7997737,-0.001147742,-0.000675009,-2.5029018,-0.022765066,-0.029900335,-14.111067,-0.002828706,-0.003715309,-0.9999891,1.6039664,0.0
7544253128,-0.26584256,0.64779294,-2.7997885,-0.00092643604,-0.0005043429,-2.503023,-0.020043733,-0.025917329,-14.111316,-0.002510603,-0.003246308,-0.99999154,1.6039664,0.0
7544353622,-0.2658374,0.64779294,-2.7998025,-0.00068693655,-0.000290977,-2.5031545,-0.019469865,-0.027128689,-14.114345,-0.0024306136,-0.0033867396,-0.9999913,1.6039664,0.0
7544452853,-0.2658326,0.64779294,-2.799816,-0.00048288616,-0.0001137441,-2.503326,-0.021611705,-0.024715533,-14.11536,-0.0027018473,-0.003089881,-0.99999154,1.6039664,0.0
7544552789,-0.26582792,0.64779294,-2.7998285,-0.0003173502,2.5555637e-05,-2.503496,-0.018959433,-0.02453414,-14.114502,-0.0023458705,-0.0030356345,-0.9999926,1.6039664,0.0
7544653193,-0.2658235,0.6477929,-2.7998407,-0.00015891275,0.00016513004,-2.5036578,-0.017300976,-0.022781981,-14.117732,-0.002146242,-0.0028261784,-0.9999937,1.6039664,0.0
7544751914,-0.2658194,0.6477927,-2.7998476,-3.0845047e-05,0.00029524392,-2.5030272,-0.019227682,-0.025598124,-14.037865,-0.0023913977,-0.0031837062,-0.9999921,1.6039664,0.0
7544851928,-0.2658169,0.6477871,-2.7987323,9.721679e-06,0.0003223494,-2.4742503,-0.021350129,-0.023770291,-13.520988,-0.0026032547,-0.002898349,-0.9999924,1.6039664,0.0
7544951720,-0.26581687,0.6477737,-2.792861,8.3829735e-05,0.00033535168,-2.4008539,-0.014727323,-0.02642335,-12.827806,-0.0017350559,-0.0031129885,-0.9999936,1.6039664,0.0
7545051510,-0.26581922,0.6477524,-2.778262,0.00017737181,0.0002979911,-2.2788777,-0.016370593,-0.02328982,-11.941683,-0.0018412605,-0.002619491,-0.9999949,1.6039664,0.0
7545151606,-0.265824,0.6477233,-2.750863,0.00026892242,0.00023748403,-2.1038308,-0.014427716,-0.025395496,-10.847021,-0.0015537948,-0.0027349712,-0.99999505,1.6039664,0.0
7545251360,-0.26583117,0.6476865,-2.7081919,0.00038393075,0.00014566878,-1.9143866,-0.016949661,-0.026606519,-10.488692,-0.0017793225,-0.0027930692,-0.9999945,1.6039664,0.0
7545351268,-0.2658408,0.64764184,-2.652768,0.00044626952,-2.2927998e-07,-1.7518797,-0.016595177,-0.027656982,-10.238316,-0.0017223414,-0.0028703976,-0.9999944,1.6039664,0.0
7545451121,-0.26585284,0.64758956,-2.5886805,0.00046584458,-0.0001881741,-1.6206934,-0.016986394,-0.027728502,-10.11511,-0.0017666699,-0.0028839025,-0.9999943,1.6039664,0.0
7545551582,-0.26586646,0.6475362,-2.5194795,0.00048620795,-0.00031446206,-1.5242738,-0.015014915,-0.026338562,-10.132423,-0.0015548246,-0.0027274115,-0.99999505,1.6039664,0.0
7545650806,-0.26587903,0.64748853,-2.4499998,0.0005045524,-0.00042488574,-1.4542716,-0.01669713,-0.027535472,-9.925311,-0.001707766,-0.002816301,-0.9999946,1.6039664,0.0
7545751269,-0.26589093,0.6474436,-2.3796835,0.00047503336,-0.00055770995,-1.3840575,-0.018424701,-0.028575515,-9.755878,-0.0018754608,-0.002908718,-0.9974114,1.6039664,0.0
7545851188,-0.26590198,0.64740187,-2.3097925,0.00043537942,-0.0006705796,-1.314256,-0.014767234,-0.026495732,-9.748665,-0.0014989894,-0.0026895234,-0.99704355,1.6039664,0.0
7545950421,-0.2659123,0.6473632,-2.2403095,0.00041315175,-0.00076616235,-1.2448759,-0.015781287,-0.026201067,-9.727711,-0.0015968268,-0.0026511503,-0.9959752,1.6039664,0.0
7546050367,-0.26592195,0.6473268,-2.1703823,0.00035813084,-0.000839695,-1.175036,-0.017402925,-0.030194594,-9.693165,-0.0017648179,-0.003062012,-0.9942139,1.6039664,0.0
7546150329,-0.2659308,0.6472929,-2.1004598,0.00027100652,-0.0009925092,-1.1052105,-0.01651784,-0.03173735,-9.643414,-0.0016803448,-0.0032286115,-0.9916772,1.6039664,0.0
7546250700,-0.26593906,0.64726096,-2.0302496,0.00023281916,-0.0011664416,-1.0350635,-0.014607136,-0.032608327,-9.578203,-0.001463157,-0.003266287,-0.9883524,1.6039664,0.0
7546350543,-0.26594678,0.6472313,-1.9603426,0.00022340287,-0.0013268879,-0.9652187,-0.016333003,-0.03303728,-9.500668,-0.0016431669,-0.0033236856,-0.9843992,1.6039664,0.0
7546450454,-0.26595393,0.6472034,-1.8904711,0.00024099287,-0.0015145679,-0.89536244,-0.012637557,-0.035308614,-9.408172,-0.0012641642,-0.0035320022,-0.9796832,1.6039664,0.0
7546550315,-0.2659607,0.64717746,-1.8206066,0.0003161152,-0.0017205791,-0.82548743,-0.013791067,-0.034725245,-9.301491,-0.0013769789,-0.003467167,-0.97424406,1.6039664,0.0
7546650160,-0.26596695,0.6471531,-1.7507645,0.0003906805,-0.0019139859,-0.7556078,-0.015264398,-0.03660366,-9.181869,-0.0015059039,-0.003611121,-0.968145,1.6039664,0.0
7546750282,-0.26597282,0.6471305,-1.6808152,0.00043863952,-0.0021171889,-0.6855759,-0.014154921,-0.036659814,-9.044157,-0.0013836633,-0.003583548,-0.96112365,1.6039664,0.0
7546849330,-0.26597834,0.64710957,-1.6114995,0.0004681722,-0.0023032892,-0.6161136,-0.014441191,-0.036955383,-8.896297,-0.0014026321,-0.003589372,-0.9535849,1.6039664,0.0
7546949277,-0.26598352,0.6470896,-1.5416636,0.00046144187,-0.002486166,-0.5461144,-0.016336653,-0.03798062,-8.734275,-0.0015689495,-0.003647606,-0.94532406,1.6039664,0.0
7547049231,-0.2659883,0.6470712,-1.4717565,0.00043889155,-0.0025944219,-0.47604567,-0.014998798,-0.036601115,-8.556476,-0.0014347226,-0.0035011102,-0.93625885,1.6039664,0.0
7547149023,-0.26599282,0.6470541,-1.4019783,0.0004072726,-0.0026261448,-0.40607148,-0.017260648,-0.03651503,-8.362659,-0.0016288566,-0.0034458586,-0.92637694,1.6039664,0.0
7547248976,-0.26599708,0.647038,-1.3321269,0.00032826661,-0.0025877426,-0.33598334,-0.016553462,-0.035482265,-8.156336,-0.0015475849,-0.0033172406,-0.9158574,1.6039664,0.0
7547349286,-0.2660011,0.6470227,-1.2619781,0.00026399808,-0.002486703,-0.26560187,-0.014395133,-0.037314646,-7.9348316,-0.0013300582,-0.0034477382,-0.9045638,1.6039664,0.0
7547449188,-0.26600474,0.6470085,-1.1921208,0.0002430373,-0.0023335868,-0.19550681,-0.013351224,-0.03356534,-7.700948,-0.0012162426,-0.0030576668,-0.8926391,1.6039664,0.0
7547548511,-0.2660081,0.64699537,-1.1226709,0.00023584042,-0.0021461374,-0.12581164,-0.012996803,-0.035391416,-7.4535427,-0.0011663558,-0.0031760875,-0.8800249,1.6039664,0.0
7547648935,-0.26601133,0.6469832,-1.052452,0.0002840425,-0.0019561425,-0.055339396,-0.011922025,-0.03263788,-7.1902137,-0.0010469415,-0.0028661196,-0.86659884,1.6039664,0.0
7547748765,-0.26601437,0.64697194,-0.98273045,0.00037057494,-0.001777808,0.014591038,-0.01217101,-0.03274641,-6.9156413,-0.0010558928,-0.0028409061,-0.85259956,1.6039664,0.0
7547848641,-0.2660172,0.6469613,-0.91290385,0.00044636955,-0.0015737873,0.08456546,-0.012944144,-0.03142466,-6.6290293,-0.0011074542,-0.0026885804,-0.8379864,1.6039664,0.0
7547948565,-0.26601988,0.64695126,-0.84288013,0.00049562077,-0.001382171,0.15470546,-0.013657935,-0.032768648,-6.3236933,-0.0011405319,-0.002736408,-0.82241863,1.6039664,0.0
7548048410,-0.26602238,0.64694184,-0.7730382,0.0005038169,-0.0011993336,0.22465336,-0.015042353,-0.030378107,-6.0067234,-0.0012414467,-0.0025071076,-0.80625767,1.6039664,0.0
7548147757,-0.2660247,0.646933,-0.70353633,0.00047225063,-0.0010218262,0.29419345,-0.014818525,-0.031036722,-5.681271,-0.0011922168,-0.0024970432,-0.7896642,1.6039664,0.0
7548247644,-0.26602688,0.6469248,-0.6336496,0.00041322614,-0.00082716264,0.36403552,-0.016654808,-0.028523728,-5.3389378,-0.0013103408,-0.002244145,-0.77221006,1.6039664,0.0
7548347516,-0.2660289,0.646917,-0.563812,0.00029495003,-0.0006647255,0.43379632,-0.013564575,-0.029027592,-4.981158,-0.0010455312,-0.0022373905,-0.75396836,1.6039664,0.0
7548447419,-0.2660308,0.64690983,-0.49385566,0.00017370826,-0.00051180314,0.5036705,-0.01602723,-0.026957197,-4.6087694,-0.0012026522,-0.0020228156,-0.73498183,1.6039664,0.0
7548547799,-0.26603255,0.6469029,-0.42360348,7.9498845e-05,-0.00039025943,0.5738088,-0.016635243,-0.028031034,-4.2233706,-0.0012155612,-0.002048268,-0.715332,1.6039664,0.0
7548647870,-0.26603416,0.64689666,-0.35356393,-1.728356e-05,-0.00026208675,0.64372486,-0.016826637,-0.026740031,-3.8243492,-0.0011851658,-0.0018834048,-0.69498754,1.6039664,0.0
7548748175,-0.26603565,0.6468911,-0.283356,-0.00014204717,-0.00016326588,0.71379966,-0.016269488,-0.02665576,-3.410225,-0.0011175463,-0.0018309765,-0.67387307,1.6039664,0.0
7548847427,-0.26603702,0.646886,-0.21402545,-0.00024690403,-6.38927e-05,0.78299296,-0.018825937,-0.02531501,-2.9878602,-0.0012464246,-0.0016760521,-0.65233845,1.6039664,0.0
7548947352,-0.26603833,0.64688104,-0.1439553,-0.00037959914,4.452264e-06,0.85290205,-0.014628221,-0.025753308,-2.546354,-0.00093631726,-0.0016484073,-0.6298279,1.6039664,0.0
7549047899,-0.26603955,0.64687645,-0.07358398,-0.00046394218,3.4126882e-05,0.9230951,-0.017471464,-0.027930625,-2.0905457,-0.0010825619,-0.0017306292,-0.6065882,1.6039664,0.0
7549156424,-0.26604068,0.64687216,-0.0042087124,-0.00055567164,1.0560678e-05,0.9922875,-0.019696334,-0.02606715,-1.6053491,-0.0011679458,-0.0015457199,-0.58185,1.6039664,0.0
7549246944,-0.26604173,0.6468681,0.06555866,-0.0006500698,-2.5736426e-05,1.0619066,-0.019295061,-0.025524722,-1.143292,-0.0011027461,-0.001458782,-0.5582917,1.6039664,0.0
7549356158,-0.26604277,0.6468643,0.13601983,-0.00075982924,-8.770561e-05,1.1322782,-0.01940745,-0.026378334,-0.6182585,-0.0010600272,-0.0014407742,-0.5315224,1.6039664,0.0
7549446681,-0.2660437,0.6468608,0.20546624,-0.0008409998,-0.00011823621,1.2016943,-0.018054018,-0.025403105,-0.13196325,-0.00093442865,-0.0013147983,-0.50672823,1.6039664,0.0
7549546554,-0.2660446,0.64685744,0.2753449,-0.000914146,-0.00015941811,1.2715337,-0.017277721,-0.025067585,0.391006,-0.00084657955,-0.0012282698,-0.48006424,1.6039664,0.0
7549647052,-0.26604545,0.6468542,0.3456565,-0.0008967408,-0.00017405592,1.3417816,-0.019848447,-0.027429875,0.9288783,-0.00091157854,-0.0012597704,-0.45264038,1.6039664,0.0
7549746348,-0.2660462,0.6468513,0.4151277,-0.0009057186,-0.00022685202,1.4111494,-0.020144803,-0.029705064,1.4781814,-0.0008747456,-0.0012898797,-0.42463374,1.6039664,0.0
7549856154,-0.26604694,0.6468486,0.48500335,-0.0009391352,-0.00029748064,1.4808962,-0.021753388,-0.028054364,2.0726385,-0.0008710074,-0.001123299,-0.39432484,1.6039664,0.0
7549946706,-0.2660477,0.646846,0.5553088,-0.0010328876,-0.00041229633,1.5510987,-0.022530371,-0.030768871,2.626374,-0.0008448668,-0.0011538023,-0.3660922,1.6039664,0.0
7550055896,-0.26604828,0.6468436,0.6243926,-0.0010960104,-0.00059323787,1.6200681,-0.022069758,-0.030718723,3.247817,-0.00075319875,-0.0010483713,-0.33440742,1.6039664,0.0
7550145841,-0.26604888,0.6468414,0.6945948,-0.0011224576,-0.0007434844,1.6901834,-0.01832488,-0.028841265,3.825055,-0.0005675113,-0.00089319784,-0.3049765,1.6039664,0.0
7550255621,-0.26604947,0.64683926,0.7650219,-0.0011198943,-0.0009118661,1.7605214,-0.016578065,-0.027354335,4.485623,-0.000460574,-0.0007599617,-0.2712969,1.6039664,0.0
7550345118,-0.26605,0.64683735,0.8340043,-0.0010537612,-0.0010299782,1.8000001,-0.018671148,-0.029658986,4.965124,-0.00047187303,-0.00074956706,-0.24684913,1.6039664,0.0
7550455419,-0.26605046,0.64683557,0.90380144,-0.0010184451,-0.0011982943,1.8000001,-0.01873305,-0.030526944,5.3586698,-0.00043534552,-0.000709429,-0.22678389,1.6039664,0.0
7550555279,-0.26605093,0.6468337,0.9742942,-0.0009726447,-0.0014242567,1.8000001,-0.019484278,-0.033040445,5.720767,-0.0004149733,-0.0007036906,-0.20832206,1.6039664,0.0
7550655191,-0.26605138,0.6468321,1.04354,-0.000898882,-0.001621801,1.8000001,-0.011670585,-0.02647917,6.0793643,-0.0002276427,-0.00051649427,-0.1900387,1.6039664,0.0
7550755072,-0.26605183,0.6468306,1.1134297,-0.00076125166,-0.0017318078,1.8000001,-0.0149135785,-0.027419021,6.4391217,-0.00026114433,-0.000480121,-0.17169617,1.6039664,0.0
7550845705,nan,nan,nan,nan,nan,nan,0.0,0.0,100.0,-0.0,-0.0,-0.12,1.6033615,0.0
7550954767,nan,nan,nan,nan,nan,nan,0.0,0.0,100.0,-0.0,-0.0,-0.12,1.6033981,0.0
7551044737,nan,nan,nan,nan,nan,nan,0.0,0.0,100.0,-0.0,-0.0,-0.12,1.603374,0.0
7551154506,nan,nan,nan,nan,nan,nan,0.0,0.0,100.0,-0.0,-0.0,-0.12,1.6033536,0.0
7551253947,nan,nan,nan,nan,nan,nan,0.0,0.0,100.0,-0.0,-0.0,-0.12,1.6033565,0.0
7551354497,nan,nan,nan,nan,nan,nan,0.0,0.0,100.0,-0.0,-0.0,-0.12,1.6033405,0.0
7551454226,nan,nan,nan,nan,nan,nan,0.0,0.0,100.0,-0.0,-0.0,-0.12,1.6033398,0.0
7551554122,nan,nan,nan,nan,nan,nan,0.0,0.0,100.0,-0.0,-0.0,-0.001,1.6033425,0.0
7551654155,nan,nan,nan,nan,nan,nan,0.0,0.0,100.0,-0.0,-0.0,-0.001,1.6033397,0.0
7551753318,nan,nan,nan,nan,nan,nan,0.0,0.0,100.0,-0.0,-0.0,-0.001,1.6033679,0.0
7551853755,nan,nan,nan,nan,nan,nan,0.0,0.0,100.0,-0.0,-0.0,-0.001,1.6033652,0.0
7551953682,nan,nan,nan,nan,nan,nan,0.0,0.0,100.0,-0.0,-0.0,-0.001,1.6033356,0.0
7552053550,nan,nan,nan,nan,nan,nan,0.0,0.0,100.0,-0.0,-0.0,-0.001,1.6033405,0.0
7552152819,nan,nan,nan,nan,nan,nan,0.0,0.0,100.0,-0.0,-0.0,-0.001,1.6033393,0.0
7552252636,nan,nan,nan,nan,nan,nan,0.0,0.0,100.0,-0.0,-0.0,-0.001,1.603356,0.0
