timestamp,timestamp_sample,position[0],position[1],position[2],q[0],q[1],q[2],q[3],velocity[0],velocity[1],velocity[2],angular_velocity[0],angular_velocity[1],angular_velocity[2],position_variance[0],position_variance[1],position_variance[2],orientation_variance[0],orientation_variance[1],orientation_variance[2],velocity_variance[0],velocity_variance[1],velocity_variance[2],pose_frame,velocity_frame,reset_counter,quality
4337326651,4337326619,0.057404097,-0.008106329,0.13600186,0.8921689,-0.007894255,0.0011978868,-0.4516314,nan,nan,nan,nan,nan,nan,0.0,0.0,0.0,0.0,0.0,0.0,nan,nan,nan,1,0,0,0
4337355548,4337355544,0.057408884,-0.008107439,0.13601767,0.89218366,-0.007942683,0.0012588974,-0.45160118,nan,nan,nan,nan,nan,nan,0.0,0.0,0.0,0.0,0.0,0.0,nan,nan,nan,1,0,0,0
4337360489,4337360484,0.057390742,-0.008117202,0.13601963,0.8921665,-0.007917419,0.0012908771,-0.45163545,nan,nan,nan,nan,nan,nan,0.0,0.0,0.0,0.0,0.0,0.0,nan,nan,nan,1,0,0,0
4337366966,4337366961,0.057395607,-0.008095971,0.13600901,0.8921803,-0.007883861,0.0011313903,-0.4516091,nan,nan,nan,nan,nan,nan,0.0,0.0,0.0,0.0,0.0,0.0,nan,nan,nan,1,0,0,0
4337375496,4337375491,0.05739607,-0.008105487,0.13601205,0.89216787,-0.007948436,0.001312417,-0.45163223,nan,nan,nan,nan,nan,nan,0.0,0.0,0.0,0.0,0.0,0.0,nan,nan,nan,1,0,0,0
4337384585,4337384580,0.057399746,-0.008093621,0.1360108,0.892169,-0.007857554,0.0012466698,-0.45163158,nan,nan,nan,nan,nan,nan,0.0,0.0,0.0,0.0,0.0,0.0,nan,nan,nan,1,0,0,0
4337394247,4337394242,0.057389084,-0.008093551,0.13601455,0.89217705,-0.007897839,0.0011882175,-0.45161527,nan,nan,nan,nan,nan,nan,0.0,0.0,0.0,0.0,0.0,0.0,nan,nan,nan,1,0,0,0
4337399479,4337399475,0.057387535,-0.008094101,0.13600604,0.8921745,-0.007979119,0.0012277951,-0.45161867,nan,nan,nan,nan,nan,nan,0.0,0.0,0.0,0.0,0.0,0.0,nan,nan,nan,1,0,0,0
4337412491,4337412486,0.057387467,-0.008104075,0.13600451,0.8921664,-0.007970894,0.0013610414,-0.45163456,nan,nan,nan,nan,nan,nan,0.0,0.0,0.0,0.0,0.0,0.0,nan,nan,nan,1,0,0,0
4337417489,4337417484,0.057385836,-0.008114227,0.13601007,0.8921671,-0.007881564,0.0013214218,-0.45163482,nan,nan,nan,nan,nan,nan,0.0,0.0,0.0,0.0,0.0,0.0,nan,nan,nan,1,0,0,0
4337425576,4337425571,0.05739893,-0.008103209,0.13601314,0.8921668,-0.007810856,0.0012173087,-0.45163685,nan,nan,nan,nan,nan,nan,0.0,0.0,0.0,0.0,0.0,0.0,nan,nan,nan,1,0,0,0
4337443952,4337443947,0.05740792,-0.008110411,0.13601726,0.8921725,-0.007882632,0.0012216091,-0.4516244,nan,nan,nan,nan,nan,nan,0.0,0.0,0.0,0.0,0.0,0.0,nan,nan,nan,1,0,0,0
4337448494,4337448489,0.05741274,-0.008103381,0.13600226,0.8921805,-0.007885968,0.0011642325,-0.45160872,nan,nan,nan,nan,nan,nan,0.0,0.0,0.0,0.0,0.0,0.0,nan,nan,nan,1,0,0,0
4337452489,4337452485,0.0574029,-0.0081057865,0.13601305,0.8921818,-0.007896396,0.0012589416,-0.4516058,nan,nan,nan,nan,nan,nan,0.0,0.0,0.0,0.0,0.0,0.0,nan,nan,nan,1,0,0,0
4337458511,4337458506,0.05740144,-0.008096631,0.13600346,0.89216894,-0.007864948,0.0012613907,-0.4516317,nan,nan,nan,nan,nan,nan,0.0,0.0,0.0,0.0,0.0,0.0,nan,nan,nan,1,0,0,0
4337467481,4337467474,0.05740168,-0.008110757,0.13601357,0.89217705,-0.007914803,0.0013217956,-0.45161462,nan,nan,nan,nan,nan,nan,0.0,0.0,0.0,0.0,0.0,0.0,nan,nan,nan,1,0,0,0
4337474527,4337474522,0.057399843,-0.008106412,0.13600643,0.8921788,-0.007885617,0.0012440165,-0.45161194,nan,nan,nan,nan,nan,nan,0.0,0.0,0.0,0.0,0.0,0.0,nan,nan,nan,1,0,0,0
4337484040,4337484035,0.05738243,-0.008113169,0.13600919,0.8921801,-0.00793428,0.0012527496,-0.45160857,nan,nan,nan,nan,nan,nan,0.0,0.0,0.0,0.0,0.0,0.0,nan,nan,nan,1,0,0,0
4337494092,4337494087,0.05738608,-0.008121724,0.1360025,0.89216983,-0.007917095,0.0013238582,-0.45162883,nan,nan,nan,nan,nan,nan,0.0,0.0,0.0,0.0,0.0,0.0,nan,nan,nan,1,0,0,0
4337500666,4337500662,0.0574032,-0.008098448,0.13600306,0.89218175,-0.007851851,0.0012425162,-0.45160657,nan,nan,nan,nan,nan,nan,0.0,0.0,0.0,0.0,0.0,0.0,nan,nan,nan,1,0,0,0
4337509582,4337509578,0.057379305,-0.008296479,0.13614191,0.8916715,-0.008228164,0.0054508606,-0.45257545,nan,nan,nan,nan,nan,nan,0.0,0.0,0.0,0.0,0.0,0.0,nan,nan,nan,1,0,0,0
4337518094,4337518090,0.05738383,-0.00808057,0.1360042,0.89218426,-0.007915158,0.0011975579,-0.4516006,nan,nan,nan,nan,nan,nan,0.0,0.0,0.0,0.0,0.0,0.0,nan,nan,nan,1,0,0,0
4337525486,4337525480,0.057372224,-0.008100057,0.13601698,0.8921836,-0.007860779,0.0011776862,-0.451603,nan,nan,nan,nan,nan,nan,0.0,0.0,0.0,0.0,0.0,0.0,nan,nan,nan,1,0,0,0
4337534482,4337534477,0.05737748,-0.008106575,0.13600107,0.8922002,-0.007927639,0.0012839873,-0.45156875,nan,nan,nan,nan,nan,nan,0.0,0.0,0.0,0.0,0.0,0.0,nan,nan,nan,1,0,0,0
4337541494,4337541490,0.05737477,-0.008120338,0.13601862,0.8921838,-0.0079354355,0.0013299214,-0.4516009,nan,nan,nan,nan,nan,nan,0.0,0.0,0.0,0.0,0.0,0.0,nan,nan,nan,1,0,0,0
4337549495,4337549490,0.05739776,-0.008086518,0.13601224,0.89216554,-0.007861805,0.0012309124,-0.4516386,nan,nan,nan,nan,nan,nan,0.0,0.0,0.0,0.0,0.0,0.0,nan,nan,nan,1,0,0,0
4337558522,4337558517,0.057407755,-0.008122027,0.1360187,0.8921709,-0.0078036855,0.0012185101,-0.45162904,nan,nan,nan,nan,nan,nan,0.0,0.0,0.0,0.0,0.0,0.0,nan,nan,nan,1,0,0,0
4337569024,4337569019,0.057419155,-0.00811249,0.13599569,0.89218146,-0.007906408,0.0012760268,-0.45160607,nan,nan,nan,nan,nan,nan,0.0,0.0,0.0,0.0,0.0,0.0,nan,nan,nan,1,0,0,0
4337575524,4337575519,0.05740962,-0.008123384,0.1360113,0.8921993,-0.007908031,0.0012089262,-0.45157102,nan,nan,nan,nan,nan,nan,0.0,0.0,0.0,0.0,0.0,0.0,nan,nan,nan,1,0,0,0
4337583549,4337583544,0.05741072,-0.008106284,0.13600671,0.8921885,-0.00796375,0.0012668447,-0.45159137,nan,nan,nan,nan,nan,nan,0.0,0.0,0.0,0.0,0.0,0.0,nan,nan,nan,1,0,0,0
4337594091,4337594087,0.057408858,-0.008108993,0.13599864,0.89218694,-0.007929667,0.0012926054,-0.45159486,nan,nan,nan,nan,nan,nan,0.0,0.0,0.0,0.0,0.0,0.0,nan,nan,nan,1,0,0,0
4337601479,4337601475,0.057377957,-0.008087857,0.13601533,0.89218915,-0.007988075,0.001231732,-0.4515896,nan,nan,nan,nan,nan,nan,0.0,0.0,0.0,0.0,0.0,0.0,nan,nan,nan,1,0,0,0
4337608699,4337608694,0.057366207,-0.008080978,0.1359998,0.8921917,-0.007763575,0.0011472404,-0.45158866,nan,nan,nan,nan,nan,nan,0.0,0.0,0.0,0.0,0.0,0.0,nan,nan,nan,1,0,0,0
4337618500,4337618495,0.05737644,-0.00810889,0.13600649,0.8921544,-0.007891653,0.001425922,-0.45165947,nan,nan,nan,nan,nan,nan,0.0,0.0,0.0,0.0,0.0,0.0,nan,nan,nan,1,0,0,0
4337624506,4337624501,0.05739337,-0.0080854,0.13600662,0.8921694,-0.00786176,0.0013026876,-0.45163062,nan,nan,nan,nan,nan,nan,0.0,0.0,0.0,0.0,0.0,0.0,nan,nan,nan,1,0,0,0
4337634580,4337634575,0.05740376,-0.008100632,0.13602138,0.8921901,-0.007956462,0.0011268219,-0.45158857,nan,nan,nan,nan,nan,nan,0.0,0.0,0.0,0.0,0.0,0.0,nan,nan,nan,1,0,0,0
4337641484,4337641480,0.057411715,-0.008110472,0.13600394,0.89217806,-0.007922852,0.00130051,-0.45161244,nan,nan,nan,nan,nan,nan,0.0,0.0,0.0,0.0,0.0,0.0,nan,nan,nan,1,0,0,0
4337650487,4337650482,0.05740832,-0.008129016,0.13601312,0.8921709,-0.007931532,0.0013781375,-0.45162627,nan,nan,nan,nan,nan,nan,0.0,0.0,0.0,0.0,0.0,0.0,nan,nan,nan,1,0,0,0
4337659065,4337659061,0.05740238,-0.008120547,0.13600434,0.89218134,-0.007925479,0.0012527887,-0.45160615,nan,nan,nan,nan,nan,nan,0.0,0.0,0.0,0.0,0.0,0.0,nan,nan,nan,1,0,0,0
4337668641,4337668477,0.057397064,-0.008112408,0.13600665,0.8921755,-0.00794834,0.001215515,-0.45161736,nan,nan,nan,nan,nan,nan,0.0,0.0,0.0,0.0,0.0,0.0,nan,nan,nan,1,0,0,0
4337675523,4337675518,0.057404853,-0.008113243,0.13600835,0.89216954,-0.007851686,0.0013238235,-0.45163053,nan,nan,nan,nan,nan,nan,0.0,0.0,0.0,0.0,0.0,0.0,nan,nan,nan,1,0,0,0
4337684495,4337684491,0.057400946,-0.008102443,0.13599844,0.892181,-0.007887478,0.0012678644,-0.45160747,nan,nan,nan,nan,nan,nan,0.0,0.0,0.0,0.0,0.0,0.0,nan,nan,nan,1,0,0,0
4337694860,4337694855,0.057382576,-0.008121509,0.13600646,0.892181,-0.007882144,0.0012641653,-0.4516075,nan,nan,nan,nan,nan,nan,0.0,0.0,0.0,0.0,0.0,0.0,nan,nan,nan,1,0,0,0
4337701481,4337701476,0.057381723,-0.008096984,0.13600847,0.8921781,-0.007904527,0.001311211,-0.45161277,nan,nan,nan,nan,nan,nan,0.0,0.0,0.0,0.0,0.0,0.0,nan,nan,nan,1,0,0,0
4337710483,4337710478,0.05738836,-0.008098681,0.13602103,0.89217997,-0.007849638,0.0012145537,-0.45161024,nan,nan,nan,nan,nan,nan,0.0,0.0,0.0,0.0,0.0,0.0,nan,nan,nan,1,0,0,0
4337720492,4337720487,0.05740222,-0.008106516,0.13600838,0.89218163,-0.007941197,0.0011841847,-0.45160538,nan,nan,nan,nan,nan,nan,0.0,0.0,0.0,0.0,0.0,0.0,nan,nan,nan,1,0,0,0
4337726486,4337726481,0.05738422,-0.008120641,0.13601469,0.89218587,-0.007966909,0.0013299488,-0.45159608,nan,nan,nan,nan,nan,nan,0.0,0.0,0.0,0.0,0.0,0.0,nan,nan,nan,1,0,0,0
4337745077,4337745072,0.057384517,-0.008118945,0.13600424,0.89218354,-0.00792416,0.0011504597,-0.45160198,nan,nan,nan,nan,nan,nan,0.0,0.0,0.0,0.0,0.0,0.0,nan,nan,nan,1,0,0,0
4337760385,4337760380,0.057397474,-0.008108137,0.13600929,0.8921622,-0.007952146,0.0013463276,-0.45164314,nan,nan,nan,nan,nan,nan,0.0,0.0,0.0,0.0,0.0,0.0,nan,nan,nan,1,0,0,0
4337764224,4337764219,0.057403363,-0.008095908,0.13600963,0.89218926,-0.007932936,0.0012257665,-0.45159027,nan,nan,nan,nan,nan,nan,0.0,0.0,0.0,0.0,0.0,0.0,nan,nan,nan,1,0,0,0
4337768584,4337768579,0.0573962,-0.008114953,0.13600804,0.89217037,-0.007900367,0.001285234,-0.45162815,nan,nan,nan,nan,nan,nan,0.0,0.0,0.0,0.0,0.0,0.0,nan,nan,nan,1,0,0,0
4337776497,4337776492,0.057384588,-0.0081271855,0.13600819,0.8921737,-0.007937454,0.0013233824,-0.45162085,nan,nan,nan,nan,nan,nan,0.0,0.0,0.0,0.0,0.0,0.0,nan,nan,nan,1,0,0,0
4337785701,4337785695,0.0573828,-0.008114976,0.13601212,0.8921606,-0.007950477,0.0013013157,-0.45164642,nan,nan,nan,nan,nan,nan,0.0,0.0,0.0,0.0,0.0,0.0,nan,nan,nan,1,0,0,0
4337794717,4337794713,0.05739109,-0.008106191,0.1360122,0.8921825,-0.007886466,0.0012447003,-0.4516045,nan,nan,nan,nan,nan,nan,0.0,0.0,0.0,0.0,0.0,0.0,nan,nan,nan,1,0,0,0
4337800473,4337800469,0.0574091,-0.008098862,0.1360092,0.8921869,-0.007912281,0.0012236323,-0.4515955,nan,nan,nan,nan,nan,nan,0.0,0.0,0.0,0.0,0.0,0.0,nan,nan,nan,1,0,0,0
4337808495,4337808489,0.057401285,-0.008097014,0.13601065,0.89218014,-0.00789252,0.001212997,-0.4516092,nan,nan,nan,nan,nan,nan,0.0,0.0,0.0,0.0,0.0,0.0,nan,nan,nan,1,0,0,0
4337824307,4337824303,0.05738085,-0.008102172,0.13600703,0.8921741,-0.007988124,0.0013266039,-0.45161894,nan,nan,nan,nan,nan,nan,0.0,0.0,0.0,0.0,0.0,0.0,nan,nan,nan,1,0,0,0
4337826487,4337826482,0.057381034,-0.00810543,0.1360081,0.8921607,-0.007930822,0.0013486681,-0.4516466,nan,nan,nan,nan,nan,nan,0.0,0.0,0.0,0.0,0.0,0.0,nan,nan,nan,1,0,0,0
4337841543,4337841538,0.057397805,-0.008106016,0.13601801,0.892179,-0.00798073,0.0012962506,-0.45160964,nan,nan,nan,nan,nan,nan,0.0,0.0,0.0,0.0,0.0,0.0,nan,nan,nan,1,0,0,0
4337850493,4337850488,0.057387833,-0.008116797,0.13601841,0.89217377,-0.007918913,0.0012651322,-0.45162112,nan,nan,nan,nan,nan,nan,0.0,0.0,0.0,0.0,0.0,0.0,nan,nan,nan,1,0,0,0
4337858554,4337858548,0.057381507,-0.008095609,0.13600558,0.8921886,-0.007888024,0.0013514715,-0.45159203,nan,nan,nan,nan,nan,nan,0.0,0.0,0.0,0.0,0.0,0.0,nan,nan,nan,1,0,0,0
4337870478,4337870473,0.057387363,-0.0081198225,0.1360147,0.89216053,-0.007949728,0.0012991297,-0.45164654,nan,nan,nan,nan,nan,nan,0.0,0.0,0.0,0.0,0.0,0.0,nan,nan,nan,1,0,0,0
4337875487,4337875482,0.057398375,-0.008093676,0.13601457,0.89219606,-0.007903116,0.0012171568,-0.4515774,nan,nan,nan,nan,nan,nan,0.0,0.0,0.0,0.0,0.0,0.0,nan,nan,nan,1,0,0,0
4337884878,4337884873,0.05740418,-0.00809918,0.13602363,0.89217186,-0.007905667,0.0012745903,-0.45162502,nan,nan,nan,nan,nan,nan,0.0,0.0,0.0,0.0,0.0,0.0,nan,nan,nan,1,0,0,0
4337893806,4337893801,0.057399318,-0.008110476,0.13600357,0.8921672,-0.007929613,0.0011979612,-0.451634,nan,nan,nan,nan,nan,nan,0.0,0.0,0.0,0.0,0.0,0.0,nan,nan,nan,1,0,0,0
4337903760,4337903756,0.05736966,-0.008331588,0.13613799,0.89167666,-0.008217331,0.0054678493,-0.45256534,nan,nan,nan,nan,nan,nan,0.0,0.0,0.0,0.0,0.0,0.0,nan,nan,nan,1,0,0,0
4337908495,4337908491,0.057387505,-0.0081054475,0.1360119,0.8921838,-0.007838695,0.0012626018,-0.45160282,nan,nan,nan,nan,nan,nan,0.0,0.0,0.0,0.0,0.0,0.0,nan,nan,nan,1,0,0,0
4337917611,4337917607,0.05738954,-0.00831,0.13613425,0.8916573,-0.008226821,0.0054596695,-0.4526034,nan,nan,nan,nan,nan,nan,0.0,0.0,0.0,0.0,0.0,0.0,nan,nan,nan,1,0,0,0
4337929578,4337929573,0.05742439,-0.008115977,0.13601553,0.89219296,-0.007900016,0.0012276255,-0.4515836,nan,nan,nan,nan,nan,nan,0.0,0.0,0.0,0.0,0.0,0.0,nan,nan,nan,1,0,0,0
4337934561,4337934556,0.057403956,-0.008116082,0.13600232,0.8921849,-0.007940127,0.0012451402,-0.45159882,nan,nan,nan,nan,nan,nan,0.0,0.0,0.0,0.0,0.0,0.0,nan,nan,nan,1,0,0,0
4337941515,4337941510,0.057389636,-0.008120417,0.13600054,0.89217377,-0.00787138,0.0013709279,-0.45162168,nan,nan,nan,nan,nan,nan,0.0,0.0,0.0,0.0,0.0,0.0,nan,nan,nan,1,0,0,0
4337950955,4337950950,0.057380088,-0.008096141,0.13601482,0.8921805,-0.007917046,0.0012205681,-0.45160806,nan,nan,nan,nan,nan,nan,0.0,0.0,0.0,0.0,0.0,0.0,nan,nan,nan,1,0,0,0
4337958481,4337958476,0.057385832,-0.008097096,0.13601807,0.8921861,-0.008019773,0.0011824246,-0.45159528,nan,nan,nan,nan,nan,nan,0.0,0.0,0.0,0.0,0.0,0.0,nan,nan,nan,1,0,0,0
4337968479,4337968475,0.057385795,-0.008109846,0.13601312,0.89216995,-0.0079326,0.0012973984,-0.4516284,nan,nan,nan,nan,nan,nan,0.0,0.0,0.0,0.0,0.0,0.0,nan,nan,nan,1,0,0,0
4337975483,4337975478,0.05738666,-0.008119702,0.13601846,0.89215183,-0.007976273,0.0014235491,-0.45166296,nan,nan,nan,nan,nan,nan,0.0,0.0,0.0,0.0,0.0,0.0,nan,nan,nan,1,0,0,0
4337984676,4337984671,0.05739751,-0.008105799,0.1360146,0.89217746,-0.00789713,0.0012152715,-0.4516143,nan,nan,nan,nan,nan,nan,0.0,0.0,0.0,0.0,0.0,0.0,nan,nan,nan,1,0,0,0
4337993485,4337993481,0.057390854,-0.008320807,0.13614061,0.89165926,-0.008255915,0.0054523153,-0.4525989,nan,nan,nan,nan,nan,nan,0.0,0.0,0.0,0.0,0.0,0.0,nan,nan,nan,1,0,0,0
4338004482,4338004477,0.057428733,-0.008102954,0.13603054,0.8921865,-0.007860991,0.0012590186,-0.45159703,nan,nan,nan,nan,nan,nan,0.0,0.0,0.0,0.0,0.0,0.0,nan,nan,nan,1,0,0,0
4338010131,4338010127,0.057412624,-0.008112029,0.1360209,0.8921849,-0.007890669,0.0011472567,-0.45159993,nan,nan,nan,nan,nan,nan,0.0,0.0,0.0,0.0,0.0,0.0,nan,nan,nan,1,0,0,0
4338018492,4338018487,0.057395943,-0.008124941,0.13600199,0.8921815,-0.007893198,0.0012796961,-0.45160636,nan,nan,nan,nan,nan,nan,0.0,0.0,0.0,0.0,0.0,0.0,nan,nan,nan,1,0,0,0
4338028488,4338028484,0.057378244,-0.008115158,0.13601238,0.89215404,-0.007915372,0.0013601455,-0.45165995,nan,nan,nan,nan,nan,nan,0.0,0.0,0.0,0.0,0.0,0.0,nan,nan,nan,1,0,0,0
4338034135,4338034131,0.05737597,-0.008101646,0.13602045,0.8921616,-0.0079152575,0.0012675718,-0.45164528,nan,nan,nan,nan,nan,nan,0.0,0.0,0.0,0.0,0.0,0.0,nan,nan,nan,1,0,0,0
4338045355,4338045350,0.057392716,-0.008093675,0.13600926,0.89217544,-0.007908069,0.0012071982,-0.45161816,nan,nan,nan,nan,nan,nan,0.0,0.0,0.0,0.0,0.0,0.0,nan,nan,nan,1,0,0,0
4338055350,4338055345,0.05739463,-0.008108524,0.1360181,0.89217204,-0.007941294,0.0012821184,-0.45162418,nan,nan,nan,nan,nan,nan,0.0,0.0,0.0,0.0,0.0,0.0,nan,nan,nan,1,0,0,0
4338058486,4338058481,0.0573828,-0.008105694,0.13601112,0.89218193,-0.007927026,0.0013114315,-0.45160466,nan,nan,nan,nan,nan,nan,0.0,0.0,0.0,0.0,0.0,0.0,nan,nan,nan,1,0,0,0
4338073941,4338073910,0.057381943,-0.00810904,0.1360176,0.89217323,-0.007974676,0.0012589335,-0.4516213,nan,nan,nan,nan,nan,nan,0.0,0.0,0.0,0.0,0.0,0.0,nan,nan,nan,1,0,0,0
4338077566,4338077562,0.057389148,-0.008115024,0.13601582,0.8921764,-0.007890129,0.0013232022,-0.45161632,nan,nan,nan,nan,nan,nan,0.0,0.0,0.0,0.0,0.0,0.0,nan,nan,nan,1,0,0,0
4338083490,4338083485,0.057386104,-0.008111339,0.13602066,0.8921592,-0.007960886,0.0012938736,-0.4516491,nan,nan,nan,nan,nan,nan,0.0,0.0,0.0,0.0,0.0,0.0,nan,nan,nan,1,0,0,0
4338091486,4338091481,0.057384547,-0.008106017,0.13601746,0.8921692,-0.007879917,0.0012767144,-0.4516309,nan,nan,nan,nan,nan,nan,0.0,0.0,0.0,0.0,0.0,0.0,nan,nan,nan,1,0,0,0
4338100602,4338100598,0.057378605,-0.008104077,0.1360151,0.89217746,-0.007941293,0.0013668924,-0.4516132,nan,nan,nan,nan,nan,nan,0.0,0.0,0.0,0.0,0.0,0.0,nan,nan,nan,1,0,0,0
4338110599,4338110594,0.05739251,-0.008113479,0.13601272,0.89218575,-0.007908643,0.0013461424,-0.45159745,nan,nan,nan,nan,nan,nan,0.0,0.0,0.0,0.0,0.0,0.0,nan,nan,nan,1,0,0,0
4338118566,4338118562,0.057398923,-0.0081160115,0.13601203,0.892179,-0.007886985,0.0012880493,-0.4516113,nan,nan,nan,nan,nan,nan,0.0,0.0,0.0,0.0,0.0,0.0,nan,nan,nan,1,0,0,0
4338127496,4338127491,0.057411898,-0.008108414,0.13601981,0.8921667,-0.007908213,0.0011982191,-0.45163548,nan,nan,nan,nan,nan,nan,0.0,0.0,0.0,0.0,0.0,0.0,nan,nan,nan,1,0,0,0
4338133555,4338133550,0.05742277,-0.008114739,0.13601476,0.8921817,-0.007905187,0.0012412266,-0.45160586,nan,nan,nan,nan,nan,nan,0.0,0.0,0.0,0.0,0.0,0.0,nan,nan,nan,1,0,0,0
4338144003,4338143998,0.05740245,-0.008143492,0.13601118,0.8921893,-0.00797061,0.0012659203,-0.45158955,nan,nan,nan,nan,nan,nan,0.0,0.0,0.0,0.0,0.0,0.0,nan,nan,nan,1,0,0,0
4338150609,4338150604,0.057388183,-0.008114158,0.13601899,0.89217657,-0.007909335,0.0012706036,-0.4516158,nan,nan,nan,nan,nan,nan,0.0,0.0,0.0,0.0,0.0,0.0,nan,nan,nan,1,0,0,0
4338158491,4338158486,0.05740665,-0.008101253,0.136025,0.89218587,-0.007865835,0.0011844872,-0.45159832,nan,nan,nan,nan,nan,nan,0.0,0.0,0.0,0.0,0.0,0.0,nan,nan,nan,1,0,0,0
4338171480,4338171475,0.05740634,-0.008109676,0.13601187,0.8921786,-0.007967039,0.0012258423,-0.45161086,nan,nan,nan,nan,nan,nan,0.0,0.0,0.0,0.0,0.0,0.0,nan,nan,nan,1,0,0,0
4338175078,4338175073,0.057381578,-0.008111582,0.13601819,0.8921848,-0.007928166,0.0012849732,-0.45159912,nan,nan,nan,nan,nan,nan,0.0,0.0,0.0,0.0,0.0,0.0,nan,nan,nan,1,0,0,0
4338184569,4338184565,0.057368986,-0.008099143,0.13600965,0.8921873,-0.007880986,0.001257355,-0.45159513,nan,nan,nan,nan,nan,nan,0.0,0.0,0.0,0.0,0.0,0.0,nan,nan,nan,1,0,0,0
4338191483,4338191478,0.0573766,-0.00811104,0.13601385,0.8921678,-0.007934601,0.0013245104,-0.45163265,nan,nan,nan,nan,nan,nan,0.0,0.0,0.0,0.0,0.0,0.0,nan,nan,nan,1,0,0,0
4338207566,4338207561,0.057398032,-0.008105829,0.13601826,0.892167,-0.007885031,0.0012827095,-0.45163518,nan,nan,nan,nan,nan,nan,0.0,0.0,0.0,0.0,0.0,0.0,nan,nan,nan,1,0,0,0
4338209514,4338209509,0.057398275,-0.008103812,0.13602641,0.89216894,-0.007894699,0.0012340681,-0.45163113,nan,nan,nan,nan,nan,nan,0.0,0.0,0.0,0.0,0.0,0.0,nan,nan,nan,1,0,0,0
4338216487,4338216482,0.05739127,-0.008129946,0.13601921,0.8921626,-0.007979195,0.0013743467,-0.4516418,nan,nan,nan,nan,nan,nan,0.0,0.0,0.0,0.0,0.0,0.0,nan,nan,nan,1,0,0,0
4338225584,4338225580,0.057404418,-0.008120069,0.13600881,0.8921641,-0.007899157,0.0013317273,-0.4516404,nan,nan,nan,nan,nan,nan,0.0,0.0,0.0,0.0,0.0,0.0,nan,nan,nan,1,0,0,0
4338233481,4338233477,0.05740625,-0.008125603,0.13601044,0.89219326,-0.007841509,0.0012863753,-0.4515839,nan,nan,nan,nan,nan,nan,0.0,0.0,0.0,0.0,0.0,0.0,nan,nan,nan,1,0,0,0
4338244520,4338244515,0.05740697,-0.008111961,0.13601802,0.8921774,-0.007890118,0.0012652354,-0.4516144,nan,nan,nan,nan,nan,nan,0.0,0.0,0.0,0.0,0.0,0.0,nan,nan,nan,1,0,0,0
4338255735,4338255730,0.05740668,-0.008100685,0.1360287,0.89218056,-0.0078694895,0.0013258375,-0.45160854,nan,nan,nan,nan,nan,nan,0.0,0.0,0.0,0.0,0.0,0.0,nan,nan,nan,1,0,0,0
4338261016,4338261012,0.057393994,-0.008118884,0.13601255,0.8921901,-0.007938528,0.0012227205,-0.4515886,nan,nan,nan,nan,nan,nan,0.0,0.0,0.0,0.0,0.0,0.0,nan,nan,nan,1,0,0,0
4338266960,4338266955,0.057366975,-0.008132954,0.13601555,0.8921717,-0.008057998,0.0013157357,-0.45162278,nan,nan,nan,nan,nan,nan,0.0,0.0,0.0,0.0,0.0,0.0,nan,nan,nan,1,0,0,0
4338275490,4338275485,0.057372086,-0.008099035,0.13602078,0.89218545,-0.007894187,0.0013289085,-0.45159832,nan,nan,nan,nan,nan,nan,0.0,0.0,0.0,0.0,0.0,0.0,nan,nan,nan,1,0,0,0
4338283512,4338283508,0.05740116,-0.008099042,0.1360243,0.89217925,-0.007880561,0.0011643654,-0.45161128,nan,nan,nan,nan,nan,nan,0.0,0.0,0.0,0.0,0.0,0.0,nan,nan,nan,1,0,0,0
4338293059,4338293054,0.057406355,-0.0081008505,0.13601491,0.8921754,-0.007923547,0.0012344008,-0.451618,nan,nan,nan,nan,nan,nan,0.0,0.0,0.0,0.0,0.0,0.0,nan,nan,nan,1,0,0,0
4338300549,4338300545,0.057380863,-0.008098964,0.13601625,0.8921849,-0.007954181,0.0012701225,-0.45159844,nan,nan,nan,nan,nan,nan,0.0,0.0,0.0,0.0,0.0,0.0,nan,nan,nan,1,0,0,0
4338308487,4338308483,0.057374947,-0.008104412,0.13601696,0.892162,-0.007878691,0.0012605601,-0.45164502,nan,nan,nan,nan,nan,nan,0.0,0.0,0.0,0.0,0.0,0.0,nan,nan,nan,1,0,0,0
4338317517,4338317512,0.057401035,-0.008125004,0.13601321,0.8921952,-0.007889362,0.0012195427,-0.45157942,nan,nan,nan,nan,nan,nan,0.0,0.0,0.0,0.0,0.0,0.0,nan,nan,nan,1,0,0,0
4338325482,4338325478,0.057413943,-0.008122947,0.13601482,0.89217114,-0.007964589,0.0012921048,-0.45162544,nan,nan,nan,nan,nan,nan,0.0,0.0,0.0,0.0,0.0,0.0,nan,nan,nan,1,0,0,0
4338340476,4338340471,0.057405006,-0.0081201,0.13602063,0.89217556,-0.007912631,0.0012226781,-0.4516178,nan,nan,nan,nan,nan,nan,0.0,0.0,0.0,0.0,0.0,0.0,nan,nan,nan,1,0,0,0
4338344527,4338344522,0.05739776,-0.00812496,0.13600847,0.89217776,-0.00789684,0.0013203202,-0.45161343,nan,nan,nan,nan,nan,nan,0.0,0.0,0.0,0.0,0.0,0.0,nan,nan,nan,1,0,0,0
4338350489,4338350485,0.05739879,-0.00811841,0.1360093,0.8921737,-0.007939492,0.0013074173,-0.45162082,nan,nan,nan,nan,nan,nan,0.0,0.0,0.0,0.0,0.0,0.0,nan,nan,nan,1,0,0,0
4338359481,4338359477,0.0573957,-0.008093357,0.1360042,0.8921635,-0.007847496,0.0012498281,-0.45164263,nan,nan,nan,nan,nan,nan,0.0,0.0,0.0,0.0,0.0,0.0,nan,nan,nan,1,0,0,0
4338377475,4338377470,0.057395324,-0.008105753,0.13601439,0.89219433,-0.007881864,0.001291904,-0.45158094,nan,nan,nan,nan,nan,nan,0.0,0.0,0.0,0.0,0.0,0.0,nan,nan,nan,1,0,0,0
4338385480,4338385475,0.05737318,-0.008121475,0.13601196,0.89218324,-0.007920062,0.0012944395,-0.45160237,nan,nan,nan,nan,nan,nan,0.0,0.0,0.0,0.0,0.0,0.0,nan,nan,nan,1,0,0,0
4338392833,4338392828,0.057364076,-0.00810688,0.13600788,0.8921854,-0.007869394,0.0012677226,-0.4515991,nan,nan,nan,nan,nan,nan,0.0,0.0,0.0,0.0,0.0,0.0,nan,nan,nan,1,0,0,0
4338403476,4338403470,0.057385925,-0.008105266,0.13603163,0.8921778,-0.00789635,0.0012647389,-0.4516135,nan,nan,nan,nan,nan,nan,0.0,0.0,0.0,0.0,0.0,0.0,nan,nan,nan,1,0,0,0
4338408490,4338408485,0.057414044,-0.008110353,0.1360196,0.89218074,-0.007900822,0.0012544515,-0.45160767,nan,nan,nan,nan,nan,nan,0.0,0.0,0.0,0.0,0.0,0.0,nan,nan,nan,1,0,0,0
4338416871,4338416867,0.057428002,-0.008133046,0.13602321,0.89218867,-0.007888527,0.0013084421,-0.45159212,nan,nan,nan,nan,nan,nan,0.0,0.0,0.0,0.0,0.0,0.0,nan,nan,nan,1,0,0,0
4338424483,4338424479,0.05739712,-0.008126771,0.136016,0.8921661,-0.007969167,0.0012949742,-0.45163533,nan,nan,nan,nan,nan,nan,0.0,0.0,0.0,0.0,0.0,0.0,nan,nan,nan,1,0,0,0
4338437614,4338437469,0.05738824,-0.008116846,0.13601492,0.89219356,-0.007938135,0.0012044571,-0.45158184,nan,nan,nan,nan,nan,nan,0.0,0.0,0.0,0.0,0.0,0.0,nan,nan,nan,1,0,0,0
4338443127,4338443122,0.057388082,-0.008121616,0.13601533,0.8921893,-0.007939166,0.0012402746,-0.45159015,nan,nan,nan,nan,nan,nan,0.0,0.0,0.0,0.0,0.0,0.0,nan,nan,nan,1,0,0,0
4338450477,4338450472,0.0573911,-0.008105027,0.13601823,0.892179,-0.0078923525,0.0012716922,-0.45161116,nan,nan,nan,nan,nan,nan,0.0,0.0,0.0,0.0,0.0,0.0,nan,nan,nan,1,0,0,0
4338459484,4338459479,0.05739103,-0.008107512,0.13601673,0.8921739,-0.007939909,0.0011934715,-0.45162085,nan,nan,nan,nan,nan,nan,0.0,0.0,0.0,0.0,0.0,0.0,nan,nan,nan,1,0,0,0
4338468507,4338468502,0.057392143,-0.0081262905,0.1360117,0.89217657,-0.007951224,0.0013062472,-0.451615,nan,nan,nan,nan,nan,nan,0.0,0.0,0.0,0.0,0.0,0.0,nan,nan,nan,1,0,0,0
4338475481,4338475477,0.05739639,-0.008112001,0.13601558,0.8921974,-0.00789779,0.0011407882,-0.45157528,nan,nan,nan,nan,nan,nan,0.0,0.0,0.0,0.0,0.0,0.0,nan,nan,nan,1,0,0,0
4338482612,4338482607,0.057412077,-0.008094415,0.1360125,0.89217633,-0.0078977095,0.0012011672,-0.4516167,nan,nan,nan,nan,nan,nan,0.0,0.0,0.0,0.0,0.0,0.0,nan,nan,nan,1,0,0,0
4338492941,4338492937,0.0574193,-0.008113858,0.13601643,0.8921833,-0.007892211,0.0012213909,-0.45160288,nan,nan,nan,nan,nan,nan,0.0,0.0,0.0,0.0,0.0,0.0,nan,nan,nan,1,0,0,0
4338499504,4338499471,0.05741498,-0.008122463,0.13601246,0.8921813,-0.00788032,0.001196666,-0.45160717,nan,nan,nan,nan,nan,nan,0.0,0.0,0.0,0.0,0.0,0.0,nan,nan,nan,1,0,0,0
4338508521,4338508517,0.057380088,-0.0081288945,0.13600647,0.8921764,-0.007919951,0.0013140993,-0.45161596,nan,nan,nan,nan,nan,nan,0.0,0.0,0.0,0.0,0.0,0.0,nan,nan,nan,1,0,0,0
4338517000,4338516996,0.057369523,-0.008100665,0.13600715,0.89218014,-0.007832677,0.0012209095,-0.45161018,nan,nan,nan,nan,nan,nan,0.0,0.0,0.0,0.0,0.0,0.0,nan,nan,nan,1,0,0,0
4338525485,4338525480,0.057380043,-0.008110819,0.1360159,0.89217925,-0.007967481,0.001366187,-0.45160916,nan,nan,nan,nan,nan,nan,0.0,0.0,0.0,0.0,0.0,0.0,nan,nan,nan,1,0,0,0
4338533495,4338533490,0.05739044,-0.008106456,0.13600926,0.89218557,-0.007849566,0.0012225647,-0.45159912,nan,nan,nan,nan,nan,nan,0.0,0.0,0.0,0.0,0.0,0.0,nan,nan,nan,1,0,0,0
4338542704,4338542700,0.057386145,-0.008103343,0.13601169,0.89218026,-0.007913866,0.0011984012,-0.45160848,nan,nan,nan,nan,nan,nan,0.0,0.0,0.0,0.0,0.0,0.0,nan,nan,nan,1,0,0,0
4338553204,4338553200,0.05737571,-0.008119427,0.13602088,0.8921806,-0.007902339,0.0012475563,-0.4516079,nan,nan,nan,nan,nan,nan,0.0,0.0,0.0,0.0,0.0,0.0,nan,nan,nan,1,0,0,0
4338558482,4338558477,0.05739185,-0.008122285,0.13601844,0.89217216,-0.007949179,0.0013130864,-0.4516237,nan,nan,nan,nan,nan,nan,0.0,0.0,0.0,0.0,0.0,0.0,nan,nan,nan,1,0,0,0
4338567094,4338567089,0.05739631,-0.008108505,0.13602223,0.8921975,-0.007897184,0.001194343,-0.45157492,nan,nan,nan,nan,nan,nan,0.0,0.0,0.0,0.0,0.0,0.0,nan,nan,nan,1,0,0,0
4338575564,4338575560,0.057400823,-0.008107582,0.13601877,0.8921727,-0.007899325,0.0012094085,-0.4516238,nan,nan,nan,nan,nan,nan,0.0,0.0,0.0,0.0,0.0,0.0,nan,nan,nan,1,0,0,0
4338582956,4338582951,0.057393536,-0.008122041,0.13601878,0.89218223,-0.007893481,0.001293523,-0.45160475,nan,nan,nan,nan,nan,nan,0.0,0.0,0.0,0.0,0.0,0.0,nan,nan,nan,1,0,0,0
4338593391,4338593386,0.057386734,-0.00809774,0.1360072,0.89218193,-0.007905059,0.0012057581,-0.4516054,nan,nan,nan,nan,nan,nan,0.0,0.0,0.0,0.0,0.0,0.0,nan,nan,nan,1,0,0,0
4338599473,4338599467,0.057381082,-0.008103976,0.13601673,0.8921699,-0.007862868,0.0012268226,-0.45162976,nan,nan,nan,nan,nan,nan,0.0,0.0,0.0,0.0,0.0,0.0,nan,nan,nan,1,0,0,0
4338608491,4338608486,0.05738907,-0.00808864,0.13600446,0.892187,-0.007881115,0.0012028421,-0.45159587,nan,nan,nan,nan,nan,nan,0.0,0.0,0.0,0.0,0.0,0.0,nan,nan,nan,1,0,0,0
4338616782,4338616777,0.057395615,-0.0081020845,0.1360136,0.8921813,-0.007876592,0.0012123032,-0.4516073,nan,nan,nan,nan,nan,nan,0.0,0.0,0.0,0.0,0.0,0.0,nan,nan,nan,1,0,0,0
4338625527,4338625522,0.05739055,-0.008109868,0.13600793,0.8921833,-0.007941049,0.0013563785,-0.45160165,nan,nan,nan,nan,nan,nan,0.0,0.0,0.0,0.0,0.0,0.0,nan,nan,nan,1,0,0,0
4338633961,4338633957,0.057367668,-0.008121808,0.13601147,0.89215803,-0.00786585,0.0013819785,-0.4516527,nan,nan,nan,nan,nan,nan,0.0,0.0,0.0,0.0,0.0,0.0,nan,nan,nan,1,0,0,0
4338642912,4338642908,0.057380665,-0.008104191,0.13601466,0.8921759,-0.00793029,0.0012892361,-0.45161656,nan,nan,nan,nan,nan,nan,0.0,0.0,0.0,0.0,0.0,0.0,nan,nan,nan,1,0,0,0
4338650486,4338650481,0.05739923,-0.008105895,0.1360152,0.8921838,-0.007900895,0.0011681059,-0.45160183,nan,nan,nan,nan,nan,nan,0.0,0.0,0.0,0.0,0.0,0.0,nan,nan,nan,1,0,0,0
4338658480,4338658476,0.05739584,-0.008100608,0.13601536,0.8921663,-0.007813526,0.0012614614,-0.45163777,nan,nan,nan,nan,nan,nan,0.0,0.0,0.0,0.0,0.0,0.0,nan,nan,nan,1,0,0,0
4338667490,4338667485,0.057377744,-0.008101958,0.1360189,0.8921879,-0.007883368,0.0012314734,-0.45159397,nan,nan,nan,nan,nan,nan,0.0,0.0,0.0,0.0,0.0,0.0,nan,nan,nan,1,0,0,0
4338675254,4338675249,0.057372693,-0.0081142625,0.13601941,0.8921882,-0.007861817,0.0013372332,-0.45159328,nan,nan,nan,nan,nan,nan,0.0,0.0,0.0,0.0,0.0,0.0,nan,nan,nan,1,0,0,0
4338683986,4338683981,0.057396684,-0.0081167715,0.13600956,0.8921811,-0.007877886,0.0012600805,-0.45160732,nan,nan,nan,nan,nan,nan,0.0,0.0,0.0,0.0,0.0,0.0,nan,nan,nan,1,0,0,0
4338692790,4338692786,0.057406224,-0.0081212185,0.13602898,0.8921929,-0.007870392,0.001260963,-0.45158437,nan,nan,nan,nan,nan,nan,0.0,0.0,0.0,0.0,0.0,0.0,nan,nan,nan,1,0,0,0
4338699509,4338699504,0.057404827,-0.008101086,0.13601694,0.8921625,-0.007922263,0.0012879036,-0.45164323,nan,nan,nan,nan,nan,nan,0.0,0.0,0.0,0.0,0.0,0.0,nan,nan,nan,1,0,0,0
4338708559,4338708554,0.05740376,-0.008127354,0.13602382,0.8921847,-0.007942123,0.0011822511,-0.45159936,nan,nan,nan,nan,nan,nan,0.0,0.0,0.0,0.0,0.0,0.0,nan,nan,nan,1,0,0,0
4338717488,4338717483,0.057379376,-0.00830827,0.13613468,0.8916468,-0.008175199,0.0055427263,-0.45262396,nan,nan,nan,nan,nan,nan,0.0,0.0,0.0,0.0,0.0,0.0,nan,nan,nan,1,0,0,0
4338724502,4338724497,0.05738274,-0.008115353,0.13601612,0.89218086,-0.007944459,0.001279796,-0.4516066,nan,nan,nan,nan,nan,nan,0.0,0.0,0.0,0.0,0.0,0.0,nan,nan,nan,1,0,0,0
4338734489,4338734484,0.057394523,-0.008105576,0.13601252,0.89217174,-0.007952911,0.0013071664,-0.4516244,nan,nan,nan,nan,nan,nan,0.0,0.0,0.0,0.0,0.0,0.0,nan,nan,nan,1,0,0,0
4338745723,4338745718,0.05738973,-0.008098824,0.1360188,0.89217126,-0.007938172,0.0011821715,-0.45162582,nan,nan,nan,nan,nan,nan,0.0,0.0,0.0,0.0,0.0,0.0,nan,nan,nan,1,0,0,0
4338750491,4338750486,0.057363376,-0.008095256,0.13601089,0.8921705,-0.007916852,0.0013259788,-0.4516273,nan,nan,nan,nan,nan,nan,0.0,0.0,0.0,0.0,0.0,0.0,nan,nan,nan,1,0,0,0
4338757480,4338757476,0.057353664,-0.00810394,0.13600916,0.8921681,-0.007871217,0.0013634706,-0.4516329,nan,nan,nan,nan,nan,nan,0.0,0.0,0.0,0.0,0.0,0.0,nan,nan,nan,1,0,0,0
4338766516,4338766511,0.057390854,-0.008093374,0.13602366,0.8921788,-0.007831366,0.0012522223,-0.4516127,nan,nan,nan,nan,nan,nan,0.0,0.0,0.0,0.0,0.0,0.0,nan,nan,nan,1,0,0,0
4338774753,4338774748,0.057415165,-0.008100982,0.13601138,0.892185,-0.007975036,0.001170134,-0.45159835,nan,nan,nan,nan,nan,nan,0.0,0.0,0.0,0.0,0.0,0.0,nan,nan,nan,1,0,0,0
4338783834,4338783829,0.057405423,-0.008119136,0.1360211,0.89218074,-0.008003048,0.0011898989,-0.45160607,nan,nan,nan,nan,nan,nan,0.0,0.0,0.0,0.0,0.0,0.0,nan,nan,nan,1,0,0,0
4338792606,4338792602,0.057393793,-0.008084931,0.13601516,0.89218116,-0.007903457,0.0013341114,-0.45160678,nan,nan,nan,nan,nan,nan,0.0,0.0,0.0,0.0,0.0,0.0,nan,nan,nan,1,0,0,0
4338800477,4338800472,0.057396613,-0.008109381,0.13602528,0.89217,-0.008019858,0.001288494,-0.4516268,nan,nan,nan,nan,nan,nan,0.0,0.0,0.0,0.0,0.0,0.0,nan,nan,nan,1,0,0,0
4338808521,4338808517,0.05740574,-0.008116449,0.13600928,0.892182,-0.007823604,0.0013069753,-0.4516064,nan,nan,nan,nan,nan,nan,0.0,0.0,0.0,0.0,0.0,0.0,nan,nan,nan,1,0,0,0
4338816696,4338816690,0.05739926,-0.008101321,0.1360201,0.8921726,-0.007899851,0.0011812098,-0.45162404,nan,nan,nan,nan,nan,nan,0.0,0.0,0.0,0.0,0.0,0.0,nan,nan,nan,1,0,0,0
4338824637,4338824632,0.057384923,-0.00809481,0.13601762,0.8921791,-0.007843993,0.0011632311,-0.45161214,nan,nan,nan,nan,nan,nan,0.0,0.0,0.0,0.0,0.0,0.0,nan,nan,nan,1,0,0,0
4338833480,4338833476,0.057388656,-0.008124502,0.13601273,0.8921845,-0.007970009,0.0012879058,-0.45159903,nan,nan,nan,nan,nan,nan,0.0,0.0,0.0,0.0,0.0,0.0,nan,nan,nan,1,0,0,0
4338844857,4338844852,0.057400983,-0.008098072,0.13601361,0.89216864,-0.007926152,0.0011843181,-0.4516315,nan,nan,nan,nan,nan,nan,0.0,0.0,0.0,0.0,0.0,0.0,nan,nan,nan,1,0,0,0
4338850479,4338850474,0.057393365,-0.008100339,0.13602425,0.8921831,-0.007940515,0.0012402316,-0.45160237,nan,nan,nan,nan,nan,nan,0.0,0.0,0.0,0.0,0.0,0.0,nan,nan,nan,1,0,0,0
4338857705,4338857700,0.05739925,-0.008103671,0.13602087,0.892178,-0.007930184,0.0012550373,-0.45161265,nan,nan,nan,nan,nan,nan,0.0,0.0,0.0,0.0,0.0,0.0,nan,nan,nan,1,0,0,0
4338866471,4338866467,0.05738764,-0.008088725,0.1360208,0.89217824,-0.00793674,0.0012321518,-0.45161214,nan,nan,nan,nan,nan,nan,0.0,0.0,0.0,0.0,0.0,0.0,nan,nan,nan,1,0,0,0
4338874601,4338874596,0.057365686,-0.008099221,0.13601854,0.8921914,-0.00791812,0.0013431775,-0.451586,nan,nan,nan,nan,nan,nan,0.0,0.0,0.0,0.0,0.0,0.0,nan,nan,nan,1,0,0,0
4338883485,4338883480,0.057377934,-0.008101849,0.13600643,0.8921773,-0.007897165,0.0012581494,-0.45161465,nan,nan,nan,nan,nan,nan,0.0,0.0,0.0,0.0,0.0,0.0,nan,nan,nan,1,0,0,0
4338892309,4338892305,0.057401527,-0.008101789,0.13601777,0.89218664,-0.007891163,0.0012177944,-0.45159644,nan,nan,nan,nan,nan,nan,0.0,0.0,0.0,0.0,0.0,0.0,nan,nan,nan,1,0,0,0
4338899861,4338899857,0.05741361,-0.008095724,0.13601445,0.89219373,-0.007957486,0.0010598203,-0.45158142,nan,nan,nan,nan,nan,nan,0.0,0.0,0.0,0.0,0.0,0.0,nan,nan,nan,1,0,0,0
4338908003,4338907998,0.057394937,-0.008110192,0.13601606,0.8921878,-0.00787515,0.0012833118,-0.45159423,nan,nan,nan,nan,nan,nan,0.0,0.0,0.0,0.0,0.0,0.0,nan,nan,nan,1,0,0,0
4338917525,4338917520,0.05738666,-0.008095784,0.13601893,0.89218473,-0.007903576,0.0012739048,-0.45159966,nan,nan,nan,nan,nan,nan,0.0,0.0,0.0,0.0,0.0,0.0,nan,nan,nan,1,0,0,0
4338924571,4338924566,0.05739218,-0.008124128,0.13602138,0.8921871,-0.007906453,0.0012908028,-0.45159495,nan,nan,nan,nan,nan,nan,0.0,0.0,0.0,0.0,0.0,0.0,nan,nan,nan,1,0,0,0
4338933476,4338933472,0.05740077,-0.00811181,0.13600257,0.8921813,-0.007925765,0.0012673868,-0.4516062,nan,nan,nan,nan,nan,nan,0.0,0.0,0.0,0.0,0.0,0.0,nan,nan,nan,1,0,0,0
4338942251,4338942246,0.057386108,-0.008095464,0.13601857,0.8921884,-0.007883843,0.001205725,-0.45159298,nan,nan,nan,nan,nan,nan,0.0,0.0,0.0,0.0,0.0,0.0,nan,nan,nan,1,0,0,0
4338950485,4338950480,0.057376124,-0.008085277,0.13602072,0.89217955,-0.0078929765,0.0012111324,-0.45161033,nan,nan,nan,nan,nan,nan,0.0,0.0,0.0,0.0,0.0,0.0,nan,nan,nan,1,0,0,0
4338970476,4338970471,0.057383526,-0.008110703,0.1360127,0.89218897,-0.007954146,0.001245591,-0.4515906,nan,nan,nan,nan,nan,nan,0.0,0.0,0.0,0.0,0.0,0.0,nan,nan,nan,1,0,0,0
4338975484,4338975479,0.05740523,-0.008095737,0.13600715,0.89219123,-0.007884286,0.0011768554,-0.45158753,nan,nan,nan,nan,nan,nan,0.0,0.0,0.0,0.0,0.0,0.0,nan,nan,nan,1,0,0,0
4338984503,4338984499,0.057421383,-0.008125901,0.13601458,0.8921694,-0.007952799,0.0013642254,-0.45162892,nan,nan,nan,nan,nan,nan,0.0,0.0,0.0,0.0,0.0,0.0,nan,nan,nan,1,0,0,0
4338992695,4338992690,0.057424344,-0.008133258,0.13602492,0.89220047,-0.007850351,0.0013715987,-0.45156914,nan,nan,nan,nan,nan,nan,0.0,0.0,0.0,0.0,0.0,0.0,nan,nan,nan,1,0,0,0
4339002447,4339002437,0.05739478,-0.008111977,0.13601544,0.89217776,-0.00793012,0.0012512425,-0.45161307,nan,nan,nan,nan,nan,nan,0.0,0.0,0.0,0.0,0.0,0.0,nan,nan,nan,1,0,0,0
4339008482,4339008477,0.057397723,-0.008111134,0.13602124,0.89218223,-0.0079432065,0.0013329885,-0.4516039,nan,nan,nan,nan,nan,nan,0.0,0.0,0.0,0.0,0.0,0.0,nan,nan,nan,1,0,0,0
4339016543,4339016539,0.05740851,-0.008108122,0.1360123,0.8921759,-0.0078884335,0.0012817031,-0.4516174,nan,nan,nan,nan,nan,nan,0.0,0.0,0.0,0.0,0.0,0.0,nan,nan,nan,1,0,0,0
4339025485,4339025477,0.0574031,-0.008104204,0.13601148,0.89218473,-0.00783257,0.0012493368,-0.451601,nan,nan,nan,nan,nan,nan,0.0,0.0,0.0,0.0,0.0,0.0,nan,nan,nan,1,0,0,0
4339033476,4339033471,0.057388652,-0.008101155,0.13601667,0.8921825,-0.007873429,0.0012589955,-0.45160463,nan,nan,nan,nan,nan,nan,0.0,0.0,0.0,0.0,0.0,0.0,nan,nan,nan,1,0,0,0
4339041572,4339041567,0.05737795,-0.008110763,0.13601497,0.89217526,-0.007886708,0.0013547023,-0.45161858,nan,nan,nan,nan,nan,nan,0.0,0.0,0.0,0.0,0.0,0.0,nan,nan,nan,1,0,0,0
4339049499,4339049495,0.05739793,-0.008112284,0.13601278,0.89215404,-0.007982897,0.0013254735,-0.4516588,nan,nan,nan,nan,nan,nan,0.0,0.0,0.0,0.0,0.0,0.0,nan,nan,nan,1,0,0,0
4339058480,4339058476,0.057413846,-0.008113545,0.13600974,0.89217514,-0.007816111,0.0012898715,-0.4516201,nan,nan,nan,nan,nan,nan,0.0,0.0,0.0,0.0,0.0,0.0,nan,nan,nan,1,0,0,0
4339066475,4339066471,0.05741879,-0.008105286,0.13600883,0.89219165,-0.007790676,0.0011976802,-0.45158827,nan,nan,nan,nan,nan,nan,0.0,0.0,0.0,0.0,0.0,0.0,nan,nan,nan,1,0,0,0
4339075972,4339075968,0.057412192,-0.008100961,0.13600922,0.8921825,-0.007985551,0.001305355,-0.45160255,nan,nan,nan,nan,nan,nan,0.0,0.0,0.0,0.0,0.0,0.0,nan,nan,nan,1,0,0,0
4339082580,4339082576,0.057377126,-0.008316536,0.13613532,0.89169353,-0.00823359,0.005378186,-0.45253265,nan,nan,nan,nan,nan,nan,0.0,0.0,0.0,0.0,0.0,0.0,nan,nan,nan,1,0,0,0
4339092008,4339092004,0.0573806,-0.008102672,0.13600616,0.89217776,-0.007845376,0.0012664623,-0.45161456,nan,nan,nan,nan,nan,nan,0.0,0.0,0.0,0.0,0.0,0.0,nan,nan,nan,1,0,0,0
4339099477,4339099473,0.05739209,-0.008087026,0.13601415,0.892159,-0.00793078,0.001305086,-0.45165005,nan,nan,nan,nan,nan,nan,0.0,0.0,0.0,0.0,0.0,0.0,nan,nan,nan,1,0,0,0
4339108492,4339108488,0.057396818,-0.008105956,0.13602014,0.89215845,-0.007877041,0.0013012817,-0.451652,nan,nan,nan,nan,nan,nan,0.0,0.0,0.0,0.0,0.0,0.0,nan,nan,nan,1,0,0,0
4339116512,4339116508,0.057384558,-0.008104138,0.13601394,0.89216125,-0.007923735,0.0012977038,-0.45164573,nan,nan,nan,nan,nan,nan,0.0,0.0,0.0,0.0,0.0,0.0,nan,nan,nan,1,0,0,0
4339124593,4339124588,0.057375852,-0.0081081325,0.13601653,0.89216614,-0.0078122998,0.0013992856,-0.45163763,nan,nan,nan,nan,nan,nan,0.0,0.0,0.0,0.0,0.0,0.0,nan,nan,nan,1,0,0,0
4339133477,4339133473,0.05740106,-0.008099475,0.1360191,0.8921832,-0.008027033,0.0012914891,-0.45160067,nan,nan,nan,nan,nan,nan,0.0,0.0,0.0,0.0,0.0,0.0,nan,nan,nan,1,0,0,0
4339143502,4339143497,0.057428207,-0.008121011,0.13601917,0.89218336,-0.007891041,0.0012890568,-0.4516026,nan,nan,nan,nan,nan,nan,0.0,0.0,0.0,0.0,0.0,0.0,nan,nan,nan,1,0,0,0
4339153483,4339153478,0.05740663,-0.0081030065,0.13601188,0.8921894,-0.007920039,0.0011651812,-0.45159048,nan,nan,nan,nan,nan,nan,0.0,0.0,0.0,0.0,0.0,0.0,nan,nan,nan,1,0,0,0
4339158482,4339158477,0.057382885,-0.008099572,0.13601097,0.89219755,-0.007952868,0.0012394709,-0.45157355,nan,nan,nan,nan,nan,nan,0.0,0.0,0.0,0.0,0.0,0.0,nan,nan,nan,1,0,0,0
4339167476,4339167472,0.057377234,-0.008108261,0.13600256,0.89217675,-0.008041385,0.001355889,-0.45161277,nan,nan,nan,nan,nan,nan,0.0,0.0,0.0,0.0,0.0,0.0,nan,nan,nan,1,0,0,0
4339174485,4339174480,0.057389095,-0.008123849,0.1360122,0.89216167,-0.007901144,0.0013433113,-0.45164514,nan,nan,nan,nan,nan,nan,0.0,0.0,0.0,0.0,0.0,0.0,nan,nan,nan,1,0,0,0
4339184476,4339184471,0.0573984,-0.008094912,0.13600864,0.8921704,-0.007919347,0.0012258667,-0.45162785,nan,nan,nan,nan,nan,nan,0.0,0.0,0.0,0.0,0.0,0.0,nan,nan,nan,1,0,0,0
4339192612,4339192578,0.057391293,-0.00810934,0.13602124,0.8921649,-0.007941386,0.0013317936,-0.4516381,nan,nan,nan,nan,nan,nan,0.0,0.0,0.0,0.0,0.0,0.0,nan,nan,nan,1,0,0,0
4339202384,4339202379,0.057388224,-0.00811075,0.13600431,0.89217556,-0.007993574,0.0012234461,-0.45161647,nan,nan,nan,nan,nan,nan,0.0,0.0,0.0,0.0,0.0,0.0,nan,nan,nan,1,0,0,0
4339208490,4339208486,0.057388537,-0.008114298,0.13601732,0.89217937,-0.007870456,0.0013768869,-0.45161065,nan,nan,nan,nan,nan,nan,0.0,0.0,0.0,0.0,0.0,0.0,nan,nan,nan,1,0,0,0
4339216677,4339216670,0.057398356,-0.008112739,0.13601324,0.89218175,-0.007970499,0.0011770757,-0.45160466,nan,nan,nan,nan,nan,nan,0.0,0.0,0.0,0.0,0.0,0.0,nan,nan,nan,1,0,0,0
4339225780,4339225776,0.057398997,-0.008117364,0.13600124,0.89217955,-0.007978479,0.0012413488,-0.45160878,nan,nan,nan,nan,nan,nan,0.0,0.0,0.0,0.0,0.0,0.0,nan,nan,nan,1,0,0,0
4339234476,4339234471,0.05738868,-0.008108647,0.13601817,0.892179,-0.007995074,0.0012681565,-0.4516095,nan,nan,nan,nan,nan,nan,0.0,0.0,0.0,0.0,0.0,0.0,nan,nan,nan,1,0,0,0
4339242570,4339242508,0.057388708,-0.008109657,0.13601427,0.89217937,-0.00793044,0.0012378719,-0.45160997,nan,nan,nan,nan,nan,nan,0.0,0.0,0.0,0.0,0.0,0.0,nan,nan,nan,1,0,0,0
4339257964,4339257960,0.057400964,-0.008124396,0.13601701,0.8921766,-0.007859142,0.0013240388,-0.4516163,nan,nan,nan,nan,nan,nan,0.0,0.0,0.0,0.0,0.0,0.0,nan,nan,nan,1,0,0,0
4339262210,4339262205,0.057429884,-0.0081132455,0.13602857,0.8921903,-0.00790421,0.0012457542,-0.45158887,nan,nan,nan,nan,nan,nan,0.0,0.0,0.0,0.0,0.0,0.0,nan,nan,nan,1,0,0,0
4339266774,4339266770,0.057399385,-0.008322207,0.13614388,0.8916722,-0.008163666,0.005426124,-0.45257556,nan,nan,nan,nan,nan,nan,0.0,0.0,0.0,0.0,0.0,0.0,nan,nan,nan,1,0,0,0
4339274490,4339274485,0.05739746,-0.008111332,0.13601975,0.892173,-0.007900702,0.0011853256,-0.45162308,nan,nan,nan,nan,nan,nan,0.0,0.0,0.0,0.0,0.0,0.0,nan,nan,nan,1,0,0,0
4339283484,4339283480,0.057395805,-0.0081046,0.13601682,0.89218014,-0.007947118,0.0012686714,-0.45160794,nan,nan,nan,nan,nan,nan,0.0,0.0,0.0,0.0,0.0,0.0,nan,nan,nan,1,0,0,0
4339292988,4339292984,0.057388727,-0.008110758,0.1360059,0.8921615,-0.007977671,0.0013618871,-0.45164394,nan,nan,nan,nan,nan,nan,0.0,0.0,0.0,0.0,0.0,0.0,nan,nan,nan,1,0,0,0
4339301172,4339301167,0.05738084,-0.0081087155,0.13601485,0.8921728,-0.0078969365,0.0012651568,-0.4516233,nan,nan,nan,nan,nan,nan,0.0,0.0,0.0,0.0,0.0,0.0,nan,nan,nan,1,0,0,0
4339307513,4339307508,0.057389528,-0.0080851475,0.13601565,0.8921922,-0.007915388,0.0011877923,-0.45158505,nan,nan,nan,nan,nan,nan,0.0,0.0,0.0,0.0,0.0,0.0,nan,nan,nan,1,0,0,0
4339316548,4339316542,0.057392906,-0.008086737,0.1360047,0.8921758,-0.007958462,0.0011819589,-0.4516167,nan,nan,nan,nan,nan,nan,0.0,0.0,0.0,0.0,0.0,0.0,nan,nan,nan,1,0,0,0
4339324482,4339324478,0.057390653,-0.008103733,0.13600574,0.8921883,-0.0079127755,0.001261368,-0.4515926,nan,nan,nan,nan,nan,nan,0.0,0.0,0.0,0.0,0.0,0.0,nan,nan,nan,1,0,0,0
4339333473,4339333468,0.057399996,-0.008093628,0.13601592,0.8921817,-0.007890882,0.0012362112,-0.45160607,nan,nan,nan,nan,nan,nan,0.0,0.0,0.0,0.0,0.0,0.0,nan,nan,nan,1,0,0,0
4339341026,4339341021,0.057406716,-0.008098605,0.13601634,0.8921723,-0.007935172,0.0012070527,-0.4516239,nan,nan,nan,nan,nan,nan,0.0,0.0,0.0,0.0,0.0,0.0,nan,nan,nan,1,0,0,0
4339352075,4339352071,0.057404198,-0.00810925,0.13600422,0.8921926,-0.00782807,0.0012024236,-0.45158574,nan,nan,nan,nan,nan,nan,0.0,0.0,0.0,0.0,0.0,0.0,nan,nan,nan,1,0,0,0
4339358482,4339358477,0.057390384,-0.008098338,0.13602377,0.8921684,-0.007931608,0.001269643,-0.4516315,nan,nan,nan,nan,nan,nan,0.0,0.0,0.0,0.0,0.0,0.0,nan,nan,nan,1,0,0,0
4339366662,4339366658,0.05737797,-0.008101455,0.1360241,0.89218587,-0.007906607,0.0012796565,-0.45159745,nan,nan,nan,nan,nan,nan,0.0,0.0,0.0,0.0,0.0,0.0,nan,nan,nan,1,0,0,0
4339375907,4339375903,0.05739306,-0.008103534,0.13601558,0.89217097,-0.007860336,0.0013316129,-0.45162758,nan,nan,nan,nan,nan,nan,0.0,0.0,0.0,0.0,0.0,0.0,nan,nan,nan,1,0,0,0
4339384699,4339384695,0.05739903,-0.0081020845,0.13600704,0.8921898,-0.007829864,0.0012020584,-0.451591,nan,nan,nan,nan,nan,nan,0.0,0.0,0.0,0.0,0.0,0.0,nan,nan,nan,1,0,0,0
4339391963,4339391959,0.057390463,-0.008099526,0.13601434,0.8921854,-0.007903495,0.0012003296,-0.45159864,nan,nan,nan,nan,nan,nan,0.0,0.0,0.0,0.0,0.0,0.0,nan,nan,nan,1,0,0,0
4339399474,4339399469,0.057390306,-0.008110393,0.13601434,0.8921634,-0.007938972,0.0013500752,-0.451641,nan,nan,nan,nan,nan,nan,0.0,0.0,0.0,0.0,0.0,0.0,nan,nan,nan,1,0,0,0
4339407684,4339407680,0.057385888,-0.00809613,0.13601173,0.89217454,-0.007921301,0.0012460246,-0.45161968,nan,nan,nan,nan,nan,nan,0.0,0.0,0.0,0.0,0.0,0.0,nan,nan,nan,1,0,0,0
4339417646,4339417641,0.05738329,-0.0081265755,0.13601355,0.89218163,-0.00790979,0.0013154614,-0.45160568,nan,nan,nan,nan,nan,nan,0.0,0.0,0.0,0.0,0.0,0.0,nan,nan,nan,1,0,0,0
4339424520,4339424515,0.057388563,-0.008106246,0.13600683,0.8921687,-0.00793439,0.0013439012,-0.4516306,nan,nan,nan,nan,nan,nan,0.0,0.0,0.0,0.0,0.0,0.0,nan,nan,nan,1,0,0,0
4339434473,4339434469,0.057384767,-0.008095284,0.13602208,0.89218175,-0.0079931,0.0012385004,-0.45160404,nan,nan,nan,nan,nan,nan,0.0,0.0,0.0,0.0,0.0,0.0,nan,nan,nan,1,0,0,0
4339441981,4339441976,0.057386667,-0.008077715,0.13600123,0.8921614,-0.007925098,0.0012008557,-0.45164555,nan,nan,nan,nan,nan,nan,0.0,0.0,0.0,0.0,0.0,0.0,nan,nan,nan,1,0,0,0
4339451863,4339451858,0.057365075,-0.008303488,0.13613874,0.8916795,-0.008211673,0.0055151405,-0.4525591,nan,nan,nan,nan,nan,nan,0.0,0.0,0.0,0.0,0.0,0.0,nan,nan,nan,1,0,0,0
4339462657,4339462653,0.057393365,-0.008093369,0.13600618,0.89217067,-0.00784758,0.0012739977,-0.4516284,nan,nan,nan,nan,nan,nan,0.0,0.0,0.0,0.0,0.0,0.0,nan,nan,nan,1,0,0,0
4339466544,4339466539,0.057404023,-0.0081270775,0.1360135,0.8921762,-0.007947715,0.0011668091,-0.45161614,nan,nan,nan,nan,nan,nan,0.0,0.0,0.0,0.0,0.0,0.0,nan,nan,nan,1,0,0,0
4339475487,4339475482,0.0574102,-0.008108945,0.13600998,0.8921842,-0.007844176,0.0012126315,-0.4516019,nan,nan,nan,nan,nan,nan,0.0,0.0,0.0,0.0,0.0,0.0,nan,nan,nan,1,0,0,0
4339483507,4339483502,0.057407115,-0.008113218,0.13601482,0.8921818,-0.007943985,0.0012539879,-0.4516049,nan,nan,nan,nan,nan,nan,0.0,0.0,0.0,0.0,0.0,0.0,nan,nan,nan,1,0,0,0
4339492361,4339492357,0.05740108,-0.008118152,0.13602096,0.8921828,-0.00796584,0.0013975264,-0.45160213,nan,nan,nan,nan,nan,nan,0.0,0.0,0.0,0.0,0.0,0.0,nan,nan,nan,1,0,0,0
4339499475,4339499470,0.057414845,-0.00810893,0.13600422,0.8921915,-0.007971289,0.001252654,-0.45158508,nan,nan,nan,nan,nan,nan,0.0,0.0,0.0,0.0,0.0,0.0,nan,nan,nan,1,0,0,0
4339508502,4339508497,0.05740575,-0.008105461,0.136009,0.8921749,-0.007914796,0.0012403569,-0.45161906,nan,nan,nan,nan,nan,nan,0.0,0.0,0.0,0.0,0.0,0.0,nan,nan,nan,1,0,0,0
4339516486,4339516482,0.05738981,-0.008086141,0.13601647,0.89217234,-0.007872397,0.0013151554,-0.4516245,nan,nan,nan,nan,nan,nan,0.0,0.0,0.0,0.0,0.0,0.0,nan,nan,nan,1,0,0,0
4339524483,4339524478,0.05737778,-0.008095826,0.13601755,0.89219046,-0.007943839,0.0011910014,-0.45158798,nan,nan,nan,nan,nan,nan,0.0,0.0,0.0,0.0,0.0,0.0,nan,nan,nan,1,0,0,0
4339532793,4339532788,0.057384416,-0.008097321,0.1360098,0.8921804,-0.007922752,0.0012639171,-0.4516079,nan,nan,nan,nan,nan,nan,0.0,0.0,0.0,0.0,0.0,0.0,nan,nan,nan,1,0,0,0
4339542811,4339542807,0.05737243,-0.00832037,0.13613752,0.89167416,-0.008291881,0.0054609207,-0.45256898,nan,nan,nan,nan,nan,nan,0.0,0.0,0.0,0.0,0.0,0.0,nan,nan,nan,1,0,0,0
4339549487,4339549482,0.05740875,-0.008100099,0.13600929,0.89218724,-0.007916558,0.0011484196,-0.45159486,nan,nan,nan,nan,nan,nan,0.0,0.0,0.0,0.0,0.0,0.0,nan,nan,nan,1,0,0,0
4339561564,4339561559,0.05740642,-0.008094563,0.13601783,0.8921741,-0.007891893,0.0011289134,-0.45162135,nan,nan,nan,nan,nan,nan,0.0,0.0,0.0,0.0,0.0,0.0,nan,nan,nan,1,0,0,0
4339566476,4339566470,0.057409696,-0.0081059635,0.1360084,0.8921729,-0.007885428,0.0012612363,-0.45162344,nan,nan,nan,nan,nan,nan,0.0,0.0,0.0,0.0,0.0,0.0,nan,nan,nan,1,0,0,0
4339575485,4339575480,0.05740001,-0.008114884,0.13600305,0.8921794,-0.007956371,0.0013050423,-0.4516092,nan,nan,nan,nan,nan,nan,0.0,0.0,0.0,0.0,0.0,0.0,nan,nan,nan,1,0,0,0
4339585488,4339585483,0.05738833,-0.008116225,0.13601217,0.8921735,-0.008013561,0.0012927346,-0.45161986,nan,nan,nan,nan,nan,nan,0.0,0.0,0.0,0.0,0.0,0.0,nan,nan,nan,1,0,0,0
4339592625,4339592621,0.057390932,-0.00811104,0.13601163,0.8921902,-0.00794504,0.00125492,-0.45158812,nan,nan,nan,nan,nan,nan,0.0,0.0,0.0,0.0,0.0,0.0,nan,nan,nan,1,0,0,0
4339599475,4339599470,0.057380885,-0.008093038,0.13601759,0.8921868,-0.007891292,0.001292789,-0.45159575,nan,nan,nan,nan,nan,nan,0.0,0.0,0.0,0.0,0.0,0.0,nan,nan,nan,1,0,0,0
4339608682,4339608677,0.057372585,-0.008104744,0.13601917,0.8921699,-0.007941815,0.0013617666,-0.45162815,nan,nan,nan,nan,nan,nan,0.0,0.0,0.0,0.0,0.0,0.0,nan,nan,nan,1,0,0,0
4339615539,4339615533,0.05737866,-0.008107841,0.13601185,0.8921694,-0.007911756,0.001299162,-0.4516298,nan,nan,nan,nan,nan,nan,0.0,0.0,0.0,0.0,0.0,0.0,nan,nan,nan,1,0,0,0
4339624616,4339624611,0.057395276,-0.008108182,0.13600598,0.89215887,-0.007793334,0.0012438064,-0.45165274,nan,nan,nan,nan,nan,nan,0.0,0.0,0.0,0.0,0.0,0.0,nan,nan,nan,1,0,0,0
4339632502,4339632498,0.05740678,-0.008112187,0.13601285,0.8921731,-0.0079144705,0.0011992783,-0.45162266,nan,nan,nan,nan,nan,nan,0.0,0.0,0.0,0.0,0.0,0.0,nan,nan,nan,1,0,0,0
4339642159,4339642155,0.057403997,-0.008098098,0.13600668,0.89219654,-0.007896569,0.001244796,-0.45157644,nan,nan,nan,nan,nan,nan,0.0,0.0,0.0,0.0,0.0,0.0,nan,nan,nan,1,0,0,0
4339651596,4339651591,0.05739346,-0.0081150485,0.13601168,0.89216673,-0.007947415,0.0013517446,-0.45163423,nan,nan,nan,nan,nan,nan,0.0,0.0,0.0,0.0,0.0,0.0,nan,nan,nan,1,0,0,0
4339658634,4339658630,0.057385318,-0.008104575,0.13600099,0.892184,-0.007851567,0.001197308,-0.4516022,nan,nan,nan,nan,nan,nan,0.0,0.0,0.0,0.0,0.0,0.0,nan,nan,nan,1,0,0,0
4339667478,4339667473,0.057391714,-0.00812483,0.13600291,0.8921678,-0.007895057,0.0013975786,-0.45163298,nan,nan,nan,nan,nan,nan,0.0,0.0,0.0,0.0,0.0,0.0,nan,nan,nan,1,0,0,0
4339674515,4339674510,0.05739882,-0.008109865,0.13601504,0.8921808,-0.007963952,0.0012032653,-0.4516066,nan,nan,nan,nan,nan,nan,0.0,0.0,0.0,0.0,0.0,0.0,nan,nan,nan,1,0,0,0
4339682579,4339682574,0.05739312,-0.008096235,0.13601413,0.8921754,-0.007918956,0.0012892552,-0.45161793,nan,nan,nan,nan,nan,nan,0.0,0.0,0.0,0.0,0.0,0.0,nan,nan,nan,1,0,0,0
4339691501,4339691496,0.057392247,-0.008099284,0.13601407,0.8921682,-0.007879195,0.0012778534,-0.45163286,nan,nan,nan,nan,nan,nan,0.0,0.0,0.0,0.0,0.0,0.0,nan,nan,nan,1,0,0,0
4339701201,4339701196,0.057399843,-0.008108504,0.13601416,0.89219505,-0.007956475,0.0012342117,-0.4515785,nan,nan,nan,nan,nan,nan,0.0,0.0,0.0,0.0,0.0,0.0,nan,nan,nan,1,0,0,0
4339707489,4339707484,0.057410285,-0.008113033,0.13601285,0.89217407,-0.007886119,0.0012295416,-0.45162126,nan,nan,nan,nan,nan,nan,0.0,0.0,0.0,0.0,0.0,0.0,nan,nan,nan,1,0,0,0
4339716557,4339716553,0.057401527,-0.008108358,0.13600637,0.89217824,-0.007880359,0.0012365418,-0.45161295,nan,nan,nan,nan,nan,nan,0.0,0.0,0.0,0.0,0.0,0.0,nan,nan,nan,1,0,0,0
4339724478,4339724473,0.057392687,-0.008069032,0.1360593,0.8921173,-0.0076916656,0.0006853099,-0.45173782,nan,nan,nan,nan,nan,nan,0.0,0.0,0.0,0.0,0.0,0.0,nan,nan,nan,1,0,0,0
4339733476,4339733471,0.057393063,-0.008088867,0.13601255,0.89217776,-0.007926515,0.0010905456,-0.4516135,nan,nan,nan,nan,nan,nan,0.0,0.0,0.0,0.0,0.0,0.0,nan,nan,nan,1,0,0,0
4339741727,4339741723,0.057399213,-0.0081237685,0.13601272,0.892191,-0.0079359785,0.0012962245,-0.45158678,nan,nan,nan,nan,nan,nan,0.0,0.0,0.0,0.0,0.0,0.0,nan,nan,nan,1,0,0,0
4339752529,4339752524,0.05740179,-0.008092169,0.13600717,0.89219177,-0.007921369,0.0012638544,-0.45158562,nan,nan,nan,nan,nan,nan,0.0,0.0,0.0,0.0,0.0,0.0,nan,nan,nan,1,0,0,0
4339758533,4339758528,0.057397995,-0.008084192,0.13602102,0.89218456,-0.007878857,0.001261758,-0.4516006,nan,nan,nan,nan,nan,nan,0.0,0.0,0.0,0.0,0.0,0.0,nan,nan,nan,1,0,0,0
4339768482,4339768477,0.0573966,-0.008100439,0.13601102,0.89216137,-0.007871007,0.0012894736,-0.45164657,nan,nan,nan,nan,nan,nan,0.0,0.0,0.0,0.0,0.0,0.0,nan,nan,nan,1,0,0,0
4339776394,4339776389,0.05739512,-0.008110616,0.13600866,0.8921872,-0.007871889,0.0013585631,-0.45159528,nan,nan,nan,nan,nan,nan,0.0,0.0,0.0,0.0,0.0,0.0,nan,nan,nan,1,0,0,0
4339784284,4339784277,0.05739347,-0.008105532,0.13601007,0.8921742,-0.007889901,0.0013068316,-0.4516207,nan,nan,nan,nan,nan,nan,0.0,0.0,0.0,0.0,0.0,0.0,nan,nan,nan,1,0,0,0
4339791482,4339791477,0.057379194,-0.008308481,0.1361335,0.8916601,-0.008246587,0.005515539,-0.4525967,nan,nan,nan,nan,nan,nan,0.0,0.0,0.0,0.0,0.0,0.0,nan,nan,nan,1,0,0,0
4339800589,4339800584,0.05740218,-0.008106639,0.13601573,0.8921773,-0.007887428,0.0012628182,-0.45161468,nan,nan,nan,nan,nan,nan,0.0,0.0,0.0,0.0,0.0,0.0,nan,nan,nan,1,0,0,0
4339807492,4339807487,0.057403926,-0.008087143,0.13601036,0.8921858,-0.007908889,0.0012384905,-0.45159754,nan,nan,nan,nan,nan,nan,0.0,0.0,0.0,0.0,0.0,0.0,nan,nan,nan,1,0,0,0
4339816502,4339816498,0.057377513,-0.008306927,0.13613887,0.8916542,-0.008230319,0.005562704,-0.4526081,nan,nan,nan,nan,nan,nan,0.0,0.0,0.0,0.0,0.0,0.0,nan,nan,nan,1,0,0,0
4339825108,4339825104,0.05740686,-0.00812184,0.1360048,0.8921738,-0.007953327,0.001277627,-0.45162043,nan,nan,nan,nan,nan,nan,0.0,0.0,0.0,0.0,0.0,0.0,nan,nan,nan,1,0,0,0
4339832478,4339832473,0.057410702,-0.008123513,0.13601415,0.8921797,-0.007967936,0.0012561646,-0.4516087,nan,nan,nan,nan,nan,nan,0.0,0.0,0.0,0.0,0.0,0.0,nan,nan,nan,1,0,0,0
4339841555,4339841550,0.057396837,-0.008106475,0.13600507,0.8921821,-0.007898766,0.0011874061,-0.45160526,nan,nan,nan,nan,nan,nan,0.0,0.0,0.0,0.0,0.0,0.0,nan,nan,nan,1,0,0,0
4339850603,4339850598,0.05736617,-0.008299677,0.13615187,0.8916624,-0.008249004,0.0054802606,-0.45259255,nan,nan,nan,nan,nan,nan,0.0,0.0,0.0,0.0,0.0,0.0,nan,nan,nan,1,0,0,0
4339858481,4339858476,0.057379875,-0.008101034,0.1360217,0.8921796,-0.007934751,0.0013107074,-0.45160905,nan,nan,nan,nan,nan,nan,0.0,0.0,0.0,0.0,0.0,0.0,nan,nan,nan,1,0,0,0
4339871398,4339871393,0.05738417,-0.008113923,0.13600619,0.89218277,-0.007996427,0.0013210896,-0.45160183,nan,nan,nan,nan,nan,nan,0.0,0.0,0.0,0.0,0.0,0.0,nan,nan,nan,1,0,0,0
4339874962,4339874931,0.057378627,-0.008101726,0.13601203,0.8921893,-0.007928334,0.001272498,-0.4515902,nan,nan,nan,nan,nan,nan,0.0,0.0,0.0,0.0,0.0,0.0,nan,nan,nan,1,0,0,0
4339883484,4339883479,0.057388443,-0.008049149,0.13605404,0.89213425,-0.007581308,0.0005290188,-0.45170653,nan,nan,nan,nan,nan,nan,0.0,0.0,0.0,0.0,0.0,0.0,nan,nan,nan,1,0,0,0
4339892993,4339892988,0.057387352,-0.008112706,0.13601649,0.8921795,-0.007906994,0.0013197653,-0.45160988,nan,nan,nan,nan,nan,nan,0.0,0.0,0.0,0.0,0.0,0.0,nan,nan,nan,1,0,0,0
4339901421,4339901417,0.05739676,-0.008119577,0.13600706,0.89218456,-0.00792464,0.0012830051,-0.45159957,nan,nan,nan,nan,nan,nan,0.0,0.0,0.0,0.0,0.0,0.0,nan,nan,nan,1,0,0,0
4339908486,4339908481,0.057401016,-0.008107961,0.13601205,0.8921756,-0.00794963,0.00124439,-0.45161685,nan,nan,nan,nan,nan,nan,0.0,0.0,0.0,0.0,0.0,0.0,nan,nan,nan,1,0,0,0
4339917487,4339917482,0.057406057,-0.0081050815,0.13600323,0.89217776,-0.00793733,0.0011402445,-0.45161325,nan,nan,nan,nan,nan,nan,0.0,0.0,0.0,0.0,0.0,0.0,nan,nan,nan,1,0,0,0
4339924820,4339924815,0.057413716,-0.0081076175,0.13601662,0.8921932,-0.007859025,0.0012495626,-0.45158383,nan,nan,nan,nan,nan,nan,0.0,0.0,0.0,0.0,0.0,0.0,nan,nan,nan,1,0,0,0
4339933474,4339933469,0.057398215,-0.008085703,0.13601696,0.892195,-0.007995672,0.0012330739,-0.451578,nan,nan,nan,nan,nan,nan,0.0,0.0,0.0,0.0,0.0,0.0,nan,nan,nan,1,0,0,0
4339941481,4339941476,0.05738588,-0.008092308,0.13601139,0.89218724,-0.007881443,0.0012362758,-0.45159522,nan,nan,nan,nan,nan,nan,0.0,0.0,0.0,0.0,0.0,0.0,nan,nan,nan,1,0,0,0
4339950939,4339950934,0.05739171,-0.008096097,0.13600606,0.8921866,-0.00788137,0.0012536151,-0.4515966,nan,nan,nan,nan,nan,nan,0.0,0.0,0.0,0.0,0.0,0.0,nan,nan,nan,1,0,0,0
4339957485,4339957480,0.057388645,-0.008097825,0.1360173,0.8921814,-0.008016497,0.0012668025,-0.4516043,nan,nan,nan,nan,nan,nan,0.0,0.0,0.0,0.0,0.0,0.0,nan,nan,nan,1,0,0,0
4339966474,4339966470,0.057385907,-0.0080851065,0.13601428,0.8921784,-0.0078831045,0.0011702104,-0.45161274,nan,nan,nan,nan,nan,nan,0.0,0.0,0.0,0.0,0.0,0.0,nan,nan,nan,1,0,0,0
4339974879,4339974874,0.05739443,-0.008100479,0.13602354,0.8921869,-0.007957575,0.001221119,-0.45159462,nan,nan,nan,nan,nan,nan,0.0,0.0,0.0,0.0,0.0,0.0,nan,nan,nan,1,0,0,0
4339983545,4339983517,0.057410125,-0.008107574,0.13600029,0.892192,-0.007903546,0.0011007041,-0.45158592,nan,nan,nan,nan,nan,nan,0.0,0.0,0.0,0.0,0.0,0.0,nan,nan,nan,1,0,0,0
4339992141,4339992136,0.057423778,-0.008130861,0.13601638,0.89219254,-0.007870992,0.0013700892,-0.45158455,nan,nan,nan,nan,nan,nan,0.0,0.0,0.0,0.0,0.0,0.0,nan,nan,nan,1,0,0,0
4340001223,4340001218,0.057405364,-0.008097053,0.1360023,0.8921659,-0.007901325,0.0013661832,-0.45163676,nan,nan,nan,nan,nan,nan,0.0,0.0,0.0,0.0,0.0,0.0,nan,nan,nan,1,0,0,0
4340007489,4340007484,0.057388313,-0.00829769,0.13614272,0.89166915,-0.008196574,0.0055325003,-0.4525795,nan,nan,nan,nan,nan,nan,0.0,0.0,0.0,0.0,0.0,0.0,nan,nan,nan,1,0,0,0
4340016485,4340016480,0.057406608,-0.008098457,0.1360083,0.8921794,-0.007789712,0.001271467,-0.45161214,nan,nan,nan,nan,nan,nan,0.0,0.0,0.0,0.0,0.0,0.0,nan,nan,nan,1,0,0,0
4340024795,4340024791,0.057390176,-0.008119338,0.13601011,0.89217645,-0.007904892,0.0012278801,-0.4516163,nan,nan,nan,nan,nan,nan,0.0,0.0,0.0,0.0,0.0,0.0,nan,nan,nan,1,0,0,0
4340032474,4340032469,0.057392363,-0.0081048515,0.13601133,0.8921841,-0.007910999,0.0011505082,-0.4516013,nan,nan,nan,nan,nan,nan,0.0,0.0,0.0,0.0,0.0,0.0,nan,nan,nan,1,0,0,0
4340041988,4340041982,0.057388783,-0.008311694,0.13614728,0.8916838,-0.008228485,0.0054404223,-0.45255116,nan,nan,nan,nan,nan,nan,0.0,0.0,0.0,0.0,0.0,0.0,nan,nan,nan,1,0,0,0
4340050619,4340050615,0.057402246,-0.0081054475,0.13601322,0.8921898,-0.007816905,0.0012305675,-0.4515912,nan,nan,nan,nan,nan,nan,0.0,0.0,0.0,0.0,0.0,0.0,nan,nan,nan,1,0,0,0
4340058482,4340058477,0.05739365,-0.008086572,0.13601269,0.8921851,-0.007941327,0.0012387149,-0.4515985,nan,nan,nan,nan,nan,nan,0.0,0.0,0.0,0.0,0.0,0.0,nan,nan,nan,1,0,0,0
4340066962,4340066957,0.057380084,-0.008103891,0.13600984,0.892174,-0.007923467,0.0015089848,-0.4516199,nan,nan,nan,nan,nan,nan,0.0,0.0,0.0,0.0,0.0,0.0,nan,nan,nan,1,0,0,0
4340075794,4340075790,0.057389434,-0.008122544,0.13599981,0.8921638,-0.007876919,0.0012488139,-0.45164165,nan,nan,nan,nan,nan,nan,0.0,0.0,0.0,0.0,0.0,0.0,nan,nan,nan,1,0,0,0
4340083476,4340083472,0.057381008,-0.008098025,0.13601069,0.8921771,-0.007910664,0.0013004952,-0.4516145,nan,nan,nan,nan,nan,nan,0.0,0.0,0.0,0.0,0.0,0.0,nan,nan,nan,1,0,0,0
4340091493,4340091488,0.057370003,-0.008090828,0.1360157,0.8921884,-0.007882356,0.0012347128,-0.451593,nan,nan,nan,nan,nan,nan,0.0,0.0,0.0,0.0,0.0,0.0,nan,nan,nan,1,0,0,0
4340100534,4340100529,0.05737771,-0.008096389,0.13601047,0.8921738,-0.007955242,0.0012378627,-0.45162037,nan,nan,nan,nan,nan,nan,0.0,0.0,0.0,0.0,0.0,0.0,nan,nan,nan,1,0,0,0
4340111974,4340111969,0.057397317,-0.008120006,0.13599966,0.8921914,-0.007870551,0.0012642699,-0.4515872,nan,nan,nan,nan,nan,nan,0.0,0.0,0.0,0.0,0.0,0.0,nan,nan,nan,1,0,0,0
4340117077,4340117072,0.057401013,-0.008119842,0.13600758,0.89216405,-0.007864002,0.0014026539,-0.45164096,nan,nan,nan,nan,nan,nan,0.0,0.0,0.0,0.0,0.0,0.0,nan,nan,nan,1,0,0,0
4340124576,4340124572,0.057395943,-0.008105149,0.13601601,0.89219135,-0.007959817,0.0012592128,-0.45158568,nan,nan,nan,nan,nan,nan,0.0,0.0,0.0,0.0,0.0,0.0,nan,nan,nan,1,0,0,0
4340132473,4340132468,0.057396457,-0.008097793,0.13602158,0.89218605,-0.007947928,0.0011773629,-0.45159677,nan,nan,nan,nan,nan,nan,0.0,0.0,0.0,0.0,0.0,0.0,nan,nan,nan,1,0,0,0
4340142483,4340142477,0.057398908,-0.008106384,0.13601056,0.89219725,-0.00798106,0.0010746655,-0.45157412,nan,nan,nan,nan,nan,nan,0.0,0.0,0.0,0.0,0.0,0.0,nan,nan,nan,1,0,0,0
4340150657,4340150652,0.05739165,-0.008114637,0.1360147,0.89218897,-0.007929973,0.0012407572,-0.45159107,nan,nan,nan,nan,nan,nan,0.0,0.0,0.0,0.0,0.0,0.0,nan,nan,nan,1,0,0,0
4340158483,4340158479,0.057399526,-0.008097268,0.13601504,0.89218324,-0.007836028,0.0012264807,-0.4516039,nan,nan,nan,nan,nan,nan,0.0,0.0,0.0,0.0,0.0,0.0,nan,nan,nan,1,0,0,0
4340166476,4340166471,0.057412777,-0.0081019765,0.1360106,0.8921662,-0.007931669,0.0012463953,-0.4516358,nan,nan,nan,nan,nan,nan,0.0,0.0,0.0,0.0,0.0,0.0,nan,nan,nan,1,0,0,0
4340178486,4340178482,0.057413552,-0.008092976,0.13600779,0.89218134,-0.007925573,0.0012461928,-0.45160607,nan,nan,nan,nan,nan,nan,0.0,0.0,0.0,0.0,0.0,0.0,nan,nan,nan,1,0,0,0
4340182483,4340182478,0.05740504,-0.008092564,0.13601854,0.89219874,-0.007901176,0.0011468509,-0.45157263,nan,nan,nan,nan,nan,nan,0.0,0.0,0.0,0.0,0.0,0.0,nan,nan,nan,1,0,0,0
4340191728,4340191723,0.05740868,-0.008110178,0.13600689,0.8921807,-0.007845917,0.0012991362,-0.45160854,nan,nan,nan,nan,nan,nan,0.0,0.0,0.0,0.0,0.0,0.0,nan,nan,nan,1,0,0,0
4340198473,4340198468,0.057413366,-0.008117917,0.13601409,0.8921839,-0.008009426,0.0012629724,-0.45159948,nan,nan,nan,nan,nan,nan,0.0,0.0,0.0,0.0,0.0,0.0,nan,nan,nan,1,0,0,0
4340208491,4340208486,0.057408962,-0.0080651315,0.13605474,0.89213526,-0.0075820587,0.00057958113,-0.45170432,nan,nan,nan,nan,nan,nan,0.0,0.0,0.0,0.0,0.0,0.0,nan,nan,nan,1,0,0,0
4340215905,4340215900,0.0573992,-0.008063812,0.13605984,0.8921272,-0.0076052165,0.0005930317,-0.45171985,nan,nan,nan,nan,nan,nan,0.0,0.0,0.0,0.0,0.0,0.0,nan,nan,nan,1,0,0,0
4340224515,4340224510,0.057392105,-0.008098506,0.136009,0.8921852,-0.007957226,0.0012496162,-0.45159784,nan,nan,nan,nan,nan,nan,0.0,0.0,0.0,0.0,0.0,0.0,nan,nan,nan,1,0,0,0
4340233476,4340233471,0.057398707,-0.008105636,0.13600096,0.8921653,-0.007905765,0.0013634757,-0.4516379,nan,nan,nan,nan,nan,nan,0.0,0.0,0.0,0.0,0.0,0.0,nan,nan,nan,1,0,0,0
4340241584,4340241580,0.057396892,-0.008101268,0.13600717,0.8921909,-0.007886947,0.0011472747,-0.45158818,nan,nan,nan,nan,nan,nan,0.0,0.0,0.0,0.0,0.0,0.0,nan,nan,nan,1,0,0,0
4340250072,4340250067,0.057405937,-0.008091781,0.1360166,0.8921964,-0.007960438,0.00118082,-0.451576,nan,nan,nan,nan,nan,nan,0.0,0.0,0.0,0.0,0.0,0.0,nan,nan,nan,1,0,0,0
4340258481,4340258476,0.057405204,-0.00810165,0.13601609,0.8921722,-0.0077862497,0.001311228,-0.4516263,nan,nan,nan,nan,nan,nan,0.0,0.0,0.0,0.0,0.0,0.0,nan,nan,nan,1,0,0,0
4340267506,4340267501,0.057376895,-0.0083067035,0.13613318,0.891658,-0.008342312,0.00553536,-0.45259893,nan,nan,nan,nan,nan,nan,0.0,0.0,0.0,0.0,0.0,0.0,nan,nan,nan,1,0,0,0
4340278485,4340278481,0.05737237,-0.008109398,0.13600795,0.8921832,-0.007980928,0.0012074539,-0.45160148,nan,nan,nan,nan,nan,nan,0.0,0.0,0.0,0.0,0.0,0.0,nan,nan,nan,1,0,0,0
4340284479,4340284475,0.057381496,-0.008088077,0.13601756,0.89219207,-0.007850847,0.0012580631,-0.45158622,nan,nan,nan,nan,nan,nan,0.0,0.0,0.0,0.0,0.0,0.0,nan,nan,nan,1,0,0,0
4340291548,4340291543,0.057391074,-0.008082274,0.13600308,0.8921758,-0.007960534,0.0011861621,-0.45161673,nan,nan,nan,nan,nan,nan,0.0,0.0,0.0,0.0,0.0,0.0,nan,nan,nan,1,0,0,0
4340300615,4340300611,0.057379045,-0.008070568,0.1360549,0.8921469,-0.0076164054,0.0006278848,-0.45168072,nan,nan,nan,nan,nan,nan,0.0,0.0,0.0,0.0,0.0,0.0,nan,nan,nan,1,0,0,0
4340307908,4340307903,0.0573749,-0.008090565,0.13601613,0.89218926,-0.007937496,0.0011916768,-0.45159048,nan,nan,nan,nan,nan,nan,0.0,0.0,0.0,0.0,0.0,0.0,nan,nan,nan,1,0,0,0
4340316757,4340316751,0.057385307,-0.008126654,0.13600624,0.89217824,-0.007955912,0.0013572879,-0.45161128,nan,nan,nan,nan,nan,nan,0.0,0.0,0.0,0.0,0.0,0.0,nan,nan,nan,1,0,0,0
4340324680,4340324676,0.05739681,-0.008133456,0.1360027,0.89217746,-0.007933963,0.0013197415,-0.45161337,nan,nan,nan,nan,nan,nan,0.0,0.0,0.0,0.0,0.0,0.0,nan,nan,nan,1,0,0,0
4340333477,4340333472,0.057403088,-0.008093084,0.13601765,0.89218193,-0.007916137,0.0011372472,-0.45160535,nan,nan,nan,nan,nan,nan,0.0,0.0,0.0,0.0,0.0,0.0,nan,nan,nan,1,0,0,0
4340341673,4340341668,0.05740748,-0.00811216,0.13602053,0.8921819,-0.007959463,0.0011752867,-0.45160463,nan,nan,nan,nan,nan,nan,0.0,0.0,0.0,0.0,0.0,0.0,nan,nan,nan,1,0,0,0
4340351814,4340351810,0.0574101,-0.0081239175,0.13600385,0.8921806,-0.007961344,0.0012598959,-0.45160684,nan,nan,nan,nan,nan,nan,0.0,0.0,0.0,0.0,0.0,0.0,nan,nan,nan,1,0,0,0
4340357480,4340357475,0.05739815,-0.008120292,0.13601103,0.8921714,-0.0079370625,0.0013156737,-0.45162535,nan,nan,nan,nan,nan,nan,0.0,0.0,0.0,0.0,0.0,0.0,nan,nan,nan,1,0,0,0
4340366569,4340366563,0.05739022,-0.008089588,0.13601148,0.89216864,-0.007880921,0.0012961563,-0.45163187,nan,nan,nan,nan,nan,nan,0.0,0.0,0.0,0.0,0.0,0.0,nan,nan,nan,1,0,0,0
4340374491,4340374486,0.05740024,-0.008096652,0.13601965,0.89217407,-0.0078801755,0.0012811343,-0.45162112,nan,nan,nan,nan,nan,nan,0.0,0.0,0.0,0.0,0.0,0.0,nan,nan,nan,1,0,0,0
4340383484,4340383479,0.057408728,-0.008101723,0.13601147,0.8921825,-0.0079703955,0.0012484028,-0.45160297,nan,nan,nan,nan,nan,nan,0.0,0.0,0.0,0.0,0.0,0.0,nan,nan,nan,1,0,0,0
4340391526,4340391521,0.057392772,-0.008105167,0.13601273,0.8921711,-0.007921802,0.0013431729,-0.45162618,nan,nan,nan,nan,nan,nan,0.0,0.0,0.0,0.0,0.0,0.0,nan,nan,nan,1,0,0,0
4340400728,4340400723,0.05740033,-0.008107387,0.13602294,0.8921872,-0.007887311,0.0012049957,-0.45159546,nan,nan,nan,nan,nan,nan,0.0,0.0,0.0,0.0,0.0,0.0,nan,nan,nan,1,0,0,0
4340407620,4340407616,0.05741248,-0.008099756,0.13601427,0.8921834,-0.007883649,0.0012404404,-0.4516026,nan,nan,nan,nan,nan,nan,0.0,0.0,0.0,0.0,0.0,0.0,nan,nan,nan,1,0,0,0
4340417604,4340417599,0.05742722,-0.008097112,0.13601664,0.89218265,-0.00787621,0.001209372,-0.4516044,nan,nan,nan,nan,nan,nan,0.0,0.0,0.0,0.0,0.0,0.0,nan,nan,nan,1,0,0,0
4340425482,4340425478,0.057405412,-0.008105128,0.13601826,0.89219284,-0.007869853,0.0011470142,-0.45158467,nan,nan,nan,nan,nan,nan,0.0,0.0,0.0,0.0,0.0,0.0,nan,nan,nan,1,0,0,0
4340432575,4340432570,0.057389464,-0.008096509,0.13601032,0.8921783,-0.007889234,0.0012073301,-0.4516128,nan,nan,nan,nan,nan,nan,0.0,0.0,0.0,0.0,0.0,0.0,nan,nan,nan,1,0,0,0
4340441500,4340441492,0.057387188,-0.008098923,0.1360133,0.8921824,-0.007962039,0.0012465317,-0.45160332,nan,nan,nan,nan,nan,nan,0.0,0.0,0.0,0.0,0.0,0.0,nan,nan,nan,1,0,0,0
4340451400,4340451395,0.05738497,-0.008099235,0.13601714,0.8921701,-0.007902367,0.0012797591,-0.45162877,nan,nan,nan,nan,nan,nan,0.0,0.0,0.0,0.0,0.0,0.0,nan,nan,nan,1,0,0,0
4340458393,4340458388,0.057385817,-0.008090961,0.13603142,0.8921693,-0.007903561,0.0012684332,-0.45163012,nan,nan,nan,nan,nan,nan,0.0,0.0,0.0,0.0,0.0,0.0,nan,nan,nan,1,0,0,0
4340478482,4340478478,0.05739983,-0.008082659,0.13601626,0.8921926,-0.007908028,0.0011540579,-0.45158437,nan,nan,nan,nan,nan,nan,0.0,0.0,0.0,0.0,0.0,0.0,nan,nan,nan,1,0,0,0
4340480687,4340480683,0.057397876,-0.008121655,0.13600801,0.8921722,-0.008005955,0.0012844804,-0.45162266,nan,nan,nan,nan,nan,nan,0.0,0.0,0.0,0.0,0.0,0.0,nan,nan,nan,1,0,0,0
4340492552,4340492548,0.05739598,-0.0081017045,0.13600989,0.89217997,-0.007904448,0.0012374836,-0.45160922,nan,nan,nan,nan,nan,nan,0.0,0.0,0.0,0.0,0.0,0.0,nan,nan,nan,1,0,0,0
4340497517,4340497512,0.057402585,-0.008102332,0.136022,0.89218175,-0.007901646,0.0012398607,-0.45160568,nan,nan,nan,nan,nan,nan,0.0,0.0,0.0,0.0,0.0,0.0,nan,nan,nan,1,0,0,0
4340501476,4340501471,0.05739903,-0.008101311,0.13600588,0.89217055,-0.007852664,0.0012080857,-0.45162892,nan,nan,nan,nan,nan,nan,0.0,0.0,0.0,0.0,0.0,0.0,nan,nan,nan,1,0,0,0
4340508489,4340508484,0.057371654,-0.008305133,0.13619184,0.8914835,-0.008105017,0.0050484594,-0.45295256,nan,nan,nan,nan,nan,nan,0.0,0.0,0.0,0.0,0.0,0.0,nan,nan,nan,1,0,0,0
4340516487,4340516482,0.057377167,-0.008114223,0.13600849,0.8921813,-0.007945301,0.001287506,-0.4516057,nan,nan,nan,nan,nan,nan,0.0,0.0,0.0,0.0,0.0,0.0,nan,nan,nan,1,0,0,0
4340525485,4340525479,0.057361238,-0.008315657,0.13613282,0.89166945,-0.008213497,0.005463744,-0.45257962,nan,nan,nan,nan,nan,nan,0.0,0.0,0.0,0.0,0.0,0.0,nan,nan,nan,1,0,0,0
4340533475,4340533469,0.057386663,-0.0081074955,0.13601178,0.8921759,-0.007927295,0.0012273262,-0.4516169,nan,nan,nan,nan,nan,nan,0.0,0.0,0.0,0.0,0.0,0.0,nan,nan,nan,1,0,0,0
4340542505,4340542500,0.057393916,-0.008100614,0.13601713,0.8921634,-0.007899801,0.0013525971,-0.4516417,nan,nan,nan,nan,nan,nan,0.0,0.0,0.0,0.0,0.0,0.0,nan,nan,nan,1,0,0,0
4340550165,4340550161,0.05739247,-0.008112141,0.13601455,0.892179,-0.007860755,0.00122578,-0.45161182,nan,nan,nan,nan,nan,nan,0.0,0.0,0.0,0.0,0.0,0.0,nan,nan,nan,1,0,0,0
4340557484,4340557479,0.057395894,-0.008119592,0.13600819,0.8921613,-0.007896866,0.0013251433,-0.45164597,nan,nan,nan,nan,nan,nan,0.0,0.0,0.0,0.0,0.0,0.0,nan,nan,nan,1,0,0,0
4340566478,4340566473,0.05739484,-0.008123862,0.13601267,0.8921742,-0.007931675,0.0013240727,-0.45162004,nan,nan,nan,nan,nan,nan,0.0,0.0,0.0,0.0,0.0,0.0,nan,nan,nan,1,0,0,0
4340575488,4340575483,0.057396147,-0.008107966,0.13601698,0.892171,-0.007942711,0.0012371115,-0.45162633,nan,nan,nan,nan,nan,nan,0.0,0.0,0.0,0.0,0.0,0.0,nan,nan,nan,1,0,0,0
4340587488,4340587483,0.057397213,-0.0081033325,0.13602483,0.8921746,-0.007973404,0.0012438078,-0.4516186,nan,nan,nan,nan,nan,nan,0.0,0.0,0.0,0.0,0.0,0.0,nan,nan,nan,1,0,0,0
4340591482,4340591477,0.05741983,-0.0081226,0.13602157,0.89219725,-0.007811424,0.0013105797,-0.4515764,nan,nan,nan,nan,nan,nan,0.0,0.0,0.0,0.0,0.0,0.0,nan,nan,nan,1,0,0,0
4340600477,4340600473,0.057385918,-0.008343182,0.1361326,0.8917065,-0.008252703,0.0053752135,-0.452507,nan,nan,nan,nan,nan,nan,0.0,0.0,0.0,0.0,0.0,0.0,nan,nan,nan,1,0,0,0
4340610880,4340610875,0.057399962,-0.008101571,0.13601413,0.8921926,-0.007926667,0.0012429014,-0.45158383,nan,nan,nan,nan,nan,nan,0.0,0.0,0.0,0.0,0.0,0.0,nan,nan,nan,1,0,0,0
4340616482,4340616477,0.05739777,-0.008086617,0.13601975,0.89216727,-0.007843601,0.001247607,-0.45163524,nan,nan,nan,nan,nan,nan,0.0,0.0,0.0,0.0,0.0,0.0,nan,nan,nan,1,0,0,0
4340625483,4340625477,0.057369433,-0.008366601,0.13626075,0.8914633,-0.008236595,0.005971907,-0.4529788,nan,nan,nan,nan,nan,nan,0.0,0.0,0.0,0.0,0.0,0.0,nan,nan,nan,1,0,0,0
4340632473,4340632467,0.057396054,-0.008095993,0.13601357,0.89218354,-0.007913191,0.0012275211,-0.45160207,nan,nan,nan,nan,nan,nan,0.0,0.0,0.0,0.0,0.0,0.0,nan,nan,nan,1,0,0,0
4340641494,4340641490,0.057385363,-0.008089808,0.1360214,0.892193,-0.007847809,0.0011073047,-0.4515848,nan,nan,nan,nan,nan,nan,0.0,0.0,0.0,0.0,0.0,0.0,nan,nan,nan,1,0,0,0
4340649993,4340649988,0.05739441,-0.0080845095,0.1359998,0.89217496,-0.007942423,0.0012617665,-0.45161837,nan,nan,nan,nan,nan,nan,0.0,0.0,0.0,0.0,0.0,0.0,nan,nan,nan,1,0,0,0
4340659545,4340659540,0.057389732,-0.008089092,0.13601948,0.892183,-0.0078812735,0.0012659455,-0.45160356,nan,nan,nan,nan,nan,nan,0.0,0.0,0.0,0.0,0.0,0.0,nan,nan,nan,1,0,0,0
4340670391,4340670386,0.057402864,-0.00807163,0.1360124,0.8921762,-0.0077824066,0.0011828893,-0.45161888,nan,nan,nan,nan,nan,nan,0.0,0.0,0.0,0.0,0.0,0.0,nan,nan,nan,1,0,0,0
4340674496,4340674491,0.057393998,-0.008116669,0.13601002,0.8921759,-0.007928291,0.0012208127,-0.4516168,nan,nan,nan,nan,nan,nan,0.0,0.0,0.0,0.0,0.0,0.0,nan,nan,nan,1,0,0,0
4340683896,4340683892,0.057398908,-0.008124968,0.13600755,0.8921851,-0.007960997,0.0012437814,-0.45159805,nan,nan,nan,nan,nan,nan,0.0,0.0,0.0,0.0,0.0,0.0,nan,nan,nan,1,0,0,0
4340692621,4340692617,0.05740802,-0.008105547,0.13601497,0.89216363,-0.007985963,0.001276611,-0.4516399,nan,nan,nan,nan,nan,nan,0.0,0.0,0.0,0.0,0.0,0.0,nan,nan,nan,1,0,0,0
4340701217,4340701210,0.057411365,-0.008110925,0.13602531,0.8921825,-0.007927957,0.0013297562,-0.45160344,nan,nan,nan,nan,nan,nan,0.0,0.0,0.0,0.0,0.0,0.0,nan,nan,nan,1,0,0,0
4340711461,4340711456,0.057404354,-0.008095937,0.13601369,0.8921909,-0.007981955,0.0013100312,-0.45158613,nan,nan,nan,nan,nan,nan,0.0,0.0,0.0,0.0,0.0,0.0,nan,nan,nan,1,0,0,0
4340717488,4340717482,0.057400133,-0.008111528,0.13601613,0.8921852,-0.0078551555,0.001225164,-0.4515997,nan,nan,nan,nan,nan,nan,0.0,0.0,0.0,0.0,0.0,0.0,nan,nan,nan,1,0,0,0
4340724483,4340724478,0.057396088,-0.008111711,0.13600647,0.892177,-0.007935601,0.0012869108,-0.4516145,nan,nan,nan,nan,nan,nan,0.0,0.0,0.0,0.0,0.0,0.0,nan,nan,nan,1,0,0,0
4340732477,4340732472,0.0573719,-0.008325023,0.13614361,0.89167786,-0.00828722,0.0054776166,-0.4525615,nan,nan,nan,nan,nan,nan,0.0,0.0,0.0,0.0,0.0,0.0,nan,nan,nan,1,0,0,0
4340741483,4340741478,0.057392586,-0.008097764,0.13601552,0.89217514,-0.0077865613,0.0012895252,-0.4516206,nan,nan,nan,nan,nan,nan,0.0,0.0,0.0,0.0,0.0,0.0,nan,nan,nan,1,0,0,0
4340750296,4340750292,0.05739328,-0.008123149,0.13601515,0.8921665,-0.0079605635,0.0013225975,-0.45163465,nan,nan,nan,nan,nan,nan,0.0,0.0,0.0,0.0,0.0,0.0,nan,nan,nan,1,0,0,0
4340761000,4340760995,0.05738969,-0.008107881,0.13600501,0.89217716,-0.007816549,0.001255892,-0.4516162,nan,nan,nan,nan,nan,nan,0.0,0.0,0.0,0.0,0.0,0.0,nan,nan,nan,1,0,0,0
4340766523,4340766519,0.057386342,-0.008115548,0.13601322,0.89218277,-0.0079098055,0.0012241752,-0.45160356,nan,nan,nan,nan,nan,nan,0.0,0.0,0.0,0.0,0.0,0.0,nan,nan,nan,1,0,0,0
4340775485,4340775480,0.057391595,-0.008108062,0.13600099,0.892181,-0.007950772,0.0011973385,-0.45160663,nan,nan,nan,nan,nan,nan,0.0,0.0,0.0,0.0,0.0,0.0,nan,nan,nan,1,0,0,0
4340783717,4340783712,0.057393834,-0.008101559,0.13601106,0.8921734,-0.007957129,0.0012556994,-0.4516213,nan,nan,nan,nan,nan,nan,0.0,0.0,0.0,0.0,0.0,0.0,nan,nan,nan,1,0,0,0
4340791572,4340791567,0.05738643,-0.008093254,0.1360191,0.8922025,-0.007935908,0.0010543775,-0.45156458,nan,nan,nan,nan,nan,nan,0.0,0.0,0.0,0.0,0.0,0.0,nan,nan,nan,1,0,0,0
4340802475,4340802471,0.05737868,-0.008113521,0.13600568,0.8921824,-0.008015796,0.0013317756,-0.4516022,nan,nan,nan,nan,nan,nan,0.0,0.0,0.0,0.0,0.0,0.0,nan,nan,nan,1,0,0,0
4340810218,4340810209,0.05736346,-0.008315258,0.13614427,0.8916935,-0.0083177,0.005423273,-0.45253083,nan,nan,nan,nan,nan,nan,0.0,0.0,0.0,0.0,0.0,0.0,nan,nan,nan,1,0,0,0
4340817614,4340817609,0.057390254,-0.008091767,0.13601346,0.89216614,-0.007940482,0.0011638004,-0.4516361,nan,nan,nan,nan,nan,nan,0.0,0.0,0.0,0.0,0.0,0.0,nan,nan,nan,1,0,0,0
4340824620,4340824615,0.057393625,-0.008111917,0.13603087,0.8921748,-0.007978811,0.0012101679,-0.45161828,nan,nan,nan,nan,nan,nan,0.0,0.0,0.0,0.0,0.0,0.0,nan,nan,nan,1,0,0,0
4340833768,4340833764,0.057408016,-0.008096935,0.13601312,0.8921845,-0.007869248,0.001217336,-0.451601,nan,nan,nan,nan,nan,nan,0.0,0.0,0.0,0.0,0.0,0.0,nan,nan,nan,1,0,0,0
4340841557,4340841552,0.05739372,-0.008117873,0.13602163,0.8921837,-0.007933304,0.0013214049,-0.45160124,nan,nan,nan,nan,nan,nan,0.0,0.0,0.0,0.0,0.0,0.0,nan,nan,nan,1,0,0,0
4340850515,4340850510,0.057397094,-0.008097591,0.13601135,0.8921686,-0.007931911,0.001219153,-0.45163128,nan,nan,nan,nan,nan,nan,0.0,0.0,0.0,0.0,0.0,0.0,nan,nan,nan,1,0,0,0
4340857562,4340857557,0.057397068,-0.008103696,0.13602436,0.8921744,-0.007962388,0.0012705231,-0.451619,nan,nan,nan,nan,nan,nan,0.0,0.0,0.0,0.0,0.0,0.0,nan,nan,nan,1,0,0,0
4340866583,4340866578,0.057394847,-0.008087443,0.13602142,0.8921765,-0.00790203,0.0011668026,-0.45161626,nan,nan,nan,nan,nan,nan,0.0,0.0,0.0,0.0,0.0,0.0,nan,nan,nan,1,0,0,0
4340874544,4340874540,0.057384767,-0.008094573,0.13601276,0.8921761,-0.0078865625,0.0012953614,-0.45161697,nan,nan,nan,nan,nan,nan,0.0,0.0,0.0,0.0,0.0,0.0,nan,nan,nan,1,0,0,0
4340883704,4340883699,0.057386473,-0.00810961,0.13602087,0.8921673,-0.007890187,0.0013480172,-0.45163402,nan,nan,nan,nan,nan,nan,0.0,0.0,0.0,0.0,0.0,0.0,nan,nan,nan,1,0,0,0
4340895482,4340895477,0.057401933,-0.008106864,0.1360125,0.8921782,-0.007933048,0.0012554037,-0.4516123,nan,nan,nan,nan,nan,nan,0.0,0.0,0.0,0.0,0.0,0.0,nan,nan,nan,1,0,0,0
4340900475,4340900470,0.05740923,-0.00812419,0.13603307,0.89216334,-0.008008332,0.0012929493,-0.4516401,nan,nan,nan,nan,nan,nan,0.0,0.0,0.0,0.0,0.0,0.0,nan,nan,nan,1,0,0,0
4340908000,4340907995,0.05742361,-0.00808051,0.13601567,0.8921661,-0.007861429,0.0011561665,-0.45163772,nan,nan,nan,nan,nan,nan,0.0,0.0,0.0,0.0,0.0,0.0,nan,nan,nan,1,0,0,0
4340917803,4340917799,0.057411775,-0.008125067,0.13601932,0.8921725,-0.007961035,0.0012284064,-0.45162314,nan,nan,nan,nan,nan,nan,0.0,0.0,0.0,0.0,0.0,0.0,nan,nan,nan,1,0,0,0
4340924484,4340924479,0.057392776,-0.008128774,0.13600568,0.89218295,-0.007963956,0.0012932966,-0.45160216,nan,nan,nan,nan,nan,nan,0.0,0.0,0.0,0.0,0.0,0.0,nan,nan,nan,1,0,0,0
4340933515,4340933510,0.05739326,-0.008121757,0.13601525,0.89218813,-0.007926654,0.0012146577,-0.45159283,nan,nan,nan,nan,nan,nan,0.0,0.0,0.0,0.0,0.0,0.0,nan,nan,nan,1,0,0,0
4340941671,4340941666,0.05740117,-0.008104509,0.13602021,0.89216524,-0.007895062,0.0013624025,-0.45163828,nan,nan,nan,nan,nan,nan,0.0,0.0,0.0,0.0,0.0,0.0,nan,nan,nan,1,0,0,0
4340950096,4340950091,0.057397675,-0.008098967,0.136016,0.89217216,-0.007882978,0.0013384843,-0.45162475,nan,nan,nan,nan,nan,nan,0.0,0.0,0.0,0.0,0.0,0.0,nan,nan,nan,1,0,0,0
4340959150,4340959146,0.05739098,-0.008114121,0.13601579,0.89215404,-0.007964073,0.001355043,-0.4516589,nan,nan,nan,nan,nan,nan,0.0,0.0,0.0,0.0,0.0,0.0,nan,nan,nan,1,0,0,0
4340966475,4340966471,0.05738497,-0.008119262,0.13601571,0.8921781,-0.007919688,0.0013540577,-0.45161238,nan,nan,nan,nan,nan,nan,0.0,0.0,0.0,0.0,0.0,0.0,nan,nan,nan,1,0,0,0
4340974636,4340974631,0.057371497,-0.0083249025,0.13614872,0.89169556,-0.008256371,0.0053080786,-0.45252922,nan,nan,nan,nan,nan,nan,0.0,0.0,0.0,0.0,0.0,0.0,nan,nan,nan,1,0,0,0
4340982482,4340982477,0.05740087,-0.008096271,0.13601093,0.8921809,-0.0078089046,0.0012258283,-0.45160913,nan,nan,nan,nan,nan,nan,0.0,0.0,0.0,0.0,0.0,0.0,nan,nan,nan,1,0,0,0
4340991858,4340991853,0.05737074,-0.008319504,0.13614844,0.8916634,-0.008269502,0.0054290686,-0.452591,nan,nan,nan,nan,nan,nan,0.0,0.0,0.0,0.0,0.0,0.0,nan,nan,nan,1,0,0,0
4341002528,4341002523,0.057376478,-0.008100307,0.13601105,0.8921742,-0.007891761,0.0011146031,-0.45162126,nan,nan,nan,nan,nan,nan,0.0,0.0,0.0,0.0,0.0,0.0,nan,nan,nan,1,0,0,0
4341010673,4341010669,0.057375655,-0.008115824,0.13601792,0.8921798,-0.007945921,0.0012836091,-0.4516089,nan,nan,nan,nan,nan,nan,0.0,0.0,0.0,0.0,0.0,0.0,nan,nan,nan,1,0,0,0
4341016516,4341016511,0.057364706,-0.008305549,0.13613352,0.8916623,-0.008275211,0.005532315,-0.45259172,nan,nan,nan,nan,nan,nan,0.0,0.0,0.0,0.0,0.0,0.0,nan,nan,nan,1,0,0,0
4341024593,4341024586,0.057384904,-0.008103211,0.13602406,0.8921717,-0.007979327,0.0013407945,-0.45162377,nan,nan,nan,nan,nan,nan,0.0,0.0,0.0,0.0,0.0,0.0,nan,nan,nan,1,0,0,0
4341033772,4341033767,0.05739267,-0.008096648,0.13601834,0.8921687,-0.007895258,0.001300768,-0.45163137,nan,nan,nan,nan,nan,nan,0.0,0.0,0.0,0.0,0.0,0.0,nan,nan,nan,1,0,0,0
4341040555,4341040551,0.05739947,-0.008131619,0.13600862,0.8921846,-0.007983683,0.0013269838,-0.45159838,nan,nan,nan,nan,nan,nan,0.0,0.0,0.0,0.0,0.0,0.0,nan,nan,nan,1,0,0,0
4341049487,4341049482,0.05737935,-0.008325763,0.13612975,0.8916744,-0.008219562,0.0054626386,-0.45256972,nan,nan,nan,nan,nan,nan,0.0,0.0,0.0,0.0,0.0,0.0,nan,nan,nan,1,0,0,0
4341057504,4341057499,0.057380855,-0.008299456,0.13614534,0.89166605,-0.008241607,0.0055129565,-0.45258516,nan,nan,nan,nan,nan,nan,0.0,0.0,0.0,0.0,0.0,0.0,nan,nan,nan,1,0,0,0
4341066513,4341066508,0.057400692,-0.008107996,0.13603105,0.89217716,-0.007905635,0.0012797589,-0.4516147,nan,nan,nan,nan,nan,nan,0.0,0.0,0.0,0.0,0.0,0.0,nan,nan,nan,1,0,0,0
4341074543,4341074538,0.05741273,-0.008085501,0.13600066,0.89219844,-0.007825641,0.0011306418,-0.45157441,nan,nan,nan,nan,nan,nan,0.0,0.0,0.0,0.0,0.0,0.0,nan,nan,nan,1,0,0,0
4341083538,4341083533,0.057398856,-0.008123936,0.13602477,0.89217263,-0.0079617845,0.0013514074,-0.4516224,nan,nan,nan,nan,nan,nan,0.0,0.0,0.0,0.0,0.0,0.0,nan,nan,nan,1,0,0,0
4341091480,4341091476,0.057397824,-0.008099041,0.13600613,0.8921896,-0.0078991065,0.0011591036,-0.4515904,nan,nan,nan,nan,nan,nan,0.0,0.0,0.0,0.0,0.0,0.0,nan,nan,nan,1,0,0,0
4341100476,4341100472,0.057389695,-0.008116353,0.13602644,0.89215976,-0.008033202,0.0013103319,-0.45164657,nan,nan,nan,nan,nan,nan,0.0,0.0,0.0,0.0,0.0,0.0,nan,nan,nan,1,0,0,0
4341108835,4341108831,0.05739617,-0.008097105,0.13602294,0.8921763,-0.007957661,0.0012649072,-0.45161542,nan,nan,nan,nan,nan,nan,0.0,0.0,0.0,0.0,0.0,0.0,nan,nan,nan,1,0,0,0
4341116502,4341116497,0.057391763,-0.00811112,0.1360218,0.8921742,-0.0080084745,0.0012695453,-0.45161858,nan,nan,nan,nan,nan,nan,0.0,0.0,0.0,0.0,0.0,0.0,nan,nan,nan,1,0,0,0
4341125533,4341125529,0.057388365,-0.008120769,0.1360182,0.8921687,-0.007972615,0.0013234835,-0.4516301,nan,nan,nan,nan,nan,nan,0.0,0.0,0.0,0.0,0.0,0.0,nan,nan,nan,1,0,0,0
4341132474,4341132469,0.05740367,-0.008101878,0.13601482,0.8921671,-0.007854772,0.0012881632,-0.45163542,nan,nan,nan,nan,nan,nan,0.0,0.0,0.0,0.0,0.0,0.0,nan,nan,nan,1,0,0,0
4341141693,4341141687,0.05740669,-0.008112971,0.13601594,0.8921871,-0.007895882,0.0012273674,-0.45159537,nan,nan,nan,nan,nan,nan,0.0,0.0,0.0,0.0,0.0,0.0,nan,nan,nan,1,0,0,0
4341149652,4341149648,0.05737963,-0.008301924,0.13614658,0.8916632,-0.008172796,0.0055578602,-0.4525915,nan,nan,nan,nan,nan,nan,0.0,0.0,0.0,0.0,0.0,0.0,nan,nan,nan,1,0,0,0
4341160949,4341160945,0.057401486,-0.008104062,0.1360327,0.89217263,-0.007933817,0.0012815079,-0.45162305,nan,nan,nan,nan,nan,nan,0.0,0.0,0.0,0.0,0.0,0.0,nan,nan,nan,1,0,0,0
4341165479,4341165474,0.057390373,-0.008127658,0.1360137,0.8921605,-0.007852991,0.0012896857,-0.45164844,nan,nan,nan,nan,nan,nan,0.0,0.0,0.0,0.0,0.0,0.0,nan,nan,nan,1,0,0,0
4341175488,4341175483,0.057398528,-0.008129483,0.13601309,0.892172,-0.007907996,0.0013089193,-0.4516248,nan,nan,nan,nan,nan,nan,0.0,0.0,0.0,0.0,0.0,0.0,nan,nan,nan,1,0,0,0
4341182499,4341182494,0.057397507,-0.008103521,0.13601968,0.89216864,-0.007969665,0.0012604911,-0.45163038,nan,nan,nan,nan,nan,nan,0.0,0.0,0.0,0.0,0.0,0.0,nan,nan,nan,1,0,0,0
4341222503,4341222498,0.05738253,-0.008107398,0.13600975,0.8921834,-0.007928683,0.001351518,-0.45160174,nan,nan,nan,nan,nan,nan,0.0,0.0,0.0,0.0,0.0,0.0,nan,nan,nan,1,0,0,0
4341225477,4341225471,0.0573574,-0.008323825,0.1361405,0.8916954,-0.008232939,0.005460776,-0.4525282,nan,nan,nan,nan,nan,nan,0.0,0.0,0.0,0.0,0.0,0.0,nan,nan,nan,1,0,0,0
4341229488,4341229483,0.05737925,-0.00810432,0.13601413,0.89216477,-0.007858503,0.0013289133,-0.45163977,nan,nan,nan,nan,nan,nan,0.0,0.0,0.0,0.0,0.0,0.0,nan,nan,nan,1,0,0,0
4341245483,4341245479,0.05739428,-0.008098858,0.13601515,0.89218855,-0.007868689,0.0011826289,-0.45159304,nan,nan,nan,nan,nan,nan,0.0,0.0,0.0,0.0,0.0,0.0,nan,nan,nan,1,0,0,0
4341249489,4341249484,0.05740007,-0.008122932,0.13602595,0.8921705,-0.00788261,0.0012818741,-0.45162818,nan,nan,nan,nan,nan,nan,0.0,0.0,0.0,0.0,0.0,0.0,nan,nan,nan,1,0,0,0
4341260338,4341260334,0.0574177,-0.008133742,0.13601911,0.8921797,-0.007886396,0.0013535527,-0.45160967,nan,nan,nan,nan,nan,nan,0.0,0.0,0.0,0.0,0.0,0.0,nan,nan,nan,1,0,0,0
4341267480,4341267476,0.057412993,-0.00812076,0.13602431,0.89218074,-0.007948555,0.0012425666,-0.45160693,nan,nan,nan,nan,nan,nan,0.0,0.0,0.0,0.0,0.0,0.0,nan,nan,nan,1,0,0,0
4341274480,4341274476,0.057409804,-0.008104312,0.13602273,0.89217967,-0.00793722,0.0012845246,-0.45160913,nan,nan,nan,nan,nan,nan,0.0,0.0,0.0,0.0,0.0,0.0,nan,nan,nan,1,0,0,0
4341282473,4341282468,0.057396516,-0.008125378,0.13602366,0.89216655,-0.007985805,0.0012635036,-0.4516341,nan,nan,nan,nan,nan,nan,0.0,0.0,0.0,0.0,0.0,0.0,nan,nan,nan,1,0,0,0
4341291513,4341291508,0.057391636,-0.008118586,0.13601245,0.89218056,-0.0079551805,0.0012977417,-0.451607,nan,nan,nan,nan,nan,nan,0.0,0.0,0.0,0.0,0.0,0.0,nan,nan,nan,1,0,0,0
4341303488,4341303483,0.057390857,-0.008114677,0.13601473,0.89219344,-0.008022624,0.0013436669,-0.45158014,nan,nan,nan,nan,nan,nan,0.0,0.0,0.0,0.0,0.0,0.0,nan,nan,nan,1,0,0,0
4341310366,4341310362,0.057399336,-0.008106978,0.13603131,0.89217865,-0.007933255,0.0012223815,-0.45161143,nan,nan,nan,nan,nan,nan,0.0,0.0,0.0,0.0,0.0,0.0,nan,nan,nan,1,0,0,0
4341317481,4341317476,0.057406317,-0.00808267,0.13601577,0.8921762,-0.0078027933,0.0011992357,-0.45161846,nan,nan,nan,nan,nan,nan,0.0,0.0,0.0,0.0,0.0,0.0,nan,nan,nan,1,0,0,0
4341324490,4341324485,0.057384886,-0.008106548,0.13602176,0.8921696,-0.007977458,0.0013470505,-0.45162815,nan,nan,nan,nan,nan,nan,0.0,0.0,0.0,0.0,0.0,0.0,nan,nan,nan,1,0,0,0
4341333489,4341333484,0.05738269,-0.008097329,0.13601138,0.89218456,-0.007905664,0.0013095535,-0.45160002,nan,nan,nan,nan,nan,nan,0.0,0.0,0.0,0.0,0.0,0.0,nan,nan,nan,1,0,0,0
4341341509,4341341504,0.05739486,-0.008112257,0.13601373,0.8921928,-0.007937467,0.0011718448,-0.4515836,nan,nan,nan,nan,nan,nan,0.0,0.0,0.0,0.0,0.0,0.0,nan,nan,nan,1,0,0,0
4341350496,4341350491,0.057396695,-0.008110004,0.13601424,0.89218277,-0.007913645,0.0012798627,-0.45160335,nan,nan,nan,nan,nan,nan,0.0,0.0,0.0,0.0,0.0,0.0,nan,nan,nan,1,0,0,0
4341358945,4341358940,0.057378676,-0.008106757,0.13601659,0.8921864,-0.007944178,0.0012901849,-0.45159554,nan,nan,nan,nan,nan,nan,0.0,0.0,0.0,0.0,0.0,0.0,nan,nan,nan,1,0,0,0
4341366602,4341366597,0.057374,-0.008096957,0.13601525,0.8921826,-0.007952508,0.0012308296,-0.45160326,nan,nan,nan,nan,nan,nan,0.0,0.0,0.0,0.0,0.0,0.0,nan,nan,nan,1,0,0,0
4341374481,4341374476,0.05738289,-0.008112791,0.13601461,0.8921681,-0.007907989,0.0012582203,-0.45163262,nan,nan,nan,nan,nan,nan,0.0,0.0,0.0,0.0,0.0,0.0,nan,nan,nan,1,0,0,0
4341383824,4341383819,0.057397094,-0.008110722,0.13601486,0.89218646,-0.007919964,0.0012041556,-0.45159617,nan,nan,nan,nan,nan,nan,0.0,0.0,0.0,0.0,0.0,0.0,nan,nan,nan,1,0,0,0
4341391489,4341391484,0.05738967,-0.008305951,0.13614406,0.8916777,-0.008223586,0.005496637,-0.45256272,nan,nan,nan,nan,nan,nan,0.0,0.0,0.0,0.0,0.0,0.0,nan,nan,nan,1,0,0,0
4341399559,4341399513,0.05740952,-0.008109347,0.13601963,0.89217716,-0.007940372,0.001163131,-0.45161432,nan,nan,nan,nan,nan,nan,0.0,0.0,0.0,0.0,0.0,0.0,nan,nan,nan,1,0,0,0
4341408903,4341408899,0.0573933,-0.00812133,0.13600735,0.89216954,-0.00787841,0.0013349187,-0.45163003,nan,nan,nan,nan,nan,nan,0.0,0.0,0.0,0.0,0.0,0.0,nan,nan,nan,1,0,0,0
4341419777,4341419773,0.057390295,-0.008119537,0.13600834,0.8921846,-0.007845517,0.0012651222,-0.451601,nan,nan,nan,nan,nan,nan,0.0,0.0,0.0,0.0,0.0,0.0,nan,nan,nan,1,0,0,0
4341424492,4341424487,0.057393853,-0.008106245,0.13600445,0.89217335,-0.007980701,0.0011862298,-0.45162115,nan,nan,nan,nan,nan,nan,0.0,0.0,0.0,0.0,0.0,0.0,nan,nan,nan,1,0,0,0
4341433514,4341433510,0.0573797,-0.008318103,0.13613471,0.8916695,-0.0082137715,0.005491727,-0.45257908,nan,nan,nan,nan,nan,nan,0.0,0.0,0.0,0.0,0.0,0.0,nan,nan,nan,1,0,0,0
4341441757,4341441502,0.057398804,-0.008104177,0.13599992,0.8921875,-0.00792656,0.0012028948,-0.45159405,nan,nan,nan,nan,nan,nan,0.0,0.0,0.0,0.0,0.0,0.0,nan,nan,nan,1,0,0,0
4341450727,4341450722,0.057379875,-0.008111437,0.13601604,0.89217496,-0.0078964,0.0011733926,-0.45161954,nan,nan,nan,nan,nan,nan,0.0,0.0,0.0,0.0,0.0,0.0,nan,nan,nan,1,0,0,0
4341459473,4341459436,0.057381842,-0.00810894,0.13600266,0.8921823,-0.007892096,0.001334698,-0.45160463,nan,nan,nan,nan,nan,nan,0.0,0.0,0.0,0.0,0.0,0.0,nan,nan,nan,1,0,0,0
4341466558,4341466553,0.0573962,-0.008134484,0.13600503,0.89217645,-0.0079339435,0.0012711299,-0.45161563,nan,nan,nan,nan,nan,nan,0.0,0.0,0.0,0.0,0.0,0.0,nan,nan,nan,1,0,0,0
4341474515,4341474508,0.05739899,-0.008117924,0.13601364,0.8921854,-0.007958995,0.0013458236,-0.45159718,nan,nan,nan,nan,nan,nan,0.0,0.0,0.0,0.0,0.0,0.0,nan,nan,nan,1,0,0,0
4341483474,4341483470,0.05739229,-0.008109058,0.13601199,0.8921869,-0.007863028,0.0013104908,-0.45159605,nan,nan,nan,nan,nan,nan,0.0,0.0,0.0,0.0,0.0,0.0,nan,nan,nan,1,0,0,0
4341492180,4341492175,0.057393864,-0.008120462,0.13601698,0.89216566,-0.00792211,0.001297813,-0.45163712,nan,nan,nan,nan,nan,nan,0.0,0.0,0.0,0.0,0.0,0.0,nan,nan,nan,1,0,0,0
4341500906,4341500901,0.05740215,-0.008106551,0.13600124,0.892178,-0.007926801,0.0011609632,-0.45161307,nan,nan,nan,nan,nan,nan,0.0,0.0,0.0,0.0,0.0,0.0,nan,nan,nan,1,0,0,0
4341510220,4341510210,0.05739919,-0.008111889,0.13602023,0.89217776,-0.007954399,0.0012821461,-0.45161265,nan,nan,nan,nan,nan,nan,0.0,0.0,0.0,0.0,0.0,0.0,nan,nan,nan,1,0,0,0
4341516477,4341516472,0.057405762,-0.008090266,0.13600603,0.89219266,-0.007829886,0.0011990352,-0.45158562,nan,nan,nan,nan,nan,nan,0.0,0.0,0.0,0.0,0.0,0.0,nan,nan,nan,1,0,0,0
4341524486,4341524482,0.057401285,-0.008112786,0.13601916,0.892183,-0.007943423,0.0012759523,-0.45160234,nan,nan,nan,nan,nan,nan,0.0,0.0,0.0,0.0,0.0,0.0,nan,nan,nan,1,0,0,0
4341533487,4341533482,0.05740546,-0.008108223,0.13599455,0.89216703,-0.007888336,0.0013449008,-0.45163482,nan,nan,nan,nan,nan,nan,0.0,0.0,0.0,0.0,0.0,0.0,nan,nan,nan,1,0,0,0
4341540612,4341540608,0.05740022,-0.008114897,0.13600793,0.8921751,-0.00792679,0.001274746,-0.45161843,nan,nan,nan,nan,nan,nan,0.0,0.0,0.0,0.0,0.0,0.0,nan,nan,nan,1,0,0,0
4341549621,4341549617,0.057403788,-0.008087817,0.13600408,0.89218175,-0.007841489,0.0012797618,-0.45160675,nan,nan,nan,nan,nan,nan,0.0,0.0,0.0,0.0,0.0,0.0,nan,nan,nan,1,0,0,0
4341559217,4341559209,0.05740677,-0.008094569,0.13599403,0.89218694,-0.007911702,0.0012372988,-0.45159522,nan,nan,nan,nan,nan,nan,0.0,0.0,0.0,0.0,0.0,0.0,nan,nan,nan,1,0,0,0
4341566493,4341566489,0.057390533,-0.008106256,0.13600793,0.89217293,-0.007993856,0.0012977683,-0.45162144,nan,nan,nan,nan,nan,nan,0.0,0.0,0.0,0.0,0.0,0.0,nan,nan,nan,1,0,0,0
4341573706,4341573701,0.05737994,-0.008088304,0.13600579,0.8921655,-0.007890006,0.0012510553,-0.45163813,nan,nan,nan,nan,nan,nan,0.0,0.0,0.0,0.0,0.0,0.0,nan,nan,nan,1,0,0,0
4341582829,4341582825,0.05737877,-0.008118042,0.13600397,0.8921729,-0.0079261,0.0013003162,-0.4516227,nan,nan,nan,nan,nan,nan,0.0,0.0,0.0,0.0,0.0,0.0,nan,nan,nan,1,0,0,0
4341590491,4341590486,0.057400107,-0.008074285,0.13603371,0.89214474,-0.0075464244,0.00057371164,-0.45168632,nan,nan,nan,nan,nan,nan,0.0,0.0,0.0,0.0,0.0,0.0,nan,nan,nan,1,0,0,0
4341599515,4341599510,0.057374716,-0.008303253,0.13620931,0.8915003,-0.008118014,0.005160358,-0.4529179,nan,nan,nan,nan,nan,nan,0.0,0.0,0.0,0.0,0.0,0.0,nan,nan,nan,1,0,0,0
4341610777,4341610772,0.057384055,-0.00810462,0.13600647,0.89217764,-0.007819142,0.001271969,-0.45161536,nan,nan,nan,nan,nan,nan,0.0,0.0,0.0,0.0,0.0,0.0,nan,nan,nan,1,0,0,0
4341616475,4341616471,0.057391837,-0.008094587,0.13604227,0.8921344,-0.0076220334,0.0005631343,-0.45170543,nan,nan,nan,nan,nan,nan,0.0,0.0,0.0,0.0,0.0,0.0,nan,nan,nan,1,0,0,0
4341625485,4341625481,0.05739502,-0.008120849,0.13599747,0.89216715,-0.007906766,0.0012983202,-0.4516342,nan,nan,nan,nan,nan,nan,0.0,0.0,0.0,0.0,0.0,0.0,nan,nan,nan,1,0,0,0
4341633582,4341633577,0.057394706,-0.008121219,0.13600053,0.89217204,-0.0078903325,0.001313925,-0.45162487,nan,nan,nan,nan,nan,nan,0.0,0.0,0.0,0.0,0.0,0.0,nan,nan,nan,1,0,0,0
4341642795,4341642789,0.057390515,-0.008120211,0.1360021,0.89218503,-0.00793997,0.0012692091,-0.4515985,nan,nan,nan,nan,nan,nan,0.0,0.0,0.0,0.0,0.0,0.0,nan,nan,nan,1,0,0,0
4341649475,4341649471,0.05738763,-0.008111315,0.13600303,0.89216375,-0.007890142,0.0012609031,-0.45164132,nan,nan,nan,nan,nan,nan,0.0,0.0,0.0,0.0,0.0,0.0,nan,nan,nan,1,0,0,0
4341659119,4341659115,0.057361487,-0.008321635,0.13612641,0.8916587,-0.008235222,0.005555492,-0.45259908,nan,nan,nan,nan,nan,nan,0.0,0.0,0.0,0.0,0.0,0.0,nan,nan,nan,1,0,0,0
4341665483,4341665479,0.05738729,-0.008119256,0.1360028,0.8921752,-0.007981373,0.0013218689,-0.45161694,nan,nan,nan,nan,nan,nan,0.0,0.0,0.0,0.0,0.0,0.0,nan,nan,nan,1,0,0,0
4341674481,4341674476,0.05740183,-0.008110262,0.13600445,0.89217484,-0.007877336,0.0012778296,-0.45161974,nan,nan,nan,nan,nan,nan,0.0,0.0,0.0,0.0,0.0,0.0,nan,nan,nan,1,0,0,0
4341682674,4341682670,0.057399098,-0.008077405,0.1360306,0.8921381,-0.0077011418,0.00060242164,-0.45169663,nan,nan,nan,nan,nan,nan,0.0,0.0,0.0,0.0,0.0,0.0,nan,nan,nan,1,0,0,0
4341691534,4341691529,0.057384647,-0.008112156,0.13600892,0.8921866,-0.007891306,0.0012920621,-0.45159623,nan,nan,nan,nan,nan,nan,0.0,0.0,0.0,0.0,0.0,0.0,nan,nan,nan,1,0,0,0
4341699486,4341699481,0.057386074,-0.0080987895,0.13600104,0.8921775,-0.007919943,0.0012707403,-0.4516137,nan,nan,nan,nan,nan,nan,0.0,0.0,0.0,0.0,0.0,0.0,nan,nan,nan,1,0,0,0
4341709258,4341709253,0.057382002,-0.008127134,0.1360005,0.89217085,-0.007873221,0.001340793,-0.45162752,nan,nan,nan,nan,nan,nan,0.0,0.0,0.0,0.0,0.0,0.0,nan,nan,nan,1,0,0,0
4341716559,4341716555,0.057391264,-0.00811151,0.13599324,0.89216816,-0.007877603,0.0013626536,-0.45163265,nan,nan,nan,nan,nan,nan,0.0,0.0,0.0,0.0,0.0,0.0,nan,nan,nan,1,0,0,0
4341724664,4341724659,0.057390284,-0.008103189,0.1360036,0.8921702,-0.007918237,0.001217879,-0.45162842,nan,nan,nan,nan,nan,nan,0.0,0.0,0.0,0.0,0.0,0.0,nan,nan,nan,1,0,0,0
4341732613,4341732608,0.057394985,-0.008119192,0.13601504,0.892169,-0.00796561,0.0013021667,-0.45162955,nan,nan,nan,nan,nan,nan,0.0,0.0,0.0,0.0,0.0,0.0,nan,nan,nan,1,0,0,0
4341741481,4341741476,0.057388857,-0.008324151,0.13612741,0.8916705,-0.008217919,0.0054747984,-0.4525772,nan,nan,nan,nan,nan,nan,0.0,0.0,0.0,0.0,0.0,0.0,nan,nan,nan,1,0,0,0
4341749662,4341749658,0.05742661,-0.008127895,0.13600916,0.8921974,-0.007873927,0.0012798362,-0.4515753,nan,nan,nan,nan,nan,nan,0.0,0.0,0.0,0.0,0.0,0.0,nan,nan,nan,1,0,0,0
4341759618,4341759613,0.05742066,-0.0081074275,0.13600606,0.8921901,-0.007883048,0.0012230321,-0.45158967,nan,nan,nan,nan,nan,nan,0.0,0.0,0.0,0.0,0.0,0.0,nan,nan,nan,1,0,0,0
4341766487,4341766482,0.05740147,-0.008104432,0.13600236,0.8921666,-0.007884976,0.001288591,-0.45163578,nan,nan,nan,nan,nan,nan,0.0,0.0,0.0,0.0,0.0,0.0,nan,nan,nan,1,0,0,0
4341774601,4341774597,0.05737975,-0.008102616,0.13599978,0.8921665,-0.00789996,0.0012880113,-0.45163584,nan,nan,nan,nan,nan,nan,0.0,0.0,0.0,0.0,0.0,0.0,nan,nan,nan,1,0,0,0
4341782502,4341782497,0.05738047,-0.008104449,0.13599706,0.89217937,-0.0078871045,0.0013202478,-0.45161045,nan,nan,nan,nan,nan,nan,0.0,0.0,0.0,0.0,0.0,0.0,nan,nan,nan,1,0,0,0
4341791474,4341791469,0.057399202,-0.008112082,0.13600038,0.892172,-0.0080110105,0.0012887045,-0.45162308,nan,nan,nan,nan,nan,nan,0.0,0.0,0.0,0.0,0.0,0.0,nan,nan,nan,1,0,0,0
4341799803,4341799798,0.057406366,-0.008112252,0.13600005,0.89219093,-0.007887751,0.0012296514,-0.4515878,nan,nan,nan,nan,nan,nan,0.0,0.0,0.0,0.0,0.0,0.0,nan,nan,nan,1,0,0,0
4341808866,4341808862,0.057396546,-0.008112883,0.1360102,0.89216447,-0.007922875,0.0012976306,-0.45163932,nan,nan,nan,nan,nan,nan,0.0,0.0,0.0,0.0,0.0,0.0,nan,nan,nan,1,0,0,0
4341819811,4341819807,0.057399284,-0.008112995,0.1360008,0.89218473,-0.007891846,0.0012283289,-0.45160007,nan,nan,nan,nan,nan,nan,0.0,0.0,0.0,0.0,0.0,0.0,nan,nan,nan,1,0,0,0
4341824537,4341824532,0.05740462,-0.008126789,0.13600807,0.8921851,-0.007949415,0.0013087668,-0.4515982,nan,nan,nan,nan,nan,nan,0.0,0.0,0.0,0.0,0.0,0.0,nan,nan,nan,1,0,0,0
4341835500,4341835495,0.057385117,-0.008334814,0.1361312,0.8916532,-0.00830793,0.0054939594,-0.4526097,nan,nan,nan,nan,nan,nan,0.0,0.0,0.0,0.0,0.0,0.0,nan,nan,nan,1,0,0,0
4341841576,4341841572,0.057390787,-0.008114049,0.13600013,0.89217335,-0.007863327,0.0012728148,-0.45162296,nan,nan,nan,nan,nan,nan,0.0,0.0,0.0,0.0,0.0,0.0,nan,nan,nan,1,0,0,0
4341850477,4341850472,0.057379615,-0.008097778,0.1360096,0.8921798,-0.007936038,0.0011575895,-0.4516091,nan,nan,nan,nan,nan,nan,0.0,0.0,0.0,0.0,0.0,0.0,nan,nan,nan,1,0,0,0
4341858474,4341858470,0.057374876,-0.00808922,0.13599585,0.8921689,-0.007925784,0.0012741573,-0.45163065,nan,nan,nan,nan,nan,nan,0.0,0.0,0.0,0.0,0.0,0.0,nan,nan,nan,1,0,0,0
4341868430,4341868423,0.057367,-0.008115535,0.13599968,0.892188,-0.008048906,0.0012150381,-0.4515909,nan,nan,nan,nan,nan,nan,0.0,0.0,0.0,0.0,0.0,0.0,nan,nan,nan,1,0,0,0
4341874595,4341874590,0.057372946,-0.008096439,0.13599892,0.8921755,-0.007940306,0.0012549083,-0.4516173,nan,nan,nan,nan,nan,nan,0.0,0.0,0.0,0.0,0.0,0.0,nan,nan,nan,1,0,0,0
4341883483,4341883477,0.057383362,-0.008115031,0.13600433,0.89218515,-0.00794705,0.0011903605,-0.4515983,nan,nan,nan,nan,nan,nan,0.0,0.0,0.0,0.0,0.0,0.0,nan,nan,nan,1,0,0,0
4341891492,4341891488,0.05739218,-0.008108767,0.13600792,0.89217573,-0.007952133,0.0013181181,-0.4516165,nan,nan,nan,nan,nan,nan,0.0,0.0,0.0,0.0,0.0,0.0,nan,nan,nan,1,0,0,0
4341899488,4341899483,0.05737125,-0.0083217025,0.13613816,0.8916765,-0.008278621,0.005436181,-0.45256487,nan,nan,nan,nan,nan,nan,0.0,0.0,0.0,0.0,0.0,0.0,nan,nan,nan,1,0,0,0
4341908805,4341908800,0.057398815,-0.008110115,0.13599056,0.89218354,-0.007832683,0.0011447367,-0.45160365,nan,nan,nan,nan,nan,nan,0.0,0.0,0.0,0.0,0.0,0.0,nan,nan,nan,1,0,0,0
4341919476,4341919472,0.057401154,-0.008116621,0.13600111,0.89219236,-0.007861198,0.0012282827,-0.45158544,nan,nan,nan,nan,nan,nan,0.0,0.0,0.0,0.0,0.0,0.0,nan,nan,nan,1,0,0,0
4341924486,4341924481,0.05739484,-0.008112438,0.13599859,0.89218724,-0.007909382,0.001182439,-0.45159504,nan,nan,nan,nan,nan,nan,0.0,0.0,0.0,0.0,0.0,0.0,nan,nan,nan,1,0,0,0
4341934478,4341934473,0.057386786,-0.008111357,0.1360079,0.89217764,-0.007916955,0.001358578,-0.4516133,nan,nan,nan,nan,nan,nan,0.0,0.0,0.0,0.0,0.0,0.0,nan,nan,nan,1,0,0,0
4341941482,4341941477,0.0573921,-0.0081151705,0.13601024,0.89217216,-0.007921133,0.001371894,-0.45162395,nan,nan,nan,nan,nan,nan,0.0,0.0,0.0,0.0,0.0,0.0,nan,nan,nan,1,0,0,0
4341950665,4341950660,0.057394963,-0.008113716,0.13600715,0.8921842,-0.007957146,0.0012994225,-0.4515997,nan,nan,nan,nan,nan,nan,0.0,0.0,0.0,0.0,0.0,0.0,nan,nan,nan,1,0,0,0
4341958103,4341958099,0.05739457,-0.008122807,0.13601409,0.8921796,-0.007948353,0.0012640989,-0.451609,nan,nan,nan,nan,nan,nan,0.0,0.0,0.0,0.0,0.0,0.0,nan,nan,nan,1,0,0,0
4341968883,4341968878,0.05739601,-0.00811193,0.13601787,0.89217055,-0.007893638,0.0013346636,-0.45162776,nan,nan,nan,nan,nan,nan,0.0,0.0,0.0,0.0,0.0,0.0,nan,nan,nan,1,0,0,0
4341973479,4341973474,0.057396047,-0.008096531,0.13601221,0.8921869,-0.007922332,0.0011002389,-0.45159552,nan,nan,nan,nan,nan,nan,0.0,0.0,0.0,0.0,0.0,0.0,nan,nan,nan,1,0,0,0
4341985615,4341985610,0.05739529,-0.0081093805,0.13600574,0.8921645,-0.007857086,0.0012958159,-0.45164043,nan,nan,nan,nan,nan,nan,0.0,0.0,0.0,0.0,0.0,0.0,nan,nan,nan,1,0,0,0
4341992561,4341992557,0.057397828,-0.008111429,0.13600495,0.89217424,-0.007863518,0.0013385013,-0.45162085,nan,nan,nan,nan,nan,nan,0.0,0.0,0.0,0.0,0.0,0.0,nan,nan,nan,1,0,0,0
4342001516,4342001511,0.057398513,-0.008105908,0.13599932,0.8921728,-0.007862903,0.0012077575,-0.45162416,nan,nan,nan,nan,nan,nan,0.0,0.0,0.0,0.0,0.0,0.0,nan,nan,nan,1,0,0,0
4342008480,4342008476,0.057391003,-0.008112108,0.13600416,0.8921656,-0.007865305,0.0013039431,-0.4516382,nan,nan,nan,nan,nan,nan,0.0,0.0,0.0,0.0,0.0,0.0,nan,nan,nan,1,0,0,0
4342016505,4342016501,0.057381533,-0.00809448,0.13600333,0.8921786,-0.007904019,0.0012148705,-0.45161197,nan,nan,nan,nan,nan,nan,0.0,0.0,0.0,0.0,0.0,0.0,nan,nan,nan,1,0,0,0
4342024491,4342024487,0.057380076,-0.00810067,0.13600537,0.8921662,-0.007922109,0.0013179968,-0.45163596,nan,nan,nan,nan,nan,nan,0.0,0.0,0.0,0.0,0.0,0.0,nan,nan,nan,1,0,0,0
4342033509,4342033504,0.057409894,-0.008137064,0.13602382,0.8921795,-0.007938274,0.0014241396,-0.4516089,nan,nan,nan,nan,nan,nan,0.0,0.0,0.0,0.0,0.0,0.0,nan,nan,nan,1,0,0,0
4342042506,4342042501,0.05742754,-0.0081292745,0.1360147,0.8921871,-0.007921619,0.0012910407,-0.4515948,nan,nan,nan,nan,nan,nan,0.0,0.0,0.0,0.0,0.0,0.0,nan,nan,nan,1,0,0,0
4342050503,4342050498,0.057404034,-0.00811924,0.1360132,0.8921927,-0.0079547055,0.0012101895,-0.45158327,nan,nan,nan,nan,nan,nan,0.0,0.0,0.0,0.0,0.0,0.0,nan,nan,nan,1,0,0,0
4342060222,4342060218,0.057384126,-0.008096622,0.13601427,0.8921824,-0.007959258,0.001124253,-0.45160374,nan,nan,nan,nan,nan,nan,0.0,0.0,0.0,0.0,0.0,0.0,nan,nan,nan,1,0,0,0
4342068521,4342068517,0.057385072,-0.008107795,0.13601361,0.8921711,-0.007890351,0.0012759845,-0.4516269,nan,nan,nan,nan,nan,nan,0.0,0.0,0.0,0.0,0.0,0.0,nan,nan,nan,1,0,0,0
4342075611,4342075605,0.05738789,-0.008120977,0.13600641,0.8921777,-0.007948349,0.0011963552,-0.45161307,nan,nan,nan,nan,nan,nan,0.0,0.0,0.0,0.0,0.0,0.0,nan,nan,nan,1,0,0,0
4342082477,4342082471,0.057380278,-0.008124051,0.13600177,0.8921795,-0.0079891635,0.0012380047,-0.45160854,nan,nan,nan,nan,nan,nan,0.0,0.0,0.0,0.0,0.0,0.0,nan,nan,nan,1,0,0,0
4342091488,4342091483,0.057378024,-0.008112847,0.13601409,0.89219046,-0.007919188,0.0012719792,-0.45158815,nan,nan,nan,nan,nan,nan,0.0,0.0,0.0,0.0,0.0,0.0,nan,nan,nan,1,0,0,0
4342099504,4342099482,0.057389826,-0.008101738,0.13600793,0.89217824,-0.007923474,0.0012681349,-0.45161226,nan,nan,nan,nan,nan,nan,0.0,0.0,0.0,0.0,0.0,0.0,nan,nan,nan,1,0,0,0
4342108514,4342108509,0.057395343,-0.008112412,0.13601026,0.89217013,-0.007863253,0.0012547884,-0.45162934,nan,nan,nan,nan,nan,nan,0.0,0.0,0.0,0.0,0.0,0.0,nan,nan,nan,1,0,0,0
4342117882,4342117877,0.057395406,-0.008109712,0.13600416,0.89218503,-0.007932788,0.0012916828,-0.45159847,nan,nan,nan,nan,nan,nan,0.0,0.0,0.0,0.0,0.0,0.0,nan,nan,nan,1,0,0,0
4342125490,4342125485,0.057383597,-0.008130675,0.13600414,0.8921667,-0.007959174,0.0013328075,-0.45163417,nan,nan,nan,nan,nan,nan,0.0,0.0,0.0,0.0,0.0,0.0,nan,nan,nan,1,0,0,0
4342133480,4342133476,0.05738394,-0.008101603,0.13600124,0.89217865,-0.00790625,0.0012516086,-0.45161164,nan,nan,nan,nan,nan,nan,0.0,0.0,0.0,0.0,0.0,0.0,nan,nan,nan,1,0,0,0
4342140480,4342140475,0.05737476,-0.008115393,0.13601163,0.8921763,-0.007947151,0.0012262303,-0.45161584,nan,nan,nan,nan,nan,nan,0.0,0.0,0.0,0.0,0.0,0.0,nan,nan,nan,1,0,0,0
4342149502,4342149498,0.0573835,-0.008103824,0.13600361,0.89217496,-0.007946279,0.0012099706,-0.4516184,nan,nan,nan,nan,nan,nan,0.0,0.0,0.0,0.0,0.0,0.0,nan,nan,nan,1,0,0,0
4342158872,4342158868,0.057394464,-0.0081181135,0.13600495,0.8921759,-0.007863943,0.0012461453,-0.45161784,nan,nan,nan,nan,nan,nan,0.0,0.0,0.0,0.0,0.0,0.0,nan,nan,nan,1,0,0,0
4342167579,4342167575,0.057402022,-0.0081142215,0.13599513,0.89218,-0.007918692,0.0012306793,-0.45160884,nan,nan,nan,nan,nan,nan,0.0,0.0,0.0,0.0,0.0,0.0,nan,nan,nan,1,0,0,0
4342175534,4342175508,0.05739212,-0.008122264,0.13601808,0.8921891,-0.007914025,0.0013140901,-0.45159087,nan,nan,nan,nan,nan,nan,0.0,0.0,0.0,0.0,0.0,0.0,nan,nan,nan,1,0,0,0
4342182503,4342182469,0.057381306,-0.008101354,0.13601717,0.89216965,-0.007893877,0.001224396,-0.45162982,nan,nan,nan,nan,nan,nan,0.0,0.0,0.0,0.0,0.0,0.0,nan,nan,nan,1,0,0,0
4342200486,4342200481,0.05737604,-0.008122302,0.13601597,0.89217436,-0.007905409,0.0012600785,-0.45162037,nan,nan,nan,nan,nan,nan,0.0,0.0,0.0,0.0,0.0,0.0,nan,nan,nan,1,0,0,0
4342208769,4342208764,0.057374634,-0.008108346,0.13601479,0.8921666,-0.007873342,0.0012797583,-0.4516359,nan,nan,nan,nan,nan,nan,0.0,0.0,0.0,0.0,0.0,0.0,nan,nan,nan,1,0,0,0
4342215476,4342215472,0.057374973,-0.0080987625,0.13602068,0.8921726,-0.00784529,0.0012334461,-0.4516249,nan,nan,nan,nan,nan,nan,0.0,0.0,0.0,0.0,0.0,0.0,nan,nan,nan,1,0,0,0
4342225485,4342225480,0.05738394,-0.008099419,0.13600698,0.8921677,-0.007905548,0.0013020623,-0.45163321,nan,nan,nan,nan,nan,nan,0.0,0.0,0.0,0.0,0.0,0.0,nan,nan,nan,1,0,0,0
4342234514,4342234509,0.057392813,-0.008128293,0.13601498,0.8921814,-0.0079551125,0.0013635869,-0.45160526,nan,nan,nan,nan,nan,nan,0.0,0.0,0.0,0.0,0.0,0.0,nan,nan,nan,1,0,0,0
4342242060,4342242056,0.057404958,-0.008109621,0.13599904,0.8921772,-0.0079186335,0.0012522438,-0.45161432,nan,nan,nan,nan,nan,nan,0.0,0.0,0.0,0.0,0.0,0.0,nan,nan,nan,1,0,0,0
4342249472,4342249467,0.057405733,-0.008110583,0.13601378,0.8921771,-0.007889167,0.001230976,-0.45161512,nan,nan,nan,nan,nan,nan,0.0,0.0,0.0,0.0,0.0,0.0,nan,nan,nan,1,0,0,0
4342258479,4342258474,0.057398204,-0.008109515,0.13601159,0.89218146,-0.007929463,0.0013086116,-0.4516056,nan,nan,nan,nan,nan,nan,0.0,0.0,0.0,0.0,0.0,0.0,nan,nan,nan,1,0,0,0
4342267508,4342267503,0.057387806,-0.008109202,0.13600953,0.8921863,-0.007902348,0.0012019819,-0.4515969,nan,nan,nan,nan,nan,nan,0.0,0.0,0.0,0.0,0.0,0.0,nan,nan,nan,1,0,0,0
4342274500,4342274495,0.05738823,-0.008099052,0.13600938,0.89217687,-0.007938459,0.0012706361,-0.4516147,nan,nan,nan,nan,nan,nan,0.0,0.0,0.0,0.0,0.0,0.0,nan,nan,nan,1,0,0,0
4342283012,4342283008,0.057389475,-0.008105501,0.13600713,0.8921718,-0.007916222,0.0013667058,-0.4516247,nan,nan,nan,nan,nan,nan,0.0,0.0,0.0,0.0,0.0,0.0,nan,nan,nan,1,0,0,0
4342290488,4342290484,0.05738933,-0.008117606,0.13600834,0.89217854,-0.007891996,0.0013252288,-0.45161197,nan,nan,nan,nan,nan,nan,0.0,0.0,0.0,0.0,0.0,0.0,nan,nan,nan,1,0,0,0
4342300845,4342300840,0.057388306,-0.008107098,0.13601317,0.8921718,-0.00786286,0.00135649,-0.4516257,nan,nan,nan,nan,nan,nan,0.0,0.0,0.0,0.0,0.0,0.0,nan,nan,nan,1,0,0,0
4342308483,4342308478,0.05738472,-0.008113769,0.13602248,0.89217776,-0.007953857,0.0012882601,-0.45161253,nan,nan,nan,nan,nan,nan,0.0,0.0,0.0,0.0,0.0,0.0,nan,nan,nan,1,0,0,0
4342318697,4342318693,0.0573899,-0.008126652,0.1360048,0.89217836,-0.007932346,0.0012410143,-0.451612,nan,nan,nan,nan,nan,nan,0.0,0.0,0.0,0.0,0.0,0.0,nan,nan,nan,1,0,0,0
4342325491,4342325486,0.05739628,-0.008133208,0.1360148,0.8921884,-0.00791235,0.0012983826,-0.4515924,nan,nan,nan,nan,nan,nan,0.0,0.0,0.0,0.0,0.0,0.0,nan,nan,nan,1,0,0,0
4342333490,4342333485,0.057390742,-0.008108267,0.13601267,0.8921864,-0.007861918,0.0012043223,-0.45159736,nan,nan,nan,nan,nan,nan,0.0,0.0,0.0,0.0,0.0,0.0,nan,nan,nan,1,0,0,0
4342341919,4342341914,0.05738346,-0.008104159,0.1360169,0.8921755,-0.007935765,0.0013708121,-0.4516171,nan,nan,nan,nan,nan,nan,0.0,0.0,0.0,0.0,0.0,0.0,nan,nan,nan,1,0,0,0
4342350475,4342350470,0.05737996,-0.0080937585,0.13601851,0.89218134,-0.007965737,0.0011811117,-0.45160553,nan,nan,nan,nan,nan,nan,0.0,0.0,0.0,0.0,0.0,0.0,nan,nan,nan,1,0,0,0
4342359313,4342359309,0.057376534,-0.008101154,0.13600935,0.8921706,-0.007891198,0.0013282165,-0.4516277,nan,nan,nan,nan,nan,nan,0.0,0.0,0.0,0.0,0.0,0.0,nan,nan,nan,1,0,0,0
4342367714,4342367709,0.057377018,-0.008125822,0.13601245,0.8921712,-0.007914474,0.0013492189,-0.45162603,nan,nan,nan,nan,nan,nan,0.0,0.0,0.0,0.0,0.0,0.0,nan,nan,nan,1,0,0,0
4342388264,4342388259,0.057378154,-0.008118862,0.13601351,0.89217114,-0.00794215,0.0013578647,-0.45162573,nan,nan,nan,nan,nan,nan,0.0,0.0,0.0,0.0,0.0,0.0,nan,nan,nan,1,0,0,0
4342395490,4342395486,0.057383694,-0.008129262,0.13601768,0.8921848,-0.007980718,0.0012662391,-0.4515984,nan,nan,nan,nan,nan,nan,0.0,0.0,0.0,0.0,0.0,0.0,nan,nan,nan,1,0,0,0
4342402594,4342402590,0.057406105,-0.0080987355,0.13600205,0.89216805,-0.0077947597,0.0011608786,-0.45163488,nan,nan,nan,nan,nan,nan,0.0,0.0,0.0,0.0,0.0,0.0,nan,nan,nan,1,0,0,0
4342408170,4342408166,0.057405807,-0.008121289,0.13600767,0.89217347,-0.007908178,0.001274058,-0.4516217,nan,nan,nan,nan,nan,nan,0.0,0.0,0.0,0.0,0.0,0.0,nan,nan,nan,1,0,0,0
4342414262,4342414258,0.05739831,-0.00809436,0.13599327,0.8921964,-0.007906873,0.0011172537,-0.45157695,nan,nan,nan,nan,nan,nan,0.0,0.0,0.0,0.0,0.0,0.0,nan,nan,nan,1,0,0,0
4342435478,4342435473,0.057374176,-0.008106615,0.13601601,0.8921841,-0.007881168,0.0012590417,-0.45160127,nan,nan,nan,nan,nan,nan,0.0,0.0,0.0,0.0,0.0,0.0,nan,nan,nan,1,0,0,0
4342442593,4342442589,0.057363715,-0.008102198,0.13601993,0.89218104,-0.007991265,0.0012947926,-0.4516054,nan,nan,nan,nan,nan,nan,0.0,0.0,0.0,0.0,0.0,0.0,nan,nan,nan,1,0,0,0
4342453487,4342453483,0.057373255,-0.008105352,0.13600712,0.8921801,-0.007937707,0.0013060373,-0.45160818,nan,nan,nan,nan,nan,nan,0.0,0.0,0.0,0.0,0.0,0.0,nan,nan,nan,1,0,0,0
4342458477,4342458472,0.057376496,-0.008105836,0.13601093,0.89219964,-0.007852934,0.0012656717,-0.45157108,nan,nan,nan,nan,nan,nan,0.0,0.0,0.0,0.0,0.0,0.0,nan,nan,nan,1,0,0,0
4342463476,4342463471,0.05738627,-0.008100878,0.13602364,0.89216816,-0.0078963395,0.0012902503,-0.45163247,nan,nan,nan,nan,nan,nan,0.0,0.0,0.0,0.0,0.0,0.0,nan,nan,nan,1,0,0,0
4342474474,4342474470,0.057400186,-0.008127892,0.13601705,0.8921884,-0.007979584,0.0013019334,-0.45159113,nan,nan,nan,nan,nan,nan,0.0,0.0,0.0,0.0,0.0,0.0,nan,nan,nan,1,0,0,0
4342485478,4342485473,0.057417087,-0.008119702,0.13600995,0.89216286,-0.007914932,0.0013556287,-0.45164257,nan,nan,nan,nan,nan,nan,0.0,0.0,0.0,0.0,0.0,0.0,nan,nan,nan,1,0,0,0
4342509712,4342509707,0.057389826,-0.00810679,0.13600637,0.89217836,-0.007875335,0.0011564424,-0.45161328,nan,nan,nan,nan,nan,nan,0.0,0.0,0.0,0.0,0.0,0.0,nan,nan,nan,1,0,0,0
4342520487,4342520483,0.057380665,-0.008089964,0.1360173,0.892166,-0.007848883,0.001202783,-0.45163783,nan,nan,nan,nan,nan,nan,0.0,0.0,0.0,0.0,0.0,0.0,nan,nan,nan,1,0,0,0
4342524513,4342524481,0.057391264,-0.008106207,0.13600995,0.8921947,-0.0079174545,0.0012218126,-0.45157993,nan,nan,nan,nan,nan,nan,0.0,0.0,0.0,0.0,0.0,0.0,nan,nan,nan,1,0,0,0
4342532479,4342532474,0.05740123,-0.008117577,0.13599826,0.8921865,-0.007895995,0.0012403004,-0.45159635,nan,nan,nan,nan,nan,nan,0.0,0.0,0.0,0.0,0.0,0.0,nan,nan,nan,1,0,0,0
4342538237,4342538232,0.057396982,-0.00811806,0.13600568,0.89218384,-0.007858705,0.0012112191,-0.45160258,nan,nan,nan,nan,nan,nan,0.0,0.0,0.0,0.0,0.0,0.0,nan,nan,nan,1,0,0,0
4342541500,4342541493,0.057385374,-0.008094775,0.13601072,0.8921611,-0.00786353,0.0012525106,-0.45164725,nan,nan,nan,nan,nan,nan,0.0,0.0,0.0,0.0,0.0,0.0,nan,nan,nan,1,0,0,0
4342558048,4342558044,0.057381034,-0.008109512,0.13601477,0.89218116,-0.007921034,0.0013241688,-0.45160627,nan,nan,nan,nan,nan,nan,0.0,0.0,0.0,0.0,0.0,0.0,nan,nan,nan,1,0,0,0
4342579072,4342578556,0.05738038,-0.008115371,0.13600993,0.8921783,-0.007964134,0.0012492476,-0.4516114,nan,nan,nan,nan,nan,nan,0.0,0.0,0.0,0.0,0.0,0.0,nan,nan,nan,1,0,0,0
4342581502,4342581498,0.057387117,-0.008109282,0.13600634,0.89219123,-0.007916636,0.0011917733,-0.45158684,nan,nan,nan,nan,nan,nan,0.0,0.0,0.0,0.0,0.0,0.0,nan,nan,nan,1,0,0,0
4342584525,4342584520,0.057395417,-0.008113244,0.13601716,0.89218336,-0.007904737,0.0012969067,-0.4516024,nan,nan,nan,nan,nan,nan,0.0,0.0,0.0,0.0,0.0,0.0,nan,nan,nan,1,0,0,0
4342592478,4342592474,0.05739368,-0.008111872,0.13601565,0.8921829,-0.007865938,0.0011979026,-0.4516042,nan,nan,nan,nan,nan,nan,0.0,0.0,0.0,0.0,0.0,0.0,nan,nan,nan,1,0,0,0
4342599527,4342599522,0.057393126,-0.008126134,0.13601595,0.8921815,-0.007941985,0.0013164749,-0.45160517,nan,nan,nan,nan,nan,nan,0.0,0.0,0.0,0.0,0.0,0.0,nan,nan,nan,1,0,0,0
4342608847,4342608843,0.057397965,-0.00812036,0.13601357,0.8921794,-0.007862832,0.0012371859,-0.4516111,nan,nan,nan,nan,nan,nan,0.0,0.0,0.0,0.0,0.0,0.0,nan,nan,nan,1,0,0,0
4342618093,4342618088,0.05739525,-0.008121123,0.13600597,0.8921871,-0.0079569975,0.0013028191,-0.4515939,nan,nan,nan,nan,nan,nan,0.0,0.0,0.0,0.0,0.0,0.0,nan,nan,nan,1,0,0,0
4342624476,4342624471,0.05736494,-0.008314996,0.13615158,0.8916693,-0.0082649,0.0055068578,-0.45257846,nan,nan,nan,nan,nan,nan,0.0,0.0,0.0,0.0,0.0,0.0,nan,nan,nan,1,0,0,0
4342637350,4342637345,0.057377104,-0.008084226,0.13601676,0.8921909,-0.00786754,0.0012680002,-0.4515882,nan,nan,nan,nan,nan,nan,0.0,0.0,0.0,0.0,0.0,0.0,nan,nan,nan,1,0,0,0
4342641539,4342641534,0.05738965,-0.008113636,0.13602307,0.89217037,-0.007876404,0.0012738775,-0.45162854,nan,nan,nan,nan,nan,nan,0.0,0.0,0.0,0.0,0.0,0.0,nan,nan,nan,1,0,0,0
4342653695,4342653690,0.057401843,-0.008093948,0.13599806,0.8921821,-0.007892606,0.0012767025,-0.45160514,nan,nan,nan,nan,nan,nan,0.0,0.0,0.0,0.0,0.0,0.0,nan,nan,nan,1,0,0,0
4342658475,4342658470,0.05739123,-0.008110395,0.13601749,0.8921947,-0.007971954,0.0012410848,-0.45157892,nan,nan,nan,nan,nan,nan,0.0,0.0,0.0,0.0,0.0,0.0,nan,nan,nan,1,0,0,0
4342667612,4342667608,0.057390906,-0.008093779,0.13602127,0.8921812,-0.007861936,0.0011941626,-0.45160753,nan,nan,nan,nan,nan,nan,0.0,0.0,0.0,0.0,0.0,0.0,nan,nan,nan,1,0,0,0
4342685488,4342685484,0.057385314,-0.008112706,0.13602065,0.8921723,-0.007942799,0.001305234,-0.45162362,nan,nan,nan,nan,nan,nan,0.0,0.0,0.0,0.0,0.0,0.0,nan,nan,nan,1,0,0,0
4342693482,4342693478,0.057394564,-0.008111707,0.1360048,0.8921635,-0.007796366,0.0012697392,-0.45164338,nan,nan,nan,nan,nan,nan,0.0,0.0,0.0,0.0,0.0,0.0,nan,nan,nan,1,0,0,0
4342701490,4342701485,0.057379965,-0.008100482,0.13602032,0.89216024,-0.007960942,0.0012854831,-0.45164707,nan,nan,nan,nan,nan,nan,0.0,0.0,0.0,0.0,0.0,0.0,nan,nan,nan,1,0,0,0
4342708498,4342708493,0.05737617,-0.008090381,0.1360199,0.89218545,-0.007949772,0.0012205915,-0.45159778,nan,nan,nan,nan,nan,nan,0.0,0.0,0.0,0.0,0.0,0.0,nan,nan,nan,1,0,0,0
4342715482,4342715477,0.057382897,-0.008084916,0.13602169,0.89218426,-0.007831632,0.001180446,-0.45160222,nan,nan,nan,nan,nan,nan,0.0,0.0,0.0,0.0,0.0,0.0,nan,nan,nan,1,0,0,0
4342725498,4342725494,0.05739209,-0.008102919,0.13601075,0.89216715,-0.007895597,0.0012423394,-0.45163468,nan,nan,nan,nan,nan,nan,0.0,0.0,0.0,0.0,0.0,0.0,nan,nan,nan,1,0,0,0
4342735491,4342735486,0.05740694,-0.008120186,0.13601533,0.89218324,-0.007891808,0.0013054912,-0.45160285,nan,nan,nan,nan,nan,nan,0.0,0.0,0.0,0.0,0.0,0.0,nan,nan,nan,1,0,0,0
4342741486,4342741481,0.057395644,-0.008112882,0.13600975,0.89217585,-0.007916517,0.001251385,-0.45161715,nan,nan,nan,nan,nan,nan,0.0,0.0,0.0,0.0,0.0,0.0,nan,nan,nan,1,0,0,0
4342750325,4342750320,0.057395265,-0.008107826,0.13601388,0.8921766,-0.007935464,0.0013009021,-0.45161518,nan,nan,nan,nan,nan,nan,0.0,0.0,0.0,0.0,0.0,0.0,nan,nan,nan,1,0,0,0
4342758955,4342758950,0.057388972,-0.008101515,0.13601725,0.8921752,-0.007897795,0.0012925419,-0.4516186,nan,nan,nan,nan,nan,nan,0.0,0.0,0.0,0.0,0.0,0.0,nan,nan,nan,1,0,0,0
4342768652,4342768647,0.057389718,-0.008104993,0.13601261,0.89218134,-0.007880471,0.0011427206,-0.45160714,nan,nan,nan,nan,nan,nan,0.0,0.0,0.0,0.0,0.0,0.0,nan,nan,nan,1,0,0,0
4342775511,4342775506,0.05737872,-0.008101875,0.13599972,0.8921764,-0.00792838,0.0012414329,-0.45161584,nan,nan,nan,nan,nan,nan,0.0,0.0,0.0,0.0,0.0,0.0,nan,nan,nan,1,0,0,0
4342784546,4342784541,0.057375133,-0.008113457,0.1360122,0.8921768,-0.007982258,0.0013483842,-0.45161378,nan,nan,nan,nan,nan,nan,0.0,0.0,0.0,0.0,0.0,0.0,nan,nan,nan,1,0,0,0
4342791475,4342791470,0.05737607,-0.008105755,0.13601503,0.8921688,-0.007823782,0.0011938273,-0.4516328,nan,nan,nan,nan,nan,nan,0.0,0.0,0.0,0.0,0.0,0.0,nan,nan,nan,1,0,0,0
4342800491,4342800486,0.057376184,-0.008119005,0.13600263,0.89216757,-0.007887684,0.0012917137,-0.45163384,nan,nan,nan,nan,nan,nan,0.0,0.0,0.0,0.0,0.0,0.0,nan,nan,nan,1,0,0,0
4342808504,4342808500,0.057379358,-0.008142453,0.1360089,0.8921936,-0.007911168,0.001254723,-0.4515821,nan,nan,nan,nan,nan,nan,0.0,0.0,0.0,0.0,0.0,0.0,nan,nan,nan,1,0,0,0
4342815479,4342815474,0.057387147,-0.008144631,0.13600656,0.8921824,-0.007850347,0.0012585572,-0.4516053,nan,nan,nan,nan,nan,nan,0.0,0.0,0.0,0.0,0.0,0.0,nan,nan,nan,1,0,0,0
4342824552,4342824547,0.05739832,-0.008132765,0.13601291,0.89217454,-0.0078024687,0.0012768827,-0.4516214,nan,nan,nan,nan,nan,nan,0.0,0.0,0.0,0.0,0.0,0.0,nan,nan,nan,1,0,0,0
4342832543,4342832538,0.057401992,-0.008126527,0.13601662,0.8921805,-0.007881592,0.0012120378,-0.45160857,nan,nan,nan,nan,nan,nan,0.0,0.0,0.0,0.0,0.0,0.0,nan,nan,nan,1,0,0,0
4342841509,4342841504,0.057390686,-0.008130753,0.13601911,0.8921726,-0.007887321,0.001299135,-0.45162392,nan,nan,nan,nan,nan,nan,0.0,0.0,0.0,0.0,0.0,0.0,nan,nan,nan,1,0,0,0
4342849482,4342849477,0.057375718,-0.0081214225,0.1360214,0.89218146,-0.007839399,0.0012571703,-0.45160735,nan,nan,nan,nan,nan,nan,0.0,0.0,0.0,0.0,0.0,0.0,nan,nan,nan,1,0,0,0
4342859568,4342859564,0.057376903,-0.008105881,0.13602002,0.892204,-0.007913961,0.0011809341,-0.45156172,nan,nan,nan,nan,nan,nan,0.0,0.0,0.0,0.0,0.0,0.0,nan,nan,nan,1,0,0,0
4342868232,4342868228,0.057351213,-0.008310142,0.13614811,0.8916811,-0.008167153,0.0055186716,-0.45255682,nan,nan,nan,nan,nan,nan,0.0,0.0,0.0,0.0,0.0,0.0,nan,nan,nan,1,0,0,0
4342874497,4342874492,0.05738213,-0.008104699,0.13600829,0.8921786,-0.007848764,0.0012683108,-0.45161295,nan,nan,nan,nan,nan,nan,0.0,0.0,0.0,0.0,0.0,0.0,nan,nan,nan,1,0,0,0
4342884805,4342884801,0.057389308,-0.008117998,0.13600388,0.8921784,-0.007859778,0.0011518885,-0.45161337,nan,nan,nan,nan,nan,nan,0.0,0.0,0.0,0.0,0.0,0.0,nan,nan,nan,1,0,0,0
4342891475,4342891471,0.057381235,-0.008317253,0.13612118,0.89165896,-0.008219589,0.005544826,-0.4525991,nan,nan,nan,nan,nan,nan,0.0,0.0,0.0,0.0,0.0,0.0,nan,nan,nan,1,0,0,0
4342901079,4342901073,0.05739446,-0.008121772,0.13600679,0.89218956,-0.0077820825,0.0012285844,-0.45159245,nan,nan,nan,nan,nan,nan,0.0,0.0,0.0,0.0,0.0,0.0,nan,nan,nan,1,0,0,0
4342907491,4342907486,0.057398565,-0.008106761,0.13601151,0.8921915,-0.007848221,0.0012424021,-0.45158735,nan,nan,nan,nan,nan,nan,0.0,0.0,0.0,0.0,0.0,0.0,nan,nan,nan,1,0,0,0
4342918687,4342918682,0.05739093,-0.008135635,0.13601422,0.89218986,-0.007846624,0.0013215633,-0.4515905,nan,nan,nan,nan,nan,nan,0.0,0.0,0.0,0.0,0.0,0.0,nan,nan,nan,1,0,0,0
4342925353,4342925348,0.05737673,-0.008126545,0.13602212,0.8921794,-0.007913398,0.0012193965,-0.45161024,nan,nan,nan,nan,nan,nan,0.0,0.0,0.0,0.0,0.0,0.0,nan,nan,nan,1,0,0,0
4342934752,4342934746,0.05736892,-0.008133897,0.13602023,0.8921737,-0.007864024,0.001325841,-0.4516221,nan,nan,nan,nan,nan,nan,0.0,0.0,0.0,0.0,0.0,0.0,nan,nan,nan,1,0,0,0
4342941487,4342941482,0.057373814,-0.008136488,0.13602494,0.89218503,-0.007896895,0.0012568088,-0.4515994,nan,nan,nan,nan,nan,nan,0.0,0.0,0.0,0.0,0.0,0.0,nan,nan,nan,1,0,0,0
4342951859,4342951855,0.057379093,-0.008127394,0.13602786,0.89217085,-0.007890871,0.0013053163,-0.4516273,nan,nan,nan,nan,nan,nan,0.0,0.0,0.0,0.0,0.0,0.0,nan,nan,nan,1,0,0,0
4342958473,4342958467,0.057375956,-0.0081195785,0.13602833,0.89218205,-0.007807055,0.0012292885,-0.451607,nan,nan,nan,nan,nan,nan,0.0,0.0,0.0,0.0,0.0,0.0,nan,nan,nan,1,0,0,0
4342966890,4342966885,0.057372697,-0.008132746,0.13601229,0.8921653,-0.007881348,0.0012910742,-0.45163852,nan,nan,nan,nan,nan,nan,0.0,0.0,0.0,0.0,0.0,0.0,nan,nan,nan,1,0,0,0
4342975123,4342975118,0.057386212,-0.008135827,0.13601841,0.8921854,-0.007810567,0.0012330097,-0.45160022,nan,nan,nan,nan,nan,nan,0.0,0.0,0.0,0.0,0.0,0.0,nan,nan,nan,1,0,0,0
4342984006,4342984001,0.057399463,-0.00812766,0.13601187,0.8921815,-0.0077975155,0.0012139485,-0.45160803,nan,nan,nan,nan,nan,nan,0.0,0.0,0.0,0.0,0.0,0.0,nan,nan,nan,1,0,0,0
4342990927,4342990921,0.057396077,-0.008141842,0.13600935,0.89218163,-0.007848319,0.0013192274,-0.45160678,nan,nan,nan,nan,nan,nan,0.0,0.0,0.0,0.0,0.0,0.0,nan,nan,nan,1,0,0,0
4342999493,4342999489,0.057401475,-0.008136496,0.13600866,0.89217687,-0.007799843,0.0012827668,-0.45161715,nan,nan,nan,nan,nan,nan,0.0,0.0,0.0,0.0,0.0,0.0,nan,nan,nan,1,0,0,0
4343007484,4343007479,0.057375595,-0.008406882,0.13626364,0.8914557,-0.008216829,0.00593044,-0.4529945,nan,nan,nan,nan,nan,nan,0.0,0.0,0.0,0.0,0.0,0.0,nan,nan,nan,1,0,0,0
4343017113,4343017108,0.057394374,-0.008137366,0.13600178,0.8921847,-0.00784087,0.0013112439,-0.45160088,nan,nan,nan,nan,nan,nan,0.0,0.0,0.0,0.0,0.0,0.0,nan,nan,nan,1,0,0,0
4343031472,4343031468,0.05738074,-0.008124028,0.13599746,0.8921777,-0.00784804,0.0012543297,-0.4516146,nan,nan,nan,nan,nan,nan,0.0,0.0,0.0,0.0,0.0,0.0,nan,nan,nan,1,0,0,0
4343038071,4343038066,0.057385065,-0.00808368,0.13604204,0.89214784,-0.007502109,0.0005574957,-0.4516809,nan,nan,nan,nan,nan,nan,0.0,0.0,0.0,0.0,0.0,0.0,nan,nan,nan,1,0,0,0
4343044488,4343044483,0.057369817,-0.008139249,0.13599494,0.89216536,-0.0077632456,0.0013064006,-0.45164034,nan,nan,nan,nan,nan,nan,0.0,0.0,0.0,0.0,0.0,0.0,nan,nan,nan,1,0,0,0
4343050978,4343050972,0.057363607,-0.0081332335,0.13600038,0.8921975,-0.007761594,0.0012320941,-0.45157698,nan,nan,nan,nan,nan,nan,0.0,0.0,0.0,0.0,0.0,0.0,nan,nan,nan,1,0,0,0
4343057477,4343057473,0.057353772,-0.008128689,0.13601919,0.89216954,-0.0077912975,0.0013591949,-0.45163143,nan,nan,nan,nan,nan,nan,0.0,0.0,0.0,0.0,0.0,0.0,nan,nan,nan,1,0,0,0
4343067126,4343067121,0.057375863,-0.008123545,0.1360163,0.89217687,-0.007847261,0.0012807257,-0.4516163,nan,nan,nan,nan,nan,nan,0.0,0.0,0.0,0.0,0.0,0.0,nan,nan,nan,1,0,0,0
4343074483,4343074479,0.057392705,-0.008137325,0.13601075,0.8921946,-0.007859741,0.0012335749,-0.45158103,nan,nan,nan,nan,nan,nan,0.0,0.0,0.0,0.0,0.0,0.0,nan,nan,nan,1,0,0,0
4343086894,4343086889,0.05740389,-0.008133563,0.13601366,0.8921845,-0.007829403,0.001139209,-0.45160186,nan,nan,nan,nan,nan,nan,0.0,0.0,0.0,0.0,0.0,0.0,nan,nan,nan,1,0,0,0
4343092001,4343091996,0.057404432,-0.008145114,0.13601643,0.892182,-0.007821785,0.0013366592,-0.4516063,nan,nan,nan,nan,nan,nan,0.0,0.0,0.0,0.0,0.0,0.0,nan,nan,nan,1,0,0,0
4343099490,4343099486,0.057401568,-0.008136208,0.13601351,0.8921781,-0.007866707,0.0012705894,-0.45161334,nan,nan,nan,nan,nan,nan,0.0,0.0,0.0,0.0,0.0,0.0,nan,nan,nan,1,0,0,0
4343107488,4343107483,0.05738226,-0.008119879,0.13601609,0.8921783,-0.0077658496,0.0012517589,-0.4516149,nan,nan,nan,nan,nan,nan,0.0,0.0,0.0,0.0,0.0,0.0,nan,nan,nan,1,0,0,0
4343116695,4343116690,0.057364695,-0.008109038,0.13600771,0.8921836,-0.007813631,0.0011177337,-0.4516039,nan,nan,nan,nan,nan,nan,0.0,0.0,0.0,0.0,0.0,0.0,nan,nan,nan,1,0,0,0
4343124477,4343124472,0.05736594,-0.008129516,0.13600488,0.89217097,-0.0077658985,0.0012317367,-0.4516293,nan,nan,nan,nan,nan,nan,0.0,0.0,0.0,0.0,0.0,0.0,nan,nan,nan,1,0,0,0
4343136836,4343136831,0.05737599,-0.0081185475,0.13599509,0.8921868,-0.007799152,0.0012478648,-0.45159742,nan,nan,nan,nan,nan,nan,0.0,0.0,0.0,0.0,0.0,0.0,nan,nan,nan,1,0,0,0
4343141585,4343141581,0.05738216,-0.008115763,0.1360117,0.8921743,-0.007814369,0.0012760034,-0.45162186,nan,nan,nan,nan,nan,nan,0.0,0.0,0.0,0.0,0.0,0.0,nan,nan,nan,1,0,0,0
4343149510,4343149506,0.057382848,-0.008105807,0.13602307,0.8921892,-0.007901369,0.0011919776,-0.45159113,nan,nan,nan,nan,nan,nan,0.0,0.0,0.0,0.0,0.0,0.0,nan,nan,nan,1,0,0,0
4343157506,4343157501,0.057393886,-0.008137836,0.13603033,0.89218426,-0.007869616,0.00123161,-0.4516012,nan,nan,nan,nan,nan,nan,0.0,0.0,0.0,0.0,0.0,0.0,nan,nan,nan,1,0,0,0
4343166560,4343166555,0.05740683,-0.008160722,0.1360146,0.89218307,-0.007864148,0.001335017,-0.4516035,nan,nan,nan,nan,nan,nan,0.0,0.0,0.0,0.0,0.0,0.0,nan,nan,nan,1,0,0,0
4343177971,4343177966,0.057392653,-0.00815845,0.13602243,0.89218336,-0.007885336,0.0014205058,-0.4516024,nan,nan,nan,nan,nan,nan,0.0,0.0,0.0,0.0,0.0,0.0,nan,nan,nan,1,0,0,0
4343183476,4343183472,0.057389606,-0.008134888,0.13602114,0.89219916,-0.007843432,0.0011230436,-0.45157257,nan,nan,nan,nan,nan,nan,0.0,0.0,0.0,0.0,0.0,0.0,nan,nan,nan,1,0,0,0
4343192479,4343192474,0.057398356,-0.008155726,0.13604732,0.8923824,-0.0069119227,0.0013262316,-0.4512253,nan,nan,nan,nan,nan,nan,0.0,0.0,0.0,0.0,0.0,0.0,nan,nan,nan,1,0,0,0
4343199809,4343199803,0.05738762,-0.008143993,0.13604909,0.89239985,-0.006884328,0.0013567841,-0.4511909,nan,nan,nan,nan,nan,nan,0.0,0.0,0.0,0.0,0.0,0.0,nan,nan,nan,1,0,0,0
4343208486,4343208481,0.057368632,-0.008083601,0.13594295,0.89275795,-0.0067663905,0.0005445908,-0.4504856,nan,nan,nan,nan,nan,nan,0.0,0.0,0.0,0.0,0.0,0.0,nan,nan,nan,1,0,0,0
4343217435,4343217431,0.05734814,-0.008282566,0.13619798,0.89178234,-0.0073521533,0.0036656435,-0.45239007,nan,nan,nan,nan,nan,nan,0.0,0.0,0.0,0.0,0.0,0.0,nan,nan,nan,1,0,0,0
4343224474,4343224469,0.057357837,-0.008280392,0.13619535,0.8917981,-0.0073347045,0.0035582944,-0.4523602,nan,nan,nan,nan,nan,nan,0.0,0.0,0.0,0.0,0.0,0.0,nan,nan,nan,1,0,0,0
4343232492,4343232486,0.05735438,-0.008283045,0.13620006,0.8917798,-0.007364427,0.0035909463,-0.45239547,nan,nan,nan,nan,nan,nan,0.0,0.0,0.0,0.0,0.0,0.0,nan,nan,nan,1,0,0,0
4343241510,4343241506,0.057355326,-0.008289955,0.13620852,0.89176875,-0.0073639955,0.003547529,-0.45241764,nan,nan,nan,nan,nan,nan,0.0,0.0,0.0,0.0,0.0,0.0,nan,nan,nan,1,0,0,0
4343249524,4343249494,0.057363242,-0.008287332,0.13619927,0.8917655,-0.0073469253,0.0035103876,-0.4524246,nan,nan,nan,nan,nan,nan,0.0,0.0,0.0,0.0,0.0,0.0,nan,nan,nan,1,0,0,0
4343258478,4343258473,0.057366833,-0.008287028,0.1362007,0.8917544,-0.007431321,0.0035762491,-0.45244467,nan,nan,nan,nan,nan,nan,0.0,0.0,0.0,0.0,0.0,0.0,nan,nan,nan,1,0,0,0
4343267059,4343267054,0.057338934,-0.008269123,0.13622452,0.8917526,-0.0073434017,0.0036290286,-0.4524492,nan,nan,nan,nan,nan,nan,0.0,0.0,0.0,0.0,0.0,0.0,nan,nan,nan,1,0,0,0
4343277075,4343277071,0.057295054,-0.008255212,0.13623185,0.89179105,-0.007412294,0.003251604,-0.45237502,nan,nan,nan,nan,nan,nan,0.0,0.0,0.0,0.0,0.0,0.0,nan,nan,nan,1,0,0,0
4343282635,4343282631,0.057342447,-0.008196084,0.1361366,0.89182425,-0.0075883376,0.0028722358,-0.4523093,nan,nan,nan,nan,nan,nan,0.0,0.0,0.0,0.0,0.0,0.0,nan,nan,nan,1,0,0,0
4343291527,4343291522,0.05734371,-0.008203831,0.1361324,0.8918258,-0.007656903,0.0029223957,-0.45230487,nan,nan,nan,nan,nan,nan,0.0,0.0,0.0,0.0,0.0,0.0,nan,nan,nan,1,0,0,0
4343299490,4343299485,0.0573367,-0.0081800185,0.13614695,0.89180684,-0.007646953,0.0028941527,-0.45234248,nan,nan,nan,nan,nan,nan,0.0,0.0,0.0,0.0,0.0,0.0,nan,nan,nan,1,0,0,0
4343308476,4343308471,0.057346392,-0.008180477,0.13615842,0.89179707,-0.0077136387,0.0028143001,-0.45236114,nan,nan,nan,nan,nan,nan,0.0,0.0,0.0,0.0,0.0,0.0,nan,nan,nan,1,0,0,0
4343316879,4343316874,0.057351038,-0.008204045,0.13615836,0.89181256,-0.007608094,0.0028204625,-0.4523323,nan,nan,nan,nan,nan,nan,0.0,0.0,0.0,0.0,0.0,0.0,nan,nan,nan,1,0,0,0
4343324565,4343324561,0.057382014,-0.008217563,0.13615409,0.89184225,-0.007625501,0.0030516875,-0.45227206,nan,nan,nan,nan,nan,nan,0.0,0.0,0.0,0.0,0.0,0.0,nan,nan,nan,1,0,0,0
4343334490,4343334485,0.057347327,-0.008251072,0.13613786,0.89185214,-0.0075262603,0.003519895,-0.45225054,nan,nan,nan,nan,nan,nan,0.0,0.0,0.0,0.0,0.0,0.0,nan,nan,nan,1,0,0,0
4343341489,4343341484,0.05737552,-0.00836363,0.13604592,0.8922949,-0.007550533,0.004350817,-0.4513689,nan,nan,nan,nan,nan,nan,0.0,0.0,0.0,0.0,0.0,0.0,nan,nan,nan,1,0,0,0
4343352600,4343352596,0.05738822,-0.008374973,0.1360514,0.8922039,-0.0077567804,0.0043696505,-0.45154497,nan,nan,nan,nan,nan,nan,0.0,0.0,0.0,0.0,0.0,0.0,nan,nan,nan,1,0,0,0
4343358502,4343358498,0.05727413,-0.0082283225,0.13616924,0.8922243,-0.00869698,0.002218208,-0.45150325,nan,nan,nan,nan,nan,nan,0.0,0.0,0.0,0.0,0.0,0.0,nan,nan,nan,1,0,0,0
4343366920,4343366916,0.05730022,-0.008097868,0.13610661,0.8922213,-0.0076508564,-0.001061276,-0.4515323,nan,nan,nan,nan,nan,nan,0.0,0.0,0.0,0.0,0.0,0.0,nan,nan,nan,1,0,0,0
4343374486,4343374482,0.057365526,-0.008323329,0.13608898,0.89216393,-0.008810074,0.0027965019,-0.45161727,nan,nan,nan,nan,nan,nan,0.0,0.0,0.0,0.0,0.0,0.0,nan,nan,nan,1,0,0,0
4343383493,4343383488,0.05738991,-0.00835613,0.1360707,0.8922393,-0.008871965,0.0038046024,-0.45145974,nan,nan,nan,nan,nan,nan,0.0,0.0,0.0,0.0,0.0,0.0,nan,nan,nan,1,0,0,0
4343391474,4343391470,0.057385202,-0.008363682,0.13607325,0.8922682,-0.0087368535,0.0040864553,-0.45140266,nan,nan,nan,nan,nan,nan,0.0,0.0,0.0,0.0,0.0,0.0,nan,nan,nan,1,0,0,0
4343400532,4343400505,0.057336584,-0.008459229,0.13604301,0.8922333,-0.008420957,0.0048011714,-0.45147064,nan,nan,nan,nan,nan,nan,0.0,0.0,0.0,0.0,0.0,0.0,nan,nan,nan,1,0,0,0
4343407497,4343407493,0.057357945,-0.008398631,0.13606575,0.89228284,-0.008912755,0.0039459164,-0.4513716,nan,nan,nan,nan,nan,nan,0.0,0.0,0.0,0.0,0.0,0.0,nan,nan,nan,1,0,0,0
4343417199,4343417195,0.057338867,-0.008351018,0.13609225,0.89224124,-0.008980516,0.0037126148,-0.4514544,nan,nan,nan,nan,nan,nan,0.0,0.0,0.0,0.0,0.0,0.0,nan,nan,nan,1,0,0,0
4343424476,4343424472,0.05733394,-0.008344586,0.13612334,0.89220876,-0.008843419,0.0036107749,-0.4515223,nan,nan,nan,nan,nan,nan,0.0,0.0,0.0,0.0,0.0,0.0,nan,nan,nan,1,0,0,0
4343434483,4343434477,0.05733788,-0.008334952,0.13609909,0.8921991,-0.008900803,0.003736699,-0.45153904,nan,nan,nan,nan,nan,nan,0.0,0.0,0.0,0.0,0.0,0.0,nan,nan,nan,1,0,0,0
4343441825,4343441820,0.057318173,-0.008332782,0.13611858,0.89214736,-0.008673947,0.003811229,-0.45164514,nan,nan,nan,nan,nan,nan,0.0,0.0,0.0,0.0,0.0,0.0,nan,nan,nan,1,0,0,0
4343453483,4343453479,0.05730551,-0.008301416,0.1361197,0.89213073,-0.008840386,0.0038216524,-0.4516746,nan,nan,nan,nan,nan,nan,0.0,0.0,0.0,0.0,0.0,0.0,nan,nan,nan,1,0,0,0
4343458479,4343458475,0.057278384,-0.008340517,0.1361431,0.8921276,-0.008822151,0.003646297,-0.45168284,nan,nan,nan,nan,nan,nan,0.0,0.0,0.0,0.0,0.0,0.0,nan,nan,nan,1,0,0,0
4343467491,4343467486,0.057324205,-0.008360731,0.13605775,0.8922582,-0.0088286875,0.003948523,-0.45142186,nan,nan,nan,nan,nan,nan,0.0,0.0,0.0,0.0,0.0,0.0,nan,nan,nan,1,0,0,0
4343474481,4343474476,0.0572875,-0.008353069,0.13607535,0.8921417,-0.008881842,0.003949263,-0.45165107,nan,nan,nan,nan,nan,nan,0.0,0.0,0.0,0.0,0.0,0.0,nan,nan,nan,1,0,0,0
4343483619,4343483614,0.057355482,-0.008564254,0.13611309,0.89243,-0.008069981,0.0045697317,-0.4510904,nan,nan,nan,nan,nan,nan,0.0,0.0,0.0,0.0,0.0,0.0,nan,nan,nan,1,0,0,0
4343490471,4343490466,0.05730012,-0.00868741,0.13617726,0.8923898,-0.0072025624,0.005913273,-0.4511693,nan,nan,nan,nan,nan,nan,0.0,0.0,0.0,0.0,0.0,0.0,nan,nan,nan,1,0,0,0
4343500495,4343500491,0.057311054,-0.008525937,0.1359128,0.89248955,-0.008431171,0.00782736,-0.45092142,nan,nan,nan,nan,nan,nan,0.0,0.0,0.0,0.0,0.0,0.0,nan,nan,nan,1,0,0,0
4343507487,4343507483,0.057462838,-0.008750902,0.1359643,0.89282453,-0.006905976,0.007244511,-0.45029336,nan,nan,nan,nan,nan,nan,0.0,0.0,0.0,0.0,0.0,0.0,nan,nan,nan,1,0,0,0
4343516634,4343516629,0.05746956,-0.008780117,0.13594823,0.8928967,-0.0066759703,0.007642888,-0.45014724,nan,nan,nan,nan,nan,nan,0.0,0.0,0.0,0.0,0.0,0.0,nan,nan,nan,1,0,0,0
4343524477,4343524473,0.057472263,-0.008786639,0.13593909,0.8929022,-0.006866992,0.007502722,-0.45013568,nan,nan,nan,nan,nan,nan,0.0,0.0,0.0,0.0,0.0,0.0,nan,nan,nan,1,0,0,0
4343548599,4343548594,0.057458192,-0.008775978,0.13593663,0.8928718,-0.006788701,0.0073400964,-0.45019987,nan,nan,nan,nan,nan,nan,0.0,0.0,0.0,0.0,0.0,0.0,nan,nan,nan,1,0,0,0
4343551481,4343551477,0.057468675,-0.00877817,0.13592649,0.8928568,-0.006693113,0.007586727,-0.45022705,nan,nan,nan,nan,nan,nan,0.0,0.0,0.0,0.0,0.0,0.0,nan,nan,nan,1,0,0,0
4343561475,4343561470,0.057469115,-0.008756967,0.13593367,0.89284426,-0.0068223285,0.007461448,-0.45025215,nan,nan,nan,nan,nan,nan,0.0,0.0,0.0,0.0,0.0,0.0,nan,nan,nan,1,0,0,0
4343566488,4343566483,0.05746795,-0.008768312,0.13593881,0.89285463,-0.0067894426,0.0074242894,-0.45023263,nan,nan,nan,nan,nan,nan,0.0,0.0,0.0,0.0,0.0,0.0,nan,nan,nan,1,0,0,0
4343577060,4343577055,0.05746682,-0.008778872,0.13592927,0.8928407,-0.006882023,0.007347344,-0.45025998,nan,nan,nan,nan,nan,nan,0.0,0.0,0.0,0.0,0.0,0.0,nan,nan,nan,1,0,0,0
4343583579,4343583574,0.057485025,-0.00880266,0.13591817,0.8928849,-0.0067412555,0.0075354883,-0.4501715,nan,nan,nan,nan,nan,nan,0.0,0.0,0.0,0.0,0.0,0.0,nan,nan,nan,1,0,0,0
4343592474,4343592469,0.057464518,-0.008765229,0.13595194,0.8928456,-0.006932435,0.0073993225,-0.4502487,nan,nan,nan,nan,nan,nan,0.0,0.0,0.0,0.0,0.0,0.0,nan,nan,nan,1,0,0,0
4343599486,4343599481,0.05745428,-0.008736843,0.13595775,0.8928259,-0.0067180865,0.0073394417,-0.4502921,nan,nan,nan,nan,nan,nan,0.0,0.0,0.0,0.0,0.0,0.0,nan,nan,nan,1,0,0,0
4343609479,4343609474,0.057454288,-0.008768973,0.13592994,0.89288586,-0.006749467,0.0076395054,-0.45016766,nan,nan,nan,nan,nan,nan,0.0,0.0,0.0,0.0,0.0,0.0,nan,nan,nan,1,0,0,0
4343616481,4343616477,0.05745982,-0.008772779,0.13592072,0.89292306,-0.0066187005,0.007517133,-0.45009783,nan,nan,nan,nan,nan,nan,0.0,0.0,0.0,0.0,0.0,0.0,nan,nan,nan,1,0,0,0
4343624473,4343624468,0.05743574,-0.008754749,0.1359466,0.8928649,-0.0069304374,0.007392948,-0.45021063,nan,nan,nan,nan,nan,nan,0.0,0.0,0.0,0.0,0.0,0.0,nan,nan,nan,1,0,0,0
4343636123,4343636118,0.057452742,-0.0087477425,0.13594772,0.89288497,-0.00666739,0.0074648107,-0.45017353,nan,nan,nan,nan,nan,nan,0.0,0.0,0.0,0.0,0.0,0.0,nan,nan,nan,1,0,0,0
4343641493,4343641488,0.05746457,-0.008769633,0.13594618,0.89287376,-0.006715686,0.0075375033,-0.45019385,nan,nan,nan,nan,nan,nan,0.0,0.0,0.0,0.0,0.0,0.0,nan,nan,nan,1,0,0,0
4343649484,4343649479,0.057461366,-0.008793291,0.13594301,0.8928287,-0.006961488,0.0066177566,-0.45029402,nan,nan,nan,nan,nan,nan,0.0,0.0,0.0,0.0,0.0,0.0,nan,nan,nan,1,0,0,0
4343660475,4343660470,0.05743497,-0.008802327,0.13588203,0.8927464,-0.008209338,0.0033520444,-0.45047238,nan,nan,nan,nan,nan,nan,0.0,0.0,0.0,0.0,0.0,0.0,nan,nan,nan,1,0,0,0
4343667530,4343667525,0.05729752,-0.0087163225,0.13585646,0.8927191,-0.009279069,-0.0017686143,-0.4505146,nan,nan,nan,nan,nan,nan,0.0,0.0,0.0,0.0,0.0,0.0,nan,nan,nan,1,0,0,0
4343678171,4343678167,0.057153605,-0.008631302,0.13584384,0.89260954,-0.0101204375,-0.005295407,-0.45068586,nan,nan,nan,nan,nan,nan,0.0,0.0,0.0,0.0,0.0,0.0,nan,nan,nan,1,0,0,0
4343683482,4343683477,0.05696188,-0.008608501,0.13590507,0.89242536,-0.011537784,-0.0082475105,-0.45097223,nan,nan,nan,nan,nan,nan,0.0,0.0,0.0,0.0,0.0,0.0,nan,nan,nan,1,0,0,0
4343690522,4343690517,0.056781255,-0.008518245,0.13592988,0.89189696,-0.0124882925,-0.012168588,-0.4519024,nan,nan,nan,nan,nan,nan,0.0,0.0,0.0,0.0,0.0,0.0,nan,nan,nan,1,0,0,0
4343700009,4343700005,0.056617845,-0.00835723,0.1360061,0.89148474,-0.013619895,-0.01582296,-0.4525695,nan,nan,nan,nan,nan,nan,0.0,0.0,0.0,0.0,0.0,0.0,nan,nan,nan,1,0,0,0
4343708484,4343708479,0.056480963,-0.008234924,0.13601841,0.8911225,-0.015629964,-0.018549826,-0.4531141,nan,nan,nan,nan,nan,nan,0.0,0.0,0.0,0.0,0.0,0.0,nan,nan,nan,1,0,0,0
4343716476,4343716471,0.056421995,-0.008165641,0.13599104,0.8911334,-0.018442165,-0.02067595,-0.45289463,nan,nan,nan,nan,nan,nan,0.0,0.0,0.0,0.0,0.0,0.0,nan,nan,nan,1,0,0,0
4343725844,4343725840,0.056370173,-0.008046072,0.13583237,0.8910357,-0.02094196,-0.023573648,-0.45283666,nan,nan,nan,nan,nan,nan,0.0,0.0,0.0,0.0,0.0,0.0,nan,nan,nan,1,0,0,0
4343736410,4343736406,0.05635343,-0.007934028,0.13571802,0.8910069,-0.023415498,-0.024816964,-0.4527058,nan,nan,nan,nan,nan,nan,0.0,0.0,0.0,0.0,0.0,0.0,nan,nan,nan,1,0,0,0
4343741509,4343741505,0.056307267,-0.00783106,0.13567431,0.890847,-0.02611487,-0.026646733,-0.4527687,nan,nan,nan,nan,nan,nan,0.0,0.0,0.0,0.0,0.0,0.0,nan,nan,nan,1,0,0,0
4343749958,4343749954,0.05627125,-0.0077067954,0.13562176,0.89076704,-0.02835689,-0.028187128,-0.45269802,nan,nan,nan,nan,nan,nan,0.0,0.0,0.0,0.0,0.0,0.0,nan,nan,nan,1,0,0,0
4343761472,4343761468,0.05625536,-0.007636591,0.13559057,0.8907962,-0.029958904,-0.02893277,-0.45249024,nan,nan,nan,nan,nan,nan,0.0,0.0,0.0,0.0,0.0,0.0,nan,nan,nan,1,0,0,0
4343767319,4343767314,0.056267425,-0.0076526175,0.13557348,0.8907988,-0.03038023,-0.028946154,-0.45245615,nan,nan,nan,nan,nan,nan,0.0,0.0,0.0,0.0,0.0,0.0,nan,nan,nan,1,0,0,0
4343776560,4343776555,0.05628435,-0.0077062543,0.13556294,0.890872,-0.0301939,-0.028511487,-0.45235208,nan,nan,nan,nan,nan,nan,0.0,0.0,0.0,0.0,0.0,0.0,nan,nan,nan,1,0,0,0
4343782482,4343782477,0.05630705,-0.007733795,0.13559122,0.8909869,-0.029984256,-0.028162524,-0.45216158,nan,nan,nan,nan,nan,nan,0.0,0.0,0.0,0.0,0.0,0.0,nan,nan,nan,1,0,0,0
4343791475,4343791470,0.05635946,-0.0077555496,0.1356094,0.8911023,-0.02922298,-0.027160179,-0.45204544,nan,nan,nan,nan,nan,nan,0.0,0.0,0.0,0.0,0.0,0.0,nan,nan,nan,1,0,0,0
4343802488,4343802483,0.05643221,-0.007840914,0.13567552,0.89154494,-0.028297616,-0.024802841,-0.45136645,nan,nan,nan,nan,nan,nan,0.0,0.0,0.0,0.0,0.0,0.0,nan,nan,nan,1,0,0,0
4343810867,4343810862,0.05641047,-0.007941943,0.13568607,0.89146966,-0.026478417,-0.024415964,-0.45164657,nan,nan,nan,nan,nan,nan,0.0,0.0,0.0,0.0,0.0,0.0,nan,nan,nan,1,0,0,0
4343818484,4343818478,0.0564275,-0.008036735,0.13597827,0.8914019,-0.023152417,-0.021878406,-0.45209265,nan,nan,nan,nan,nan,nan,0.0,0.0,0.0,0.0,0.0,0.0,nan,nan,nan,1,0,0,0
4343826031,4343826026,0.0565051,-0.008213297,0.1359865,0.8897474,-0.023347892,-0.017875088,-0.45550492,nan,nan,nan,nan,nan,nan,0.0,0.0,0.0,0.0,0.0,0.0,nan,nan,nan,1,0,0,0
4343833487,4343833483,0.056475528,-0.008322272,0.13606924,0.8885671,-0.023345418,-0.015697032,-0.45788324,nan,nan,nan,nan,nan,nan,0.0,0.0,0.0,0.0,0.0,0.0,nan,nan,nan,1,0,0,0
4343841487,4343841483,0.056439627,-0.008254433,0.13614896,0.88786024,-0.022917697,-0.016575824,-0.4592431,nan,nan,nan,nan,nan,nan,0.0,0.0,0.0,0.0,0.0,0.0,nan,nan,nan,1,0,0,0
4343849856,4343849851,0.056379646,-0.00823108,0.13623118,0.8873082,-0.022348735,-0.017295577,-0.46031028,nan,nan,nan,nan,nan,nan,0.0,0.0,0.0,0.0,0.0,0.0,nan,nan,nan,1,0,0,0
4343857476,4343857472,0.05633688,-0.008226934,0.13631848,0.8869946,-0.020316755,-0.017391937,-0.46100467,nan,nan,nan,nan,nan,nan,0.0,0.0,0.0,0.0,0.0,0.0,nan,nan,nan,1,0,0,0
4343868480,4343868476,0.056325756,-0.008307144,0.13640223,0.8870507,-0.01618823,-0.015643584,-0.46112284,nan,nan,nan,nan,nan,nan,0.0,0.0,0.0,0.0,0.0,0.0,nan,nan,nan,1,0,0,0
4343875720,4343875715,0.05637451,-0.008490175,0.13646269,0.8874329,-0.0109296655,-0.011273655,-0.4606695,nan,nan,nan,nan,nan,nan,0.0,0.0,0.0,0.0,0.0,0.0,nan,nan,nan,1,0,0,0
4343882478,4343882474,0.056407213,-0.008536087,0.13651522,0.8876787,-0.009754739,-0.009687571,-0.46025822,nan,nan,nan,nan,nan,nan,0.0,0.0,0.0,0.0,0.0,0.0,nan,nan,nan,1,0,0,0
4343891543,4343891509,0.056381017,-0.008461584,0.13648166,0.88787466,-0.009139785,-0.010878891,-0.45986614,nan,nan,nan,nan,nan,nan,0.0,0.0,0.0,0.0,0.0,0.0,nan,nan,nan,1,0,0,0
4343898490,4343898485,0.05627762,-0.008216841,0.13654245,0.88781285,-0.008171184,-0.014591745,-0.45990077,nan,nan,nan,nan,nan,nan,0.0,0.0,0.0,0.0,0.0,0.0,nan,nan,nan,1,0,0,0
4343908488,4343908483,0.056212194,-0.007983554,0.13660456,0.8875042,-0.00796396,-0.016850492,-0.46042255,nan,nan,nan,nan,nan,nan,0.0,0.0,0.0,0.0,0.0,0.0,nan,nan,nan,1,0,0,0
4343915930,4343915925,0.05622989,-0.007999663,0.13661252,0.88754475,-0.0068161045,-0.015437018,-0.46041238,nan,nan,nan,nan,nan,nan,0.0,0.0,0.0,0.0,0.0,0.0,nan,nan,nan,1,0,0,0
4343926551,4343926546,0.05623241,-0.008026326,0.13662851,0.88760096,-0.0061856327,-0.014793387,-0.46033403,nan,nan,nan,nan,nan,nan,0.0,0.0,0.0,0.0,0.0,0.0,nan,nan,nan,1,0,0,0
4343933491,4343933486,0.056207895,-0.00788243,0.13662276,0.88753515,-0.0060769557,-0.016081292,-0.4604192,nan,nan,nan,nan,nan,nan,0.0,0.0,0.0,0.0,0.0,0.0,nan,nan,nan,1,0,0,0
4343941517,4343941512,0.056199238,-0.0077318,0.13658188,0.8874999,-0.0055610673,-0.0173657,-0.46044686,nan,nan,nan,nan,nan,nan,0.0,0.0,0.0,0.0,0.0,0.0,nan,nan,nan,1,0,0,0
4343949815,4343949809,0.056219075,-0.007628326,0.13650681,0.88751245,-0.005048861,-0.017899353,-0.46040824,nan,nan,nan,nan,nan,nan,0.0,0.0,0.0,0.0,0.0,0.0,nan,nan,nan,1,0,0,0
4343958474,4343958469,0.05624892,-0.0075618355,0.13644634,0.8875123,-0.004252745,-0.01781785,-0.46041974,nan,nan,nan,nan,nan,nan,0.0,0.0,0.0,0.0,0.0,0.0,nan,nan,nan,1,0,0,0
4343967253,4343967248,0.056272715,-0.0074278023,0.13640313,0.8873342,-0.0032864343,-0.018192623,-0.46075624,nan,nan,nan,nan,nan,nan,0.0,0.0,0.0,0.0,0.0,0.0,nan,nan,nan,1,0,0,0
4343976438,4343976434,0.056291852,-0.00722844,0.13642043,0.8869409,-0.0021205002,-0.019383743,-0.46147105,nan,nan,nan,nan,nan,nan,0.0,0.0,0.0,0.0,0.0,0.0,nan,nan,nan,1,0,0,0
4343986529,4343986525,0.056319986,-0.007052558,0.1364408,0.8866637,-0.0009798434,-0.020603376,-0.46195474,nan,nan,nan,nan,nan,nan,0.0,0.0,0.0,0.0,0.0,0.0,nan,nan,nan,1,0,0,0
4343991476,4343991471,0.056335375,-0.0069274907,0.13653228,0.88647413,0.00019093364,-0.021095168,-0.46229705,nan,nan,nan,nan,nan,nan,0.0,0.0,0.0,0.0,0.0,0.0,nan,nan,nan,1,0,0,0
4344000551,4344000546,0.05635657,-0.0067226253,0.13664618,0.8860609,0.0020960893,-0.021977078,-0.4630428,nan,nan,nan,nan,nan,nan,0.0,0.0,0.0,0.0,0.0,0.0,nan,nan,nan,1,0,0,0
4344007598,4344007510,0.056402236,-0.0065364637,0.13672785,0.8857023,0.0037093214,-0.02274706,-0.46368098,nan,nan,nan,nan,nan,nan,0.0,0.0,0.0,0.0,0.0,0.0,nan,nan,nan,1,0,0,0
4344016485,4344016480,0.05646024,-0.0063753324,0.13681602,0.8852919,0.005322224,-0.02312596,-0.46443003,nan,nan,nan,nan,nan,nan,0.0,0.0,0.0,0.0,0.0,0.0,nan,nan,nan,1,0,0,0
4344026432,4344026427,0.056505203,-0.006169318,0.1368996,0.8848423,0.0067844777,-0.02408836,-0.46521795,nan,nan,nan,nan,nan,nan,0.0,0.0,0.0,0.0,0.0,0.0,nan,nan,nan,1,0,0,0
4344033494,4344033489,0.056578666,-0.0059839734,0.13692483,0.8844721,0.008257143,-0.024690213,-0.46586624,nan,nan,nan,nan,nan,nan,0.0,0.0,0.0,0.0,0.0,0.0,nan,nan,nan,1,0,0,0
4344041491,4344041484,0.056568198,-0.0054005673,0.13694805,0.88356197,0.007993684,-0.025596691,-0.46754596,nan,nan,nan,nan,nan,nan,0.0,0.0,0.0,0.0,0.0,0.0,nan,nan,nan,1,0,0,0
4344050486,4344050482,0.056655668,-0.0051369206,0.13693964,0.88312316,0.009513663,-0.027156096,-0.468258,nan,nan,nan,nan,nan,nan,0.0,0.0,0.0,0.0,0.0,0.0,nan,nan,nan,1,0,0,0
4344057476,4344057472,0.0567545,-0.0048657306,0.1369557,0.8825638,0.011915488,-0.028356371,-0.46918553,nan,nan,nan,nan,nan,nan,0.0,0.0,0.0,0.0,0.0,0.0,nan,nan,nan,1,0,0,0
4344069527,4344069522,0.056857333,-0.0045426083,0.13693756,0.88202596,0.014742784,-0.028806511,-0.47008833,nan,nan,nan,nan,nan,nan,0.0,0.0,0.0,0.0,0.0,0.0,nan,nan,nan,1,0,0,0
4344075828,4344075824,0.0569311,-0.0041878666,0.13694227,0.8815627,0.017477531,-0.0301645,-0.4707778,nan,nan,nan,nan,nan,nan,0.0,0.0,0.0,0.0,0.0,0.0,nan,nan,nan,1,0,0,0
4344083483,4344083478,0.05699256,-0.0036640638,0.13679445,0.88129646,0.02150011,-0.02907708,-0.47117803,nan,nan,nan,nan,nan,nan,0.0,0.0,0.0,0.0,0.0,0.0,nan,nan,nan,1,0,0,0
4344091642,4344091637,0.057065345,-0.0031165353,0.13681093,0.8807621,0.024645105,-0.030199962,-0.47195205,nan,nan,nan,nan,nan,nan,0.0,0.0,0.0,0.0,0.0,0.0,nan,nan,nan,1,0,0,0
4344101636,4344101631,0.057125363,-0.0026366443,0.13684757,0.8800732,0.028164253,-0.031444855,-0.47295773,nan,nan,nan,nan,nan,nan,0.0,0.0,0.0,0.0,0.0,0.0,nan,nan,nan,1,0,0,0
4344107513,4344107481,0.05717522,-0.0022594377,0.13690647,0.8792626,0.03204278,-0.034244657,-0.47402292,nan,nan,nan,nan,nan,nan,0.0,0.0,0.0,0.0,0.0,0.0,nan,nan,nan,1,0,0,0
4344117038,4344117033,0.05715746,-0.0017826358,0.13715816,0.8783057,0.03516141,-0.03629154,-0.47542155,nan,nan,nan,nan,nan,nan,0.0,0.0,0.0,0.0,0.0,0.0,nan,nan,nan,1,0,0,0
4344123476,4344123472,0.057214156,-0.0011033771,0.13748175,0.8770208,0.039108507,-0.03665356,-0.47745335,nan,nan,nan,nan,nan,nan,0.0,0.0,0.0,0.0,0.0,0.0,nan,nan,nan,1,0,0,0
4344132520,4344132515,0.057137482,-0.00048119808,0.13772368,0.87628436,0.043604124,-0.036733262,-0.47840893,nan,nan,nan,nan,nan,nan,0.0,0.0,0.0,0.0,0.0,0.0,nan,nan,nan,1,0,0,0
4344140489,4344140484,0.056972057,1.883111e-05,0.13795805,0.8754493,0.04776232,-0.0418554,-0.47911954,nan,nan,nan,nan,nan,nan,0.0,0.0,0.0,0.0,0.0,0.0,nan,nan,nan,1,0,0,0
4344149498,4344149494,0.05685016,0.0005713201,0.13818805,0.87466055,0.05193046,-0.045172233,-0.4798245,nan,nan,nan,nan,nan,nan,0.0,0.0,0.0,0.0,0.0,0.0,nan,nan,nan,1,0,0,0
4344158476,4344158471,0.056892514,0.0011955714,0.13830772,0.8736286,0.056667846,-0.04610552,-0.481078,nan,nan,nan,nan,nan,nan,0.0,0.0,0.0,0.0,0.0,0.0,nan,nan,nan,1,0,0,0
4344169491,4344169486,0.05696507,0.0017165085,0.13830642,0.8727437,0.060941152,-0.04754374,-0.48202103,nan,nan,nan,nan,nan,nan,0.0,0.0,0.0,0.0,0.0,0.0,nan,nan,nan,1,0,0,0
4344176989,4344176984,0.056992963,0.002328386,0.13837565,0.8719609,0.065198556,-0.050589994,-0.48257005,nan,nan,nan,nan,nan,nan,0.0,0.0,0.0,0.0,0.0,0.0,nan,nan,nan,1,0,0,0
4344183483,4344183478,0.057111476,0.0031050085,0.13842288,0.87063056,0.07042426,-0.05453352,-0.48380676,nan,nan,nan,nan,nan,nan,0.0,0.0,0.0,0.0,0.0,0.0,nan,nan,nan,1,0,0,0
4344192899,4344192894,0.057336863,0.0038634227,0.13844116,0.8692161,0.07485769,-0.059184264,-0.48513597,nan,nan,nan,nan,nan,nan,0.0,0.0,0.0,0.0,0.0,0.0,nan,nan,nan,1,0,0,0
4344199538,4344199534,0.05771304,0.0045056907,0.13830759,0.868081,0.0796305,-0.06068686,-0.48622167,nan,nan,nan,nan,nan,nan,0.0,0.0,0.0,0.0,0.0,0.0,nan,nan,nan,1,0,0,0
4344207486,4344207482,0.058342613,0.0051116114,0.13797475,0.8672955,0.084230706,-0.061400272,-0.48675832,nan,nan,nan,nan,nan,nan,0.0,0.0,0.0,0.0,0.0,0.0,nan,nan,nan,1,0,0,0
4344216555,4344216550,0.059127536,0.005605052,0.13742393,0.8676263,0.08961536,-0.06111663,-0.4852405,nan,nan,nan,nan,nan,nan,0.0,0.0,0.0,0.0,0.0,0.0,nan,nan,nan,1,0,0,0
4344225494,4344225489,0.059964728,0.0062290933,0.13693033,0.86838955,0.09470102,-0.0643084,-0.4824891,nan,nan,nan,nan,nan,nan,0.0,0.0,0.0,0.0,0.0,0.0,nan,nan,nan,1,0,0,0
4344232688,4344232683,0.06077819,0.006797408,0.13674751,0.86805135,0.100374006,-0.069074474,-0.48129055,nan,nan,nan,nan,nan,nan,0.0,0.0,0.0,0.0,0.0,0.0,nan,nan,nan,1,0,0,0
4344241716,4344241711,0.061562497,0.0073589347,0.13632475,0.86890703,0.10380919,-0.066452965,-0.47938314,nan,nan,nan,nan,nan,nan,0.0,0.0,0.0,0.0,0.0,0.0,nan,nan,nan,1,0,0,0
4344250482,4344250477,0.062163837,0.008232508,0.13604012,0.86956745,0.10765588,-0.064207785,-0.47764,nan,nan,nan,nan,nan,nan,0.0,0.0,0.0,0.0,0.0,0.0,nan,nan,nan,1,0,0,0
4344258470,4344258466,0.062777504,0.008916464,0.13583414,0.86955065,0.11142093,-0.06741322,-0.47636384,nan,nan,nan,nan,nan,nan,0.0,0.0,0.0,0.0,0.0,0.0,nan,nan,nan,1,0,0,0
4344266741,4344266736,0.06311991,0.009504484,0.13594674,0.8677687,0.11612953,-0.07892877,-0.47671953,nan,nan,nan,nan,nan,nan,0.0,0.0,0.0,0.0,0.0,0.0,nan,nan,nan,1,0,0,0
4344275725,4344275721,0.06312313,0.0103287995,0.13619202,0.8653657,0.12019039,-0.08579392,-0.47889027,nan,nan,nan,nan,nan,nan,0.0,0.0,0.0,0.0,0.0,0.0,nan,nan,nan,1,0,0,0
4344283060,4344283056,0.06304996,0.011020098,0.13646261,0.8624138,0.123128615,-0.090311244,-0.4826237,nan,nan,nan,nan,nan,nan,0.0,0.0,0.0,0.0,0.0,0.0,nan,nan,nan,1,0,0,0
4344291834,4344291830,0.06300462,0.011587803,0.13657048,0.85917616,0.12697254,-0.09276114,-0.48691845,nan,nan,nan,nan,nan,nan,0.0,0.0,0.0,0.0,0.0,0.0,nan,nan,nan,1,0,0,0
4344299492,4344299486,0.06298785,0.0120434575,0.13662039,0.85594904,0.1327449,-0.094503455,-0.49071297,nan,nan,nan,nan,nan,nan,0.0,0.0,0.0,0.0,0.0,0.0,nan,nan,nan,1,0,0,0
4344308511,4344308507,0.06308769,0.0125578,0.13651335,0.85235685,0.13753623,-0.09615118,-0.49530438,nan,nan,nan,nan,nan,nan,0.0,0.0,0.0,0.0,0.0,0.0,nan,nan,nan,1,0,0,0
4344316500,4344316495,0.0632982,0.013079997,0.13662599,0.84854174,0.14038713,-0.09919638,-0.5004283,nan,nan,nan,nan,nan,nan,0.0,0.0,0.0,0.0,0.0,0.0,nan,nan,nan,1,0,0,0
4344325473,4344325469,0.06353207,0.013386715,0.13703623,0.8445919,0.14437264,-0.10612247,-0.5045385,nan,nan,nan,nan,nan,nan,0.0,0.0,0.0,0.0,0.0,0.0,nan,nan,nan,1,0,0,0
4344332606,4344332601,0.063643694,0.014365703,0.13698989,0.8399938,0.14407817,-0.110453784,-0.51132363,nan,nan,nan,nan,nan,nan,0.0,0.0,0.0,0.0,0.0,0.0,nan,nan,nan,1,0,0,0
4344341486,4344341481,0.063563354,0.015370879,0.13671589,0.83543444,0.14435582,-0.11503571,-0.5176653,nan,nan,nan,nan,nan,nan,0.0,0.0,0.0,0.0,0.0,0.0,nan,nan,nan,1,0,0,0
4344349483,4344349478,0.063479334,0.016031593,0.1366745,0.8315311,0.14701122,-0.11943726,-0.5221862,nan,nan,nan,nan,nan,nan,0.0,0.0,0.0,0.0,0.0,0.0,nan,nan,nan,1,0,0,0
4344358476,4344358472,0.063429534,0.016768668,0.13647096,0.8274317,0.14924839,-0.12470659,-0.5268112,nan,nan,nan,nan,nan,nan,0.0,0.0,0.0,0.0,0.0,0.0,nan,nan,nan,1,0,0,0
4344367552,4344367519,0.063347325,0.01767234,0.13641232,0.8237635,0.15107614,-0.12933473,-0.5309071,nan,nan,nan,nan,nan,nan,0.0,0.0,0.0,0.0,0.0,0.0,nan,nan,nan,1,0,0,0
4344375806,4344375802,0.06328601,0.018400453,0.13638704,0.8201376,0.1533305,-0.13563056,-0.53429246,nan,nan,nan,nan,nan,nan,0.0,0.0,0.0,0.0,0.0,0.0,nan,nan,nan,1,0,0,0
4344383092,4344383087,0.06308622,0.019489411,0.13623224,0.8165627,0.15290892,-0.14110824,-0.538454,nan,nan,nan,nan,nan,nan,0.0,0.0,0.0,0.0,0.0,0.0,nan,nan,nan,1,0,0,0
4344391762,4344391757,0.06293222,0.020445812,0.13626938,0.813144,0.15236573,-0.14752233,-0.5420505,nan,nan,nan,nan,nan,nan,0.0,0.0,0.0,0.0,0.0,0.0,nan,nan,nan,1,0,0,0
4344398507,4344398502,0.062827945,0.021606697,0.13617575,0.81033677,0.15067883,-0.15182014,-0.54552805,nan,nan,nan,nan,nan,nan,0.0,0.0,0.0,0.0,0.0,0.0,nan,nan,nan,1,0,0,0
4344408477,4344408472,0.062721156,0.022770585,0.13632925,0.8072336,0.14512286,-0.1566088,-0.5502608,nan,nan,nan,nan,nan,nan,0.0,0.0,0.0,0.0,0.0,0.0,nan,nan,nan,1,0,0,0
4344415482,4344415478,0.062441994,0.023894994,0.1366376,0.8039776,0.1358812,-0.16092888,-0.5561099,nan,nan,nan,nan,nan,nan,0.0,0.0,0.0,0.0,0.0,0.0,nan,nan,nan,1,0,0,0
4344425239,4344425234,0.06198195,0.02536659,0.13673104,0.80141616,0.124394245,-0.16289023,-0.56189424,nan,nan,nan,nan,nan,nan,0.0,0.0,0.0,0.0,0.0,0.0,nan,nan,nan,1,0,0,0
4344432490,4344432485,0.061612204,0.02719533,0.1363949,0.79954034,0.11341433,-0.16200952,-0.5671202,nan,nan,nan,nan,nan,nan,0.0,0.0,0.0,0.0,0.0,0.0,nan,nan,nan,1,0,0,0
4344441485,4344441480,0.06132438,0.029066,0.1361054,0.7987947,0.10324096,-0.15801024,-0.57122785,nan,nan,nan,nan,nan,nan,0.0,0.0,0.0,0.0,0.0,0.0,nan,nan,nan,1,0,0,0
4344449481,4344449476,0.06107773,0.030376026,0.13615815,0.7995714,0.095042415,-0.15026237,-0.57364947,nan,nan,nan,nan,nan,nan,0.0,0.0,0.0,0.0,0.0,0.0,nan,nan,nan,1,0,0,0
4344457474,4344457470,0.06075151,0.031970426,0.13619691,0.8002382,0.08467118,-0.14117278,-0.57664543,nan,nan,nan,nan,nan,nan,0.0,0.0,0.0,0.0,0.0,0.0,nan,nan,nan,1,0,0,0
4344467496,4344467491,0.060348958,0.03389615,0.13613662,0.79977566,0.07325122,-0.13274197,-0.5808379,nan,nan,nan,nan,nan,nan,0.0,0.0,0.0,0.0,0.0,0.0,nan,nan,nan,1,0,0,0
4344478932,4344478927,0.059808083,0.035761286,0.13643235,0.79833394,0.060650993,-0.12801914,-0.58531654,nan,nan,nan,nan,nan,nan,0.0,0.0,0.0,0.0,0.0,0.0,nan,nan,nan,1,0,0,0
4344484875,4344484869,0.059279077,0.03747718,0.13658816,0.7982632,0.048482865,-0.11781633,-0.5886803,nan,nan,nan,nan,nan,nan,0.0,0.0,0.0,0.0,0.0,0.0,nan,nan,nan,1,0,0,0
4344491474,4344491470,0.058749974,0.039127044,0.13694897,0.79828566,0.037752334,-0.10631876,-0.59161735,nan,nan,nan,nan,nan,nan,0.0,0.0,0.0,0.0,0.0,0.0,nan,nan,nan,1,0,0,0
4344500483,4344500477,0.058098406,0.04114626,0.13697082,0.79713005,0.02517533,-0.099032246,-0.59509873,nan,nan,nan,nan,nan,nan,0.0,0.0,0.0,0.0,0.0,0.0,nan,nan,nan,1,0,0,0
4344507486,4344507481,0.057518445,0.042983882,0.13713123,0.79574364,0.01563201,-0.091828555,-0.59842724,nan,nan,nan,nan,nan,nan,0.0,0.0,0.0,0.0,0.0,0.0,nan,nan,nan,1,0,0,0
4344516871,4344516866,0.05708593,0.044609975,0.13731182,0.7946391,0.009030246,-0.08305461,-0.6013061,nan,nan,nan,nan,nan,nan,0.0,0.0,0.0,0.0,0.0,0.0,nan,nan,nan,1,0,0,0
4344525581,4344525576,0.056729693,0.045857612,0.13755947,0.7938835,0.0039660423,-0.07363703,-0.6035816,nan,nan,nan,nan,nan,nan,0.0,0.0,0.0,0.0,0.0,0.0,nan,nan,nan,1,0,0,0
4344535620,4344535615,0.05649494,0.04693435,0.13779421,0.79309607,0.0011268078,-0.06442219,-0.6056791,nan,nan,nan,nan,nan,nan,0.0,0.0,0.0,0.0,0.0,0.0,nan,nan,nan,1,0,0,0
4344541486,4344541482,0.056298878,0.047823537,0.13804711,0.79253554,0.0017460095,-0.05798458,-0.6070602,nan,nan,nan,nan,nan,nan,0.0,0.0,0.0,0.0,0.0,0.0,nan,nan,nan,1,0,0,0
4344549484,4344549479,0.05614946,0.04861578,0.13837239,0.7918042,0.0056301914,-0.05442648,-0.6083191,nan,nan,nan,nan,nan,nan,0.0,0.0,0.0,0.0,0.0,0.0,nan,nan,nan,1,0,0,0
4344558960,4344558956,0.056105122,0.048872124,0.13887773,0.7917732,0.009451501,-0.047817573,-0.6088673,nan,nan,nan,nan,nan,nan,0.0,0.0,0.0,0.0,0.0,0.0,nan,nan,nan,1,0,0,0
4344569479,4344569475,0.056005765,0.04949172,0.13922682,0.79132146,0.015923318,-0.048083436,-0.60929847,nan,nan,nan,nan,nan,nan,0.0,0.0,0.0,0.0,0.0,0.0,nan,nan,nan,1,0,0,0
4344575408,4344575403,0.055861633,0.050251003,0.1393551,0.7905076,0.021140374,-0.054038163,-0.60969704,nan,nan,nan,nan,nan,nan,0.0,0.0,0.0,0.0,0.0,0.0,nan,nan,nan,1,0,0,0
4344585482,4344585478,0.055744864,0.05082075,0.13971494,0.7895038,0.028277697,-0.05793736,-0.6103502,nan,nan,nan,nan,nan,nan,0.0,0.0,0.0,0.0,0.0,0.0,nan,nan,nan,1,0,0,0
4344591476,4344591472,0.05548672,0.05105572,0.14025538,0.7888495,0.037253674,-0.06309057,-0.6102034,nan,nan,nan,nan,nan,nan,0.0,0.0,0.0,0.0,0.0,0.0,nan,nan,nan,1,0,0,0
4344599497,4344599492,0.055308487,0.051526316,0.14061776,0.7868897,0.042731542,-0.067791834,-0.61186844,nan,nan,nan,nan,nan,nan,0.0,0.0,0.0,0.0,0.0,0.0,nan,nan,nan,1,0,0,0
4344607490,4344607486,0.055122264,0.05195478,0.14090073,0.7846579,0.047748532,-0.070498966,-0.61405385,nan,nan,nan,nan,nan,nan,0.0,0.0,0.0,0.0,0.0,0.0,nan,nan,nan,1,0,0,0
4344616490,4344616485,0.054892294,0.05233894,0.14109632,0.7813364,0.050868463,-0.073369816,-0.61769146,nan,nan,nan,nan,nan,nan,0.0,0.0,0.0,0.0,0.0,0.0,nan,nan,nan,1,0,0,0
4344625527,4344625523,0.05454639,0.05288959,0.14133942,0.77741516,0.05434892,-0.0761466,-0.6219917,nan,nan,nan,nan,nan,nan,0.0,0.0,0.0,0.0,0.0,0.0,nan,nan,nan,1,0,0,0
4344633138,4344633134,0.054237667,0.053502087,0.14136958,0.77299404,0.052927017,-0.0753725,-0.62769264,nan,nan,nan,nan,nan,nan,0.0,0.0,0.0,0.0,0.0,0.0,nan,nan,nan,1,0,0,0
4344642208,4344642203,0.05383593,0.05395705,0.14151344,0.76873034,0.05352304,-0.07484977,-0.6329191,nan,nan,nan,nan,nan,nan,0.0,0.0,0.0,0.0,0.0,0.0,nan,nan,nan,1,0,0,0
4344652121,4344652117,0.05332223,0.054186642,0.14175098,0.7641119,0.056412406,-0.07604213,-0.6380973,nan,nan,nan,nan,nan,nan,0.0,0.0,0.0,0.0,0.0,0.0,nan,nan,nan,1,0,0,0
4344657502,4344657497,0.052775107,0.054812655,0.14177221,0.75821614,0.05759976,-0.07735288,-0.644831,nan,nan,nan,nan,nan,nan,0.0,0.0,0.0,0.0,0.0,0.0,nan,nan,nan,1,0,0,0
4344669940,4344669935,0.05226677,0.05589087,0.14182965,0.75284743,0.05320463,-0.076308385,-0.6515882,nan,nan,nan,nan,nan,nan,0.0,0.0,0.0,0.0,0.0,0.0,nan,nan,nan,1,0,0,0
4344674904,4344674900,0.051608764,0.056224864,0.14214365,0.7479288,0.05441187,-0.07554278,-0.65721774,nan,nan,nan,nan,nan,nan,0.0,0.0,0.0,0.0,0.0,0.0,nan,nan,nan,1,0,0,0
4344684818,4344684813,0.05102861,0.05699502,0.14229421,0.7428883,0.05270503,-0.07449784,-0.6631661,nan,nan,nan,nan,nan,nan,0.0,0.0,0.0,0.0,0.0,0.0,nan,nan,nan,1,0,0,0
4344690471,4344690466,0.050480675,0.057760257,0.14254643,0.73848766,0.05032522,-0.07399021,-0.6683029,nan,nan,nan,nan,nan,nan,0.0,0.0,0.0,0.0,0.0,0.0,nan,nan,nan,1,0,0,0
4344699826,4344699822,0.050032042,0.058791112,0.1426571,0.7340787,0.047063358,-0.07503893,-0.6732627,nan,nan,nan,nan,nan,nan,0.0,0.0,0.0,0.0,0.0,0.0,nan,nan,nan,1,0,0,0
4344707476,4344707471,0.04949852,0.05962445,0.14284904,0.7299599,0.044873215,-0.07487962,-0.6778922,nan,nan,nan,nan,nan,nan,0.0,0.0,0.0,0.0,0.0,0.0,nan,nan,nan,1,0,0,0
4344716484,4344716478,0.049069278,0.060326647,0.14306635,0.72657716,0.043259125,-0.0745295,-0.68165934,nan,nan,nan,nan,nan,nan,0.0,0.0,0.0,0.0,0.0,0.0,nan,nan,nan,1,0,0,0
4344725503,4344725498,0.048608482,0.061201163,0.14340688,0.7244548,0.040137883,-0.07438065,-0.68412113,nan,nan,nan,nan,nan,nan,0.0,0.0,0.0,0.0,0.0,0.0,nan,nan,nan,1,0,0,0
4344732580,4344732574,0.04822522,0.06204967,0.14357214,0.7218603,0.039073147,-0.074997045,-0.6868525,nan,nan,nan,nan,nan,nan,0.0,0.0,0.0,0.0,0.0,0.0,nan,nan,nan,1,0,0,0
4344741531,4344741502,0.047825947,0.06280247,0.14380358,0.7203867,0.039199125,-0.075314894,-0.6883561,nan,nan,nan,nan,nan,nan,0.0,0.0,0.0,0.0,0.0,0.0,nan,nan,nan,1,0,0,0
4344750482,4344750477,0.04742276,0.063576594,0.14413616,0.7189907,0.038277835,-0.07707277,-0.6896716,nan,nan,nan,nan,nan,nan,0.0,0.0,0.0,0.0,0.0,0.0,nan,nan,nan,1,0,0,0
4344757474,4344757469,0.046967782,0.06440475,0.14455992,0.71733356,0.03920953,-0.08043444,-0.6909599,nan,nan,nan,nan,nan,nan,0.0,0.0,0.0,0.0,0.0,0.0,nan,nan,nan,1,0,0,0
4344769693,4344769688,0.04658553,0.06516523,0.14491811,0.7162935,0.04201223,-0.08330282,-0.69153404,nan,nan,nan,nan,nan,nan,0.0,0.0,0.0,0.0,0.0,0.0,nan,nan,nan,1,0,0,0
4344775487,4344775482,0.04615023,0.065899275,0.14541273,0.715836,0.044103462,-0.085270606,-0.69163764,nan,nan,nan,nan,nan,nan,0.0,0.0,0.0,0.0,0.0,0.0,nan,nan,nan,1,0,0,0
4344787625,4344787619,0.045645833,0.06669507,0.14584914,0.7147726,0.045075353,-0.08776421,-0.69236255,nan,nan,nan,nan,nan,nan,0.0,0.0,0.0,0.0,0.0,0.0,nan,nan,nan,1,0,0,0
4344792496,4344792491,0.04512371,0.06740393,0.14639862,0.7139266,0.048695732,-0.09058958,-0.69262624,nan,nan,nan,nan,nan,nan,0.0,0.0,0.0,0.0,0.0,0.0,nan,nan,nan,1,0,0,0
4344799492,4344799487,0.044558793,0.068184964,0.1470906,0.7128282,0.051616106,-0.09374444,-0.6931261,nan,nan,nan,nan,nan,nan,0.0,0.0,0.0,0.0,0.0,0.0,nan,nan,nan,1,0,0,0
4344808516,4344808511,0.043975085,0.069222,0.1478903,0.7116602,0.055807367,-0.097665004,-0.6934601,nan,nan,nan,nan,nan,nan,0.0,0.0,0.0,0.0,0.0,0.0,nan,nan,nan,1,0,0,0
4344816179,4344816174,0.04341239,0.070093326,0.14880565,0.71036375,0.057771232,-0.09893804,-0.69444734,nan,nan,nan,nan,nan,nan,0.0,0.0,0.0,0.0,0.0,0.0,nan,nan,nan,1,0,0,0
4344827113,4344825472,0.042801846,0.07138531,0.14971472,0.7087941,0.059635125,-0.100582644,-0.69565636,nan,nan,nan,nan,nan,nan,0.0,0.0,0.0,0.0,0.0,0.0,nan,nan,nan,1,0,0,0
4344834955,4344834950,0.042196706,0.072443545,0.15071662,0.7078134,0.059063002,-0.09607689,-0.6973385,nan,nan,nan,nan,nan,nan,0.0,0.0,0.0,0.0,0.0,0.0,nan,nan,nan,1,0,0,0
4344841487,4344841482,0.0416912,0.07393332,0.15158935,0.7072528,0.05772452,-0.093607314,-0.6983545,nan,nan,nan,nan,nan,nan,0.0,0.0,0.0,0.0,0.0,0.0,nan,nan,nan,1,0,0,0
4344849517,4344849511,0.041198395,0.07547577,0.1523624,0.7073389,0.05348939,-0.089497685,-0.6991428,nan,nan,nan,nan,nan,nan,0.0,0.0,0.0,0.0,0.0,0.0,nan,nan,nan,1,0,0,0
4344857911,4344857906,0.040732395,0.07714678,0.15311591,0.7076842,0.046936728,-0.083550856,-0.6999995,nan,nan,nan,nan,nan,nan,0.0,0.0,0.0,0.0,0.0,0.0,nan,nan,nan,1,0,0,0
4344867326,4344867321,0.04028208,0.07888965,0.15362568,0.70709664,0.040649544,-0.07700325,-0.7017354,nan,nan,nan,nan,nan,nan,0.0,0.0,0.0,0.0,0.0,0.0,nan,nan,nan,1,0,0,0
4344874741,4344874736,0.03985855,0.08084299,0.15411837,0.70706636,0.032223444,-0.07201641,-0.70273215,nan,nan,nan,nan,nan,nan,0.0,0.0,0.0,0.0,0.0,0.0,nan,nan,nan,1,0,0,0
4344882507,4344882502,0.039419707,0.08279273,0.15453435,0.7067204,0.022936579,-0.067432195,-0.7038984,nan,nan,nan,nan,nan,nan,0.0,0.0,0.0,0.0,0.0,0.0,nan,nan,nan,1,0,0,0
4344899482,4344899476,0.038350567,0.0866918,0.1551623,0.7054763,0.0070221494,-0.060066245,-0.70614856,nan,nan,nan,nan,nan,nan,0.0,0.0,0.0,0.0,0.0,0.0,nan,nan,nan,1,0,0,0
4344908484,4344908478,0.03778403,0.088573284,0.15537651,0.7046387,0.00073397445,-0.057847135,-0.707204,nan,nan,nan,nan,nan,nan,0.0,0.0,0.0,0.0,0.0,0.0,nan,nan,nan,1,0,0,0
4344915800,4344915794,0.03719734,0.090482295,0.1555624,0.703796,-0.0051084864,-0.058279682,-0.70798916,nan,nan,nan,nan,nan,nan,0.0,0.0,0.0,0.0,0.0,0.0,nan,nan,nan,1,0,0,0
4344924794,4344924788,0.036550596,0.09223849,0.15570892,0.7027854,-0.008338899,-0.05939109,-0.70886946,nan,nan,nan,nan,nan,nan,0.0,0.0,0.0,0.0,0.0,0.0,nan,nan,nan,1,0,0,0
4344932492,4344932487,0.035881117,0.09420446,0.15593293,0.7026888,-0.012440894,-0.06150049,-0.7087251,nan,nan,nan,nan,nan,nan,0.0,0.0,0.0,0.0,0.0,0.0,nan,nan,nan,1,0,0,0
4344941490,4344941485,0.03517772,0.09588227,0.15604238,0.70244676,-0.01457143,-0.06370123,-0.7087301,nan,nan,nan,nan,nan,nan,0.0,0.0,0.0,0.0,0.0,0.0,nan,nan,nan,1,0,0,0
4344949487,4344949481,0.034451354,0.097662285,0.156011,0.70175105,-0.016049163,-0.06735356,-0.7090497,nan,nan,nan,nan,nan,nan,0.0,0.0,0.0,0.0,0.0,0.0,nan,nan,nan,1,0,0,0
4344958475,4344958470,0.033686623,0.09927684,0.15604429,0.70140296,-0.015606679,-0.070269994,-0.709121,nan,nan,nan,nan,nan,nan,0.0,0.0,0.0,0.0,0.0,0.0,nan,nan,nan,1,0,0,0
4344967491,4344967485,0.032944065,0.100993805,0.15609854,0.7013332,-0.016898924,-0.07414412,-0.70876575,nan,nan,nan,nan,nan,nan,0.0,0.0,0.0,0.0,0.0,0.0,nan,nan,nan,1,0,0,0
4344975509,4344975503,0.03214083,0.10264186,0.1562066,0.7019485,-0.015476574,-0.07740611,-0.70783967,nan,nan,nan,nan,nan,nan,0.0,0.0,0.0,0.0,0.0,0.0,nan,nan,nan,1,0,0,0
4344982486,4344982479,0.031391528,0.10418305,0.15620469,0.701431,-0.015960969,-0.07966662,-0.70809114,nan,nan,nan,nan,nan,nan,0.0,0.0,0.0,0.0,0.0,0.0,nan,nan,nan,1,0,0,0
4344991479,4344991473,0.030607603,0.10582138,0.15626512,0.7016774,-0.015946785,-0.08090267,-0.70770705,nan,nan,nan,nan,nan,nan,0.0,0.0,0.0,0.0,0.0,0.0,nan,nan,nan,1,0,0,0
4345000484,4345000478,0.029864268,0.10743281,0.15636466,0.7024791,-0.014646563,-0.08214174,-0.70679647,nan,nan,nan,nan,nan,nan,0.0,0.0,0.0,0.0,0.0,0.0,nan,nan,nan,1,0,0,0
4345007488,4345007483,0.029108275,0.10905643,0.15647866,0.7034394,-0.014814227,-0.08332154,-0.70569885,nan,nan,nan,nan,nan,nan,0.0,0.0,0.0,0.0,0.0,0.0,nan,nan,nan,1,0,0,0
4345016624,4345016618,0.028385138,0.11073553,0.15653248,0.70456696,-0.014209778,-0.08280471,-0.70464665,nan,nan,nan,nan,nan,nan,0.0,0.0,0.0,0.0,0.0,0.0,nan,nan,nan,1,0,0,0
4345026177,4345026170,0.027552694,0.112495594,0.15662938,0.70621884,-0.0134639125,-0.08390293,-0.70287544,nan,nan,nan,nan,nan,nan,0.0,0.0,0.0,0.0,0.0,0.0,nan,nan,nan,1,0,0,0
4345034169,4345034162,0.02676138,0.11424646,0.15669523,0.70778596,-0.014035521,-0.083648644,-0.7013166,nan,nan,nan,nan,nan,nan,0.0,0.0,0.0,0.0,0.0,0.0,nan,nan,nan,1,0,0,0
4345041884,4345041876,0.025916021,0.11624566,0.1566238,0.7097556,-0.011723088,-0.084409334,-0.6992743,nan,nan,nan,nan,nan,nan,0.0,0.0,0.0,0.0,0.0,0.0,nan,nan,nan,1,0,0,0
4345051043,4345051037,0.025081594,0.11845645,0.15662262,0.71137613,-0.012506792,-0.086822696,-0.69731575,nan,nan,nan,nan,nan,nan,0.0,0.0,0.0,0.0,0.0,0.0,nan,nan,nan,1,0,0,0
4345057476,4345057471,0.024234928,0.12024595,0.15657677,0.7127143,-0.013774483,-0.08646839,-0.6959683,nan,nan,nan,nan,nan,nan,0.0,0.0,0.0,0.0,0.0,0.0,nan,nan,nan,1,0,0,0
4345066660,4345066655,0.023383938,0.122371875,0.15631793,0.7145258,-0.01507187,-0.08559867,-0.6941891,nan,nan,nan,nan,nan,nan,0.0,0.0,0.0,0.0,0.0,0.0,nan,nan,nan,1,0,0,0
4345075066,4345075061,0.022454409,0.124373384,0.15607332,0.7154774,-0.015915819,-0.0870571,-0.69300777,nan,nan,nan,nan,nan,nan,0.0,0.0,0.0,0.0,0.0,0.0,nan,nan,nan,1,0,0,0
4345085560,4345085554,0.021568699,0.12664576,0.15583779,0.7161016,-0.01740012,-0.08822937,-0.6921786,nan,nan,nan,nan,nan,nan,0.0,0.0,0.0,0.0,0.0,0.0,nan,nan,nan,1,0,0,0
4345091559,4345091554,0.020645242,0.12876111,0.1555775,0.71642846,-0.018275127,-0.08848248,-0.69178534,nan,nan,nan,nan,nan,nan,0.0,0.0,0.0,0.0,0.0,0.0,nan,nan,nan,1,0,0,0
4345100482,4345100477,0.019661307,0.13107032,0.1553448,0.71662956,-0.01956932,-0.08920103,-0.69144946,nan,nan,nan,nan,nan,nan,0.0,0.0,0.0,0.0,0.0,0.0,nan,nan,nan,1,0,0,0
4345109613,4345109608,0.01871273,0.13334467,0.1550188,0.7163308,-0.020237101,-0.08772979,-0.6919279,nan,nan,nan,nan,nan,nan,0.0,0.0,0.0,0.0,0.0,0.0,nan,nan,nan,1,0,0,0
4345116541,4345116536,0.01775975,0.13570988,0.15483722,0.716791,-0.02111722,-0.08700835,-0.6915159,nan,nan,nan,nan,nan,nan,0.0,0.0,0.0,0.0,0.0,0.0,nan,nan,nan,1,0,0,0
4345124476,4345124471,0.01680604,0.13808803,0.15444484,0.71632004,-0.020788005,-0.08488138,-0.6922778,nan,nan,nan,nan,nan,nan,0.0,0.0,0.0,0.0,0.0,0.0,nan,nan,nan,1,0,0,0
4345132493,4345132488,0.01586227,0.14051004,0.15414444,0.7161491,-0.021594355,-0.08357808,-0.69258857,nan,nan,nan,nan,nan,nan,0.0,0.0,0.0,0.0,0.0,0.0,nan,nan,nan,1,0,0,0
4345141577,4345141569,0.014905704,0.14314838,0.15385568,0.7163809,-0.022305071,-0.08157098,-0.69256556,nan,nan,nan,nan,nan,nan,0.0,0.0,0.0,0.0,0.0,0.0,nan,nan,nan,1,0,0,0
4345152523,4345152518,0.01397373,0.14578596,0.15353434,0.7162848,-0.02311289,-0.07938604,-0.6928924,nan,nan,nan,nan,nan,nan,0.0,0.0,0.0,0.0,0.0,0.0,nan,nan,nan,1,0,0,0
4345158474,4345158469,0.013031048,0.14848463,0.15315749,0.71633667,-0.02332121,-0.07871377,-0.69290847,nan,nan,nan,nan,nan,nan,0.0,0.0,0.0,0.0,0.0,0.0,nan,nan,nan,1,0,0,0
4345166638,4345166633,0.012120457,0.15135966,0.15277544,0.7166563,-0.02448678,-0.07835352,-0.6925784,nan,nan,nan,nan,nan,nan,0.0,0.0,0.0,0.0,0.0,0.0,nan,nan,nan,1,0,0,0
4345176577,4345176571,0.011215657,0.15427433,0.15240942,0.7168594,-0.0250013,-0.07779154,-0.6924133,nan,nan,nan,nan,nan,nan,0.0,0.0,0.0,0.0,0.0,0.0,nan,nan,nan,1,0,0,0
4345184253,4345184248,0.010353817,0.15725861,0.15200433,0.71684134,-0.025919506,-0.07784887,-0.69239163,nan,nan,nan,nan,nan,nan,0.0,0.0,0.0,0.0,0.0,0.0,nan,nan,nan,1,0,0,0
4345195476,4345195471,0.009561616,0.16032258,0.15168785,0.71664816,-0.027558494,-0.07737445,-0.69258153,nan,nan,nan,nan,nan,nan,0.0,0.0,0.0,0.0,0.0,0.0,nan,nan,nan,1,0,0,0
4345199607,4345199602,0.008845032,0.1635452,0.15142271,0.7164052,-0.027673753,-0.07712443,-0.69285613,nan,nan,nan,nan,nan,nan,0.0,0.0,0.0,0.0,0.0,0.0,nan,nan,nan,1,0,0,0
4345208653,4345208648,0.008206861,0.1667705,0.1511574,0.71576583,-0.028832994,-0.07605901,-0.693587,nan,nan,nan,nan,nan,nan,0.0,0.0,0.0,0.0,0.0,0.0,nan,nan,nan,1,0,0,0
4345217424,4345217419,0.0077507957,0.17006688,0.15107997,0.71543354,-0.029436614,-0.07365942,-0.69416326,nan,nan,nan,nan,nan,nan,0.0,0.0,0.0,0.0,0.0,0.0,nan,nan,nan,1,0,0,0
4345223525,4345223520,0.007396714,0.17338216,0.15104574,0.7154036,-0.029150816,-0.070903175,-0.6944932,nan,nan,nan,nan,nan,nan,0.0,0.0,0.0,0.0,0.0,0.0,nan,nan,nan,1,0,0,0
4345235390,4345235385,0.0071828067,0.17678823,0.15116334,0.7154479,-0.028518137,-0.0679582,-0.69476813,nan,nan,nan,nan,nan,nan,0.0,0.0,0.0,0.0,0.0,0.0,nan,nan,nan,1,0,0,0
4345241494,4345241489,0.007138341,0.1802532,0.15129153,0.7158906,-0.027784362,-0.06434193,-0.6946861,nan,nan,nan,nan,nan,nan,0.0,0.0,0.0,0.0,0.0,0.0,nan,nan,nan,1,0,0,0
4345249483,4345249478,0.0072433897,0.18382505,0.15151145,0.7159924,-0.027253903,-0.0618715,-0.69482654,nan,nan,nan,nan,nan,nan,0.0,0.0,0.0,0.0,0.0,0.0,nan,nan,nan,1,0,0,0
4345257987,4345257468,0.0074448725,0.18753237,0.15182754,0.71617997,-0.026870348,-0.060241465,-0.6947915,nan,nan,nan,nan,nan,nan,0.0,0.0,0.0,0.0,0.0,0.0,nan,nan,nan,1,0,0,0
4345266543,4345266538,0.0077710054,0.19128211,0.15225579,0.71640986,-0.026169928,-0.059631735,-0.6946338,nan,nan,nan,nan,nan,nan,0.0,0.0,0.0,0.0,0.0,0.0,nan,nan,nan,1,0,0,0
4345274560,4345274554,0.008172883,0.19515474,0.15272248,0.71659726,-0.026003748,-0.059812207,-0.6944312,nan,nan,nan,nan,nan,nan,0.0,0.0,0.0,0.0,0.0,0.0,nan,nan,nan,1,0,0,0
4345283497,4345283462,0.00868376,0.19913548,0.15322614,0.71677315,-0.026237875,-0.06102699,-0.69413507,nan,nan,nan,nan,nan,nan,0.0,0.0,0.0,0.0,0.0,0.0,nan,nan,nan,1,0,0,0
4345299185,4345299180,0.009251402,0.20329984,0.1538341,0.71702224,-0.026970796,-0.06346743,-0.69363075,nan,nan,nan,nan,nan,nan,0.0,0.0,0.0,0.0,0.0,0.0,nan,nan,nan,1,0,0,0
4345305491,4345305486,0.009915506,0.2076179,0.15443043,0.7172166,-0.027575985,-0.06757416,-0.6930178,nan,nan,nan,nan,nan,nan,0.0,0.0,0.0,0.0,0.0,0.0,nan,nan,nan,1,0,0,0
4345310476,4345310471,0.010664316,0.2119115,0.15505709,0.7178056,-0.028340947,-0.07052493,-0.69208246,nan,nan,nan,nan,nan,nan,0.0,0.0,0.0,0.0,0.0,0.0,nan,nan,nan,1,0,0,0
4345317145,4345317139,0.011509616,0.2162474,0.15574408,0.71875805,-0.029652862,-0.07181634,-0.69090515,nan,nan,nan,nan,nan,nan,0.0,0.0,0.0,0.0,0.0,0.0,nan,nan,nan,1,0,0,0
4345325476,4345325471,0.012369131,0.22075358,0.15641598,0.7198331,-0.03057638,-0.07378985,-0.6895364,nan,nan,nan,nan,nan,nan,0.0,0.0,0.0,0.0,0.0,0.0,nan,nan,nan,1,0,0,0
4345334745,4345334740,0.013239834,0.22539814,0.15719835,0.72050893,-0.03099758,-0.07581367,-0.68859154,nan,nan,nan,nan,nan,nan,0.0,0.0,0.0,0.0,0.0,0.0,nan,nan,nan,1,0,0,0
4345341490,4345341485,0.014204164,0.22989333,0.15786985,0.7218613,-0.03112528,-0.07498581,-0.6872588,nan,nan,nan,nan,nan,nan,0.0,0.0,0.0,0.0,0.0,0.0,nan,nan,nan,1,0,0,0
4345349517,4345349511,0.015203001,0.2346077,0.15855542,0.72320104,-0.030169463,-0.074467145,-0.68594813,nan,nan,nan,nan,nan,nan,0.0,0.0,0.0,0.0,0.0,0.0,nan,nan,nan,1,0,0,0
4345358475,4345358470,0.01618227,0.23940831,0.15920617,0.7248832,-0.030024474,-0.07357877,-0.68427265,nan,nan,nan,nan,nan,nan,0.0,0.0,0.0,0.0,0.0,0.0,nan,nan,nan,1,0,0,0
4345365492,4345365486,0.01715054,0.24425143,0.15977228,0.7265733,-0.028774718,-0.07205362,-0.6826943,nan,nan,nan,nan,nan,nan,0.0,0.0,0.0,0.0,0.0,0.0,nan,nan,nan,1,0,0,0
4345375488,4345375482,0.018148005,0.24924771,0.16020417,0.72823316,-0.027041476,-0.07130233,-0.68107367,nan,nan,nan,nan,nan,nan,0.0,0.0,0.0,0.0,0.0,0.0,nan,nan,nan,1,0,0,0
4345384378,4345384374,0.019055236,0.25438553,0.16067071,0.73007846,-0.025943717,-0.070081666,-0.679265,nan,nan,nan,nan,nan,nan,0.0,0.0,0.0,0.0,0.0,0.0,nan,nan,nan,1,0,0,0
4345391478,4345391473,0.019894946,0.25952792,0.16092992,0.73116726,-0.025019003,-0.07005525,-0.67813027,nan,nan,nan,nan,nan,nan,0.0,0.0,0.0,0.0,0.0,0.0,nan,nan,nan,1,0,0,0
4345399486,4345399481,0.020667521,0.2648318,0.1611001,0.7323127,-0.024121683,-0.0698924,-0.67694265,nan,nan,nan,nan,nan,nan,0.0,0.0,0.0,0.0,0.0,0.0,nan,nan,nan,1,0,0,0
4345408624,4345408620,0.0213558,0.2703698,0.1612308,0.7332826,-0.022027725,-0.07177227,-0.6757663,nan,nan,nan,nan,nan,nan,0.0,0.0,0.0,0.0,0.0,0.0,nan,nan,nan,1,0,0,0
4345416482,4345416477,0.021955563,0.27589467,0.16132821,0.7343266,-0.020200126,-0.072915934,-0.67456627,nan,nan,nan,nan,nan,nan,0.0,0.0,0.0,0.0,0.0,0.0,nan,nan,nan,1,0,0,0
4345425088,4345425083,0.022422552,0.2817199,0.1612492,0.73517543,-0.01759601,-0.07556212,-0.6734225,nan,nan,nan,nan,nan,nan,0.0,0.0,0.0,0.0,0.0,0.0,nan,nan,nan,1,0,0,0
4345434003,4345433998,0.022766305,0.28753445,0.16112672,0.73583454,-0.014775223,-0.07813423,-0.67247623,nan,nan,nan,nan,nan,nan,0.0,0.0,0.0,0.0,0.0,0.0,nan,nan,nan,1,0,0,0
4345441480,4345441476,0.022965012,0.29363453,0.16097967,0.7365869,-0.014019713,-0.07968175,-0.67148644,nan,nan,nan,nan,nan,nan,0.0,0.0,0.0,0.0,0.0,0.0,nan,nan,nan,1,0,0,0
4345449482,4345449478,0.023109509,0.29983428,0.16081065,0.73752,-0.01197816,-0.080689624,-0.6703805,nan,nan,nan,nan,nan,nan,0.0,0.0,0.0,0.0,0.0,0.0,nan,nan,nan,1,0,0,0
4345457734,4345457729,0.02319276,0.3061286,0.16047703,0.73824036,-0.010883254,-0.08093515,-0.6695761,nan,nan,nan,nan,nan,nan,0.0,0.0,0.0,0.0,0.0,0.0,nan,nan,nan,1,0,0,0
4345466508,4345466503,0.02321614,0.312559,0.16017886,0.7388947,-0.010965313,-0.07990378,-0.66897666,nan,nan,nan,nan,nan,nan,0.0,0.0,0.0,0.0,0.0,0.0,nan,nan,nan,1,0,0,0
4345474513,4345474508,0.02315688,0.31904188,0.15978755,0.73958415,-0.010647382,-0.07826611,-0.6684133,nan,nan,nan,nan,nan,nan,0.0,0.0,0.0,0.0,0.0,0.0,nan,nan,nan,1,0,0,0
4345493942,4345493938,0.023106936,0.3256499,0.15933825,0.7404148,-0.010915666,-0.075794354,-0.6677739,nan,nan,nan,nan,nan,nan,0.0,0.0,0.0,0.0,0.0,0.0,nan,nan,nan,1,0,0,0
4345495477,4345495473,0.023018977,0.3323531,0.15881564,0.74101275,-0.011304411,-0.07268324,-0.66745,nan,nan,nan,nan,nan,nan,0.0,0.0,0.0,0.0,0.0,0.0,nan,nan,nan,1,0,0,0
4345503770,4345503765,0.02284388,0.3390651,0.1582274,0.74120826,-0.01238769,-0.06968048,-0.6675338,nan,nan,nan,nan,nan,nan,0.0,0.0,0.0,0.0,0.0,0.0,nan,nan,nan,1,0,0,0
4345507712,4345507708,0.022636019,0.34588978,0.15764885,0.7409984,-0.01418018,-0.06659276,-0.66804624,nan,nan,nan,nan,nan,nan,0.0,0.0,0.0,0.0,0.0,0.0,nan,nan,nan,1,0,0,0
4345516480,4345516476,0.02233453,0.3527212,0.15704663,0.74001074,-0.016085587,-0.064911164,-0.66926223,nan,nan,nan,nan,nan,nan,0.0,0.0,0.0,0.0,0.0,0.0,nan,nan,nan,1,0,0,0
4345524472,4345524467,0.021967158,0.35961673,0.15643097,0.73888576,-0.018086674,-0.06301243,-0.67063403,nan,nan,nan,nan,nan,nan,0.0,0.0,0.0,0.0,0.0,0.0,nan,nan,nan,1,0,0,0
4345534005,4345534001,0.021625675,0.3665514,0.15593545,0.7374767,-0.020157564,-0.062427383,-0.672179,nan,nan,nan,nan,nan,nan,0.0,0.0,0.0,0.0,0.0,0.0,nan,nan,nan,1,0,0,0
4345541740,4345541735,0.02120585,0.37342456,0.15546535,0.73590046,-0.022061203,-0.06268162,-0.6738211,nan,nan,nan,nan,nan,nan,0.0,0.0,0.0,0.0,0.0,0.0,nan,nan,nan,1,0,0,0
4345550474,4345550470,0.020840257,0.38033864,0.15508388,0.734602,-0.02454742,-0.06289964,-0.67513037,nan,nan,nan,nan,nan,nan,0.0,0.0,0.0,0.0,0.0,0.0,nan,nan,nan,1,0,0,0
4345557552,4345557547,0.02044258,0.38715658,0.15481578,0.7334478,-0.026002375,-0.06385359,-0.6762402,nan,nan,nan,nan,nan,nan,0.0,0.0,0.0,0.0,0.0,0.0,nan,nan,nan,1,0,0,0
4345566480,4345566475,0.020134892,0.3940597,0.15460058,0.73243064,-0.02674589,-0.06523148,-0.6771816,nan,nan,nan,nan,nan,nan,0.0,0.0,0.0,0.0,0.0,0.0,nan,nan,nan,1,0,0,0
4345574487,4345574482,0.01990477,0.40108708,0.15429147,0.73140454,-0.02953822,-0.06545479,-0.6781523,nan,nan,nan,nan,nan,nan,0.0,0.0,0.0,0.0,0.0,0.0,nan,nan,nan,1,0,0,0
4345583789,4345583784,0.0195892,0.40767038,0.15431118,0.7315494,-0.026906656,-0.0675287,-0.67790216,nan,nan,nan,nan,nan,nan,0.0,0.0,0.0,0.0,0.0,0.0,nan,nan,nan,1,0,0,0
4345591475,4345591471,0.019307524,0.41442987,0.15431754,0.73112273,-0.026806362,-0.06883953,-0.6782345,nan,nan,nan,nan,nan,nan,0.0,0.0,0.0,0.0,0.0,0.0,nan,nan,nan,1,0,0,0
4345623168,4345623162,0.018932436,0.42790446,0.15442505,0.73103434,-0.023556177,-0.070092596,-0.67832214,nan,nan,nan,nan,nan,nan,0.0,0.0,0.0,0.0,0.0,0.0,nan,nan,nan,1,0,0,0
4345626485,4345626480,0.0188188,0.43464386,0.1544665,0.73116314,-0.02036314,-0.06980538,-0.67831624,nan,nan,nan,nan,nan,nan,0.0,0.0,0.0,0.0,0.0,0.0,nan,nan,nan,1,0,0,0
4345629618,4345629613,0.018745013,0.44140851,0.15453607,0.7313967,-0.016993485,-0.06986697,-0.678151,nan,nan,nan,nan,nan,nan,0.0,0.0,0.0,0.0,0.0,0.0,nan,nan,nan,1,0,0,0
4345641490,4345641485,0.018642081,0.45503816,0.15464023,0.7310296,-0.010856931,-0.07155189,-0.67849696,nan,nan,nan,nan,nan,nan,0.0,0.0,0.0,0.0,0.0,0.0,nan,nan,nan,1,0,0,0
4345651487,4345651482,0.01856785,0.46204117,0.15460388,0.73065376,-0.008327935,-0.07344706,-0.6787351,nan,nan,nan,nan,nan,nan,0.0,0.0,0.0,0.0,0.0,0.0,nan,nan,nan,1,0,0,0
4345658496,4345658491,0.018530624,0.46913064,0.15460463,0.73050517,-0.005358564,-0.07563435,-0.6786847,nan,nan,nan,nan,nan,nan,0.0,0.0,0.0,0.0,0.0,0.0,nan,nan,nan,1,0,0,0
4345666476,4345666469,0.018535446,0.47627544,0.15458053,0.7304933,-0.0024313664,-0.07792428,-0.6784551,nan,nan,nan,nan,nan,nan,0.0,0.0,0.0,0.0,0.0,0.0,nan,nan,nan,1,0,0,0
4345674583,4345674578,0.018500034,0.48350307,0.15450533,0.73068947,0.00049937324,-0.0805856,-0.6779369,nan,nan,nan,nan,nan,nan,0.0,0.0,0.0,0.0,0.0,0.0,nan,nan,nan,1,0,0,0
4345683622,4345683617,0.0185178,0.49081555,0.15447098,0.7314559,0.00401541,-0.0821602,-0.676909,nan,nan,nan,nan,nan,nan,0.0,0.0,0.0,0.0,0.0,0.0,nan,nan,nan,1,0,0,0
4345691525,4345691520,0.018546127,0.4982034,0.1543776,0.7323067,0.007781419,-0.08367043,-0.67577034,nan,nan,nan,nan,nan,nan,0.0,0.0,0.0,0.0,0.0,0.0,nan,nan,nan,1,0,0,0
4345699552,4345699547,0.018581538,0.50567955,0.1541841,0.7334819,0.011657179,-0.08488123,-0.67428744,nan,nan,nan,nan,nan,nan,0.0,0.0,0.0,0.0,0.0,0.0,nan,nan,nan,1,0,0,0
4345707490,4345707485,0.018598912,0.5131585,0.15401503,0.73500764,0.015561689,-0.08544959,-0.672473,nan,nan,nan,nan,nan,nan,0.0,0.0,0.0,0.0,0.0,0.0,nan,nan,nan,1,0,0,0
4345716481,4345716476,0.01862291,0.52075076,0.15383327,0.73705417,0.01977357,-0.084993124,-0.6701763,nan,nan,nan,nan,nan,nan,0.0,0.0,0.0,0.0,0.0,0.0,nan,nan,nan,1,0,0,0
4345724565,4345724560,0.018680358,0.52838105,0.15360218,0.73892736,0.023840597,-0.08417888,-0.6680808,nan,nan,nan,nan,nan,nan,0.0,0.0,0.0,0.0,0.0,0.0,nan,nan,nan,1,0,0,0
4345733772,4345733768,0.018736182,0.53596836,0.15339848,0.74060386,0.027047759,-0.0814847,-0.6664343,nan,nan,nan,nan,nan,nan,0.0,0.0,0.0,0.0,0.0,0.0,nan,nan,nan,1,0,0,0
4345740490,4345740485,0.018795889,0.5437945,0.15308923,0.7425959,0.03000034,-0.07990401,-0.6642791,nan,nan,nan,nan,nan,nan,0.0,0.0,0.0,0.0,0.0,0.0,nan,nan,nan,1,0,0,0
4345749527,4345749522,0.018826038,0.5515675,0.1527717,0.7445776,0.032759126,-0.07834061,-0.66211313,nan,nan,nan,nan,nan,nan,0.0,0.0,0.0,0.0,0.0,0.0,nan,nan,nan,1,0,0,0
4345757482,4345757476,0.018872876,0.5593527,0.15244436,0.7464273,0.03423551,-0.07612917,-0.660211,nan,nan,nan,nan,nan,nan,0.0,0.0,0.0,0.0,0.0,0.0,nan,nan,nan,1,0,0,0
4345768479,4345768474,0.018882835,0.56710804,0.15217449,0.74784917,0.033965826,-0.072814375,-0.65898865,nan,nan,nan,nan,nan,nan,0.0,0.0,0.0,0.0,0.0,0.0,nan,nan,nan,1,0,0,0
4345774514,4345774509,0.01890927,0.5751656,0.1516784,0.7498049,0.033775497,-0.07264389,-0.6567912,nan,nan,nan,nan,nan,nan,0.0,0.0,0.0,0.0,0.0,0.0,nan,nan,nan,1,0,0,0
4345784822,4345784816,0.01892303,0.5831118,0.15125197,0.75146294,0.032391068,-0.07224024,-0.6550082,nan,nan,nan,nan,nan,nan,0.0,0.0,0.0,0.0,0.0,0.0,nan,nan,nan,1,0,0,0
4345790479,4345790474,0.018957987,0.59113747,0.15086304,0.7532447,0.030674996,-0.07225606,-0.6530395,nan,nan,nan,nan,nan,nan,0.0,0.0,0.0,0.0,0.0,0.0,nan,nan,nan,1,0,0,0
4345802950,4345802946,0.018932834,0.5991916,0.15042381,0.7549901,0.027970579,-0.07234558,-0.6511326,nan,nan,nan,nan,nan,nan,0.0,0.0,0.0,0.0,0.0,0.0,nan,nan,nan,1,0,0,0
4345810800,4345810796,0.018851241,0.60730416,0.15002525,0.75653815,0.02464987,-0.07378367,-0.64930624,nan,nan,nan,nan,nan,nan,0.0,0.0,0.0,0.0,0.0,0.0,nan,nan,nan,1,0,0,0
4345816485,4345816481,0.018763943,0.6154043,0.1497107,0.7579375,0.021283336,-0.07519779,-0.6476288,nan,nan,nan,nan,nan,nan,0.0,0.0,0.0,0.0,0.0,0.0,nan,nan,nan,1,0,0,0
4345825650,4345825645,0.018597437,0.6235111,0.14936675,0.75945437,0.01807189,-0.07696702,-0.64573884,nan,nan,nan,nan,nan,nan,0.0,0.0,0.0,0.0,0.0,0.0,nan,nan,nan,1,0,0,0
4345833692,4345833687,0.018358631,0.63156587,0.14904548,0.7607658,0.016125722,-0.07851102,-0.64405847,nan,nan,nan,nan,nan,nan,0.0,0.0,0.0,0.0,0.0,0.0,nan,nan,nan,1,0,0,0
4345841483,4345841478,0.018157283,0.6395995,0.14870913,0.76202756,0.014814867,-0.08006638,-0.64240485,nan,nan,nan,nan,nan,nan,0.0,0.0,0.0,0.0,0.0,0.0,nan,nan,nan,1,0,0,0
4345849487,4345849481,0.017903391,0.6475917,0.14834507,0.7632374,0.014060501,-0.081840195,-0.6407599,nan,nan,nan,nan,nan,nan,0.0,0.0,0.0,0.0,0.0,0.0,nan,nan,nan,1,0,0,0
4345857595,4345857591,0.017630082,0.6555818,0.14800884,0.7641419,0.013745553,-0.083577126,-0.639463,nan,nan,nan,nan,nan,nan,0.0,0.0,0.0,0.0,0.0,0.0,nan,nan,nan,1,0,0,0
4345866504,4345866499,0.01737816,0.66361016,0.14762141,0.76505804,0.013745197,-0.0843926,-0.6382594,nan,nan,nan,nan,nan,nan,0.0,0.0,0.0,0.0,0.0,0.0,nan,nan,nan,1,0,0,0
4345875615,4345875610,0.017102476,0.67159057,0.14718325,0.7655939,0.013314813,-0.0856602,-0.6374567,nan,nan,nan,nan,nan,nan,0.0,0.0,0.0,0.0,0.0,0.0,nan,nan,nan,1,0,0,0
4345883717,4345883712,0.016872529,0.6795711,0.14676347,0.7661777,0.01342215,-0.08697358,-0.6365745,nan,nan,nan,nan,nan,nan,0.0,0.0,0.0,0.0,0.0,0.0,nan,nan,nan,1,0,0,0
4345891505,4345891500,0.016638951,0.6876487,0.14626668,0.76623815,0.013023468,-0.088489905,-0.6363011,nan,nan,nan,nan,nan,nan,0.0,0.0,0.0,0.0,0.0,0.0,nan,nan,nan,1,0,0,0
4345899587,4345899583,0.016407114,0.6957969,0.1457536,0.76632696,0.012651119,-0.09079789,-0.63587636,nan,nan,nan,nan,nan,nan,0.0,0.0,0.0,0.0,0.0,0.0,nan,nan,nan,1,0,0,0
4345911487,4345911483,0.016219856,0.70389926,0.14535184,0.7658429,0.010859406,-0.09247945,-0.63624996,nan,nan,nan,nan,nan,nan,0.0,0.0,0.0,0.0,0.0,0.0,nan,nan,nan,1,0,0,0
4345915509,4345915503,0.016096938,0.71224093,0.14474258,0.76545817,0.008829567,-0.09631043,-0.6361763,nan,nan,nan,nan,nan,nan,0.0,0.0,0.0,0.0,0.0,0.0,nan,nan,nan,1,0,0,0
4345924481,4345924476,0.015945373,0.720464,0.14421488,0.76515275,0.006053653,-0.09947352,-0.6360893,nan,nan,nan,nan,nan,nan,0.0,0.0,0.0,0.0,0.0,0.0,nan,nan,nan,1,0,0,0
4345933639,4345933634,0.015781803,0.72869664,0.14370693,0.7647687,0.0021688775,-0.10278327,-0.63605016,nan,nan,nan,nan,nan,nan,0.0,0.0,0.0,0.0,0.0,0.0,nan,nan,nan,1,0,0,0
4345941489,4345941485,0.015615593,0.7368472,0.14328147,0.7642983,-0.00021810022,-0.104367636,-0.63636106,nan,nan,nan,nan,nan,nan,0.0,0.0,0.0,0.0,0.0,0.0,nan,nan,nan,1,0,0,0
4345949487,4345949482,0.015589648,0.7452021,0.14270625,0.763818,-0.0047769547,-0.10676367,-0.63652235,nan,nan,nan,nan,nan,nan,0.0,0.0,0.0,0.0,0.0,0.0,nan,nan,nan,1,0,0,0
4345957484,4345957479,0.01542565,0.7532248,0.14237915,0.7635278,-0.007039319,-0.106698774,-0.63686025,nan,nan,nan,nan,nan,nan,0.0,0.0,0.0,0.0,0.0,0.0,nan,nan,nan,1,0,0,0
4345966471,4345966467,0.01542011,0.76142436,0.14189424,0.76345414,-0.011561047,-0.107542895,-0.63674074,nan,nan,nan,nan,nan,nan,0.0,0.0,0.0,0.0,0.0,0.0,nan,nan,nan,1,0,0,0
4345974689,4345974684,0.015401592,0.76945573,0.14148681,0.7634927,-0.014199868,-0.10743794,-0.6366587,nan,nan,nan,nan,nan,nan,0.0,0.0,0.0,0.0,0.0,0.0,nan,nan,nan,1,0,0,0
4345983489,4345983481,0.015403087,0.7775092,0.14098068,0.7638695,-0.016935695,-0.10732104,-0.63615924,nan,nan,nan,nan,nan,nan,0.0,0.0,0.0,0.0,0.0,0.0,nan,nan,nan,1,0,0,0
4345993301,4345993295,0.015456597,0.7855874,0.1404468,0.76441044,-0.019937597,-0.1077293,-0.6353531,nan,nan,nan,nan,nan,nan,0.0,0.0,0.0,0.0,0.0,0.0,nan,nan,nan,1,0,0,0
4346000495,4346000490,0.015426694,0.7932949,0.14004645,0.7649282,-0.020309193,-0.106868446,-0.6348634,nan,nan,nan,nan,nan,nan,0.0,0.0,0.0,0.0,0.0,0.0,nan,nan,nan,1,0,0,0
4346008480,4346008475,0.015470176,0.8010306,0.1396309,0.76533,-0.021232657,-0.10635522,-0.63443494,nan,nan,nan,nan,nan,nan,0.0,0.0,0.0,0.0,0.0,0.0,nan,nan,nan,1,0,0,0
4346015485,4346015481,0.01559036,0.8087778,0.1390426,0.7655194,-0.022852689,-0.10627929,-0.6341629,nan,nan,nan,nan,nan,nan,0.0,0.0,0.0,0.0,0.0,0.0,nan,nan,nan,1,0,0,0
4346024484,4346024479,0.015774049,0.81653816,0.13839959,0.7656797,-0.025268633,-0.10698785,-0.63375837,nan,nan,nan,nan,nan,nan,0.0,0.0,0.0,0.0,0.0,0.0,nan,nan,nan,1,0,0,0
4346033528,4346033524,0.015897702,0.82389647,0.13789563,0.7657025,-0.025064014,-0.10630624,-0.6338536,nan,nan,nan,nan,nan,nan,0.0,0.0,0.0,0.0,0.0,0.0,nan,nan,nan,1,0,0,0
4346043112,4346043033,0.016040677,0.831271,0.13736372,0.76585054,-0.024968397,-0.104448006,-0.6339875,nan,nan,nan,nan,nan,nan,0.0,0.0,0.0,0.0,0.0,0.0,nan,nan,nan,1,0,0,0
4346049486,4346049481,0.016206458,0.83848435,0.13684349,0.7662572,-0.024656424,-0.10148891,-0.63398886,nan,nan,nan,nan,nan,nan,0.0,0.0,0.0,0.0,0.0,0.0,nan,nan,nan,1,0,0,0
4346058483,4346058478,0.01642885,0.84545946,0.1363639,0.76723015,-0.024235658,-0.096926585,-0.63354224,nan,nan,nan,nan,nan,nan,0.0,0.0,0.0,0.0,0.0,0.0,nan,nan,nan,1,0,0,0
4346066906,4346066902,0.016735785,0.85219306,0.13585484,0.768651,-0.023389539,-0.0905611,-0.6327931,nan,nan,nan,nan,nan,nan,0.0,0.0,0.0,0.0,0.0,0.0,nan,nan,nan,1,0,0,0
4346074488,4346074484,0.017094918,0.858532,0.13538253,0.7705961,-0.020039052,-0.08276586,-0.63160896,nan,nan,nan,nan,nan,nan,0.0,0.0,0.0,0.0,0.0,0.0,nan,nan,nan,1,0,0,0
4346083484,4346083480,0.017485103,0.86485976,0.13487689,0.7728884,-0.015831444,-0.07542749,-0.6298441,nan,nan,nan,nan,nan,nan,0.0,0.0,0.0,0.0,0.0,0.0,nan,nan,nan,1,0,0,0
4346093473,4346093468,0.017696261,0.8707361,0.13452269,0.77523506,-0.0073185083,-0.06774639,-0.62798685,nan,nan,nan,nan,nan,nan,0.0,0.0,0.0,0.0,0.0,0.0,nan,nan,nan,1,0,0,0
4346099476,4346099471,0.017906448,0.8768389,0.13404372,0.7772847,-0.00048678872,-0.06370858,-0.625915,nan,nan,nan,nan,nan,nan,0.0,0.0,0.0,0.0,0.0,0.0,nan,nan,nan,1,0,0,0
4346107490,4346107485,0.01796835,0.8828552,0.13361688,0.77899987,0.0071502244,-0.061136995,-0.62399536,nan,nan,nan,nan,nan,nan,0.0,0.0,0.0,0.0,0.0,0.0,nan,nan,nan,1,0,0,0
4346118485,4346118480,0.017964063,0.88883275,0.13318227,0.7801596,0.013319069,-0.06065237,-0.6224909,nan,nan,nan,nan,nan,nan,0.0,0.0,0.0,0.0,0.0,0.0,nan,nan,nan,1,0,0,0
4346124482,4346124478,0.017888514,0.89483196,0.13272215,0.7808784,0.017717203,-0.0616604,-0.62138,nan,nan,nan,nan,nan,nan,0.0,0.0,0.0,0.0,0.0,0.0,nan,nan,nan,1,0,0,0
4346134360,4346134329,0.017755061,0.9007797,0.13227509,0.7812161,0.020413442,-0.0637806,-0.6206583,nan,nan,nan,nan,nan,nan,0.0,0.0,0.0,0.0,0.0,0.0,nan,nan,nan,1,0,0,0
4346140490,4346140484,0.017591996,0.90677,0.13182352,0.7812333,0.020813135,-0.06683954,-0.62030137,nan,nan,nan,nan,nan,nan,0.0,0.0,0.0,0.0,0.0,0.0,nan,nan,nan,1,0,0,0
4346149534,4346149529,0.017443929,0.9127307,0.13138571,0.78123,0.019716177,-0.06999292,-0.6199936,nan,nan,nan,nan,nan,nan,0.0,0.0,0.0,0.0,0.0,0.0,nan,nan,nan,1,0,0,0
4346157485,4346157481,0.01723133,0.91858834,0.13092758,0.7811732,0.017319495,-0.07318888,-0.6197676,nan,nan,nan,nan,nan,nan,0.0,0.0,0.0,0.0,0.0,0.0,nan,nan,nan,1,0,0,0
4346166960,4346166956,0.017075358,0.92438364,0.13058232,0.7811541,0.015473682,-0.07611854,-0.6194875,nan,nan,nan,nan,nan,nan,0.0,0.0,0.0,0.0,0.0,0.0,nan,nan,nan,1,0,0,0
4346174485,4346174480,0.016860712,0.93006927,0.13024785,0.7816543,0.013966058,-0.078434356,-0.6186029,nan,nan,nan,nan,nan,nan,0.0,0.0,0.0,0.0,0.0,0.0,nan,nan,nan,1,0,0,0
4346183486,4346183482,0.01670044,0.93556976,0.1300051,0.7823265,0.013639568,-0.08036925,-0.61751103,nan,nan,nan,nan,nan,nan,0.0,0.0,0.0,0.0,0.0,0.0,nan,nan,nan,1,0,0,0
4346190483,4346190479,0.016603937,0.94125575,0.12959912,0.7833877,0.012392953,-0.08355504,-0.6157668,nan,nan,nan,nan,nan,nan,0.0,0.0,0.0,0.0,0.0,0.0,nan,nan,nan,1,0,0,0
4346200502,4346200471,0.016365193,0.9465768,0.12942447,0.7844101,0.0134283155,-0.08588413,-0.6141208,nan,nan,nan,nan,nan,nan,0.0,0.0,0.0,0.0,0.0,0.0,nan,nan,nan,1,0,0,0
4346207688,4346207684,0.01620396,0.95203954,0.12921028,0.78557736,0.01277937,-0.0895543,-0.6121152,nan,nan,nan,nan,nan,nan,0.0,0.0,0.0,0.0,0.0,0.0,nan,nan,nan,1,0,0,0
4346219514,4346219509,0.016038813,0.95747304,0.12897019,0.786858,0.012208545,-0.09343839,-0.6098972,nan,nan,nan,nan,nan,nan,0.0,0.0,0.0,0.0,0.0,0.0,nan,nan,nan,1,0,0,0
4346227642,4346227638,0.015875079,0.9629473,0.12875223,0.7883579,0.010914182,-0.097576894,-0.60733145,nan,nan,nan,nan,nan,nan,0.0,0.0,0.0,0.0,0.0,0.0,nan,nan,nan,1,0,0,0
4346234887,4346234882,0.01571324,0.9683431,0.12859,0.78974634,0.009550862,-0.10075662,-0.60502696,nan,nan,nan,nan,nan,nan,0.0,0.0,0.0,0.0,0.0,0.0,nan,nan,nan,1,0,0,0
4346243531,4346243526,0.015606647,0.9736778,0.12848727,0.79102236,0.0072410554,-0.10336111,-0.60294914,nan,nan,nan,nan,nan,nan,0.0,0.0,0.0,0.0,0.0,0.0,nan,nan,nan,1,0,0,0
4346249488,4346249484,0.015497809,0.9789085,0.12844953,0.79289836,0.005724595,-0.10457012,-0.600287,nan,nan,nan,nan,nan,nan,0.0,0.0,0.0,0.0,0.0,0.0,nan,nan,nan,1,0,0,0
4346260512,4346260507,0.015489199,0.9841948,0.12837291,0.79436994,0.00259721,-0.10590518,-0.59812516,nan,nan,nan,nan,nan,nan,0.0,0.0,0.0,0.0,0.0,0.0,nan,nan,nan,1,0,0,0
4346285474,4346285469,0.01541167,0.989032,0.12848285,0.7961455,0.0019117336,-0.104854785,-0.59594816,nan,nan,nan,nan,nan,nan,0.0,0.0,0.0,0.0,0.0,0.0,nan,nan,nan,1,0,0,0
4346289491,4346289486,0.015431999,0.99393964,0.1286275,0.797597,0.00080275914,-0.10471895,-0.59403056,nan,nan,nan,nan,nan,nan,0.0,0.0,0.0,0.0,0.0,0.0,nan,nan,nan,1,0,0,0
4346293527,4346293522,0.015466371,0.9986517,0.12872374,0.7989155,0.00025021768,-0.10360907,-0.59245175,nan,nan,nan,nan,nan,nan,0.0,0.0,0.0,0.0,0.0,0.0,nan,nan,nan,1,0,0,0
4346302862,4346302858,0.01556399,1.007823,0.12920554,0.8008897,-0.0010060591,-0.103097126,-0.5898692,nan,nan,nan,nan,nan,nan,0.0,0.0,0.0,0.0,0.0,0.0,nan,nan,nan,1,0,0,0
4346307501,4346307497,0.015665572,1.0123047,0.12946378,0.8017268,-0.0017207371,-0.103422835,-0.5886721,nan,nan,nan,nan,nan,nan,0.0,0.0,0.0,0.0,0.0,0.0,nan,nan,nan,1,0,0,0
4346316816,4346316812,0.015832037,1.0166869,0.12974603,0.8025015,-0.0024345734,-0.10440347,-0.5874396,nan,nan,nan,nan,nan,nan,0.0,0.0,0.0,0.0,0.0,0.0,nan,nan,nan,1,0,0,0
4346327480,4346327475,0.016092248,1.0209703,0.13008542,0.8034279,-0.0033492614,-0.10572691,-0.5859301,nan,nan,nan,nan,nan,nan,0.0,0.0,0.0,0.0,0.0,0.0,nan,nan,nan,1,0,0,0
4346333101,4346333097,0.016450455,1.0251845,0.13047922,0.80431634,-0.003681963,-0.10722103,-0.5844359,nan,nan,nan,nan,nan,nan,0.0,0.0,0.0,0.0,0.0,0.0,nan,nan,nan,1,0,0,0
4346344005,4346344000,0.016868465,1.0292517,0.13094142,0.80555433,-0.0031516284,-0.10828533,-0.5825346,nan,nan,nan,nan,nan,nan,0.0,0.0,0.0,0.0,0.0,0.0,nan,nan,nan,1,0,0,0
4346349489,4346349484,0.017379649,1.0332268,0.13139726,0.80679107,-0.0015966732,-0.10935658,-0.5806261,nan,nan,nan,nan,nan,nan,0.0,0.0,0.0,0.0,0.0,0.0,nan,nan,nan,1,0,0,0
4346358483,4346358479,0.018006502,1.0371203,0.13195938,0.80846083,0.0007509045,-0.111059345,-0.57797617,nan,nan,nan,nan,nan,nan,0.0,0.0,0.0,0.0,0.0,0.0,nan,nan,nan,1,0,0,0
4346367485,4346367480,0.018734252,1.0408849,0.1325394,0.81020075,0.0040728026,-0.11258268,-0.5752245,nan,nan,nan,nan,nan,nan,0.0,0.0,0.0,0.0,0.0,0.0,nan,nan,nan,1,0,0,0
4346375496,4346375491,0.019467397,1.0446178,0.13314141,0.8120931,0.007970511,-0.11497081,-0.5720341,nan,nan,nan,nan,nan,nan,0.0,0.0,0.0,0.0,0.0,0.0,nan,nan,nan,1,0,0,0
4346382936,4346382931,0.020289533,1.0483375,0.13377132,0.8141481,0.011116213,-0.11806693,-0.56841826,nan,nan,nan,nan,nan,nan,0.0,0.0,0.0,0.0,0.0,0.0,nan,nan,nan,1,0,0,0
4346392759,4346392755,0.021111201,1.0520502,0.13441236,0.8160518,0.01318732,-0.12159505,-0.5648897,nan,nan,nan,nan,nan,nan,0.0,0.0,0.0,0.0,0.0,0.0,nan,nan,nan,1,0,0,0
4346402082,4346402077,0.021959178,1.055859,0.13506995,0.8177746,0.015274836,-0.12507516,-0.5615761,nan,nan,nan,nan,nan,nan,0.0,0.0,0.0,0.0,0.0,0.0,nan,nan,nan,1,0,0,0
4346408634,4346408629,0.022886781,1.0597868,0.13566183,0.819434,0.015384893,-0.12850673,-0.55837005,nan,nan,nan,nan,nan,nan,0.0,0.0,0.0,0.0,0.0,0.0,nan,nan,nan,1,0,0,0
4346416783,4346416778,0.023745779,1.0636978,0.13622992,0.82096064,0.015026555,-0.13024141,-0.55572915,nan,nan,nan,nan,nan,nan,0.0,0.0,0.0,0.0,0.0,0.0,nan,nan,nan,1,0,0,0
4346425477,4346425473,0.024621088,1.0676929,0.136802,0.8223406,0.0139501635,-0.13148575,-0.5534193,nan,nan,nan,nan,nan,nan,0.0,0.0,0.0,0.0,0.0,0.0,nan,nan,nan,1,0,0,0
4346432526,4346432521,0.025497109,1.0717735,0.13734327,0.82398397,0.012286886,-0.13102962,-0.5511177,nan,nan,nan,nan,nan,nan,0.0,0.0,0.0,0.0,0.0,0.0,nan,nan,nan,1,0,0,0
4346442506,4346442502,0.026343085,1.0757395,0.13784154,0.82584244,0.0091491565,-0.12732325,-0.5492626,nan,nan,nan,nan,nan,nan,0.0,0.0,0.0,0.0,0.0,0.0,nan,nan,nan,1,0,0,0
4346449520,4346449515,0.027174927,1.0800033,0.13828848,0.82733107,0.0067415657,-0.12551314,-0.54747075,nan,nan,nan,nan,nan,nan,0.0,0.0,0.0,0.0,0.0,0.0,nan,nan,nan,1,0,0,0
4346457883,4346457878,0.028027002,1.0842575,0.13868034,0.82913834,0.0035095748,-0.12256649,-0.54543066,nan,nan,nan,nan,nan,nan,0.0,0.0,0.0,0.0,0.0,0.0,nan,nan,nan,1,0,0,0
4346467548,4346467543,0.028806973,1.0884839,0.13919179,0.8305986,-0.00096851814,-0.11907561,-0.54399073,nan,nan,nan,nan,nan,nan,0.0,0.0,0.0,0.0,0.0,0.0,nan,nan,nan,1,0,0,0
4346474502,4346474497,0.029636314,1.0929104,0.13941808,0.83204246,-0.0053683016,-0.11459072,-0.5427205,nan,nan,nan,nan,nan,nan,0.0,0.0,0.0,0.0,0.0,0.0,nan,nan,nan,1,0,0,0
4346483513,4346483509,0.030341584,1.097049,0.1398256,0.8334836,-0.01013436,-0.11065106,-0.5412568,nan,nan,nan,nan,nan,nan,0.0,0.0,0.0,0.0,0.0,0.0,nan,nan,nan,1,0,0,0
4346493252,4346493248,0.031103738,1.1013194,0.13999198,0.83443546,-0.015190761,-0.106776215,-0.5404494,nan,nan,nan,nan,nan,nan,0.0,0.0,0.0,0.0,0.0,0.0,nan,nan,nan,1,0,0,0
4346503510,4346503505,0.031803895,1.1055522,0.1401694,0.8351869,-0.02117512,-0.105028786,-0.5394288,nan,nan,nan,nan,nan,nan,0.0,0.0,0.0,0.0,0.0,0.0,nan,nan,nan,1,0,0,0
4346616483,4346616479,0.036802758,1.136106,0.14065054,0.8404928,-0.055116806,-0.10537663,-0.5286113,nan,nan,nan,nan,nan,nan,0.0,0.0,0.0,0.0,0.0,0.0,nan,nan,nan,1,0,0,0
4346623488,4346623482,0.037386168,1.1393355,0.14104196,0.8425125,-0.05537571,-0.10391614,-0.5256497,nan,nan,nan,nan,nan,nan,0.0,0.0,0.0,0.0,0.0,0.0,nan,nan,nan,1,0,0,0
4346634570,4346634566,0.03799858,1.1421753,0.14120202,0.8456617,-0.056697436,-0.09905124,-0.5213736,nan,nan,nan,nan,nan,nan,0.0,0.0,0.0,0.0,0.0,0.0,nan,nan,nan,1,0,0,0
4346642482,4346642478,0.038638875,1.1483606,0.14203331,0.8466599,-0.053949207,-0.10033511,-0.51979744,nan,nan,nan,nan,nan,nan,0.0,0.0,0.0,0.0,0.0,0.0,nan,nan,nan,1,0,0,0
4346644570,4346644565,0.038733903,1.151336,0.14233707,0.84585357,-0.050167046,-0.10035379,-0.5214825,nan,nan,nan,nan,nan,nan,0.0,0.0,0.0,0.0,0.0,0.0,nan,nan,nan,1,0,0,0
4346652308,4346652303,0.039034154,1.1574936,0.14313553,0.84453064,-0.041210894,-0.10401002,-0.52369046,nan,nan,nan,nan,nan,nan,0.0,0.0,0.0,0.0,0.0,0.0,nan,nan,nan,1,0,0,0
4346665121,4346665116,0.039998785,1.16749,0.14494465,0.8442819,-0.028145505,-0.114257276,-0.52282035,nan,nan,nan,nan,nan,nan,0.0,0.0,0.0,0.0,0.0,0.0,nan,nan,nan,1,0,0,0
4346666470,4346666465,0.04029481,1.1709594,0.14565018,0.84423727,-0.024226416,-0.115435734,-0.52283,nan,nan,nan,nan,nan,nan,0.0,0.0,0.0,0.0,0.0,0.0,nan,nan,nan,1,0,0,0
4346676477,4346676472,0.04077894,1.1784288,0.1473213,0.8422697,-0.017634446,-0.11849904,-0.52557474,nan,nan,nan,nan,nan,nan,0.0,0.0,0.0,0.0,0.0,0.0,nan,nan,nan,1,0,0,0
4346683895,4346683890,0.041021943,1.1821374,0.1480954,0.8419897,-0.016060697,-0.1179405,-0.5261991,nan,nan,nan,nan,nan,nan,0.0,0.0,0.0,0.0,0.0,0.0,nan,nan,nan,1,0,0,0
4346692767,4346692762,0.041291963,1.1859161,0.14896713,0.8415073,-0.014831176,-0.11782564,-0.52703184,nan,nan,nan,nan,nan,nan,0.0,0.0,0.0,0.0,0.0,0.0,nan,nan,nan,1,0,0,0
4346699976,4346699971,0.041507892,1.1896942,0.14992203,0.84132266,-0.01401249,-0.117751986,-0.5273654,nan,nan,nan,nan,nan,nan,0.0,0.0,0.0,0.0,0.0,0.0,nan,nan,nan,1,0,0,0
4346707487,4346707482,0.041757677,1.1935272,0.15100498,0.84125125,-0.014565044,-0.118185714,-0.5273674,nan,nan,nan,nan,nan,nan,0.0,0.0,0.0,0.0,0.0,0.0,nan,nan,nan,1,0,0,0
4346716583,4346716578,0.042028736,1.1974407,0.15213941,0.84093803,-0.016193006,-0.11984369,-0.5274454,nan,nan,nan,nan,nan,nan,0.0,0.0,0.0,0.0,0.0,0.0,nan,nan,nan,1,0,0,0
4346724476,4346724471,0.042256,1.2014178,0.15336345,0.84102076,-0.017157832,-0.120838,-0.52705586,nan,nan,nan,nan,nan,nan,0.0,0.0,0.0,0.0,0.0,0.0,nan,nan,nan,1,0,0,0
4346733487,4346733483,0.04252188,1.2053548,0.15458018,0.84123904,-0.01795555,-0.120522834,-0.52675295,nan,nan,nan,nan,nan,nan,0.0,0.0,0.0,0.0,0.0,0.0,nan,nan,nan,1,0,0,0
4346741621,4346741616,0.042797893,1.2092879,0.15583187,0.8413654,-0.017937433,-0.117945895,-0.5271349,nan,nan,nan,nan,nan,nan,0.0,0.0,0.0,0.0,0.0,0.0,nan,nan,nan,1,0,0,0
4346750480,4346750475,0.04305416,1.2132138,0.15709023,0.8413067,-0.018843174,-0.11467514,-0.52791816,nan,nan,nan,nan,nan,nan,0.0,0.0,0.0,0.0,0.0,0.0,nan,nan,nan,1,0,0,0
4346757472,4346757467,0.043260854,1.2171369,0.15839832,0.8409106,-0.019234836,-0.11138535,-0.5292377,nan,nan,nan,nan,nan,nan,0.0,0.0,0.0,0.0,0.0,0.0,nan,nan,nan,1,0,0,0
4346772352,4346772347,0.043472383,1.2210218,0.15974407,0.8404352,-0.020147854,-0.10821299,-0.5306153,nan,nan,nan,nan,nan,nan,0.0,0.0,0.0,0.0,0.0,0.0,nan,nan,nan,1,0,0,0
4346776578,4346776573,0.04363512,1.2248057,0.16105187,0.8398795,-0.02104054,-0.103967436,-0.5323068,nan,nan,nan,nan,nan,nan,0.0,0.0,0.0,0.0,0.0,0.0,nan,nan,nan,1,0,0,0
4346784482,4346784477,0.04388244,1.2287091,0.16242528,0.83891076,-0.0209944,-0.10198624,-0.5342161,nan,nan,nan,nan,nan,nan,0.0,0.0,0.0,0.0,0.0,0.0,nan,nan,nan,1,0,0,0
4346847477,4346847472,0.044671837,1.2442131,0.16775233,0.8346268,-0.020762637,-0.1015756,-0.54097074,nan,nan,nan,nan,nan,nan,0.0,0.0,0.0,0.0,0.0,0.0,nan,nan,nan,1,0,0,0
4346855880,4346855876,0.044790838,1.2480501,0.16907066,0.8330388,-0.020094408,-0.101915,-0.54337454,nan,nan,nan,nan,nan,nan,0.0,0.0,0.0,0.0,0.0,0.0,nan,nan,nan,1,0,0,0
4346863121,4346863116,0.044888426,1.2519025,0.17037039,0.8314763,-0.019249655,-0.101609714,-0.5458499,nan,nan,nan,nan,nan,nan,0.0,0.0,0.0,0.0,0.0,0.0,nan,nan,nan,1,0,0,0
4346866492,4346866488,0.04491022,1.2557578,0.17171033,0.82958984,-0.018190702,-0.10109091,-0.54884464,nan,nan,nan,nan,nan,nan,0.0,0.0,0.0,0.0,0.0,0.0,nan,nan,nan,1,0,0,0
4346872508,4346872504,0.04501755,1.2597588,0.17286469,0.8277384,-0.017742451,-0.10045028,-0.5517646,nan,nan,nan,nan,nan,nan,0.0,0.0,0.0,0.0,0.0,0.0,nan,nan,nan,1,0,0,0
4346876004,4346875999,0.04494649,1.2637708,0.17413695,0.8252543,-0.015593927,-0.10173079,-0.55530447,nan,nan,nan,nan,nan,nan,0.0,0.0,0.0,0.0,0.0,0.0,nan,nan,nan,1,0,0,0
4346889810,4346889805,0.044666782,1.2760648,0.17716694,0.8157223,-0.019140726,-0.09724202,-0.5698901,nan,nan,nan,nan,nan,nan,0.0,0.0,0.0,0.0,0.0,0.0,nan,nan,nan,1,0,0,0
4346892488,4346892483,0.04450763,1.2802459,0.17806293,0.8118589,-0.019809673,-0.095233865,-0.57569367,nan,nan,nan,nan,nan,nan,0.0,0.0,0.0,0.0,0.0,0.0,nan,nan,nan,1,0,0,0
4346908482,4346908478,0.04412021,1.2883921,0.17980945,0.80282843,-0.018839339,-0.08953302,-0.589148,nan,nan,nan,nan,nan,nan,0.0,0.0,0.0,0.0,0.0,0.0,nan,nan,nan,1,0,0,0
4346916476,4346916471,0.04382771,1.2924926,0.18068078,0.797858,-0.017373769,-0.08779249,-0.5961655,nan,nan,nan,nan,nan,nan,0.0,0.0,0.0,0.0,0.0,0.0,nan,nan,nan,1,0,0,0
4346925885,4346925881,0.043596137,1.2966583,0.18146409,0.7928888,-0.01554068,-0.087019436,-0.6029207,nan,nan,nan,nan,nan,nan,0.0,0.0,0.0,0.0,0.0,0.0,nan,nan,nan,1,0,0,0
4346936485,4346936480,0.043360192,1.3008633,0.18218754,0.7876912,-0.013188929,-0.086623535,-0.6098073,nan,nan,nan,nan,nan,nan,0.0,0.0,0.0,0.0,0.0,0.0,nan,nan,nan,1,0,0,0
4346941720,4346941716,0.04317823,1.3050263,0.1828526,0.7827633,-0.010214761,-0.08616113,-0.6162414,nan,nan,nan,nan,nan,nan,0.0,0.0,0.0,0.0,0.0,0.0,nan,nan,nan,1,0,0,0
4346953121,4346953116,0.043012183,1.3091387,0.18354729,0.77763426,-0.0072003333,-0.08621876,-0.6227354,nan,nan,nan,nan,nan,nan,0.0,0.0,0.0,0.0,0.0,0.0,nan,nan,nan,1,0,0,0
4346958528,4346958524,0.042826418,1.3131111,0.18441242,0.7735541,-0.003235241,-0.089854054,-0.6273195,nan,nan,nan,nan,nan,nan,0.0,0.0,0.0,0.0,0.0,0.0,nan,nan,nan,1,0,0,0
4346969492,4346969487,0.0428514,1.3174218,0.18497525,0.7689741,0.0008097082,-0.09213561,-0.632605,nan,nan,nan,nan,nan,nan,0.0,0.0,0.0,0.0,0.0,0.0,nan,nan,nan,1,0,0,0
4346974477,4346974472,0.04274976,1.3212959,0.18582697,0.76431733,0.0052807336,-0.09163919,-0.63827366,nan,nan,nan,nan,nan,nan,0.0,0.0,0.0,0.0,0.0,0.0,nan,nan,nan,1,0,0,0
4346982679,4346982675,0.042779785,1.3253176,0.18657763,0.7600686,0.00948506,-0.09308845,-0.643071,nan,nan,nan,nan,nan,nan,0.0,0.0,0.0,0.0,0.0,0.0,nan,nan,nan,1,0,0,0
4346991912,4346991907,0.042844664,1.3293525,0.1873142,0.7560713,0.014131597,-0.0943812,-0.6474941,nan,nan,nan,nan,nan,nan,0.0,0.0,0.0,0.0,0.0,0.0,nan,nan,nan,1,0,0,0
4346999487,4346999482,0.04297373,1.3333533,0.1881492,0.7523889,0.017620457,-0.09743755,-0.6512345,nan,nan,nan,nan,nan,nan,0.0,0.0,0.0,0.0,0.0,0.0,nan,nan,nan,1,0,0,0
4347007480,4347007476,0.04313161,1.3373058,0.18910408,0.7490956,0.022721829,-0.09996218,-0.65448236,nan,nan,nan,nan,nan,nan,0.0,0.0,0.0,0.0,0.0,0.0,nan,nan,nan,1,0,0,0
4347016589,4347016584,0.04333079,1.341321,0.18998563,0.7462034,0.026733316,-0.10279353,-0.6571905,nan,nan,nan,nan,nan,nan,0.0,0.0,0.0,0.0,0.0,0.0,nan,nan,nan,1,0,0,0
4347024490,4347024485,0.043657057,1.3453804,0.19079797,0.7441052,0.0310575,-0.10583431,-0.65889454,nan,nan,nan,nan,nan,nan,0.0,0.0,0.0,0.0,0.0,0.0,nan,nan,nan,1,0,0,0
4347033578,4347033573,0.044002425,1.3494511,0.19164938,0.7419728,0.03514318,-0.107736975,-0.6607829,nan,nan,nan,nan,nan,nan,0.0,0.0,0.0,0.0,0.0,0.0,nan,nan,nan,1,0,0,0
4347122484,4347122479,0.047051515,1.3737454,0.19709526,0.7398707,0.051493667,-0.11933214,-0.6600755,nan,nan,nan,nan,nan,nan,0.0,0.0,0.0,0.0,0.0,0.0,nan,nan,nan,1,0,0,0
4347152619,4347152473,0.048238214,1.3818963,0.19876587,0.7415796,0.051851403,-0.115608886,-0.6587911,nan,nan,nan,nan,nan,nan,0.0,0.0,0.0,0.0,0.0,0.0,nan,nan,nan,1,0,0,0
4347169513,4347169508,0.048813846,1.385919,0.1995954,0.7426963,0.051207006,-0.11266187,-0.6580938,nan,nan,nan,nan,nan,nan,0.0,0.0,0.0,0.0,0.0,0.0,nan,nan,nan,1,0,0,0
4347184480,4347184476,0.05000799,1.3941592,0.20090924,0.74392337,0.04949672,-0.10323808,-0.65838444,nan,nan,nan,nan,nan,nan,0.0,0.0,0.0,0.0,0.0,0.0,nan,nan,nan,1,0,0,0
4347192908,4347192904,0.05052073,1.3982563,0.20159535,0.7443238,0.047487758,-0.100199305,-0.6585493,nan,nan,nan,nan,nan,nan,0.0,0.0,0.0,0.0,0.0,0.0,nan,nan,nan,1,0,0,0
4347201804,4347201800,0.051054634,1.402428,0.20208086,0.7438635,0.044806473,-0.0959951,-0.659882,nan,nan,nan,nan,nan,nan,0.0,0.0,0.0,0.0,0.0,0.0,nan,nan,nan,1,0,0,0
4347203808,4347203804,0.051503092,1.4064745,0.2026642,0.74402595,0.04233643,-0.09428119,-0.66010916,nan,nan,nan,nan,nan,nan,0.0,0.0,0.0,0.0,0.0,0.0,nan,nan,nan,1,0,0,0
4347208472,4347208467,0.052503627,1.4146999,0.20353335,0.7429227,0.03677176,-0.088455446,-0.6624872,nan,nan,nan,nan,nan,nan,0.0,0.0,0.0,0.0,0.0,0.0,nan,nan,nan,1,0,0,0
4347218510,4347218506,0.053503387,1.4227477,0.20448077,0.7420292,0.03260819,-0.08427673,-0.6642491,nan,nan,nan,nan,nan,nan,0.0,0.0,0.0,0.0,0.0,0.0,nan,nan,nan,1,0,0,0
4347226525,4347226500,0.054435384,1.4305866,0.20543256,0.7410654,0.029168459,-0.08085119,-0.6659087,nan,nan,nan,nan,nan,nan,0.0,0.0,0.0,0.0,0.0,0.0,nan,nan,nan,1,0,0,0
4347231705,4347231699,0.05491755,1.4344784,0.20596041,0.7404274,0.027039658,-0.08000848,-0.6668094,nan,nan,nan,nan,nan,nan,0.0,0.0,0.0,0.0,0.0,0.0,nan,nan,nan,1,0,0,0
4347244486,4347244482,0.05532821,1.438363,0.20651986,0.7395137,0.02570212,-0.0780465,-0.6681075,nan,nan,nan,nan,nan,nan,0.0,0.0,0.0,0.0,0.0,0.0,nan,nan,nan,1,0,0,0
4347252544,4347252540,0.055752695,1.4421154,0.20710072,0.7383603,0.02397759,-0.075668015,-0.66971904,nan,nan,nan,nan,nan,nan,0.0,0.0,0.0,0.0,0.0,0.0,nan,nan,nan,1,0,0,0
4347259479,4347259474,0.056110375,1.4458956,0.20772919,0.7377288,0.022374922,-0.07508131,-0.670536,nan,nan,nan,nan,nan,nan,0.0,0.0,0.0,0.0,0.0,0.0,nan,nan,nan,1,0,0,0
4347264482,4347264477,0.056573488,1.4499384,0.20824431,0.73651004,0.018744031,-0.073759764,-0.6721319,nan,nan,nan,nan,nan,nan,0.0,0.0,0.0,0.0,0.0,0.0,nan,nan,nan,1,0,0,0
4347271482,4347271477,0.05693261,1.4538122,0.20888251,0.73561376,0.015948247,-0.07395092,-0.67316365,nan,nan,nan,nan,nan,nan,0.0,0.0,0.0,0.0,0.0,0.0,nan,nan,nan,1,0,0,0
4347282522,4347282518,0.057372622,1.4578124,0.2094632,0.73527664,0.01253184,-0.075577386,-0.6734235,nan,nan,nan,nan,nan,nan,0.0,0.0,0.0,0.0,0.0,0.0,nan,nan,nan,1,0,0,0
4347289475,4347289470,0.057766434,1.4616976,0.21016705,0.7349187,0.009965446,-0.07638524,-0.6737658,nan,nan,nan,nan,nan,nan,0.0,0.0,0.0,0.0,0.0,0.0,nan,nan,nan,1,0,0,0
4347301182,4347301178,0.05817933,1.4656157,0.21081103,0.7344454,0.007860009,-0.07539539,-0.67442095,nan,nan,nan,nan,nan,nan,0.0,0.0,0.0,0.0,0.0,0.0,nan,nan,nan,1,0,0,0
4347357477,4347357472,0.059817843,1.481265,0.2139181,0.73465335,0.0009992021,-0.06920666,-0.67490286,nan,nan,nan,nan,nan,nan,0.0,0.0,0.0,0.0,0.0,0.0,nan,nan,nan,1,0,0,0
4347364644,4347364639,0.060236417,1.4851435,0.21476944,0.735118,0.00040620493,-0.06715184,-0.674605,nan,nan,nan,nan,nan,nan,0.0,0.0,0.0,0.0,0.0,0.0,nan,nan,nan,1,0,0,0
4347368629,4347368624,0.06066423,1.4892122,0.21553105,0.7353243,-0.0014140945,-0.06468311,-0.6746201,nan,nan,nan,nan,nan,nan,0.0,0.0,0.0,0.0,0.0,0.0,nan,nan,nan,1,0,0,0
4347375490,4347375485,0.061102338,1.4931895,0.2163903,0.7359801,-0.0019483122,-0.06326246,-0.6740381,nan,nan,nan,nan,nan,nan,0.0,0.0,0.0,0.0,0.0,0.0,nan,nan,nan,1,0,0,0
4347386197,4347386193,0.061552584,1.4973091,0.2171333,0.73626655,-0.003777269,-0.061221845,-0.6739059,nan,nan,nan,nan,nan,nan,0.0,0.0,0.0,0.0,0.0,0.0,nan,nan,nan,1,0,0,0
4347394527,4347394522,0.063003205,1.5096053,0.21967012,0.73864645,-0.005838697,-0.058524113,-0.6715223,nan,nan,nan,nan,nan,nan,0.0,0.0,0.0,0.0,0.0,0.0,nan,nan,nan,1,0,0,0
4347398594,4347398589,0.0635394,1.5136672,0.2206064,0.7397458,-0.007002013,-0.05683584,-0.6704452,nan,nan,nan,nan,nan,nan,0.0,0.0,0.0,0.0,0.0,0.0,nan,nan,nan,1,0,0,0
4347409623,4347409619,0.06528944,1.5257916,0.2235946,0.7496092,-0.007183654,-0.055839222,-0.65948194,nan,nan,nan,nan,nan,nan,0.0,0.0,0.0,0.0,0.0,0.0,nan,nan,nan,1,0,0,0
4347419508,4347419503,0.066404976,1.5337354,0.22572361,0.75859696,-0.006260997,-0.05506149,-0.6491993,nan,nan,nan,nan,nan,nan,0.0,0.0,0.0,0.0,0.0,0.0,nan,nan,nan,1,0,0,0
4347424502,4347424497,0.06695344,1.5378098,0.22668608,0.76295006,-0.0064298906,-0.055282515,-0.6440572,nan,nan,nan,nan,nan,nan,0.0,0.0,0.0,0.0,0.0,0.0,nan,nan,nan,1,0,0,0
4347442620,4347442615,0.06740584,1.5419084,0.22761047,0.7664982,-0.0075714677,-0.05426298,-0.6399052,nan,nan,nan,nan,nan,nan,0.0,0.0,0.0,0.0,0.0,0.0,nan,nan,nan,1,0,0,0
4347444501,4347444496,0.067839734,1.5459429,0.22857131,0.77055514,-0.007936156,-0.054360643,-0.6350014,nan,nan,nan,nan,nan,nan,0.0,0.0,0.0,0.0,0.0,0.0,nan,nan,nan,1,0,0,0
4347455483,4347455478,0.06822119,1.5499834,0.22946762,0.77378273,-0.009495089,-0.05208048,-0.6312352,nan,nan,nan,nan,nan,nan,0.0,0.0,0.0,0.0,0.0,0.0,nan,nan,nan,1,0,0,0
4347461549,4347461544,0.06856971,1.5538999,0.2304436,0.7769397,-0.009600279,-0.049793582,-0.6275294,nan,nan,nan,nan,nan,nan,0.0,0.0,0.0,0.0,0.0,0.0,nan,nan,nan,1,0,0,0
4347466495,4347466490,0.068967305,1.5579854,0.23120944,0.7803926,-0.011347353,-0.049851645,-0.6231961,nan,nan,nan,nan,nan,nan,0.0,0.0,0.0,0.0,0.0,0.0,nan,nan,nan,1,0,0,0
4347473618,4347473613,0.06935007,1.562079,0.231906,0.78338945,-0.014062143,-0.049474116,-0.61939937,nan,nan,nan,nan,nan,nan,0.0,0.0,0.0,0.0,0.0,0.0,nan,nan,nan,1,0,0,0
4347482622,4347482617,0.06963415,1.5658711,0.23286311,0.78606004,-0.015108881,-0.047548003,-0.61613345,nan,nan,nan,nan,nan,nan,0.0,0.0,0.0,0.0,0.0,0.0,nan,nan,nan,1,0,0,0
4347492238,4347492233,0.0699843,1.5700041,0.23348825,0.7889065,-0.018528013,-0.04832001,-0.6123303,nan,nan,nan,nan,nan,nan,0.0,0.0,0.0,0.0,0.0,0.0,nan,nan,nan,1,0,0,0
4347501788,4347501783,0.07033686,1.573947,0.23413444,0.7913508,-0.0199307,-0.047786716,-0.60916597,nan,nan,nan,nan,nan,nan,0.0,0.0,0.0,0.0,0.0,0.0,nan,nan,nan,1,0,0,0
4347508938,4347508934,0.070681,1.5778679,0.23480879,0.79382616,-0.019068852,-0.0477867,-0.6059643,nan,nan,nan,nan,nan,nan,0.0,0.0,0.0,0.0,0.0,0.0,nan,nan,nan,1,0,0,0
4347516484,4347516480,0.07092947,1.5816382,0.23548226,0.7952607,-0.018835805,-0.045296844,-0.6042795,nan,nan,nan,nan,nan,nan,0.0,0.0,0.0,0.0,0.0,0.0,nan,nan,nan,1,0,0,0
4347524476,4347524472,0.07111695,1.5855218,0.23610163,0.79620975,-0.018845523,-0.043943625,-0.6031284,nan,nan,nan,nan,nan,nan,0.0,0.0,0.0,0.0,0.0,0.0,nan,nan,nan,1,0,0,0
4347532490,4347532485,0.07136117,1.5895948,0.23654287,0.7967691,-0.020934703,-0.044208817,-0.6023009,nan,nan,nan,nan,nan,nan,0.0,0.0,0.0,0.0,0.0,0.0,nan,nan,nan,1,0,0,0
4347541489,4347541485,0.071558185,1.5935578,0.2371201,0.79710764,-0.021956535,-0.044224866,-0.6018153,nan,nan,nan,nan,nan,nan,0.0,0.0,0.0,0.0,0.0,0.0,nan,nan,nan,1,0,0,0
4347551280,4347551275,0.071686365,1.597387,0.23763853,0.7966989,-0.024342265,-0.041858412,-0.6024335,nan,nan,nan,nan,nan,nan,0.0,0.0,0.0,0.0,0.0,0.0,nan,nan,nan,1,0,0,0
4347558476,4347558471,0.071823336,1.6012048,0.23826884,0.79675794,-0.02560313,-0.041435946,-0.6023324,nan,nan,nan,nan,nan,nan,0.0,0.0,0.0,0.0,0.0,0.0,nan,nan,nan,1,0,0,0
4347566476,4347566471,0.07189257,1.604966,0.23885666,0.7961201,-0.028023902,-0.0386158,-0.60325474,nan,nan,nan,nan,nan,nan,0.0,0.0,0.0,0.0,0.0,0.0,nan,nan,nan,1,0,0,0
4347575480,4347575475,0.07190607,1.6086801,0.23950337,0.7950422,-0.030055938,-0.036138605,-0.60473007,nan,nan,nan,nan,nan,nan,0.0,0.0,0.0,0.0,0.0,0.0,nan,nan,nan,1,0,0,0
4347582995,4347582990,0.07194901,1.6125106,0.24004577,0.79405785,-0.032620832,-0.034499716,-0.605985,nan,nan,nan,nan,nan,nan,0.0,0.0,0.0,0.0,0.0,0.0,nan,nan,nan,1,0,0,0
4347592240,4347592234,0.071955465,1.6162883,0.24066447,0.7926225,-0.035244282,-0.03213092,-0.60784453,nan,nan,nan,nan,nan,nan,0.0,0.0,0.0,0.0,0.0,0.0,nan,nan,nan,1,0,0,0
4347601323,4347601318,0.071911715,1.6198393,0.241431,0.7912211,-0.035975553,-0.029158216,-0.60977423,nan,nan,nan,nan,nan,nan,0.0,0.0,0.0,0.0,0.0,0.0,nan,nan,nan,1,0,0,0
4347607663,4347607658,0.07193186,1.62362,0.24202698,0.790126,-0.039105136,-0.028492229,-0.6110318,nan,nan,nan,nan,nan,nan,0.0,0.0,0.0,0.0,0.0,0.0,nan,nan,nan,1,0,0,0
4347621308,4347621304,0.07186935,1.6272482,0.24273455,0.7883845,-0.041541114,-0.025009729,-0.6132689,nan,nan,nan,nan,nan,nan,0.0,0.0,0.0,0.0,0.0,0.0,nan,nan,nan,1,0,0,0
4347624961,4347624957,0.07186077,1.63086,0.24344814,0.78725207,-0.043126654,-0.023067877,-0.6146887,nan,nan,nan,nan,nan,nan,0.0,0.0,0.0,0.0,0.0,0.0,nan,nan,nan,1,0,0,0
4347632489,4347632484,0.071799956,1.6343893,0.2441467,0.78554296,-0.045657564,-0.019611279,-0.61680883,nan,nan,nan,nan,nan,nan,0.0,0.0,0.0,0.0,0.0,0.0,nan,nan,nan,1,0,0,0
4347642288,4347642284,0.07177698,1.6379638,0.24482529,0.78447205,-0.04735028,-0.01809228,-0.6180892,nan,nan,nan,nan,nan,nan,0.0,0.0,0.0,0.0,0.0,0.0,nan,nan,nan,1,0,0,0
4347655482,4347655477,0.07163855,1.6412916,0.24561614,0.7826774,-0.047931317,-0.014091539,-0.6204193,nan,nan,nan,nan,nan,nan,0.0,0.0,0.0,0.0,0.0,0.0,nan,nan,nan,1,0,0,0
4347662234,4347662229,0.07157009,1.6447716,0.24629718,0.7809669,-0.048806444,-0.011037653,-0.62256473,nan,nan,nan,nan,nan,nan,0.0,0.0,0.0,0.0,0.0,0.0,nan,nan,nan,1,0,0,0
4347667491,4347667486,0.07148873,1.6480833,0.2470432,0.7797309,-0.04815162,-0.009327718,-0.6241907,nan,nan,nan,nan,nan,nan,0.0,0.0,0.0,0.0,0.0,0.0,nan,nan,nan,1,0,0,0
4347675057,4347675052,0.07139629,1.6514217,0.24772681,0.7778562,-0.048582006,-0.007477405,-0.62651706,nan,nan,nan,nan,nan,nan,0.0,0.0,0.0,0.0,0.0,0.0,nan,nan,nan,1,0,0,0
4347683697,4347683692,0.07117701,1.6546503,0.24857986,0.77576375,-0.04763187,-0.005646975,-0.6291979,nan,nan,nan,nan,nan,nan,0.0,0.0,0.0,0.0,0.0,0.0,nan,nan,nan,1,0,0,0
4347691475,4347691470,0.071047656,1.658023,0.24933259,0.77434075,-0.04774675,-0.006911802,-0.63092697,nan,nan,nan,nan,nan,nan,0.0,0.0,0.0,0.0,0.0,0.0,nan,nan,nan,1,0,0,0
4347703488,4347703483,0.07085339,1.6612905,0.25022072,0.7723972,-0.047279205,-0.0063788784,-0.6333454,nan,nan,nan,nan,nan,nan,0.0,0.0,0.0,0.0,0.0,0.0,nan,nan,nan,1,0,0,0
4347708262,4347708257,0.07070539,1.6646436,0.2510247,0.77074605,-0.047419,-0.0071555558,-0.6353352,nan,nan,nan,nan,nan,nan,0.0,0.0,0.0,0.0,0.0,0.0,nan,nan,nan,1,0,0,0
4347716531,4347716527,0.07056123,1.6679531,0.25193226,0.76887804,-0.047489703,-0.007591713,-0.6375843,nan,nan,nan,nan,nan,nan,0.0,0.0,0.0,0.0,0.0,0.0,nan,nan,nan,1,0,0,0
4347724822,4347724817,0.07044643,1.6712233,0.25282407,0.7675448,-0.047210664,-0.008044529,-0.63920367,nan,nan,nan,nan,nan,nan,0.0,0.0,0.0,0.0,0.0,0.0,nan,nan,nan,1,0,0,0
4347736484,4347736480,0.070386805,1.6746203,0.25354835,0.7665869,-0.04781927,-0.010175772,-0.64027673,nan,nan,nan,nan,nan,nan,0.0,0.0,0.0,0.0,0.0,0.0,nan,nan,nan,1,0,0,0
4347791051,4347791046,0.07011033,1.6881895,0.25625712,0.7602201,-0.053279184,-0.012606048,-0.6473544,nan,nan,nan,nan,nan,nan,0.0,0.0,0.0,0.0,0.0,0.0,nan,nan,nan,1,0,0,0
4347797061,4347797056,0.07001494,1.6915202,0.25691995,0.7577844,-0.054850176,-0.00994265,-0.65011954,nan,nan,nan,nan,nan,nan,0.0,0.0,0.0,0.0,0.0,0.0,nan,nan,nan,1,0,0,0
4347804706,4347804702,0.07002224,1.6950308,0.25740412,0.7560162,-0.057879467,-0.0081909,-0.65193737,nan,nan,nan,nan,nan,nan,0.0,0.0,0.0,0.0,0.0,0.0,nan,nan,nan,1,0,0,0
4347812486,4347812482,0.07000136,1.6983976,0.25792995,0.7539442,-0.060271922,-0.0045029833,-0.65415215,nan,nan,nan,nan,nan,nan,0.0,0.0,0.0,0.0,0.0,0.0,nan,nan,nan,1,0,0,0
4347821137,4347821133,0.069965996,1.7017318,0.25840977,0.7518167,-0.06315465,-0.00021314909,-0.6563406,nan,nan,nan,nan,nan,nan,0.0,0.0,0.0,0.0,0.0,0.0,nan,nan,nan,1,0,0,0
4347823482,4347823478,0.069939554,1.7050766,0.25883743,0.7495222,-0.0670348,0.0041756984,-0.6585631,nan,nan,nan,nan,nan,nan,0.0,0.0,0.0,0.0,0.0,0.0,nan,nan,nan,1,0,0,0
4347831494,4347831489,0.069896065,1.7082678,0.25931963,0.74764425,-0.069576286,0.008133979,-0.66039455,nan,nan,nan,nan,nan,nan,0.0,0.0,0.0,0.0,0.0,0.0,nan,nan,nan,1,0,0,0
4347842486,4347842482,0.06972445,1.714663,0.26011983,0.7432336,-0.07591879,0.015047794,-0.6645402,nan,nan,nan,nan,nan,nan,0.0,0.0,0.0,0.0,0.0,0.0,nan,nan,nan,1,0,0,0
4347847481,4347847476,0.069580115,1.7177511,0.2605397,0.7410914,-0.07836523,0.017829547,-0.66657674,nan,nan,nan,nan,nan,nan,0.0,0.0,0.0,0.0,0.0,0.0,nan,nan,nan,1,0,0,0
4347858475,4347858470,0.0694133,1.720746,0.26092744,0.73898476,-0.080503024,0.020448359,-0.6685825,nan,nan,nan,nan,nan,nan,0.0,0.0,0.0,0.0,0.0,0.0,nan,nan,nan,1,0,0,0
4347866529,4347866525,0.068983465,1.7264209,0.26163924,0.7349084,-0.08368015,0.024646679,-0.6725324,nan,nan,nan,nan,nan,nan,0.0,0.0,0.0,0.0,0.0,0.0,nan,nan,nan,1,0,0,0
4347874572,4347874567,0.06868611,1.7289628,0.26204607,0.7332689,-0.08312989,0.025417024,-0.67435896,nan,nan,nan,nan,nan,nan,0.0,0.0,0.0,0.0,0.0,0.0,nan,nan,nan,1,0,0,0
4347883476,4347883472,0.0684032,1.7315778,0.26228914,0.73168844,-0.083500534,0.023988534,-0.6760801,nan,nan,nan,nan,nan,nan,0.0,0.0,0.0,0.0,0.0,0.0,nan,nan,nan,1,0,0,0
4347890903,4347890898,0.06804791,1.7340418,0.262561,0.72985375,-0.0833044,0.022285668,-0.67814255,nan,nan,nan,nan,nan,nan,0.0,0.0,0.0,0.0,0.0,0.0,nan,nan,nan,1,0,0,0
4347900582,4347900577,0.06766768,1.7364267,0.2628072,0.72800237,-0.08280079,0.019617649,-0.6802733,nan,nan,nan,nan,nan,nan,0.0,0.0,0.0,0.0,0.0,0.0,nan,nan,nan,1,0,0,0
4347907482,4347907476,0.06726586,1.7387985,0.26300138,0.72612685,-0.082467034,0.016458338,-0.6823988,nan,nan,nan,nan,nan,nan,0.0,0.0,0.0,0.0,0.0,0.0,nan,nan,nan,1,0,0,0
4347916478,4347916473,0.066802315,1.7411219,0.26315004,0.7242737,-0.08211886,0.0123804035,-0.68449306,nan,nan,nan,nan,nan,nan,0.0,0.0,0.0,0.0,0.0,0.0,nan,nan,nan,1,0,0,0
4347923492,4347923487,0.0662789,1.7432452,0.2634683,0.72281986,-0.0803683,0.008203337,-0.6862981,nan,nan,nan,nan,nan,nan,0.0,0.0,0.0,0.0,0.0,0.0,nan,nan,nan,1,0,0,0
4347944669,4347944664,0.06512284,1.7474383,0.26417494,0.7195285,-0.07899624,0.00081428845,-0.6899549,nan,nan,nan,nan,nan,nan,0.0,0.0,0.0,0.0,0.0,0.0,nan,nan,nan,1,0,0,0
4347951188,4347951183,0.06456979,1.7495103,0.264505,0.7180639,-0.078597024,-0.0018934385,-0.69152224,nan,nan,nan,nan,nan,nan,0.0,0.0,0.0,0.0,0.0,0.0,nan,nan,nan,1,0,0,0
4347961665,4347961660,0.06388677,1.7513112,0.2650516,0.71693355,-0.077191144,-0.0031854482,-0.69284755,nan,nan,nan,nan,nan,nan,0.0,0.0,0.0,0.0,0.0,0.0,nan,nan,nan,1,0,0,0
4347967146,4347967141,0.06325115,1.753118,0.2655127,0.7161759,-0.07609792,-0.004232054,-0.6937457,nan,nan,nan,nan,nan,nan,0.0,0.0,0.0,0.0,0.0,0.0,nan,nan,nan,1,0,0,0
4347973483,4347973477,0.06263918,1.7548332,0.26595482,0.71563935,-0.07533267,-0.004535894,-0.6943809,nan,nan,nan,nan,nan,nan,0.0,0.0,0.0,0.0,0.0,0.0,nan,nan,nan,1,0,0,0
4347982511,4347982478,0.061945796,1.7564721,0.26636726,0.7150855,-0.07465323,-0.004775322,-0.69502294,nan,nan,nan,nan,nan,nan,0.0,0.0,0.0,0.0,0.0,0.0,nan,nan,nan,1,0,0,0
4347990504,4347990499,0.06126512,1.7580479,0.2668247,0.7150577,-0.074314326,-0.0047143204,-0.6950882,nan,nan,nan,nan,nan,nan,0.0,0.0,0.0,0.0,0.0,0.0,nan,nan,nan,1,0,0,0
4348000866,4348000860,0.06053281,1.7595936,0.26720276,0.7146674,-0.07428598,-0.004406667,-0.6954946,nan,nan,nan,nan,nan,nan,0.0,0.0,0.0,0.0,0.0,0.0,nan,nan,nan,1,0,0,0
4348008483,4348008477,0.059705418,1.7610272,0.26753417,0.71389407,-0.07397013,-0.003565243,-0.6963268,nan,nan,nan,nan,nan,nan,0.0,0.0,0.0,0.0,0.0,0.0,nan,nan,nan,1,0,0,0
4348017245,4348017240,0.058875065,1.7624483,0.26789007,0.71335113,-0.07358662,-0.002593399,-0.6969279,nan,nan,nan,nan,nan,nan,0.0,0.0,0.0,0.0,0.0,0.0,nan,nan,nan,1,0,0,0
4348025861,4348025856,0.05796507,1.7637181,0.2682366,0.71262157,-0.07297598,-0.0011155896,-0.6977419,nan,nan,nan,nan,nan,nan,0.0,0.0,0.0,0.0,0.0,0.0,nan,nan,nan,1,0,0,0
4348033488,4348033483,0.057057053,1.7649711,0.2684963,0.712013,-0.07268366,1.8239807e-05,-0.69839424,nan,nan,nan,nan,nan,nan,0.0,0.0,0.0,0.0,0.0,0.0,nan,nan,nan,1,0,0,0
4348041553,4348041548,0.056099772,1.7661082,0.26876554,0.71152544,-0.07262667,0.0012233647,-0.6988958,nan,nan,nan,nan,nan,nan,0.0,0.0,0.0,0.0,0.0,0.0,nan,nan,nan,1,0,0,0
4348050831,4348050825,0.05509604,1.7671596,0.26896164,0.71101946,-0.07293105,0.0025647918,-0.69937533,nan,nan,nan,nan,nan,nan,0.0,0.0,0.0,0.0,0.0,0.0,nan,nan,nan,1,0,0,0
4348061508,4348061501,0.05405502,1.7681332,0.2690987,0.71103525,-0.07297303,0.0038926294,-0.6993488,nan,nan,nan,nan,nan,nan,0.0,0.0,0.0,0.0,0.0,0.0,nan,nan,nan,1,0,0,0
4348066831,4348066826,0.053008042,1.7690128,0.2692026,0.71101063,-0.07297707,0.0050123055,-0.6993661,nan,nan,nan,nan,nan,nan,0.0,0.0,0.0,0.0,0.0,0.0,nan,nan,nan,1,0,0,0
4348075582,4348075577,0.051787533,1.7696193,0.26936328,0.71053994,-0.07258558,0.008624982,-0.69984996,nan,nan,nan,nan,nan,nan,0.0,0.0,0.0,0.0,0.0,0.0,nan,nan,nan,1,0,0,0
4348085754,4348085749,0.050637864,1.7703886,0.26924983,0.7106793,-0.074068815,0.00919345,-0.69954574,nan,nan,nan,nan,nan,nan,0.0,0.0,0.0,0.0,0.0,0.0,nan,nan,nan,1,0,0,0
4348091493,4348091487,0.049399525,1.7709283,0.26913357,0.7105513,-0.07498218,0.011222678,-0.69954884,nan,nan,nan,nan,nan,nan,0.0,0.0,0.0,0.0,0.0,0.0,nan,nan,nan,1,0,0,0
4348100998,4348100993,0.048080735,1.7713,0.268974,0.71056044,-0.07560122,0.013520632,-0.6994324,nan,nan,nan,nan,nan,nan,0.0,0.0,0.0,0.0,0.0,0.0,nan,nan,nan,1,0,0,0
4348108485,4348108480,0.04673993,1.7714916,0.2687455,0.7104052,-0.07633223,0.016115867,-0.6994556,nan,nan,nan,nan,nan,nan,0.0,0.0,0.0,0.0,0.0,0.0,nan,nan,nan,1,0,0,0
4348115477,4348115472,0.045270152,1.7714628,0.2684795,0.71085835,-0.077575825,0.017884644,-0.69881517,nan,nan,nan,nan,nan,nan,0.0,0.0,0.0,0.0,0.0,0.0,nan,nan,nan,1,0,0,0
4348124520,4348124515,0.043743283,1.7712444,0.26801103,0.7102401,-0.07782054,0.022437299,-0.699285,nan,nan,nan,nan,nan,nan,0.0,0.0,0.0,0.0,0.0,0.0,nan,nan,nan,1,0,0,0
4348132717,4348132711,0.042141058,1.7708622,0.26757345,0.7102863,-0.07876708,0.024216617,-0.6990726,nan,nan,nan,nan,nan,nan,0.0,0.0,0.0,0.0,0.0,0.0,nan,nan,nan,1,0,0,0
4348141483,4348141478,0.04059939,1.7704602,0.26690367,0.71004707,-0.08038554,0.025805604,-0.69907457,nan,nan,nan,nan,nan,nan,0.0,0.0,0.0,0.0,0.0,0.0,nan,nan,nan,1,0,0,0
4348150525,4348150519,0.038965557,1.7698088,0.26622555,0.70946074,-0.08077818,0.028875237,-0.6995045,nan,nan,nan,nan,nan,nan,0.0,0.0,0.0,0.0,0.0,0.0,nan,nan,nan,1,0,0,0
4348157619,4348157614,0.037272632,1.7689818,0.26543942,0.70886946,-0.081812836,0.031404246,-0.6998747,nan,nan,nan,nan,nan,nan,0.0,0.0,0.0,0.0,0.0,0.0,nan,nan,nan,1,0,0,0
4348166569,4348166563,0.03551762,1.7679476,0.26460412,0.70789325,-0.082424976,0.03386134,-0.70067585,nan,nan,nan,nan,nan,nan,0.0,0.0,0.0,0.0,0.0,0.0,nan,nan,nan,1,0,0,0
4348175140,4348175135,0.033708993,1.7667459,0.26369968,0.7073719,-0.083419874,0.03629832,-0.70096266,nan,nan,nan,nan,nan,nan,0.0,0.0,0.0,0.0,0.0,0.0,nan,nan,nan,1,0,0,0
4348183505,4348183470,0.03184011,1.7652801,0.26278016,0.7066275,-0.08352411,0.039400518,-0.7015332,nan,nan,nan,nan,nan,nan,0.0,0.0,0.0,0.0,0.0,0.0,nan,nan,nan,1,0,0,0
4348192323,4348192318,0.029991824,1.7638187,0.2616191,0.70654297,-0.08498396,0.04017128,-0.7013994,nan,nan,nan,nan,nan,nan,0.0,0.0,0.0,0.0,0.0,0.0,nan,nan,nan,1,0,0,0
4348203505,4348203500,0.028044825,1.7621104,0.26049718,0.70630455,-0.086143024,0.041540653,-0.7014182,nan,nan,nan,nan,nan,nan,0.0,0.0,0.0,0.0,0.0,0.0,nan,nan,nan,1,0,0,0
4348207546,4348207541,0.026046515,1.76019,0.25930804,0.7061276,-0.08750464,0.042898573,-0.7013462,nan,nan,nan,nan,nan,nan,0.0,0.0,0.0,0.0,0.0,0.0,nan,nan,nan,1,0,0,0
4348215473,4348215468,0.02399945,1.7581077,0.25800604,0.705991,-0.08893698,0.04372131,-0.7012528,nan,nan,nan,nan,nan,nan,0.0,0.0,0.0,0.0,0.0,0.0,nan,nan,nan,1,0,0,0
4348224484,4348224479,0.021883486,1.7558246,0.2566947,0.70598495,-0.08972596,0.04401748,-0.7011398,nan,nan,nan,nan,nan,nan,0.0,0.0,0.0,0.0,0.0,0.0,nan,nan,nan,1,0,0,0
4348233481,4348233476,0.019715719,1.7534031,0.25523996,0.7058259,-0.090770476,0.044418238,-0.70114017,nan,nan,nan,nan,nan,nan,0.0,0.0,0.0,0.0,0.0,0.0,nan,nan,nan,1,0,0,0
4348240616,4348240611,0.01754943,1.7508148,0.25373486,0.7056041,-0.09141654,0.04420108,-0.70129323,nan,nan,nan,nan,nan,nan,0.0,0.0,0.0,0.0,0.0,0.0,nan,nan,nan,1,0,0,0
4348251359,4348251354,0.015340393,1.7481273,0.25216857,0.70552003,-0.09170652,0.043533437,-0.70138174,nan,nan,nan,nan,nan,nan,0.0,0.0,0.0,0.0,0.0,0.0,nan,nan,nan,1,0,0,0
4348258488,4348258482,0.013134454,1.7452661,0.25045756,0.7052794,-0.09181255,0.041988004,-0.7017039,nan,nan,nan,nan,nan,nan,0.0,0.0,0.0,0.0,0.0,0.0,nan,nan,nan,1,0,0,0
4348266484,4348266479,0.010910211,1.7423452,0.24866693,0.7049081,-0.091423936,0.0399401,-0.7022472,nan,nan,nan,nan,nan,nan,0.0,0.0,0.0,0.0,0.0,0.0,nan,nan,nan,1,0,0,0
4348274483,4348274477,0.008682659,1.7393069,0.2467957,0.70439726,-0.0909188,0.036850553,-0.70299387,nan,nan,nan,nan,nan,nan,0.0,0.0,0.0,0.0,0.0,0.0,nan,nan,nan,1,0,0,0
4348282528,4348282523,0.006481315,1.7362691,0.24483307,0.70392823,-0.09018819,0.032379396,-0.7037775,nan,nan,nan,nan,nan,nan,0.0,0.0,0.0,0.0,0.0,0.0,nan,nan,nan,1,0,0,0
4348291488,4348291483,0.004278093,1.7331914,0.24274348,0.70244795,-0.08954349,0.02873455,-0.705495,nan,nan,nan,nan,nan,nan,0.0,0.0,0.0,0.0,0.0,0.0,nan,nan,nan,1,0,0,0
4348301433,4348301428,0.0020037028,1.7299099,0.24078673,0.70203817,-0.08839583,0.02308174,-0.7062548,nan,nan,nan,nan,nan,nan,0.0,0.0,0.0,0.0,0.0,0.0,nan,nan,nan,1,0,0,0
4348310869,4348310864,-0.0001921063,1.7267615,0.23862207,0.7015402,-0.0879606,0.017530352,-0.7069632,nan,nan,nan,nan,nan,nan,0.0,0.0,0.0,0.0,0.0,0.0,nan,nan,nan,1,0,0,0
4348316476,4348316470,-0.002392087,1.7234818,0.23644471,0.7009716,-0.08674735,0.012517342,-0.7077833,nan,nan,nan,nan,nan,nan,0.0,0.0,0.0,0.0,0.0,0.0,nan,nan,nan,1,0,0,0
4348324484,4348324478,-0.0045718662,1.7201952,0.23430228,0.70056266,-0.0855293,0.007696923,-0.70840484,nan,nan,nan,nan,nan,nan,0.0,0.0,0.0,0.0,0.0,0.0,nan,nan,nan,1,0,0,0
4348336362,4348336357,-0.0067329416,1.7168328,0.23219319,0.7008564,-0.08394374,0.0026897646,-0.70834064,nan,nan,nan,nan,nan,nan,0.0,0.0,0.0,0.0,0.0,0.0,nan,nan,nan,1,0,0,0
4348351338,4348351333,-0.008824926,1.7135929,0.22987711,0.7004241,-0.08354835,-0.0017354154,-0.70881784,nan,nan,nan,nan,nan,nan,0.0,0.0,0.0,0.0,0.0,0.0,nan,nan,nan,1,0,0,0
4348354944,4348354938,-0.01091693,1.7103491,0.22758405,0.7002886,-0.08350549,-0.00654064,-0.7089287,nan,nan,nan,nan,nan,nan,0.0,0.0,0.0,0.0,0.0,0.0,nan,nan,nan,1,0,0,0
4348360122,4348360116,-0.012942329,1.7072102,0.2251816,0.6997418,-0.083938025,-0.010591642,-0.70936847,nan,nan,nan,nan,nan,nan,0.0,0.0,0.0,0.0,0.0,0.0,nan,nan,nan,1,0,0,0
4348366485,4348366479,-0.014981229,1.7040086,0.22294886,0.7004878,-0.08464573,-0.01640294,-0.70843685,nan,nan,nan,nan,nan,nan,0.0,0.0,0.0,0.0,0.0,0.0,nan,nan,nan,1,0,0,0
4348375483,4348375478,-0.01696525,1.7008895,0.22050458,0.70056564,-0.08577842,-0.020652914,-0.7081126,nan,nan,nan,nan,nan,nan,0.0,0.0,0.0,0.0,0.0,0.0,nan,nan,nan,1,0,0,0
4348382482,4348382476,-0.01889425,1.6978369,0.21798033,0.70040697,-0.08711525,-0.023580158,-0.70801485,nan,nan,nan,nan,nan,nan,0.0,0.0,0.0,0.0,0.0,0.0,nan,nan,nan,1,0,0,0
4348391111,4348391105,-0.020790745,1.6947249,0.21554677,0.7010055,-0.08727533,-0.026201982,-0.7073102,nan,nan,nan,nan,nan,nan,0.0,0.0,0.0,0.0,0.0,0.0,nan,nan,nan,1,0,0,0
4348401528,4348401522,-0.0226819,1.6916691,0.21288945,0.70044506,-0.08743969,-0.026732322,-0.7078251,nan,nan,nan,nan,nan,nan,0.0,0.0,0.0,0.0,0.0,0.0,nan,nan,nan,1,0,0,0
4348408288,4348408283,-0.024560975,1.6886178,0.21036272,0.700955,-0.08831725,-0.028764242,-0.7071314,nan,nan,nan,nan,nan,nan,0.0,0.0,0.0,0.0,0.0,0.0,nan,nan,nan,1,0,0,0
4348416796,4348416790,-0.026396044,1.6856476,0.20761538,0.7004253,-0.088979304,-0.02889059,-0.70756793,nan,nan,nan,nan,nan,nan,0.0,0.0,0.0,0.0,0.0,0.0,nan,nan,nan,1,0,0,0
4348424494,4348424489,-0.028253343,1.6826229,0.20507438,0.7010169,-0.08921675,-0.031035775,-0.70686096,nan,nan,nan,nan,nan,nan,0.0,0.0,0.0,0.0,0.0,0.0,nan,nan,nan,1,0,0,0
4348433858,4348433853,-0.030028857,1.679773,0.2022414,0.700764,-0.09062512,-0.032526493,-0.70686555,nan,nan,nan,nan,nan,nan,0.0,0.0,0.0,0.0,0.0,0.0,nan,nan,nan,1,0,0,0
4348440790,4348440784,-0.031752028,1.6769605,0.19936979,0.7003456,-0.092698246,-0.033814095,-0.706951,nan,nan,nan,nan,nan,nan,0.0,0.0,0.0,0.0,0.0,0.0,nan,nan,nan,1,0,0,0
4348449970,4348449964,-0.03340729,1.6741409,0.19645523,0.7002567,-0.09446556,-0.03530503,-0.70673215,nan,nan,nan,nan,nan,nan,0.0,0.0,0.0,0.0,0.0,0.0,nan,nan,nan,1,0,0,0
4348460070,4348460065,-0.035068378,1.6713239,0.19353755,0.7009342,-0.09663104,-0.037563615,-0.70565045,nan,nan,nan,nan,nan,nan,0.0,0.0,0.0,0.0,0.0,0.0,nan,nan,nan,1,0,0,0
4348465749,4348465744,-0.036677353,1.6685123,0.19051109,0.701534,-0.09900839,-0.039186414,-0.704636,nan,nan,nan,nan,nan,nan,0.0,0.0,0.0,0.0,0.0,0.0,nan,nan,nan,1,0,0,0
4348477527,4348477522,-0.038250275,1.6657275,0.18740036,0.7024034,-0.10072447,-0.041021984,-0.70342106,nan,nan,nan,nan,nan,nan,0.0,0.0,0.0,0.0,0.0,0.0,nan,nan,nan,1,0,0,0
4348482473,4348482467,-0.03986042,1.6628555,0.1842029,0.7028122,-0.103241466,-0.04196722,-0.70259166,nan,nan,nan,nan,nan,nan,0.0,0.0,0.0,0.0,0.0,0.0,nan,nan,nan,1,0,0,0
4348491482,4348491476,-0.041460894,1.6599602,0.18096155,0.7034518,-0.10508447,-0.0433573,-0.7015931,nan,nan,nan,nan,nan,nan,0.0,0.0,0.0,0.0,0.0,0.0,nan,nan,nan,1,0,0,0
4348502479,4348502474,-0.04313296,1.6570297,0.17764765,0.7035758,-0.106473364,-0.044060506,-0.7012156,nan,nan,nan,nan,nan,nan,0.0,0.0,0.0,0.0,0.0,0.0,nan,nan,nan,1,0,0,0
4348510039,4348510034,-0.04475563,1.6541094,0.17420243,0.70370096,-0.10577605,-0.044730127,-0.701153,nan,nan,nan,nan,nan,nan,0.0,0.0,0.0,0.0,0.0,0.0,nan,nan,nan,1,0,0,0
4348516477,4348516472,-0.04644311,1.6510767,0.17076723,0.70332247,-0.10717876,-0.046236213,-0.701222,nan,nan,nan,nan,nan,nan,0.0,0.0,0.0,0.0,0.0,0.0,nan,nan,nan,1,0,0,0
4348523768,4348523763,-0.04812236,1.64816,0.16720228,0.7033072,-0.10591947,-0.047612313,-0.7013366,nan,nan,nan,nan,nan,nan,0.0,0.0,0.0,0.0,0.0,0.0,nan,nan,nan,1,0,0,0
4348534721,4348534716,-0.049899787,1.6451112,0.16369595,0.70225394,-0.10709189,-0.049883217,-0.70205593,nan,nan,nan,nan,nan,nan,0.0,0.0,0.0,0.0,0.0,0.0,nan,nan,nan,1,0,0,0
4348541496,4348541491,-0.051627282,1.6420875,0.16011816,0.7015695,-0.10655696,-0.051683087,-0.702691,nan,nan,nan,nan,nan,nan,0.0,0.0,0.0,0.0,0.0,0.0,nan,nan,nan,1,0,0,0
4348610020,4348610015,-0.0586498,1.6304955,0.14556246,0.69802594,-0.10182366,-0.06105914,-0.7061611,nan,nan,nan,nan,nan,nan,0.0,0.0,0.0,0.0,0.0,0.0,nan,nan,nan,1,0,0,0
4348615501,4348615495,-0.06034577,1.6278353,0.14192031,0.69734263,-0.101502284,-0.063851036,-0.70663536,nan,nan,nan,nan,nan,nan,0.0,0.0,0.0,0.0,0.0,0.0,nan,nan,nan,1,0,0,0
4348620488,4348620483,-0.0620626,1.6252104,0.13830778,0.696529,-0.099799484,-0.0655103,-0.707528,nan,nan,nan,nan,nan,nan,0.0,0.0,0.0,0.0,0.0,0.0,nan,nan,nan,1,0,0,0
4348629914,4348629907,-0.065399624,1.6202394,0.13109702,0.69576377,-0.09813554,-0.07045141,-0.7080388,nan,nan,nan,nan,nan,nan,0.0,0.0,0.0,0.0,0.0,0.0,nan,nan,nan,1,0,0,0
4348633647,4348633642,-0.06707273,1.6179065,0.12755714,0.69571,-0.09778928,-0.07217,-0.7079664,nan,nan,nan,nan,nan,nan,0.0,0.0,0.0,0.0,0.0,0.0,nan,nan,nan,1,0,0,0
4348647506,4348647500,-0.0719892,1.6114079,0.116886176,0.6948236,-0.098332606,-0.073434286,-0.7086313,nan,nan,nan,nan,nan,nan,0.0,0.0,0.0,0.0,0.0,0.0,nan,nan,nan,1,0,0,0
4348651026,4348651020,-0.07360444,1.6094252,0.113337435,0.6946507,-0.099254265,-0.073022805,-0.7087148,nan,nan,nan,nan,nan,nan,0.0,0.0,0.0,0.0,0.0,0.0,nan,nan,nan,1,0,0,0
4348660335,4348660329,-0.075258136,1.6074568,0.1098187,0.69450104,-0.10030543,-0.07253541,-0.70876354,nan,nan,nan,nan,nan,nan,0.0,0.0,0.0,0.0,0.0,0.0,nan,nan,nan,1,0,0,0
4348682473,4348682468,-0.07868323,1.6036944,0.102809094,0.69421816,-0.10340028,-0.0699857,-0.7088523,nan,nan,nan,nan,nan,nan,0.0,0.0,0.0,0.0,0.0,0.0,nan,nan,nan,1,0,0,0
4348685484,4348685478,-0.080434866,1.601859,0.09934311,0.6941332,-0.105140805,-0.068830885,-0.70879245,nan,nan,nan,nan,nan,nan,0.0,0.0,0.0,0.0,0.0,0.0,nan,nan,nan,1,0,0,0
4348691483,4348691477,-0.08221264,1.6000743,0.09588204,0.6942385,-0.10655409,-0.068012096,-0.7085574,nan,nan,nan,nan,nan,nan,0.0,0.0,0.0,0.0,0.0,0.0,nan,nan,nan,1,0,0,0
4348700078,4348700073,-0.08405162,1.5983276,0.09244006,0.6942328,-0.10815817,-0.06741762,-0.70837665,nan,nan,nan,nan,nan,nan,0.0,0.0,0.0,0.0,0.0,0.0,nan,nan,nan,1,0,0,0
4348710936,4348710931,-0.08596336,1.5965874,0.089052655,0.6942254,-0.10975582,-0.06679639,-0.7081972,nan,nan,nan,nan,nan,nan,0.0,0.0,0.0,0.0,0.0,0.0,nan,nan,nan,1,0,0,0
4348719471,4348719466,-0.08794176,1.5948609,0.08573768,0.69424987,-0.11072029,-0.06631762,-0.7080678,nan,nan,nan,nan,nan,nan,0.0,0.0,0.0,0.0,0.0,0.0,nan,nan,nan,1,0,0,0
4348725621,4348725615,-0.090011016,1.5930955,0.082482345,0.69430506,-0.11115467,-0.06521801,-0.70804787,nan,nan,nan,nan,nan,nan,0.0,0.0,0.0,0.0,0.0,0.0,nan,nan,nan,1,0,0,0
4348733484,4348733479,-0.09215845,1.5912932,0.079295605,0.6944116,-0.11099872,-0.06380527,-0.70809644,nan,nan,nan,nan,nan,nan,0.0,0.0,0.0,0.0,0.0,0.0,nan,nan,nan,1,0,0,0
4348741637,4348741632,-0.09439344,1.5894961,0.07618286,0.6944376,-0.11082293,-0.06267126,-0.70819986,nan,nan,nan,nan,nan,nan,0.0,0.0,0.0,0.0,0.0,0.0,nan,nan,nan,1,0,0,0
4348750701,4348750696,-0.096743114,1.5877017,0.07316014,0.69446117,-0.10988587,-0.06189499,-0.7083911,nan,nan,nan,nan,nan,nan,0.0,0.0,0.0,0.0,0.0,0.0,nan,nan,nan,1,0,0,0
4348759378,4348759373,-0.099180415,1.5858815,0.07019685,0.6944249,-0.108298175,-0.0614928,-0.70870596,nan,nan,nan,nan,nan,nan,0.0,0.0,0.0,0.0,0.0,0.0,nan,nan,nan,1,0,0,0
4348766557,4348766551,-0.10173465,1.584084,0.06736649,0.69425994,-0.10681321,-0.061282225,-0.70911103,nan,nan,nan,nan,nan,nan,0.0,0.0,0.0,0.0,0.0,0.0,nan,nan,nan,1,0,0,0
4348777487,4348777481,-0.104369625,1.5823442,0.06462932,0.69415367,-0.105336934,-0.061966605,-0.7093766,nan,nan,nan,nan,nan,nan,0.0,0.0,0.0,0.0,0.0,0.0,nan,nan,nan,1,0,0,0
4348783545,4348783540,-0.10708879,1.5806,0.06198715,0.69452596,-0.10382948,-0.062511206,-0.7091865,nan,nan,nan,nan,nan,nan,0.0,0.0,0.0,0.0,0.0,0.0,nan,nan,nan,1,0,0,0
4348790606,4348790600,-0.10989836,1.578814,0.059525657,0.6950216,-0.10243997,-0.063346624,-0.7088286,nan,nan,nan,nan,nan,nan,0.0,0.0,0.0,0.0,0.0,0.0,nan,nan,nan,1,0,0,0
4348800534,4348800528,-0.112739846,1.5770339,0.057112183,0.6958961,-0.101135455,-0.06340683,-0.70815235,nan,nan,nan,nan,nan,nan,0.0,0.0,0.0,0.0,0.0,0.0,nan,nan,nan,1,0,0,0
4348807477,4348807472,-0.11561741,1.5752558,0.054811686,0.69686574,-0.100080274,-0.06367041,-0.70732456,nan,nan,nan,nan,nan,nan,0.0,0.0,0.0,0.0,0.0,0.0,nan,nan,nan,1,0,0,0
4348816557,4348816552,-0.118579246,1.573435,0.05260235,0.69816655,-0.09942058,-0.06377053,-0.7061249,nan,nan,nan,nan,nan,nan,0.0,0.0,0.0,0.0,0.0,0.0,nan,nan,nan,1,0,0,0
4348824538,4348824532,-0.121609464,1.571604,0.05047592,0.699261,-0.09869352,-0.063503034,-0.7051673,nan,nan,nan,nan,nan,nan,0.0,0.0,0.0,0.0,0.0,0.0,nan,nan,nan,1,0,0,0
4348833482,4348833477,-0.12472017,1.5697271,0.04845112,0.7004447,-0.09822105,-0.06303358,-0.70409983,nan,nan,nan,nan,nan,nan,0.0,0.0,0.0,0.0,0.0,0.0,nan,nan,nan,1,0,0,0
4348841500,4348841493,-0.12789555,1.5677832,0.04652368,0.7015067,-0.098194644,-0.0625582,-0.70308805,nan,nan,nan,nan,nan,nan,0.0,0.0,0.0,0.0,0.0,0.0,nan,nan,nan,1,0,0,0
4348851054,4348851049,-0.1310969,1.565838,0.044703573,0.7020165,-0.09806892,-0.061875388,-0.70265687,nan,nan,nan,nan,nan,nan,0.0,0.0,0.0,0.0,0.0,0.0,nan,nan,nan,1,0,0,0
4348857493,4348857488,-0.13440399,1.5638549,0.043006305,0.70235777,-0.097758405,-0.06121152,-0.7024172,nan,nan,nan,nan,nan,nan,0.0,0.0,0.0,0.0,0.0,0.0,nan,nan,nan,1,0,0,0
4348866941,4348866935,-0.13770978,1.5618865,0.041469876,0.7025175,-0.098061405,-0.06078875,-0.702252,nan,nan,nan,nan,nan,nan,0.0,0.0,0.0,0.0,0.0,0.0,nan,nan,nan,1,0,0,0
4348874878,4348874873,-0.14098111,1.5598948,0.04012379,0.70234436,-0.098149315,-0.060127057,-0.7024698,nan,nan,nan,nan,nan,nan,0.0,0.0,0.0,0.0,0.0,0.0,nan,nan,nan,1,0,0,0
4348884462,4348884456,-0.14427362,1.557895,0.03898542,0.70178515,-0.098289914,-0.059670124,-0.7030478,nan,nan,nan,nan,nan,nan,0.0,0.0,0.0,0.0,0.0,0.0,nan,nan,nan,1,0,0,0
4348891652,4348891647,-0.14754179,1.5558412,0.038091164,0.70145726,-0.09859705,-0.059100308,-0.70338005,nan,nan,nan,nan,nan,nan,0.0,0.0,0.0,0.0,0.0,0.0,nan,nan,nan,1,0,0,0
4348899520,4348899515,-0.15072931,1.5537766,0.037404206,0.7012704,-0.09902971,-0.058390047,-0.70356494,nan,nan,nan,nan,nan,nan,0.0,0.0,0.0,0.0,0.0,0.0,nan,nan,nan,1,0,0,0
4348907601,4348907597,-0.1538324,1.5516566,0.036903646,0.7013927,-0.10073412,-0.05760716,-0.7032655,nan,nan,nan,nan,nan,nan,0.0,0.0,0.0,0.0,0.0,0.0,nan,nan,nan,1,0,0,0
4348915956,4348915951,-0.15690191,1.5494581,0.036613457,0.7021135,-0.10192801,-0.056928582,-0.702429,nan,nan,nan,nan,nan,nan,0.0,0.0,0.0,0.0,0.0,0.0,nan,nan,nan,1,0,0,0
4348924495,4348924489,-0.1599782,1.5471759,0.036486603,0.7038362,-0.10366982,-0.05681933,-0.70045614,nan,nan,nan,nan,nan,nan,0.0,0.0,0.0,0.0,0.0,0.0,nan,nan,nan,1,0,0,0
4348934484,4348934478,-0.1629519,1.544873,0.03644069,0.70545393,-0.105103165,-0.056864753,-0.6986089,nan,nan,nan,nan,nan,nan,0.0,0.0,0.0,0.0,0.0,0.0,nan,nan,nan,1,0,0,0
4348941598,4348941593,-0.1659119,1.5424824,0.036535446,0.7075939,-0.10688236,-0.057520103,-0.6961167,nan,nan,nan,nan,nan,nan,0.0,0.0,0.0,0.0,0.0,0.0,nan,nan,nan,1,0,0,0
4348965538,4348965532,-0.16883576,1.5401247,0.036611296,0.70992786,-0.10686006,-0.05904732,-0.6936114,nan,nan,nan,nan,nan,nan,0.0,0.0,0.0,0.0,0.0,0.0,nan,nan,nan,1,0,0,0
4348969570,4348969565,-0.1717008,1.5377445,0.036697417,0.7124808,-0.106934495,-0.061798707,-0.6907367,nan,nan,nan,nan,nan,nan,0.0,0.0,0.0,0.0,0.0,0.0,nan,nan,nan,1,0,0,0
4348975304,4348975299,-0.17452651,1.5354599,0.036728904,0.7151487,-0.10445778,-0.06580621,-0.687983,nan,nan,nan,nan,nan,nan,0.0,0.0,0.0,0.0,0.0,0.0,nan,nan,nan,1,0,0,0
4348983317,4348983310,-0.17991403,1.530997,0.036517736,0.71892875,-0.0999247,-0.075961605,-0.68365663,nan,nan,nan,nan,nan,nan,0.0,0.0,0.0,0.0,0.0,0.0,nan,nan,nan,1,0,0,0
4348990486,4348990480,-0.18246076,1.5288838,0.036242135,0.71939486,-0.09813897,-0.079935335,-0.68297154,nan,nan,nan,nan,nan,nan,0.0,0.0,0.0,0.0,0.0,0.0,nan,nan,nan,1,0,0,0
4349000264,4349000258,-0.18497907,1.5268801,0.035883997,0.7201429,-0.095692694,-0.08377793,-0.6820692,nan,nan,nan,nan,nan,nan,0.0,0.0,0.0,0.0,0.0,0.0,nan,nan,nan,1,0,0,0
4349007489,4349007484,-0.18749838,1.5249342,0.03551638,0.7196574,-0.09342611,-0.08640455,-0.68256795,nan,nan,nan,nan,nan,nan,0.0,0.0,0.0,0.0,0.0,0.0,nan,nan,nan,1,0,0,0
4349015492,4349015486,-0.18997175,1.5231916,0.035110496,0.718872,-0.09117344,-0.08835312,-0.6834502,nan,nan,nan,nan,nan,nan,0.0,0.0,0.0,0.0,0.0,0.0,nan,nan,nan,1,0,0,0
4349024483,4349024478,-0.19244464,1.5215541,0.034715224,0.71748835,-0.089058295,-0.08883563,-0.6851185,nan,nan,nan,nan,nan,nan,0.0,0.0,0.0,0.0,0.0,0.0,nan,nan,nan,1,0,0,0
4349032483,4349032478,-0.194867,1.520101,0.034409687,0.71570325,-0.0878106,-0.088409945,-0.68719846,nan,nan,nan,nan,nan,nan,0.0,0.0,0.0,0.0,0.0,0.0,nan,nan,nan,1,0,0,0
4349040476,4349040471,-0.1972881,1.5187918,0.034283563,0.7136324,-0.087213606,-0.08705404,-0.68959713,nan,nan,nan,nan,nan,nan,0.0,0.0,0.0,0.0,0.0,0.0,nan,nan,nan,1,0,0,0
4349049488,4349049483,-0.19962764,1.5176028,0.034259085,0.71143234,-0.086785294,-0.08517744,-0.69215405,nan,nan,nan,nan,nan,nan,0.0,0.0,0.0,0.0,0.0,0.0,nan,nan,nan,1,0,0,0
4349057490,4349057484,-0.20183973,1.5166239,0.034406915,0.7095821,-0.0860847,-0.08227212,-0.6944882,nan,nan,nan,nan,nan,nan,0.0,0.0,0.0,0.0,0.0,0.0,nan,nan,nan,1,0,0,0
4349066609,4349066604,-0.20399459,1.5157723,0.03475312,0.7075316,-0.08641933,-0.07962363,-0.69684356,nan,nan,nan,nan,nan,nan,0.0,0.0,0.0,0.0,0.0,0.0,nan,nan,nan,1,0,0,0
4349075475,4349075470,-0.20603742,1.5150914,0.03518737,0.7063774,-0.086199805,-0.07725302,-0.69830686,nan,nan,nan,nan,nan,nan,0.0,0.0,0.0,0.0,0.0,0.0,nan,nan,nan,1,0,0,0
4349084484,4349084479,-0.20788929,1.5145954,0.035738826,0.70534486,-0.086431906,-0.076339155,-0.6994216,nan,nan,nan,nan,nan,nan,0.0,0.0,0.0,0.0,0.0,0.0,nan,nan,nan,1,0,0,0
4349091484,4349091479,-0.20962538,1.5142944,0.036480255,0.70456827,-0.08685693,-0.076009125,-0.70018715,nan,nan,nan,nan,nan,nan,0.0,0.0,0.0,0.0,0.0,0.0,nan,nan,nan,1,0,0,0
4349099482,4349099477,-0.21129687,1.5140835,0.03744882,0.70451677,-0.08732268,-0.07712047,-0.7000594,nan,nan,nan,nan,nan,nan,0.0,0.0,0.0,0.0,0.0,0.0,nan,nan,nan,1,0,0,0
4349108615,4349108610,-0.21273538,1.5140241,0.038534954,0.7042108,-0.08816663,-0.07695832,-0.7002793,nan,nan,nan,nan,nan,nan,0.0,0.0,0.0,0.0,0.0,0.0,nan,nan,nan,1,0,0,0
4349116510,4349116505,-0.2141172,1.5140383,0.03973235,0.7044284,-0.0886702,-0.07621967,-0.70007783,nan,nan,nan,nan,nan,nan,0.0,0.0,0.0,0.0,0.0,0.0,nan,nan,nan,1,0,0,0
4349124486,4349124481,-0.21535133,1.5140916,0.041104034,0.7047075,-0.08947684,-0.07470516,-0.69985753,nan,nan,nan,nan,nan,nan,0.0,0.0,0.0,0.0,0.0,0.0,nan,nan,nan,1,0,0,0
4349133515,4349133510,-0.21655804,1.5141704,0.0427059,0.7051474,-0.090356186,-0.072407395,-0.6995427,nan,nan,nan,nan,nan,nan,0.0,0.0,0.0,0.0,0.0,0.0,nan,nan,nan,1,0,0,0
4349141477,4349141471,-0.21771228,1.5142355,0.044502832,0.70566297,-0.09111205,-0.069239564,-0.6992454,nan,nan,nan,nan,nan,nan,0.0,0.0,0.0,0.0,0.0,0.0,nan,nan,nan,1,0,0,0
4349151540,4349151534,-0.21882199,1.5142459,0.046459477,0.7059759,-0.092292115,-0.06526507,-0.69915724,nan,nan,nan,nan,nan,nan,0.0,0.0,0.0,0.0,0.0,0.0,nan,nan,nan,1,0,0,0
4349159742,4349159707,-0.21993595,1.5142118,0.04865438,0.7063224,-0.09349382,-0.06036354,-0.6990878,nan,nan,nan,nan,nan,nan,0.0,0.0,0.0,0.0,0.0,0.0,nan,nan,nan,1,0,0,0
4349169071,4349169066,-0.22101878,1.5139824,0.051080566,0.70669407,-0.09462719,-0.05486449,-0.69901294,nan,nan,nan,nan,nan,nan,0.0,0.0,0.0,0.0,0.0,0.0,nan,nan,nan,1,0,0,0
4349174476,4349174471,-0.22202381,1.5136793,0.053622898,0.7081591,-0.09612671,-0.049275015,-0.69774085,nan,nan,nan,nan,nan,nan,0.0,0.0,0.0,0.0,0.0,0.0,nan,nan,nan,1,0,0,0
4349182984,4349182979,-0.22297576,1.513189,0.05632553,0.7093901,-0.098381355,-0.043248367,-0.6965748,nan,nan,nan,nan,nan,nan,0.0,0.0,0.0,0.0,0.0,0.0,nan,nan,nan,1,0,0,0
4349191484,4349191478,-0.22393051,1.5124729,0.05915772,0.71104604,-0.10053514,-0.03732246,-0.69491947,nan,nan,nan,nan,nan,nan,0.0,0.0,0.0,0.0,0.0,0.0,nan,nan,nan,1,0,0,0
4349200483,4349200478,-0.22482829,1.5115004,0.062065497,0.7131088,-0.10344108,-0.03207556,-0.69263774,nan,nan,nan,nan,nan,nan,0.0,0.0,0.0,0.0,0.0,0.0,nan,nan,nan,1,0,0,0
4349208511,4349208506,-0.22568633,1.5102617,0.06501819,0.71532524,-0.106416255,-0.027326927,-0.69010043,nan,nan,nan,nan,nan,nan,0.0,0.0,0.0,0.0,0.0,0.0,nan,nan,nan,1,0,0,0
4349221679,4349221674,-0.22655942,1.508742,0.06804414,0.717597,-0.10937157,-0.023217224,-0.6874252,nan,nan,nan,nan,nan,nan,0.0,0.0,0.0,0.0,0.0,0.0,nan,nan,nan,1,0,0,0
4349224541,4349224536,-0.22744384,1.5069329,0.07109363,0.71958524,-0.11163271,-0.020037169,-0.6850794,nan,nan,nan,nan,nan,nan,0.0,0.0,0.0,0.0,0.0,0.0,nan,nan,nan,1,0,0,0
4349232965,4349232959,-0.22830631,1.5048342,0.074182495,0.7215722,-0.11274258,-0.017700428,-0.6828684,nan,nan,nan,nan,nan,nan,0.0,0.0,0.0,0.0,0.0,0.0,nan,nan,nan,1,0,0,0
4349241476,4349241472,-0.2291487,1.5024052,0.07728101,0.7234875,-0.11314103,-0.016391173,-0.6808057,nan,nan,nan,nan,nan,nan,0.0,0.0,0.0,0.0,0.0,0.0,nan,nan,nan,1,0,0,0
4349249511,4349249506,-0.23005253,1.4996386,0.08036573,0.72530437,-0.111716695,-0.015971571,-0.67911553,nan,nan,nan,nan,nan,nan,0.0,0.0,0.0,0.0,0.0,0.0,nan,nan,nan,1,0,0,0
4349258906,4349258901,-0.23092271,1.496718,0.083435856,0.7263414,-0.11065048,-0.017346365,-0.67814726,nan,nan,nan,nan,nan,nan,0.0,0.0,0.0,0.0,0.0,0.0,nan,nan,nan,1,0,0,0
4349270481,4349270477,-0.23170003,1.4936483,0.0862694,0.7279206,-0.10897365,-0.020547241,-0.67663443,nan,nan,nan,nan,nan,nan,0.0,0.0,0.0,0.0,0.0,0.0,nan,nan,nan,1,0,0,0
4349295476,4349295471,-0.23321317,1.4870626,0.09190083,0.7289907,-0.10520235,-0.028273398,-0.6758001,nan,nan,nan,nan,nan,nan,0.0,0.0,0.0,0.0,0.0,0.0,nan,nan,nan,1,0,0,0
4349299983,4349299979,-0.23386288,1.4835643,0.09468151,0.72932625,-0.104003124,-0.03252919,-0.675432,nan,nan,nan,nan,nan,nan,0.0,0.0,0.0,0.0,0.0,0.0,nan,nan,nan,1,0,0,0
4349304486,4349304481,-0.23442666,1.4799247,0.097446695,0.7289201,-0.102478825,-0.034842804,-0.67598784,nan,nan,nan,nan,nan,nan,0.0,0.0,0.0,0.0,0.0,0.0,nan,nan,nan,1,0,0,0
4349308622,4349308617,-0.23488128,1.4761761,0.10018701,0.7286112,-0.10232803,-0.03597028,-0.6762846,nan,nan,nan,nan,nan,nan,0.0,0.0,0.0,0.0,0.0,0.0,nan,nan,nan,1,0,0,0
4349316484,4349316479,-0.23525706,1.4723088,0.10299325,0.728823,-0.10350177,-0.035968352,-0.6758777,nan,nan,nan,nan,nan,nan,0.0,0.0,0.0,0.0,0.0,0.0,nan,nan,nan,1,0,0,0
4349324490,4349324485,-0.23553579,1.4682965,0.10576661,0.7288394,-0.10518008,-0.03489216,-0.67565733,nan,nan,nan,nan,nan,nan,0.0,0.0,0.0,0.0,0.0,0.0,nan,nan,nan,1,0,0,0
4349333600,4349333595,-0.23571126,1.4642742,0.10843507,0.7287102,-0.10853172,-0.03307417,-0.67535806,nan,nan,nan,nan,nan,nan,0.0,0.0,0.0,0.0,0.0,0.0,nan,nan,nan,1,0,0,0
4349341480,4349341474,-0.2358554,1.4600803,0.111176886,0.7288813,-0.11106939,-0.031856436,-0.67481905,nan,nan,nan,nan,nan,nan,0.0,0.0,0.0,0.0,0.0,0.0,nan,nan,nan,1,0,0,0
4349350476,4349350472,-0.2360286,1.4557129,0.1141176,0.7291848,-0.11271826,-0.031193942,-0.67424846,nan,nan,nan,nan,nan,nan,0.0,0.0,0.0,0.0,0.0,0.0,nan,nan,nan,1,0,0,0
4349359585,4349359580,-0.23604302,1.4513456,0.11691525,0.7286733,-0.115016244,-0.030440526,-0.67444783,nan,nan,nan,nan,nan,nan,0.0,0.0,0.0,0.0,0.0,0.0,nan,nan,nan,1,0,0,0
4349366488,4349366483,-0.23605587,1.4467534,0.11996429,0.7290622,-0.1155485,-0.03082311,-0.67391896,nan,nan,nan,nan,nan,nan,0.0,0.0,0.0,0.0,0.0,0.0,nan,nan,nan,1,0,0,0
4349374506,4349374501,-0.23598574,1.4421027,0.12297191,0.7296058,-0.116121106,-0.031562302,-0.6731977,nan,nan,nan,nan,nan,nan,0.0,0.0,0.0,0.0,0.0,0.0,nan,nan,nan,1,0,0,0
4349383524,4349383520,-0.23582324,1.4373848,0.12600039,0.72944313,-0.1163515,-0.032749865,-0.67327744,nan,nan,nan,nan,nan,nan,0.0,0.0,0.0,0.0,0.0,0.0,nan,nan,nan,1,0,0,0
4349394488,4349394483,-0.23558423,1.4325109,0.1291925,0.7304139,-0.11490225,-0.0352253,-0.6723483,nan,nan,nan,nan,nan,nan,0.0,0.0,0.0,0.0,0.0,0.0,nan,nan,nan,1,0,0,0
4349399485,4349399480,-0.23521602,1.4276882,0.1323039,0.7310424,-0.114576675,-0.038669758,-0.6715309,nan,nan,nan,nan,nan,nan,0.0,0.0,0.0,0.0,0.0,0.0,nan,nan,nan,1,0,0,0
4349408812,4349408808,-0.23479235,1.4227809,0.13555694,0.7328347,-0.113091886,-0.043145984,-0.6695535,nan,nan,nan,nan,nan,nan,0.0,0.0,0.0,0.0,0.0,0.0,nan,nan,nan,1,0,0,0
4349419907,4349419902,-0.23424561,1.4177986,0.1387044,0.7339143,-0.112458505,-0.047704678,-0.6681669,nan,nan,nan,nan,nan,nan,0.0,0.0,0.0,0.0,0.0,0.0,nan,nan,nan,1,0,0,0
4349424488,4349424484,-0.23364617,1.4128118,0.14185253,0.7353235,-0.11099181,-0.05243588,-0.6665063,nan,nan,nan,nan,nan,nan,0.0,0.0,0.0,0.0,0.0,0.0,nan,nan,nan,1,0,0,0
4349432616,4349432611,-0.23294176,1.407909,0.14491309,0.73696506,-0.10899491,-0.057994235,-0.66455954,nan,nan,nan,nan,nan,nan,0.0,0.0,0.0,0.0,0.0,0.0,nan,nan,nan,1,0,0,0
4349441482,4349441477,-0.23218948,1.4030249,0.14796343,0.7380959,-0.10637277,-0.06278414,-0.66329277,nan,nan,nan,nan,nan,nan,0.0,0.0,0.0,0.0,0.0,0.0,nan,nan,nan,1,0,0,0
4349449477,4349449472,-0.23143522,1.3981773,0.15094407,0.73859775,-0.104752444,-0.06729139,-0.66254973,nan,nan,nan,nan,nan,nan,0.0,0.0,0.0,0.0,0.0,0.0,nan,nan,nan,1,0,0,0
4349459050,4349459046,-0.2306133,1.3933657,0.15396878,0.7395263,-0.1017433,-0.072050534,-0.66148156,nan,nan,nan,nan,nan,nan,0.0,0.0,0.0,0.0,0.0,0.0,nan,nan,nan,1,0,0,0
4349466487,4349466482,-0.22972667,1.3886783,0.15688023,0.7400499,-0.0997718,-0.07615779,-0.6607357,nan,nan,nan,nan,nan,nan,0.0,0.0,0.0,0.0,0.0,0.0,nan,nan,nan,1,0,0,0
4349474479,4349474474,-0.22873954,1.3841206,0.15974514,0.7407738,-0.09792656,-0.07994223,-0.65975285,nan,nan,nan,nan,nan,nan,0.0,0.0,0.0,0.0,0.0,0.0,nan,nan,nan,1,0,0,0
4349483477,4349483472,-0.22768746,1.3796892,0.16251443,0.74147344,-0.09668341,-0.082982026,-0.6587742,nan,nan,nan,nan,nan,nan,0.0,0.0,0.0,0.0,0.0,0.0,nan,nan,nan,1,0,0,0
4349490605,4349490601,-0.22654673,1.3753978,0.16520506,0.7422922,-0.09589553,-0.085654214,-0.65762424,nan,nan,nan,nan,nan,nan,0.0,0.0,0.0,0.0,0.0,0.0,nan,nan,nan,1,0,0,0
4349501484,4349501480,-0.22534467,1.3712312,0.16784663,0.7431363,-0.095373556,-0.08774491,-0.6564702,nan,nan,nan,nan,nan,nan,0.0,0.0,0.0,0.0,0.0,0.0,nan,nan,nan,1,0,0,0
4349507945,4349507941,-0.22402993,1.3671397,0.17040312,0.7439305,-0.09515144,-0.0889346,-0.655442,nan,nan,nan,nan,nan,nan,0.0,0.0,0.0,0.0,0.0,0.0,nan,nan,nan,1,0,0,0
4349516475,4349516470,-0.22275497,1.3630877,0.1728892,0.74449337,-0.09531997,-0.08967301,-0.65467745,nan,nan,nan,nan,nan,nan,0.0,0.0,0.0,0.0,0.0,0.0,nan,nan,nan,1,0,0,0
4349524642,4349524638,-0.22143264,1.3590734,0.17532946,0.74486023,-0.09483702,-0.08972222,-0.65432334,nan,nan,nan,nan,nan,nan,0.0,0.0,0.0,0.0,0.0,0.0,nan,nan,nan,1,0,0,0
4349533526,4349533521,-0.22005981,1.3550961,0.17772798,0.7451432,-0.09383355,-0.089537404,-0.6541713,nan,nan,nan,nan,nan,nan,0.0,0.0,0.0,0.0,0.0,0.0,nan,nan,nan,1,0,0,0
4349540512,4349540507,-0.21861458,1.3512167,0.18007107,0.745446,-0.09271463,-0.09000145,-0.6539219,nan,nan,nan,nan,nan,nan,0.0,0.0,0.0,0.0,0.0,0.0,nan,nan,nan,1,0,0,0
4349550502,4349550498,-0.21715386,1.3472717,0.18249868,0.7452249,-0.090957664,-0.08932844,-0.6545127,nan,nan,nan,nan,nan,nan,0.0,0.0,0.0,0.0,0.0,0.0,nan,nan,nan,1,0,0,0
4349558495,4349558490,-0.2156074,1.343473,0.18487765,0.7452534,-0.08877919,-0.09041137,-0.65463084,nan,nan,nan,nan,nan,nan,0.0,0.0,0.0,0.0,0.0,0.0,nan,nan,nan,1,0,0,0
4349570499,4349570494,-0.21397991,1.3397099,0.1872099,0.7453249,-0.086443335,-0.09248658,-0.6545721,nan,nan,nan,nan,nan,nan,0.0,0.0,0.0,0.0,0.0,0.0,nan,nan,nan,1,0,0,0
4349574537,4349574532,-0.21229671,1.3360223,0.189534,0.74598646,-0.08403316,-0.095297985,-0.65372854,nan,nan,nan,nan,nan,nan,0.0,0.0,0.0,0.0,0.0,0.0,nan,nan,nan,1,0,0,0
4349583474,4349583470,-0.21054459,1.3324407,0.19187364,0.74669504,-0.08137919,-0.09836498,-0.6528003,nan,nan,nan,nan,nan,nan,0.0,0.0,0.0,0.0,0.0,0.0,nan,nan,nan,1,0,0,0
4349590488,4349590484,-0.20875329,1.3289384,0.19415079,0.7475151,-0.07884388,-0.10205219,-0.6516058,nan,nan,nan,nan,nan,nan,0.0,0.0,0.0,0.0,0.0,0.0,nan,nan,nan,1,0,0,0
4349599559,4349599554,-0.20682757,1.325614,0.19627266,0.74871826,-0.076355524,-0.10634225,-0.6498324,nan,nan,nan,nan,nan,nan,0.0,0.0,0.0,0.0,0.0,0.0,nan,nan,nan,1,0,0,0
4349609731,4349609727,-0.20498544,1.3222725,0.19843401,0.74933237,-0.07413547,-0.10962347,-0.6488356,nan,nan,nan,nan,nan,nan,0.0,0.0,0.0,0.0,0.0,0.0,nan,nan,nan,1,0,0,0
4349615475,4349615470,-0.20306127,1.3191478,0.20041321,0.7498525,-0.07169593,-0.113324255,-0.6478723,nan,nan,nan,nan,nan,nan,0.0,0.0,0.0,0.0,0.0,0.0,nan,nan,nan,1,0,0,0
4349624516,4349624483,-0.20110564,1.3161702,0.20225234,0.7502142,-0.069366835,-0.11656967,-0.64713085,nan,nan,nan,nan,nan,nan,0.0,0.0,0.0,0.0,0.0,0.0,nan,nan,nan,1,0,0,0
4349632490,4349632486,-0.1991848,1.3133404,0.2039739,0.7503653,-0.068026714,-0.119981654,-0.646474,nan,nan,nan,nan,nan,nan,0.0,0.0,0.0,0.0,0.0,0.0,nan,nan,nan,1,0,0,0
4349641484,4349641479,-0.19714125,1.3108401,0.20541291,0.7504781,-0.067727394,-0.12389972,-0.64563507,nan,nan,nan,nan,nan,nan,0.0,0.0,0.0,0.0,0.0,0.0,nan,nan,nan,1,0,0,0
4349649538,4349649533,-0.19516474,1.3083209,0.2068664,0.75052416,-0.06646921,-0.12557872,-0.6453877,nan,nan,nan,nan,nan,nan,0.0,0.0,0.0,0.0,0.0,0.0,nan,nan,nan,1,0,0,0
4349658516,4349658512,-0.1931455,1.3059945,0.20822962,0.7501343,-0.06532783,-0.12641253,-0.6457946,nan,nan,nan,nan,nan,nan,0.0,0.0,0.0,0.0,0.0,0.0,nan,nan,nan,1,0,0,0
4349665688,4349665682,-0.19114095,1.3036872,0.20955105,0.74984145,-0.064170234,-0.12589355,-0.64635193,nan,nan,nan,nan,nan,nan,0.0,0.0,0.0,0.0,0.0,0.0,nan,nan,nan,1,0,0,0
4349675631,4349675626,-0.18903641,1.3016123,0.21080396,0.74930775,-0.0637726,-0.12569858,-0.64704776,nan,nan,nan,nan,nan,nan,0.0,0.0,0.0,0.0,0.0,0.0,nan,nan,nan,1,0,0,0
4349682474,4349682470,-0.18691558,1.2996746,0.21194625,0.7492794,-0.06290769,-0.12558694,-0.64718693,nan,nan,nan,nan,nan,nan,0.0,0.0,0.0,0.0,0.0,0.0,nan,nan,nan,1,0,0,0
4349691505,4349691501,-0.18474798,1.2978383,0.21311396,0.7492065,-0.062210925,-0.12484914,-0.64748144,nan,nan,nan,nan,nan,nan,0.0,0.0,0.0,0.0,0.0,0.0,nan,nan,nan,1,0,0,0
4349702484,4349702479,-0.18256557,1.2960807,0.21431325,0.74886906,-0.061647393,-0.12424733,-0.64804125,nan,nan,nan,nan,nan,nan,0.0,0.0,0.0,0.0,0.0,0.0,nan,nan,nan,1,0,0,0
4349708483,4349708478,-0.18029024,1.2944943,0.21538092,0.7489929,-0.061313365,-0.12379953,-0.6480154,nan,nan,nan,nan,nan,nan,0.0,0.0,0.0,0.0,0.0,0.0,nan,nan,nan,1,0,0,0
4349716474,4349716470,-0.17805088,1.2929231,0.21651514,0.7489531,-0.06108998,-0.122895375,-0.6482546,nan,nan,nan,nan,nan,nan,0.0,0.0,0.0,0.0,0.0,0.0,nan,nan,nan,1,0,0,0
4349725707,4349725702,-0.17571817,1.2914301,0.21761464,0.74870294,-0.06087051,-0.12121992,-0.6488794,nan,nan,nan,nan,nan,nan,0.0,0.0,0.0,0.0,0.0,0.0,nan,nan,nan,1,0,0,0
4349732489,4349732485,-0.17334355,1.2899185,0.21875234,0.7485441,-0.06039243,-0.119406484,-0.64944327,nan,nan,nan,nan,nan,nan,0.0,0.0,0.0,0.0,0.0,0.0,nan,nan,nan,1,0,0,0
4349741510,4349741505,-0.17101783,1.288308,0.2200003,0.7484664,-0.059339948,-0.117354505,-0.65000373,nan,nan,nan,nan,nan,nan,0.0,0.0,0.0,0.0,0.0,0.0,nan,nan,nan,1,0,0,0
4349750543,4349750539,-0.16852637,1.2868865,0.22107391,0.7481248,-0.05926074,-0.11511537,-0.65080404,nan,nan,nan,nan,nan,nan,0.0,0.0,0.0,0.0,0.0,0.0,nan,nan,nan,1,0,0,0
4349758558,4349758554,-0.16607992,1.2854007,0.22232959,0.74832994,-0.059229247,-0.11411881,-0.6507466,nan,nan,nan,nan,nan,nan,0.0,0.0,0.0,0.0,0.0,0.0,nan,nan,nan,1,0,0,0
4349766502,4349766497,-0.16346665,1.2841731,0.2233464,0.74914443,-0.059373215,-0.11631946,-0.64940536,nan,nan,nan,nan,nan,nan,0.0,0.0,0.0,0.0,0.0,0.0,nan,nan,nan,1,0,0,0
4349774479,4349774474,-0.16091737,1.2827898,0.2244127,0.74948174,-0.059605084,-0.11521252,-0.64919215,nan,nan,nan,nan,nan,nan,0.0,0.0,0.0,0.0,0.0,0.0,nan,nan,nan,1,0,0,0
4349782474,4349782470,-0.15832907,1.281308,0.22552335,0.74998266,-0.06007186,-0.1153278,-0.6485499,nan,nan,nan,nan,nan,nan,0.0,0.0,0.0,0.0,0.0,0.0,nan,nan,nan,1,0,0,0
4349791489,4349791484,-0.15577099,1.2796779,0.22671536,0.7502056,-0.06102548,-0.11483534,-0.6482903,nan,nan,nan,nan,nan,nan,0.0,0.0,0.0,0.0,0.0,0.0,nan,nan,nan,1,0,0,0
4349802482,4349802478,-0.15309857,1.2782134,0.22776918,0.7506094,-0.06105432,-0.11575263,-0.64765674,nan,nan,nan,nan,nan,nan,0.0,0.0,0.0,0.0,0.0,0.0,nan,nan,nan,1,0,0,0
4349808198,4349808194,-0.1504545,1.2767422,0.22867037,0.75105506,-0.060611125,-0.117046,-0.6469489,nan,nan,nan,nan,nan,nan,0.0,0.0,0.0,0.0,0.0,0.0,nan,nan,nan,1,0,0,0
4349816186,4349816182,-0.1478116,1.2752064,0.22950105,0.75087327,-0.06024498,-0.11720343,-0.6471656,nan,nan,nan,nan,nan,nan,0.0,0.0,0.0,0.0,0.0,0.0,nan,nan,nan,1,0,0,0
4349823501,4349823496,-0.14522418,1.2735137,0.2303978,0.75033885,-0.060688667,-0.11695471,-0.6477886,nan,nan,nan,nan,nan,nan,0.0,0.0,0.0,0.0,0.0,0.0,nan,nan,nan,1,0,0,0
4349833487,4349833483,-0.14259586,1.271871,0.23127532,0.7499985,-0.060947176,-0.11837241,-0.647901,nan,nan,nan,nan,nan,nan,0.0,0.0,0.0,0.0,0.0,0.0,nan,nan,nan,1,0,0,0
4349841482,4349841478,-0.13982572,1.2704643,0.23182428,0.75025594,-0.060471397,-0.121761374,-0.64701897,nan,nan,nan,nan,nan,nan,0.0,0.0,0.0,0.0,0.0,0.0,nan,nan,nan,1,0,0,0
4349851481,4349851476,-0.13716476,1.2688723,0.23242645,0.7501124,-0.06001409,-0.122916356,-0.6470093,nan,nan,nan,nan,nan,nan,0.0,0.0,0.0,0.0,0.0,0.0,nan,nan,nan,1,0,0,0
4349858557,4349858528,-0.13452736,1.2672836,0.23303151,0.74927455,-0.059777636,-0.12181249,-0.64820987,nan,nan,nan,nan,nan,nan,0.0,0.0,0.0,0.0,0.0,0.0,nan,nan,nan,1,0,0,0
4349869534,4349869530,-0.1318571,1.2658664,0.2334481,0.7488971,-0.05993603,-0.12634063,-0.6477646,nan,nan,nan,nan,nan,nan,0.0,0.0,0.0,0.0,0.0,0.0,nan,nan,nan,1,0,0,0
4349874481,4349874476,-0.12922792,1.264418,0.23381202,0.74823904,-0.06022078,-0.12837224,-0.648099,nan,nan,nan,nan,nan,nan,0.0,0.0,0.0,0.0,0.0,0.0,nan,nan,nan,1,0,0,0
4349888449,4349888438,-0.12667048,1.2628794,0.23420167,0.74682325,-0.060127813,-0.12741904,-0.64992625,nan,nan,nan,nan,nan,nan,0.0,0.0,0.0,0.0,0.0,0.0,nan,nan,nan,1,0,0,0
4349892489,4349892484,-0.12399856,1.2617308,0.2343464,0.7463098,-0.060604975,-0.13188231,-0.64958125,nan,nan,nan,nan,nan,nan,0.0,0.0,0.0,0.0,0.0,0.0,nan,nan,nan,1,0,0,0
4349900509,4349900503,-0.121522084,1.260283,0.2347418,0.74492747,-0.06082488,-0.1312343,-0.65127647,nan,nan,nan,nan,nan,nan,0.0,0.0,0.0,0.0,0.0,0.0,nan,nan,nan,1,0,0,0
4349910478,4349910473,-0.118892945,1.2592653,0.23482837,0.74456686,-0.060841262,-0.13580655,-0.6507496,nan,nan,nan,nan,nan,nan,0.0,0.0,0.0,0.0,0.0,0.0,nan,nan,nan,1,0,0,0
4349917905,4349917901,-0.11641375,1.2581083,0.23514982,0.74354047,-0.061590903,-0.13675474,-0.65165347,nan,nan,nan,nan,nan,nan,0.0,0.0,0.0,0.0,0.0,0.0,nan,nan,nan,1,0,0,0
4349925481,4349925476,-0.11394443,1.2571172,0.23533821,0.7428588,-0.06256578,-0.13989851,-0.65167075,nan,nan,nan,nan,nan,nan,0.0,0.0,0.0,0.0,0.0,0.0,nan,nan,nan,1,0,0,0
4349932518,4349932514,-0.111503795,1.2562224,0.23555376,0.7418522,-0.06304944,-0.14273043,-0.6521565,nan,nan,nan,nan,nan,nan,0.0,0.0,0.0,0.0,0.0,0.0,nan,nan,nan,1,0,0,0
4349941953,4349941947,-0.109087646,1.2555019,0.23576672,0.7412476,-0.062240686,-0.14536324,-0.6523403,nan,nan,nan,nan,nan,nan,0.0,0.0,0.0,0.0,0.0,0.0,nan,nan,nan,1,0,0,0
4349950477,4349950473,-0.10670027,1.2548989,0.23605905,0.74070346,-0.061250817,-0.14758803,-0.6525523,nan,nan,nan,nan,nan,nan,0.0,0.0,0.0,0.0,0.0,0.0,nan,nan,nan,1,0,0,0
4349959269,4349959265,-0.10434239,1.2544497,0.23638703,0.7403521,-0.060509343,-0.14889309,-0.6527238,nan,nan,nan,nan,nan,nan,0.0,0.0,0.0,0.0,0.0,0.0,nan,nan,nan,1,0,0,0
4349969614,4349969609,-0.10202593,1.2541538,0.23676063,0.7401119,-0.059602518,-0.14991507,-0.65284556,nan,nan,nan,nan,nan,nan,0.0,0.0,0.0,0.0,0.0,0.0,nan,nan,nan,1,0,0,0
4349974520,4349974516,-0.09971111,1.2541463,0.23707394,0.74016607,-0.058949474,-0.1508454,-0.6526292,nan,nan,nan,nan,nan,nan,0.0,0.0,0.0,0.0,0.0,0.0,nan,nan,nan,1,0,0,0
4349983479,4349983474,-0.097469956,1.2543057,0.23743749,0.74010015,-0.058671802,-0.15124108,-0.6526375,nan,nan,nan,nan,nan,nan,0.0,0.0,0.0,0.0,0.0,0.0,nan,nan,nan,1,0,0,0
4349990488,4349990483,-0.09525219,1.2546825,0.23784667,0.74021214,-0.05856226,-0.15096037,-0.65258527,nan,nan,nan,nan,nan,nan,0.0,0.0,0.0,0.0,0.0,0.0,nan,nan,nan,1,0,0,0
4350001842,4350001838,-0.0930802,1.2552404,0.23824012,0.7403362,-0.058879204,-0.1506522,-0.6524872,nan,nan,nan,nan,nan,nan,0.0,0.0,0.0,0.0,0.0,0.0,nan,nan,nan,1,0,0,0
4350008259,4350008254,-0.0909735,1.2560291,0.23868813,0.74056596,-0.059301637,-0.1496121,-0.6524275,nan,nan,nan,nan,nan,nan,0.0,0.0,0.0,0.0,0.0,0.0,nan,nan,nan,1,0,0,0
4350017746,4350017742,-0.08884997,1.2570409,0.23918693,0.74065185,-0.060335808,-0.1490393,-0.65236634,nan,nan,nan,nan,nan,nan,0.0,0.0,0.0,0.0,0.0,0.0,nan,nan,nan,1,0,0,0
4350023671,4350023666,-0.08678621,1.2582151,0.23972635,0.74103504,-0.061735567,-0.14728774,-0.6521979,nan,nan,nan,nan,nan,nan,0.0,0.0,0.0,0.0,0.0,0.0,nan,nan,nan,1,0,0,0
4350033487,4350033482,-0.08473458,1.259518,0.24032956,0.74150556,-0.063576385,-0.145579,-0.65186983,nan,nan,nan,nan,nan,nan,0.0,0.0,0.0,0.0,0.0,0.0,nan,nan,nan,1,0,0,0
4350041908,4350041904,-0.08272911,1.2610226,0.24097645,0.74224746,-0.0653749,-0.14359434,-0.6512876,nan,nan,nan,nan,nan,nan,0.0,0.0,0.0,0.0,0.0,0.0,nan,nan,nan,1,0,0,0
4350049477,4350049472,-0.080701634,1.2627116,0.24157934,0.7432575,-0.06686778,-0.14228633,-0.6502703,nan,nan,nan,nan,nan,nan,0.0,0.0,0.0,0.0,0.0,0.0,nan,nan,nan,1,0,0,0
4350059332,4350059328,-0.07877648,1.2643753,0.24231827,0.74376947,-0.069200195,-0.13987552,-0.649964,nan,nan,nan,nan,nan,nan,0.0,0.0,0.0,0.0,0.0,0.0,nan,nan,nan,1,0,0,0
4350067656,4350067652,-0.076810375,1.2662269,0.24294882,0.7444077,-0.07108542,-0.1383052,-0.64936566,nan,nan,nan,nan,nan,nan,0.0,0.0,0.0,0.0,0.0,0.0,nan,nan,nan,1,0,0,0
4350075321,4350075316,-0.074902505,1.268124,0.24365632,0.7447532,-0.07306989,-0.13684165,-0.6490592,nan,nan,nan,nan,nan,nan,0.0,0.0,0.0,0.0,0.0,0.0,nan,nan,nan,1,0,0,0
4350084385,4350084381,-0.072999984,1.270196,0.24427627,0.74532104,-0.073916316,-0.13537528,-0.6486188,nan,nan,nan,nan,nan,nan,0.0,0.0,0.0,0.0,0.0,0.0,nan,nan,nan,1,0,0,0
4350094207,4350094202,-0.071141474,1.2722661,0.24494667,0.74538916,-0.075849734,-0.13424149,-0.648553,nan,nan,nan,nan,nan,nan,0.0,0.0,0.0,0.0,0.0,0.0,nan,nan,nan,1,0,0,0
4350099479,4350099474,-0.069280185,1.2744147,0.24563767,0.7459029,-0.07643772,-0.1322569,-0.64830106,nan,nan,nan,nan,nan,nan,0.0,0.0,0.0,0.0,0.0,0.0,nan,nan,nan,1,0,0,0
4350108029,4350108024,-0.06745436,1.276646,0.24636626,0.7464223,-0.07704521,-0.13060547,-0.647966,nan,nan,nan,nan,nan,nan,0.0,0.0,0.0,0.0,0.0,0.0,nan,nan,nan,1,0,0,0
4350119693,4350119688,-0.06559407,1.2790111,0.24704523,0.7471945,-0.07744553,-0.12941836,-0.64726615,nan,nan,nan,nan,nan,nan,0.0,0.0,0.0,0.0,0.0,0.0,nan,nan,nan,1,0,0,0
4350124485,4350124480,-0.06381237,1.2813019,0.24790144,0.7476658,-0.07788032,-0.1267201,-0.6472036,nan,nan,nan,nan,nan,nan,0.0,0.0,0.0,0.0,0.0,0.0,nan,nan,nan,1,0,0,0
4350132565,4350132560,-0.062011093,1.2837754,0.24872701,0.74849427,-0.077852055,-0.12474275,-0.6466333,nan,nan,nan,nan,nan,nan,0.0,0.0,0.0,0.0,0.0,0.0,nan,nan,nan,1,0,0,0
4350140484,4350140480,-0.060297035,1.2861551,0.24967869,0.74930763,-0.07699411,-0.122827634,-0.64616054,nan,nan,nan,nan,nan,nan,0.0,0.0,0.0,0.0,0.0,0.0,nan,nan,nan,1,0,0,0
4350149477,4350149472,-0.058517203,1.2887893,0.25049517,0.7501038,-0.0770817,-0.12146187,-0.6454842,nan,nan,nan,nan,nan,nan,0.0,0.0,0.0,0.0,0.0,0.0,nan,nan,nan,1,0,0,0
4350158499,4350158494,-0.05677124,1.2915589,0.25126156,0.7510357,-0.07748007,-0.121247835,-0.64439213,nan,nan,nan,nan,nan,nan,0.0,0.0,0.0,0.0,0.0,0.0,nan,nan,nan,1,0,0,0
4350167549,4350167545,-0.05505507,1.2942756,0.25216824,0.7515561,-0.07796799,-0.11912519,-0.6441223,nan,nan,nan,nan,nan,nan,0.0,0.0,0.0,0.0,0.0,0.0,nan,nan,nan,1,0,0,0
4350175482,4350175477,-0.053346857,1.2971681,0.25299254,0.7524107,-0.078377046,-0.11760846,-0.6433532,nan,nan,nan,nan,nan,nan,0.0,0.0,0.0,0.0,0.0,0.0,nan,nan,nan,1,0,0,0
4350182918,4350182913,-0.05166807,1.3001407,0.25377116,0.75333995,-0.0789899,-0.116548166,-0.6423831,nan,nan,nan,nan,nan,nan,0.0,0.0,0.0,0.0,0.0,0.0,nan,nan,nan,1,0,0,0
4350192864,4350192859,-0.04999908,1.3031083,0.25458,0.75380445,-0.079218365,-0.112961106,-0.6424508,nan,nan,nan,nan,nan,nan,0.0,0.0,0.0,0.0,0.0,0.0,nan,nan,nan,1,0,0,0
4350211769,4350211764,-0.0467894,1.3093513,0.25597075,0.7549138,-0.077965796,-0.10733278,-0.64226645,nan,nan,nan,nan,nan,nan,0.0,0.0,0.0,0.0,0.0,0.0,nan,nan,nan,1,0,0,0
4350217584,4350217580,-0.045240447,1.3125921,0.25655383,0.755146,-0.076788634,-0.10407746,-0.64267087,nan,nan,nan,nan,nan,nan,0.0,0.0,0.0,0.0,0.0,0.0,nan,nan,nan,1,0,0,0
4350224491,4350224486,-0.043684382,1.3160208,0.25707853,0.75524825,-0.075272806,-0.100162,-0.6433519,nan,nan,nan,nan,nan,nan,0.0,0.0,0.0,0.0,0.0,0.0,nan,nan,nan,1,0,0,0
4350232489,4350232484,-0.04219452,1.319524,0.25757584,0.7553955,-0.074289456,-0.09732871,-0.6437281,nan,nan,nan,nan,nan,nan,0.0,0.0,0.0,0.0,0.0,0.0,nan,nan,nan,1,0,0,0
4350240482,4350240477,-0.04067857,1.3232442,0.25796512,0.7556299,-0.074227974,-0.09434848,-0.64390385,nan,nan,nan,nan,nan,nan,0.0,0.0,0.0,0.0,0.0,0.0,nan,nan,nan,1,0,0,0
4350249938,4350249934,-0.039243877,1.3269895,0.25850442,0.7564693,-0.0728878,-0.09018666,-0.6436676,nan,nan,nan,nan,nan,nan,0.0,0.0,0.0,0.0,0.0,0.0,nan,nan,nan,1,0,0,0
4350257789,4350257785,-0.03775978,1.330866,0.25909498,0.7566716,-0.07366262,-0.086416796,-0.6438588,nan,nan,nan,nan,nan,nan,0.0,0.0,0.0,0.0,0.0,0.0,nan,nan,nan,1,0,0,0
4350268238,4350268234,-0.0362692,1.3350619,0.25938335,0.7587568,-0.07064186,-0.081809245,-0.6423434,nan,nan,nan,nan,nan,nan,0.0,0.0,0.0,0.0,0.0,0.0,nan,nan,nan,1,0,0,0
4350275482,4350275478,-0.034769446,1.3389997,0.2602097,0.7577715,-0.07638541,-0.077399775,-0.64339477,nan,nan,nan,nan,nan,nan,0.0,0.0,0.0,0.0,0.0,0.0,nan,nan,nan,1,0,0,0
4350282755,4350282751,-0.03330773,1.3430747,0.26092014,0.7584977,-0.07722631,-0.07306755,-0.6429452,nan,nan,nan,nan,nan,nan,0.0,0.0,0.0,0.0,0.0,0.0,nan,nan,nan,1,0,0,0
4350291555,4350291551,-0.031896643,1.3471199,0.26173812,0.75983536,-0.078072354,-0.07052588,-0.6415458,nan,nan,nan,nan,nan,nan,0.0,0.0,0.0,0.0,0.0,0.0,nan,nan,nan,1,0,0,0
4350298598,4350298593,-0.030484926,1.3512012,0.26254454,0.76078576,-0.078710705,-0.06760054,-0.64065576,nan,nan,nan,nan,nan,nan,0.0,0.0,0.0,0.0,0.0,0.0,nan,nan,nan,1,0,0,0
4350307867,4350307863,-0.02898883,1.3554698,0.2632409,0.7626294,-0.07530613,-0.064313255,-0.6392098,nan,nan,nan,nan,nan,nan,0.0,0.0,0.0,0.0,0.0,0.0,nan,nan,nan,1,0,0,0
4350315511,4350315507,-0.02762066,1.3594793,0.26424807,0.7631503,-0.078102745,-0.0627701,-0.6384054,nan,nan,nan,nan,nan,nan,0.0,0.0,0.0,0.0,0.0,0.0,nan,nan,nan,1,0,0,0
4350324515,4350324510,-0.026161285,1.3637732,0.2649663,0.7647841,-0.07521169,-0.05977363,-0.63708365,nan,nan,nan,nan,nan,nan,0.0,0.0,0.0,0.0,0.0,0.0,nan,nan,nan,1,0,0,0
4350332557,4350332552,-0.024766617,1.3679895,0.26582184,0.7658076,-0.07533226,-0.057502832,-0.6360481,nan,nan,nan,nan,nan,nan,0.0,0.0,0.0,0.0,0.0,0.0,nan,nan,nan,1,0,0,0
4350341481,4350341476,-0.02334902,1.3722624,0.2666503,0.76653135,-0.07574199,-0.053989213,-0.6354353,nan,nan,nan,nan,nan,nan,0.0,0.0,0.0,0.0,0.0,0.0,nan,nan,nan,1,0,0,0
4350351507,4350351503,-0.022026222,1.3765184,0.2675828,0.767645,-0.076479435,-0.052241143,-0.6341473,nan,nan,nan,nan,nan,nan,0.0,0.0,0.0,0.0,0.0,0.0,nan,nan,nan,1,0,0,0
4350358574,4350358569,-0.020686718,1.3808174,0.26844624,0.76831895,-0.07753541,-0.04966165,-0.6334098,nan,nan,nan,nan,nan,nan,0.0,0.0,0.0,0.0,0.0,0.0,nan,nan,nan,1,0,0,0
4350367505,4350367500,-0.019346125,1.3851799,0.26926288,0.768789,-0.07829561,-0.046500545,-0.6329858,nan,nan,nan,nan,nan,nan,0.0,0.0,0.0,0.0,0.0,0.0,nan,nan,nan,1,0,0,0
4350374484,4350374480,-0.018091457,1.3894849,0.27022973,0.7696581,-0.07940228,-0.045424923,-0.6318688,nan,nan,nan,nan,nan,nan,0.0,0.0,0.0,0.0,0.0,0.0,nan,nan,nan,1,0,0,0
4350382474,4350382469,-0.016794553,1.3938502,0.27108926,0.7700955,-0.0801934,-0.04270615,-0.63142556,nan,nan,nan,nan,nan,nan,0.0,0.0,0.0,0.0,0.0,0.0,nan,nan,nan,1,0,0,0
4350391483,4350391478,-0.015549772,1.3981513,0.27209958,0.7711032,-0.08102282,-0.041539196,-0.6301664,nan,nan,nan,nan,nan,nan,0.0,0.0,0.0,0.0,0.0,0.0,nan,nan,nan,1,0,0,0
4350400482,4350400477,-0.014299301,1.4023844,0.27320132,0.7713972,-0.081378534,-0.037636753,-0.6300059,nan,nan,nan,nan,nan,nan,0.0,0.0,0.0,0.0,0.0,0.0,nan,nan,nan,1,0,0,0
4350407705,4350407700,-0.013029156,1.4068327,0.274122,0.7726165,-0.08220543,-0.03710052,-0.62843424,nan,nan,nan,nan,nan,nan,0.0,0.0,0.0,0.0,0.0,0.0,nan,nan,nan,1,0,0,0
4350419676,4350419672,-0.011822234,1.4111266,0.27523947,0.7735726,-0.08266563,-0.035067033,-0.62731344,nan,nan,nan,nan,nan,nan,0.0,0.0,0.0,0.0,0.0,0.0,nan,nan,nan,1,0,0,0
4350424495,4350424491,-0.010633622,1.4153868,0.27634102,0.7748422,-0.08344341,-0.034349136,-0.6256811,nan,nan,nan,nan,nan,nan,0.0,0.0,0.0,0.0,0.0,0.0,nan,nan,nan,1,0,0,0
4350433477,4350433472,-0.009470153,1.4196795,0.2774152,0.7753992,-0.08372615,-0.031888876,-0.6250834,nan,nan,nan,nan,nan,nan,0.0,0.0,0.0,0.0,0.0,0.0,nan,nan,nan,1,0,0,0
4350441498,4350441494,-0.0083887875,1.4237752,0.27860817,0.77626294,-0.08480222,-0.030508969,-0.62393403,nan,nan,nan,nan,nan,nan,0.0,0.0,0.0,0.0,0.0,0.0,nan,nan,nan,1,0,0,0
4350450474,4350450469,-0.0072672255,1.4280654,0.27961212,0.77659196,-0.085190825,-0.02844319,-0.623569,nan,nan,nan,nan,nan,nan,0.0,0.0,0.0,0.0,0.0,0.0,nan,nan,nan,1,0,0,0
4350459036,4350459030,-0.006172411,1.4323044,0.28073055,0.7774141,-0.08569822,-0.028166227,-0.6224868,nan,nan,nan,nan,nan,nan,0.0,0.0,0.0,0.0,0.0,0.0,nan,nan,nan,1,0,0,0
4350466919,4350466914,-0.0050917096,1.4366313,0.2817698,0.7776605,-0.08663936,-0.026350982,-0.62212807,nan,nan,nan,nan,nan,nan,0.0,0.0,0.0,0.0,0.0,0.0,nan,nan,nan,1,0,0,0
4350474712,4350474707,-0.0040540514,1.4408586,0.28293258,0.7786164,-0.087548696,-0.02634684,-0.6208039,nan,nan,nan,nan,nan,nan,0.0,0.0,0.0,0.0,0.0,0.0,nan,nan,nan,1,0,0,0
4350483610,4350483605,-0.002977577,1.4451361,0.28402618,0.7790454,-0.08862208,-0.023455257,-0.6202292,nan,nan,nan,nan,nan,nan,0.0,0.0,0.0,0.0,0.0,0.0,nan,nan,nan,1,0,0,0
4350490557,4350490552,-0.001997362,1.4492837,0.28526756,0.78008085,-0.0897715,-0.02293918,-0.61878,nan,nan,nan,nan,nan,nan,0.0,0.0,0.0,0.0,0.0,0.0,nan,nan,nan,1,0,0,0
4350499687,4350499659,-0.0009809197,1.4534916,0.28642717,0.7806403,-0.09031021,-0.02002056,-0.618097,nan,nan,nan,nan,nan,nan,0.0,0.0,0.0,0.0,0.0,0.0,nan,nan,nan,1,0,0,0
4350508041,4350508037,-2.5132904e-06,1.4575921,0.28761703,0.78131086,-0.09162357,-0.017895322,-0.6171209,nan,nan,nan,nan,nan,nan,0.0,0.0,0.0,0.0,0.0,0.0,nan,nan,nan,1,0,0,0
4350527493,4350527488,0.0018807382,1.4656894,0.29006603,0.78241026,-0.092516825,-0.015133911,-0.61566687,nan,nan,nan,nan,nan,nan,0.0,0.0,0.0,0.0,0.0,0.0,nan,nan,nan,1,0,0,0
4350532485,4350532480,0.00285573,1.4697546,0.29124695,0.78274083,-0.094599076,-0.013344036,-0.61497134,nan,nan,nan,nan,nan,nan,0.0,0.0,0.0,0.0,0.0,0.0,nan,nan,nan,1,0,0,0
4350541483,4350541478,0.0037453831,1.4736521,0.29249674,0.78329694,-0.09521224,-0.011562984,-0.61420417,nan,nan,nan,nan,nan,nan,0.0,0.0,0.0,0.0,0.0,0.0,nan,nan,nan,1,0,0,0
4350549520,4350549515,0.0046010097,1.4775051,0.29382062,0.78382355,-0.095553756,-0.010045427,-0.61350566,nan,nan,nan,nan,nan,nan,0.0,0.0,0.0,0.0,0.0,0.0,nan,nan,nan,1,0,0,0
4350557582,4350557577,0.00552249,1.4815559,0.29493868,0.7843368,-0.09645693,-0.010504603,-0.6127003,nan,nan,nan,nan,nan,nan,0.0,0.0,0.0,0.0,0.0,0.0,nan,nan,nan,1,0,0,0
4350567709,4350567705,0.0063695516,1.4852673,0.2962861,0.78443086,-0.0972278,-0.008267793,-0.61249226,nan,nan,nan,nan,nan,nan,0.0,0.0,0.0,0.0,0.0,0.0,nan,nan,nan,1,0,0,0
4350574538,4350574504,0.007201169,1.4889518,0.2975841,0.7847489,-0.09839484,-0.006340646,-0.6119211,nan,nan,nan,nan,nan,nan,0.0,0.0,0.0,0.0,0.0,0.0,nan,nan,nan,1,0,0,0
4350584534,4350584530,0.008063029,1.4926733,0.29883042,0.78524333,-0.100083806,-0.0060293814,-0.6110154,nan,nan,nan,nan,nan,nan,0.0,0.0,0.0,0.0,0.0,0.0,nan,nan,nan,1,0,0,0
4350590487,4350590482,0.008921696,1.4963347,0.30006838,0.7856153,-0.1019665,-0.0051299846,-0.61023366,nan,nan,nan,nan,nan,nan,0.0,0.0,0.0,0.0,0.0,0.0,nan,nan,nan,1,0,0,0
4350599488,4350599483,0.009706014,1.4997096,0.3015007,0.78580934,-0.10241725,-0.0029101495,-0.60992277,nan,nan,nan,nan,nan,nan,0.0,0.0,0.0,0.0,0.0,0.0,nan,nan,nan,1,0,0,0
4350608175,4350608170,0.010488064,1.5030888,0.3028551,0.78613144,-0.10304589,-0.0025352447,-0.6094035,nan,nan,nan,nan,nan,nan,0.0,0.0,0.0,0.0,0.0,0.0,nan,nan,nan,1,0,0,0
4350618481,4350618476,0.011263481,1.5064398,0.30421808,0.78670186,-0.10364672,-0.00222491,-0.60856605,nan,nan,nan,nan,nan,nan,0.0,0.0,0.0,0.0,0.0,0.0,nan,nan,nan,1,0,0,0
4350623492,4350623488,0.012037088,1.5096922,0.30560207,0.7870979,-0.104088366,-0.0016184123,-0.60798013,nan,nan,nan,nan,nan,nan,0.0,0.0,0.0,0.0,0.0,0.0,nan,nan,nan,1,0,0,0
4350632484,4350632479,0.012857162,1.5129694,0.30688512,0.78785807,-0.10534832,-0.0025803603,-0.6067741,nan,nan,nan,nan,nan,nan,0.0,0.0,0.0,0.0,0.0,0.0,nan,nan,nan,1,0,0,0
4350641471,4350641467,0.01360348,1.5160022,0.30840388,0.7883247,-0.10521383,-0.00086942175,-0.60619587,nan,nan,nan,nan,nan,nan,0.0,0.0,0.0,0.0,0.0,0.0,nan,nan,nan,1,0,0,0
4350649700,4350649696,0.014396933,1.5190891,0.30981204,0.7889831,-0.10578645,-0.000630187,-0.6052392,nan,nan,nan,nan,nan,nan,0.0,0.0,0.0,0.0,0.0,0.0,nan,nan,nan,1,0,0,0
4350657496,4350657491,0.0151646715,1.5220958,0.31115738,0.7895558,-0.10675106,-0.0006913362,-0.60432214,nan,nan,nan,nan,nan,nan,0.0,0.0,0.0,0.0,0.0,0.0,nan,nan,nan,1,0,0,0
4350667537,4350667532,0.015951032,1.5251013,0.3124302,0.7899603,-0.10895192,-0.0010716097,-0.6033995,nan,nan,nan,nan,nan,nan,0.0,0.0,0.0,0.0,0.0,0.0,nan,nan,nan,1,0,0,0
4350674482,4350674478,0.0166657,1.5278363,0.31388864,0.7904919,-0.1089592,0.0002894648,-0.60270256,nan,nan,nan,nan,nan,nan,0.0,0.0,0.0,0.0,0.0,0.0,nan,nan,nan,1,0,0,0
4350683474,4350683470,0.017481338,1.5308064,0.31503087,0.79142797,-0.11064555,-0.0012876419,-0.60116357,nan,nan,nan,nan,nan,nan,0.0,0.0,0.0,0.0,0.0,0.0,nan,nan,nan,1,0,0,0
4350692479,4350692474,0.018200818,1.5334667,0.31635225,0.791043,-0.11284182,0.0010282322,-0.60126257,nan,nan,nan,nan,nan,nan,0.0,0.0,0.0,0.0,0.0,0.0,nan,nan,nan,1,0,0,0
4350699488,4350699483,0.01889594,1.5360703,0.31764978,0.7911549,-0.113833845,0.0019801885,-0.60092574,nan,nan,nan,nan,nan,nan,0.0,0.0,0.0,0.0,0.0,0.0,nan,nan,nan,1,0,0,0
4350708487,4350708483,0.019549627,1.5385619,0.31896448,0.7915574,-0.113844946,0.0024225272,-0.6003919,nan,nan,nan,nan,nan,nan,0.0,0.0,0.0,0.0,0.0,0.0,nan,nan,nan,1,0,0,0
4350717412,4350717408,0.020274471,1.5411315,0.32012996,0.7921441,-0.115486525,0.0009680095,-0.59930754,nan,nan,nan,nan,nan,nan,0.0,0.0,0.0,0.0,0.0,0.0,nan,nan,nan,1,0,0,0
4350724486,4350724482,0.020936428,1.5434264,0.32145494,0.7926602,-0.11569141,0.000641644,-0.5985858,nan,nan,nan,nan,nan,nan,0.0,0.0,0.0,0.0,0.0,0.0,nan,nan,nan,1,0,0,0
4350732487,4350732482,0.021578196,1.545667,0.32277778,0.7927239,-0.11663585,0.0012603777,-0.5983171,nan,nan,nan,nan,nan,nan,0.0,0.0,0.0,0.0,0.0,0.0,nan,nan,nan,1,0,0,0
4350741526,4350741522,0.022283468,1.5480329,0.32389954,0.7933122,-0.117966086,-9.1905786e-05,-0.5972769,nan,nan,nan,nan,nan,nan,0.0,0.0,0.0,0.0,0.0,0.0,nan,nan,nan,1,0,0,0
4350751486,4350751482,0.022946477,1.5502352,0.32509232,0.7940633,-0.11840502,-0.0015743222,-0.59618896,nan,nan,nan,nan,nan,nan,0.0,0.0,0.0,0.0,0.0,0.0,nan,nan,nan,1,0,0,0
4350758509,4350758504,0.023523128,1.5522052,0.32645705,0.79403126,-0.12223013,-0.0028683976,-0.59545445,nan,nan,nan,nan,nan,nan,0.0,0.0,0.0,0.0,0.0,0.0,nan,nan,nan,1,0,0,0
4350768450,4350768445,0.02424357,1.5546442,0.32735506,0.79484963,-0.12030238,-0.0020766368,-0.594758,nan,nan,nan,nan,nan,nan,0.0,0.0,0.0,0.0,0.0,0.0,nan,nan,nan,1,0,0,0
4350774546,4350774518,0.024938371,1.5566993,0.32849255,0.79486865,-0.12544866,-0.004098347,-0.5936579,nan,nan,nan,nan,nan,nan,0.0,0.0,0.0,0.0,0.0,0.0,nan,nan,nan,1,0,0,0
4350782481,4350782477,0.025602885,1.5586504,0.32965162,0.7950258,-0.1265224,-0.0028816538,-0.59322643,nan,nan,nan,nan,nan,nan,0.0,0.0,0.0,0.0,0.0,0.0,nan,nan,nan,1,0,0,0
4350791485,4350791479,0.026247222,1.5607485,0.3306212,0.79515064,-0.12854813,-0.002007758,-0.5926271,nan,nan,nan,nan,nan,nan,0.0,0.0,0.0,0.0,0.0,0.0,nan,nan,nan,1,0,0,0
4350798487,4350798482,0.026912248,1.5627083,0.33169344,0.7957299,-0.12861456,-0.0016747409,-0.59183556,nan,nan,nan,nan,nan,nan,0.0,0.0,0.0,0.0,0.0,0.0,nan,nan,nan,1,0,0,0
4350808477,4350808472,0.027574424,1.5646878,0.33264402,0.7960591,-0.12943983,-0.0016798424,-0.5912127,nan,nan,nan,nan,nan,nan,0.0,0.0,0.0,0.0,0.0,0.0,nan,nan,nan,1,0,0,0
4350816938,4350816934,0.028268715,1.5666595,0.33350873,0.79615134,-0.1309682,-0.0013831488,-0.5907525,nan,nan,nan,nan,nan,nan,0.0,0.0,0.0,0.0,0.0,0.0,nan,nan,nan,1,0,0,0
4350824491,4350824486,0.028903857,1.5684452,0.334514,0.7965585,-0.1306691,-0.0011411555,-0.5902701,nan,nan,nan,nan,nan,nan,0.0,0.0,0.0,0.0,0.0,0.0,nan,nan,nan,1,0,0,0
4350832516,4350832508,0.0295877,1.5703789,0.33532593,0.7970423,-0.13178447,-0.0021463132,-0.58936554,nan,nan,nan,nan,nan,nan,0.0,0.0,0.0,0.0,0.0,0.0,nan,nan,nan,1,0,0,0
4350842179,4350842175,0.030257449,1.5723058,0.33611834,0.7970402,-0.13383068,-0.002247478,-0.5889067,nan,nan,nan,nan,nan,nan,0.0,0.0,0.0,0.0,0.0,0.0,nan,nan,nan,1,0,0,0
4350849476,4350849471,0.030927591,1.5741259,0.3368564,0.7978273,-0.13336764,-0.0024738475,-0.58794427,nan,nan,nan,nan,nan,nan,0.0,0.0,0.0,0.0,0.0,0.0,nan,nan,nan,1,0,0,0
4350858827,4350858822,0.03160253,1.5760132,0.33752033,0.79794496,-0.13515224,-0.002243359,-0.58737785,nan,nan,nan,nan,nan,nan,0.0,0.0,0.0,0.0,0.0,0.0,nan,nan,nan,1,0,0,0
4350867574,4350867569,0.03222872,1.5777477,0.33825615,0.7979465,-0.13623196,-0.0016037641,-0.58712816,nan,nan,nan,nan,nan,nan,0.0,0.0,0.0,0.0,0.0,0.0,nan,nan,nan,1,0,0,0
4350874856,4350874851,0.032896616,1.579554,0.33887765,0.798551,-0.13690466,-0.0015971817,-0.5861492,nan,nan,nan,nan,nan,nan,0.0,0.0,0.0,0.0,0.0,0.0,nan,nan,nan,1,0,0,0
4350884276,4350884271,0.033542003,1.5812706,0.33950555,0.79812914,-0.13844973,-0.00026842588,-0.58636296,nan,nan,nan,nan,nan,nan,0.0,0.0,0.0,0.0,0.0,0.0,nan,nan,nan,1,0,0,0
4350891576,4350891572,0.03421229,1.5830323,0.3400054,0.7983181,-0.1401213,-0.00058292085,-0.5857081,nan,nan,nan,nan,nan,nan,0.0,0.0,0.0,0.0,0.0,0.0,nan,nan,nan,1,0,0,0
4350902528,4350902523,0.034842804,1.5846286,0.34058645,0.79862386,-0.13992366,-0.00033698606,-0.5853384,nan,nan,nan,nan,nan,nan,0.0,0.0,0.0,0.0,0.0,0.0,nan,nan,nan,1,0,0,0
4350907998,4350907993,0.03545179,1.5863041,0.34104618,0.79822224,-0.1423555,-0.00019472456,-0.5853,nan,nan,nan,nan,nan,nan,0.0,0.0,0.0,0.0,0.0,0.0,nan,nan,nan,1,0,0,0
4350916725,4350916720,0.036050055,1.5878334,0.34156665,0.79857457,-0.14291908,-0.00032226185,-0.5846818,nan,nan,nan,nan,nan,nan,0.0,0.0,0.0,0.0,0.0,0.0,nan,nan,nan,1,0,0,0
4350924490,4350924485,0.036681313,1.5894581,0.3419884,0.7984348,-0.14465553,-0.0006670416,-0.5844452,nan,nan,nan,nan,nan,nan,0.0,0.0,0.0,0.0,0.0,0.0,nan,nan,nan,1,0,0,0
4350932503,4350932498,0.03727493,1.5909466,0.3424196,0.7986189,-0.14513712,-0.0008445098,-0.5840739,nan,nan,nan,nan,nan,nan,0.0,0.0,0.0,0.0,0.0,0.0,nan,nan,nan,1,0,0,0
4350941759,4350941556,0.037832137,1.5923886,0.34287143,0.79819214,-0.14648962,-0.00010996327,-0.5843201,nan,nan,nan,nan,nan,nan,0.0,0.0,0.0,0.0,0.0,0.0,nan,nan,nan,1,0,0,0
4350948476,4350948472,0.038390975,1.5938734,0.34323117,0.79839206,-0.14738955,-0.001055493,-0.58381957,nan,nan,nan,nan,nan,nan,0.0,0.0,0.0,0.0,0.0,0.0,nan,nan,nan,1,0,0,0
4350958479,4350958474,0.03892924,1.5952259,0.34368694,0.7982911,-0.14817134,-0.00034480012,-0.58376056,nan,nan,nan,nan,nan,nan,0.0,0.0,0.0,0.0,0.0,0.0,nan,nan,nan,1,0,0,0
4350966580,4350966575,0.039494906,1.596673,0.34397876,0.7982902,-0.14993489,-0.0014874643,-0.5833096,nan,nan,nan,nan,nan,nan,0.0,0.0,0.0,0.0,0.0,0.0,nan,nan,nan,1,0,0,0
4350974481,4350974476,0.040016133,1.5980371,0.34430662,0.798112,-0.1509099,-0.0012963803,-0.5833025,nan,nan,nan,nan,nan,nan,0.0,0.0,0.0,0.0,0.0,0.0,nan,nan,nan,1,0,0,0
4350983528,4350983524,0.040537696,1.5993828,0.34456086,0.7976339,-0.15157582,-0.0007679146,-0.5837846,nan,nan,nan,nan,nan,nan,0.0,0.0,0.0,0.0,0.0,0.0,nan,nan,nan,1,0,0,0
4350990869,4350990865,0.041008662,1.6006455,0.34496507,0.7972405,-0.1524112,-4.147926e-05,-0.58410484,nan,nan,nan,nan,nan,nan,0.0,0.0,0.0,0.0,0.0,0.0,nan,nan,nan,1,0,0,0
4350999486,4350999482,0.04152515,1.6019932,0.34518376,0.79741174,-0.15338461,-0.0012962492,-0.5836145,nan,nan,nan,nan,nan,nan,0.0,0.0,0.0,0.0,0.0,0.0,nan,nan,nan,1,0,0,0
4351007484,4351007479,0.04202357,1.603222,0.34553862,0.7971041,-0.1535184,-0.000748726,-0.5840004,nan,nan,nan,nan,nan,nan,0.0,0.0,0.0,0.0,0.0,0.0,nan,nan,nan,1,0,0,0
4351016936,4351016932,0.042525485,1.6045371,0.34581247,0.79715943,-0.15473887,-0.0019044587,-0.5836002,nan,nan,nan,nan,nan,nan,0.0,0.0,0.0,0.0,0.0,0.0,nan,nan,nan,1,0,0,0
4351024487,4351024483,0.04300114,1.6058053,0.34611785,0.7965538,-0.15572147,-0.0007260646,-0.5841681,nan,nan,nan,nan,nan,nan,0.0,0.0,0.0,0.0,0.0,0.0,nan,nan,nan,1,0,0,0
4351044482,4351044478,0.043986667,1.6084075,0.34678817,0.7964306,-0.15761042,-0.0014761329,-0.58382803,nan,nan,nan,nan,nan,nan,0.0,0.0,0.0,0.0,0.0,0.0,nan,nan,nan,1,0,0,0
4351052653,4351052648,0.044508625,1.6096244,0.34723914,0.7966497,-0.1584006,-0.0016880017,-0.5833142,nan,nan,nan,nan,nan,nan,0.0,0.0,0.0,0.0,0.0,0.0,nan,nan,nan,1,0,0,0
4351057673,4351057669,0.04507253,1.6109482,0.3475832,0.7966731,-0.16008517,-0.0016590741,-0.5828224,nan,nan,nan,nan,nan,nan,0.0,0.0,0.0,0.0,0.0,0.0,nan,nan,nan,1,0,0,0
4351067799,4351067794,0.045595884,1.612137,0.34805307,0.7970635,-0.16064194,-0.0017827265,-0.5821346,nan,nan,nan,nan,nan,nan,0.0,0.0,0.0,0.0,0.0,0.0,nan,nan,nan,1,0,0,0
4351074600,4351074595,0.04613912,1.6133214,0.34847227,0.7973027,-0.16194615,-0.002210339,-0.5814438,nan,nan,nan,nan,nan,nan,0.0,0.0,0.0,0.0,0.0,0.0,nan,nan,nan,1,0,0,0
4351083474,4351083470,0.046692137,1.6145166,0.3489125,0.79756904,-0.16318627,-0.002540925,-0.58073,nan,nan,nan,nan,nan,nan,0.0,0.0,0.0,0.0,0.0,0.0,nan,nan,nan,1,0,0,0
4351091628,4351091623,0.04720563,1.6156316,0.34935436,0.7976918,-0.16387722,-0.002980206,-0.58036464,nan,nan,nan,nan,nan,nan,0.0,0.0,0.0,0.0,0.0,0.0,nan,nan,nan,1,0,0,0
4351099484,4351099479,0.04771124,1.6167854,0.34974203,0.7979678,-0.16409744,-0.0037916063,-0.57991815,nan,nan,nan,nan,nan,nan,0.0,0.0,0.0,0.0,0.0,0.0,nan,nan,nan,1,0,0,0
4351107556,4351107552,0.048175495,1.6178106,0.35020375,0.7977743,-0.16450861,-0.0035804773,-0.5800691,nan,nan,nan,nan,nan,nan,0.0,0.0,0.0,0.0,0.0,0.0,nan,nan,nan,1,0,0,0
4351116471,4351116466,0.04869361,1.6190004,0.35051417,0.79798937,-0.16484156,-0.005229551,-0.5796661,nan,nan,nan,nan,nan,nan,0.0,0.0,0.0,0.0,0.0,0.0,nan,nan,nan,1,0,0,0
4351123509,4351123504,0.049173016,1.6201162,0.35084116,0.7979875,-0.16512907,-0.00511676,-0.57958794,nan,nan,nan,nan,nan,nan,0.0,0.0,0.0,0.0,0.0,0.0,nan,nan,nan,1,0,0,0
4351134485,4351134480,0.04967458,1.6212319,0.3512251,0.7979599,-0.16574189,-0.005924344,-0.5794432,nan,nan,nan,nan,nan,nan,0.0,0.0,0.0,0.0,0.0,0.0,nan,nan,nan,1,0,0,0
4351140479,4351140475,0.050198693,1.6223855,0.35155046,0.79824793,-0.16602623,-0.006072469,-0.57896334,nan,nan,nan,nan,nan,nan,0.0,0.0,0.0,0.0,0.0,0.0,nan,nan,nan,1,0,0,0
4351149481,4351149476,0.05068463,1.6234442,0.35194615,0.798096,-0.16663414,-0.005794268,-0.5790011,nan,nan,nan,nan,nan,nan,0.0,0.0,0.0,0.0,0.0,0.0,nan,nan,nan,1,0,0,0
4351158488,4351158483,0.051214132,1.6247069,0.3521955,0.7982084,-0.16863187,-0.0064505828,-0.5782604,nan,nan,nan,nan,nan,nan,0.0,0.0,0.0,0.0,0.0,0.0,nan,nan,nan,1,0,0,0
4351166784,4351166780,0.051735234,1.6258234,0.35253224,0.79817617,-0.16916777,-0.0063249907,-0.57814956,nan,nan,nan,nan,nan,nan,0.0,0.0,0.0,0.0,0.0,0.0,nan,nan,nan,1,0,0,0
4351174479,4351174474,0.052254964,1.6269592,0.35284162,0.7982974,-0.16985036,-0.006268501,-0.5777827,nan,nan,nan,nan,nan,nan,0.0,0.0,0.0,0.0,0.0,0.0,nan,nan,nan,1,0,0,0
4351182779,4351182774,0.0527826,1.6280705,0.35313776,0.7983811,-0.17014058,-0.0061191875,-0.57758313,nan,nan,nan,nan,nan,nan,0.0,0.0,0.0,0.0,0.0,0.0,nan,nan,nan,1,0,0,0
4351190494,4351190490,0.05327302,1.6291779,0.35346055,0.7984552,-0.1710158,-0.0065587573,-0.57721746,nan,nan,nan,nan,nan,nan,0.0,0.0,0.0,0.0,0.0,0.0,nan,nan,nan,1,0,0,0
4351199482,4351199477,0.053746328,1.6302818,0.3537353,0.7986404,-0.17113303,-0.0068894923,-0.57692254,nan,nan,nan,nan,nan,nan,0.0,0.0,0.0,0.0,0.0,0.0,nan,nan,nan,1,0,0,0
4351207567,4351207563,0.05418132,1.631309,0.35408434,0.7984408,-0.17136686,-0.006419956,-0.57713467,nan,nan,nan,nan,nan,nan,0.0,0.0,0.0,0.0,0.0,0.0,nan,nan,nan,1,0,0,0
4351218812,4351218805,0.054678243,1.6324712,0.35429478,0.7986903,-0.17193262,-0.0071450407,-0.5766124,nan,nan,nan,nan,nan,nan,0.0,0.0,0.0,0.0,0.0,0.0,nan,nan,nan,1,0,0,0
4351224484,4351224479,0.055132195,1.6334962,0.3545499,0.7986801,-0.17228474,-0.007547119,-0.5765163,nan,nan,nan,nan,nan,nan,0.0,0.0,0.0,0.0,0.0,0.0,nan,nan,nan,1,0,0,0
4351234181,4351234176,0.055595417,1.634531,0.35488474,0.79861045,-0.17266439,-0.007200159,-0.5765036,nan,nan,nan,nan,nan,nan,0.0,0.0,0.0,0.0,0.0,0.0,nan,nan,nan,1,0,0,0
4351241483,4351241479,0.056055572,1.6356554,0.35505223,0.7988622,-0.17279546,-0.007861096,-0.57610685,nan,nan,nan,nan,nan,nan,0.0,0.0,0.0,0.0,0.0,0.0,nan,nan,nan,1,0,0,0
4351248738,4351248733,0.0564876,1.6366801,0.35534883,0.7986782,-0.17317465,-0.007024098,-0.5762588,nan,nan,nan,nan,nan,nan,0.0,0.0,0.0,0.0,0.0,0.0,nan,nan,nan,1,0,0,0
4351258664,4351258660,0.05692434,1.6378053,0.35553002,0.79873794,-0.1737512,-0.0078485925,-0.5759918,nan,nan,nan,nan,nan,nan,0.0,0.0,0.0,0.0,0.0,0.0,nan,nan,nan,1,0,0,0
4351266481,4351266477,0.057322744,1.638857,0.35576105,0.79857355,-0.17416061,-0.007558572,-0.57610005,nan,nan,nan,nan,nan,nan,0.0,0.0,0.0,0.0,0.0,0.0,nan,nan,nan,1,0,0,0
4351274511,4351274477,0.057741374,1.6399587,0.35597274,0.7985992,-0.17439963,-0.0077841976,-0.57598925,nan,nan,nan,nan,nan,nan,0.0,0.0,0.0,0.0,0.0,0.0,nan,nan,nan,1,0,0,0
4351282479,4351282474,0.05814023,1.641015,0.35624194,0.79873633,-0.17471427,-0.008140924,-0.5756987,nan,nan,nan,nan,nan,nan,0.0,0.0,0.0,0.0,0.0,0.0,nan,nan,nan,1,0,0,0
4351291566,4351291561,0.058540016,1.6420428,0.35653055,0.7987035,-0.17465152,-0.0072540734,-0.5757751,nan,nan,nan,nan,nan,nan,0.0,0.0,0.0,0.0,0.0,0.0,nan,nan,nan,1,0,0,0
4351299515,4351299510,0.058990452,1.6432018,0.35672128,0.7991346,-0.17487502,-0.008117149,-0.5750971,nan,nan,nan,nan,nan,nan,0.0,0.0,0.0,0.0,0.0,0.0,nan,nan,nan,1,0,0,0
4351308599,4351308595,0.059398506,1.6441898,0.35701016,0.7991798,-0.1753627,-0.007841444,-0.5748898,nan,nan,nan,nan,nan,nan,0.0,0.0,0.0,0.0,0.0,0.0,nan,nan,nan,1,0,0,0
4351320476,4351320472,0.059814423,1.6452583,0.35727623,0.7994008,-0.1753268,-0.007879867,-0.57459265,nan,nan,nan,nan,nan,nan,0.0,0.0,0.0,0.0,0.0,0.0,nan,nan,nan,1,0,0,0
4351324491,4351324486,0.06019633,1.6462866,0.35754025,0.7996011,-0.17546949,-0.007788079,-0.5742716,nan,nan,nan,nan,nan,nan,0.0,0.0,0.0,0.0,0.0,0.0,nan,nan,nan,1,0,0,0
4351342848,4351342843,0.060595434,1.6472937,0.35778967,0.7993638,-0.17592657,-0.0076005496,-0.5744647,nan,nan,nan,nan,nan,nan,0.0,0.0,0.0,0.0,0.0,0.0,nan,nan,nan,1,0,0,0
4351344483,4351344478,0.060963143,1.6483413,0.35807958,0.79954773,-0.17588878,-0.008081188,-0.5742137,nan,nan,nan,nan,nan,nan,0.0,0.0,0.0,0.0,0.0,0.0,nan,nan,nan,1,0,0,0
4351349475,4351349470,0.061340507,1.6493462,0.3583512,0.79942447,-0.17646202,-0.007623713,-0.5742156,nan,nan,nan,nan,nan,nan,0.0,0.0,0.0,0.0,0.0,0.0,nan,nan,nan,1,0,0,0
4351358500,4351358494,0.06170653,1.6503844,0.3586079,0.7993543,-0.17681527,-0.00778413,-0.57420254,nan,nan,nan,nan,nan,nan,0.0,0.0,0.0,0.0,0.0,0.0,nan,nan,nan,1,0,0,0
4351365689,4351365610,0.062110085,1.6514411,0.35890374,0.79949075,-0.17731528,-0.007815739,-0.5738577,nan,nan,nan,nan,nan,nan,0.0,0.0,0.0,0.0,0.0,0.0,nan,nan,nan,1,0,0,0
4351374511,4351374506,0.062499445,1.6524373,0.3592198,0.7994365,-0.17834622,-0.00747911,-0.57361823,nan,nan,nan,nan,nan,nan,0.0,0.0,0.0,0.0,0.0,0.0,nan,nan,nan,1,0,0,0
4351382478,4351382473,0.062896095,1.6534414,0.35955766,0.7996773,-0.17922184,-0.007281171,-0.57301193,nan,nan,nan,nan,nan,nan,0.0,0.0,0.0,0.0,0.0,0.0,nan,nan,nan,1,0,0,0
4351391487,4351391483,0.06327142,1.6543198,0.3599174,0.79960734,-0.18000883,-0.006074541,-0.57287705,nan,nan,nan,nan,nan,nan,0.0,0.0,0.0,0.0,0.0,0.0,nan,nan,nan,1,0,0,0
4351399480,4351399475,0.06361467,1.655242,0.36026487,0.7995645,-0.18077345,-0.0054591307,-0.5727022,nan,nan,nan,nan,nan,nan,0.0,0.0,0.0,0.0,0.0,0.0,nan,nan,nan,1,0,0,0
4351408529,4351408524,0.0639362,1.6562036,0.36053857,0.79964334,-0.18177764,-0.005917692,-0.5722695,nan,nan,nan,nan,nan,nan,0.0,0.0,0.0,0.0,0.0,0.0,nan,nan,nan,1,0,0,0
4351415672,4351415667,0.06422784,1.6570107,0.36092445,0.7994972,-0.1818057,-0.0052304235,-0.5724713,nan,nan,nan,nan,nan,nan,0.0,0.0,0.0,0.0,0.0,0.0,nan,nan,nan,1,0,0,0
4351426118,4351426114,0.06454068,1.6579022,0.36123738,0.7996082,-0.18249924,-0.0059409877,-0.5720888,nan,nan,nan,nan,nan,nan,0.0,0.0,0.0,0.0,0.0,0.0,nan,nan,nan,1,0,0,0
4351432585,4351432580,0.06480231,1.6587051,0.3615704,0.7995909,-0.18252113,-0.006400274,-0.572101,nan,nan,nan,nan,nan,nan,0.0,0.0,0.0,0.0,0.0,0.0,nan,nan,nan,1,0,0,0
4351441871,4351441867,0.06510049,1.6595141,0.3619295,0.7996222,-0.18295123,-0.0072232937,-0.57190996,nan,nan,nan,nan,nan,nan,0.0,0.0,0.0,0.0,0.0,0.0,nan,nan,nan,1,0,0,0
4351448476,4351448471,0.06536962,1.660292,0.36235008,0.7998819,-0.18272153,-0.007201708,-0.5716204,nan,nan,nan,nan,nan,nan,0.0,0.0,0.0,0.0,0.0,0.0,nan,nan,nan,1,0,0,0
4351457491,4351457486,0.065667756,1.6611406,0.36268,0.8000741,-0.18375614,-0.008432945,-0.5710026,nan,nan,nan,nan,nan,nan,0.0,0.0,0.0,0.0,0.0,0.0,nan,nan,nan,1,0,0,0
4351476089,4351476085,0.06595334,1.6619223,0.36306962,0.80011314,-0.18467002,-0.008540989,-0.5706513,nan,nan,nan,nan,nan,nan,0.0,0.0,0.0,0.0,0.0,0.0,nan,nan,nan,1,0,0,0
4351477629,4351477624,0.06622042,1.6625834,0.36355707,0.8001209,-0.18527485,-0.0072361613,-0.5704625,nan,nan,nan,nan,nan,nan,0.0,0.0,0.0,0.0,0.0,0.0,nan,nan,nan,1,0,0,0
4351486164,4351486160,0.06648076,1.6632639,0.36402988,0.800254,-0.18605222,-0.006898554,-0.5700268,nan,nan,nan,nan,nan,nan,0.0,0.0,0.0,0.0,0.0,0.0,nan,nan,nan,1,0,0,0
4351491490,4351491485,0.066745125,1.6639851,0.36441812,0.8002649,-0.18667956,-0.006927581,-0.56980586,nan,nan,nan,nan,nan,nan,0.0,0.0,0.0,0.0,0.0,0.0,nan,nan,nan,1,0,0,0
4351500515,4351500510,0.066966414,1.6646096,0.36489525,0.80027205,-0.18727548,-0.0067278137,-0.5696026,nan,nan,nan,nan,nan,nan,0.0,0.0,0.0,0.0,0.0,0.0,nan,nan,nan,1,0,0,0
4351507482,4351507477,0.067151286,1.665142,0.3653843,0.80041486,-0.1876547,-0.006897897,-0.5692751,nan,nan,nan,nan,nan,nan,0.0,0.0,0.0,0.0,0.0,0.0,nan,nan,nan,1,0,0,0
4351517702,4351517697,0.06733906,1.665657,0.36588514,0.80064833,-0.18748412,-0.0073262574,-0.5689977,nan,nan,nan,nan,nan,nan,0.0,0.0,0.0,0.0,0.0,0.0,nan,nan,nan,1,0,0,0
4351525527,4351525522,0.067477964,1.6660753,0.3665044,0.80084765,-0.18710613,-0.007390853,-0.5688406,nan,nan,nan,nan,nan,nan,0.0,0.0,0.0,0.0,0.0,0.0,nan,nan,nan,1,0,0,0
4351538380,4351538375,0.0676243,1.6665071,0.3670828,0.8012914,-0.18669297,-0.008268912,-0.5683392,nan,nan,nan,nan,nan,nan,0.0,0.0,0.0,0.0,0.0,0.0,nan,nan,nan,1,0,0,0
4351542481,4351542476,0.067741565,1.6669029,0.367668,0.8017474,-0.18626314,-0.009060536,-0.567825,nan,nan,nan,nan,nan,nan,0.0,0.0,0.0,0.0,0.0,0.0,nan,nan,nan,1,0,0,0
4351559786,4351559782,0.06782736,1.6672926,0.36830267,0.8022027,-0.18567505,-0.009845043,-0.5673612,nan,nan,nan,nan,nan,nan,0.0,0.0,0.0,0.0,0.0,0.0,nan,nan,nan,1,0,0,0
4351561491,4351561485,0.06789744,1.6676407,0.36892143,0.8026387,-0.18485996,-0.010409827,-0.5670005,nan,nan,nan,nan,nan,nan,0.0,0.0,0.0,0.0,0.0,0.0,nan,nan,nan,1,0,0,0
4351567543,4351567538,0.06791357,1.6679376,0.3695629,0.80298537,-0.18431413,-0.011065908,-0.56667495,nan,nan,nan,nan,nan,nan,0.0,0.0,0.0,0.0,0.0,0.0,nan,nan,nan,1,0,0,0
4351573479,4351573474,0.06790767,1.6682009,0.37019452,0.80317754,-0.18350537,-0.011382706,-0.56665874,nan,nan,nan,nan,nan,nan,0.0,0.0,0.0,0.0,0.0,0.0,nan,nan,nan,1,0,0,0
4351583481,4351583476,0.06792238,1.668497,0.37081504,0.80339247,-0.18284681,-0.0125529785,-0.56654215,nan,nan,nan,nan,nan,nan,0.0,0.0,0.0,0.0,0.0,0.0,nan,nan,nan,1,0,0,0
4351590492,4351590487,0.06791222,1.6687163,0.37144518,0.80345047,-0.1815325,-0.012912737,-0.5668744,nan,nan,nan,nan,nan,nan,0.0,0.0,0.0,0.0,0.0,0.0,nan,nan,nan,1,0,0,0
4351599833,4351599829,0.06789228,1.6689743,0.3721,0.80360824,-0.18011165,-0.013819632,-0.5670825,nan,nan,nan,nan,nan,nan,0.0,0.0,0.0,0.0,0.0,0.0,nan,nan,nan,1,0,0,0
4351607483,4351607478,0.06784291,1.6692013,0.37280592,0.8036301,-0.17833813,-0.013855572,-0.5676109,nan,nan,nan,nan,nan,nan,0.0,0.0,0.0,0.0,0.0,0.0,nan,nan,nan,1,0,0,0
4351616476,4351616472,0.067810744,1.6695719,0.3734065,0.8038446,-0.17745249,-0.015383096,-0.5675455,nan,nan,nan,nan,nan,nan,0.0,0.0,0.0,0.0,0.0,0.0,nan,nan,nan,1,0,0,0
4351625610,4351625437,0.06782586,1.6699281,0.37410894,0.80412596,-0.17612073,-0.015950415,-0.567546,nan,nan,nan,nan,nan,nan,0.0,0.0,0.0,0.0,0.0,0.0,nan,nan,nan,1,0,0,0
4351633482,4351633478,0.067869,1.6703681,0.37481752,0.80434847,-0.17539056,-0.01680104,-0.56743234,nan,nan,nan,nan,nan,nan,0.0,0.0,0.0,0.0,0.0,0.0,nan,nan,nan,1,0,0,0
4351640664,4351640659,0.067929156,1.6708647,0.37551036,0.80463713,-0.17535062,-0.01730678,-0.5670201,nan,nan,nan,nan,nan,nan,0.0,0.0,0.0,0.0,0.0,0.0,nan,nan,nan,1,0,0,0
4351652482,4351652477,0.068027504,1.671423,0.37623373,0.8050681,-0.17569788,-0.017188743,-0.56630397,nan,nan,nan,nan,nan,nan,0.0,0.0,0.0,0.0,0.0,0.0,nan,nan,nan,1,0,0,0
4351657477,4351657472,0.068148576,1.671998,0.3768897,0.80533856,-0.17599462,-0.016298069,-0.5658535,nan,nan,nan,nan,nan,nan,0.0,0.0,0.0,0.0,0.0,0.0,nan,nan,nan,1,0,0,0
4351667485,4351667481,0.06826415,1.6725813,0.37762198,0.80547065,-0.17658095,-0.015438154,-0.56550676,nan,nan,nan,nan,nan,nan,0.0,0.0,0.0,0.0,0.0,0.0,nan,nan,nan,1,0,0,0
4351676872,4351676867,0.06837748,1.6731726,0.3783628,0.80552685,-0.17720728,-0.01444805,-0.5652569,nan,nan,nan,nan,nan,nan,0.0,0.0,0.0,0.0,0.0,0.0,nan,nan,nan,1,0,0,0
4351682476,4351682471,0.06847125,1.6737785,0.37906948,0.8054484,-0.17731455,-0.013819946,-0.5653507,nan,nan,nan,nan,nan,nan,0.0,0.0,0.0,0.0,0.0,0.0,nan,nan,nan,1,0,0,0
4351691516,4351691511,0.06855862,1.6743735,0.37985435,0.8052927,-0.17723808,-0.01302087,-0.56561536,nan,nan,nan,nan,nan,nan,0.0,0.0,0.0,0.0,0.0,0.0,nan,nan,nan,1,0,0,0
4351699689,4351699684,0.06869823,1.6749812,0.3806696,0.8049935,-0.17882973,-0.013735925,-0.5655233,nan,nan,nan,nan,nan,nan,0.0,0.0,0.0,0.0,0.0,0.0,nan,nan,nan,1,0,0,0
4351707481,4351707476,0.06885785,1.6756369,0.38145843,0.8051487,-0.1794622,-0.013557615,-0.5651062,nan,nan,nan,nan,nan,nan,0.0,0.0,0.0,0.0,0.0,0.0,nan,nan,nan,1,0,0,0
4351716476,4351716471,0.0690427,1.6762396,0.3822544,0.8055083,-0.17993805,-0.0134150535,-0.5644454,nan,nan,nan,nan,nan,nan,0.0,0.0,0.0,0.0,0.0,0.0,nan,nan,nan,1,0,0,0
4351725783,4351725778,0.06923124,1.6769255,0.38302645,0.80610687,-0.18105222,-0.013980252,-0.5632196,nan,nan,nan,nan,nan,nan,0.0,0.0,0.0,0.0,0.0,0.0,nan,nan,nan,1,0,0,0
4351732590,4351732585,0.069400154,1.6775612,0.38388056,0.8064581,-0.18133414,-0.013237988,-0.56264377,nan,nan,nan,nan,nan,nan,0.0,0.0,0.0,0.0,0.0,0.0,nan,nan,nan,1,0,0,0
4351740614,4351740610,0.06957183,1.6781029,0.38471812,0.8067917,-0.18169188,-0.012800691,-0.56205994,nan,nan,nan,nan,nan,nan,0.0,0.0,0.0,0.0,0.0,0.0,nan,nan,nan,1,0,0,0
4351750712,4351750708,0.06972951,1.6786578,0.38554507,0.80723506,-0.18156618,-0.012172449,-0.5614777,nan,nan,nan,nan,nan,nan,0.0,0.0,0.0,0.0,0.0,0.0,nan,nan,nan,1,0,0,0
4351758489,4351758485,0.06987081,1.6791815,0.38641295,0.8073862,-0.18159318,-0.011966768,-0.5612559,nan,nan,nan,nan,nan,nan,0.0,0.0,0.0,0.0,0.0,0.0,nan,nan,nan,1,0,0,0
4351766493,4351766489,0.06995233,1.6796044,0.38722932,0.8075287,-0.18187506,-0.011597518,-0.5609674,nan,nan,nan,nan,nan,nan,0.0,0.0,0.0,0.0,0.0,0.0,nan,nan,nan,1,0,0,0
4351775729,4351775724,0.07003327,1.6800216,0.38810864,0.8077261,-0.18109189,-0.010371146,-0.56096065,nan,nan,nan,nan,nan,nan,0.0,0.0,0.0,0.0,0.0,0.0,nan,nan,nan,1,0,0,0
4351782490,4351782485,0.07009469,1.68034,0.3890351,0.8078168,-0.18130623,-0.009676072,-0.560773,nan,nan,nan,nan,nan,nan,0.0,0.0,0.0,0.0,0.0,0.0,nan,nan,nan,1,0,0,0
4351792088,4351792084,0.07014814,1.6806059,0.38997668,0.8080448,-0.18117192,-0.009341201,-0.56049365,nan,nan,nan,nan,nan,nan,0.0,0.0,0.0,0.0,0.0,0.0,nan,nan,nan,1,0,0,0
4351799578,4351799574,0.070183665,1.6808361,0.3909221,0.8082669,-0.18074211,-0.008608316,-0.560324,nan,nan,nan,nan,nan,nan,0.0,0.0,0.0,0.0,0.0,0.0,nan,nan,nan,1,0,0,0
4351807480,4351807475,0.07019687,1.6809682,0.39198288,0.8085908,-0.17932399,-0.006634008,-0.560339,nan,nan,nan,nan,nan,nan,0.0,0.0,0.0,0.0,0.0,0.0,nan,nan,nan,1,0,0,0
4351816658,4351816652,0.07015048,1.681047,0.39302707,0.8093539,-0.17768219,-0.005873876,-0.55976856,nan,nan,nan,nan,nan,nan,0.0,0.0,0.0,0.0,0.0,0.0,nan,nan,nan,1,0,0,0
4351825633,4351825629,0.070102826,1.6810678,0.39407232,0.80995584,-0.17635126,-0.005447724,-0.55932283,nan,nan,nan,nan,nan,nan,0.0,0.0,0.0,0.0,0.0,0.0,nan,nan,nan,1,0,0,0
4351832483,4351832479,0.07007504,1.6811222,0.39500457,0.8104491,-0.17551085,-0.005964138,-0.55886716,nan,nan,nan,nan,nan,nan,0.0,0.0,0.0,0.0,0.0,0.0,nan,nan,nan,1,0,0,0
4351841603,4351841598,0.07002519,1.6811029,0.39599913,0.81088346,-0.17382628,-0.006031921,-0.558763,nan,nan,nan,nan,nan,nan,0.0,0.0,0.0,0.0,0.0,0.0,nan,nan,nan,1,0,0,0
4351852473,4351852468,0.06992445,1.6810149,0.39711127,0.8112629,-0.1717491,-0.0059494143,-0.55885535,nan,nan,nan,nan,nan,nan,0.0,0.0,0.0,0.0,0.0,0.0,nan,nan,nan,1,0,0,0
4351858557,4351858552,0.06984777,1.6809872,0.39814785,0.8115162,-0.17035723,-0.0061615617,-0.55891144,nan,nan,nan,nan,nan,nan,0.0,0.0,0.0,0.0,0.0,0.0,nan,nan,nan,1,0,0,0
4351865486,4351865481,0.06979187,1.6810143,0.39904296,0.8120538,-0.16934344,-0.0066677798,-0.55843276,nan,nan,nan,nan,nan,nan,0.0,0.0,0.0,0.0,0.0,0.0,nan,nan,nan,1,0,0,0
4351875782,4351875777,0.06971913,1.6808913,0.40014684,0.8124638,-0.16745295,-0.0052674077,-0.5584212,nan,nan,nan,nan,nan,nan,0.0,0.0,0.0,0.0,0.0,0.0,nan,nan,nan,1,0,0,0
4351882928,4351882923,0.06967985,1.6808271,0.40107888,0.81305754,-0.16693422,-0.0050424393,-0.55771405,nan,nan,nan,nan,nan,nan,0.0,0.0,0.0,0.0,0.0,0.0,nan,nan,nan,1,0,0,0
4351891626,4351891622,0.069607995,1.6807548,0.4020712,0.8135448,-0.16602847,-0.0041970233,-0.5572807,nan,nan,nan,nan,nan,nan,0.0,0.0,0.0,0.0,0.0,0.0,nan,nan,nan,1,0,0,0
4351901530,4351901525,0.0695549,1.6806082,0.40309563,0.81384206,-0.1656337,-0.0034449296,-0.5569692,nan,nan,nan,nan,nan,nan,0.0,0.0,0.0,0.0,0.0,0.0,nan,nan,nan,1,0,0,0
4351908479,4351908475,0.069504626,1.6803436,0.4041464,0.8141212,-0.16445437,-0.0013491942,-0.5569197,nan,nan,nan,nan,nan,nan,0.0,0.0,0.0,0.0,0.0,0.0,nan,nan,nan,1,0,0,0
4351915480,4351915475,0.06944577,1.68013,0.40507063,0.8144986,-0.16403058,-0.00028522612,-0.55649436,nan,nan,nan,nan,nan,nan,0.0,0.0,0.0,0.0,0.0,0.0,nan,nan,nan,1,0,0,0
4351925486,4351925481,0.06930591,1.6796871,0.40620074,0.81484455,-0.16221584,0.0019310487,-0.55651665,nan,nan,nan,nan,nan,nan,0.0,0.0,0.0,0.0,0.0,0.0,nan,nan,nan,1,0,0,0
4351932480,4351932475,0.06916681,1.6791934,0.40722546,0.81581664,-0.1593895,0.002417081,-0.5559069,nan,nan,nan,nan,nan,nan,0.0,0.0,0.0,0.0,0.0,0.0,nan,nan,nan,1,0,0,0
4351941493,4351941489,0.0689476,1.6786075,0.40831208,0.816024,-0.15684289,0.004361107,-0.55631465,nan,nan,nan,nan,nan,nan,0.0,0.0,0.0,0.0,0.0,0.0,nan,nan,nan,1,0,0,0
4351950476,4351950472,0.0687508,1.6780826,0.4092377,0.81666315,-0.15425374,0.0037883106,-0.556105,nan,nan,nan,nan,nan,nan,0.0,0.0,0.0,0.0,0.0,0.0,nan,nan,nan,1,0,0,0
4351957492,4351957487,0.06853262,1.6774467,0.41023722,0.81696475,-0.15271056,0.0028862676,-0.55609334,nan,nan,nan,nan,nan,nan,0.0,0.0,0.0,0.0,0.0,0.0,nan,nan,nan,1,0,0,0
4351966852,4351966847,0.068336315,1.6768476,0.41114667,0.81771606,-0.15027247,0.0012446189,-0.5556592,nan,nan,nan,nan,nan,nan,0.0,0.0,0.0,0.0,0.0,0.0,nan,nan,nan,1,0,0,0
4351975756,4351975751,0.06816678,1.6762276,0.41206658,0.8182969,-0.14858246,0.00026042652,-0.5552597,nan,nan,nan,nan,nan,nan,0.0,0.0,0.0,0.0,0.0,0.0,nan,nan,nan,1,0,0,0
4351983479,4351983474,0.06795606,1.6754961,0.41304207,0.8188388,-0.14672941,0.0005290047,-0.55495334,nan,nan,nan,nan,nan,nan,0.0,0.0,0.0,0.0,0.0,0.0,nan,nan,nan,1,0,0,0
4351990533,4351990528,0.06779607,1.6748654,0.41379675,0.8195867,-0.14590426,9.36086e-06,-0.55406636,nan,nan,nan,nan,nan,nan,0.0,0.0,0.0,0.0,0.0,0.0,nan,nan,nan,1,0,0,0
4351999485,4351999481,0.06758485,1.6740794,0.4146336,0.8199745,-0.14422345,0.001024595,-0.5539319,nan,nan,nan,nan,nan,nan,0.0,0.0,0.0,0.0,0.0,0.0,nan,nan,nan,1,0,0,0
4352008481,4352008476,0.06731516,1.6732392,0.4154681,0.81994367,-0.1429122,0.0025837675,-0.554312,nan,nan,nan,nan,nan,nan,0.0,0.0,0.0,0.0,0.0,0.0,nan,nan,nan,1,0,0,0
4352017655,4352017646,0.067056075,1.6725663,0.41611683,0.82007176,-0.14103517,0.0030724225,-0.55460054,nan,nan,nan,nan,nan,nan,0.0,0.0,0.0,0.0,0.0,0.0,nan,nan,nan,1,0,0,0
4352026670,4352026665,0.06674205,1.6717072,0.41687644,0.8199424,-0.13997151,0.004086951,-0.5550547,nan,nan,nan,nan,nan,nan,0.0,0.0,0.0,0.0,0.0,0.0,nan,nan,nan,1,0,0,0
4352033486,4352033481,0.066465154,1.670866,0.41751543,0.8202046,-0.13968296,0.0035540299,-0.5547436,nan,nan,nan,nan,nan,nan,0.0,0.0,0.0,0.0,0.0,0.0,nan,nan,nan,1,0,0,0
4352040535,4352040530,0.06617326,1.6699144,0.41820088,0.8204001,-0.1388303,0.0041254065,-0.55466455,nan,nan,nan,nan,nan,nan,0.0,0.0,0.0,0.0,0.0,0.0,nan,nan,nan,1,0,0,0
4352049480,4352049476,0.065839015,1.6689062,0.41888842,0.8205993,-0.13803111,0.0045293034,-0.55456614,nan,nan,nan,nan,nan,nan,0.0,0.0,0.0,0.0,0.0,0.0,nan,nan,nan,1,0,0,0
4352057632,4352057627,0.06549391,1.6678158,0.4195869,0.82081276,-0.13718158,0.004780804,-0.5544589,nan,nan,nan,nan,nan,nan,0.0,0.0,0.0,0.0,0.0,0.0,nan,nan,nan,1,0,0,0
4352077548,4352077544,0.06470933,1.6654333,0.4209241,0.82128894,-0.1343628,0.0045993757,-0.55444556,nan,nan,nan,nan,nan,nan,0.0,0.0,0.0,0.0,0.0,0.0,nan,nan,nan,1,0,0,0
4352082558,4352082553,0.06425706,1.6640825,0.42163303,0.8211869,-0.13207553,0.005069969,-0.5551418,nan,nan,nan,nan,nan,nan,0.0,0.0,0.0,0.0,0.0,0.0,nan,nan,nan,1,0,0,0
4352090517,4352090485,0.06382359,1.6627336,0.42228755,0.82135266,-0.13000727,0.0053343372,-0.5553823,nan,nan,nan,nan,nan,nan,0.0,0.0,0.0,0.0,0.0,0.0,nan,nan,nan,1,0,0,0
4352099525,4352099520,0.06336386,1.661285,0.42291462,0.8214393,-0.12741095,0.005741509,-0.5558515,nan,nan,nan,nan,nan,nan,0.0,0.0,0.0,0.0,0.0,0.0,nan,nan,nan,1,0,0,0
4352107519,4352107514,0.06291289,1.6599272,0.42347005,0.82172805,-0.12446916,0.0053477734,-0.5560952,nan,nan,nan,nan,nan,nan,0.0,0.0,0.0,0.0,0.0,0.0,nan,nan,nan,1,0,0,0
4352116548,4352116544,0.062440556,1.6584167,0.424042,0.82189286,-0.12243528,0.0048106774,-0.55630785,nan,nan,nan,nan,nan,nan,0.0,0.0,0.0,0.0,0.0,0.0,nan,nan,nan,1,0,0,0
4352126044,4352126040,0.06197275,1.6569394,0.42464754,0.8219899,-0.12007536,0.0045150933,-0.5566814,nan,nan,nan,nan,nan,nan,0.0,0.0,0.0,0.0,0.0,0.0,nan,nan,nan,1,0,0,0
4352133403,4352133369,0.061484635,1.6553346,0.42526138,0.8218347,-0.117647365,0.0046166047,-0.5574277,nan,nan,nan,nan,nan,nan,0.0,0.0,0.0,0.0,0.0,0.0,nan,nan,nan,1,0,0,0
4352140481,4352140476,0.06102265,1.6538386,0.42584208,0.82180107,-0.116520956,0.0038510931,-0.5577195,nan,nan,nan,nan,nan,nan,0.0,0.0,0.0,0.0,0.0,0.0,nan,nan,nan,1,0,0,0
4352152477,4352152471,0.060584445,1.6523771,0.42628577,0.8221232,-0.115467966,0.0020875034,-0.55747294,nan,nan,nan,nan,nan,nan,0.0,0.0,0.0,0.0,0.0,0.0,nan,nan,nan,1,0,0,0
4352157490,4352157486,0.060168266,1.650835,0.42685756,0.8224806,-0.11460108,0.0019255386,-0.5571253,nan,nan,nan,nan,nan,nan,0.0,0.0,0.0,0.0,0.0,0.0,nan,nan,nan,1,0,0,0
4352166486,4352166482,0.05975176,1.6492478,0.42741808,0.82271904,-0.113674514,0.0016095196,-0.5569639,nan,nan,nan,nan,nan,nan,0.0,0.0,0.0,0.0,0.0,0.0,nan,nan,nan,1,0,0,0
4352173483,4352173478,0.05929848,1.6475964,0.4280633,0.82291836,-0.11262903,0.002551286,-0.55687845,nan,nan,nan,nan,nan,nan,0.0,0.0,0.0,0.0,0.0,0.0,nan,nan,nan,1,0,0,0
4352182524,4352182520,0.058827255,1.645908,0.428666,0.8236935,-0.11205277,0.0014536807,-0.5558517,nan,nan,nan,nan,nan,nan,0.0,0.0,0.0,0.0,0.0,0.0,nan,nan,nan,1,0,0,0
4352190489,4352190484,0.058402643,1.6443027,0.429127,0.824166,-0.11131982,0.0007351404,-0.5552997,nan,nan,nan,nan,nan,nan,0.0,0.0,0.0,0.0,0.0,0.0,nan,nan,nan,1,0,0,0
4352199488,4352199483,0.057951093,1.6425714,0.42959967,0.82438844,-0.11068167,0.00040119473,-0.55509734,nan,nan,nan,nan,nan,nan,0.0,0.0,0.0,0.0,0.0,0.0,nan,nan,nan,1,0,0,0
4352207481,4352207477,0.05746801,1.6407624,0.43009207,0.8246292,-0.10981831,0.00024622312,-0.55491126,nan,nan,nan,nan,nan,nan,0.0,0.0,0.0,0.0,0.0,0.0,nan,nan,nan,1,0,0,0
4352216599,4352216594,0.0569755,1.638874,0.43051174,0.8248489,-0.10864015,-0.0002960153,-0.55481666,nan,nan,nan,nan,nan,nan,0.0,0.0,0.0,0.0,0.0,0.0,nan,nan,nan,1,0,0,0
4352224590,4352224585,0.056485612,1.6369563,0.43090174,0.8252617,-0.1067205,-0.0009346582,-0.55457455,nan,nan,nan,nan,nan,nan,0.0,0.0,0.0,0.0,0.0,0.0,nan,nan,nan,1,0,0,0
4352235477,4352235472,0.05598967,1.6350045,0.43114814,0.8256593,-0.10489646,-0.002657655,-0.5543252,nan,nan,nan,nan,nan,nan,0.0,0.0,0.0,0.0,0.0,0.0,nan,nan,nan,1,0,0,0
4352240892,4352240888,0.05540133,1.6328608,0.43155015,0.8253087,-0.10341201,-0.0024129539,-0.5551267,nan,nan,nan,nan,nan,nan,0.0,0.0,0.0,0.0,0.0,0.0,nan,nan,nan,1,0,0,0
4352252474,4352252468,0.054842133,1.6307826,0.43183586,0.82545304,-0.10218041,-0.0034379305,-0.5551348,nan,nan,nan,nan,nan,nan,0.0,0.0,0.0,0.0,0.0,0.0,nan,nan,nan,1,0,0,0
4352260765,4352260760,0.054261554,1.6286558,0.43201438,0.8256633,-0.100738965,-0.004503769,-0.5550779,nan,nan,nan,nan,nan,nan,0.0,0.0,0.0,0.0,0.0,0.0,nan,nan,nan,1,0,0,0
4352265488,4352265484,0.053680304,1.6264673,0.43214074,0.8258081,-0.099431224,-0.0053663286,-0.5550907,nan,nan,nan,nan,nan,nan,0.0,0.0,0.0,0.0,0.0,0.0,nan,nan,nan,1,0,0,0
4352275428,4352275424,0.053098664,1.6242452,0.4322619,0.8258342,-0.098070905,-0.0058986596,-0.5552885,nan,nan,nan,nan,nan,nan,0.0,0.0,0.0,0.0,0.0,0.0,nan,nan,nan,1,0,0,0
4352282474,4352282470,0.052474648,1.6219805,0.4323112,0.8258152,-0.09719334,-0.006122544,-0.5554685,nan,nan,nan,nan,nan,nan,0.0,0.0,0.0,0.0,0.0,0.0,nan,nan,nan,1,0,0,0
4352291489,4352291484,0.051828917,1.6196418,0.4323438,0.8257136,-0.09631483,-0.0063713877,-0.5557696,nan,nan,nan,nan,nan,nan,0.0,0.0,0.0,0.0,0.0,0.0,nan,nan,nan,1,0,0,0
4352299486,4352299481,0.051158812,1.6172352,0.43228993,0.82565916,-0.09549173,-0.006676866,-0.55598885,nan,nan,nan,nan,nan,nan,0.0,0.0,0.0,0.0,0.0,0.0,nan,nan,nan,1,0,0,0
4352308883,4352308879,0.050501466,1.6148406,0.43207502,0.8259001,-0.09461674,-0.008504153,-0.5557558,nan,nan,nan,nan,nan,nan,0.0,0.0,0.0,0.0,0.0,0.0,nan,nan,nan,1,0,0,0
4352315476,4352315472,0.049825672,1.6122718,0.4319842,0.8257471,-0.09361371,-0.009051276,-0.55614424,nan,nan,nan,nan,nan,nan,0.0,0.0,0.0,0.0,0.0,0.0,nan,nan,nan,1,0,0,0
4352324415,4352324411,0.049137156,1.6096611,0.43180475,0.8255892,-0.09233079,-0.009699487,-0.5565819,nan,nan,nan,nan,nan,nan,0.0,0.0,0.0,0.0,0.0,0.0,nan,nan,nan,1,0,0,0
4352332539,4352332535,0.048390236,1.6069646,0.4316044,0.8251346,-0.091026284,-0.010613126,-0.55745363,nan,nan,nan,nan,nan,nan,0.0,0.0,0.0,0.0,0.0,0.0,nan,nan,nan,1,0,0,0
4352341483,4352341477,0.047621775,1.6041622,0.43141258,0.8247588,-0.08944118,-0.011496979,-0.5582482,nan,nan,nan,nan,nan,nan,0.0,0.0,0.0,0.0,0.0,0.0,nan,nan,nan,1,0,0,0
4352349481,4352349476,0.046914373,1.6014304,0.43107662,0.82478154,-0.08849344,-0.013762065,-0.5583143,nan,nan,nan,nan,nan,nan,0.0,0.0,0.0,0.0,0.0,0.0,nan,nan,nan,1,0,0,0
4352358944,4352358939,0.046175044,1.5985923,0.43078426,0.82460755,-0.087632924,-0.015513021,-0.55866104,nan,nan,nan,nan,nan,nan,0.0,0.0,0.0,0.0,0.0,0.0,nan,nan,nan,1,0,0,0
4352365488,4352365483,0.045384914,1.595647,0.43056825,0.82436264,-0.08654637,-0.016648738,-0.55915904,nan,nan,nan,nan,nan,nan,0.0,0.0,0.0,0.0,0.0,0.0,nan,nan,nan,1,0,0,0
4352375128,4352375094,0.044607785,1.592743,0.4302239,0.8243633,-0.08576038,-0.018761177,-0.5592123,nan,nan,nan,nan,nan,nan,0.0,0.0,0.0,0.0,0.0,0.0,nan,nan,nan,1,0,0,0
4352385474,4352385470,0.043867487,1.5898544,0.42979386,0.8244652,-0.08515762,-0.021624506,-0.5590506,nan,nan,nan,nan,nan,nan,0.0,0.0,0.0,0.0,0.0,0.0,nan,nan,nan,1,0,0,0
4352391490,4352391485,0.043069903,1.5868212,0.4294937,0.82401526,-0.08377822,-0.022082554,-0.5599039,nan,nan,nan,nan,nan,nan,0.0,0.0,0.0,0.0,0.0,0.0,nan,nan,nan,1,0,0,0
4352409733,4352409728,0.04230353,1.5839239,0.42902255,0.824069,-0.08269809,-0.024273707,-0.55989474,nan,nan,nan,nan,nan,nan,0.0,0.0,0.0,0.0,0.0,0.0,nan,nan,nan,1,0,0,0
4352412389,4352412383,0.04153302,1.5811152,0.42841923,0.82419246,-0.082113974,-0.026939688,-0.5596769,nan,nan,nan,nan,nan,nan,0.0,0.0,0.0,0.0,0.0,0.0,nan,nan,nan,1,0,0,0
4352416474,4352416470,0.040720638,1.5781994,0.4279034,0.8239445,-0.081106596,-0.027852697,-0.5601441,nan,nan,nan,nan,nan,nan,0.0,0.0,0.0,0.0,0.0,0.0,nan,nan,nan,1,0,0,0
4352425868,4352425863,0.039932366,1.5753669,0.4272939,0.82383466,-0.08082087,-0.028696254,-0.5603042,nan,nan,nan,nan,nan,nan,0.0,0.0,0.0,0.0,0.0,0.0,nan,nan,nan,1,0,0,0
4352432484,4352432480,0.03914301,1.5726064,0.4265866,0.8240048,-0.081057474,-0.029438583,-0.5599814,nan,nan,nan,nan,nan,nan,0.0,0.0,0.0,0.0,0.0,0.0,nan,nan,nan,1,0,0,0
4352441482,4352441477,0.03833871,1.5697832,0.42589697,0.8240081,-0.08099653,-0.028947167,-0.5600109,nan,nan,nan,nan,nan,nan,0.0,0.0,0.0,0.0,0.0,0.0,nan,nan,nan,1,0,0,0
4352449609,4352449605,0.037536163,1.5669732,0.42513308,0.82392555,-0.08120279,-0.028225798,-0.56013936,nan,nan,nan,nan,nan,nan,0.0,0.0,0.0,0.0,0.0,0.0,nan,nan,nan,1,0,0,0
4352458645,4352458641,0.03672287,1.5641891,0.42433152,0.82373303,-0.0813012,-0.027819818,-0.56042844,nan,nan,nan,nan,nan,nan,0.0,0.0,0.0,0.0,0.0,0.0,nan,nan,nan,1,0,0,0
4352466065,4352466060,0.035860643,1.5613908,0.42350963,0.8234852,-0.081129804,-0.027625741,-0.5608271,nan,nan,nan,nan,nan,nan,0.0,0.0,0.0,0.0,0.0,0.0,nan,nan,nan,1,0,0,0
4352475600,4352475595,0.03501439,1.5585833,0.42264768,0.8232694,-0.08102872,-0.02770186,-0.56115454,nan,nan,nan,nan,nan,nan,0.0,0.0,0.0,0.0,0.0,0.0,nan,nan,nan,1,0,0,0
4352482478,4352482473,0.034199964,1.5557712,0.42177162,0.8230116,-0.080817096,-0.027656067,-0.56156534,nan,nan,nan,nan,nan,nan,0.0,0.0,0.0,0.0,0.0,0.0,nan,nan,nan,1,0,0,0
4352491493,4352491488,0.03336286,1.5529388,0.4208674,0.822875,-0.08064178,-0.02731211,-0.5618075,nan,nan,nan,nan,nan,nan,0.0,0.0,0.0,0.0,0.0,0.0,nan,nan,nan,1,0,0,0
4352499561,4352499556,0.03254952,1.5501647,0.41986957,0.8230598,-0.08029498,-0.027698847,-0.56156754,nan,nan,nan,nan,nan,nan,0.0,0.0,0.0,0.0,0.0,0.0,nan,nan,nan,1,0,0,0
4352508741,4352508736,0.03175343,1.5472909,0.41893896,0.82304764,-0.08032869,-0.027218902,-0.5616041,nan,nan,nan,nan,nan,nan,0.0,0.0,0.0,0.0,0.0,0.0,nan,nan,nan,1,0,0,0
4352515485,4352515481,0.03095877,1.5443872,0.41798326,0.82298833,-0.080695406,-0.02663138,-0.56166655,nan,nan,nan,nan,nan,nan,0.0,0.0,0.0,0.0,0.0,0.0,nan,nan,nan,1,0,0,0
4352524879,4352524874,0.030181754,1.5414869,0.41698885,0.8228756,-0.08130526,-0.026078241,-0.5617696,nan,nan,nan,nan,nan,nan,0.0,0.0,0.0,0.0,0.0,0.0,nan,nan,nan,1,0,0,0
4352532715,4352532711,0.02941062,1.5385427,0.4159734,0.822814,-0.08233175,-0.025750244,-0.56172544,nan,nan,nan,nan,nan,nan,0.0,0.0,0.0,0.0,0.0,0.0,nan,nan,nan,1,0,0,0
4352541582,4352541577,0.028646475,1.5354482,0.41502866,0.82263255,-0.08307801,-0.024265468,-0.5619474,nan,nan,nan,nan,nan,nan,0.0,0.0,0.0,0.0,0.0,0.0,nan,nan,nan,1,0,0,0
4352550866,4352550861,0.027893804,1.5323219,0.41400793,0.82236946,-0.08488077,-0.023593754,-0.5620917,nan,nan,nan,nan,nan,nan,0.0,0.0,0.0,0.0,0.0,0.0,nan,nan,nan,1,0,0,0
4352557493,4352557488,0.027144095,1.5290352,0.41301146,0.8221758,-0.085630834,-0.022379823,-0.5623108,nan,nan,nan,nan,nan,nan,0.0,0.0,0.0,0.0,0.0,0.0,nan,nan,nan,1,0,0,0
4352566484,4352566479,0.026457943,1.5257267,0.4118776,0.8224757,-0.08636457,-0.02305874,-0.5617323,nan,nan,nan,nan,nan,nan,0.0,0.0,0.0,0.0,0.0,0.0,nan,nan,nan,1,0,0,0
4352576054,4352576048,0.02576159,1.5222877,0.41076443,0.82257426,-0.087206714,-0.02370995,-0.56143075,nan,nan,nan,nan,nan,nan,0.0,0.0,0.0,0.0,0.0,0.0,nan,nan,nan,1,0,0,0
4352581477,4352581472,0.02502168,1.5186509,0.40962556,0.8223267,-0.0869588,-0.023981463,-0.56182003,nan,nan,nan,nan,nan,nan,0.0,0.0,0.0,0.0,0.0,0.0,nan,nan,nan,1,0,0,0
4352591489,4352591484,0.024251997,1.5147842,0.40861687,0.8216541,-0.08635124,-0.023457767,-0.56291896,nan,nan,nan,nan,nan,nan,0.0,0.0,0.0,0.0,0.0,0.0,nan,nan,nan,1,0,0,0
4352599485,4352599480,0.023545168,1.5109463,0.40737233,0.8215778,-0.08502686,-0.025903575,-0.56312466,nan,nan,nan,nan,nan,nan,0.0,0.0,0.0,0.0,0.0,0.0,nan,nan,nan,1,0,0,0
4352607482,4352607478,0.022848751,1.5070435,0.40607622,0.821276,-0.08384179,-0.029226918,-0.56357974,nan,nan,nan,nan,nan,nan,0.0,0.0,0.0,0.0,0.0,0.0,nan,nan,nan,1,0,0,0
4352616474,4352616470,0.022139601,1.5029697,0.4048274,0.8208063,-0.081749745,-0.031776566,-0.56443274,nan,nan,nan,nan,nan,nan,0.0,0.0,0.0,0.0,0.0,0.0,nan,nan,nan,1,0,0,0
4352624535,4352624531,0.021416202,1.498705,0.4036998,0.8197922,-0.07972933,-0.032852855,-0.56613135,nan,nan,nan,nan,nan,nan,0.0,0.0,0.0,0.0,0.0,0.0,nan,nan,nan,1,0,0,0
4352634843,4352634838,0.020798553,1.494627,0.40227494,0.81955475,-0.077497885,-0.037616417,-0.5664885,nan,nan,nan,nan,nan,nan,0.0,0.0,0.0,0.0,0.0,0.0,nan,nan,nan,1,0,0,0
4352641507,4352641502,0.020183757,1.4903907,0.40098462,0.8189503,-0.075108364,-0.040304605,-0.56749856,nan,nan,nan,nan,nan,nan,0.0,0.0,0.0,0.0,0.0,0.0,nan,nan,nan,1,0,0,0
4352650565,4352650560,0.019597089,1.4861894,0.39964625,0.8184034,-0.07287833,-0.043330688,-0.5683545,nan,nan,nan,nan,nan,nan,0.0,0.0,0.0,0.0,0.0,0.0,nan,nan,nan,1,0,0,0
4352657484,4352657479,0.019008657,1.4819151,0.39836144,0.8169973,-0.07207199,-0.04452567,-0.57038444,nan,nan,nan,nan,nan,nan,0.0,0.0,0.0,0.0,0.0,0.0,nan,nan,nan,1,0,0,0
4352666504,4352666500,0.018520564,1.4777789,0.3969305,0.8163187,-0.07069602,-0.048098475,-0.5712376,nan,nan,nan,nan,nan,nan,0.0,0.0,0.0,0.0,0.0,0.0,nan,nan,nan,1,0,0,0
4352674642,4352674637,0.018043099,1.47371,0.3955133,0.81587285,-0.06921941,-0.05183992,-0.5717279,nan,nan,nan,nan,nan,nan,0.0,0.0,0.0,0.0,0.0,0.0,nan,nan,nan,1,0,0,0
4352682471,4352682467,0.017603694,1.4695482,0.39416468,0.81533295,-0.06739601,-0.05444169,-0.5724737,nan,nan,nan,nan,nan,nan,0.0,0.0,0.0,0.0,0.0,0.0,nan,nan,nan,1,0,0,0
4352691484,4352691479,0.017198859,1.4654657,0.39281645,0.81433123,-0.0677087,-0.055624235,-0.57374746,nan,nan,nan,nan,nan,nan,0.0,0.0,0.0,0.0,0.0,0.0,nan,nan,nan,1,0,0,0
4352699721,4352699716,0.016819052,1.461347,0.39147806,0.8138304,-0.06639594,-0.05785386,-0.57439077,nan,nan,nan,nan,nan,nan,0.0,0.0,0.0,0.0,0.0,0.0,nan,nan,nan,1,0,0,0
4352707479,4352707474,0.016494576,1.4574162,0.3899313,0.8132084,-0.066362575,-0.060731072,-0.5749781,nan,nan,nan,nan,nan,nan,0.0,0.0,0.0,0.0,0.0,0.0,nan,nan,nan,1,0,0,0
4352718531,4352718526,0.016133431,1.45331,0.3886274,0.8123638,-0.065146625,-0.06129986,-0.57624936,nan,nan,nan,nan,nan,nan,0.0,0.0,0.0,0.0,0.0,0.0,nan,nan,nan,1,0,0,0
4352724775,4352724771,0.015821997,1.4492178,0.38727942,0.8117838,-0.06278124,-0.06349881,-0.5770907,nan,nan,nan,nan,nan,nan,0.0,0.0,0.0,0.0,0.0,0.0,nan,nan,nan,1,0,0,0
4352732515,4352732510,0.015528796,1.4452024,0.38588247,0.81058824,-0.06220669,-0.06459858,-0.5787089,nan,nan,nan,nan,nan,nan,0.0,0.0,0.0,0.0,0.0,0.0,nan,nan,nan,1,0,0,0
4352740483,4352740478,0.015236134,1.4412876,0.38439703,0.80998695,-0.059578057,-0.06793108,-0.5794454,nan,nan,nan,nan,nan,nan,0.0,0.0,0.0,0.0,0.0,0.0,nan,nan,nan,1,0,0,0
4352750556,4352750552,0.014964067,1.4372901,0.38303468,0.80896175,-0.05758098,-0.06996777,-0.5808354,nan,nan,nan,nan,nan,nan,0.0,0.0,0.0,0.0,0.0,0.0,nan,nan,nan,1,0,0,0
4352757492,4352757487,0.014734002,1.4334908,0.3815883,0.8083501,-0.054710865,-0.07312506,-0.5815751,nan,nan,nan,nan,nan,nan,0.0,0.0,0.0,0.0,0.0,0.0,nan,nan,nan,1,0,0,0
4352765488,4352765484,0.014484616,1.4296004,0.38026235,0.8077183,-0.050921623,-0.07599967,-0.58242786,nan,nan,nan,nan,nan,nan,0.0,0.0,0.0,0.0,0.0,0.0,nan,nan,nan,1,0,0,0
4352773932,4352773928,0.014282921,1.4259607,0.378896,0.80680174,-0.049367715,-0.07786159,-0.5835849,nan,nan,nan,nan,nan,nan,0.0,0.0,0.0,0.0,0.0,0.0,nan,nan,nan,1,0,0,0
4352784622,4352784617,0.014069968,1.4223185,0.3775513,0.8060103,-0.046894427,-0.08003836,-0.5845871,nan,nan,nan,nan,nan,nan,0.0,0.0,0.0,0.0,0.0,0.0,nan,nan,nan,1,0,0,0
4352790515,4352790511,0.013856913,1.4188175,0.3762629,0.80537486,-0.044983733,-0.08184289,-0.58536273,nan,nan,nan,nan,nan,nan,0.0,0.0,0.0,0.0,0.0,0.0,nan,nan,nan,1,0,0,0
4352799508,4352799503,0.013725453,1.4155294,0.3748826,0.8046389,-0.043196134,-0.084296234,-0.58616066,nan,nan,nan,nan,nan,nan,0.0,0.0,0.0,0.0,0.0,0.0,nan,nan,nan,1,0,0,0
4352807480,4352807475,0.013449333,1.4120668,0.37378678,0.80414784,-0.04147882,-0.086179,-0.58668476,nan,nan,nan,nan,nan,nan,0.0,0.0,0.0,0.0,0.0,0.0,nan,nan,nan,1,0,0,0
4352816600,4352816596,0.013259126,1.4088802,0.37250376,0.80312854,-0.041172996,-0.0877118,-0.587874,nan,nan,nan,nan,nan,nan,0.0,0.0,0.0,0.0,0.0,0.0,nan,nan,nan,1,0,0,0
4352824717,4352824712,0.013054697,1.4058914,0.37121117,0.80175143,-0.041175667,-0.08766644,-0.58975744,nan,nan,nan,nan,nan,nan,0.0,0.0,0.0,0.0,0.0,0.0,nan,nan,nan,1,0,0,0
4352832511,4352832506,0.012814997,1.4028888,0.37011826,0.8014884,-0.04083625,-0.09142832,-0.58956736,nan,nan,nan,nan,nan,nan,0.0,0.0,0.0,0.0,0.0,0.0,nan,nan,nan,1,0,0,0
4352840481,4352840476,0.012572875,1.3998942,0.36913857,0.8003707,-0.040809233,-0.09106748,-0.5911414,nan,nan,nan,nan,nan,nan,0.0,0.0,0.0,0.0,0.0,0.0,nan,nan,nan,1,0,0,0
4352849476,4352849471,0.012397991,1.3971072,0.36814848,0.79918426,-0.040583562,-0.09108615,-0.5927569,nan,nan,nan,nan,nan,nan,0.0,0.0,0.0,0.0,0.0,0.0,nan,nan,nan,1,0,0,0
4352858479,4352858474,0.012205289,1.3943362,0.36734736,0.7985682,-0.040172722,-0.09212223,-0.59345466,nan,nan,nan,nan,nan,nan,0.0,0.0,0.0,0.0,0.0,0.0,nan,nan,nan,1,0,0,0
4352865487,4352865482,0.012077973,1.3917121,0.36655864,0.79813033,-0.040282585,-0.09475202,-0.59362215,nan,nan,nan,nan,nan,nan,0.0,0.0,0.0,0.0,0.0,0.0,nan,nan,nan,1,0,0,0
4352875514,4352875509,0.011859054,1.3888911,0.36612046,0.79800755,-0.038937006,-0.0965022,-0.59359527,nan,nan,nan,nan,nan,nan,0.0,0.0,0.0,0.0,0.0,0.0,nan,nan,nan,1,0,0,0
4352884114,4352884110,0.011739681,1.3862724,0.3656563,0.7973731,-0.038210023,-0.09805417,-0.59424025,nan,nan,nan,nan,nan,nan,0.0,0.0,0.0,0.0,0.0,0.0,nan,nan,nan,1,0,0,0
4352891502,4352891498,0.011701113,1.3839794,0.36502603,0.79687595,-0.03716521,-0.100705765,-0.5945299,nan,nan,nan,nan,nan,nan,0.0,0.0,0.0,0.0,0.0,0.0,nan,nan,nan,1,0,0,0
4352899500,4352899496,0.011686281,1.3818021,0.3645296,0.7966899,-0.0375807,-0.10494171,-0.59402025,nan,nan,nan,nan,nan,nan,0.0,0.0,0.0,0.0,0.0,0.0,nan,nan,nan,1,0,0,0
4352908553,4352908548,0.011588001,1.3794279,0.36438933,0.7960894,-0.037056938,-0.10518578,-0.5948146,nan,nan,nan,nan,nan,nan,0.0,0.0,0.0,0.0,0.0,0.0,nan,nan,nan,1,0,0,0
4352915503,4352915498,0.0115837725,1.377337,0.36412898,0.7963388,-0.0357847,-0.10825068,-0.59400827,nan,nan,nan,nan,nan,nan,0.0,0.0,0.0,0.0,0.0,0.0,nan,nan,nan,1,0,0,0
4352925491,4352925486,0.011547643,1.3753759,0.36395743,0.7963624,-0.036878552,-0.11087872,-0.5934247,nan,nan,nan,nan,nan,nan,0.0,0.0,0.0,0.0,0.0,0.0,nan,nan,nan,1,0,0,0
4352935486,4352935481,0.011567828,1.373488,0.36393675,0.7961177,-0.037106313,-0.11119322,-0.5936798,nan,nan,nan,nan,nan,nan,0.0,0.0,0.0,0.0,0.0,0.0,nan,nan,nan,1,0,0,0
4352941929,4352941924,0.011633114,1.3718786,0.36368057,0.79593396,-0.036601547,-0.11253537,-0.59370464,nan,nan,nan,nan,nan,nan,0.0,0.0,0.0,0.0,0.0,0.0,nan,nan,nan,1,0,0,0
4352948473,4352948468,0.011588314,1.370251,0.36367473,0.7961374,-0.038145456,-0.115012005,-0.5928595,nan,nan,nan,nan,nan,nan,0.0,0.0,0.0,0.0,0.0,0.0,nan,nan,nan,1,0,0,0
4352958018,4352958014,0.011567927,1.368796,0.36362204,0.796267,-0.037140522,-0.11675463,-0.5924085,nan,nan,nan,nan,nan,nan,0.0,0.0,0.0,0.0,0.0,0.0,nan,nan,nan,1,0,0,0
4352969386,4352969381,0.0115858335,1.3673769,0.36364785,0.7959344,-0.036862556,-0.11608654,-0.5930037,nan,nan,nan,nan,nan,nan,0.0,0.0,0.0,0.0,0.0,0.0,nan,nan,nan,1,0,0,0
4352974716,4352974712,0.011615234,1.3662453,0.36353722,0.7960364,-0.037302244,-0.11765343,-0.5925303,nan,nan,nan,nan,nan,nan,0.0,0.0,0.0,0.0,0.0,0.0,nan,nan,nan,1,0,0,0
4352983605,4352983600,0.01162375,1.3650707,0.36359107,0.79646754,-0.037074618,-0.11861637,-0.5917728,nan,nan,nan,nan,nan,nan,0.0,0.0,0.0,0.0,0.0,0.0,nan,nan,nan,1,0,0,0
4352991490,4352991485,0.011573835,1.3639312,0.36360505,0.7961605,-0.03839677,-0.11742993,-0.59233814,nan,nan,nan,nan,nan,nan,0.0,0.0,0.0,0.0,0.0,0.0,nan,nan,nan,1,0,0,0
4353000487,4353000483,0.011596615,1.3629999,0.36358866,0.79625237,-0.039088614,-0.11814991,-0.59202605,nan,nan,nan,nan,nan,nan,0.0,0.0,0.0,0.0,0.0,0.0,nan,nan,nan,1,0,0,0
4353008259,4353008254,0.011676333,1.3622538,0.3635268,0.7968737,-0.038832415,-0.12055703,-0.59072024,nan,nan,nan,nan,nan,nan,0.0,0.0,0.0,0.0,0.0,0.0,nan,nan,nan,1,0,0,0
4353026483,4353026478,0.011679796,1.3614545,0.3635203,0.7969245,-0.03982418,-0.12030693,-0.5906366,nan,nan,nan,nan,nan,nan,0.0,0.0,0.0,0.0,0.0,0.0,nan,nan,nan,1,0,0,0
4353028534,4353028530,0.0117179835,1.3608721,0.36331275,0.79712516,-0.040889494,-0.12160553,-0.5900267,nan,nan,nan,nan,nan,nan,0.0,0.0,0.0,0.0,0.0,0.0,nan,nan,nan,1,0,0,0
4353034781,4353034776,0.011698256,1.3602123,0.36319742,0.79711664,-0.04173552,-0.121620186,-0.58997613,nan,nan,nan,nan,nan,nan,0.0,0.0,0.0,0.0,0.0,0.0,nan,nan,nan,1,0,0,0
4353041485,4353041480,0.0116546545,1.3597015,0.36300218,0.79737645,-0.042078666,-0.1222165,-0.58947706,nan,nan,nan,nan,nan,nan,0.0,0.0,0.0,0.0,0.0,0.0,nan,nan,nan,1,0,0,0
4353048502,4353048498,0.011612008,1.3593225,0.36271262,0.79758877,-0.042071566,-0.12365628,-0.58888984,nan,nan,nan,nan,nan,nan,0.0,0.0,0.0,0.0,0.0,0.0,nan,nan,nan,1,0,0,0
4353058040,4353057921,0.011529727,1.3588275,0.36251593,0.7974887,-0.041739598,-0.12361625,-0.5890573,nan,nan,nan,nan,nan,nan,0.0,0.0,0.0,0.0,0.0,0.0,nan,nan,nan,1,0,0,0
4353066492,4353066488,0.011397006,1.3584305,0.36219147,0.79704773,-0.042264845,-0.12360573,-0.5896188,nan,nan,nan,nan,nan,nan,0.0,0.0,0.0,0.0,0.0,0.0,nan,nan,nan,1,0,0,0
4353074479,4353074474,0.011265344,1.3581716,0.361814,0.7967104,-0.042963617,-0.12374439,-0.5899948,nan,nan,nan,nan,nan,nan,0.0,0.0,0.0,0.0,0.0,0.0,nan,nan,nan,1,0,0,0
4353084018,4353084014,0.011157111,1.3580323,0.36144027,0.7963873,-0.045745146,-0.12507148,-0.58994216,nan,nan,nan,nan,nan,nan,0.0,0.0,0.0,0.0,0.0,0.0,nan,nan,nan,1,0,0,0
4353091491,4353091487,0.011049138,1.3578485,0.36117998,0.7962241,-0.046219464,-0.12351774,-0.59045255,nan,nan,nan,nan,nan,nan,0.0,0.0,0.0,0.0,0.0,0.0,nan,nan,nan,1,0,0,0
4353099487,4353099482,0.01094965,1.357788,0.36088118,0.7958803,-0.048997916,-0.12106075,-0.59120053,nan,nan,nan,nan,nan,nan,0.0,0.0,0.0,0.0,0.0,0.0,nan,nan,nan,1,0,0,0
4353108480,4353108475,0.010922419,1.3577762,0.3606309,0.7961328,-0.051077083,-0.11954497,-0.59099305,nan,nan,nan,nan,nan,nan,0.0,0.0,0.0,0.0,0.0,0.0,nan,nan,nan,1,0,0,0
4353116473,4353116469,0.010903881,1.357668,0.3604678,0.7965963,-0.053509157,-0.11707294,-0.5906479,nan,nan,nan,nan,nan,nan,0.0,0.0,0.0,0.0,0.0,0.0,nan,nan,nan,1,0,0,0
4353124489,4353124485,0.010939283,1.3575249,0.36036786,0.7972307,-0.0560404,-0.11455677,-0.5900503,nan,nan,nan,nan,nan,nan,0.0,0.0,0.0,0.0,0.0,0.0,nan,nan,nan,1,0,0,0
4353133666,4353133662,0.0110488,1.357389,0.3602475,0.79807615,-0.058405362,-0.112975344,-0.588982,nan,nan,nan,nan,nan,nan,0.0,0.0,0.0,0.0,0.0,0.0,nan,nan,nan,1,0,0,0
4353141531,4353141527,0.0111875115,1.3570281,0.36029115,0.7985471,-0.060833506,-0.10986625,-0.58868605,nan,nan,nan,nan,nan,nan,0.0,0.0,0.0,0.0,0.0,0.0,nan,nan,nan,1,0,0,0
4353148752,4353148748,0.011393954,1.3565868,0.3602539,0.79918164,-0.06272464,-0.107545435,-0.5880548,nan,nan,nan,nan,nan,nan,0.0,0.0,0.0,0.0,0.0,0.0,nan,nan,nan,1,0,0,0
4353159240,4353159235,0.011639695,1.3560057,0.3601979,0.7996413,-0.06501007,-0.105764955,-0.58750427,nan,nan,nan,nan,nan,nan,0.0,0.0,0.0,0.0,0.0,0.0,nan,nan,nan,1,0,0,0
4353166928,4353166924,0.011954938,1.3553733,0.3601574,0.7997957,-0.06813979,-0.104753524,-0.58712035,nan,nan,nan,nan,nan,nan,0.0,0.0,0.0,0.0,0.0,0.0,nan,nan,nan,1,0,0,0
4353174691,4353174686,0.012280132,1.3544455,0.36025056,0.8000201,-0.06991117,-0.102322824,-0.5870351,nan,nan,nan,nan,nan,nan,0.0,0.0,0.0,0.0,0.0,0.0,nan,nan,nan,1,0,0,0
4353183672,4353183619,0.012653024,1.3533431,0.36033773,0.8006814,-0.07251322,-0.10066159,-0.5861044,nan,nan,nan,nan,nan,nan,0.0,0.0,0.0,0.0,0.0,0.0,nan,nan,nan,1,0,0,0
4353190488,4353190483,0.013052681,1.3520641,0.36045006,0.8013119,-0.07455884,-0.09789978,-0.5854534,nan,nan,nan,nan,nan,nan,0.0,0.0,0.0,0.0,0.0,0.0,nan,nan,nan,1,0,0,0
4353199554,4353199549,0.0135296,1.3504156,0.3606883,0.8022444,-0.076074734,-0.09520934,-0.5844243,nan,nan,nan,nan,nan,nan,0.0,0.0,0.0,0.0,0.0,0.0,nan,nan,nan,1,0,0,0
4353207854,4353207850,0.014025348,1.3485732,0.36079225,0.80277175,-0.07947298,-0.092564024,-0.58367234,nan,nan,nan,nan,nan,nan,0.0,0.0,0.0,0.0,0.0,0.0,nan,nan,nan,1,0,0,0
4353216473,4353216469,0.014574187,1.3464035,0.36096013,0.8037301,-0.07990028,-0.08985804,-0.5827173,nan,nan,nan,nan,nan,nan,0.0,0.0,0.0,0.0,0.0,0.0,nan,nan,nan,1,0,0,0
4353224593,4353224587,0.015140885,1.343987,0.36096135,0.8044444,-0.080590986,-0.0888224,-0.5817946,nan,nan,nan,nan,nan,nan,0.0,0.0,0.0,0.0,0.0,0.0,nan,nan,nan,1,0,0,0
4353233996,4353233992,0.015706006,1.3413118,0.36084732,0.8048473,-0.080955096,-0.08798,-0.58131456,nan,nan,nan,nan,nan,nan,0.0,0.0,0.0,0.0,0.0,0.0,nan,nan,nan,1,0,0,0
4353240481,4353240476,0.016208693,1.338355,0.36062527,0.8051397,-0.08067939,-0.08770304,-0.58098966,nan,nan,nan,nan,nan,nan,0.0,0.0,0.0,0.0,0.0,0.0,nan,nan,nan,1,0,0,0
4353249572,4353249568,0.016736072,1.3351374,0.36033866,0.8049764,-0.08004957,-0.087863825,-0.5812788,nan,nan,nan,nan,nan,nan,0.0,0.0,0.0,0.0,0.0,0.0,nan,nan,nan,1,0,0,0
4353258820,4353258815,0.017277613,1.3317324,0.3598683,0.80465645,-0.07910949,-0.08907955,-0.58166534,nan,nan,nan,nan,nan,nan,0.0,0.0,0.0,0.0,0.0,0.0,nan,nan,nan,1,0,0,0
4353268562,4353268558,0.017767547,1.3279324,0.35944772,0.80371386,-0.07765839,-0.0887201,-0.5832168,nan,nan,nan,nan,nan,nan,0.0,0.0,0.0,0.0,0.0,0.0,nan,nan,nan,1,0,0,0
4353274481,4353274477,0.01828948,1.3240174,0.35888627,0.80291605,-0.075824454,-0.089940846,-0.58436894,nan,nan,nan,nan,nan,nan,0.0,0.0,0.0,0.0,0.0,0.0,nan,nan,nan,1,0,0,0
4353283930,4353283926,0.018793186,1.3198563,0.3581504,0.8019845,-0.07347184,-0.09184463,-0.5856513,nan,nan,nan,nan,nan,nan,0.0,0.0,0.0,0.0,0.0,0.0,nan,nan,nan,1,0,0,0
4353291482,4353291477,0.019372791,1.3157147,0.35734567,0.80081326,-0.06947928,-0.09378676,-0.58743066,nan,nan,nan,nan,nan,nan,0.0,0.0,0.0,0.0,0.0,0.0,nan,nan,nan,1,0,0,0
4353299484,4353299479,0.019903038,1.3112794,0.3566133,0.79987997,-0.066755764,-0.09775097,-0.588371,nan,nan,nan,nan,nan,nan,0.0,0.0,0.0,0.0,0.0,0.0,nan,nan,nan,1,0,0,0
4353307597,4353307593,0.02062269,1.306924,0.35572103,0.7982742,-0.06382519,-0.098969206,-0.59066886,nan,nan,nan,nan,nan,nan,0.0,0.0,0.0,0.0,0.0,0.0,nan,nan,nan,1,0,0,0
4353315473,4353315467,0.021204937,1.3022197,0.3551121,0.79734534,-0.06000944,-0.10237609,-0.5917419,nan,nan,nan,nan,nan,nan,0.0,0.0,0.0,0.0,0.0,0.0,nan,nan,nan,1,0,0,0
4353324481,4353324477,0.02197404,1.2977979,0.35422146,0.7960196,-0.058276564,-0.105195716,-0.5932035,nan,nan,nan,nan,nan,nan,0.0,0.0,0.0,0.0,0.0,0.0,nan,nan,nan,1,0,0,0
4353333939,4353333935,0.022794109,1.2933723,0.35345313,0.79455364,-0.055382706,-0.106090896,-0.5952831,nan,nan,nan,nan,nan,nan,0.0,0.0,0.0,0.0,0.0,0.0,nan,nan,nan,1,0,0,0
4353340482,4353340478,0.02358244,1.2889277,0.3527478,0.79381466,-0.053589143,-0.11050222,-0.5956306,nan,nan,nan,nan,nan,nan,0.0,0.0,0.0,0.0,0.0,0.0,nan,nan,nan,1,0,0,0
4353349627,4353349474,0.024448557,1.2845999,0.351975,0.7927842,-0.051568657,-0.11296902,-0.5967176,nan,nan,nan,nan,nan,nan,0.0,0.0,0.0,0.0,0.0,0.0,nan,nan,nan,1,0,0,0
4353356539,4353356532,0.025356669,1.2803484,0.3512065,0.7914744,-0.049731243,-0.112937585,-0.59861517,nan,nan,nan,nan,nan,nan,0.0,0.0,0.0,0.0,0.0,0.0,nan,nan,nan,1,0,0,0
4353366561,4353366556,0.02624866,1.2762268,0.35045192,0.79069597,-0.048867915,-0.11453345,-0.5994113,nan,nan,nan,nan,nan,nan,0.0,0.0,0.0,0.0,0.0,0.0,nan,nan,nan,1,0,0,0
4353375071,4353375066,0.027138911,1.2721398,0.34979296,0.7899197,-0.047650594,-0.11515019,-0.60041374,nan,nan,nan,nan,nan,nan,0.0,0.0,0.0,0.0,0.0,0.0,nan,nan,nan,1,0,0,0
4353383905,4353383900,0.028035555,1.2682213,0.34913424,0.78907776,-0.046960182,-0.116103746,-0.60139084,nan,nan,nan,nan,nan,nan,0.0,0.0,0.0,0.0,0.0,0.0,nan,nan,nan,1,0,0,0
4353391817,4353391812,0.028934885,1.2643701,0.34852123,0.7884503,-0.047149085,-0.11906597,-0.6016198,nan,nan,nan,nan,nan,nan,0.0,0.0,0.0,0.0,0.0,0.0,nan,nan,nan,1,0,0,0
4353400190,4353400185,0.029774344,1.2607094,0.3478124,0.7872253,-0.04648421,-0.11950883,-0.60318595,nan,nan,nan,nan,nan,nan,0.0,0.0,0.0,0.0,0.0,0.0,nan,nan,nan,1,0,0,0
4353407501,4353407497,0.03060281,1.2570367,0.34733036,0.7861973,-0.04645765,-0.11930907,-0.6045666,nan,nan,nan,nan,nan,nan,0.0,0.0,0.0,0.0,0.0,0.0,nan,nan,nan,1,0,0,0
4353416477,4353416472,0.031439386,1.2535113,0.346894,0.7859464,-0.046160277,-0.12250214,-0.604277,nan,nan,nan,nan,nan,nan,0.0,0.0,0.0,0.0,0.0,0.0,nan,nan,nan,1,0,0,0
4353424603,4353424598,0.0323631,1.2502518,0.34633508,0.7850987,-0.0455657,-0.1234632,-0.6052277,nan,nan,nan,nan,nan,nan,0.0,0.0,0.0,0.0,0.0,0.0,nan,nan,nan,1,0,0,0
4353434560,4353434555,0.033180065,1.24693,0.3460493,0.7845021,-0.046611845,-0.12567112,-0.6054672,nan,nan,nan,nan,nan,nan,0.0,0.0,0.0,0.0,0.0,0.0,nan,nan,nan,1,0,0,0
4353441482,4353441478,0.034004956,1.2439235,0.34560466,0.7845135,-0.044640712,-0.12777765,-0.6051601,nan,nan,nan,nan,nan,nan,0.0,0.0,0.0,0.0,0.0,0.0,nan,nan,nan,1,0,0,0
4353449516,4353449511,0.03479098,1.2409645,0.3453648,0.7840864,-0.04626332,-0.13029334,-0.6050553,nan,nan,nan,nan,nan,nan,0.0,0.0,0.0,0.0,0.0,0.0,nan,nan,nan,1,0,0,0
4353457490,4353457486,0.03557156,1.2382315,0.34509704,0.78397167,-0.046715766,-0.13223262,-0.6047485,nan,nan,nan,nan,nan,nan,0.0,0.0,0.0,0.0,0.0,0.0,nan,nan,nan,1,0,0,0
4353465486,4353465481,0.03633573,1.2356751,0.3448257,0.7839336,-0.047730174,-0.13310914,-0.60452616,nan,nan,nan,nan,nan,nan,0.0,0.0,0.0,0.0,0.0,0.0,nan,nan,nan,1,0,0,0
4353474940,4353474935,0.037091263,1.2333318,0.3445734,0.7839164,-0.04924827,-0.13447776,-0.60412365,nan,nan,nan,nan,nan,nan,0.0,0.0,0.0,0.0,0.0,0.0,nan,nan,nan,1,0,0,0
4353484105,4353484100,0.037829753,1.2312739,0.34426785,0.7840022,-0.05009379,-0.1373511,-0.60329586,nan,nan,nan,nan,nan,nan,0.0,0.0,0.0,0.0,0.0,0.0,nan,nan,nan,1,0,0,0
4353493490,4353493486,0.038450725,1.2290055,0.34408128,0.78402036,-0.052665498,-0.13500182,-0.60358334,nan,nan,nan,nan,nan,nan,0.0,0.0,0.0,0.0,0.0,0.0,nan,nan,nan,1,0,0,0
4353498487,4353498481,0.039058354,1.2269622,0.34390497,0.78381056,-0.053874325,-0.13424122,-0.6039187,nan,nan,nan,nan,nan,nan,0.0,0.0,0.0,0.0,0.0,0.0,nan,nan,nan,1,0,0,0
4353508484,4353508480,0.039731152,1.2254101,0.343531,0.783756,-0.0548241,-0.13813508,-0.60302526,nan,nan,nan,nan,nan,nan,0.0,0.0,0.0,0.0,0.0,0.0,nan,nan,nan,1,0,0,0
4353516473,4353516468,0.040255833,1.2234018,0.34338093,0.7836468,-0.05642789,-0.13473982,-0.603787,nan,nan,nan,nan,nan,nan,0.0,0.0,0.0,0.0,0.0,0.0,nan,nan,nan,1,0,0,0
4353524496,4353524491,0.04074891,1.2216927,0.343163,0.7835029,-0.056858134,-0.13472484,-0.60393673,nan,nan,nan,nan,nan,nan,0.0,0.0,0.0,0.0,0.0,0.0,nan,nan,nan,1,0,0,0
4353533426,4353533422,0.04130879,1.220399,0.34279546,0.78336984,-0.05648169,-0.13740087,-0.6035417,nan,nan,nan,nan,nan,nan,0.0,0.0,0.0,0.0,0.0,0.0,nan,nan,nan,1,0,0,0
4353541482,4353541477,0.041701816,1.2186242,0.3426751,0.7830334,-0.057730112,-0.13441058,-0.60453266,nan,nan,nan,nan,nan,nan,0.0,0.0,0.0,0.0,0.0,0.0,nan,nan,nan,1,0,0,0
4353551483,4353551472,0.04216665,1.2172533,0.34244585,0.7829826,-0.05774215,-0.1344916,-0.60457927,nan,nan,nan,nan,nan,nan,0.0,0.0,0.0,0.0,0.0,0.0,nan,nan,nan,1,0,0,0
4353558511,4353558481,0.042654276,1.2161564,0.34219113,0.78307015,-0.05739618,-0.13777013,-0.60376006,nan,nan,nan,nan,nan,nan,0.0,0.0,0.0,0.0,0.0,0.0,nan,nan,nan,1,0,0,0
4353576560,4353576555,0.043009706,1.2146767,0.3420501,0.78316593,-0.057861477,-0.13462332,-0.60430104,nan,nan,nan,nan,nan,nan,0.0,0.0,0.0,0.0,0.0,0.0,nan,nan,nan,1,0,0,0
4353580620,4353580616,0.043375894,1.2134821,0.3418553,0.7829655,-0.057593025,-0.13504897,-0.60449135,nan,nan,nan,nan,nan,nan,0.0,0.0,0.0,0.0,0.0,0.0,nan,nan,nan,1,0,0,0
4353584477,4353584472,0.043696634,1.2123595,0.3416691,0.7827927,-0.05715951,-0.13553463,-0.6046477,nan,nan,nan,nan,nan,nan,0.0,0.0,0.0,0.0,0.0,0.0,nan,nan,nan,1,0,0,0
4353590608,4353590603,0.04401551,1.2113726,0.3414568,0.782524,-0.0563244,-0.13677898,-0.6047935,nan,nan,nan,nan,nan,nan,0.0,0.0,0.0,0.0,0.0,0.0,nan,nan,nan,1,0,0,0
4353599489,4353599484,0.044233456,1.2104715,0.3412844,0.7822227,-0.05457357,-0.13793527,-0.6050813,nan,nan,nan,nan,nan,nan,0.0,0.0,0.0,0.0,0.0,0.0,nan,nan,nan,1,0,0,0
4353608283,4353608278,0.044484667,1.209929,0.34102234,0.7818356,-0.052203696,-0.14210792,-0.604825,nan,nan,nan,nan,nan,nan,0.0,0.0,0.0,0.0,0.0,0.0,nan,nan,nan,1,0,0,0
4353616514,4353616509,0.04455131,1.2090384,0.34097695,0.781149,-0.05148513,-0.13982189,-0.6063045,nan,nan,nan,nan,nan,nan,0.0,0.0,0.0,0.0,0.0,0.0,nan,nan,nan,1,0,0,0
4353625370,4353625363,0.044737242,1.2088201,0.34076843,0.78069353,-0.0491073,-0.14399697,-0.60611147,nan,nan,nan,nan,nan,nan,0.0,0.0,0.0,0.0,0.0,0.0,nan,nan,nan,1,0,0,0
4353635544,4353635539,0.044800438,1.2085294,0.34070778,0.780354,-0.047644682,-0.14511476,-0.6063985,nan,nan,nan,nan,nan,nan,0.0,0.0,0.0,0.0,0.0,0.0,nan,nan,nan,1,0,0,0
4353641497,4353641492,0.044826593,1.2084701,0.34067813,0.78000623,-0.04679737,-0.1463156,-0.6066235,nan,nan,nan,nan,nan,nan,0.0,0.0,0.0,0.0,0.0,0.0,nan,nan,nan,1,0,0,0
4353650531,4353650526,0.04480019,1.208665,0.3406591,0.7797102,-0.046452425,-0.14712368,-0.6068352,nan,nan,nan,nan,nan,nan,0.0,0.0,0.0,0.0,0.0,0.0,nan,nan,nan,1,0,0,0
4353657484,4353657479,0.044745892,1.2090893,0.34068462,0.77946764,-0.046731066,-0.14725484,-0.60709345,nan,nan,nan,nan,nan,nan,0.0,0.0,0.0,0.0,0.0,0.0,nan,nan,nan,1,0,0,0
4353668523,4353668518,0.044689454,1.2098551,0.34065458,0.7794735,-0.048114832,-0.14796123,-0.606806,nan,nan,nan,nan,nan,nan,0.0,0.0,0.0,0.0,0.0,0.0,nan,nan,nan,1,0,0,0
4353674483,4353674479,0.044495415,1.2105298,0.34094563,0.77937955,-0.048611995,-0.14450218,-0.60772,nan,nan,nan,nan,nan,nan,0.0,0.0,0.0,0.0,0.0,0.0,nan,nan,nan,1,0,0,0
4353682712,4353682707,0.04435063,1.2116834,0.34099695,0.77965105,-0.04953816,-0.14355999,-0.6075202,nan,nan,nan,nan,nan,nan,0.0,0.0,0.0,0.0,0.0,0.0,nan,nan,nan,1,0,0,0
4353694488,4353694482,0.044142388,1.2129511,0.34120598,0.7800714,-0.050545912,-0.1423846,-0.60717416,nan,nan,nan,nan,nan,nan,0.0,0.0,0.0,0.0,0.0,0.0,nan,nan,nan,1,0,0,0
4353699489,4353699485,0.043908134,1.2144294,0.34140298,0.7801883,-0.05259434,-0.14067519,-0.6072483,nan,nan,nan,nan,nan,nan,0.0,0.0,0.0,0.0,0.0,0.0,nan,nan,nan,1,0,0,0
4353707484,4353707480,0.04364538,1.2161002,0.3416055,0.7806148,-0.053662624,-0.13898826,-0.60699517,nan,nan,nan,nan,nan,nan,0.0,0.0,0.0,0.0,0.0,0.0,nan,nan,nan,1,0,0,0
4353719956,4353719952,0.04338693,1.21782,0.34187856,0.780843,-0.055884056,-0.13677235,-0.6070046,nan,nan,nan,nan,nan,nan,0.0,0.0,0.0,0.0,0.0,0.0,nan,nan,nan,1,0,0,0
4353725496,4353725491,0.043127522,1.2198178,0.34205198,0.78144276,-0.05740904,-0.13576698,-0.60631573,nan,nan,nan,nan,nan,nan,0.0,0.0,0.0,0.0,0.0,0.0,nan,nan,nan,1,0,0,0
4353735532,4353735527,0.042841952,1.2218746,0.342245,0.78206766,-0.058528338,-0.13350129,-0.605906,nan,nan,nan,nan,nan,nan,0.0,0.0,0.0,0.0,0.0,0.0,nan,nan,nan,1,0,0,0
4353743162,4353743157,0.042541884,1.2240864,0.34246957,0.78282875,-0.059411965,-0.13133329,-0.6053107,nan,nan,nan,nan,nan,nan,0.0,0.0,0.0,0.0,0.0,0.0,nan,nan,nan,1,0,0,0
4353749480,4353749476,0.04223214,1.2263917,0.34265473,0.783252,-0.06056754,-0.12947536,-0.60504884,nan,nan,nan,nan,nan,nan,0.0,0.0,0.0,0.0,0.0,0.0,nan,nan,nan,1,0,0,0
4353757499,4353757494,0.04190574,1.2287922,0.3428063,0.7836366,-0.061596718,-0.1272797,-0.6049127,nan,nan,nan,nan,nan,nan,0.0,0.0,0.0,0.0,0.0,0.0,nan,nan,nan,1,0,0,0
4353770482,4353770477,0.041580986,1.231304,0.34288302,0.78408515,-0.062085424,-0.12546273,-0.604661,nan,nan,nan,nan,nan,nan,0.0,0.0,0.0,0.0,0.0,0.0,nan,nan,nan,1,0,0,0
4353774480,4353774475,0.04126188,1.2339499,0.3429642,0.78437304,-0.0629584,-0.12399143,-0.6045009,nan,nan,nan,nan,nan,nan,0.0,0.0,0.0,0.0,0.0,0.0,nan,nan,nan,1,0,0,0
4353783517,4353783512,0.040899046,1.2365936,0.34305522,0.7841747,-0.06417713,-0.12149756,-0.60513616,nan,nan,nan,nan,nan,nan,0.0,0.0,0.0,0.0,0.0,0.0,nan,nan,nan,1,0,0,0
4353790493,4353790488,0.040565144,1.2394375,0.3430777,0.7844991,-0.06473022,-0.1195513,-0.6050443,nan,nan,nan,nan,nan,nan,0.0,0.0,0.0,0.0,0.0,0.0,nan,nan,nan,1,0,0,0
4353799486,4353799481,0.040259693,1.2424432,0.34302178,0.7849573,-0.06507102,-0.11822162,-0.6046747,nan,nan,nan,nan,nan,nan,0.0,0.0,0.0,0.0,0.0,0.0,nan,nan,nan,1,0,0,0
4353807510,4353807505,0.039962564,1.2454432,0.34306315,0.78513974,-0.06563441,-0.11620294,-0.6047682,nan,nan,nan,nan,nan,nan,0.0,0.0,0.0,0.0,0.0,0.0,nan,nan,nan,1,0,0,0
4353816941,4353816937,0.03961,1.2484331,0.34318957,0.78569484,-0.06640271,-0.11439525,-0.6043079,nan,nan,nan,nan,nan,nan,0.0,0.0,0.0,0.0,0.0,0.0,nan,nan,nan,1,0,0,0
4353824903,4353824898,0.039358202,1.2517723,0.34303665,0.78599745,-0.06518377,-0.11054439,-0.60476357,nan,nan,nan,nan,nan,nan,0.0,0.0,0.0,0.0,0.0,0.0,nan,nan,nan,1,0,0,0
4353836928,4353836923,0.039063785,1.2550763,0.34302077,0.7863386,-0.066087626,-0.10875606,-0.60454625,nan,nan,nan,nan,nan,nan,0.0,0.0,0.0,0.0,0.0,0.0,nan,nan,nan,1,0,0,0
4353841301,4353841297,0.038766894,1.2584422,0.34297237,0.7871179,-0.06715242,-0.10902786,-0.6033645,nan,nan,nan,nan,nan,nan,0.0,0.0,0.0,0.0,0.0,0.0,nan,nan,nan,1,0,0,0
4353850308,4353850304,0.03852248,1.2619784,0.3427991,0.7870933,-0.0679139,-0.10599395,-0.60385203,nan,nan,nan,nan,nan,nan,0.0,0.0,0.0,0.0,0.0,0.0,nan,nan,nan,1,0,0,0
4353857475,4353857470,0.038185094,1.2653648,0.34282005,0.78711885,-0.070325114,-0.103827074,-0.6039191,nan,nan,nan,nan,nan,nan,0.0,0.0,0.0,0.0,0.0,0.0,nan,nan,nan,1,0,0,0
4353866972,4353866968,0.037953723,1.2689908,0.34263682,0.7872705,-0.07069927,-0.10123359,-0.60411793,nan,nan,nan,nan,nan,nan,0.0,0.0,0.0,0.0,0.0,0.0,nan,nan,nan,1,0,0,0
4353873483,4353873478,0.037672807,1.2726008,0.34253907,0.7872802,-0.07199898,-0.09927236,-0.6042773,nan,nan,nan,nan,nan,nan,0.0,0.0,0.0,0.0,0.0,0.0,nan,nan,nan,1,0,0,0
4353883000,4353882996,0.037343364,1.2762134,0.34245256,0.7871656,-0.07399969,-0.09762457,-0.6044533,nan,nan,nan,nan,nan,nan,0.0,0.0,0.0,0.0,0.0,0.0,nan,nan,nan,1,0,0,0
4353892692,4353892516,0.037038743,1.2798412,0.34240448,0.78696334,-0.07574665,-0.094976895,-0.60492194,nan,nan,nan,nan,nan,nan,0.0,0.0,0.0,0.0,0.0,0.0,nan,nan,nan,1,0,0,0
4353899489,4353899485,0.036846224,1.2836491,0.34216857,0.7873889,-0.07494016,-0.0935821,-0.6046859,nan,nan,nan,nan,nan,nan,0.0,0.0,0.0,0.0,0.0,0.0,nan,nan,nan,1,0,0,0
4353907484,4353907480,0.0365912,1.2873057,0.3420659,0.7875007,-0.076890774,-0.09294652,-0.60439354,nan,nan,nan,nan,nan,nan,0.0,0.0,0.0,0.0,0.0,0.0,nan,nan,nan,1,0,0,0
4353928536,4353928532,0.03615471,1.2947763,0.341632,0.78775823,-0.07709254,-0.09007148,-0.6044674,nan,nan,nan,nan,nan,nan,0.0,0.0,0.0,0.0,0.0,0.0,nan,nan,nan,1,0,0,0
4353937647,4353937642,0.0358326,1.2983575,0.3414847,0.7873487,-0.078841,-0.08973936,-0.60482466,nan,nan,nan,nan,nan,nan,0.0,0.0,0.0,0.0,0.0,0.0,nan,nan,nan,1,0,0,0
4353943102,4353943098,0.035539135,1.3022227,0.3411626,0.78691924,-0.07858415,-0.08854173,-0.605593,nan,nan,nan,nan,nan,nan,0.0,0.0,0.0,0.0,0.0,0.0,nan,nan,nan,1,0,0,0
4353950163,4353950159,0.03517919,1.3060545,0.34089735,0.78615946,-0.08134084,-0.08955713,-0.60606647,nan,nan,nan,nan,nan,nan,0.0,0.0,0.0,0.0,0.0,0.0,nan,nan,nan,1,0,0,0
4353958164,4353958159,0.034863114,1.3098758,0.34065357,0.786162,-0.082224205,-0.09098054,-0.60573184,nan,nan,nan,nan,nan,nan,0.0,0.0,0.0,0.0,0.0,0.0,nan,nan,nan,1,0,0,0
4353967738,4353967733,0.034533132,1.3136065,0.34045437,0.78552616,-0.08357954,-0.0897158,-0.6065593,nan,nan,nan,nan,nan,nan,0.0,0.0,0.0,0.0,0.0,0.0,nan,nan,nan,1,0,0,0
4353973483,4353973479,0.03424182,1.3174874,0.34013557,0.78484005,-0.08504413,-0.08795005,-0.60750175,nan,nan,nan,nan,nan,nan,0.0,0.0,0.0,0.0,0.0,0.0,nan,nan,nan,1,0,0,0
4353982668,4353982664,0.033953503,1.3212429,0.33996978,0.7847079,-0.08630759,-0.08758967,-0.6075463,nan,nan,nan,nan,nan,nan,0.0,0.0,0.0,0.0,0.0,0.0,nan,nan,nan,1,0,0,0
4353994271,4353994266,0.03362091,1.3249667,0.3397982,0.7845585,-0.086938344,-0.08737866,-0.6076797,nan,nan,nan,nan,nan,nan,0.0,0.0,0.0,0.0,0.0,0.0,nan,nan,nan,1,0,0,0
4353998521,4353998517,0.033251017,1.3286198,0.33966187,0.7845901,-0.0860887,-0.08676877,-0.60784715,nan,nan,nan,nan,nan,nan,0.0,0.0,0.0,0.0,0.0,0.0,nan,nan,nan,1,0,0,0
4354007616,4354007611,0.032862347,1.3322878,0.3395026,0.7839508,-0.086520314,-0.0861061,-0.6087046,nan,nan,nan,nan,nan,nan,0.0,0.0,0.0,0.0,0.0,0.0,nan,nan,nan,1,0,0,0
4354026805,4354026800,0.032440394,1.335889,0.33947062,0.7835509,-0.084821776,-0.08536315,-0.60956234,nan,nan,nan,nan,nan,nan,0.0,0.0,0.0,0.0,0.0,0.0,nan,nan,nan,1,0,0,0
4354028492,4354028487,0.032029938,1.3396077,0.3394095,0.7830258,-0.08352302,-0.08293792,-0.61075026,nan,nan,nan,nan,nan,nan,0.0,0.0,0.0,0.0,0.0,0.0,nan,nan,nan,1,0,0,0
4354032993,4354032989,0.031625237,1.3434378,0.33940658,0.7828205,-0.08247755,-0.08216983,-0.61125904,nan,nan,nan,nan,nan,nan,0.0,0.0,0.0,0.0,0.0,0.0,nan,nan,nan,1,0,0,0
4354040483,4354040478,0.031233022,1.3473679,0.33943665,0.7830872,-0.081671394,-0.081929,-0.61105794,nan,nan,nan,nan,nan,nan,0.0,0.0,0.0,0.0,0.0,0.0,nan,nan,nan,1,0,0,0
4354049473,4354049468,0.030839518,1.3511077,0.33963573,0.783605,-0.07914823,-0.07852818,-0.61117274,nan,nan,nan,nan,nan,nan,0.0,0.0,0.0,0.0,0.0,0.0,nan,nan,nan,1,0,0,0
4354057749,4354057745,0.030458976,1.3549609,0.33986235,0.7847782,-0.07512497,-0.07575697,-0.61052465,nan,nan,nan,nan,nan,nan,0.0,0.0,0.0,0.0,0.0,0.0,nan,nan,nan,1,0,0,0
4354066841,4354066837,0.030133381,1.3589993,0.3400718,0.7855604,-0.07297933,-0.07270795,-0.61014956,nan,nan,nan,nan,nan,nan,0.0,0.0,0.0,0.0,0.0,0.0,nan,nan,nan,1,0,0,0
4354074961,4354074954,0.029754303,1.3629211,0.34039697,0.786454,-0.06997222,-0.06913325,-0.609766,nan,nan,nan,nan,nan,nan,0.0,0.0,0.0,0.0,0.0,0.0,nan,nan,nan,1,0,0,0
4354083308,4354083304,0.029414285,1.3669535,0.34069094,0.78690684,-0.06861628,-0.06641658,-0.60963786,nan,nan,nan,nan,nan,nan,0.0,0.0,0.0,0.0,0.0,0.0,nan,nan,nan,1,0,0,0
4354092825,4354092820,0.029038537,1.3710032,0.34107876,0.78754276,-0.06832743,-0.065689325,-0.6089274,nan,nan,nan,nan,nan,nan,0.0,0.0,0.0,0.0,0.0,0.0,nan,nan,nan,1,0,0,0
4354099517,4354099512,0.028762568,1.3753747,0.34126237,0.7881467,-0.07005518,-0.065936096,-0.6079222,nan,nan,nan,nan,nan,nan,0.0,0.0,0.0,0.0,0.0,0.0,nan,nan,nan,1,0,0,0
4354107500,4354107496,0.028484551,1.3797483,0.34154534,0.7886492,-0.072166115,-0.065137565,-0.6071092,nan,nan,nan,nan,nan,nan,0.0,0.0,0.0,0.0,0.0,0.0,nan,nan,nan,1,0,0,0
4354116736,4354116731,0.028170388,1.3839555,0.34199086,0.7890288,-0.07403519,-0.061662596,-0.6067536,nan,nan,nan,nan,nan,nan,0.0,0.0,0.0,0.0,0.0,0.0,nan,nan,nan,1,0,0,0
4354124500,4354124495,0.028017126,1.3884205,0.342316,0.7897199,-0.07741237,-0.060060486,-0.60559285,nan,nan,nan,nan,nan,nan,0.0,0.0,0.0,0.0,0.0,0.0,nan,nan,nan,1,0,0,0
4354132978,4354132974,0.027814385,1.3925909,0.34295273,0.79020745,-0.079704,-0.054875452,-0.60515136,nan,nan,nan,nan,nan,nan,0.0,0.0,0.0,0.0,0.0,0.0,nan,nan,nan,1,0,0,0
4354140483,4354140478,0.027672373,1.3968475,0.34350908,0.7907591,-0.08290399,-0.051314637,-0.6043127,nan,nan,nan,nan,nan,nan,0.0,0.0,0.0,0.0,0.0,0.0,nan,nan,nan,1,0,0,0
4354153632,4354153628,0.02755041,1.4009547,0.34416533,0.79167956,-0.08466807,-0.04701096,-0.603212,nan,nan,nan,nan,nan,nan,0.0,0.0,0.0,0.0,0.0,0.0,nan,nan,nan,1,0,0,0
4354158607,4354158602,0.027508222,1.4050819,0.34476492,0.792657,-0.086335875,-0.044372518,-0.6018904,nan,nan,nan,nan,nan,nan,0.0,0.0,0.0,0.0,0.0,0.0,nan,nan,nan,1,0,0,0
4354166779,4354166607,0.027501617,1.409204,0.34535894,0.7938747,-0.08890617,-0.04274135,-0.6000266,nan,nan,nan,nan,nan,nan,0.0,0.0,0.0,0.0,0.0,0.0,nan,nan,nan,1,0,0,0
4354174480,4354174476,0.027452175,1.4130307,0.34612283,0.79487795,-0.08936303,-0.0401129,-0.5988107,nan,nan,nan,nan,nan,nan,0.0,0.0,0.0,0.0,0.0,0.0,nan,nan,nan,1,0,0,0
4354183741,4354183736,0.02743837,1.41702,0.3466291,0.7956874,-0.092165515,-0.038658895,-0.5974049,nan,nan,nan,nan,nan,nan,0.0,0.0,0.0,0.0,0.0,0.0,nan,nan,nan,1,0,0,0
4354192653,4354192648,0.02742656,1.4208094,0.3472021,0.7964586,-0.09387013,-0.03680191,-0.59622794,nan,nan,nan,nan,nan,nan,0.0,0.0,0.0,0.0,0.0,0.0,nan,nan,nan,1,0,0,0
4354199514,4354199509,0.027409866,1.4245135,0.34774265,0.7971656,-0.09593249,-0.03501879,-0.59506106,nan,nan,nan,nan,nan,nan,0.0,0.0,0.0,0.0,0.0,0.0,nan,nan,nan,1,0,0,0
4354207503,4354207498,0.02736763,1.4279562,0.34839788,0.79779214,-0.096331164,-0.031347588,-0.59436125,nan,nan,nan,nan,nan,nan,0.0,0.0,0.0,0.0,0.0,0.0,nan,nan,nan,1,0,0,0
4354216602,4354216598,0.027367909,1.4314604,0.34885564,0.7980561,-0.098845705,-0.028459908,-0.593739,nan,nan,nan,nan,nan,nan,0.0,0.0,0.0,0.0,0.0,0.0,nan,nan,nan,1,0,0,0
4354224504,4354224500,0.027336895,1.4347965,0.34935507,0.7981988,-0.10004473,-0.025530064,-0.5934795,nan,nan,nan,nan,nan,nan,0.0,0.0,0.0,0.0,0.0,0.0,nan,nan,nan,1,0,0,0
4354232843,4354232838,0.027324354,1.4381007,0.3497903,0.79880565,-0.10058036,-0.024262385,-0.592625,nan,nan,nan,nan,nan,nan,0.0,0.0,0.0,0.0,0.0,0.0,nan,nan,nan,1,0,0,0
4354240536,4354240531,0.02726486,1.4412519,0.35017896,0.79863936,-0.10163913,-0.022096083,-0.59275335,nan,nan,nan,nan,nan,nan,0.0,0.0,0.0,0.0,0.0,0.0,nan,nan,nan,1,0,0,0
4354250475,4354250470,0.027186405,1.4440976,0.35078934,0.79876906,-0.10038686,-0.019592635,-0.59287995,nan,nan,nan,nan,nan,nan,0.0,0.0,0.0,0.0,0.0,0.0,nan,nan,nan,1,0,0,0
4354257486,4354257481,0.027150095,1.4470855,0.35113165,0.79884154,-0.10129564,-0.018529823,-0.59266186,nan,nan,nan,nan,nan,nan,0.0,0.0,0.0,0.0,0.0,0.0,nan,nan,nan,1,0,0,0
4354266533,4354266528,0.027110843,1.449982,0.35150716,0.7990107,-0.10128927,-0.018401463,-0.5924388,nan,nan,nan,nan,nan,nan,0.0,0.0,0.0,0.0,0.0,0.0,nan,nan,nan,1,0,0,0
4354274483,4354274478,0.027062546,1.4528135,0.3518902,0.79910976,-0.10161085,-0.018655047,-0.59224224,nan,nan,nan,nan,nan,nan,0.0,0.0,0.0,0.0,0.0,0.0,nan,nan,nan,1,0,0,0
4354283570,4354283565,0.026982335,1.4555925,0.35219833,0.7989605,-0.101931214,-0.018471409,-0.5923943,nan,nan,nan,nan,nan,nan,0.0,0.0,0.0,0.0,0.0,0.0,nan,nan,nan,1,0,0,0
4354292749,4354292744,0.02689872,1.4582886,0.35255536,0.7987538,-0.10240721,-0.017532708,-0.5926195,nan,nan,nan,nan,nan,nan,0.0,0.0,0.0,0.0,0.0,0.0,nan,nan,nan,1,0,0,0
4354299487,4354299482,0.02682643,1.4609356,0.35294366,0.7985493,-0.10288576,-0.015841955,-0.59285975,nan,nan,nan,nan,nan,nan,0.0,0.0,0.0,0.0,0.0,0.0,nan,nan,nan,1,0,0,0
4354308614,4354307508,0.026801169,1.4636284,0.35324737,0.7986183,-0.10375239,-0.014839813,-0.59264153,nan,nan,nan,nan,nan,nan,0.0,0.0,0.0,0.0,0.0,0.0,nan,nan,nan,1,0,0,0
4354316607,4354316602,0.026734672,1.466115,0.3537133,0.79849875,-0.10392873,-0.01242485,-0.59282726,nan,nan,nan,nan,nan,nan,0.0,0.0,0.0,0.0,0.0,0.0,nan,nan,nan,1,0,0,0
4354324627,4354324622,0.026692972,1.4684967,0.3541963,0.7983436,-0.10371127,-0.010089058,-0.5931186,nan,nan,nan,nan,nan,nan,0.0,0.0,0.0,0.0,0.0,0.0,nan,nan,nan,1,0,0,0
4354332966,4354332961,0.02660704,1.4706999,0.35484254,0.7984917,-0.101686485,-0.0076346174,-0.59330636,nan,nan,nan,nan,nan,nan,0.0,0.0,0.0,0.0,0.0,0.0,nan,nan,nan,1,0,0,0
4354342421,4354342416,0.02655131,1.4730352,0.35533342,0.79863274,-0.10056599,-0.0068084234,-0.59331775,nan,nan,nan,nan,nan,nan,0.0,0.0,0.0,0.0,0.0,0.0,nan,nan,nan,1,0,0,0
4354349665,4354349660,0.02650543,1.4753426,0.35585102,0.7984749,-0.10005908,-0.0055745183,-0.5936285,nan,nan,nan,nan,nan,nan,0.0,0.0,0.0,0.0,0.0,0.0,nan,nan,nan,1,0,0,0
4354357483,4354357478,0.026449582,1.4774748,0.3565444,0.7984202,-0.09889762,-0.0036634544,-0.59391165,nan,nan,nan,nan,nan,nan,0.0,0.0,0.0,0.0,0.0,0.0,nan,nan,nan,1,0,0,0
4354366560,4354366556,0.026465617,1.4796704,0.35713914,0.7987878,-0.098290116,-0.0027805073,-0.5935229,nan,nan,nan,nan,nan,nan,0.0,0.0,0.0,0.0,0.0,0.0,nan,nan,nan,1,0,0,0
4354374175,4354374171,0.026482001,1.4818729,0.3576385,0.79921937,-0.09852603,-0.0023290643,-0.5929044,nan,nan,nan,nan,nan,nan,0.0,0.0,0.0,0.0,0.0,0.0,nan,nan,nan,1,0,0,0
4354382475,4354382469,0.026496245,1.4839777,0.35824838,0.79935324,-0.09868507,-0.0004598808,-0.5927016,nan,nan,nan,nan,nan,nan,0.0,0.0,0.0,0.0,0.0,0.0,nan,nan,nan,1,0,0,0
4354390519,4354390514,0.026465036,1.4859644,0.35894978,0.7991656,-0.098314464,0.0024392225,-0.59301144,nan,nan,nan,nan,nan,nan,0.0,0.0,0.0,0.0,0.0,0.0,nan,nan,nan,1,0,0,0
4354399551,4354399547,0.026439764,1.4880012,0.35949004,0.79912686,-0.09865732,0.0037970378,-0.5929997,nan,nan,nan,nan,nan,nan,0.0,0.0,0.0,0.0,0.0,0.0,nan,nan,nan,1,0,0,0
4354408481,4354408476,0.026381977,1.4897823,0.36027148,0.79899406,-0.096913286,0.006800508,-0.5934392,nan,nan,nan,nan,nan,nan,0.0,0.0,0.0,0.0,0.0,0.0,nan,nan,nan,1,0,0,0
4354415494,4354415490,0.026378242,1.4916569,0.36079666,0.79880524,-0.09697398,0.008691666,-0.5936587,nan,nan,nan,nan,nan,nan,0.0,0.0,0.0,0.0,0.0,0.0,nan,nan,nan,1,0,0,0
4354423492,4354423487,0.026338466,1.4933152,0.36150238,0.79902446,-0.09467272,0.010386743,-0.593708,nan,nan,nan,nan,nan,nan,0.0,0.0,0.0,0.0,0.0,0.0,nan,nan,nan,1,0,0,0
4354443970,4354443966,0.026315622,1.4950291,0.36208138,0.79877496,-0.09347725,0.012344243,-0.59419537,nan,nan,nan,nan,nan,nan,0.0,0.0,0.0,0.0,0.0,0.0,nan,nan,nan,1,0,0,0
4354445481,4354445476,0.02629738,1.4965731,0.3627287,0.79889536,-0.09099915,0.012895664,-0.5944065,nan,nan,nan,nan,nan,nan,0.0,0.0,0.0,0.0,0.0,0.0,nan,nan,nan,1,0,0,0
4354449484,4354449479,0.02627508,1.4982477,0.3632245,0.7984712,-0.0898319,0.014007591,-0.59512836,nan,nan,nan,nan,nan,nan,0.0,0.0,0.0,0.0,0.0,0.0,nan,nan,nan,1,0,0,0
4354457490,4354457486,0.02624162,1.4996891,0.3638861,0.79822576,-0.08735747,0.015328599,-0.59579295,nan,nan,nan,nan,nan,nan,0.0,0.0,0.0,0.0,0.0,0.0,nan,nan,nan,1,0,0,0
4354466483,4354466478,0.026257461,1.5013984,0.36430177,0.79790735,-0.087042525,0.015955677,-0.596249,nan,nan,nan,nan,nan,nan,0.0,0.0,0.0,0.0,0.0,0.0,nan,nan,nan,1,0,0,0
4354473532,4354473528,0.026221797,1.5028085,0.3649762,0.7975454,-0.08520346,0.018645143,-0.5969205,nan,nan,nan,nan,nan,nan,0.0,0.0,0.0,0.0,0.0,0.0,nan,nan,nan,1,0,0,0
4354482502,4354482497,0.026212303,1.5042852,0.3655641,0.7967751,-0.08498337,0.02172719,-0.59787554,nan,nan,nan,nan,nan,nan,0.0,0.0,0.0,0.0,0.0,0.0,nan,nan,nan,1,0,0,0
4354492459,4354492454,0.026185654,1.5055999,0.36624286,0.7965024,-0.08275444,0.02497473,-0.59842443,nan,nan,nan,nan,nan,nan,0.0,0.0,0.0,0.0,0.0,0.0,nan,nan,nan,1,0,0,0
4354500487,4354500480,0.026207797,1.5070792,0.36682233,0.7963039,-0.08182339,0.02772517,-0.5986955,nan,nan,nan,nan,nan,nan,0.0,0.0,0.0,0.0,0.0,0.0,nan,nan,nan,1,0,0,0
4354508484,4354508479,0.026235793,1.5083708,0.36743638,0.7966092,-0.07940679,0.029136917,-0.59854764,nan,nan,nan,nan,nan,nan,0.0,0.0,0.0,0.0,0.0,0.0,nan,nan,nan,1,0,0,0
4354515474,4354515467,0.026182821,1.5094267,0.36829546,0.7958755,-0.07693592,0.033090387,-0.59964,nan,nan,nan,nan,nan,nan,0.0,0.0,0.0,0.0,0.0,0.0,nan,nan,nan,1,0,0,0
4354526482,4354526478,0.02620197,1.5107244,0.36885276,0.7961124,-0.07537359,0.03351917,-0.59949994,nan,nan,nan,nan,nan,nan,0.0,0.0,0.0,0.0,0.0,0.0,nan,nan,nan,1,0,0,0
4354533483,4354533478,0.026272286,1.5119667,0.36938226,0.79635715,-0.072335295,0.033929303,-0.59952635,nan,nan,nan,nan,nan,nan,0.0,0.0,0.0,0.0,0.0,0.0,nan,nan,nan,1,0,0,0
4354543303,4354543299,0.026206601,1.5129145,0.37020382,0.7964072,-0.06754245,0.0363248,-0.5998783,nan,nan,nan,nan,nan,nan,0.0,0.0,0.0,0.0,0.0,0.0,nan,nan,nan,1,0,0,0
4354549525,4354549521,0.0262164,1.5139745,0.37092486,0.79644704,-0.06402074,0.03757622,-0.6001347,nan,nan,nan,nan,nan,nan,0.0,0.0,0.0,0.0,0.0,0.0,nan,nan,nan,1,0,0,0
4354558483,4354558479,0.026280306,1.5152067,0.37155023,0.7970092,-0.06164725,0.038177196,-0.5995986,nan,nan,nan,nan,nan,nan,0.0,0.0,0.0,0.0,0.0,0.0,nan,nan,nan,1,0,0,0
4354565966,4354565962,0.026354244,1.5163374,0.37226596,0.79710144,-0.059640847,0.04008878,-0.59955406,nan,nan,nan,nan,nan,nan,0.0,0.0,0.0,0.0,0.0,0.0,nan,nan,nan,1,0,0,0
4354574482,4354574477,0.026400592,1.517281,0.3731606,0.79704547,-0.05743072,0.04374341,-0.5995888,nan,nan,nan,nan,nan,nan,0.0,0.0,0.0,0.0,0.0,0.0,nan,nan,nan,1,0,0,0
4354583475,4354583471,0.026522636,1.5183252,0.37399718,0.7977535,-0.053314183,0.04599238,-0.59885854,nan,nan,nan,nan,nan,nan,0.0,0.0,0.0,0.0,0.0,0.0,nan,nan,nan,1,0,0,0
4354593369,4354593364,0.026556075,1.5193095,0.3748218,0.79793495,-0.05112158,0.048654795,-0.59859765,nan,nan,nan,nan,nan,nan,0.0,0.0,0.0,0.0,0.0,0.0,nan,nan,nan,1,0,0,0
4354599489,4354599485,0.026680997,1.5204817,0.37547648,0.79830045,-0.04804891,0.04970816,-0.5982782,nan,nan,nan,nan,nan,nan,0.0,0.0,0.0,0.0,0.0,0.0,nan,nan,nan,1,0,0,0
4354607481,4354607477,0.026700405,1.5213956,0.3763082,0.79806924,-0.044158768,0.05292774,-0.5986103,nan,nan,nan,nan,nan,nan,0.0,0.0,0.0,0.0,0.0,0.0,nan,nan,nan,1,0,0,0
4354618473,4354618468,0.026762463,1.5224546,0.37702477,0.7978515,-0.04141786,0.054106116,-0.59899086,nan,nan,nan,nan,nan,nan,0.0,0.0,0.0,0.0,0.0,0.0,nan,nan,nan,1,0,0,0
4354624490,4354624485,0.0268514,1.5235509,0.3777121,0.79790366,-0.03850865,0.055849303,-0.5989554,nan,nan,nan,nan,nan,nan,0.0,0.0,0.0,0.0,0.0,0.0,nan,nan,nan,1,0,0,0
4354633487,4354633482,0.027006947,1.5247674,0.37824234,0.79776293,-0.03680122,0.05594064,-0.59924173,nan,nan,nan,nan,nan,nan,0.0,0.0,0.0,0.0,0.0,0.0,nan,nan,nan,1,0,0,0
4354643000,4354642996,0.027040325,1.525812,0.3789649,0.7971784,-0.03398321,0.059155673,-0.59987694,nan,nan,nan,nan,nan,nan,0.0,0.0,0.0,0.0,0.0,0.0,nan,nan,nan,1,0,0,0
4354652681,4354652677,0.027106103,1.5268652,0.37983236,0.7963173,-0.03181508,0.06100045,-0.600954,nan,nan,nan,nan,nan,nan,0.0,0.0,0.0,0.0,0.0,0.0,nan,nan,nan,1,0,0,0
4354657510,4354657506,0.027206866,1.5280279,0.38033956,0.7959632,-0.030493313,0.063901916,-0.60119,nan,nan,nan,nan,nan,nan,0.0,0.0,0.0,0.0,0.0,0.0,nan,nan,nan,1,0,0,0
4354665910,4354665906,0.02730501,1.5290705,0.38095608,0.79585594,-0.029106647,0.06672177,-0.6010943,nan,nan,nan,nan,nan,nan,0.0,0.0,0.0,0.0,0.0,0.0,nan,nan,nan,1,0,0,0
4354674533,4354674504,0.027397353,1.5300982,0.3815654,0.79558235,-0.026431464,0.06958793,-0.601255,nan,nan,nan,nan,nan,nan,0.0,0.0,0.0,0.0,0.0,0.0,nan,nan,nan,1,0,0,0
4354682544,4354682539,0.02744704,1.5310796,0.3821411,0.7951367,-0.024109941,0.07236656,-0.60161406,nan,nan,nan,nan,nan,nan,0.0,0.0,0.0,0.0,0.0,0.0,nan,nan,nan,1,0,0,0
4354691479,4354691474,0.027510956,1.5321074,0.3826305,0.7943536,-0.022667626,0.07496725,-0.6023857,nan,nan,nan,nan,nan,nan,0.0,0.0,0.0,0.0,0.0,0.0,nan,nan,nan,1,0,0,0
4354702588,4354702583,0.027537053,1.5330003,0.38323826,0.7939229,-0.019761529,0.076452464,-0.602869,nan,nan,nan,nan,nan,nan,0.0,0.0,0.0,0.0,0.0,0.0,nan,nan,nan,1,0,0,0
4354707696,4354707692,0.027615495,1.5341059,0.38369834,0.7939566,-0.01822006,0.07627783,-0.6028952,nan,nan,nan,nan,nan,nan,0.0,0.0,0.0,0.0,0.0,0.0,nan,nan,nan,1,0,0,0
4354715714,4354715710,0.02756995,1.5349383,0.38441378,0.79279363,-0.017249784,0.079010524,-0.60410106,nan,nan,nan,nan,nan,nan,0.0,0.0,0.0,0.0,0.0,0.0,nan,nan,nan,1,0,0,0
4354723511,4354723506,0.027636565,1.5360693,0.38491935,0.79327595,-0.016138611,0.07779913,-0.60365564,nan,nan,nan,nan,nan,nan,0.0,0.0,0.0,0.0,0.0,0.0,nan,nan,nan,1,0,0,0
4354732936,4354732932,0.027634991,1.5368762,0.38561282,0.7933435,-0.014716013,0.077526726,-0.6036382,nan,nan,nan,nan,nan,nan,0.0,0.0,0.0,0.0,0.0,0.0,nan,nan,nan,1,0,0,0
4354742186,4354742181,0.027580418,1.5375916,0.38639882,0.7926639,-0.013824682,0.07904658,-0.6043546,nan,nan,nan,nan,nan,nan,0.0,0.0,0.0,0.0,0.0,0.0,nan,nan,nan,1,0,0,0
4354749475,4354749470,0.02768113,1.5386094,0.38693973,0.79306483,-0.013219505,0.07748626,-0.604044,nan,nan,nan,nan,nan,nan,0.0,0.0,0.0,0.0,0.0,0.0,nan,nan,nan,1,0,0,0
4354758012,4354758007,0.027644955,1.5393839,0.3875722,0.79274297,-0.012510232,0.07769346,-0.604455,nan,nan,nan,nan,nan,nan,0.0,0.0,0.0,0.0,0.0,0.0,nan,nan,nan,1,0,0,0
4354767515,4354767510,0.027649611,1.5401164,0.38829982,0.7926793,-0.011642924,0.0771689,-0.60462296,nan,nan,nan,nan,nan,nan,0.0,0.0,0.0,0.0,0.0,0.0,nan,nan,nan,1,0,0,0
4354774486,4354774481,0.027658824,1.5407947,0.38902795,0.79253334,-0.010040592,0.07683214,-0.6048858,nan,nan,nan,nan,nan,nan,0.0,0.0,0.0,0.0,0.0,0.0,nan,nan,nan,1,0,0,0
4354783476,4354783471,0.027621303,1.5414641,0.38969362,0.7923659,-0.00818718,0.075863704,-0.60525525,nan,nan,nan,nan,nan,nan,0.0,0.0,0.0,0.0,0.0,0.0,nan,nan,nan,1,0,0,0
4354791292,4354791288,0.0275759,1.542088,0.39048082,0.79217917,-0.0061331205,0.074299715,-0.6057178,nan,nan,nan,nan,nan,nan,0.0,0.0,0.0,0.0,0.0,0.0,nan,nan,nan,1,0,0,0
4354803482,4354803477,0.02755344,1.5427812,0.39126462,0.7918321,-0.0048205173,0.073849246,-0.60623825,nan,nan,nan,nan,nan,nan,0.0,0.0,0.0,0.0,0.0,0.0,nan,nan,nan,1,0,0,0
4354807586,4354807581,0.027516896,1.5432621,0.3921477,0.7915762,-0.0042200154,0.07697731,-0.606188,nan,nan,nan,nan,nan,nan,0.0,0.0,0.0,0.0,0.0,0.0,nan,nan,nan,1,0,0,0
4354816516,4354816512,0.027287772,1.5434422,0.3931282,0.79047775,-0.0016281895,0.08293335,-0.6068478,nan,nan,nan,nan,nan,nan,0.0,0.0,0.0,0.0,0.0,0.0,nan,nan,nan,1,0,0,0
4354826067,4354826063,0.027485684,1.5443568,0.3941184,0.7914222,-0.0020305344,0.08022754,-0.6059788,nan,nan,nan,nan,nan,nan,0.0,0.0,0.0,0.0,0.0,0.0,nan,nan,nan,1,0,0,0
4354832482,4354832477,0.027460188,1.5447699,0.39518213,0.79147243,-8.611111e-05,0.083107315,-0.6055283,nan,nan,nan,nan,nan,nan,0.0,0.0,0.0,0.0,0.0,0.0,nan,nan,nan,1,0,0,0
4354841671,4354841666,0.027530488,1.5453495,0.39624727,0.7919275,0.0012393598,0.0831748,-0.60492253,nan,nan,nan,nan,nan,nan,0.0,0.0,0.0,0.0,0.0,0.0,nan,nan,nan,1,0,0,0
4354851250,4354851245,0.027721291,1.5460457,0.39743572,0.79272413,0.0018237875,0.081048064,-0.6041658,nan,nan,nan,nan,nan,nan,0.0,0.0,0.0,0.0,0.0,0.0,nan,nan,nan,1,0,0,0
4354857487,4354857481,0.02776128,1.5463924,0.3985915,0.7928162,0.004400576,0.08270139,-0.6038076,nan,nan,nan,nan,nan,nan,0.0,0.0,0.0,0.0,0.0,0.0,nan,nan,nan,1,0,0,0
4354866599,4354866592,0.027830731,1.5467558,0.39987722,0.7927806,0.0060183452,0.083281845,-0.60376054,nan,nan,nan,nan,nan,nan,0.0,0.0,0.0,0.0,0.0,0.0,nan,nan,nan,1,0,0,0
4354876060,4354876055,0.027909582,1.5471182,0.4011998,0.7932128,0.007870535,0.08353309,-0.60313654,nan,nan,nan,nan,nan,nan,0.0,0.0,0.0,0.0,0.0,0.0,nan,nan,nan,1,0,0,0
4354883691,4354883686,0.028030632,1.547501,0.40265343,0.79394716,0.009533667,0.08406603,-0.6020713,nan,nan,nan,nan,nan,nan,0.0,0.0,0.0,0.0,0.0,0.0,nan,nan,nan,1,0,0,0
4354893445,4354893434,0.028138585,1.5478371,0.40421668,0.7944559,0.011247451,0.08496389,-0.6012441,nan,nan,nan,nan,nan,nan,0.0,0.0,0.0,0.0,0.0,0.0,nan,nan,nan,1,0,0,0
4354899487,4354899482,0.028169949,1.5481006,0.40573788,0.79482037,0.013406127,0.08616113,-0.6005473,nan,nan,nan,nan,nan,nan,0.0,0.0,0.0,0.0,0.0,0.0,nan,nan,nan,1,0,0,0
4354906729,4354906724,0.028379586,1.5485939,0.40732804,0.7958292,0.013345023,0.08630522,-0.5991904,nan,nan,nan,nan,nan,nan,0.0,0.0,0.0,0.0,0.0,0.0,nan,nan,nan,1,0,0,0
4354916511,4354916507,0.028638836,1.5492716,0.40889695,0.797234,0.011809849,0.085032955,-0.59753484,nan,nan,nan,nan,nan,nan,0.0,0.0,0.0,0.0,0.0,0.0,nan,nan,nan,1,0,0,0
4354923557,4354923552,0.028970836,1.5500516,0.41050887,0.79893863,0.010684361,0.08210975,-0.59568524,nan,nan,nan,nan,nan,nan,0.0,0.0,0.0,0.0,0.0,0.0,nan,nan,nan,1,0,0,0
4354932614,4354932609,0.029264456,1.5507612,0.4120942,0.8002038,0.00823284,0.07986239,-0.59432995,nan,nan,nan,nan,nan,nan,0.0,0.0,0.0,0.0,0.0,0.0,nan,nan,nan,1,0,0,0
4354941786,4354941782,0.029689856,1.5517861,0.41376618,0.80202645,0.004286327,0.07464311,-0.5925905,nan,nan,nan,nan,nan,nan,0.0,0.0,0.0,0.0,0.0,0.0,nan,nan,nan,1,0,0,0
4354949474,4354949470,0.030003253,1.5525447,0.41546687,0.8039121,0.00095311436,0.07245468,-0.59031755,nan,nan,nan,nan,nan,nan,0.0,0.0,0.0,0.0,0.0,0.0,nan,nan,nan,1,0,0,0
4354957619,4354957614,0.030305978,1.5532962,0.41729125,0.80582386,-0.0028743714,0.06951524,-0.5880539,nan,nan,nan,nan,nan,nan,0.0,0.0,0.0,0.0,0.0,0.0,nan,nan,nan,1,0,0,0
4354966485,4354966481,0.03068727,1.554153,0.4190278,0.80824685,-0.0067073777,0.06609677,-0.58508396,nan,nan,nan,nan,nan,nan,0.0,0.0,0.0,0.0,0.0,0.0,nan,nan,nan,1,0,0,0
4354974476,4354974471,0.03109568,1.555097,0.42068863,0.8105606,-0.011273569,0.06155306,-0.58230215,nan,nan,nan,nan,nan,nan,0.0,0.0,0.0,0.0,0.0,0.0,nan,nan,nan,1,0,0,0
4354983515,4354983510,0.03148089,1.5560237,0.42229924,0.812686,-0.015429629,0.056597877,-0.57974124,nan,nan,nan,nan,nan,nan,0.0,0.0,0.0,0.0,0.0,0.0,nan,nan,nan,1,0,0,0
4354992732,4354992728,0.031929623,1.5570583,0.42393515,0.8146376,-0.02045032,0.05154506,-0.5773131,nan,nan,nan,nan,nan,nan,0.0,0.0,0.0,0.0,0.0,0.0,nan,nan,nan,1,0,0,0
4354999509,4354999505,0.032174584,1.5580374,0.42544374,0.81611204,-0.025420526,0.046341714,-0.5754714,nan,nan,nan,nan,nan,nan,0.0,0.0,0.0,0.0,0.0,0.0,nan,nan,nan,1,0,0,0
4355006479,4355006474,0.032523632,1.5592283,0.42691258,0.81772923,-0.031949893,0.039995465,-0.57332224,nan,nan,nan,nan,nan,nan,0.0,0.0,0.0,0.0,0.0,0.0,nan,nan,nan,1,0,0,0
4355017638,4355017633,0.033000052,1.560585,0.42828894,0.8194633,-0.040015865,0.03305288,-0.57077676,nan,nan,nan,nan,nan,nan,0.0,0.0,0.0,0.0,0.0,0.0,nan,nan,nan,1,0,0,0
4355024482,4355024477,0.0334731,1.5620227,0.42949334,0.8212952,-0.048141804,0.025030589,-0.5679174,nan,nan,nan,nan,nan,nan,0.0,0.0,0.0,0.0,0.0,0.0,nan,nan,nan,1,0,0,0
4355032606,4355032602,0.03385557,1.5633374,0.43082866,0.8227433,-0.055565834,0.019023106,-0.5653706,nan,nan,nan,nan,nan,nan,0.0,0.0,0.0,0.0,0.0,0.0,nan,nan,nan,1,0,0,0
4355042622,4355042616,0.03428239,1.5647296,0.43193242,0.8241839,-0.06396654,0.011371979,-0.56258315,nan,nan,nan,nan,nan,nan,0.0,0.0,0.0,0.0,0.0,0.0,nan,nan,nan,1,0,0,0
4355051480,4355051475,0.03464849,1.5660325,0.433033,0.8253545,-0.070991434,0.00545013,-0.56010747,nan,nan,nan,nan,nan,nan,0.0,0.0,0.0,0.0,0.0,0.0,nan,nan,nan,1,0,0,0
4355058489,4355058485,0.035017923,1.5673698,0.43404207,0.82638067,-0.077456415,-0.00059502374,-0.55775905,nan,nan,nan,nan,nan,nan,0.0,0.0,0.0,0.0,0.0,0.0,nan,nan,nan,1,0,0,0
4355065499,4355065494,0.035363737,1.5686632,0.43501258,0.8269771,-0.08358472,-0.006449717,-0.55595046,nan,nan,nan,nan,nan,nan,0.0,0.0,0.0,0.0,0.0,0.0,nan,nan,nan,1,0,0,0
4355075484,4355075480,0.035617564,1.5698978,0.435843,0.8272829,-0.08959236,-0.011206922,-0.55448234,nan,nan,nan,nan,nan,nan,0.0,0.0,0.0,0.0,0.0,0.0,nan,nan,nan,1,0,0,0
4355082476,4355082472,0.03584932,1.5711614,0.43651715,0.82742375,-0.09759274,-0.017983507,-0.5527406,nan,nan,nan,nan,nan,nan,0.0,0.0,0.0,0.0,0.0,0.0,nan,nan,nan,1,0,0,0
4355092904,4355092899,0.03600487,1.5724092,0.43707487,0.8274298,-0.10415054,-0.023457615,-0.55132794,nan,nan,nan,nan,nan,nan,0.0,0.0,0.0,0.0,0.0,0.0,nan,nan,nan,1,0,0,0
4355112409,4355112405,0.036214713,1.5748054,0.4378893,0.82638395,-0.116370976,-0.031776402,-0.5500342,nan,nan,nan,nan,nan,nan,0.0,0.0,0.0,0.0,0.0,0.0,nan,nan,nan,1,0,0,0
4355128652,4355128648,0.03623471,1.5770265,0.4382715,0.8248019,-0.1280912,-0.039792642,-0.54928225,nan,nan,nan,nan,nan,nan,0.0,0.0,0.0,0.0,0.0,0.0,nan,nan,nan,1,0,0,0
4355132484,4355132479,0.03619911,1.5780592,0.4383398,0.8241317,-0.13230677,-0.044569917,-0.5489219,nan,nan,nan,nan,nan,nan,0.0,0.0,0.0,0.0,0.0,0.0,nan,nan,nan,1,0,0,0
4355141527,4355141523,0.036095146,1.578904,0.43838334,0.8232386,-0.13552253,-0.047673028,-0.54921675,nan,nan,nan,nan,nan,nan,0.0,0.0,0.0,0.0,0.0,0.0,nan,nan,nan,1,0,0,0
4355148676,4355148671,0.036009487,1.5798746,0.4381713,0.82259905,-0.13923962,-0.05239959,-0.54881465,nan,nan,nan,nan,nan,nan,0.0,0.0,0.0,0.0,0.0,0.0,nan,nan,nan,1,0,0,0
4355157543,4355157518,0.03587141,1.5808496,0.43785873,0.8216766,-0.14331654,-0.05654103,-0.54873574,nan,nan,nan,nan,nan,nan,0.0,0.0,0.0,0.0,0.0,0.0,nan,nan,nan,1,0,0,0
4355166510,4355166505,0.035696883,1.581735,0.43747735,0.82063496,-0.14751773,-0.05969447,-0.5488473,nan,nan,nan,nan,nan,nan,0.0,0.0,0.0,0.0,0.0,0.0,nan,nan,nan,1,0,0,0
4355174575,4355174569,0.035507776,1.5826987,0.43688312,0.8194245,-0.15211989,-0.063788414,-0.54893893,nan,nan,nan,nan,nan,nan,0.0,0.0,0.0,0.0,0.0,0.0,nan,nan,nan,1,0,0,0
4355184495,4355184491,0.03533491,1.5837345,0.43608177,0.81792694,-0.15724026,-0.06764693,-0.54926765,nan,nan,nan,nan,nan,nan,0.0,0.0,0.0,0.0,0.0,0.0,nan,nan,nan,1,0,0,0
4355193675,4355193622,0.035121057,1.5846561,0.43525842,0.81649303,-0.1616719,-0.07094619,-0.549698,nan,nan,nan,nan,nan,nan,0.0,0.0,0.0,0.0,0.0,0.0,nan,nan,nan,1,0,0,0
4355201482,4355201478,0.034853995,1.5854682,0.4344379,0.8149337,-0.16561486,-0.07313337,-0.5505508,nan,nan,nan,nan,nan,nan,0.0,0.0,0.0,0.0,0.0,0.0,nan,nan,nan,1,0,0,0
4355207484,4355207479,0.03460512,1.5862985,0.43349648,0.813574,-0.16938555,-0.07636039,-0.5509764,nan,nan,nan,nan,nan,nan,0.0,0.0,0.0,0.0,0.0,0.0,nan,nan,nan,1,0,0,0
4355215499,4355215494,0.034361083,1.5870833,0.43247333,0.8122606,-0.1734811,-0.07987797,-0.5511411,nan,nan,nan,nan,nan,nan,0.0,0.0,0.0,0.0,0.0,0.0,nan,nan,nan,1,0,0,0
4355224484,4355224479,0.03407136,1.587606,0.43161646,0.8111518,-0.17565632,-0.08386909,-0.5514922,nan,nan,nan,nan,nan,nan,0.0,0.0,0.0,0.0,0.0,0.0,nan,nan,nan,1,0,0,0
4355232489,4355232482,0.033784218,1.588081,0.43060374,0.8101013,-0.1778643,-0.08637986,-0.5519409,nan,nan,nan,nan,nan,nan,0.0,0.0,0.0,0.0,0.0,0.0,nan,nan,nan,1,0,0,0
4355241480,4355241475,0.033490725,1.5886043,0.4293531,0.8089072,-0.18061286,-0.09055898,-0.5521296,nan,nan,nan,nan,nan,nan,0.0,0.0,0.0,0.0,0.0,0.0,nan,nan,nan,1,0,0,0
4355248539,4355248534,0.033170275,1.5889872,0.42810082,0.807574,-0.18216759,-0.093264654,-0.5531193,nan,nan,nan,nan,nan,nan,0.0,0.0,0.0,0.0,0.0,0.0,nan,nan,nan,1,0,0,0
4355257488,4355257480,0.032812048,1.5893255,0.42676723,0.8059292,-0.18426655,-0.096168466,-0.5543244,nan,nan,nan,nan,nan,nan,0.0,0.0,0.0,0.0,0.0,0.0,nan,nan,nan,1,0,0,0
4355266487,4355266482,0.03247022,1.5896696,0.4253397,0.8044797,-0.18636902,-0.09923913,-0.5551852,nan,nan,nan,nan,nan,nan,0.0,0.0,0.0,0.0,0.0,0.0,nan,nan,nan,1,0,0,0
4355273531,4355273505,0.032132316,1.589912,0.42388117,0.8031185,-0.18784462,-0.101044044,-0.55633193,nan,nan,nan,nan,nan,nan,0.0,0.0,0.0,0.0,0.0,0.0,nan,nan,nan,1,0,0,0
4355282494,4355282489,0.03179345,1.5902634,0.42217082,0.8017337,-0.19056147,-0.1044215,-0.5567814,nan,nan,nan,nan,nan,nan,0.0,0.0,0.0,0.0,0.0,0.0,nan,nan,nan,1,0,0,0
4355291486,4355291482,0.03140313,1.59046,0.4204819,0.8005586,-0.19229868,-0.10768341,-0.5572534,nan,nan,nan,nan,nan,nan,0.0,0.0,0.0,0.0,0.0,0.0,nan,nan,nan,1,0,0,0
4355301176,4355301172,0.03101065,1.5906353,0.4186705,0.7991262,-0.19400716,-0.110346965,-0.5581954,nan,nan,nan,nan,nan,nan,0.0,0.0,0.0,0.0,0.0,0.0,nan,nan,nan,1,0,0,0
4355308490,4355308486,0.030582916,1.5906819,0.41684666,0.7973718,-0.1949964,-0.11099777,-0.5602268,nan,nan,nan,nan,nan,nan,0.0,0.0,0.0,0.0,0.0,0.0,nan,nan,nan,1,0,0,0
4355316575,4355316570,0.030176762,1.590817,0.41484383,0.79575086,-0.19608438,-0.1135573,-0.56163704,nan,nan,nan,nan,nan,nan,0.0,0.0,0.0,0.0,0.0,0.0,nan,nan,nan,1,0,0,0
4355325004,4355324999,0.029698363,1.5907873,0.41284826,0.7938091,-0.19705625,-0.11476744,-0.5637945,nan,nan,nan,nan,nan,nan,0.0,0.0,0.0,0.0,0.0,0.0,nan,nan,nan,1,0,0,0
4355333036,4355332989,0.02927117,1.5907973,0.41082215,0.7920461,-0.1979382,-0.116016656,-0.5657062,nan,nan,nan,nan,nan,nan,0.0,0.0,0.0,0.0,0.0,0.0,nan,nan,nan,1,0,0,0
4355342616,4355342612,0.028811097,1.5907205,0.40876558,0.79011065,-0.19865519,-0.11630906,-0.56809634,nan,nan,nan,nan,nan,nan,0.0,0.0,0.0,0.0,0.0,0.0,nan,nan,nan,1,0,0,0
4355351767,4355351763,0.028405908,1.5907611,0.4065505,0.788416,-0.2001042,-0.11852995,-0.5694814,nan,nan,nan,nan,nan,nan,0.0,0.0,0.0,0.0,0.0,0.0,nan,nan,nan,1,0,0,0
4355357516,4355357486,0.028038181,1.590723,0.4043866,0.7867445,-0.20210019,-0.11974328,-0.5708329,nan,nan,nan,nan,nan,nan,0.0,0.0,0.0,0.0,0.0,0.0,nan,nan,nan,1,0,0,0
4355366507,4355366502,0.0276506,1.590662,0.4021776,0.7851665,-0.20338555,-0.12082224,-0.57231975,nan,nan,nan,nan,nan,nan,0.0,0.0,0.0,0.0,0.0,0.0,nan,nan,nan,1,0,0,0
4355373479,4355373475,0.027239567,1.5905327,0.3999195,0.7837956,-0.20367113,-0.121860795,-0.573875,nan,nan,nan,nan,nan,nan,0.0,0.0,0.0,0.0,0.0,0.0,nan,nan,nan,1,0,0,0
4355382474,4355382470,0.02684661,1.59036,0.39773703,0.7821874,-0.20409484,-0.12248338,-0.57578295,nan,nan,nan,nan,nan,nan,0.0,0.0,0.0,0.0,0.0,0.0,nan,nan,nan,1,0,0,0
4355390524,4355390519,0.026477372,1.5902232,0.3953223,0.7798895,-0.20536608,-0.1220329,-0.578537,nan,nan,nan,nan,nan,nan,0.0,0.0,0.0,0.0,0.0,0.0,nan,nan,nan,1,0,0,0
4355401249,4355401245,0.026115058,1.5900769,0.39292678,0.7779733,-0.20601235,-0.12239019,-0.5808073,nan,nan,nan,nan,nan,nan,0.0,0.0,0.0,0.0,0.0,0.0,nan,nan,nan,1,0,0,0
4355407483,4355407479,0.025729138,1.589773,0.3906033,0.77606666,-0.2060588,-0.12227866,-0.58335936,nan,nan,nan,nan,nan,nan,0.0,0.0,0.0,0.0,0.0,0.0,nan,nan,nan,1,0,0,0
4355418474,4355418469,0.025370058,1.5894779,0.3882351,0.77425313,-0.20572406,-0.12229471,-0.58587843,nan,nan,nan,nan,nan,nan,0.0,0.0,0.0,0.0,0.0,0.0,nan,nan,nan,1,0,0,0
4355425062,4355425058,0.025008846,1.5891637,0.38591477,0.77274966,-0.20485027,-0.12240181,-0.58814293,nan,nan,nan,nan,nan,nan,0.0,0.0,0.0,0.0,0.0,0.0,nan,nan,nan,1,0,0,0
4355433538,4355433534,0.024727022,1.5889586,0.38350728,0.7709065,-0.20516208,-0.122431695,-0.5904423,nan,nan,nan,nan,nan,nan,0.0,0.0,0.0,0.0,0.0,0.0,nan,nan,nan,1,0,0,0
4355441482,4355441476,0.024441916,1.5886701,0.38116625,0.7694885,-0.2043943,-0.121471174,-0.59275216,nan,nan,nan,nan,nan,nan,0.0,0.0,0.0,0.0,0.0,0.0,nan,nan,nan,1,0,0,0
4355451503,4355451499,0.0241421,1.5883112,0.37892857,0.768188,-0.20312198,-0.12047645,-0.59507483,nan,nan,nan,nan,nan,nan,0.0,0.0,0.0,0.0,0.0,0.0,nan,nan,nan,1,0,0,0
4355457481,4355457477,0.023858018,1.5879393,0.37666,0.7665776,-0.2021439,-0.11998946,-0.5975778,nan,nan,nan,nan,nan,nan,0.0,0.0,0.0,0.0,0.0,0.0,nan,nan,nan,1,0,0,0
4355466511,4355466506,0.023620566,1.587647,0.3742684,0.7650872,-0.20157242,-0.120014966,-0.5996721,nan,nan,nan,nan,nan,nan,0.0,0.0,0.0,0.0,0.0,0.0,nan,nan,nan,1,0,0,0
4355473483,4355473478,0.023422306,1.5873235,0.3718803,0.76363206,-0.20099491,-0.1204417,-0.60163194,nan,nan,nan,nan,nan,nan,0.0,0.0,0.0,0.0,0.0,0.0,nan,nan,nan,1,0,0,0
4355482472,4355482467,0.02323461,1.5870005,0.36951903,0.7621355,-0.20059603,-0.120067775,-0.60373366,nan,nan,nan,nan,nan,nan,0.0,0.0,0.0,0.0,0.0,0.0,nan,nan,nan,1,0,0,0
4355491514,4355491509,0.023062807,1.5865997,0.36719605,0.760639,-0.19962111,-0.118823566,-0.6061854,nan,nan,nan,nan,nan,nan,0.0,0.0,0.0,0.0,0.0,0.0,nan,nan,nan,1,0,0,0
4355500883,4355500879,0.022919212,1.5863508,0.36481318,0.75929815,-0.19861427,-0.1188663,-0.6081854,nan,nan,nan,nan,nan,nan,0.0,0.0,0.0,0.0,0.0,0.0,nan,nan,nan,1,0,0,0
4355507534,4355507529,0.022841616,1.5861236,0.36239624,0.75793546,-0.19836843,-0.11911853,-0.6099135,nan,nan,nan,nan,nan,nan,0.0,0.0,0.0,0.0,0.0,0.0,nan,nan,nan,1,0,0,0
4355516593,4355516588,0.022783246,1.5858893,0.36002803,0.7568382,-0.19753414,-0.117982104,-0.61176485,nan,nan,nan,nan,nan,nan,0.0,0.0,0.0,0.0,0.0,0.0,nan,nan,nan,1,0,0,0
4355524668,4355524665,0.022753716,1.5856938,0.35769907,0.75569826,-0.19641694,-0.11731427,-0.61365944,nan,nan,nan,nan,nan,nan,0.0,0.0,0.0,0.0,0.0,0.0,nan,nan,nan,1,0,0,0
4355535594,4355535589,0.02272871,1.5854989,0.35531688,0.7546998,-0.19489175,-0.11590716,-0.6156386,nan,nan,nan,nan,nan,nan,0.0,0.0,0.0,0.0,0.0,0.0,nan,nan,nan,1,0,0,0
4355541873,4355541622,0.022682749,1.5852145,0.35305262,0.7534374,-0.19311106,-0.11345149,-0.6181983,nan,nan,nan,nan,nan,nan,0.0,0.0,0.0,0.0,0.0,0.0,nan,nan,nan,1,0,0,0
4355551010,4355551005,0.02268358,1.5850433,0.35071135,0.75229096,-0.19100572,-0.11212931,-0.6204853,nan,nan,nan,nan,nan,nan,0.0,0.0,0.0,0.0,0.0,0.0,nan,nan,nan,1,0,0,0
4355558483,4355558478,0.022757186,1.5849556,0.34831992,0.75075454,-0.1908326,-0.11049957,-0.622688,nan,nan,nan,nan,nan,nan,0.0,0.0,0.0,0.0,0.0,0.0,nan,nan,nan,1,0,0,0
4355576546,4355576542,0.022961562,1.5849491,0.3435041,0.7483437,-0.19091754,-0.1091825,-0.62578857,nan,nan,nan,nan,nan,nan,0.0,0.0,0.0,0.0,0.0,0.0,nan,nan,nan,1,0,0,0
4355595601,4355595597,0.023230134,1.5848675,0.3389963,0.746893,-0.18918295,-0.10826414,-0.62820345,nan,nan,nan,nan,nan,nan,0.0,0.0,0.0,0.0,0.0,0.0,nan,nan,nan,1,0,0,0
4355608487,4355608482,0.023429405,1.5848575,0.33670083,0.7460088,-0.18770137,-0.106438965,-0.63000774,nan,nan,nan,nan,nan,nan,0.0,0.0,0.0,0.0,0.0,0.0,nan,nan,nan,1,0,0,0
4355611436,4355611431,0.023610463,1.5848451,0.33448067,0.74528337,-0.18592839,-0.10413591,-0.6317744,nan,nan,nan,nan,nan,nan,0.0,0.0,0.0,0.0,0.0,0.0,nan,nan,nan,1,0,0,0
4355615723,4355615718,0.023794983,1.5848846,0.33227557,0.744494,-0.18431206,-0.10190243,-0.6335406,nan,nan,nan,nan,nan,nan,0.0,0.0,0.0,0.0,0.0,0.0,nan,nan,nan,1,0,0,0
4355624661,4355624657,0.024034662,1.5849046,0.33004537,0.743841,-0.18179667,-0.09927296,-0.63544905,nan,nan,nan,nan,nan,nan,0.0,0.0,0.0,0.0,0.0,0.0,nan,nan,nan,1,0,0,0
4355635505,4355635501,0.02433036,1.5851012,0.3277346,0.7430999,-0.18149194,-0.09844896,-0.63653046,nan,nan,nan,nan,nan,nan,0.0,0.0,0.0,0.0,0.0,0.0,nan,nan,nan,1,0,0,0
4355642979,4355642974,0.02456495,1.5851669,0.32553974,0.742355,-0.17979518,-0.09488968,-0.6384189,nan,nan,nan,nan,nan,nan,0.0,0.0,0.0,0.0,0.0,0.0,nan,nan,nan,1,0,0,0
4355650199,4355650195,0.024886398,1.5854073,0.32314542,0.7416685,-0.1796969,-0.09368482,-0.6394217,nan,nan,nan,nan,nan,nan,0.0,0.0,0.0,0.0,0.0,0.0,nan,nan,nan,1,0,0,0
4355658226,4355658221,0.025101496,1.5853914,0.32092515,0.74058247,-0.17798068,-0.090156734,-0.6416637,nan,nan,nan,nan,nan,nan,0.0,0.0,0.0,0.0,0.0,0.0,nan,nan,nan,1,0,0,0
4355666694,4355666666,0.02536634,1.5855035,0.31861424,0.7394284,-0.17662624,-0.08821192,-0.64363605,nan,nan,nan,nan,nan,nan,0.0,0.0,0.0,0.0,0.0,0.0,nan,nan,nan,1,0,0,0
4355674543,4355674539,0.02567964,1.585663,0.31635073,0.73876995,-0.17452127,-0.088147655,-0.6449739,nan,nan,nan,nan,nan,nan,0.0,0.0,0.0,0.0,0.0,0.0,nan,nan,nan,1,0,0,0
4355682477,4355682473,0.025957655,1.5857477,0.31416252,0.7379007,-0.17207931,-0.08461602,-0.6470946,nan,nan,nan,nan,nan,nan,0.0,0.0,0.0,0.0,0.0,0.0,nan,nan,nan,1,0,0,0
4355692191,4355692186,0.026355546,1.5860232,0.3119086,0.73748153,-0.17150499,-0.08382973,-0.6478269,nan,nan,nan,nan,nan,nan,0.0,0.0,0.0,0.0,0.0,0.0,nan,nan,nan,1,0,0,0
4355702924,4355702919,0.026712438,1.5861645,0.30985746,0.7369736,-0.16968855,-0.08069716,-0.6492793,nan,nan,nan,nan,nan,nan,0.0,0.0,0.0,0.0,0.0,0.0,nan,nan,nan,1,0,0,0
4355707481,4355707476,0.027106933,1.5863883,0.30773196,0.7366375,-0.16834451,-0.078610234,-0.6502659,nan,nan,nan,nan,nan,nan,0.0,0.0,0.0,0.0,0.0,0.0,nan,nan,nan,1,0,0,0
4355715753,4355715747,0.027540542,1.5866089,0.30553773,0.73618954,-0.16693644,-0.07703909,-0.6513234,nan,nan,nan,nan,nan,nan,0.0,0.0,0.0,0.0,0.0,0.0,nan,nan,nan,1,0,0,0
4355724766,4355724761,0.027982881,1.5868431,0.30327603,0.7353775,-0.16551195,-0.075528234,-0.65277964,nan,nan,nan,nan,nan,nan,0.0,0.0,0.0,0.0,0.0,0.0,nan,nan,nan,1,0,0,0
4355732811,4355732807,0.028423278,1.5871944,0.30095723,0.7345447,-0.1650838,-0.07538631,-0.65384126,nan,nan,nan,nan,nan,nan,0.0,0.0,0.0,0.0,0.0,0.0,nan,nan,nan,1,0,0,0
4355740657,4355740652,0.028812803,1.587392,0.29872864,0.7336466,-0.16323194,-0.0728149,-0.6556036,nan,nan,nan,nan,nan,nan,0.0,0.0,0.0,0.0,0.0,0.0,nan,nan,nan,1,0,0,0
4355751070,4355751065,0.029242866,1.5876939,0.2964031,0.73254055,-0.16234857,-0.07120731,-0.6572342,nan,nan,nan,nan,nan,nan,0.0,0.0,0.0,0.0,0.0,0.0,nan,nan,nan,1,0,0,0
4355757523,4355757518,0.029727077,1.5880154,0.2940447,0.73153144,-0.1621518,-0.06989103,-0.65854675,nan,nan,nan,nan,nan,nan,0.0,0.0,0.0,0.0,0.0,0.0,nan,nan,nan,1,0,0,0
4355767509,4355767504,0.03025335,1.5884565,0.2915782,0.73056877,-0.1625096,-0.06983371,-0.6595325,nan,nan,nan,nan,nan,nan,0.0,0.0,0.0,0.0,0.0,0.0,nan,nan,nan,1,0,0,0
4355774521,4355774516,0.030684434,1.5886701,0.28928748,0.72943586,-0.16082339,-0.06684569,-0.6615064,nan,nan,nan,nan,nan,nan,0.0,0.0,0.0,0.0,0.0,0.0,nan,nan,nan,1,0,0,0
4355782484,4355782479,0.031140994,1.5889663,0.2869311,0.72836083,-0.16016464,-0.06555212,-0.66297865,nan,nan,nan,nan,nan,nan,0.0,0.0,0.0,0.0,0.0,0.0,nan,nan,nan,1,0,0,0
4355790985,4355790980,0.031594608,1.5892478,0.2846207,0.7274973,-0.15977891,-0.064853854,-0.6640877,nan,nan,nan,nan,nan,nan,0.0,0.0,0.0,0.0,0.0,0.0,nan,nan,nan,1,0,0,0
4355803486,4355803481,0.032108836,1.5895784,0.2822197,0.72670287,-0.15921803,-0.064312816,-0.66514385,nan,nan,nan,nan,nan,nan,0.0,0.0,0.0,0.0,0.0,0.0,nan,nan,nan,1,0,0,0
4355807482,4355807478,0.032590847,1.5898743,0.27986103,0.7256481,-0.15862364,-0.06343424,-0.6665205,nan,nan,nan,nan,nan,nan,0.0,0.0,0.0,0.0,0.0,0.0,nan,nan,nan,1,0,0,0
4355815476,4355815472,0.0331306,1.5902964,0.27743956,0.7246963,-0.15907124,-0.06402261,-0.6673925,nan,nan,nan,nan,nan,nan,0.0,0.0,0.0,0.0,0.0,0.0,nan,nan,nan,1,0,0,0
4355824494,4355824489,0.03360005,1.5904883,0.2751775,0.723581,-0.15753293,-0.061786205,-0.6691759,nan,nan,nan,nan,nan,nan,0.0,0.0,0.0,0.0,0.0,0.0,nan,nan,nan,1,0,0,0
4355831630,4355831626,0.034094684,1.5907797,0.27283898,0.722622,-0.15727848,-0.061406773,-0.670306,nan,nan,nan,nan,nan,nan,0.0,0.0,0.0,0.0,0.0,0.0,nan,nan,nan,1,0,0,0
4355842249,4355842244,0.034627747,1.5910635,0.27053297,0.7215572,-0.15668082,-0.06023784,-0.6716977,nan,nan,nan,nan,nan,nan,0.0,0.0,0.0,0.0,0.0,0.0,nan,nan,nan,1,0,0,0
4355851071,4355851066,0.035127755,1.5913341,0.26823908,0.7206604,-0.15558705,-0.05942306,-0.67298603,nan,nan,nan,nan,nan,nan,0.0,0.0,0.0,0.0,0.0,0.0,nan,nan,nan,1,0,0,0
4355857647,4355857643,0.03567628,1.5917293,0.26586097,0.71965355,-0.15578517,-0.059908185,-0.6739739,nan,nan,nan,nan,nan,nan,0.0,0.0,0.0,0.0,0.0,0.0,nan,nan,nan,1,0,0,0
4355866617,4355866612,0.036147214,1.5919285,0.26366588,0.71838325,-0.15440625,-0.05794756,-0.6758153,nan,nan,nan,nan,nan,nan,0.0,0.0,0.0,0.0,0.0,0.0,nan,nan,nan,1,0,0,0
4355874483,4355874479,0.036694214,1.5922704,0.2613701,0.71721774,-0.15401429,-0.057343017,-0.67719287,nan,nan,nan,nan,nan,nan,0.0,0.0,0.0,0.0,0.0,0.0,nan,nan,nan,1,0,0,0
4355885477,4355885473,0.037283354,1.5926967,0.25899425,0.7162735,-0.15376507,-0.057751317,-0.67821336,nan,nan,nan,nan,nan,nan,0.0,0.0,0.0,0.0,0.0,0.0,nan,nan,nan,1,0,0,0
4355890713,4355890708,0.03775713,1.592903,0.25687224,0.7150795,-0.15251195,-0.05560824,-0.67993325,nan,nan,nan,nan,nan,nan,0.0,0.0,0.0,0.0,0.0,0.0,nan,nan,nan,1,0,0,0
4355899735,4355899730,0.0383563,1.5933493,0.25457415,0.7140549,-0.15261796,-0.05580599,-0.68096924,nan,nan,nan,nan,nan,nan,0.0,0.0,0.0,0.0,0.0,0.0,nan,nan,nan,1,0,0,0
4355907712,4355907481,0.03887229,1.5935453,0.25256702,0.7132518,-0.1509961,-0.053590998,-0.6823488,nan,nan,nan,nan,nan,nan,0.0,0.0,0.0,0.0,0.0,0.0,nan,nan,nan,1,0,0,0
4355916741,4355916735,0.03946506,1.5939434,0.25046197,0.71251607,-0.15036096,-0.0523165,-0.683356,nan,nan,nan,nan,nan,nan,0.0,0.0,0.0,0.0,0.0,0.0,nan,nan,nan,1,0,0,0
4355923524,4355923519,0.040077478,1.5944078,0.24833941,0.7119909,-0.14996694,-0.052368663,-0.68398565,nan,nan,nan,nan,nan,nan,0.0,0.0,0.0,0.0,0.0,0.0,nan,nan,nan,1,0,0,0
4355933515,4355933509,0.040569574,1.5946462,0.2463596,0.7111515,-0.14768767,-0.0500793,-0.68552464,nan,nan,nan,nan,nan,nan,0.0,0.0,0.0,0.0,0.0,0.0,nan,nan,nan,1,0,0,0
4355941455,4355941450,0.04112548,1.5949748,0.24437352,0.7103146,-0.14657886,-0.04877699,-0.6867232,nan,nan,nan,nan,nan,nan,0.0,0.0,0.0,0.0,0.0,0.0,nan,nan,nan,1,0,0,0
4355950088,4355950083,0.04169,1.5953344,0.24235424,0.709364,-0.14552176,-0.048069756,-0.6879792,nan,nan,nan,nan,nan,nan,0.0,0.0,0.0,0.0,0.0,0.0,nan,nan,nan,1,0,0,0
4355957890,4355957885,0.04226603,1.5956813,0.24040376,0.7082076,-0.14389995,-0.046543982,-0.68961465,nan,nan,nan,nan,nan,nan,0.0,0.0,0.0,0.0,0.0,0.0,nan,nan,nan,1,0,0,0
4355966524,4355966519,0.04288682,1.5961835,0.2383555,0.70724034,-0.1432856,-0.046774905,-0.69071877,nan,nan,nan,nan,nan,nan,0.0,0.0,0.0,0.0,0.0,0.0,nan,nan,nan,1,0,0,0
4355974480,4355974474,0.04340396,1.5964514,0.23656256,0.70605767,-0.14094356,-0.043471586,-0.69262373,nan,nan,nan,nan,nan,nan,0.0,0.0,0.0,0.0,0.0,0.0,nan,nan,nan,1,0,0,0
4355983476,4355983471,0.04402647,1.5969957,0.23460074,0.70530045,-0.14061192,-0.04302918,-0.6934896,nan,nan,nan,nan,nan,nan,0.0,0.0,0.0,0.0,0.0,0.0,nan,nan,nan,1,0,0,0
4355990494,4355990489,0.044584274,1.5973217,0.23293595,0.7044043,-0.1381636,-0.03963754,-0.6950931,nan,nan,nan,nan,nan,nan,0.0,0.0,0.0,0.0,0.0,0.0,nan,nan,nan,1,0,0,0
4356000487,4356000482,0.04520629,1.5979419,0.23107904,0.7039221,-0.13819653,-0.039225753,-0.69559807,nan,nan,nan,nan,nan,nan,0.0,0.0,0.0,0.0,0.0,0.0,nan,nan,nan,1,0,0,0
4356007483,4356007478,0.04579568,1.5984102,0.229382,0.7034947,-0.13703425,-0.037538197,-0.6963531,nan,nan,nan,nan,nan,nan,0.0,0.0,0.0,0.0,0.0,0.0,nan,nan,nan,1,0,0,0
4356028489,4356028483,0.046976097,1.5994161,0.22602725,0.70280665,-0.13494734,-0.034812838,-0.69759595,nan,nan,nan,nan,nan,nan,0.0,0.0,0.0,0.0,0.0,0.0,nan,nan,nan,1,0,0,0
4356032508,4356032502,0.04753694,1.5998913,0.22446752,0.70238817,-0.13410202,-0.032859202,-0.69827485,nan,nan,nan,nan,nan,nan,0.0,0.0,0.0,0.0,0.0,0.0,nan,nan,nan,1,0,0,0
4356041481,4356041475,0.048102025,1.6003424,0.22297297,0.7021983,-0.13224447,-0.030230707,-0.6989385,nan,nan,nan,nan,nan,nan,0.0,0.0,0.0,0.0,0.0,0.0,nan,nan,nan,1,0,0,0
4356051479,4356051474,0.048636615,1.6007863,0.22154228,0.70205593,-0.12993549,-0.027184384,-0.6996394,nan,nan,nan,nan,nan,nan,0.0,0.0,0.0,0.0,0.0,0.0,nan,nan,nan,1,0,0,0
4356057490,4356057485,0.04917902,1.6013671,0.22003186,0.7027959,-0.12432836,-0.023750298,-0.7000402,nan,nan,nan,nan,nan,nan,0.0,0.0,0.0,0.0,0.0,0.0,nan,nan,nan,1,0,0,0
4356066142,4356065968,0.04963912,1.6018169,0.21872984,0.70291734,-0.12160971,-0.019263161,-0.70053357,nan,nan,nan,nan,nan,nan,0.0,0.0,0.0,0.0,0.0,0.0,nan,nan,nan,1,0,0,0
4356075177,4356075172,0.050124884,1.6022834,0.21745217,0.7029318,-0.119307235,-0.014652924,-0.7010263,nan,nan,nan,nan,nan,nan,0.0,0.0,0.0,0.0,0.0,0.0,nan,nan,nan,1,0,0,0
4356083947,4356083943,0.050595354,1.6028026,0.21625523,0.7029552,-0.117271334,-0.009987423,-0.70142835,nan,nan,nan,nan,nan,nan,0.0,0.0,0.0,0.0,0.0,0.0,nan,nan,nan,1,0,0,0
4356090481,4356090476,0.051051427,1.6033314,0.21506454,0.70312196,-0.11552705,-0.0055788504,-0.7015996,nan,nan,nan,nan,nan,nan,0.0,0.0,0.0,0.0,0.0,0.0,nan,nan,nan,1,0,0,0
4356103148,4356103143,0.05150631,1.6038741,0.21386597,0.70326096,-0.11395931,-0.0015769711,-0.701737,nan,nan,nan,nan,nan,nan,0.0,0.0,0.0,0.0,0.0,0.0,nan,nan,nan,1,0,0,0
4356107479,4356107474,0.051946532,1.6044469,0.21276304,0.70343703,-0.11264305,0.0018662397,-0.7017723,nan,nan,nan,nan,nan,nan,0.0,0.0,0.0,0.0,0.0,0.0,nan,nan,nan,1,0,0,0
4356116475,4356116470,0.052390024,1.6050148,0.21171664,0.70375854,-0.111093216,0.00547578,-0.7016781,nan,nan,nan,nan,nan,nan,0.0,0.0,0.0,0.0,0.0,0.0,nan,nan,nan,1,0,0,0
4356123968,4356123963,0.052830543,1.6056118,0.21072446,0.7040994,-0.10956352,0.0095787505,-0.7015327,nan,nan,nan,nan,nan,nan,0.0,0.0,0.0,0.0,0.0,0.0,nan,nan,nan,1,0,0,0
4356133982,4356133977,0.053305466,1.6062148,0.209806,0.7045778,-0.107760966,0.013745655,-0.7012623,nan,nan,nan,nan,nan,nan,0.0,0.0,0.0,0.0,0.0,0.0,nan,nan,nan,1,0,0,0
4356140485,4356140479,0.053772725,1.6068135,0.20894204,0.70539516,-0.10578793,0.018185293,-0.7006396,nan,nan,nan,nan,nan,nan,0.0,0.0,0.0,0.0,0.0,0.0,nan,nan,nan,1,0,0,0
4356150476,4356150471,0.054279458,1.6074058,0.20812659,0.70609635,-0.10454825,0.022154316,-0.7000049,nan,nan,nan,nan,nan,nan,0.0,0.0,0.0,0.0,0.0,0.0,nan,nan,nan,1,0,0,0
4356157537,4356157531,0.054743193,1.6079497,0.20735882,0.7071445,-0.10195221,0.025781868,-0.69920504,nan,nan,nan,nan,nan,nan,0.0,0.0,0.0,0.0,0.0,0.0,nan,nan,nan,1,0,0,0
4356166510,4356166505,0.05523642,1.6084391,0.20667295,0.7077112,-0.09827392,0.030230641,-0.6989801,nan,nan,nan,nan,nan,nan,0.0,0.0,0.0,0.0,0.0,0.0,nan,nan,nan,1,0,0,0
4356174483,4356174477,0.055701938,1.608867,0.20608203,0.70875627,-0.09377922,0.034324445,-0.6983493,nan,nan,nan,nan,nan,nan,0.0,0.0,0.0,0.0,0.0,0.0,nan,nan,nan,1,0,0,0
4356182526,4356182498,0.056217026,1.6093264,0.20548725,0.7108294,-0.08866085,0.038157504,-0.69671,nan,nan,nan,nan,nan,nan,0.0,0.0,0.0,0.0,0.0,0.0,nan,nan,nan,1,0,0,0
4356191154,4356191148,0.05670633,1.6096903,0.20511653,0.71254665,-0.08278134,0.04463002,-0.6952932,nan,nan,nan,nan,nan,nan,0.0,0.0,0.0,0.0,0.0,0.0,nan,nan,nan,1,0,0,0
4356200538,4356200533,0.05718651,1.6100835,0.20484515,0.71473867,-0.077500984,0.050626077,-0.6932382,nan,nan,nan,nan,nan,nan,0.0,0.0,0.0,0.0,0.0,0.0,nan,nan,nan,1,0,0,0
4356210602,4356210597,0.057706363,1.6105143,0.20447259,0.7174203,-0.07263932,0.055353306,-0.69062847,nan,nan,nan,nan,nan,nan,0.0,0.0,0.0,0.0,0.0,0.0,nan,nan,nan,1,0,0,0
4356215473,4356215468,0.05815751,1.6109552,0.20419525,0.7197135,-0.0686279,0.05813729,-0.6884204,nan,nan,nan,nan,nan,nan,0.0,0.0,0.0,0.0,0.0,0.0,nan,nan,nan,1,0,0,0
4356224494,4356224488,0.058545783,1.6114769,0.20391464,0.7212721,-0.06605965,0.060124893,-0.686868,nan,nan,nan,nan,nan,nan,0.0,0.0,0.0,0.0,0.0,0.0,nan,nan,nan,1,0,0,0
4356233768,4356233763,0.05879459,1.6117892,0.20369574,0.7217982,-0.06455304,0.06480789,-0.6860321,nan,nan,nan,nan,nan,nan,0.0,0.0,0.0,0.0,0.0,0.0,nan,nan,nan,1,0,0,0
4356241485,4356241479,0.05925046,1.612779,0.20322864,0.7228035,-0.06296331,0.06343388,-0.6852495,nan,nan,nan,nan,nan,nan,0.0,0.0,0.0,0.0,0.0,0.0,nan,nan,nan,1,0,0,0
4356249824,4356249819,0.059468836,1.6131886,0.20299885,0.72290546,-0.062521756,0.068575464,-0.68468696,nan,nan,nan,nan,nan,nan,0.0,0.0,0.0,0.0,0.0,0.0,nan,nan,nan,1,0,0,0
4356257491,4356257486,0.059826694,1.6139361,0.20265122,0.722845,-0.061705552,0.07236706,-0.6844345,nan,nan,nan,nan,nan,nan,0.0,0.0,0.0,0.0,0.0,0.0,nan,nan,nan,1,0,0,0
4356266479,4356266473,0.06014589,1.6145434,0.20247667,0.7238126,-0.061141554,0.07388071,-0.6832999,nan,nan,nan,nan,nan,nan,0.0,0.0,0.0,0.0,0.0,0.0,nan,nan,nan,1,0,0,0
4356274625,4356274620,0.060518485,1.6152334,0.20224251,0.7242442,-0.06045579,0.07706822,-0.682551,nan,nan,nan,nan,nan,nan,0.0,0.0,0.0,0.0,0.0,0.0,nan,nan,nan,1,0,0,0
4356282972,4356282966,0.060846545,1.6158224,0.20211607,0.7254099,-0.058929358,0.07777622,-0.68136525,nan,nan,nan,nan,nan,nan,0.0,0.0,0.0,0.0,0.0,0.0,nan,nan,nan,1,0,0,0
4356292697,4356292692,0.06123983,1.6164681,0.20190768,0.72603846,-0.05737361,0.080281734,-0.6805375,nan,nan,nan,nan,nan,nan,0.0,0.0,0.0,0.0,0.0,0.0,nan,nan,nan,1,0,0,0
4356300532,4356300527,0.061575912,1.6169235,0.20182984,0.727141,-0.0544569,0.08305769,-0.6792656,nan,nan,nan,nan,nan,nan,0.0,0.0,0.0,0.0,0.0,0.0,nan,nan,nan,1,0,0,0
4356311671,4356311666,0.06184369,1.6172549,0.20186095,0.7285482,-0.0502986,0.08634991,-0.677666,nan,nan,nan,nan,nan,nan,0.0,0.0,0.0,0.0,0.0,0.0,nan,nan,nan,1,0,0,0
4356316597,4356316592,0.062152512,1.6175984,0.20184186,0.7293658,-0.045267645,0.09247269,-0.6763321,nan,nan,nan,nan,nan,nan,0.0,0.0,0.0,0.0,0.0,0.0,nan,nan,nan,1,0,0,0
4356324571,4356324566,0.06232854,1.617689,0.20205891,0.7306356,-0.038729493,0.097937636,-0.6745961,nan,nan,nan,nan,nan,nan,0.0,0.0,0.0,0.0,0.0,0.0,nan,nan,nan,1,0,0,0
4356333757,4356333752,0.06252521,1.6178805,0.20219801,0.73227596,-0.03404724,0.10083385,-0.6726405,nan,nan,nan,nan,nan,nan,0.0,0.0,0.0,0.0,0.0,0.0,nan,nan,nan,1,0,0,0
4356340511,4356340506,0.062812686,1.6182461,0.202252,0.7328122,-0.031081557,0.10509087,-0.6715476,nan,nan,nan,nan,nan,nan,0.0,0.0,0.0,0.0,0.0,0.0,nan,nan,nan,1,0,0,0
4356349555,4356349550,0.06304654,1.6186529,0.20231894,0.7341467,-0.02827753,0.1066647,-0.66996384,nan,nan,nan,nan,nan,nan,0.0,0.0,0.0,0.0,0.0,0.0,nan,nan,nan,1,0,0,0
4356357492,4356357488,0.06318704,1.6189325,0.20253895,0.73529917,-0.025874754,0.1097086,-0.66830355,nan,nan,nan,nan,nan,nan,0.0,0.0,0.0,0.0,0.0,0.0,nan,nan,nan,1,0,0,0
4356366483,4356366479,0.0633194,1.6192976,0.20271666,0.73615015,-0.024786972,0.11239826,-0.66695964,nan,nan,nan,nan,nan,nan,0.0,0.0,0.0,0.0,0.0,0.0,nan,nan,nan,1,0,0,0
4356374566,4356374561,0.0633917,1.6196749,0.20280977,0.7372676,-0.02416963,0.113404065,-0.6655762,nan,nan,nan,nan,nan,nan,0.0,0.0,0.0,0.0,0.0,0.0,nan,nan,nan,1,0,0,0
4356382480,4356382475,0.063381664,1.6199768,0.2030363,0.73797643,-0.022765253,0.114675835,-0.66462165,nan,nan,nan,nan,nan,nan,0.0,0.0,0.0,0.0,0.0,0.0,nan,nan,nan,1,0,0,0
4356391485,4356391474,0.06340368,1.6203308,0.20322965,0.7381161,-0.02267053,0.11749606,-0.66397697,nan,nan,nan,nan,nan,nan,0.0,0.0,0.0,0.0,0.0,0.0,nan,nan,nan,1,0,0,0
4356399811,4356399807,0.063380904,1.62061,0.20351452,0.73869365,-0.023171846,0.11866485,-0.6631089,nan,nan,nan,nan,nan,nan,0.0,0.0,0.0,0.0,0.0,0.0,nan,nan,nan,1,0,0,0
4356407482,4356407477,0.063475184,1.6210634,0.20382187,0.7392651,-0.026139239,0.12044271,-0.66204035,nan,nan,nan,nan,nan,nan,0.0,0.0,0.0,0.0,0.0,0.0,nan,nan,nan,1,0,0,0
4356416479,4356416474,0.06327175,1.6209034,0.2042911,0.73915017,-0.024675025,0.12634473,-0.66112417,nan,nan,nan,nan,nan,nan,0.0,0.0,0.0,0.0,0.0,0.0,nan,nan,nan,1,0,0,0
4356425162,4356425158,0.06313649,1.6210841,0.20481232,0.73976105,-0.025168335,0.12860398,-0.65998566,nan,nan,nan,nan,nan,nan,0.0,0.0,0.0,0.0,0.0,0.0,nan,nan,nan,1,0,0,0
4356432485,4356432480,0.06294776,1.6211697,0.20542988,0.74041295,-0.024733001,0.13146204,-0.65870684,nan,nan,nan,nan,nan,nan,0.0,0.0,0.0,0.0,0.0,0.0,nan,nan,nan,1,0,0,0
4356440649,4356440481,0.06274987,1.6212763,0.20606345,0.74074227,-0.025452964,0.13503253,-0.657586,nan,nan,nan,nan,nan,nan,0.0,0.0,0.0,0.0,0.0,0.0,nan,nan,nan,1,0,0,0
4356452112,4356452108,0.062549345,1.6214771,0.20662558,0.74085563,-0.027604561,0.13814923,-0.6567235,nan,nan,nan,nan,nan,nan,0.0,0.0,0.0,0.0,0.0,0.0,nan,nan,nan,1,0,0,0
4356457486,4356457481,0.062234152,1.6214652,0.20728199,0.74027616,-0.028103717,0.14208622,-0.65651584,nan,nan,nan,nan,nan,nan,0.0,0.0,0.0,0.0,0.0,0.0,nan,nan,nan,1,0,0,0
4356465676,4356465671,0.061911512,1.6215053,0.20795968,0.7395941,-0.029288458,0.1448249,-0.65663415,nan,nan,nan,nan,nan,nan,0.0,0.0,0.0,0.0,0.0,0.0,nan,nan,nan,1,0,0,0
4356474479,4356474475,0.061530676,1.6214494,0.2086657,0.7389084,-0.029656747,0.14748095,-0.6567984,nan,nan,nan,nan,nan,nan,0.0,0.0,0.0,0.0,0.0,0.0,nan,nan,nan,1,0,0,0
4356483516,4356483512,0.061161667,1.6215408,0.20938571,0.7375781,-0.032164488,0.15099996,-0.6573758,nan,nan,nan,nan,nan,nan,0.0,0.0,0.0,0.0,0.0,0.0,nan,nan,nan,1,0,0,0
4356490706,4356490701,0.060715564,1.6215049,0.2102258,0.7361403,-0.033375263,0.1549329,-0.6580117,nan,nan,nan,nan,nan,nan,0.0,0.0,0.0,0.0,0.0,0.0,nan,nan,nan,1,0,0,0
4356500360,4356500355,0.060263928,1.6214839,0.21112612,0.73491275,-0.03460154,0.15847287,-0.65847725,nan,nan,nan,nan,nan,nan,0.0,0.0,0.0,0.0,0.0,0.0,nan,nan,nan,1,0,0,0
4356506531,4356506527,0.059882626,1.6218536,0.21233729,0.7347406,-0.037965044,0.15671061,-0.6589057,nan,nan,nan,nan,nan,nan,0.0,0.0,0.0,0.0,0.0,0.0,nan,nan,nan,1,0,0,0
4356525571,4356525567,0.059308063,1.6213919,0.21333113,0.7333565,-0.038091388,0.16521549,-0.65836257,nan,nan,nan,nan,nan,nan,0.0,0.0,0.0,0.0,0.0,0.0,nan,nan,nan,1,0,0,0
4356527734,4356527699,0.058889862,1.6213591,0.21445961,0.7333681,-0.040993784,0.16722713,-0.65766704,nan,nan,nan,nan,nan,nan,0.0,0.0,0.0,0.0,0.0,0.0,nan,nan,nan,1,0,0,0
4356532561,4356532556,0.058486886,1.6212895,0.21560282,0.73361033,-0.044182226,0.16841051,-0.656888,nan,nan,nan,nan,nan,nan,0.0,0.0,0.0,0.0,0.0,0.0,nan,nan,nan,1,0,0,0
4356540539,4356540534,0.058059853,1.6211545,0.21674332,0.7336117,-0.04686881,0.16876525,-0.65660906,nan,nan,nan,nan,nan,nan,0.0,0.0,0.0,0.0,0.0,0.0,nan,nan,nan,1,0,0,0
4356549574,4356549570,0.057589162,1.6210093,0.21799828,0.7344118,-0.04934979,0.16542351,-0.65638334,nan,nan,nan,nan,nan,nan,0.0,0.0,0.0,0.0,0.0,0.0,nan,nan,nan,1,0,0,0
4356556495,4356556490,0.05706385,1.6208266,0.2191152,0.7336544,-0.05081523,0.16585277,-0.65700984,nan,nan,nan,nan,nan,nan,0.0,0.0,0.0,0.0,0.0,0.0,nan,nan,nan,1,0,0,0
4356566485,4356566480,0.05649232,1.6206583,0.22014493,0.7328015,-0.052724674,0.16474731,-0.65808856,nan,nan,nan,nan,nan,nan,0.0,0.0,0.0,0.0,0.0,0.0,nan,nan,nan,1,0,0,0
4356574481,4356574476,0.055924173,1.6206279,0.22130083,0.7329787,-0.055585295,0.15964884,-0.6589119,nan,nan,nan,nan,nan,nan,0.0,0.0,0.0,0.0,0.0,0.0,nan,nan,nan,1,0,0,0
4356582512,4356582508,0.055249713,1.6203729,0.22252332,0.73127353,-0.058286384,0.16170017,-0.6600718,nan,nan,nan,nan,nan,nan,0.0,0.0,0.0,0.0,0.0,0.0,nan,nan,nan,1,0,0,0
4356590698,4356590693,0.05458104,1.6201688,0.22377537,0.73067516,-0.061500084,0.16095193,-0.6606254,nan,nan,nan,nan,nan,nan,0.0,0.0,0.0,0.0,0.0,0.0,nan,nan,nan,1,0,0,0
4356600578,4356600573,0.053741455,1.6197146,0.22528778,0.7303108,-0.06430613,0.16144326,-0.6606414,nan,nan,nan,nan,nan,nan,0.0,0.0,0.0,0.0,0.0,0.0,nan,nan,nan,1,0,0,0
4356607482,4356607478,0.052991755,1.6193776,0.22681594,0.7301189,-0.06804029,0.16168523,-0.6604202,nan,nan,nan,nan,nan,nan,0.0,0.0,0.0,0.0,0.0,0.0,nan,nan,nan,1,0,0,0
4356616479,4356616474,0.052306212,1.6189327,0.2283377,0.7307855,-0.07117038,0.15986554,-0.65979564,nan,nan,nan,nan,nan,nan,0.0,0.0,0.0,0.0,0.0,0.0,nan,nan,nan,1,0,0,0
4356625480,4356625475,0.051637646,1.6185066,0.22973453,0.7310728,-0.07493664,0.15801936,-0.6595051,nan,nan,nan,nan,nan,nan,0.0,0.0,0.0,0.0,0.0,0.0,nan,nan,nan,1,0,0,0
4356632483,4356632478,0.05092414,1.6180004,0.23124602,0.73072565,-0.0784631,0.15689257,-0.6597486,nan,nan,nan,nan,nan,nan,0.0,0.0,0.0,0.0,0.0,0.0,nan,nan,nan,1,0,0,0
4356641634,4356641629,0.05021779,1.6175034,0.23271067,0.73019665,-0.08156355,0.15450124,-0.66052216,nan,nan,nan,nan,nan,nan,0.0,0.0,0.0,0.0,0.0,0.0,nan,nan,nan,1,0,0,0
4356652475,4356652470,0.049507342,1.6169728,0.2341933,0.72952753,-0.083404906,0.15231532,-0.6615386,nan,nan,nan,nan,nan,nan,0.0,0.0,0.0,0.0,0.0,0.0,nan,nan,nan,1,0,0,0
4356657492,4356657487,0.048829265,1.6166084,0.23559551,0.7281291,-0.08795802,0.15059948,-0.66288096,nan,nan,nan,nan,nan,nan,0.0,0.0,0.0,0.0,0.0,0.0,nan,nan,nan,1,0,0,0
4356665486,4356665481,0.04815595,1.6161729,0.23707533,0.7265858,-0.09181128,0.14958285,-0.66428053,nan,nan,nan,nan,nan,nan,0.0,0.0,0.0,0.0,0.0,0.0,nan,nan,nan,1,0,0,0
4356674484,4356674479,0.047426034,1.6156151,0.23867716,0.7249092,-0.09495662,0.14975333,-0.66563034,nan,nan,nan,nan,nan,nan,0.0,0.0,0.0,0.0,0.0,0.0,nan,nan,nan,1,0,0,0
4356683477,4356683472,0.046747547,1.6150376,0.24020274,0.7232604,-0.09842504,0.15052271,-0.66674566,nan,nan,nan,nan,nan,nan,0.0,0.0,0.0,0.0,0.0,0.0,nan,nan,nan,1,0,0,0
4356691710,4356691704,0.046038672,1.6143667,0.24173652,0.7218792,-0.1008158,0.15057422,-0.6678727,nan,nan,nan,nan,nan,nan,0.0,0.0,0.0,0.0,0.0,0.0,nan,nan,nan,1,0,0,0
4356699486,4356699481,0.04531198,1.6137788,0.24326566,0.7206837,-0.104018465,0.14893827,-0.6690386,nan,nan,nan,nan,nan,nan,0.0,0.0,0.0,0.0,0.0,0.0,nan,nan,nan,1,0,0,0
4356708607,4356708602,0.044477355,1.6128064,0.24489678,0.7192904,-0.104757816,0.14802158,-0.67062414,nan,nan,nan,nan,nan,nan,0.0,0.0,0.0,0.0,0.0,0.0,nan,nan,nan,1,0,0,0
4356715476,4356715471,0.04357966,1.6118393,0.24655241,0.7180131,-0.10618347,0.14474061,-0.6724823,nan,nan,nan,nan,nan,nan,0.0,0.0,0.0,0.0,0.0,0.0,nan,nan,nan,1,0,0,0
4356724487,4356724482,0.04265398,1.6108401,0.2481292,0.7176099,-0.10596622,0.13914686,-0.6741256,nan,nan,nan,nan,nan,nan,0.0,0.0,0.0,0.0,0.0,0.0,nan,nan,nan,1,0,0,0
4356732513,4356732508,0.04158258,1.6097473,0.24978188,0.71688795,-0.10606673,0.13327108,-0.6760623,nan,nan,nan,nan,nan,nan,0.0,0.0,0.0,0.0,0.0,0.0,nan,nan,nan,1,0,0,0
4356741533,4356741528,0.040503744,1.6086336,0.25130156,0.71728754,-0.10593435,0.12469535,-0.6772944,nan,nan,nan,nan,nan,nan,0.0,0.0,0.0,0.0,0.0,0.0,nan,nan,nan,1,0,0,0
4356761239,4356761233,0.039430737,1.607563,0.2528038,0.7176262,-0.104444504,0.116273515,-0.6786637,nan,nan,nan,nan,nan,nan,0.0,0.0,0.0,0.0,0.0,0.0,nan,nan,nan,1,0,0,0
4356761513,4356761509,0.038334284,1.6063988,0.25439093,0.7178548,-0.103155054,0.107625306,-0.6800443,nan,nan,nan,nan,nan,nan,0.0,0.0,0.0,0.0,0.0,0.0,nan,nan,nan,1,0,0,0
4356769646,4356769641,0.037270088,1.6051308,0.2560583,0.7178574,-0.100545086,0.0999992,-0.6815949,nan,nan,nan,nan,nan,nan,0.0,0.0,0.0,0.0,0.0,0.0,nan,nan,nan,1,0,0,0
4356774486,4356774481,0.036169898,1.603608,0.25799796,0.71779126,-0.0975002,0.09487394,-0.6828385,nan,nan,nan,nan,nan,nan,0.0,0.0,0.0,0.0,0.0,0.0,nan,nan,nan,1,0,0,0
4356786206,4356786201,0.035233792,1.6023651,0.25967157,0.717393,-0.09495849,0.0897368,-0.68430805,nan,nan,nan,nan,nan,nan,0.0,0.0,0.0,0.0,0.0,0.0,nan,nan,nan,1,0,0,0
4356791488,4356791481,0.03434335,1.6012707,0.2613802,0.71653837,-0.09463956,0.08543334,-0.68579674,nan,nan,nan,nan,nan,nan,0.0,0.0,0.0,0.0,0.0,0.0,nan,nan,nan,1,0,0,0
4356799484,4356799479,0.033478756,1.6002381,0.2630794,0.71584207,-0.09381559,0.079765424,-0.6873181,nan,nan,nan,nan,nan,nan,0.0,0.0,0.0,0.0,0.0,0.0,nan,nan,nan,1,0,0,0
4356809190,4356809185,0.032694425,1.5992925,0.26473334,0.71412987,-0.09331998,0.07557016,-0.689637,nan,nan,nan,nan,nan,nan,0.0,0.0,0.0,0.0,0.0,0.0,nan,nan,nan,1,0,0,0
4356815482,4356815477,0.031905312,1.5981498,0.2666444,0.7119328,-0.0916895,0.07496099,-0.692189,nan,nan,nan,nan,nan,nan,0.0,0.0,0.0,0.0,0.0,0.0,nan,nan,nan,1,0,0,0
4356824492,4356824486,0.031267036,1.5973669,0.26849785,0.71001214,-0.092693515,0.07388171,-0.6941412,nan,nan,nan,nan,nan,nan,0.0,0.0,0.0,0.0,0.0,0.0,nan,nan,nan,1,0,0,0
4356835482,4356835477,0.030754916,1.596758,0.27048877,0.70939195,-0.09261589,0.07112422,-0.6950732,nan,nan,nan,nan,nan,nan,0.0,0.0,0.0,0.0,0.0,0.0,nan,nan,nan,1,0,0,0
4356841631,4356840510,0.030304328,1.5962342,0.2723568,0.7093346,-0.09489831,0.0696488,-0.69497323,nan,nan,nan,nan,nan,nan,0.0,0.0,0.0,0.0,0.0,0.0,nan,nan,nan,1,0,0,0
4356853478,4356853473,0.029856374,1.5955168,0.27437422,0.70993704,-0.096784845,0.06908021,-0.69415414,nan,nan,nan,nan,nan,nan,0.0,0.0,0.0,0.0,0.0,0.0,nan,nan,nan,1,0,0,0
4356859732,4356859726,0.029504124,1.594926,0.2762283,0.71033984,-0.101666644,0.06776525,-0.6931731,nan,nan,nan,nan,nan,nan,0.0,0.0,0.0,0.0,0.0,0.0,nan,nan,nan,1,0,0,0
4356865488,4356865483,0.02921169,1.5940908,0.27792737,0.71155614,-0.10218516,0.06377621,-0.6922273,nan,nan,nan,nan,nan,nan,0.0,0.0,0.0,0.0,0.0,0.0,nan,nan,nan,1,0,0,0
4356874646,4356874641,0.028876094,1.5930072,0.2798441,0.7110174,-0.09917554,0.05729393,-0.69378376,nan,nan,nan,nan,nan,nan,0.0,0.0,0.0,0.0,0.0,0.0,nan,nan,nan,1,0,0,0
4356884814,4356884809,0.028436773,1.5918392,0.28191468,0.7105629,-0.0960955,0.04894877,-0.6953201,nan,nan,nan,nan,nan,nan,0.0,0.0,0.0,0.0,0.0,0.0,nan,nan,nan,1,0,0,0
4356890491,4356890485,0.027960382,1.5907694,0.28385368,0.71289295,-0.0933073,0.037591152,-0.6940204,nan,nan,nan,nan,nan,nan,0.0,0.0,0.0,0.0,0.0,0.0,nan,nan,nan,1,0,0,0
4356898808,4356898635,0.027524946,1.5894489,0.28605118,0.7155346,-0.08836842,0.028538326,-0.6923776,nan,nan,nan,nan,nan,nan,0.0,0.0,0.0,0.0,0.0,0.0,nan,nan,nan,1,0,0,0
4356910951,4356910946,0.027191086,1.587979,0.28841588,0.71889764,-0.08185106,0.01812189,-0.6900421,nan,nan,nan,nan,nan,nan,0.0,0.0,0.0,0.0,0.0,0.0,nan,nan,nan,1,0,0,0
4356916477,4356916472,0.026856294,1.5864438,0.29074618,0.7225325,-0.07542465,0.0064622555,-0.68717986,nan,nan,nan,nan,nan,nan,0.0,0.0,0.0,0.0,0.0,0.0,nan,nan,nan,1,0,0,0
4356924478,4356924473,0.026500877,1.5848225,0.2931107,0.72591966,-0.068733916,-0.0055504665,-0.6843139,nan,nan,nan,nan,nan,nan,0.0,0.0,0.0,0.0,0.0,0.0,nan,nan,nan,1,0,0,0
4356933494,4356933489,0.026144711,1.5830747,0.29553995,0.7281069,-0.06138288,-0.014566155,-0.6825542,nan,nan,nan,nan,nan,nan,0.0,0.0,0.0,0.0,0.0,0.0,nan,nan,nan,1,0,0,0
4356941480,4356941475,0.025871195,1.5814127,0.29779968,0.7306978,-0.053984255,-0.025329344,-0.6800918,nan,nan,nan,nan,nan,nan,0.0,0.0,0.0,0.0,0.0,0.0,nan,nan,nan,1,0,0,0
4356948994,4356948989,0.02551961,1.5796138,0.3000995,0.73263335,-0.045784038,-0.034574725,-0.678201,nan,nan,nan,nan,nan,nan,0.0,0.0,0.0,0.0,0.0,0.0,nan,nan,nan,1,0,0,0
4356958733,4356958728,0.025224162,1.5779039,0.30225417,0.7334208,-0.03968675,-0.042799253,-0.6772644,nan,nan,nan,nan,nan,nan,0.0,0.0,0.0,0.0,0.0,0.0,nan,nan,nan,1,0,0,0
4356975494,4356975489,0.024883613,1.5760981,0.30433205,0.73458654,-0.03307819,-0.051780023,-0.6757272,nan,nan,nan,nan,nan,nan,0.0,0.0,0.0,0.0,0.0,0.0,nan,nan,nan,1,0,0,0
4356980561,4356980557,0.02453268,1.5744601,0.30622742,0.73456943,-0.028074306,-0.059462152,-0.67533976,nan,nan,nan,nan,nan,nan,0.0,0.0,0.0,0.0,0.0,0.0,nan,nan,nan,1,0,0,0
4356982886,4356982881,0.024266668,1.5730242,0.3079469,0.734779,-0.02449929,-0.06956292,-0.6742852,nan,nan,nan,nan,nan,nan,0.0,0.0,0.0,0.0,0.0,0.0,nan,nan,nan,1,0,0,0
4356991482,4356991476,0.023946822,1.5716457,0.3096489,0.7345056,-0.020716712,-0.077043675,-0.6738967,nan,nan,nan,nan,nan,nan,0.0,0.0,0.0,0.0,0.0,0.0,nan,nan,nan,1,0,0,0
4356999496,4356999491,0.023544459,1.5702791,0.31140804,0.73380166,-0.017691953,-0.08170172,-0.67420095,nan,nan,nan,nan,nan,nan,0.0,0.0,0.0,0.0,0.0,0.0,nan,nan,nan,1,0,0,0
4357010024,4357010019,0.02321406,1.569399,0.312906,0.7333507,-0.018463241,-0.086370036,-0.67408913,nan,nan,nan,nan,nan,nan,0.0,0.0,0.0,0.0,0.0,0.0,nan,nan,nan,1,0,0,0
4357016474,4357016470,0.022786608,1.5684782,0.31451035,0.7326325,-0.020155894,-0.087013274,-0.67473847,nan,nan,nan,nan,nan,nan,0.0,0.0,0.0,0.0,0.0,0.0,nan,nan,nan,1,0,0,0
4357023888,4357023883,0.022444595,1.5679793,0.31587678,0.7319913,-0.025906913,-0.08838011,-0.6750604,nan,nan,nan,nan,nan,nan,0.0,0.0,0.0,0.0,0.0,0.0,nan,nan,nan,1,0,0,0
4357032871,4357032866,0.02208755,1.5675663,0.31722158,0.7308882,-0.032771315,-0.08807674,-0.67599624,nan,nan,nan,nan,nan,nan,0.0,0.0,0.0,0.0,0.0,0.0,nan,nan,nan,1,0,0,0
4357040484,4357040478,0.021717705,1.5672841,0.31850132,0.729002,-0.040459994,-0.08696857,-0.6777577,nan,nan,nan,nan,nan,nan,0.0,0.0,0.0,0.0,0.0,0.0,nan,nan,nan,1,0,0,0
4357051477,4357051472,0.02132724,1.5670067,0.3197836,0.7271255,-0.047033932,-0.08616924,-0.6794491,nan,nan,nan,nan,nan,nan,0.0,0.0,0.0,0.0,0.0,0.0,nan,nan,nan,1,0,0,0
4357059993,4357059988,0.021030754,1.5668641,0.32094276,0.7241795,-0.055145513,-0.084827274,-0.6821491,nan,nan,nan,nan,nan,nan,0.0,0.0,0.0,0.0,0.0,0.0,nan,nan,nan,1,0,0,0
4357066486,4357066481,0.020747118,1.5667826,0.32202357,0.72101223,-0.06286801,-0.08359114,-0.68498296,nan,nan,nan,nan,nan,nan,0.0,0.0,0.0,0.0,0.0,0.0,nan,nan,nan,1,0,0,0
4357074479,4357074474,0.020503365,1.5667747,0.32307556,0.71780795,-0.069638416,-0.082638085,-0.68780315,nan,nan,nan,nan,nan,nan,0.0,0.0,0.0,0.0,0.0,0.0,nan,nan,nan,1,0,0,0
4357083579,4357083574,0.02025242,1.5667915,0.32422236,0.71498847,-0.07534457,-0.082349055,-0.69016904,nan,nan,nan,nan,nan,nan,0.0,0.0,0.0,0.0,0.0,0.0,nan,nan,nan,1,0,0,0
4357090531,4357090526,0.020051405,1.5668656,0.32541505,0.71210676,-0.080679685,-0.082775414,-0.69249046,nan,nan,nan,nan,nan,nan,0.0,0.0,0.0,0.0,0.0,0.0,nan,nan,nan,1,0,0,0
4357100080,4357100075,0.019946927,1.5669641,0.326695,0.7101029,-0.08427831,-0.08403798,-0.69396585,nan,nan,nan,nan,nan,nan,0.0,0.0,0.0,0.0,0.0,0.0,nan,nan,nan,1,0,0,0
4357110317,4357110312,0.019902542,1.5671135,0.32806852,0.70873785,-0.08720244,-0.08607408,-0.69475,nan,nan,nan,nan,nan,nan,0.0,0.0,0.0,0.0,0.0,0.0,nan,nan,nan,1,0,0,0
4357119008,4357119003,0.019870076,1.5672513,0.32957968,0.70830053,-0.08875237,-0.08950379,-0.69456637,nan,nan,nan,nan,nan,nan,0.0,0.0,0.0,0.0,0.0,0.0,nan,nan,nan,1,0,0,0
4357124508,4357124503,0.019922126,1.5674177,0.33117175,0.7087744,-0.08951157,-0.0938352,-0.6934129,nan,nan,nan,nan,nan,nan,0.0,0.0,0.0,0.0,0.0,0.0,nan,nan,nan,1,0,0,0
4357132838,4357132833,0.02004125,1.5676322,0.33283952,0.7098518,-0.090344645,-0.09835134,-0.69157445,nan,nan,nan,nan,nan,nan,0.0,0.0,0.0,0.0,0.0,0.0,nan,nan,nan,1,0,0,0
4357140482,4357140477,0.02023584,1.5678707,0.33455613,0.7112525,-0.09137364,-0.10262477,-0.68937576,nan,nan,nan,nan,nan,nan,0.0,0.0,0.0,0.0,0.0,0.0,nan,nan,nan,1,0,0,0
4357148898,4357148893,0.02040705,1.5680288,0.33640173,0.71371937,-0.0921594,-0.107685685,-0.685941,nan,nan,nan,nan,nan,nan,0.0,0.0,0.0,0.0,0.0,0.0,nan,nan,nan,1,0,0,0
4357158265,4357158259,0.020585777,1.56818,0.33825085,0.7163295,-0.092712626,-0.11250379,-0.682363,nan,nan,nan,nan,nan,nan,0.0,0.0,0.0,0.0,0.0,0.0,nan,nan,nan,1,0,0,0
4357165488,4357165482,0.020751355,1.5682566,0.34015864,0.7187939,-0.09270522,-0.117600024,-0.6789044,nan,nan,nan,nan,nan,nan,0.0,0.0,0.0,0.0,0.0,0.0,nan,nan,nan,1,0,0,0
4357173493,4357173487,0.020932652,1.5683231,0.34197763,0.72105783,-0.090977624,-0.12329277,-0.67572004,nan,nan,nan,nan,nan,nan,0.0,0.0,0.0,0.0,0.0,0.0,nan,nan,nan,1,0,0,0
4357182591,4357182586,0.021125445,1.5683936,0.3438805,0.7231623,-0.08805335,-0.12877421,-0.6728298,nan,nan,nan,nan,nan,nan,0.0,0.0,0.0,0.0,0.0,0.0,nan,nan,nan,1,0,0,0
4357191488,4357191483,0.021331254,1.5685496,0.34574744,0.7250309,-0.085349336,-0.13419123,-0.6701033,nan,nan,nan,nan,nan,nan,0.0,0.0,0.0,0.0,0.0,0.0,nan,nan,nan,1,0,0,0
4357199479,4357199475,0.02160532,1.5688661,0.34756377,0.7274259,-0.08281547,-0.13952856,-0.6667271,nan,nan,nan,nan,nan,nan,0.0,0.0,0.0,0.0,0.0,0.0,nan,nan,nan,1,0,0,0
4357209999,4357209995,0.021867575,1.5693401,0.34945518,0.7299469,-0.08176048,-0.14290708,-0.6633779,nan,nan,nan,nan,nan,nan,0.0,0.0,0.0,0.0,0.0,0.0,nan,nan,nan,1,0,0,0
4357218775,4357218770,0.022271555,1.5701267,0.3512031,0.7325433,-0.08223996,-0.14444537,-0.66011554,nan,nan,nan,nan,nan,nan,0.0,0.0,0.0,0.0,0.0,0.0,nan,nan,nan,1,0,0,0
4357224686,4357224681,0.022694593,1.5710515,0.35290024,0.7358159,-0.08593643,-0.1470467,-0.65541375,nan,nan,nan,nan,nan,nan,0.0,0.0,0.0,0.0,0.0,0.0,nan,nan,nan,1,0,0,0
4357231528,4357231523,0.02315507,1.5720671,0.35447684,0.739179,-0.08972345,-0.14798693,-0.6508947,nan,nan,nan,nan,nan,nan,0.0,0.0,0.0,0.0,0.0,0.0,nan,nan,nan,1,0,0,0
4357240510,4357240505,0.023531556,1.5730292,0.355901,0.74197304,-0.09297209,-0.14639875,-0.6476107,nan,nan,nan,nan,nan,nan,0.0,0.0,0.0,0.0,0.0,0.0,nan,nan,nan,1,0,0,0
4357251472,4357251468,0.023939304,1.5741037,0.35708216,0.74395996,-0.09540752,-0.14578167,-0.6451114,nan,nan,nan,nan,nan,nan,0.0,0.0,0.0,0.0,0.0,0.0,nan,nan,nan,1,0,0,0
4357258958,4357258953,0.024338609,1.5752573,0.357932,0.74472165,-0.09771131,-0.14632556,-0.6437632,nan,nan,nan,nan,nan,nan,0.0,0.0,0.0,0.0,0.0,0.0,nan,nan,nan,1,0,0,0
4357266480,4357266475,0.02465765,1.5762373,0.35873345,0.74470437,-0.09819484,-0.14377049,-0.64428496,nan,nan,nan,nan,nan,nan,0.0,0.0,0.0,0.0,0.0,0.0,nan,nan,nan,1,0,0,0
4357274609,4357274597,0.025023796,1.5773882,0.35928854,0.74400735,-0.0988253,-0.142612,-0.64525074,nan,nan,nan,nan,nan,nan,0.0,0.0,0.0,0.0,0.0,0.0,nan,nan,nan,1,0,0,0
4357282712,4357282708,0.025428995,1.5787978,0.35954583,0.74316096,-0.10159185,-0.14211093,-0.6459066,nan,nan,nan,nan,nan,nan,0.0,0.0,0.0,0.0,0.0,0.0,nan,nan,nan,1,0,0,0
4357291603,4357291599,0.02577045,1.580082,0.35985008,0.74222046,-0.10376688,-0.13915317,-0.64728475,nan,nan,nan,nan,nan,nan,0.0,0.0,0.0,0.0,0.0,0.0,nan,nan,nan,1,0,0,0
4357298836,4357298832,0.026220597,1.5816169,0.35993218,0.7413185,-0.10773505,-0.13691796,-0.64814615,nan,nan,nan,nan,nan,nan,0.0,0.0,0.0,0.0,0.0,0.0,nan,nan,nan,1,0,0,0
4357308047,4357308042,0.026652208,1.5831659,0.3599426,0.74043274,-0.11238962,-0.13472378,-0.6488278,nan,nan,nan,nan,nan,nan,0.0,0.0,0.0,0.0,0.0,0.0,nan,nan,nan,1,0,0,0
4357315498,4357315493,0.027133634,1.5847694,0.35986173,0.73966706,-0.116758026,-0.1329639,-0.6492925,nan,nan,nan,nan,nan,nan,0.0,0.0,0.0,0.0,0.0,0.0,nan,nan,nan,1,0,0,0
4357324563,4357324559,0.027627146,1.5863384,0.3596854,0.7391714,-0.12030519,-0.13095188,-0.6496183,nan,nan,nan,nan,nan,nan,0.0,0.0,0.0,0.0,0.0,0.0,nan,nan,nan,1,0,0,0
4357334034,4357334029,0.028138105,1.5879512,0.3593657,0.7384892,-0.124306776,-0.13109176,-0.64961255,nan,nan,nan,nan,nan,nan,0.0,0.0,0.0,0.0,0.0,0.0,nan,nan,nan,1,0,0,0
4357340479,4357340474,0.028598208,1.5893377,0.35915056,0.7376,-0.12630035,-0.12870972,-0.65071356,nan,nan,nan,nan,nan,nan,0.0,0.0,0.0,0.0,0.0,0.0,nan,nan,nan,1,0,0,0
4357349547,4357349543,0.029125331,1.5908629,0.35865214,0.736802,-0.12955464,-0.1297677,-0.6507679,nan,nan,nan,nan,nan,nan,0.0,0.0,0.0,0.0,0.0,0.0,nan,nan,nan,1,0,0,0
4357357955,4357357950,0.029552393,1.5921263,0.35825866,0.73549193,-0.13154052,-0.12805052,-0.65219015,nan,nan,nan,nan,nan,nan,0.0,0.0,0.0,0.0,0.0,0.0,nan,nan,nan,1,0,0,0
4357365491,4357365486,0.030006412,1.5934424,0.3577148,0.7344546,-0.13374627,-0.12767667,-0.65298325,nan,nan,nan,nan,nan,nan,0.0,0.0,0.0,0.0,0.0,0.0,nan,nan,nan,1,0,0,0
4357374525,4357374520,0.030409507,1.5947416,0.35705027,0.7332071,-0.13595246,-0.12695175,-0.6540699,nan,nan,nan,nan,nan,nan,0.0,0.0,0.0,0.0,0.0,0.0,nan,nan,nan,1,0,0,0
4357383483,4357383475,0.030841535,1.5960811,0.35633162,0.73201907,-0.13803528,-0.12574752,-0.6551961,nan,nan,nan,nan,nan,nan,0.0,0.0,0.0,0.0,0.0,0.0,nan,nan,nan,1,0,0,0
4357391484,4357391479,0.031300187,1.5974473,0.35553345,0.731263,-0.14031999,-0.12608942,-0.6554894,nan,nan,nan,nan,nan,nan,0.0,0.0,0.0,0.0,0.0,0.0,nan,nan,nan,1,0,0,0
4357399630,4357399625,0.031690434,1.5986105,0.3548772,0.7302674,-0.14118628,-0.12337003,-0.65692896,nan,nan,nan,nan,nan,nan,0.0,0.0,0.0,0.0,0.0,0.0,nan,nan,nan,1,0,0,0
4357408163,4357408159,0.032169305,1.599971,0.3539965,0.7295742,-0.14359635,-0.12309693,-0.65722805,nan,nan,nan,nan,nan,nan,0.0,0.0,0.0,0.0,0.0,0.0,nan,nan,nan,1,0,0,0
4357416476,4357416471,0.032670733,1.6013048,0.353084,0.7292125,-0.1463662,-0.12371306,-0.6569026,nan,nan,nan,nan,nan,nan,0.0,0.0,0.0,0.0,0.0,0.0,nan,nan,nan,1,0,0,0
4357424490,4357424485,0.033146303,1.6024766,0.35210767,0.7286568,-0.14841478,-0.122103676,-0.6573606,nan,nan,nan,nan,nan,nan,0.0,0.0,0.0,0.0,0.0,0.0,nan,nan,nan,1,0,0,0
4357431482,4357431478,0.033648223,1.6037234,0.35097405,0.7283267,-0.15094794,-0.12292074,-0.65699726,nan,nan,nan,nan,nan,nan,0.0,0.0,0.0,0.0,0.0,0.0,nan,nan,nan,1,0,0,0
4357440621,4357440616,0.03402981,1.6047145,0.34986165,0.72761416,-0.15205204,-0.121375985,-0.6578189,nan,nan,nan,nan,nan,nan,0.0,0.0,0.0,0.0,0.0,0.0,nan,nan,nan,1,0,0,0
4357449483,4357449478,0.034456838,1.605751,0.34855556,0.7265069,-0.15300557,-0.120560676,-0.65897053,nan,nan,nan,nan,nan,nan,0.0,0.0,0.0,0.0,0.0,0.0,nan,nan,nan,1,0,0,0
4357459596,4357459591,0.03482846,1.6066357,0.3471721,0.7251011,-0.15345676,-0.119753696,-0.6605593,nan,nan,nan,nan,nan,nan,0.0,0.0,0.0,0.0,0.0,0.0,nan,nan,nan,1,0,0,0
4357468888,4357468883,0.03518555,1.6074739,0.34571555,0.72326875,-0.15400916,-0.11860202,-0.662644,nan,nan,nan,nan,nan,nan,0.0,0.0,0.0,0.0,0.0,0.0,nan,nan,nan,1,0,0,0
4357474481,4357474475,0.0355864,1.6083574,0.34408617,0.7213525,-0.15532336,-0.1183043,-0.6644767,nan,nan,nan,nan,nan,nan,0.0,0.0,0.0,0.0,0.0,0.0,nan,nan,nan,1,0,0,0
4357483478,4357483473,0.035913285,1.6089807,0.34252453,0.71950704,-0.15483649,-0.11580986,-0.66702574,nan,nan,nan,nan,nan,nan,0.0,0.0,0.0,0.0,0.0,0.0,nan,nan,nan,1,0,0,0
4357490622,4357490617,0.03631399,1.6097164,0.34079418,0.7176672,-0.15582655,-0.11594764,-0.66875106,nan,nan,nan,nan,nan,nan,0.0,0.0,0.0,0.0,0.0,0.0,nan,nan,nan,1,0,0,0
4357499488,4357499484,0.036626317,1.6101605,0.33917546,0.7158239,-0.15565845,-0.11413792,-0.6710732,nan,nan,nan,nan,nan,nan,0.0,0.0,0.0,0.0,0.0,0.0,nan,nan,nan,1,0,0,0
4357508525,4357508520,0.03698048,1.6107298,0.33735356,0.7141802,-0.15638892,-0.11419599,-0.67264295,nan,nan,nan,nan,nan,nan,0.0,0.0,0.0,0.0,0.0,0.0,nan,nan,nan,1,0,0,0
4357516490,4357516485,0.037224945,1.6110196,0.33565408,0.712488,-0.1558254,-0.112073496,-0.6749213,nan,nan,nan,nan,nan,nan,0.0,0.0,0.0,0.0,0.0,0.0,nan,nan,nan,1,0,0,0
4357523490,4357523485,0.037556835,1.6114154,0.3337843,0.7110741,-0.1565132,-0.112305574,-0.6762135,nan,nan,nan,nan,nan,nan,0.0,0.0,0.0,0.0,0.0,0.0,nan,nan,nan,1,0,0,0
4357532487,4357532482,0.03782695,1.6116282,0.33190152,0.70973325,-0.15621516,-0.11179513,-0.6777738,nan,nan,nan,nan,nan,nan,0.0,0.0,0.0,0.0,0.0,0.0,nan,nan,nan,1,0,0,0
4357541483,4357541478,0.03803611,1.6115954,0.33010852,0.7083308,-0.15400955,-0.10942732,-0.68012804,nan,nan,nan,nan,nan,nan,0.0,0.0,0.0,0.0,0.0,0.0,nan,nan,nan,1,0,0,0
4357549480,4357549475,0.03829058,1.6116265,0.32819465,0.7069872,-0.15213682,-0.108205125,-0.6821401,nan,nan,nan,nan,nan,nan,0.0,0.0,0.0,0.0,0.0,0.0,nan,nan,nan,1,0,0,0
4357559798,4357559792,0.03857027,1.6117125,0.3261243,0.7054548,-0.15070994,-0.1082091,-0.68404007,nan,nan,nan,nan,nan,nan,0.0,0.0,0.0,0.0,0.0,0.0,nan,nan,nan,1,0,0,0
4357568703,4357568697,0.03879888,1.61162,0.3241493,0.70361185,-0.14885096,-0.10736315,-0.68647426,nan,nan,nan,nan,nan,nan,0.0,0.0,0.0,0.0,0.0,0.0,nan,nan,nan,1,0,0,0
4357574504,4357574499,0.038960915,1.6114537,0.32211405,0.70249116,-0.1468909,-0.10812668,-0.68792284,nan,nan,nan,nan,nan,nan,0.0,0.0,0.0,0.0,0.0,0.0,nan,nan,nan,1,0,0,0
4357582481,4357582476,0.03923128,1.6113726,0.31998765,0.70095354,-0.14501724,-0.107610926,-0.6899666,nan,nan,nan,nan,nan,nan,0.0,0.0,0.0,0.0,0.0,0.0,nan,nan,nan,1,0,0,0
4357590489,4357590484,0.039529998,1.61128,0.3178578,0.69952023,-0.14385799,-0.106516674,-0.69183123,nan,nan,nan,nan,nan,nan,0.0,0.0,0.0,0.0,0.0,0.0,nan,nan,nan,1,0,0,0
4357599485,4357599480,0.039859243,1.6111963,0.31570897,0.6980609,-0.14274834,-0.10513355,-0.693744,nan,nan,nan,nan,nan,nan,0.0,0.0,0.0,0.0,0.0,0.0,nan,nan,nan,1,0,0,0
4357608106,4357608102,0.04016305,1.6111468,0.3135301,0.69672686,-0.14203542,-0.103866555,-0.6954204,nan,nan,nan,nan,nan,nan,0.0,0.0,0.0,0.0,0.0,0.0,nan,nan,nan,1,0,0,0
4357615518,4357615513,0.04049837,1.6110374,0.3113723,0.6955077,-0.14153342,-0.101869375,-0.6970365,nan,nan,nan,nan,nan,nan,0.0,0.0,0.0,0.0,0.0,0.0,nan,nan,nan,1,0,0,0
4357623492,4357623486,0.04080435,1.6108853,0.30921346,0.6942112,-0.14125526,-0.09999148,-0.6986555,nan,nan,nan,nan,nan,nan,0.0,0.0,0.0,0.0,0.0,0.0,nan,nan,nan,1,0,0,0
4357632484,4357632479,0.041159615,1.6107756,0.30697238,0.69355166,-0.13970502,-0.09934239,-0.69971395,nan,nan,nan,nan,nan,nan,0.0,0.0,0.0,0.0,0.0,0.0,nan,nan,nan,1,0,0,0
4357640513,4357640507,0.041521326,1.6105803,0.30482095,0.6929958,-0.13653727,-0.09741195,-0.7011601,nan,nan,nan,nan,nan,nan,0.0,0.0,0.0,0.0,0.0,0.0,nan,nan,nan,1,0,0,0
4357649539,4357649534,0.041768674,1.610119,0.3027366,0.6918694,-0.13488232,-0.09502185,-0.70291835,nan,nan,nan,nan,nan,nan,0.0,0.0,0.0,0.0,0.0,0.0,nan,nan,nan,1,0,0,0
4357657995,4357657988,0.042101573,1.6098114,0.30049014,0.6915004,-0.13260365,-0.09469354,-0.7037589,nan,nan,nan,nan,nan,nan,0.0,0.0,0.0,0.0,0.0,0.0,nan,nan,nan,1,0,0,0
4357668091,4357668086,0.042367917,1.609333,0.29825988,0.6907653,-0.13045524,-0.09386515,-0.70499223,nan,nan,nan,nan,nan,nan,0.0,0.0,0.0,0.0,0.0,0.0,nan,nan,nan,1,0,0,0
4357674437,4357674432,0.042603023,1.6087532,0.29603705,0.6896605,-0.1286793,-0.09249418,-0.7065798,nan,nan,nan,nan,nan,nan,0.0,0.0,0.0,0.0,0.0,0.0,nan,nan,nan,1,0,0,0
4357683545,4357683539,0.042916134,1.6082593,0.29364195,0.6888368,-0.12699525,-0.09283135,-0.70764285,nan,nan,nan,nan,nan,nan,0.0,0.0,0.0,0.0,0.0,0.0,nan,nan,nan,1,0,0,0
4357690492,4357690486,0.043163635,1.6076268,0.29123396,0.68776906,-0.1252453,-0.092440814,-0.709043,nan,nan,nan,nan,nan,nan,0.0,0.0,0.0,0.0,0.0,0.0,nan,nan,nan,1,0,0,0
4357702023,4357702018,0.0434294,1.6069671,0.28874984,0.6864536,-0.123855844,-0.09209397,-0.7106053,nan,nan,nan,nan,nan,nan,0.0,0.0,0.0,0.0,0.0,0.0,nan,nan,nan,1,0,0,0
4357707574,4357707569,0.043665618,1.6061869,0.28624177,0.6848171,-0.122327946,-0.09121221,-0.71256,nan,nan,nan,nan,nan,nan,0.0,0.0,0.0,0.0,0.0,0.0,nan,nan,nan,1,0,0,0
4357715475,4357715470,0.043884248,1.6053411,0.2836707,0.68318534,-0.12013175,-0.09112802,-0.7145081,nan,nan,nan,nan,nan,nan,0.0,0.0,0.0,0.0,0.0,0.0,nan,nan,nan,1,0,0,0
4357724492,4357724487,0.04406409,1.6045214,0.28112617,0.6812919,-0.1178104,-0.09074164,-0.7167482,nan,nan,nan,nan,nan,nan,0.0,0.0,0.0,0.0,0.0,0.0,nan,nan,nan,1,0,0,0
4357732485,4357732479,0.04424008,1.6037087,0.27856132,0.6794447,-0.11578046,-0.091375865,-0.7187492,nan,nan,nan,nan,nan,nan,0.0,0.0,0.0,0.0,0.0,0.0,nan,nan,nan,1,0,0,0
4357740480,4357740475,0.044343762,1.6028053,0.27602714,0.67778087,-0.11372486,-0.091557086,-0.72062266,nan,nan,nan,nan,nan,nan,0.0,0.0,0.0,0.0,0.0,0.0,nan,nan,nan,1,0,0,0
4357749475,4357749469,0.04444295,1.6018442,0.27358705,0.6760737,-0.11200937,-0.09154054,-0.7224947,nan,nan,nan,nan,nan,nan,0.0,0.0,0.0,0.0,0.0,0.0,nan,nan,nan,1,0,0,0
4357757712,4357757707,0.04453031,1.6009744,0.27114132,0.67513245,-0.10895596,-0.09257447,-0.723709,nan,nan,nan,nan,nan,nan,0.0,0.0,0.0,0.0,0.0,0.0,nan,nan,nan,1,0,0,0
4357768303,4357768298,0.04464093,1.6001698,0.26869437,0.6742393,-0.106356464,-0.09453157,-0.7246747,nan,nan,nan,nan,nan,nan,0.0,0.0,0.0,0.0,0.0,0.0,nan,nan,nan,1,0,0,0
4357775483,4357775477,0.044705432,1.5993237,0.26630783,0.67331004,-0.10431634,-0.09597404,-0.72564495,nan,nan,nan,nan,nan,nan,0.0,0.0,0.0,0.0,0.0,0.0,nan,nan,nan,1,0,0,0
4357783203,4357783198,0.044818856,1.5986439,0.2639381,0.67304593,-0.102653444,-0.09905843,-0.7257128,nan,nan,nan,nan,nan,nan,0.0,0.0,0.0,0.0,0.0,0.0,nan,nan,nan,1,0,0,0
4357792921,4357792916,0.04495772,1.5980144,0.2615795,0.67267954,-0.10124536,-0.100824885,-0.7260068,nan,nan,nan,nan,nan,nan,0.0,0.0,0.0,0.0,0.0,0.0,nan,nan,nan,1,0,0,0
4357800487,4357800482,0.04507275,1.5973744,0.2592658,0.67259145,-0.1005501,-0.10163925,-0.7260716,nan,nan,nan,nan,nan,nan,0.0,0.0,0.0,0.0,0.0,0.0,nan,nan,nan,1,0,0,0
4357807897,4357807891,0.045259893,1.596902,0.2568787,0.67247444,-0.09947335,-0.102528065,-0.72620326,nan,nan,nan,nan,nan,nan,0.0,0.0,0.0,0.0,0.0,0.0,nan,nan,nan,1,0,0,0
4357818226,4357818221,0.045488443,1.5965117,0.25443172,0.67213595,-0.09825826,-0.103367895,-0.726563,nan,nan,nan,nan,nan,nan,0.0,0.0,0.0,0.0,0.0,0.0,nan,nan,nan,1,0,0,0
4357824495,4357824489,0.045676365,1.5960444,0.25196204,0.6713783,-0.09692783,-0.10265935,-0.72754186,nan,nan,nan,nan,nan,nan,0.0,0.0,0.0,0.0,0.0,0.0,nan,nan,nan,1,0,0,0
4357835484,4357835478,0.045928344,1.5956749,0.2494208,0.67008066,-0.095681064,-0.10196391,-0.72899956,nan,nan,nan,nan,nan,nan,0.0,0.0,0.0,0.0,0.0,0.0,nan,nan,nan,1,0,0,0
4357841770,4357841765,0.046169534,1.595317,0.24680038,0.6685771,-0.094446205,-0.10032041,-0.730767,nan,nan,nan,nan,nan,nan,0.0,0.0,0.0,0.0,0.0,0.0,nan,nan,nan,1,0,0,0
4357848476,4357848471,0.04640376,1.5949787,0.24415822,0.66642475,-0.09299963,-0.09827186,-0.73319286,nan,nan,nan,nan,nan,nan,0.0,0.0,0.0,0.0,0.0,0.0,nan,nan,nan,1,0,0,0
4357858467,4357858462,0.046666197,1.5947608,0.24136025,0.66351706,-0.09223799,-0.0955759,-0.7362761,nan,nan,nan,nan,nan,nan,0.0,0.0,0.0,0.0,0.0,0.0,nan,nan,nan,1,0,0,0
4357865489,4357865483,0.04689183,1.5942788,0.23879153,0.66119957,-0.09066369,-0.09465857,-0.7386711,nan,nan,nan,nan,nan,nan,0.0,0.0,0.0,0.0,0.0,0.0,nan,nan,nan,1,0,0,0
4357874482,4357874476,0.04716673,1.5940119,0.23602928,0.6595923,-0.08777661,-0.09300304,-0.7406644,nan,nan,nan,nan,nan,nan,0.0,0.0,0.0,0.0,0.0,0.0,nan,nan,nan,1,0,0,0
4357882564,4357882559,0.047438025,1.5936651,0.23339516,0.65736496,-0.08709652,-0.09230302,-0.7428093,nan,nan,nan,nan,nan,nan,0.0,0.0,0.0,0.0,0.0,0.0,nan,nan,nan,1,0,0,0
4357891624,4357891619,0.047678612,1.5933238,0.2308271,0.65512645,-0.086829394,-0.09126411,-0.7449436,nan,nan,nan,nan,nan,nan,0.0,0.0,0.0,0.0,0.0,0.0,nan,nan,nan,1,0,0,0
4357899409,4357899404,0.04796889,1.5929815,0.22830194,0.6532689,-0.08611294,-0.090886526,-0.7467021,nan,nan,nan,nan,nan,nan,0.0,0.0,0.0,0.0,0.0,0.0,nan,nan,nan,1,0,0,0
4357909089,4357909083,0.048227414,1.5925342,0.22588734,0.65138346,-0.084848516,-0.09040405,-0.7485502,nan,nan,nan,nan,nan,nan,0.0,0.0,0.0,0.0,0.0,0.0,nan,nan,nan,1,0,0,0
4357918953,4357918947,0.048455678,1.592101,0.22361536,0.65001816,-0.08303117,-0.090712085,-0.74990237,nan,nan,nan,nan,nan,nan,0.0,0.0,0.0,0.0,0.0,0.0,nan,nan,nan,1,0,0,0
4357923495,4357923485,0.04870325,1.5916651,0.22136514,0.64845914,-0.08075543,-0.09143724,-0.751411,nan,nan,nan,nan,nan,nan,0.0,0.0,0.0,0.0,0.0,0.0,nan,nan,nan,1,0,0,0
4357933483,4357933478,0.04896347,1.5913445,0.2192174,0.6471956,-0.07848684,-0.091647856,-0.752714,nan,nan,nan,nan,nan,nan,0.0,0.0,0.0,0.0,0.0,0.0,nan,nan,nan,1,0,0,0
4357940482,4357940477,0.049254484,1.5910352,0.21711864,0.64603215,-0.076157734,-0.09158983,-0.75395864,nan,nan,nan,nan,nan,nan,0.0,0.0,0.0,0.0,0.0,0.0,nan,nan,nan,1,0,0,0
4357949477,4357949472,0.049590778,1.5907961,0.21507062,0.64472383,-0.07401436,-0.09131294,-0.7553245,nan,nan,nan,nan,nan,nan,0.0,0.0,0.0,0.0,0.0,0.0,nan,nan,nan,1,0,0,0
4357958146,4357958141,0.04995188,1.590628,0.21308593,0.6435002,-0.07142143,-0.09020421,-0.7567494,nan,nan,nan,nan,nan,nan,0.0,0.0,0.0,0.0,0.0,0.0,nan,nan,nan,1,0,0,0
4357965712,4357965707,0.050358083,1.5905517,0.21106343,0.6421129,-0.068714105,-0.088773295,-0.758346,nan,nan,nan,nan,nan,nan,0.0,0.0,0.0,0.0,0.0,0.0,nan,nan,nan,1,0,0,0
4357974739,4357974734,0.050753143,1.5905513,0.20910497,0.64030355,-0.06604925,-0.08672353,-0.7603471,nan,nan,nan,nan,nan,nan,0.0,0.0,0.0,0.0,0.0,0.0,nan,nan,nan,1,0,0,0
4357981538,4357981533,0.0512188,1.5906386,0.20714569,0.6381368,-0.063119024,-0.084013455,-0.76271826,nan,nan,nan,nan,nan,nan,0.0,0.0,0.0,0.0,0.0,0.0,nan,nan,nan,1,0,0,0
4357990513,4357990507,0.051651906,1.5907301,0.20529358,0.6361464,-0.059990644,-0.08136815,-0.76491696,nan,nan,nan,nan,nan,nan,0.0,0.0,0.0,0.0,0.0,0.0,nan,nan,nan,1,0,0,0
4357999510,4357999504,0.052132215,1.5908972,0.2034831,0.63449126,-0.056182165,-0.07911394,-0.7668151,nan,nan,nan,nan,nan,nan,0.0,0.0,0.0,0.0,0.0,0.0,nan,nan,nan,1,0,0,0
4358009615,4358009610,0.052670565,1.5911947,0.20166911,0.63238806,-0.053375304,-0.076105885,-0.7690542,nan,nan,nan,nan,nan,nan,0.0,0.0,0.0,0.0,0.0,0.0,nan,nan,nan,1,0,0,0
4358017472,4358017467,0.053172436,1.5914971,0.19999163,0.63076437,-0.05043063,-0.073847115,-0.77080464,nan,nan,nan,nan,nan,nan,0.0,0.0,0.0,0.0,0.0,0.0,nan,nan,nan,1,0,0,0
4358024491,4358024485,0.053734712,1.5919114,0.19832458,0.62875855,-0.0474307,-0.07095998,-0.7729022,nan,nan,nan,nan,nan,nan,0.0,0.0,0.0,0.0,0.0,0.0,nan,nan,nan,1,0,0,0
4358034000,4358033994,0.054303095,1.5924422,0.19671041,0.626601,-0.044425756,-0.067259185,-0.7751605,nan,nan,nan,nan,nan,nan,0.0,0.0,0.0,0.0,0.0,0.0,nan,nan,nan,1,0,0,0
4358040484,4358040479,0.05488964,1.59303,0.19525518,0.6247413,-0.04173558,-0.06430861,-0.7770591,nan,nan,nan,nan,nan,nan,0.0,0.0,0.0,0.0,0.0,0.0,nan,nan,nan,1,0,0,0
4358050473,4358050468,0.05552034,1.5937296,0.19388075,0.6230932,-0.039998922,-0.061143976,-0.7787274,nan,nan,nan,nan,nan,nan,0.0,0.0,0.0,0.0,0.0,0.0,nan,nan,nan,1,0,0,0
4358057517,4358057511,0.056119673,1.594458,0.19271208,0.62216574,-0.03784072,-0.05853173,-0.77977675,nan,nan,nan,nan,nan,nan,0.0,0.0,0.0,0.0,0.0,0.0,nan,nan,nan,1,0,0,0
4358067824,4358067818,0.05678013,1.5952936,0.19160432,0.62112176,-0.036868718,-0.055602565,-0.78086925,nan,nan,nan,nan,nan,nan,0.0,0.0,0.0,0.0,0.0,0.0,nan,nan,nan,1,0,0,0
4358074509,4358074503,0.05743026,1.5961839,0.19062215,0.6206387,-0.03527745,-0.05300209,-0.7815074,nan,nan,nan,nan,nan,nan,0.0,0.0,0.0,0.0,0.0,0.0,nan,nan,nan,1,0,0,0
4358083544,4358083539,0.058096122,1.597098,0.18975584,0.62024087,-0.033779915,-0.050407033,-0.782061,nan,nan,nan,nan,nan,nan,0.0,0.0,0.0,0.0,0.0,0.0,nan,nan,nan,1,0,0,0
4358090491,4358090485,0.058730118,1.5980703,0.18898588,0.6197788,-0.032302268,-0.04779831,-0.78265315,nan,nan,nan,nan,nan,nan,0.0,0.0,0.0,0.0,0.0,0.0,nan,nan,nan,1,0,0,0
4358099560,4358099554,0.059313335,1.5990852,0.18830459,0.61944085,-0.030148316,-0.044999447,-0.7831724,nan,nan,nan,nan,nan,nan,0.0,0.0,0.0,0.0,0.0,0.0,nan,nan,nan,1,0,0,0
4358108271,4358108266,0.05987533,1.6000909,0.18765725,0.61886984,-0.028301772,-0.042062562,-0.7838558,nan,nan,nan,nan,nan,nan,0.0,0.0,0.0,0.0,0.0,0.0,nan,nan,nan,1,0,0,0
4358117743,4358117737,0.060447156,1.6011739,0.18703781,0.61806303,-0.02629236,-0.039353684,-0.78470254,nan,nan,nan,nan,nan,nan,0.0,0.0,0.0,0.0,0.0,0.0,nan,nan,nan,1,0,0,0
4358123921,4358123915,0.06099066,1.6022611,0.18649034,0.6174682,-0.024141148,-0.036461353,-0.7853794,nan,nan,nan,nan,nan,nan,0.0,0.0,0.0,0.0,0.0,0.0,nan,nan,nan,1,0,0,0
4358132604,4358132598,0.061533567,1.6034077,0.18595892,0.6168451,-0.022495212,-0.03409114,-0.78602415,nan,nan,nan,nan,nan,nan,0.0,0.0,0.0,0.0,0.0,0.0,nan,nan,nan,1,0,0,0
4358142470,4358142464,0.06208104,1.6046133,0.18546098,0.61651963,-0.020936739,-0.031719346,-0.78642166,nan,nan,nan,nan,nan,nan,0.0,0.0,0.0,0.0,0.0,0.0,nan,nan,nan,1,0,0,0
4358149477,4358149471,0.06266476,1.6058754,0.18500344,0.61649257,-0.020451743,-0.02973286,-0.7865333,nan,nan,nan,nan,nan,nan,0.0,0.0,0.0,0.0,0.0,0.0,nan,nan,nan,1,0,0,0
4358157602,4358157596,0.06324757,1.6072063,0.18461691,0.61657685,-0.019955171,-0.028002888,-0.7865435,nan,nan,nan,nan,nan,nan,0.0,0.0,0.0,0.0,0.0,0.0,nan,nan,nan,1,0,0,0
4358167219,4358167208,0.06382738,1.6085039,0.18425448,0.6168648,-0.019687785,-0.02626488,-0.7863843,nan,nan,nan,nan,nan,nan,0.0,0.0,0.0,0.0,0.0,0.0,nan,nan,nan,1,0,0,0
4358173491,4358173486,0.064389706,1.6098785,0.1839429,0.6169421,-0.019293804,-0.024230968,-0.7863987,nan,nan,nan,nan,nan,nan,0.0,0.0,0.0,0.0,0.0,0.0,nan,nan,nan,1,0,0,0
4358184619,4358184473,0.06490422,1.6111507,0.18373223,0.6175063,-0.018208787,-0.023141753,-0.7860145,nan,nan,nan,nan,nan,nan,0.0,0.0,0.0,0.0,0.0,0.0,nan,nan,nan,1,0,0,0
4358190491,4358190485,0.06549054,1.6126226,0.18345793,0.6171182,-0.017161163,-0.019956538,-0.78643024,nan,nan,nan,nan,nan,nan,0.0,0.0,0.0,0.0,0.0,0.0,nan,nan,nan,1,0,0,0
4358199621,4358199616,0.06602965,1.6139599,0.18323727,0.6169417,-0.015818302,-0.017604906,-0.78665286,nan,nan,nan,nan,nan,nan,0.0,0.0,0.0,0.0,0.0,0.0,nan,nan,nan,1,0,0,0
4358207483,4358207477,0.066549845,1.6153673,0.18306983,0.6166392,-0.014086108,-0.015253305,-0.78697205,nan,nan,nan,nan,nan,nan,0.0,0.0,0.0,0.0,0.0,0.0,nan,nan,nan,1,0,0,0
4358215476,4358215471,0.06708368,1.6167698,0.1829359,0.61639816,-0.01245549,-0.012675127,-0.7872341,nan,nan,nan,nan,nan,nan,0.0,0.0,0.0,0.0,0.0,0.0,nan,nan,nan,1,0,0,0
4358224660,4358224655,0.06762145,1.618169,0.1828329,0.61612785,-0.010737447,-0.009705359,-0.78751314,nan,nan,nan,nan,nan,nan,0.0,0.0,0.0,0.0,0.0,0.0,nan,nan,nan,1,0,0,0
4358232688,4358232683,0.06808958,1.619528,0.18275756,0.6160189,-0.008488544,-0.007139808,-0.78765327,nan,nan,nan,nan,nan,nan,0.0,0.0,0.0,0.0,0.0,0.0,nan,nan,nan,1,0,0,0
4358241483,4358241478,0.06865407,1.6209717,0.18266465,0.6154246,-0.007108728,-0.0036395653,-0.7881553,nan,nan,nan,nan,nan,nan,0.0,0.0,0.0,0.0,0.0,0.0,nan,nan,nan,1,0,0,0
4358250475,4358250470,0.069142304,1.622337,0.1825896,0.6148488,-0.00521449,-0.0008272325,-0.7886273,nan,nan,nan,nan,nan,nan,0.0,0.0,0.0,0.0,0.0,0.0,nan,nan,nan,1,0,0,0
4358258662,4358258656,0.069645114,1.6235918,0.18276758,0.6141342,-0.0051317676,0.0015171621,-0.78918344,nan,nan,nan,nan,nan,nan,0.0,0.0,0.0,0.0,0.0,0.0,nan,nan,nan,1,0,0,0
4358265523,4358265518,0.07013758,1.6249952,0.18281381,0.6143678,-0.001522934,0.0050185123,-0.78900236,nan,nan,nan,nan,nan,nan,0.0,0.0,0.0,0.0,0.0,0.0,nan,nan,nan,1,0,0,0
4358274595,4358274589,0.07064328,1.626307,0.18293203,0.6140313,-0.0012614805,0.007810055,-0.789242,nan,nan,nan,nan,nan,nan,0.0,0.0,0.0,0.0,0.0,0.0,nan,nan,nan,1,0,0,0
4358282476,4358282470,0.07118858,1.6277415,0.18297414,0.61414987,0.0010629125,0.010713386,-0.78911597,nan,nan,nan,nan,nan,nan,0.0,0.0,0.0,0.0,0.0,0.0,nan,nan,nan,1,0,0,0
4358289579,4358289573,0.07162955,1.6289496,0.18317808,0.614329,0.0027391587,0.013241209,-0.78893405,nan,nan,nan,nan,nan,nan,0.0,0.0,0.0,0.0,0.0,0.0,nan,nan,nan,1,0,0,0
4358299517,4358299512,0.07210986,1.630261,0.18339352,0.61444163,0.0045494437,0.0163378,-0.78878003,nan,nan,nan,nan,nan,nan,0.0,0.0,0.0,0.0,0.0,0.0,nan,nan,nan,1,0,0,0
4358309536,4358309531,0.07258842,1.6314887,0.18362564,0.6142948,0.0060438947,0.019438352,-0.788814,nan,nan,nan,nan,nan,nan,0.0,0.0,0.0,0.0,0.0,0.0,nan,nan,nan,1,0,0,0
4358315476,4358315471,0.07305125,1.63268,0.18384248,0.6139797,0.007826179,0.022418514,-0.7889645,nan,nan,nan,nan,nan,nan,0.0,0.0,0.0,0.0,0.0,0.0,nan,nan,nan,1,0,0,0
4358324525,4358324520,0.07350622,1.6338493,0.18412912,0.6135251,0.009546658,0.025475115,-0.7892064,nan,nan,nan,nan,nan,nan,0.0,0.0,0.0,0.0,0.0,0.0,nan,nan,nan,1,0,0,0
4358332573,4358332543,0.07387383,1.6349733,0.18442746,0.61333007,0.011341652,0.028763365,-0.78922135,nan,nan,nan,nan,nan,nan,0.0,0.0,0.0,0.0,0.0,0.0,nan,nan,nan,1,0,0,0
4358340482,4358340477,0.07423811,1.6360945,0.18477054,0.61295116,0.013024335,0.030921206,-0.7894081,nan,nan,nan,nan,nan,nan,0.0,0.0,0.0,0.0,0.0,0.0,nan,nan,nan,1,0,0,0
4358349476,4358349469,0.074470416,1.6370955,0.18519774,0.6126055,0.0151107395,0.03504854,-0.7894668,nan,nan,nan,nan,nan,nan,0.0,0.0,0.0,0.0,0.0,0.0,nan,nan,nan,1,0,0,0
4358358594,4358358589,0.07463891,1.6379362,0.18563803,0.6125553,0.017122298,0.036404707,-0.7894033,nan,nan,nan,nan,nan,nan,0.0,0.0,0.0,0.0,0.0,0.0,nan,nan,nan,1,0,0,0
4358365489,4358365483,0.07483022,1.6388625,0.18610992,0.6121849,0.019505054,0.039757714,-0.78947365,nan,nan,nan,nan,nan,nan,0.0,0.0,0.0,0.0,0.0,0.0,nan,nan,nan,1,0,0,0
4358377899,4358377894,0.07499859,1.6397178,0.18664293,0.6120098,0.02188554,0.04270779,-0.7893928,nan,nan,nan,nan,nan,nan,0.0,0.0,0.0,0.0,0.0,0.0,nan,nan,nan,1,0,0,0
4358384428,4358384423,0.07514981,1.6405417,0.18719988,0.61206,0.023834093,0.045206536,-0.78915834,nan,nan,nan,nan,nan,nan,0.0,0.0,0.0,0.0,0.0,0.0,nan,nan,nan,1,0,0,0
4358391483,4358391477,0.075276755,1.6413101,0.18784204,0.6121686,0.02592065,0.04782345,-0.788854,nan,nan,nan,nan,nan,nan,0.0,0.0,0.0,0.0,0.0,0.0,nan,nan,nan,1,0,0,0
4358398489,4358398483,0.075415425,1.6421005,0.18848298,0.6127235,0.027767329,0.04933431,-0.7882671,nan,nan,nan,nan,nan,nan,0.0,0.0,0.0,0.0,0.0,0.0,nan,nan,nan,1,0,0,0
4358407623,4358407617,0.07551716,1.6427522,0.18918392,0.61319566,0.029633563,0.05117602,-0.7877143,nan,nan,nan,nan,nan,nan,0.0,0.0,0.0,0.0,0.0,0.0,nan,nan,nan,1,0,0,0
4358417059,4358417054,0.07565419,1.6434413,0.18987426,0.6134724,0.031143144,0.054573648,-0.78721243,nan,nan,nan,nan,nan,nan,0.0,0.0,0.0,0.0,0.0,0.0,nan,nan,nan,1,0,0,0
4358424493,4358424485,0.0757303,1.644027,0.19058166,0.61426353,0.033430457,0.05489819,-0.7864788,nan,nan,nan,nan,nan,nan,0.0,0.0,0.0,0.0,0.0,0.0,nan,nan,nan,1,0,0,0
4358433481,4358433475,0.07580877,1.6445823,0.19137362,0.6144422,0.0347552,0.056839045,-0.78614384,nan,nan,nan,nan,nan,nan,0.0,0.0,0.0,0.0,0.0,0.0,nan,nan,nan,1,0,0,0
4358440951,4358440946,0.07570023,1.6448083,0.19219539,0.61349624,0.036418125,0.061167452,-0.78648233,nan,nan,nan,nan,nan,nan,0.0,0.0,0.0,0.0,0.0,0.0,nan,nan,nan,1,0,0,0
4358448517,4358448512,0.07577111,1.6452428,0.19303015,0.61359614,0.03755587,0.06277499,-0.7862243,nan,nan,nan,nan,nan,nan,0.0,0.0,0.0,0.0,0.0,0.0,nan,nan,nan,1,0,0,0
4358458668,4358458662,0.07582386,1.6456597,0.19392376,0.6138322,0.03851867,0.06439951,-0.7858619,nan,nan,nan,nan,nan,nan,0.0,0.0,0.0,0.0,0.0,0.0,nan,nan,nan,1,0,0,0
4358467757,4358467751,0.07590417,1.6460856,0.19486536,0.6137362,0.039518345,0.06735819,-0.7856392,nan,nan,nan,nan,nan,nan,0.0,0.0,0.0,0.0,0.0,0.0,nan,nan,nan,1,0,0,0
4358474483,4358474478,0.07592811,1.6463767,0.19585836,0.61390173,0.04066549,0.06874688,-0.7853311,nan,nan,nan,nan,nan,nan,0.0,0.0,0.0,0.0,0.0,0.0,nan,nan,nan,1,0,0,0
4358482476,4358482471,0.0758434,1.6463344,0.1969512,0.6140553,0.042124722,0.070559,-0.7849732,nan,nan,nan,nan,nan,nan,0.0,0.0,0.0,0.0,0.0,0.0,nan,nan,nan,1,0,0,0
4358491514,4358491508,0.07581379,1.6465026,0.19812112,0.6144907,0.04322684,0.07186573,-0.78445387,nan,nan,nan,nan,nan,nan,0.0,0.0,0.0,0.0,0.0,0.0,nan,nan,nan,1,0,0,0
4358501488,4358501483,0.075693265,1.6465024,0.19942948,0.6149363,0.04552132,0.07347353,-0.78382576,nan,nan,nan,nan,nan,nan,0.0,0.0,0.0,0.0,0.0,0.0,nan,nan,nan,1,0,0,0
4358507484,4358507478,0.075589366,1.646583,0.20068759,0.6158592,0.04778799,0.07457389,-0.7828617,nan,nan,nan,nan,nan,nan,0.0,0.0,0.0,0.0,0.0,0.0,nan,nan,nan,1,0,0,0
4358514472,4358514466,0.075488046,1.6466892,0.2019981,0.616877,0.047778018,0.07489818,-0.7820296,nan,nan,nan,nan,nan,nan,0.0,0.0,0.0,0.0,0.0,0.0,nan,nan,nan,1,0,0,0
4358523490,4358523484,0.075341314,1.6466254,0.20341896,0.61805063,0.048740003,0.075480506,-0.7809869,nan,nan,nan,nan,nan,nan,0.0,0.0,0.0,0.0,0.0,0.0,nan,nan,nan,1,0,0,0
4358534488,4358534481,0.075120784,1.6462793,0.20496508,0.61922854,0.051508695,0.07690324,-0.77973634,nan,nan,nan,nan,nan,nan,0.0,0.0,0.0,0.0,0.0,0.0,nan,nan,nan,1,0,0,0
4358541015,4358541011,0.07496646,1.646213,0.20638733,0.6208243,0.05185505,0.076148674,-0.77851766,nan,nan,nan,nan,nan,nan,0.0,0.0,0.0,0.0,0.0,0.0,nan,nan,nan,1,0,0,0
4358549479,4358549474,0.07473914,1.6459513,0.20786095,0.6221663,0.053197235,0.07676897,-0.77729386,nan,nan,nan,nan,nan,nan,0.0,0.0,0.0,0.0,0.0,0.0,nan,nan,nan,1,0,0,0
4358557497,4358557491,0.07453568,1.6457286,0.20939296,0.62346256,0.054158352,0.07678098,-0.7761869,nan,nan,nan,nan,nan,nan,0.0,0.0,0.0,0.0,0.0,0.0,nan,nan,nan,1,0,0,0
4358567044,4358567039,0.07429549,1.6453967,0.21088539,0.62453246,0.055469677,0.077341795,-0.7751777,nan,nan,nan,nan,nan,nan,0.0,0.0,0.0,0.0,0.0,0.0,nan,nan,nan,1,0,0,0
4358574481,4358574476,0.074065246,1.645123,0.21244344,0.62547296,0.056608025,0.077346824,-0.77433616,nan,nan,nan,nan,nan,nan,0.0,0.0,0.0,0.0,0.0,0.0,nan,nan,nan,1,0,0,0
4358583477,4358583472,0.0740725,1.6451946,0.21409959,0.6262953,0.05451514,0.07886404,-0.77366835,nan,nan,nan,nan,nan,nan,0.0,0.0,0.0,0.0,0.0,0.0,nan,nan,nan,1,0,0,0
4358591962,4358591957,0.07375216,1.6446778,0.21571766,0.62693596,0.057807166,0.07925833,-0.7728698,nan,nan,nan,nan,nan,nan,0.0,0.0,0.0,0.0,0.0,0.0,nan,nan,nan,1,0,0,0
4358600874,4358600868,0.07349783,1.6443143,0.21738754,0.62764823,0.059420303,0.080125175,-0.7720796,nan,nan,nan,nan,nan,nan,0.0,0.0,0.0,0.0,0.0,0.0,nan,nan,nan,1,0,0,0
4358607475,4358607470,0.07330802,1.6439081,0.2191287,0.628355,0.060865156,0.08376226,-0.77100533,nan,nan,nan,nan,nan,nan,0.0,0.0,0.0,0.0,0.0,0.0,nan,nan,nan,1,0,0,0
4358618908,4358618902,0.072963804,1.6432062,0.22089663,0.6293007,0.06444456,0.0845049,-0.7698613,nan,nan,nan,nan,nan,nan,0.0,0.0,0.0,0.0,0.0,0.0,nan,nan,nan,1,0,0,0
4358623490,4358623485,0.072711535,1.6433294,0.22291052,0.6305927,0.061127137,0.082739994,-0.7692662,nan,nan,nan,nan,nan,nan,0.0,0.0,0.0,0.0,0.0,0.0,nan,nan,nan,1,0,0,0
4358632515,4358632481,0.072289675,1.6428076,0.22516139,0.631002,0.06277413,0.08374109,-0.7686894,nan,nan,nan,nan,nan,nan,0.0,0.0,0.0,0.0,0.0,0.0,nan,nan,nan,1,0,0,0
4358640962,4358640957,0.072085574,1.6419647,0.2264389,0.63153166,0.06746643,0.08666162,-0.7675323,nan,nan,nan,nan,nan,nan,0.0,0.0,0.0,0.0,0.0,0.0,nan,nan,nan,1,0,0,0
4358649475,4358649469,0.07186455,1.6415342,0.22842993,0.6328437,0.06819232,0.086773835,-0.7663739,nan,nan,nan,nan,nan,nan,0.0,0.0,0.0,0.0,0.0,0.0,nan,nan,nan,1,0,0,0
4358657518,4358657513,0.07167934,1.6411222,0.23031731,0.63382995,0.06820686,0.08715811,-0.7655134,nan,nan,nan,nan,nan,nan,0.0,0.0,0.0,0.0,0.0,0.0,nan,nan,nan,1,0,0,0
4358667309,4358667304,0.07145144,1.6406893,0.23232192,0.635489,0.06883855,0.087180324,-0.76407754,nan,nan,nan,nan,nan,nan,0.0,0.0,0.0,0.0,0.0,0.0,nan,nan,nan,1,0,0,0
4358674508,4358674502,0.07124316,1.6403826,0.23430917,0.6368704,0.06770897,0.087669194,-0.76297164,nan,nan,nan,nan,nan,nan,0.0,0.0,0.0,0.0,0.0,0.0,nan,nan,nan,1,0,0,0
4358682491,4358682486,0.07110242,1.640152,0.23627132,0.6382469,0.0682144,0.08768945,-0.76177317,nan,nan,nan,nan,nan,nan,0.0,0.0,0.0,0.0,0.0,0.0,nan,nan,nan,1,0,0,0
4358691300,4358691294,0.07071195,1.6393392,0.23836102,0.6395953,0.070944965,0.087211326,-0.7604465,nan,nan,nan,nan,nan,nan,0.0,0.0,0.0,0.0,0.0,0.0,nan,nan,nan,1,0,0,0
4358701540,4358701534,0.07055949,1.6391541,0.2403143,0.64064556,0.06998866,0.0874228,-0.7596263,nan,nan,nan,nan,nan,nan,0.0,0.0,0.0,0.0,0.0,0.0,nan,nan,nan,1,0,0,0
4358710659,4358710654,0.070222564,1.6384381,0.24236915,0.64144236,0.07273469,0.087822944,-0.75864905,nan,nan,nan,nan,nan,nan,0.0,0.0,0.0,0.0,0.0,0.0,nan,nan,nan,1,0,0,0
4358718033,4358718028,0.070004165,1.6381818,0.24435762,0.6421914,0.071899526,0.0890769,-0.75794864,nan,nan,nan,nan,nan,nan,0.0,0.0,0.0,0.0,0.0,0.0,nan,nan,nan,1,0,0,0
4358724493,4358724486,0.069706276,1.6375973,0.24638422,0.6433755,0.07422003,0.08892753,-0.75673723,nan,nan,nan,nan,nan,nan,0.0,0.0,0.0,0.0,0.0,0.0,nan,nan,nan,1,0,0,0
4358732488,4358732482,0.06951369,1.6371583,0.24836446,0.64446867,0.075369634,0.0895958,-0.7556138,nan,nan,nan,nan,nan,nan,0.0,0.0,0.0,0.0,0.0,0.0,nan,nan,nan,1,0,0,0
4358740620,4358740615,0.06935773,1.6367927,0.250273,0.64518833,0.076219946,0.0910893,-0.7547352,nan,nan,nan,nan,nan,nan,0.0,0.0,0.0,0.0,0.0,0.0,nan,nan,nan,1,0,0,0
4358753735,4358753729,0.069115035,1.6363345,0.25222868,0.6466101,0.076995105,0.09066508,-0.7534899,nan,nan,nan,nan,nan,nan,0.0,0.0,0.0,0.0,0.0,0.0,nan,nan,nan,1,0,0,0
4358757720,4358757487,0.068941854,1.6360449,0.25419265,0.64734,0.07731915,0.09190457,-0.75267935,nan,nan,nan,nan,nan,nan,0.0,0.0,0.0,0.0,0.0,0.0,nan,nan,nan,1,0,0,0
4358767366,4358767361,0.068705745,1.6355976,0.2561358,0.6487449,0.078210354,0.09147008,-0.7514296,nan,nan,nan,nan,nan,nan,0.0,0.0,0.0,0.0,0.0,0.0,nan,nan,nan,1,0,0,0
4358774616,4358774611,0.06847885,1.635239,0.25803643,0.6497851,0.078974605,0.09189157,-0.75039876,nan,nan,nan,nan,nan,nan,0.0,0.0,0.0,0.0,0.0,0.0,nan,nan,nan,1,0,0,0
4358782614,4358782609,0.068298005,1.6350565,0.25990137,0.65058917,0.07826818,0.09307998,-0.7496292,nan,nan,nan,nan,nan,nan,0.0,0.0,0.0,0.0,0.0,0.0,nan,nan,nan,1,0,0,0
4358791519,4358791514,0.06800824,1.6344551,0.2618472,0.6514841,0.0811607,0.09355598,-0.74848425,nan,nan,nan,nan,nan,nan,0.0,0.0,0.0,0.0,0.0,0.0,nan,nan,nan,1,0,0,0
4358803487,4358803482,0.067821704,1.6342163,0.26369485,0.6526375,0.081727155,0.09338615,-0.7474383,nan,nan,nan,nan,nan,nan,0.0,0.0,0.0,0.0,0.0,0.0,nan,nan,nan,1,0,0,0
4358808479,4358808474,0.067670554,1.6340541,0.2655193,0.65353537,0.08013095,0.094314694,-0.7467097,nan,nan,nan,nan,nan,nan,0.0,0.0,0.0,0.0,0.0,0.0,nan,nan,nan,1,0,0,0
4358817011,4358817005,0.06740901,1.6335317,0.26741192,0.6544895,0.082626976,0.09454089,-0.74557245,nan,nan,nan,nan,nan,nan,0.0,0.0,0.0,0.0,0.0,0.0,nan,nan,nan,1,0,0,0
4358827277,4358827271,0.06725414,1.633392,0.26919645,0.65552056,0.08135386,0.09494557,-0.7447548,nan,nan,nan,nan,nan,nan,0.0,0.0,0.0,0.0,0.0,0.0,nan,nan,nan,1,0,0,0
4358832578,4358832572,0.06705724,1.633114,0.27087355,0.65661937,0.0823317,0.09401886,-0.7437963,nan,nan,nan,nan,nan,nan,0.0,0.0,0.0,0.0,0.0,0.0,nan,nan,nan,1,0,0,0
4358841517,4358841510,0.06680143,1.6327827,0.27268344,0.6571821,0.0828383,0.094757766,-0.74314904,nan,nan,nan,nan,nan,nan,0.0,0.0,0.0,0.0,0.0,0.0,nan,nan,nan,1,0,0,0
4358851985,4358851980,0.06654267,1.6324939,0.27468222,0.65785706,0.08474839,0.09690896,-0.74205816,nan,nan,nan,nan,nan,nan,0.0,0.0,0.0,0.0,0.0,0.0,nan,nan,nan,1,0,0,0
4358858510,4358858504,0.06666893,1.6324474,0.2763614,0.6581578,0.08343709,0.09817015,-0.74177426,nan,nan,nan,nan,nan,nan,0.0,0.0,0.0,0.0,0.0,0.0,nan,nan,nan,1,0,0,0
4358866014,4358866009,0.06644002,1.6322297,0.27818105,0.65905255,0.08392002,0.09925058,-0.74078107,nan,nan,nan,nan,nan,nan,0.0,0.0,0.0,0.0,0.0,0.0,nan,nan,nan,1,0,0,0
4358874482,4358874477,0.066298485,1.6319582,0.28006724,0.65966195,0.084501706,0.09972768,-0.7401082,nan,nan,nan,nan,nan,nan,0.0,0.0,0.0,0.0,0.0,0.0,nan,nan,nan,1,0,0,0
4358886474,4358886468,0.06613583,1.6316527,0.28199553,0.6608222,0.0855545,0.09949598,-0.73898244,nan,nan,nan,nan,nan,nan,0.0,0.0,0.0,0.0,0.0,0.0,nan,nan,nan,1,0,0,0
4358891787,4358891781,0.06594127,1.6313031,0.2838721,0.66155934,0.08636107,0.09983517,-0.7381828,nan,nan,nan,nan,nan,nan,0.0,0.0,0.0,0.0,0.0,0.0,nan,nan,nan,1,0,0,0
4358909119,4358909113,0.06586368,1.6310577,0.28580987,0.66301906,0.08627336,0.10009053,-0.7368477,nan,nan,nan,nan,nan,nan,0.0,0.0,0.0,0.0,0.0,0.0,nan,nan,nan,1,0,0,0
4358911488,4358911482,0.065758616,1.6307771,0.2877737,0.664256,0.086221725,0.099964224,-0.73575604,nan,nan,nan,nan,nan,nan,0.0,0.0,0.0,0.0,0.0,0.0,nan,nan,nan,1,0,0,0
4358918009,4358918004,0.06559843,1.6305666,0.2897002,0.66519797,0.08539858,0.10019939,-0.7349686,nan,nan,nan,nan,nan,nan,0.0,0.0,0.0,0.0,0.0,0.0,nan,nan,nan,1,0,0,0
4358926921,4358926916,0.06540845,1.6301564,0.29170048,0.6663524,0.08714691,0.10033958,-0.7336973,nan,nan,nan,nan,nan,nan,0.0,0.0,0.0,0.0,0.0,0.0,nan,nan,nan,1,0,0,0
4358936607,4358936602,0.06530935,1.6299592,0.2936304,0.6673811,0.08646778,0.10052454,-0.73281693,nan,nan,nan,nan,nan,nan,0.0,0.0,0.0,0.0,0.0,0.0,nan,nan,nan,1,0,0,0
4358940484,4358940479,0.06521177,1.6296219,0.29564434,0.6690065,0.08751712,0.09948843,-0.7313501,nan,nan,nan,nan,nan,nan,0.0,0.0,0.0,0.0,0.0,0.0,nan,nan,nan,1,0,0,0
4358949513,4358949476,0.06506522,1.6293715,0.29754955,0.66955614,0.08673026,0.09997858,-0.730874,nan,nan,nan,nan,nan,nan,0.0,0.0,0.0,0.0,0.0,0.0,nan,nan,nan,1,0,0,0
4358957493,4358957487,0.06492996,1.6289892,0.2995918,0.67121345,0.08715,0.09933881,-0.7293896,nan,nan,nan,nan,nan,nan,0.0,0.0,0.0,0.0,0.0,0.0,nan,nan,nan,1,0,0,0
4358965734,4358965729,0.06484887,1.6288412,0.30147424,0.6723661,0.086022206,0.09923597,-0.72847533,nan,nan,nan,nan,nan,nan,0.0,0.0,0.0,0.0,0.0,0.0,nan,nan,nan,1,0,0,0
4358974481,4358974475,0.06482404,1.6286197,0.3034893,0.6740556,0.085495815,0.09867609,-0.7270506,nan,nan,nan,nan,nan,nan,0.0,0.0,0.0,0.0,0.0,0.0,nan,nan,nan,1,0,0,0
4358982475,4358982470,0.06473598,1.628288,0.30546924,0.67545396,0.0860407,0.098407604,-0.7257236,nan,nan,nan,nan,nan,nan,0.0,0.0,0.0,0.0,0.0,0.0,nan,nan,nan,1,0,0,0
4358990489,4358990484,0.0646647,1.6281477,0.30735055,0.6763616,0.085097164,0.09908205,-0.7248973,nan,nan,nan,nan,nan,nan,0.0,0.0,0.0,0.0,0.0,0.0,nan,nan,nan,1,0,0,0
4359004146,4359004141,0.06459514,1.6279504,0.3093614,0.6775111,0.084608234,0.09899885,-0.7238918,nan,nan,nan,nan,nan,nan,0.0,0.0,0.0,0.0,0.0,0.0,nan,nan,nan,1,0,0,0
4359007514,4359007505,0.06456379,1.6277378,0.3113367,0.6785703,0.08465685,0.09939179,-0.7228395,nan,nan,nan,nan,nan,nan,0.0,0.0,0.0,0.0,0.0,0.0,nan,nan,nan,1,0,0,0
4359016646,4359016641,0.064520866,1.6274778,0.313382,0.68018895,0.08520066,0.098290406,-0.7214034,nan,nan,nan,nan,nan,nan,0.0,0.0,0.0,0.0,0.0,0.0,nan,nan,nan,1,0,0,0
4359024525,4359024519,0.06442583,1.6271876,0.3154103,0.68125415,0.08466885,0.099034496,-0.7203584,nan,nan,nan,nan,nan,nan,0.0,0.0,0.0,0.0,0.0,0.0,nan,nan,nan,1,0,0,0
4359032548,4359032542,0.06441845,1.627108,0.31737396,0.6825823,0.08352224,0.09949463,-0.7191705,nan,nan,nan,nan,nan,nan,0.0,0.0,0.0,0.0,0.0,0.0,nan,nan,nan,1,0,0,0
4359041415,4359041409,0.0644153,1.6268606,0.31941763,0.68419087,0.08287157,0.09902608,-0.71778053,nan,nan,nan,nan,nan,nan,0.0,0.0,0.0,0.0,0.0,0.0,nan,nan,nan,1,0,0,0
4359049526,4359049521,0.06434253,1.6266282,0.3214178,0.6856348,0.08280307,0.09868844,-0.71645594,nan,nan,nan,nan,nan,nan,0.0,0.0,0.0,0.0,0.0,0.0,nan,nan,nan,1,0,0,0
4359057719,4359057714,0.064372525,1.6264938,0.32339016,0.68752307,0.081797704,0.097529486,-0.714919,nan,nan,nan,nan,nan,nan,0.0,0.0,0.0,0.0,0.0,0.0,nan,nan,nan,1,0,0,0
4359067494,4359067488,0.06432789,1.6261972,0.32540768,0.68889815,0.081749596,0.09736516,-0.7136219,nan,nan,nan,nan,nan,nan,0.0,0.0,0.0,0.0,0.0,0.0,nan,nan,nan,1,0,0,0
4359074504,4359074498,0.064391285,1.6260931,0.32737786,0.6908187,0.08088852,0.09607205,-0.71203697,nan,nan,nan,nan,nan,nan,0.0,0.0,0.0,0.0,0.0,0.0,nan,nan,nan,1,0,0,0
4359083498,4359083493,0.06435311,1.6258383,0.32931453,0.6922718,0.08017265,0.095623665,-0.71076596,nan,nan,nan,nan,nan,nan,0.0,0.0,0.0,0.0,0.0,0.0,nan,nan,nan,1,0,0,0
4359090507,4359090502,0.06438113,1.6257352,0.33116406,0.6940312,0.07889558,0.09435225,-0.7093616,nan,nan,nan,nan,nan,nan,0.0,0.0,0.0,0.0,0.0,0.0,nan,nan,nan,1,0,0,0
4359100488,4359100483,0.06444239,1.6256055,0.33307666,0.6959841,0.07715206,0.09315983,-0.7077959,nan,nan,nan,nan,nan,nan,0.0,0.0,0.0,0.0,0.0,0.0,nan,nan,nan,1,0,0,0
4359110481,4359110476,0.06449248,1.6255268,0.33488435,0.6975964,0.075102635,0.092280194,-0.7065431,nan,nan,nan,nan,nan,nan,0.0,0.0,0.0,0.0,0.0,0.0,nan,nan,nan,1,0,0,0
4359116596,4359116591,0.06450783,1.6254576,0.336682,0.6994855,0.07372706,0.09133652,-0.70494115,nan,nan,nan,nan,nan,nan,0.0,0.0,0.0,0.0,0.0,0.0,nan,nan,nan,1,0,0,0
4359133979,4359133973,0.06456091,1.625392,0.3384738,0.70115125,0.07190601,0.09009097,-0.70363355,nan,nan,nan,nan,nan,nan,0.0,0.0,0.0,0.0,0.0,0.0,nan,nan,nan,1,0,0,0
4359136528,4359136522,0.06457646,1.6252843,0.34022996,0.7027124,0.07069782,0.08918638,-0.7023125,nan,nan,nan,nan,nan,nan,0.0,0.0,0.0,0.0,0.0,0.0,nan,nan,nan,1,0,0,0
4359141121,4359141115,0.064611286,1.6252034,0.34193867,0.7043293,0.06934293,0.08797304,-0.70097965,nan,nan,nan,nan,nan,nan,0.0,0.0,0.0,0.0,0.0,0.0,nan,nan,nan,1,0,0,0
4359149472,4359149466,0.06466343,1.6251179,0.34368587,0.7059591,0.068533204,0.08698508,-0.69954157,nan,nan,nan,nan,nan,nan,0.0,0.0,0.0,0.0,0.0,0.0,nan,nan,nan,1,0,0,0
4359156554,4359156549,0.06479068,1.6252837,0.34531724,0.7081059,0.06826979,0.08227871,-0.69796526,nan,nan,nan,nan,nan,nan,0.0,0.0,0.0,0.0,0.0,0.0,nan,nan,nan,1,0,0,0
4359166484,4359166479,0.06480641,1.6252013,0.34694725,0.70964515,0.06734204,0.08089492,-0.6966526,nan,nan,nan,nan,nan,nan,0.0,0.0,0.0,0.0,0.0,0.0,nan,nan,nan,1,0,0,0
4359173484,4359173479,0.06481377,1.6249994,0.34857008,0.7111192,0.0646767,0.08010138,-0.6954926,nan,nan,nan,nan,nan,nan,0.0,0.0,0.0,0.0,0.0,0.0,nan,nan,nan,1,0,0,0
4359182474,4359182469,0.06484643,1.6249981,0.34999207,0.71308947,0.063104525,0.07823269,-0.69383055,nan,nan,nan,nan,nan,nan,0.0,0.0,0.0,0.0,0.0,0.0,nan,nan,nan,1,0,0,0
4359190494,4359190489,0.06485762,1.6248728,0.35153458,0.71435535,0.061396495,0.07754975,-0.6927575,nan,nan,nan,nan,nan,nan,0.0,0.0,0.0,0.0,0.0,0.0,nan,nan,nan,1,0,0,0
4359200020,4359200015,0.0648723,1.6248498,0.3529491,0.71595055,0.059842646,0.076277025,-0.69138664,nan,nan,nan,nan,nan,nan,0.0,0.0,0.0,0.0,0.0,0.0,nan,nan,nan,1,0,0,0
4359207482,4359207477,0.064796075,1.6251826,0.35459667,0.7159367,0.06759489,0.076351725,-0.69067794,nan,nan,nan,nan,nan,nan,0.0,0.0,0.0,0.0,0.0,0.0,nan,nan,nan,1,0,0,0
4359216838,4359216832,0.06474306,1.6250653,0.3559455,0.71669877,0.0644482,0.07612295,-0.6902135,nan,nan,nan,nan,nan,nan,0.0,0.0,0.0,0.0,0.0,0.0,nan,nan,nan,1,0,0,0
4359223490,4359223485,0.06482907,1.6248163,0.35676244,0.72025925,0.053537533,0.0716243,-0.6879173,nan,nan,nan,nan,nan,nan,0.0,0.0,0.0,0.0,0.0,0.0,nan,nan,nan,1,0,0,0
4359232515,4359232482,0.06477553,1.6247753,0.35795677,0.7212752,0.05179335,0.07030198,-0.68712234,nan,nan,nan,nan,nan,nan,0.0,0.0,0.0,0.0,0.0,0.0,nan,nan,nan,1,0,0,0
4359240509,4359240504,0.06477057,1.6248173,0.35907796,0.7224546,0.049476378,0.06866463,-0.686219,nan,nan,nan,nan,nan,nan,0.0,0.0,0.0,0.0,0.0,0.0,nan,nan,nan,1,0,0,0
4359248490,4359248485,0.064909905,1.6250781,0.36020502,0.72416466,0.045652937,0.06654679,-0.68488884,nan,nan,nan,nan,nan,nan,0.0,0.0,0.0,0.0,0.0,0.0,nan,nan,nan,1,0,0,0
4359257482,4359257476,0.06482249,1.624918,0.36129442,0.7255613,0.045632344,0.063955106,-0.6836579,nan,nan,nan,nan,nan,nan,0.0,0.0,0.0,0.0,0.0,0.0,nan,nan,nan,1,0,0,0
4359266049,4359266044,0.0648145,1.6249981,0.36228886,0.7267967,0.0437118,0.061998066,-0.6826508,nan,nan,nan,nan,nan,nan,0.0,0.0,0.0,0.0,0.0,0.0,nan,nan,nan,1,0,0,0
4359277006,4359277001,0.064824075,1.6250443,0.36328515,0.72779834,0.041240335,0.06092721,-0.6818334,nan,nan,nan,nan,nan,nan,0.0,0.0,0.0,0.0,0.0,0.0,nan,nan,nan,1,0,0,0
4359292481,4359292476,0.064944126,1.6251625,0.36435476,0.72905606,0.038668323,0.05945392,-0.6807696,nan,nan,nan,nan,nan,nan,0.0,0.0,0.0,0.0,0.0,0.0,nan,nan,nan,1,0,0,0
4359297255,4359297249,0.06482642,1.6250023,0.3653169,0.7301597,0.038716115,0.058551304,-0.6796615,nan,nan,nan,nan,nan,nan,0.0,0.0,0.0,0.0,0.0,0.0,nan,nan,nan,1,0,0,0
4359311481,4359311476,0.06511863,1.6253709,0.36708727,0.7331642,0.032824162,0.05548674,-0.67698896,nan,nan,nan,nan,nan,nan,0.0,0.0,0.0,0.0,0.0,0.0,nan,nan,nan,1,0,0,0
4359318476,4359318470,0.06522513,1.6254796,0.36785686,0.73495644,0.030903049,0.053793453,-0.67527056,nan,nan,nan,nan,nan,nan,0.0,0.0,0.0,0.0,0.0,0.0,nan,nan,nan,1,0,0,0
4359325971,4359325967,0.06528246,1.625546,0.3686268,0.73612374,0.029265098,0.053056326,-0.6741295,nan,nan,nan,nan,nan,nan,0.0,0.0,0.0,0.0,0.0,0.0,nan,nan,nan,1,0,0,0
4359332486,4359332482,0.06530543,1.6255996,0.36931533,0.7371012,0.027693711,0.052652042,-0.67315865,nan,nan,nan,nan,nan,nan,0.0,0.0,0.0,0.0,0.0,0.0,nan,nan,nan,1,0,0,0
4359341646,4359341641,0.0653323,1.6256014,0.36994833,0.73783034,0.026266612,0.05240479,-0.672436,nan,nan,nan,nan,nan,nan,0.0,0.0,0.0,0.0,0.0,0.0,nan,nan,nan,1,0,0,0
4359349847,4359349843,0.06537579,1.6256446,0.3704992,0.73833346,0.024762297,0.051681917,-0.67199665,nan,nan,nan,nan,nan,nan,0.0,0.0,0.0,0.0,0.0,0.0,nan,nan,nan,1,0,0,0
4359358480,4359358475,0.06532341,1.6256169,0.37103128,0.7387891,0.024132252,0.05122268,-0.6715538,nan,nan,nan,nan,nan,nan,0.0,0.0,0.0,0.0,0.0,0.0,nan,nan,nan,1,0,0,0
4359367138,4359367133,0.06521525,1.6253623,0.37158036,0.73851514,0.024906892,0.05240824,-0.6717354,nan,nan,nan,nan,nan,nan,0.0,0.0,0.0,0.0,0.0,0.0,nan,nan,nan,1,0,0,0
4359376498,4359376493,0.06514261,1.6251491,0.37208673,0.7381787,0.024125818,0.052769475,-0.6721053,nan,nan,nan,nan,nan,nan,0.0,0.0,0.0,0.0,0.0,0.0,nan,nan,nan,1,0,0,0
4359382471,4359382466,0.065141894,1.625074,0.37248352,0.73871887,0.023528868,0.05135221,-0.6716426,nan,nan,nan,nan,nan,nan,0.0,0.0,0.0,0.0,0.0,0.0,nan,nan,nan,1,0,0,0
4359391315,4359391311,0.0651096,1.624976,0.37290892,0.73916125,0.022395233,0.050248947,-0.671278,nan,nan,nan,nan,nan,nan,0.0,0.0,0.0,0.0,0.0,0.0,nan,nan,nan,1,0,0,0
4359399860,4359399856,0.06506832,1.6248679,0.37331632,0.7398612,0.020880707,0.049081177,-0.6706417,nan,nan,nan,nan,nan,nan,0.0,0.0,0.0,0.0,0.0,0.0,nan,nan,nan,1,0,0,0
4359407482,4359407478,0.06499591,1.6247139,0.37375858,0.7408963,0.0197234,0.04763755,-0.66963744,nan,nan,nan,nan,nan,nan,0.0,0.0,0.0,0.0,0.0,0.0,nan,nan,nan,1,0,0,0
4359416512,4359416508,0.064960636,1.6246166,0.37415588,0.7418617,0.018298797,0.046333604,-0.6686999,nan,nan,nan,nan,nan,nan,0.0,0.0,0.0,0.0,0.0,0.0,nan,nan,nan,1,0,0,0
4359425889,4359425885,0.06491069,1.6245203,0.37451217,0.742801,0.01704373,0.044905152,-0.6677872,nan,nan,nan,nan,nan,nan,0.0,0.0,0.0,0.0,0.0,0.0,nan,nan,nan,1,0,0,0
4359432480,4359432476,0.064867295,1.6243943,0.37479064,0.74364346,0.01569154,0.043340318,-0.6669856,nan,nan,nan,nan,nan,nan,0.0,0.0,0.0,0.0,0.0,0.0,nan,nan,nan,1,0,0,0
4359440551,4359440546,0.06486257,1.6243081,0.37498358,0.7441384,0.013900897,0.042009663,-0.6665582,nan,nan,nan,nan,nan,nan,0.0,0.0,0.0,0.0,0.0,0.0,nan,nan,nan,1,0,0,0
4359448634,4359448630,0.064816564,1.6242228,0.3751785,0.74469477,0.012597234,0.040418178,-0.6660612,nan,nan,nan,nan,nan,nan,0.0,0.0,0.0,0.0,0.0,0.0,nan,nan,nan,1,0,0,0
4359457721,4359457716,0.06479757,1.6241455,0.3752927,0.74529487,0.011169888,0.03895382,-0.6655024,nan,nan,nan,nan,nan,nan,0.0,0.0,0.0,0.0,0.0,0.0,nan,nan,nan,1,0,0,0
4359465909,4359465904,0.06476465,1.6240703,0.37535343,0.7457317,0.009476789,0.037590355,-0.66511756,nan,nan,nan,nan,nan,nan,0.0,0.0,0.0,0.0,0.0,0.0,nan,nan,nan,1,0,0,0
4359475832,4359475828,0.06472892,1.6240178,0.37536976,0.7461776,0.0075529884,0.03627813,-0.6647148,nan,nan,nan,nan,nan,nan,0.0,0.0,0.0,0.0,0.0,0.0,nan,nan,nan,1,0,0,0
4359482475,4359482470,0.064680204,1.6239643,0.37538043,0.7466938,0.005511074,0.034853775,-0.66423124,nan,nan,nan,nan,nan,nan,0.0,0.0,0.0,0.0,0.0,0.0,nan,nan,nan,1,0,0,0
4359491490,4359491486,0.06464138,1.6239271,0.37536743,0.74735564,0.0033710138,0.033405807,-0.6635753,nan,nan,nan,nan,nan,nan,0.0,0.0,0.0,0.0,0.0,0.0,nan,nan,nan,1,0,0,0
4359500244,4359500238,0.06461876,1.6239058,0.37535015,0.74828255,0.00083083316,0.031679824,-0.66262275,nan,nan,nan,nan,nan,nan,0.0,0.0,0.0,0.0,0.0,0.0,nan,nan,nan,1,0,0,0
4359508482,4359508476,0.06460709,1.6239071,0.37530437,0.7494825,-0.0019437948,0.029616663,-0.66135854,nan,nan,nan,nan,nan,nan,0.0,0.0,0.0,0.0,0.0,0.0,nan,nan,nan,1,0,0,0
4359517752,4359517747,0.06464339,1.6239781,0.3752489,0.75103796,-0.005297597,0.026700221,-0.6596977,nan,nan,nan,nan,nan,nan,0.0,0.0,0.0,0.0,0.0,0.0,nan,nan,nan,1,0,0,0
4359526151,4359526146,0.06463457,1.6239294,0.37517583,0.7525258,-0.0083193565,0.024425298,-0.658057,nan,nan,nan,nan,nan,nan,0.0,0.0,0.0,0.0,0.0,0.0,nan,nan,nan,1,0,0,0
4359531485,4359531480,0.064603455,1.6238531,0.37507102,0.75401425,-0.011231456,0.021966126,-0.6563946,nan,nan,nan,nan,nan,nan,0.0,0.0,0.0,0.0,0.0,0.0,nan,nan,nan,1,0,0,0
4359540554,4359540549,0.06454792,1.6237417,0.374909,0.7553692,-0.013844337,0.01932249,-0.65486825,nan,nan,nan,nan,nan,nan,0.0,0.0,0.0,0.0,0.0,0.0,nan,nan,nan,1,0,0,0
4359549562,4359549558,0.064499386,1.6236316,0.37471262,0.7563675,-0.016278394,0.016709015,-0.65373087,nan,nan,nan,nan,nan,nan,0.0,0.0,0.0,0.0,0.0,0.0,nan,nan,nan,1,0,0,0
4359557489,4359557484,0.06443847,1.6235086,0.37438193,0.75743294,-0.019056676,0.013771527,-0.6524895,nan,nan,nan,nan,nan,nan,0.0,0.0,0.0,0.0,0.0,0.0,nan,nan,nan,1,0,0,0
4359566626,4359566621,0.06433744,1.6233476,0.37405422,0.7581036,-0.021296654,0.011518673,-0.6516846,nan,nan,nan,nan,nan,nan,0.0,0.0,0.0,0.0,0.0,0.0,nan,nan,nan,1,0,0,0
4359573483,4359573478,0.064210325,1.6231517,0.37365773,0.75855905,-0.023468422,0.009337032,-0.65111464,nan,nan,nan,nan,nan,nan,0.0,0.0,0.0,0.0,0.0,0.0,nan,nan,nan,1,0,0,0
4359582479,4359582475,0.0640825,1.6229306,0.3731792,0.7587818,-0.025861764,0.0070538074,-0.650793,nan,nan,nan,nan,nan,nan,0.0,0.0,0.0,0.0,0.0,0.0,nan,nan,nan,1,0,0,0
4359590491,4359590486,0.06392599,1.6226703,0.3727108,0.7587512,-0.02796958,0.005568123,-0.65075594,nan,nan,nan,nan,nan,nan,0.0,0.0,0.0,0.0,0.0,0.0,nan,nan,nan,1,0,0,0
4359600486,4359600480,0.06378307,1.6224551,0.37216017,0.7587872,-0.030667115,0.0036315091,-0.65060604,nan,nan,nan,nan,nan,nan,0.0,0.0,0.0,0.0,0.0,0.0,nan,nan,nan,1,0,0,0
4359607509,4359607504,0.06362484,1.6222097,0.37156042,0.75860006,-0.03355247,0.0015848529,-0.6506901,nan,nan,nan,nan,nan,nan,0.0,0.0,0.0,0.0,0.0,0.0,nan,nan,nan,1,0,0,0
4359616924,4359616920,0.06346034,1.6219887,0.37095693,0.75854903,-0.036511615,-0.00034021842,-0.65059215,nan,nan,nan,nan,nan,nan,0.0,0.0,0.0,0.0,0.0,0.0,nan,nan,nan,1,0,0,0
4359625833,4359625828,0.063266255,1.6217088,0.3703259,0.7585689,-0.03917776,-0.0016490151,-0.65041184,nan,nan,nan,nan,nan,nan,0.0,0.0,0.0,0.0,0.0,0.0,nan,nan,nan,1,0,0,0
4359635769,4359635764,0.06314837,1.6215855,0.36961317,0.7589123,-0.042919263,-0.0047406117,-0.6497596,nan,nan,nan,nan,nan,nan,0.0,0.0,0.0,0.0,0.0,0.0,nan,nan,nan,1,0,0,0
4359640483,4359640478,0.06300631,1.6213185,0.3689345,0.75900155,-0.046339896,-0.006832562,-0.64940166,nan,nan,nan,nan,nan,nan,0.0,0.0,0.0,0.0,0.0,0.0,nan,nan,nan,1,0,0,0
4359649539,4359649535,0.06280876,1.6209706,0.36825836,0.75926054,-0.050057106,-0.009318692,-0.6487918,nan,nan,nan,nan,nan,nan,0.0,0.0,0.0,0.0,0.0,0.0,nan,nan,nan,1,0,0,0
4359656706,4359656702,0.0626107,1.6206062,0.36757314,0.7595385,-0.05352027,-0.011556187,-0.64815384,nan,nan,nan,nan,nan,nan,0.0,0.0,0.0,0.0,0.0,0.0,nan,nan,nan,1,0,0,0
4359666894,4359666890,0.062380508,1.6201013,0.3669417,0.75985867,-0.05649011,-0.013605144,-0.6474864,nan,nan,nan,nan,nan,nan,0.0,0.0,0.0,0.0,0.0,0.0,nan,nan,nan,1,0,0,0
4359675009,4359675005,0.062148593,1.6196408,0.36616293,0.7603143,-0.060258713,-0.017277282,-0.6465235,nan,nan,nan,nan,nan,nan,0.0,0.0,0.0,0.0,0.0,0.0,nan,nan,nan,1,0,0,0
4359682472,4359682468,0.061847355,1.6190387,0.36548793,0.7605927,-0.06308702,-0.02011288,-0.64584386,nan,nan,nan,nan,nan,nan,0.0,0.0,0.0,0.0,0.0,0.0,nan,nan,nan,1,0,0,0
4359691512,4359691508,0.061523125,1.6183351,0.36476827,0.7609032,-0.06525651,-0.0232578,-0.64515656,nan,nan,nan,nan,nan,nan,0.0,0.0,0.0,0.0,0.0,0.0,nan,nan,nan,1,0,0,0
4359699489,4359699485,0.0612033,1.6176057,0.3640372,0.7611576,-0.06708667,-0.026373282,-0.64454865,nan,nan,nan,nan,nan,nan,0.0,0.0,0.0,0.0,0.0,0.0,nan,nan,nan,1,0,0,0
4359707484,4359707479,0.060818903,1.6167186,0.36333212,0.7611071,-0.06845872,-0.02903208,-0.6443497,nan,nan,nan,nan,nan,nan,0.0,0.0,0.0,0.0,0.0,0.0,nan,nan,nan,1,0,0,0
4359716730,4359716725,0.06047031,1.6159359,0.36253658,0.7613312,-0.07040287,-0.032083828,-0.64373046,nan,nan,nan,nan,nan,nan,0.0,0.0,0.0,0.0,0.0,0.0,nan,nan,nan,1,0,0,0
4359725438,4359725433,0.060178816,1.6151992,0.36163524,0.7613906,-0.07299241,-0.03600192,-0.64316434,nan,nan,nan,nan,nan,nan,0.0,0.0,0.0,0.0,0.0,0.0,nan,nan,nan,1,0,0,0
4359732711,4359732706,0.059823856,1.61439,0.36082816,0.7613613,-0.07545038,-0.0387462,-0.6427557,nan,nan,nan,nan,nan,nan,0.0,0.0,0.0,0.0,0.0,0.0,nan,nan,nan,1,0,0,0
4359741616,4359741611,0.059477843,1.6135443,0.35995224,0.7612791,-0.07743976,-0.041486207,-0.6424454,nan,nan,nan,nan,nan,nan,0.0,0.0,0.0,0.0,0.0,0.0,nan,nan,nan,1,0,0,0
4359759481,4359759477,0.05913599,1.6127044,0.35908663,0.76115,-0.07994653,-0.04380801,-0.6421371,nan,nan,nan,nan,nan,nan,0.0,0.0,0.0,0.0,0.0,0.0,nan,nan,nan,1,0,0,0
4359761514,4359761510,0.058790457,1.6118604,0.35821953,0.76104313,-0.082691565,-0.0465605,-0.6417223,nan,nan,nan,nan,nan,nan,0.0,0.0,0.0,0.0,0.0,0.0,nan,nan,nan,1,0,0,0
4359776628,4359776623,0.058046486,1.610024,0.35633793,0.76063037,-0.08784124,-0.051257927,-0.64116925,nan,nan,nan,nan,nan,nan,0.0,0.0,0.0,0.0,0.0,0.0,nan,nan,nan,1,0,0,0
4359782841,4359782836,0.057680577,1.6091322,0.35534868,0.7602722,-0.090523235,-0.054181963,-0.64098054,nan,nan,nan,nan,nan,nan,0.0,0.0,0.0,0.0,0.0,0.0,nan,nan,nan,1,0,0,0
4359791090,4359791085,0.05725856,1.6080222,0.35448205,0.7596187,-0.09227391,-0.055467177,-0.6413957,nan,nan,nan,nan,nan,nan,0.0,0.0,0.0,0.0,0.0,0.0,nan,nan,nan,1,0,0,0
4359799502,4359799498,0.05685576,1.606918,0.35359314,0.75935537,-0.09335503,-0.058683455,-0.64126474,nan,nan,nan,nan,nan,nan,0.0,0.0,0.0,0.0,0.0,0.0,nan,nan,nan,1,0,0,0
4359807573,4359807568,0.056377105,1.6056875,0.35282066,0.7588981,-0.09360875,-0.060229197,-0.64162576,nan,nan,nan,nan,nan,nan,0.0,0.0,0.0,0.0,0.0,0.0,nan,nan,nan,1,0,0,0
4359816478,4359816473,0.055932447,1.6045364,0.35195097,0.7582225,-0.09432981,-0.061508287,-0.6421972,nan,nan,nan,nan,nan,nan,0.0,0.0,0.0,0.0,0.0,0.0,nan,nan,nan,1,0,0,0
4359823515,4359823510,0.0555077,1.6033462,0.3511323,0.7575947,-0.09522555,-0.06264689,-0.6426957,nan,nan,nan,nan,nan,nan,0.0,0.0,0.0,0.0,0.0,0.0,nan,nan,nan,1,0,0,0
4359832538,4359832534,0.0550844,1.6020446,0.3503705,0.75685966,-0.095376514,-0.06301126,-0.64350325,nan,nan,nan,nan,nan,nan,0.0,0.0,0.0,0.0,0.0,0.0,nan,nan,nan,1,0,0,0
4359840498,4359840494,0.054736294,1.600956,0.34944233,0.75667554,-0.09676026,-0.06654089,-0.64315784,nan,nan,nan,nan,nan,nan,0.0,0.0,0.0,0.0,0.0,0.0,nan,nan,nan,1,0,0,0
4359850475,4359850471,0.054336857,1.5996875,0.34862435,0.75625443,-0.097804636,-0.06791144,-0.6433518,nan,nan,nan,nan,nan,nan,0.0,0.0,0.0,0.0,0.0,0.0,nan,nan,nan,1,0,0,0
4359856491,4359856486,0.053928446,1.5984107,0.34783888,0.75595784,-0.09878069,-0.06983778,-0.643345,nan,nan,nan,nan,nan,nan,0.0,0.0,0.0,0.0,0.0,0.0,nan,nan,nan,1,0,0,0
4359865505,4359865501,0.053513736,1.597087,0.34705392,0.7558421,-0.09953912,-0.07259081,-0.64305925,nan,nan,nan,nan,nan,nan,0.0,0.0,0.0,0.0,0.0,0.0,nan,nan,nan,1,0,0,0
4359876766,4359876761,0.05307443,1.595685,0.3463167,0.75558895,-0.09977636,-0.073647045,-0.6431999,nan,nan,nan,nan,nan,nan,0.0,0.0,0.0,0.0,0.0,0.0,nan,nan,nan,1,0,0,0
4359882526,4359882522,0.052711226,1.5944484,0.3453789,0.7553942,-0.10106797,-0.07685911,-0.64285105,nan,nan,nan,nan,nan,nan,0.0,0.0,0.0,0.0,0.0,0.0,nan,nan,nan,1,0,0,0
4359891491,4359891486,0.052280426,1.593022,0.34457865,0.75490445,-0.101419106,-0.078004666,-0.6432331,nan,nan,nan,nan,nan,nan,0.0,0.0,0.0,0.0,0.0,0.0,nan,nan,nan,1,0,0,0
4359900488,4359900483,0.051948145,1.5918123,0.34357738,0.75487125,-0.10276027,-0.08116475,-0.6426679,nan,nan,nan,nan,nan,nan,0.0,0.0,0.0,0.0,0.0,0.0,nan,nan,nan,1,0,0,0
4359908484,4359908479,0.051571663,1.5904756,0.3425988,0.7545767,-0.1038511,-0.08360359,-0.6425259,nan,nan,nan,nan,nan,nan,0.0,0.0,0.0,0.0,0.0,0.0,nan,nan,nan,1,0,0,0
4359915485,4359915480,0.051158704,1.5890985,0.3415979,0.75419134,-0.10476677,-0.085444294,-0.6425875,nan,nan,nan,nan,nan,nan,0.0,0.0,0.0,0.0,0.0,0.0,nan,nan,nan,1,0,0,0
4359925513,4359925508,0.05071684,1.5876101,0.34062216,0.7537425,-0.104195446,-0.086073294,-0.64312285,nan,nan,nan,nan,nan,nan,0.0,0.0,0.0,0.0,0.0,0.0,nan,nan,nan,1,0,0,0
4359932532,4359932527,0.050273724,1.5861982,0.3395587,0.75295925,-0.10523397,-0.08714889,-0.64372605,nan,nan,nan,nan,nan,nan,0.0,0.0,0.0,0.0,0.0,0.0,nan,nan,nan,1,0,0,0
4359941483,4359941478,0.049904563,1.5849376,0.33829466,0.7526322,-0.10614773,-0.09052375,-0.6434926,nan,nan,nan,nan,nan,nan,0.0,0.0,0.0,0.0,0.0,0.0,nan,nan,nan,1,0,0,0
4359949051,4359949047,0.049469955,1.5835028,0.33710065,0.75190437,-0.10620241,-0.091284215,-0.6442268,nan,nan,nan,nan,nan,nan,0.0,0.0,0.0,0.0,0.0,0.0,nan,nan,nan,1,0,0,0
4359957489,4359957484,0.049118128,1.5821329,0.33574176,0.750385,-0.10614172,-0.09054415,-0.6461099,nan,nan,nan,nan,nan,nan,0.0,0.0,0.0,0.0,0.0,0.0,nan,nan,nan,1,0,0,0
4359966160,4359966155,0.048600834,1.5805364,0.33455524,0.7494961,-0.10469215,-0.08978268,-0.647483,nan,nan,nan,nan,nan,nan,0.0,0.0,0.0,0.0,0.0,0.0,nan,nan,nan,1,0,0,0
4359974949,4359974945,0.04810043,1.5790576,0.33320716,0.748192,-0.10497598,-0.09072232,-0.648813,nan,nan,nan,nan,nan,nan,0.0,0.0,0.0,0.0,0.0,0.0,nan,nan,nan,1,0,0,0
4359993307,4359993303,0.047619544,1.5776048,0.33178464,0.74735564,-0.10425086,-0.09209404,-0.6496999,nan,nan,nan,nan,nan,nan,0.0,0.0,0.0,0.0,0.0,0.0,nan,nan,nan,1,0,0,0
4359995448,4359995437,0.047118198,1.5760757,0.33031005,0.7464506,-0.10350586,-0.09294129,-0.650738,nan,nan,nan,nan,nan,nan,0.0,0.0,0.0,0.0,0.0,0.0,nan,nan,nan,1,0,0,0
4360011480,4360011475,0.04604333,1.5728327,0.32746568,0.7446526,-0.10232529,-0.09396073,-0.65283483,nan,nan,nan,nan,nan,nan,0.0,0.0,0.0,0.0,0.0,0.0,nan,nan,nan,1,0,0,0
4360015479,4360015475,0.045530535,1.5713061,0.32585928,0.74388367,-0.102065526,-0.09538601,-0.6535451,nan,nan,nan,nan,nan,nan,0.0,0.0,0.0,0.0,0.0,0.0,nan,nan,nan,1,0,0,0
4360024814,4360024808,0.045059744,1.56989,0.32413018,0.7431084,-0.10221485,-0.097151496,-0.6541434,nan,nan,nan,nan,nan,nan,0.0,0.0,0.0,0.0,0.0,0.0,nan,nan,nan,1,0,0,0
4360035839,4360035832,0.044542976,1.5683388,0.32247362,0.74226844,-0.10124818,-0.09799445,-0.655121,nan,nan,nan,nan,nan,nan,0.0,0.0,0.0,0.0,0.0,0.0,nan,nan,nan,1,0,0,0
4360040482,4360040477,0.04399293,1.5668119,0.32072067,0.74109894,-0.10012643,-0.09831183,-0.65656817,nan,nan,nan,nan,nan,nan,0.0,0.0,0.0,0.0,0.0,0.0,nan,nan,nan,1,0,0,0
4360049474,4360049469,0.04342605,1.5652604,0.31897312,0.7398587,-0.098678246,-0.0985579,-0.65814745,nan,nan,nan,nan,nan,nan,0.0,0.0,0.0,0.0,0.0,0.0,nan,nan,nan,1,0,0,0
4360057488,4360057483,0.042779297,1.563561,0.31735986,0.7390707,-0.096589625,-0.09898113,-0.6592781,nan,nan,nan,nan,nan,nan,0.0,0.0,0.0,0.0,0.0,0.0,nan,nan,nan,1,0,0,0
4360066486,4360066481,0.042285934,1.5621705,0.31547803,0.7378938,-0.095444694,-0.09969505,-0.6606542,nan,nan,nan,nan,nan,nan,0.0,0.0,0.0,0.0,0.0,0.0,nan,nan,nan,1,0,0,0
4360075370,4360075365,0.041749485,1.5606682,0.31358767,0.7365096,-0.09331273,-0.0988735,-0.6626239,nan,nan,nan,nan,nan,nan,0.0,0.0,0.0,0.0,0.0,0.0,nan,nan,nan,1,0,0,0
4360081474,4360081469,0.04124601,1.5592114,0.31164888,0.73509437,-0.090949036,-0.09815265,-0.6646281,nan,nan,nan,nan,nan,nan,0.0,0.0,0.0,0.0,0.0,0.0,nan,nan,nan,1,0,0,0
4360090540,4360090512,0.04077537,1.5577871,0.30964163,0.73359406,-0.08882984,-0.09748824,-0.6666671,nan,nan,nan,nan,nan,nan,0.0,0.0,0.0,0.0,0.0,0.0,nan,nan,nan,1,0,0,0
4360099493,4360099489,0.04031,1.556401,0.30762723,0.7321363,-0.08652043,-0.09670967,-0.6686837,nan,nan,nan,nan,nan,nan,0.0,0.0,0.0,0.0,0.0,0.0,nan,nan,nan,1,0,0,0
4360107482,4360107478,0.039822053,1.5549948,0.30562133,0.7306427,-0.084109165,-0.096036196,-0.670719,nan,nan,nan,nan,nan,nan,0.0,0.0,0.0,0.0,0.0,0.0,nan,nan,nan,1,0,0,0
4360116480,4360116475,0.039343968,1.5535718,0.30368522,0.7291975,-0.080706164,-0.093653426,-0.6730428,nan,nan,nan,nan,nan,nan,0.0,0.0,0.0,0.0,0.0,0.0,nan,nan,nan,1,0,0,0
4360124633,4360124629,0.03896507,1.5523976,0.3015677,0.72772247,-0.07897134,-0.09323761,-0.67490023,nan,nan,nan,nan,nan,nan,0.0,0.0,0.0,0.0,0.0,0.0,nan,nan,nan,1,0,0,0
4360134978,4360134973,0.038576804,1.5512321,0.299388,0.7262512,-0.07662803,-0.09194114,-0.67692995,nan,nan,nan,nan,nan,nan,0.0,0.0,0.0,0.0,0.0,0.0,nan,nan,nan,1,0,0,0
4360141483,4360141477,0.03817552,1.5499886,0.29739243,0.7248672,-0.07252926,-0.08960837,-0.679174,nan,nan,nan,nan,nan,nan,0.0,0.0,0.0,0.0,0.0,0.0,nan,nan,nan,1,0,0,0
4360148738,4360148733,0.03778058,1.5487927,0.29533902,0.7236192,-0.06788117,-0.08740734,-0.68126893,nan,nan,nan,nan,nan,nan,0.0,0.0,0.0,0.0,0.0,0.0,nan,nan,nan,1,0,0,0
4360157565,4360157560,0.037388023,1.5476828,0.2932209,0.72209185,-0.06340818,-0.085226275,-0.68359286,nan,nan,nan,nan,nan,nan,0.0,0.0,0.0,0.0,0.0,0.0,nan,nan,nan,1,0,0,0
4360169661,4360169655,0.03705941,1.5465909,0.29113758,0.72063285,-0.058502387,-0.082970664,-0.6858437,nan,nan,nan,nan,nan,nan,0.0,0.0,0.0,0.0,0.0,0.0,nan,nan,nan,1,0,0,0
4360174677,4360174671,0.036728263,1.5456244,0.2890089,0.71904457,-0.05402741,-0.080119126,-0.6882129,nan,nan,nan,nan,nan,nan,0.0,0.0,0.0,0.0,0.0,0.0,nan,nan,nan,1,0,0,0
4360185380,4360185375,0.036438674,1.544772,0.2868885,0.71739215,-0.049278323,-0.07668914,-0.69068015,nan,nan,nan,nan,nan,nan,0.0,0.0,0.0,0.0,0.0,0.0,nan,nan,nan,1,0,0,0
4360190522,4360190516,0.036158517,1.5439612,0.28481114,0.71568835,-0.044107243,-0.072300546,-0.69326574,nan,nan,nan,nan,nan,nan,0.0,0.0,0.0,0.0,0.0,0.0,nan,nan,nan,1,0,0,0
4360199597,4360199592,0.03592759,1.5432447,0.28270784,0.71425265,-0.03805045,-0.06640605,-0.69569075,nan,nan,nan,nan,nan,nan,0.0,0.0,0.0,0.0,0.0,0.0,nan,nan,nan,1,0,0,0
4360207485,4360207479,0.03573509,1.5425509,0.2807461,0.7131214,-0.030860906,-0.058986295,-0.69787246,nan,nan,nan,nan,nan,nan,0.0,0.0,0.0,0.0,0.0,0.0,nan,nan,nan,1,0,0,0
4360216478,4360216473,0.035489324,1.541956,0.2788018,0.7116508,-0.023885837,-0.051793937,-0.70021427,nan,nan,nan,nan,nan,nan,0.0,0.0,0.0,0.0,0.0,0.0,nan,nan,nan,1,0,0,0
4360224735,4360224730,0.03528253,1.5414661,0.276903,0.7098752,-0.017789027,-0.04609604,-0.70259225,nan,nan,nan,nan,nan,nan,0.0,0.0,0.0,0.0,0.0,0.0,nan,nan,nan,1,0,0,0
4360232487,4360232482,0.035104718,1.5410827,0.2750523,0.70825577,-0.011822563,-0.041337736,-0.7046454,nan,nan,nan,nan,nan,nan,0.0,0.0,0.0,0.0,0.0,0.0,nan,nan,nan,1,0,0,0
4360240483,4360240478,0.03498819,1.5408453,0.27322903,0.70639414,-0.0069794967,-0.036426637,-0.70684636,nan,nan,nan,nan,nan,nan,0.0,0.0,0.0,0.0,0.0,0.0,nan,nan,nan,1,0,0,0
4360249526,4360249519,0.03487689,1.5408224,0.27133024,0.7056803,-0.00024772293,-0.031858236,-0.70781374,nan,nan,nan,nan,nan,nan,0.0,0.0,0.0,0.0,0.0,0.0,nan,nan,nan,1,0,0,0
4360259468,4360259463,0.03481103,1.5408641,0.26960295,0.7045557,0.00404529,-0.027881647,-0.7090892,nan,nan,nan,nan,nan,nan,0.0,0.0,0.0,0.0,0.0,0.0,nan,nan,nan,1,0,0,0
4360268631,4360268626,0.03484641,1.541253,0.26782194,0.7029388,0.006422122,-0.023375098,-0.71083707,nan,nan,nan,nan,nan,nan,0.0,0.0,0.0,0.0,0.0,0.0,nan,nan,nan,1,0,0,0
4360274745,4360274740,0.034829494,1.5415611,0.26619336,0.70190245,0.009189818,-0.019504286,-0.7119466,nan,nan,nan,nan,nan,nan,0.0,0.0,0.0,0.0,0.0,0.0,nan,nan,nan,1,0,0,0
4360282481,4360282474,0.034794908,1.541893,0.26464257,0.70103866,0.01268244,-0.015852554,-0.71283424,nan,nan,nan,nan,nan,nan,0.0,0.0,0.0,0.0,0.0,0.0,nan,nan,nan,1,0,0,0
4360290491,4360290485,0.034830496,1.5424303,0.26304093,0.69931304,0.014777181,-0.010843697,-0.71458054,nan,nan,nan,nan,nan,nan,0.0,0.0,0.0,0.0,0.0,0.0,nan,nan,nan,1,0,0,0
4360300091,4360300086,0.0348077,1.5429951,0.26162112,0.6977282,0.017614987,-0.0056130704,-0.71612394,nan,nan,nan,nan,nan,nan,0.0,0.0,0.0,0.0,0.0,0.0,nan,nan,nan,1,0,0,0
4360308621,4360307987,0.03480881,1.543582,0.2602353,0.6956352,0.021047195,-0.0003765372,-0.7180868,nan,nan,nan,nan,nan,nan,0.0,0.0,0.0,0.0,0.0,0.0,nan,nan,nan,1,0,0,0
4360315476,4360315471,0.03478768,1.5441822,0.25893956,0.69367754,0.024976673,0.0042397673,-0.71983993,nan,nan,nan,nan,nan,nan,0.0,0.0,0.0,0.0,0.0,0.0,nan,nan,nan,1,0,0,0
4360325277,4360325271,0.034789458,1.5449163,0.2576507,0.691539,0.029155424,0.009535139,-0.7216876,nan,nan,nan,nan,nan,nan,0.0,0.0,0.0,0.0,0.0,0.0,nan,nan,nan,1,0,0,0
4360332486,4360332480,0.034821864,1.545777,0.25648928,0.6889286,0.032524105,0.015526697,-0.7239327,nan,nan,nan,nan,nan,nan,0.0,0.0,0.0,0.0,0.0,0.0,nan,nan,nan,1,0,0,0
4360341478,4360341473,0.03474292,1.546543,0.25550753,0.68785274,0.03763399,0.019172564,-0.7246204,nan,nan,nan,nan,nan,nan,0.0,0.0,0.0,0.0,0.0,0.0,nan,nan,nan,1,0,0,0
4360350618,4360350613,0.034773443,1.5474939,0.2545726,0.6859321,0.040354364,0.024316229,-0.7261387,nan,nan,nan,nan,nan,nan,0.0,0.0,0.0,0.0,0.0,0.0,nan,nan,nan,1,0,0,0
4360357483,4360357478,0.034818403,1.5486118,0.25366428,0.6850346,0.041422363,0.027338209,-0.726818,nan,nan,nan,nan,nan,nan,0.0,0.0,0.0,0.0,0.0,0.0,nan,nan,nan,1,0,0,0
4360365602,4360365596,0.03474914,1.5495498,0.2529438,0.68358445,0.041046117,0.03227584,-0.7280012,nan,nan,nan,nan,nan,nan,0.0,0.0,0.0,0.0,0.0,0.0,nan,nan,nan,1,0,0,0
4360374969,4360374964,0.034946706,1.5509535,0.25217256,0.6831261,0.04036902,0.034139354,-0.7283842,nan,nan,nan,nan,nan,nan,0.0,0.0,0.0,0.0,0.0,0.0,nan,nan,nan,1,0,0,0
4360382511,4360382506,0.03502389,1.5522062,0.25149906,0.68306184,0.038680665,0.03736409,-0.7283779,nan,nan,nan,nan,nan,nan,0.0,0.0,0.0,0.0,0.0,0.0,nan,nan,nan,1,0,0,0
4360391540,4360391534,0.035143238,1.5535835,0.25091454,0.6833134,0.03789375,0.039064296,-0.728094,nan,nan,nan,nan,nan,nan,0.0,0.0,0.0,0.0,0.0,0.0,nan,nan,nan,1,0,0,0
4360399489,4360399483,0.035164773,1.5546947,0.2505398,0.682755,0.036789905,0.042717677,-0.72846913,nan,nan,nan,nan,nan,nan,0.0,0.0,0.0,0.0,0.0,0.0,nan,nan,nan,1,0,0,0
4360406882,4360406877,0.035234977,1.5559624,0.25008485,0.6829808,0.036954567,0.0444893,-0.7281431,nan,nan,nan,nan,nan,nan,0.0,0.0,0.0,0.0,0.0,0.0,nan,nan,nan,1,0,0,0
4360425512,4360425507,0.035259254,1.5570707,0.24986233,0.6825275,0.03730072,0.047123253,-0.7283847,nan,nan,nan,nan,nan,nan,0.0,0.0,0.0,0.0,0.0,0.0,nan,nan,nan,1,0,0,0
4360426498,4360426493,0.035203457,1.5581235,0.24972816,0.6818911,0.03779151,0.050345417,-0.7287398,nan,nan,nan,nan,nan,nan,0.0,0.0,0.0,0.0,0.0,0.0,nan,nan,nan,1,0,0,0
4360437559,4360437553,0.035204962,1.5593117,0.24960242,0.6819542,0.039149716,0.051637735,-0.72851855,nan,nan,nan,nan,nan,nan,0.0,0.0,0.0,0.0,0.0,0.0,nan,nan,nan,1,0,0,0
4360441475,4360441470,0.03514559,1.5604156,0.24959092,0.68163735,0.03994578,0.053852037,-0.7286116,nan,nan,nan,nan,nan,nan,0.0,0.0,0.0,0.0,0.0,0.0,nan,nan,nan,1,0,0,0
4360459429,4360459424,0.03490074,1.5612165,0.2497596,0.6804824,0.041126274,0.058970585,-0.729229,nan,nan,nan,nan,nan,nan,0.0,0.0,0.0,0.0,0.0,0.0,nan,nan,nan,1,0,0,0
4360461877,4360461870,0.03481255,1.5623454,0.24991499,0.6804389,0.041143928,0.06091491,-0.72910863,nan,nan,nan,nan,nan,nan,0.0,0.0,0.0,0.0,0.0,0.0,nan,nan,nan,1,0,0,0
4360465482,4360465477,0.034675878,1.5634911,0.25019956,0.679777,0.042024978,0.06334342,-0.72946876,nan,nan,nan,nan,nan,nan,0.0,0.0,0.0,0.0,0.0,0.0,nan,nan,nan,1,0,0,0
4360476817,4360476812,0.03447262,1.5643812,0.25069743,0.6794627,0.042765737,0.06756825,-0.72933954,nan,nan,nan,nan,nan,nan,0.0,0.0,0.0,0.0,0.0,0.0,nan,nan,nan,1,0,0,0
4360484577,4360484572,0.034260225,1.5654957,0.25120077,0.6790365,0.043377362,0.07027257,-0.7294447,nan,nan,nan,nan,nan,nan,0.0,0.0,0.0,0.0,0.0,0.0,nan,nan,nan,1,0,0,0
4360490490,4360490484,0.034044422,1.566755,0.2517031,0.67932683,0.042858556,0.07112539,-0.72912234,nan,nan,nan,nan,nan,nan,0.0,0.0,0.0,0.0,0.0,0.0,nan,nan,nan,1,0,0,0
4360499490,4360499484,0.033827752,1.5678322,0.25251865,0.6789281,0.043964915,0.0736122,-0.7291811,nan,nan,nan,nan,nan,nan,0.0,0.0,0.0,0.0,0.0,0.0,nan,nan,nan,1,0,0,0
4360507507,4360507501,0.03361882,1.5689236,0.25337034,0.67913324,0.04486546,0.07562937,-0.7287286,nan,nan,nan,nan,nan,nan,0.0,0.0,0.0,0.0,0.0,0.0,nan,nan,nan,1,0,0,0
4360516482,4360516474,0.033359237,1.5696675,0.25454912,0.6790005,0.047693066,0.08009183,-0.72819567,nan,nan,nan,nan,nan,nan,0.0,0.0,0.0,0.0,0.0,0.0,nan,nan,nan,1,0,0,0
4360525124,4360525118,0.033204306,1.5708418,0.25556976,0.6791005,0.047324784,0.082061045,-0.7279072,nan,nan,nan,nan,nan,nan,0.0,0.0,0.0,0.0,0.0,0.0,nan,nan,nan,1,0,0,0
4360532482,4360532476,0.033017967,1.5718751,0.2566956,0.67883873,0.04899898,0.08556289,-0.72763735,nan,nan,nan,nan,nan,nan,0.0,0.0,0.0,0.0,0.0,0.0,nan,nan,nan,1,0,0,0
4360542399,4360542392,0.03274285,1.5728317,0.25803065,0.6794606,0.050009,0.08661259,-0.7268636,nan,nan,nan,nan,nan,nan,0.0,0.0,0.0,0.0,0.0,0.0,nan,nan,nan,1,0,0,0
4360550566,4360550560,0.032520182,1.5738997,0.25937277,0.6797454,0.049945988,0.0883723,-0.72638977,nan,nan,nan,nan,nan,nan,0.0,0.0,0.0,0.0,0.0,0.0,nan,nan,nan,1,0,0,0
4360557485,4360557480,0.032397155,1.5750183,0.26090437,0.6800998,0.04947249,0.09033114,-0.7258492,nan,nan,nan,nan,nan,nan,0.0,0.0,0.0,0.0,0.0,0.0,nan,nan,nan,1,0,0,0
4360566601,4360566596,0.03216645,1.5758823,0.26242596,0.6802557,0.050396573,0.09383706,-0.7251944,nan,nan,nan,nan,nan,nan,0.0,0.0,0.0,0.0,0.0,0.0,nan,nan,nan,1,0,0,0
4360574514,4360574509,0.03217406,1.5772583,0.2641874,0.681236,0.047001835,0.09380845,-0.7245056,nan,nan,nan,nan,nan,nan,0.0,0.0,0.0,0.0,0.0,0.0,nan,nan,nan,1,0,0,0
4360582502,4360582497,0.0320949,1.5783631,0.2661525,0.6818285,0.045292977,0.095325574,-0.72385865,nan,nan,nan,nan,nan,nan,0.0,0.0,0.0,0.0,0.0,0.0,nan,nan,nan,1,0,0,0
4360590492,4360590487,0.03188731,1.579195,0.26802087,0.6826568,0.044784553,0.09920461,-0.72258735,nan,nan,nan,nan,nan,nan,0.0,0.0,0.0,0.0,0.0,0.0,nan,nan,nan,1,0,0,0
4360598488,4360598482,0.03178726,1.5802443,0.2701547,0.68387556,0.04277746,0.10146091,-0.72124195,nan,nan,nan,nan,nan,nan,0.0,0.0,0.0,0.0,0.0,0.0,nan,nan,nan,1,0,0,0
4360608535,4360608530,0.03184,1.581435,0.27232966,0.6848013,0.038682796,0.10463927,-0.72014,nan,nan,nan,nan,nan,nan,0.0,0.0,0.0,0.0,0.0,0.0,nan,nan,nan,1,0,0,0
4360615998,4360615993,0.031768423,1.5824116,0.27460003,0.6852198,0.036783416,0.108745046,-0.71923244,nan,nan,nan,nan,nan,nan,0.0,0.0,0.0,0.0,0.0,0.0,nan,nan,nan,1,0,0,0
4360624487,4360624482,0.03160361,1.583129,0.27710512,0.68654794,0.034709975,0.11068681,-0.71777123,nan,nan,nan,nan,nan,nan,0.0,0.0,0.0,0.0,0.0,0.0,nan,nan,nan,1,0,0,0
4360632487,4360632482,0.031471383,1.5839044,0.27958107,0.6874768,0.0324701,0.11394377,-0.71647626,nan,nan,nan,nan,nan,nan,0.0,0.0,0.0,0.0,0.0,0.0,nan,nan,nan,1,0,0,0
4360641528,4360641522,0.03139145,1.5846783,0.2821781,0.688114,0.030084357,0.11772857,-0.7153559,nan,nan,nan,nan,nan,nan,0.0,0.0,0.0,0.0,0.0,0.0,nan,nan,nan,1,0,0,0
4360649508,4360649502,0.031329643,1.5852836,0.28487596,0.68956834,0.027211163,0.120402716,-0.7136233,nan,nan,nan,nan,nan,nan,0.0,0.0,0.0,0.0,0.0,0.0,nan,nan,nan,1,0,0,0
4360657490,4360657484,0.031190611,1.58576,0.28766268,0.69159335,0.024233514,0.121755585,-0.71153843,nan,nan,nan,nan,nan,nan,0.0,0.0,0.0,0.0,0.0,0.0,nan,nan,nan,1,0,0,0
4360668489,4360668484,0.03108626,1.586282,0.29043344,0.6934135,0.020242006,0.1232226,-0.7096367,nan,nan,nan,nan,nan,nan,0.0,0.0,0.0,0.0,0.0,0.0,nan,nan,nan,1,0,0,0
4360674484,4360674478,0.030859381,1.5864886,0.29327682,0.69491506,0.017888637,0.12551054,-0.7078278,nan,nan,nan,nan,nan,nan,0.0,0.0,0.0,0.0,0.0,0.0,nan,nan,nan,1,0,0,0
4360697484,4360697478,0.03046239,1.5867321,0.29904273,0.69898194,0.011651262,0.12741718,-0.7036003,nan,nan,nan,nan,nan,nan,0.0,0.0,0.0,0.0,0.0,0.0,nan,nan,nan,1,0,0,0
4360699490,4360699485,0.030249208,1.586927,0.30177408,0.7010291,0.0055330964,0.1274771,-0.7016247,nan,nan,nan,nan,nan,nan,0.0,0.0,0.0,0.0,0.0,0.0,nan,nan,nan,1,0,0,0
4360708483,4360708477,0.029969532,1.5868315,0.30456635,0.70333606,0.0010070356,0.12700339,-0.6994193,nan,nan,nan,nan,nan,nan,0.0,0.0,0.0,0.0,0.0,0.0,nan,nan,nan,1,0,0,0
4360716561,4360716556,0.02989775,1.5870453,0.3073774,0.70734304,-0.0047652256,0.11979714,-0.6966288,nan,nan,nan,nan,nan,nan,0.0,0.0,0.0,0.0,0.0,0.0,nan,nan,nan,1,0,0,0
4360724543,4360724537,0.029540313,1.5867287,0.3101053,0.70953006,-0.010600505,0.11886653,-0.69449645,nan,nan,nan,nan,nan,nan,0.0,0.0,0.0,0.0,0.0,0.0,nan,nan,nan,1,0,0,0
4360734482,4360734477,0.029102108,1.5860599,0.3129538,0.71146935,-0.015043364,0.1188176,-0.6924359,nan,nan,nan,nan,nan,nan,0.0,0.0,0.0,0.0,0.0,0.0,nan,nan,nan,1,0,0,0
4360741482,4360741476,0.028649736,1.5853792,0.31563404,0.7135641,-0.019260433,0.11729268,-0.690433,nan,nan,nan,nan,nan,nan,0.0,0.0,0.0,0.0,0.0,0.0,nan,nan,nan,1,0,0,0
4360750476,4360750470,0.02823618,1.5846643,0.3182433,0.7153131,-0.02256805,0.11655992,-0.6886448,nan,nan,nan,nan,nan,nan,0.0,0.0,0.0,0.0,0.0,0.0,nan,nan,nan,1,0,0,0
4360758039,4360758034,0.027655367,1.5837893,0.3208538,0.71668315,-0.026641533,0.115177505,-0.68730617,nan,nan,nan,nan,nan,nan,0.0,0.0,0.0,0.0,0.0,0.0,nan,nan,nan,1,0,0,0
4360778532,4360778527,0.02633084,1.581525,0.32604083,0.71969855,-0.031627215,0.11133938,-0.6845708,nan,nan,nan,nan,nan,nan,0.0,0.0,0.0,0.0,0.0,0.0,nan,nan,nan,1,0,0,0
4360796503,4360796497,0.024771817,1.5787274,0.3311373,0.7228719,-0.036297712,0.10727708,-0.68163806,nan,nan,nan,nan,nan,nan,0.0,0.0,0.0,0.0,0.0,0.0,nan,nan,nan,1,0,0,0
4360800476,4360800471,0.023982013,1.5772257,0.3335941,0.724704,-0.039469313,0.10511516,-0.67985076,nan,nan,nan,nan,nan,nan,0.0,0.0,0.0,0.0,0.0,0.0,nan,nan,nan,1,0,0,0
4360809475,4360809470,0.023042867,1.575506,0.33603197,0.7258899,-0.042486288,0.10393308,-0.6785843,nan,nan,nan,nan,nan,nan,0.0,0.0,0.0,0.0,0.0,0.0,nan,nan,nan,1,0,0,0
4360818476,4360818470,0.02206742,1.5736866,0.33845916,0.7270026,-0.044990897,0.103395715,-0.6773127,nan,nan,nan,nan,nan,nan,0.0,0.0,0.0,0.0,0.0,0.0,nan,nan,nan,1,0,0,0
4360827870,4360827865,0.021032944,1.5717465,0.34076008,0.72787464,-0.047112122,0.102290325,-0.67639905,nan,nan,nan,nan,nan,nan,0.0,0.0,0.0,0.0,0.0,0.0,nan,nan,nan,1,0,0,0
4360834226,4360834221,0.020014698,1.5696999,0.34290552,0.72898924,-0.048824158,0.100538425,-0.6753391,nan,nan,nan,nan,nan,nan,0.0,0.0,0.0,0.0,0.0,0.0,nan,nan,nan,1,0,0,0
4360844204,4360844199,0.018855399,1.5674229,0.3451625,0.72982544,-0.050259937,0.099046014,-0.67455065,nan,nan,nan,nan,nan,nan,0.0,0.0,0.0,0.0,0.0,0.0,nan,nan,nan,1,0,0,0
4360849475,4360849470,0.017716087,1.5651331,0.3471999,0.73032063,-0.052378304,0.09768102,-0.6740525,nan,nan,nan,nan,nan,nan,0.0,0.0,0.0,0.0,0.0,0.0,nan,nan,nan,1,0,0,0
4360857855,4360857851,0.01657638,1.5626882,0.34924337,0.73151034,-0.053772822,0.09533329,-0.6729879,nan,nan,nan,nan,nan,nan,0.0,0.0,0.0,0.0,0.0,0.0,nan,nan,nan,1,0,0,0
4360865913,4360865908,0.015341603,1.5600166,0.35131374,0.73183894,-0.054754388,0.0945546,-0.67266124,nan,nan,nan,nan,nan,nan,0.0,0.0,0.0,0.0,0.0,0.0,nan,nan,nan,1,0,0,0
4360874533,4360874505,0.014138276,1.557301,0.3533452,0.7329946,-0.054528452,0.09188985,-0.6717901,nan,nan,nan,nan,nan,nan,0.0,0.0,0.0,0.0,0.0,0.0,nan,nan,nan,1,0,0,0
4360883431,4360883427,0.012858854,1.5544833,0.35532877,0.73321414,-0.05654561,0.09127801,-0.67146707,nan,nan,nan,nan,nan,nan,0.0,0.0,0.0,0.0,0.0,0.0,nan,nan,nan,1,0,0,0
4360892159,4360892155,0.01170866,1.551701,0.35724688,0.73512906,-0.056476057,0.08699809,-0.6699455,nan,nan,nan,nan,nan,nan,0.0,0.0,0.0,0.0,0.0,0.0,nan,nan,nan,1,0,0,0
4360899484,4360899479,0.01036599,1.5486811,0.35921517,0.735893,-0.056913015,0.08632356,-0.6691566,nan,nan,nan,nan,nan,nan,0.0,0.0,0.0,0.0,0.0,0.0,nan,nan,nan,1,0,0,0
4360907825,4360907820,0.008992702,1.5454987,0.36122593,0.7362084,-0.05774727,0.08584553,-0.66879964,nan,nan,nan,nan,nan,nan,0.0,0.0,0.0,0.0,0.0,0.0,nan,nan,nan,1,0,0,0
4360916496,4360916491,0.0075951065,1.5422443,0.3631191,0.7368654,-0.05779471,0.08508932,-0.66816825,nan,nan,nan,nan,nan,nan,0.0,0.0,0.0,0.0,0.0,0.0,nan,nan,nan,1,0,0,0
4360923795,4360923765,0.0061216657,1.5388366,0.3650221,0.73793995,-0.058122117,0.083355784,-0.66717196,nan,nan,nan,nan,nan,nan,0.0,0.0,0.0,0.0,0.0,0.0,nan,nan,nan,1,0,0,0
4360934959,4360934955,0.004629288,1.5353665,0.36685243,0.73838764,-0.05822692,0.08256899,-0.66676503,nan,nan,nan,nan,nan,nan,0.0,0.0,0.0,0.0,0.0,0.0,nan,nan,nan,1,0,0,0
4360941482,4360941478,0.0032066074,1.5319484,0.36850134,0.73918056,-0.05868557,0.08152334,-0.66597444,nan,nan,nan,nan,nan,nan,0.0,0.0,0.0,0.0,0.0,0.0,nan,nan,nan,1,0,0,0
4360948601,4360948596,0.0015626231,1.5280517,0.37036613,0.7401201,-0.05732566,0.080327585,-0.6651943,nan,nan,nan,nan,nan,nan,0.0,0.0,0.0,0.0,0.0,0.0,nan,nan,nan,1,0,0,0
4360959541,4360959536,9.9828256e-05,1.5245174,0.37180457,0.7405079,-0.05853217,0.07934212,-0.66477585,nan,nan,nan,nan,nan,nan,0.0,0.0,0.0,0.0,0.0,0.0,nan,nan,nan,1,0,0,0
4360971488,4360971483,-0.0015446477,1.5205374,0.37341556,0.740807,-0.05779254,0.07848611,-0.66460884,nan,nan,nan,nan,nan,nan,0.0,0.0,0.0,0.0,0.0,0.0,nan,nan,nan,1,0,0,0
4360975481,4360975477,-0.003167783,1.5164994,0.3748801,0.7414768,-0.056891605,0.076305225,-0.66419345,nan,nan,nan,nan,nan,nan,0.0,0.0,0.0,0.0,0.0,0.0,nan,nan,nan,1,0,0,0
4360985562,4360985557,-0.004825111,1.5124702,0.37626767,0.7417828,-0.057541743,0.07389892,-0.66406786,nan,nan,nan,nan,nan,nan,0.0,0.0,0.0,0.0,0.0,0.0,nan,nan,nan,1,0,0,0
4360991660,4360991655,-0.0064502764,1.5083421,0.37759677,0.7418985,-0.05693433,0.07192749,-0.66420746,nan,nan,nan,nan,nan,nan,0.0,0.0,0.0,0.0,0.0,0.0,nan,nan,nan,1,0,0,0
4361001479,4361001474,-0.008052813,1.5042157,0.37890399,0.74153584,-0.055866666,0.0713186,-0.66476846,nan,nan,nan,nan,nan,nan,0.0,0.0,0.0,0.0,0.0,0.0,nan,nan,nan,1,0,0,0
4361009485,4361009480,-0.009641931,1.499961,0.38025746,0.74172664,-0.055397186,0.06977036,-0.66475916,nan,nan,nan,nan,nan,nan,0.0,0.0,0.0,0.0,0.0,0.0,nan,nan,nan,1,0,0,0
4361016475,4361016471,-0.0112160975,1.4956352,0.3815589,0.74218,-0.054716144,0.06795421,-0.66449773,nan,nan,nan,nan,nan,nan,0.0,0.0,0.0,0.0,0.0,0.0,nan,nan,nan,1,0,0,0
4361026707,4361026702,-0.012736558,1.4912319,0.3829086,0.7425069,-0.05379229,0.06662883,-0.66434216,nan,nan,nan,nan,nan,nan,0.0,0.0,0.0,0.0,0.0,0.0,nan,nan,nan,1,0,0,0
4361035953,4361035949,-0.014222971,1.4868778,0.38425922,0.7435009,-0.05295022,0.06311212,-0.66364115,nan,nan,nan,nan,nan,nan,0.0,0.0,0.0,0.0,0.0,0.0,nan,nan,nan,1,0,0,0
4361043186,4361043181,-0.015657837,1.4823942,0.3855721,0.744182,-0.05119823,0.060947787,-0.6632175,nan,nan,nan,nan,nan,nan,0.0,0.0,0.0,0.0,0.0,0.0,nan,nan,nan,1,0,0,0
4361050477,4361050472,-0.017080486,1.4778768,0.38682738,0.7445924,-0.0502694,0.059808366,-0.6629314,nan,nan,nan,nan,nan,nan,0.0,0.0,0.0,0.0,0.0,0.0,nan,nan,nan,1,0,0,0
4361059702,4361059697,-0.018417563,1.4735065,0.3879961,0.744862,-0.051113587,0.05820028,-0.6627071,nan,nan,nan,nan,nan,nan,0.0,0.0,0.0,0.0,0.0,0.0,nan,nan,nan,1,0,0,0
4361068475,4361068470,-0.019673504,1.4690522,0.3891842,0.7453097,-0.04921883,0.056358926,-0.6625063,nan,nan,nan,nan,nan,nan,0.0,0.0,0.0,0.0,0.0,0.0,nan,nan,nan,1,0,0,0
4361076483,4361076478,-0.021006525,1.4645349,0.39029834,0.74543333,-0.04992035,0.05450148,-0.66247016,nan,nan,nan,nan,nan,nan,0.0,0.0,0.0,0.0,0.0,0.0,nan,nan,nan,1,0,0,0
4361097496,4361097492,-0.023541342,1.4552425,0.39274812,0.74579763,-0.047451105,0.05222814,-0.6624248,nan,nan,nan,nan,nan,nan,0.0,0.0,0.0,0.0,0.0,0.0,nan,nan,nan,1,0,0,0
4361103943,4361103939,-0.024644936,1.4507918,0.39380908,0.7460259,-0.047211166,0.050758716,-0.66229904,nan,nan,nan,nan,nan,nan,0.0,0.0,0.0,0.0,0.0,0.0,nan,nan,nan,1,0,0,0
4361108152,4361108147,-0.025813812,1.4460702,0.39498982,0.7463795,-0.04611188,0.049132984,-0.6621008,nan,nan,nan,nan,nan,nan,0.0,0.0,0.0,0.0,0.0,0.0,nan,nan,nan,1,0,0,0
4361115473,4361115468,-0.026984463,1.4413079,0.39627242,0.7465968,-0.04500509,0.048343327,-0.6619899,nan,nan,nan,nan,nan,nan,0.0,0.0,0.0,0.0,0.0,0.0,nan,nan,nan,1,0,0,0
4361127540,4361127535,-0.02805711,1.4367404,0.39732912,0.7473307,-0.044121098,0.046075206,-0.66138285,nan,nan,nan,nan,nan,nan,0.0,0.0,0.0,0.0,0.0,0.0,nan,nan,nan,1,0,0,0
4361133152,4361133148,-0.029085772,1.4321505,0.39836112,0.74804556,-0.043497823,0.043196104,-0.66080993,nan,nan,nan,nan,nan,nan,0.0,0.0,0.0,0.0,0.0,0.0,nan,nan,nan,1,0,0,0
4361144897,4361144892,-0.03020763,1.4273148,0.39957818,0.7482511,-0.041420724,0.042623695,-0.6607479,nan,nan,nan,nan,nan,nan,0.0,0.0,0.0,0.0,0.0,0.0,nan,nan,nan,1,0,0,0
4361149602,4361149597,-0.031288713,1.4225426,0.40071955,0.7486735,-0.039101828,0.041197617,-0.6605011,nan,nan,nan,nan,nan,nan,0.0,0.0,0.0,0.0,0.0,0.0,nan,nan,nan,1,0,0,0
4361159595,4361159591,-0.032286502,1.4179053,0.40168178,0.74935466,-0.037697364,0.0382317,-0.6599885,nan,nan,nan,nan,nan,nan,0.0,0.0,0.0,0.0,0.0,0.0,nan,nan,nan,1,0,0,0
4361168488,4361168483,-0.033335473,1.4130918,0.40271404,0.74957305,-0.0347811,0.03689041,-0.65997696,nan,nan,nan,nan,nan,nan,0.0,0.0,0.0,0.0,0.0,0.0,nan,nan,nan,1,0,0,0
4361177482,4361177478,-0.034377813,1.408391,0.4036355,0.74946207,-0.033066284,0.035131115,-0.660287,nan,nan,nan,nan,nan,nan,0.0,0.0,0.0,0.0,0.0,0.0,nan,nan,nan,1,0,0,0
4361185507,4361185503,-0.035358682,1.4037646,0.40446508,0.74963653,-0.031311337,0.03247114,-0.66031075,nan,nan,nan,nan,nan,nan,0.0,0.0,0.0,0.0,0.0,0.0,nan,nan,nan,1,0,0,0
4361193970,4361193965,-0.036262542,1.3992752,0.4051055,0.74945617,-0.030020753,0.030177375,-0.6606841,nan,nan,nan,nan,nan,nan,0.0,0.0,0.0,0.0,0.0,0.0,nan,nan,nan,1,0,0,0
4361211228,4361211224,-0.037230335,1.394694,0.40583655,0.7501037,-0.028854119,0.027061023,-0.66013604,nan,nan,nan,nan,nan,nan,0.0,0.0,0.0,0.0,0.0,0.0,nan,nan,nan,1,0,0,0
4361216474,4361216470,-0.03899494,1.3858236,0.4069887,0.7495411,-0.026213728,0.023363408,-0.6610259,nan,nan,nan,nan,nan,nan,0.0,0.0,0.0,0.0,0.0,0.0,nan,nan,nan,1,0,0,0
4361224855,4361224850,-0.03993702,1.3812629,0.40765738,0.7487517,-0.024422456,0.023257254,-0.6619921,nan,nan,nan,nan,nan,nan,0.0,0.0,0.0,0.0,0.0,0.0,nan,nan,nan,1,0,0,0
4361235315,4361235310,-0.040712867,1.3770475,0.40797505,0.7486932,-0.022510467,0.02061506,-0.6622136,nan,nan,nan,nan,nan,nan,0.0,0.0,0.0,0.0,0.0,0.0,nan,nan,nan,1,0,0,0
4361240483,4361240479,-0.04154456,1.372735,0.40844002,0.7482211,-0.020533808,0.019288376,-0.662851,nan,nan,nan,nan,nan,nan,0.0,0.0,0.0,0.0,0.0,0.0,nan,nan,nan,1,0,0,0
4361255477,4361255471,-0.042386606,1.368447,0.40896523,0.7478976,-0.018042963,0.018506855,-0.6633107,nan,nan,nan,nan,nan,nan,0.0,0.0,0.0,0.0,0.0,0.0,nan,nan,nan,1,0,0,0
4361259595,4361259589,-0.043187283,1.3642144,0.40942302,0.7478315,-0.017859576,0.016347459,-0.66344696,nan,nan,nan,nan,nan,nan,0.0,0.0,0.0,0.0,0.0,0.0,nan,nan,nan,1,0,0,0
4361278484,4361278479,-0.0446551,1.3562374,0.41007438,0.74791175,-0.014414005,0.014141056,-0.66349095,nan,nan,nan,nan,nan,nan,0.0,0.0,0.0,0.0,0.0,0.0,nan,nan,nan,1,0,0,0
4361284696,4361284691,-0.04530763,1.3522549,0.41045865,0.7479959,-0.01351373,0.012855594,-0.6634412,nan,nan,nan,nan,nan,nan,0.0,0.0,0.0,0.0,0.0,0.0,nan,nan,nan,1,0,0,0
4361294507,4361294503,-0.04593484,1.3483325,0.41075101,0.7482861,-0.012669159,0.011151839,-0.6631614,nan,nan,nan,nan,nan,nan,0.0,0.0,0.0,0.0,0.0,0.0,nan,nan,nan,1,0,0,0
4361299483,4361299478,-0.04651898,1.3444823,0.41101277,0.74841297,-0.011849761,0.009267377,-0.6630624,nan,nan,nan,nan,nan,nan,0.0,0.0,0.0,0.0,0.0,0.0,nan,nan,nan,1,0,0,0
4361308482,4361308478,-0.047170702,1.340459,0.41137648,0.74762547,-0.010563647,0.010184579,-0.6639585,nan,nan,nan,nan,nan,nan,0.0,0.0,0.0,0.0,0.0,0.0,nan,nan,nan,1,0,0,0
4361317475,4361317470,-0.047696613,1.336668,0.41152254,0.74774593,-0.009148793,0.008851392,-0.66386294,nan,nan,nan,nan,nan,nan,0.0,0.0,0.0,0.0,0.0,0.0,nan,nan,nan,1,0,0,0
4361326488,4361326484,-0.04826585,1.332798,0.41179416,0.74744225,-0.0075864233,0.009031401,-0.664222,nan,nan,nan,nan,nan,nan,0.0,0.0,0.0,0.0,0.0,0.0,nan,nan,nan,1,0,0,0
4361337735,4361337731,-0.048731394,1.3291179,0.4119029,0.74767613,-0.005799664,0.007512808,-0.66399574,nan,nan,nan,nan,nan,nan,0.0,0.0,0.0,0.0,0.0,0.0,nan,nan,nan,1,0,0,0
4361342913,4361342906,-0.04925461,1.3252503,0.4121358,0.7473674,-0.0043036607,0.008226026,-0.66434616,nan,nan,nan,nan,nan,nan,0.0,0.0,0.0,0.0,0.0,0.0,nan,nan,nan,1,0,0,0
4361349585,4361349581,-0.049717847,1.3215045,0.41224575,0.7473235,-0.0025566295,0.0077749253,-0.6644099,nan,nan,nan,nan,nan,nan,0.0,0.0,0.0,0.0,0.0,0.0,nan,nan,nan,1,0,0,0
4361357489,4361357484,-0.050140385,1.3177291,0.41244742,0.7482807,0.00015595373,0.0051680845,-0.6633621,nan,nan,nan,nan,nan,nan,0.0,0.0,0.0,0.0,0.0,0.0,nan,nan,nan,1,0,0,0
4361366506,4361366501,-0.050482705,1.3142415,0.4122884,0.747802,0.00011328631,0.0045596613,-0.66390604,nan,nan,nan,nan,nan,nan,0.0,0.0,0.0,0.0,0.0,0.0,nan,nan,nan,1,0,0,0
4361375556,4361375551,-0.050856426,1.3105873,0.41224694,0.74777174,0.0008707834,0.0035014502,-0.6639461,nan,nan,nan,nan,nan,nan,0.0,0.0,0.0,0.0,0.0,0.0,nan,nan,nan,1,0,0,0
4361384029,4361384025,-0.05123029,1.3068484,0.41226315,0.7478529,0.0022461992,0.0025638815,-0.6638558,nan,nan,nan,nan,nan,nan,0.0,0.0,0.0,0.0,0.0,0.0,nan,nan,nan,1,0,0,0
4361393481,4361393476,-0.05154182,1.3032976,0.4120663,0.74778616,0.0025378303,0.0010352378,-0.663934,nan,nan,nan,nan,nan,nan,0.0,0.0,0.0,0.0,0.0,0.0,nan,nan,nan,1,0,0,0
4361403537,4361403531,-0.051870447,1.2996649,0.41188106,0.74781936,0.0025746294,-0.001096701,-0.6638963,nan,nan,nan,nan,nan,nan,0.0,0.0,0.0,0.0,0.0,0.0,nan,nan,nan,1,0,0,0
4361411481,4361411476,-0.052168224,1.2959021,0.41181573,0.74777466,0.005151917,-0.0019449705,-0.66392976,nan,nan,nan,nan,nan,nan,0.0,0.0,0.0,0.0,0.0,0.0,nan,nan,nan,1,0,0,0
4361415534,4361415529,-0.05241379,1.2923812,0.41143885,0.74724,0.006215691,-0.0025618733,-0.6645202,nan,nan,nan,nan,nan,nan,0.0,0.0,0.0,0.0,0.0,0.0,nan,nan,nan,1,0,0,0
4361433491,4361433487,-0.052723393,1.2886366,0.4113232,0.7474636,0.008108454,-0.0041733505,-0.6642401,nan,nan,nan,nan,nan,nan,0.0,0.0,0.0,0.0,0.0,0.0,nan,nan,nan,1,0,0,0
4361435794,4361435789,-0.0529754,1.2850465,0.41100478,0.7472816,0.009818495,-0.0046154703,-0.66441894,nan,nan,nan,nan,nan,nan,0.0,0.0,0.0,0.0,0.0,0.0,nan,nan,nan,1,0,0,0
4361443361,4361443355,-0.053217515,1.2814898,0.41061255,0.7472064,0.010761414,-0.005708111,-0.66448045,nan,nan,nan,nan,nan,nan,0.0,0.0,0.0,0.0,0.0,0.0,nan,nan,nan,1,0,0,0
4361449476,4361449470,-0.053469528,1.277898,0.41025653,0.747401,0.012293163,-0.007210746,-0.6642204,nan,nan,nan,nan,nan,nan,0.0,0.0,0.0,0.0,0.0,0.0,nan,nan,nan,1,0,0,0
4361459492,4361459487,-0.053794954,1.2741927,0.40996853,0.7478023,0.014202473,-0.009185064,-0.663706,nan,nan,nan,nan,nan,nan,0.0,0.0,0.0,0.0,0.0,0.0,nan,nan,nan,1,0,0,0
4361467163,4361467159,-0.0540599,1.2706202,0.4094652,0.74782807,0.015653355,-0.010420314,-0.66362596,nan,nan,nan,nan,nan,nan,0.0,0.0,0.0,0.0,0.0,0.0,nan,nan,nan,1,0,0,0
4361475618,4361475613,-0.054356165,1.2670833,0.40884838,0.74687743,0.016656203,-0.009749678,-0.6646816,nan,nan,nan,nan,nan,nan,0.0,0.0,0.0,0.0,0.0,0.0,nan,nan,nan,1,0,0,0
4361484476,4361484472,-0.054621104,1.2637248,0.40809977,0.74742186,0.018558325,-0.012910356,-0.663965,nan,nan,nan,nan,nan,nan,0.0,0.0,0.0,0.0,0.0,0.0,nan,nan,nan,1,0,0,0
4361495482,4361495477,-0.05496419,1.2602149,0.40748438,0.74706686,0.02029754,-0.013638676,-0.664299,nan,nan,nan,nan,nan,nan,0.0,0.0,0.0,0.0,0.0,0.0,nan,nan,nan,1,0,0,0
4361500502,4361500497,-0.055307977,1.2567376,0.4068254,0.7468569,0.021645127,-0.0143836085,-0.6644767,nan,nan,nan,nan,nan,nan,0.0,0.0,0.0,0.0,0.0,0.0,nan,nan,nan,1,0,0,0
4361509478,4361509473,-0.055689022,1.2531769,0.4062349,0.74675465,0.022534007,-0.014893421,-0.66455084,nan,nan,nan,nan,nan,nan,0.0,0.0,0.0,0.0,0.0,0.0,nan,nan,nan,1,0,0,0
4361526987,4361526983,-0.05605537,1.2497379,0.405529,0.74635345,0.024027126,-0.014391789,-0.66496015,nan,nan,nan,nan,nan,nan,0.0,0.0,0.0,0.0,0.0,0.0,nan,nan,nan,1,0,0,0
4361528480,4361528475,-0.056397222,1.2464099,0.40474835,0.7462727,0.024469504,-0.014889156,-0.6650238,nan,nan,nan,nan,nan,nan,0.0,0.0,0.0,0.0,0.0,0.0,nan,nan,nan,1,0,0,0
4361539477,4361539472,-0.056827866,1.2429808,0.40408352,0.7464611,0.025361227,-0.015920244,-0.6647549,nan,nan,nan,nan,nan,nan,0.0,0.0,0.0,0.0,0.0,0.0,nan,nan,nan,1,0,0,0
4361558475,4361558471,-0.057699982,1.2362635,0.40254846,0.74639195,0.02658777,-0.016447978,-0.6647719,nan,nan,nan,nan,nan,nan,0.0,0.0,0.0,0.0,0.0,0.0,nan,nan,nan,1,0,0,0
4361567936,4361567931,-0.058187637,1.2327665,0.4019042,0.74615616,0.02683252,-0.01568101,-0.66504514,nan,nan,nan,nan,nan,nan,0.0,0.0,0.0,0.0,0.0,0.0,nan,nan,nan,1,0,0,0
4361570485,4361570480,-0.05870129,1.2293404,0.4011357,0.74655205,0.027366383,-0.016252168,-0.6645653,nan,nan,nan,nan,nan,nan,0.0,0.0,0.0,0.0,0.0,0.0,nan,nan,nan,1,0,0,0
4361575484,4361575479,-0.05923994,1.2258188,0.40045822,0.7466389,0.027819904,-0.015937176,-0.6644565,nan,nan,nan,nan,nan,nan,0.0,0.0,0.0,0.0,0.0,0.0,nan,nan,nan,1,0,0,0
4361584476,4361584471,-0.059777036,1.2222389,0.39973316,0.7466202,0.028283836,-0.0155681595,-0.66446674,nan,nan,nan,nan,nan,nan,0.0,0.0,0.0,0.0,0.0,0.0,nan,nan,nan,1,0,0,0
4361593219,4361593211,-0.06035796,1.218521,0.3990738,0.7470106,0.02878119,-0.015768254,-0.6640016,nan,nan,nan,nan,nan,nan,0.0,0.0,0.0,0.0,0.0,0.0,nan,nan,nan,1,0,0,0
4361610508,4361610504,-0.06103973,1.2146236,0.3985465,0.74716014,0.030569036,-0.015136841,-0.66376805,nan,nan,nan,nan,nan,nan,0.0,0.0,0.0,0.0,0.0,0.0,nan,nan,nan,1,0,0,0
4361612722,4361612718,-0.061639264,1.2109689,0.3977634,0.747371,0.030989015,-0.0152873015,-0.6635077,nan,nan,nan,nan,nan,nan,0.0,0.0,0.0,0.0,0.0,0.0,nan,nan,nan,1,0,0,0
4361616911,4361616907,-0.062307347,1.2070881,0.39706346,0.74750364,0.031353716,-0.015427887,-0.663338,nan,nan,nan,nan,nan,nan,0.0,0.0,0.0,0.0,0.0,0.0,nan,nan,nan,1,0,0,0
4361624236,4361624231,-0.06302984,1.2031184,0.39636338,0.74763054,0.03180827,-0.015291125,-0.66317636,nan,nan,nan,nan,nan,nan,0.0,0.0,0.0,0.0,0.0,0.0,nan,nan,nan,1,0,0,0
4361635519,4361635515,-0.063890375,1.1987828,0.39579657,0.7474319,0.03230423,-0.013127216,-0.66342264,nan,nan,nan,nan,nan,nan,0.0,0.0,0.0,0.0,0.0,0.0,nan,nan,nan,1,0,0,0
4361643400,4361643396,-0.064662635,1.1946771,0.395047,0.74730384,0.033202183,-0.012752296,-0.66352993,nan,nan,nan,nan,nan,nan,0.0,0.0,0.0,0.0,0.0,0.0,nan,nan,nan,1,0,0,0
4361654527,4361654523,-0.0655155,1.1903887,0.39430544,0.74728453,0.034480438,-0.013026676,-0.6634811,nan,nan,nan,nan,nan,nan,0.0,0.0,0.0,0.0,0.0,0.0,nan,nan,nan,1,0,0,0
4361660739,4361660735,-0.06633506,1.1861842,0.3935482,0.7479057,0.035616655,-0.016148712,-0.66265213,nan,nan,nan,nan,nan,nan,0.0,0.0,0.0,0.0,0.0,0.0,nan,nan,nan,1,0,0,0
4361666963,4361666959,-0.06735769,1.1817265,0.3928279,0.7474333,0.03662822,-0.015647477,-0.6631417,nan,nan,nan,nan,nan,nan,0.0,0.0,0.0,0.0,0.0,0.0,nan,nan,nan,1,0,0,0
4361684494,4361684483,-0.06835833,1.1773494,0.39203674,0.74735075,0.037585225,-0.01675889,-0.66315407,nan,nan,nan,nan,nan,nan,0.0,0.0,0.0,0.0,0.0,0.0,nan,nan,nan,1,0,0,0
4361687435,4361687431,-0.06935028,1.17305,0.39104676,0.74760014,0.037637893,-0.019178592,-0.66280437,nan,nan,nan,nan,nan,nan,0.0,0.0,0.0,0.0,0.0,0.0,nan,nan,nan,1,0,0,0
4361690487,4361690482,-0.07043823,1.1686244,0.39017197,0.74724233,0.038560074,-0.02004529,-0.66312915,nan,nan,nan,nan,nan,nan,0.0,0.0,0.0,0.0,0.0,0.0,nan,nan,nan,1,0,0,0
4361702931,4361702926,-0.071594805,1.1642047,0.3892894,0.74656427,0.03906033,-0.020855954,-0.66383827,nan,nan,nan,nan,nan,nan,0.0,0.0,0.0,0.0,0.0,0.0,nan,nan,nan,1,0,0,0
4361708482,4361708477,-0.07273714,1.1597921,0.3884193,0.7459113,0.039059676,-0.022126554,-0.66453075,nan,nan,nan,nan,nan,nan,0.0,0.0,0.0,0.0,0.0,0.0,nan,nan,nan,1,0,0,0
4361729476,4361729472,-0.07390854,1.1553984,0.38757834,0.7454158,0.038950734,-0.022295091,-0.6650872,nan,nan,nan,nan,nan,nan,0.0,0.0,0.0,0.0,0.0,0.0,nan,nan,nan,1,0,0,0
4361734899,4361734895,-0.07633223,1.1467576,0.3861554,0.74441904,0.036953967,-0.020535747,-0.66637295,nan,nan,nan,nan,nan,nan,0.0,0.0,0.0,0.0,0.0,0.0,nan,nan,nan,1,0,0,0
4361754065,4361754061,-0.0788657,1.1381404,0.38525054,0.74472594,0.032489937,-0.0172858,-0.6663549,nan,nan,nan,nan,nan,nan,0.0,0.0,0.0,0.0,0.0,0.0,nan,nan,nan,1,0,0,0
4361758560,4361758556,-0.08008266,1.133813,0.38495463,0.7451496,0.029494386,-0.014405608,-0.66608906,nan,nan,nan,nan,nan,nan,0.0,0.0,0.0,0.0,0.0,0.0,nan,nan,nan,1,0,0,0
4361767730,4361767726,-0.08129345,1.1294912,0.38466907,0.7451508,0.026950954,-0.010316364,-0.6662712,nan,nan,nan,nan,nan,nan,0.0,0.0,0.0,0.0,0.0,0.0,nan,nan,nan,1,0,0,0
4361778596,4361778591,-0.08252852,1.1250383,0.38448647,0.74612284,0.024378926,-0.0078037204,-0.665316,nan,nan,nan,nan,nan,nan,0.0,0.0,0.0,0.0,0.0,0.0,nan,nan,nan,1,0,0,0
4361787948,4361786765,-0.08376473,1.1205003,0.38438907,0.7463598,0.021425467,-0.004173515,-0.66518456,nan,nan,nan,nan,nan,nan,0.0,0.0,0.0,0.0,0.0,0.0,nan,nan,nan,1,0,0,0
4361793489,4361793485,-0.08504271,1.1157557,0.38441697,0.74680835,0.019377988,-0.00075662945,-0.6647565,nan,nan,nan,nan,nan,nan,0.0,0.0,0.0,0.0,0.0,0.0,nan,nan,nan,1,0,0,0
4361802851,4361802847,-0.08618963,1.1111573,0.38422394,0.7477967,0.017042108,0.0002010567,-0.663709,nan,nan,nan,nan,nan,nan,0.0,0.0,0.0,0.0,0.0,0.0,nan,nan,nan,1,0,0,0
4361817109,4361817105,-0.087400086,1.1062758,0.38422292,0.7481659,0.01467454,0.0030754495,-0.6633423,nan,nan,nan,nan,nan,nan,0.0,0.0,0.0,0.0,0.0,0.0,nan,nan,nan,1,0,0,0
4361819477,4361819473,-0.088761896,1.100832,0.3843343,0.7487057,0.012109752,0.0068858187,-0.6627562,nan,nan,nan,nan,nan,nan,0.0,0.0,0.0,0.0,0.0,0.0,nan,nan,nan,1,0,0,0
4361827637,4361827632,-0.0899575,1.0955403,0.3843815,0.74947596,0.010715138,0.007887327,-0.6618979,nan,nan,nan,nan,nan,nan,0.0,0.0,0.0,0.0,0.0,0.0,nan,nan,nan,1,0,0,0
4361834501,4361834497,-0.09106564,1.0903242,0.38436696,0.7503877,0.01024868,0.0056214305,-0.66089445,nan,nan,nan,nan,nan,nan,0.0,0.0,0.0,0.0,0.0,0.0,nan,nan,nan,1,0,0,0
4361842856,4361842851,-0.09222466,1.0846322,0.38444445,0.75097966,0.01032752,0.0058069173,-0.66021895,nan,nan,nan,nan,nan,nan,0.0,0.0,0.0,0.0,0.0,0.0,nan,nan,nan,1,0,0,0
4361862948,4361862944,-0.0933431,1.0787445,0.3845499,0.7516746,0.011114036,0.0047686165,-0.65942323,nan,nan,nan,nan,nan,nan,0.0,0.0,0.0,0.0,0.0,0.0,nan,nan,nan,1,0,0,0
4361873660,4361873652,-0.09536093,1.066645,0.38446662,0.75298697,0.012833871,0.0021843868,-0.65790665,nan,nan,nan,nan,nan,nan,0.0,0.0,0.0,0.0,0.0,0.0,nan,nan,nan,1,0,0,0
4361879484,4361879479,-0.09637227,1.0603719,0.38432243,0.75378036,0.013552733,-0.00093263405,-0.656986,nan,nan,nan,nan,nan,nan,0.0,0.0,0.0,0.0,0.0,0.0,nan,nan,nan,1,0,0,0
4361885781,4361885777,-0.097295694,1.0539808,0.3841518,0.7543208,0.015221414,-0.0034477892,-0.6563205,nan,nan,nan,nan,nan,nan,0.0,0.0,0.0,0.0,0.0,0.0,nan,nan,nan,1,0,0,0
4361892810,4361892806,-0.098180674,1.0475234,0.3838601,0.75461406,0.0169897,-0.006337948,-0.65591836,nan,nan,nan,nan,nan,nan,0.0,0.0,0.0,0.0,0.0,0.0,nan,nan,nan,1,0,0,0
4361900487,4361900482,-0.09906216,1.0410154,0.38347146,0.7547159,0.01887312,-0.009399338,-0.65571284,nan,nan,nan,nan,nan,nan,0.0,0.0,0.0,0.0,0.0,0.0,nan,nan,nan,1,0,0,0
4361910476,4361910471,-0.09993068,1.0345107,0.38305557,0.7546878,0.021029085,-0.012334401,-0.65563107,nan,nan,nan,nan,nan,nan,0.0,0.0,0.0,0.0,0.0,0.0,nan,nan,nan,1,0,0,0
4361916584,4361916580,-0.1007834,1.0280019,0.38259575,0.75456494,0.022786262,-0.015258966,-0.6556522,nan,nan,nan,nan,nan,nan,0.0,0.0,0.0,0.0,0.0,0.0,nan,nan,nan,1,0,0,0
4361924520,4361924515,-0.10158374,1.02153,0.38210717,0.75472057,0.02448004,-0.01837487,-0.65533185,nan,nan,nan,nan,nan,nan,0.0,0.0,0.0,0.0,0.0,0.0,nan,nan,nan,1,0,0,0
4361934513,4361934508,-0.1023434,1.0151746,0.38162887,0.7548476,0.026393188,-0.021249892,-0.65502447,nan,nan,nan,nan,nan,nan,0.0,0.0,0.0,0.0,0.0,0.0,nan,nan,nan,1,0,0,0
4361944546,4361944541,-0.103081435,1.0088499,0.38117108,0.7552493,0.027858846,-0.02342931,-0.65442604,nan,nan,nan,nan,nan,nan,0.0,0.0,0.0,0.0,0.0,0.0,nan,nan,nan,1,0,0,0
4361949849,4361949844,-0.10381403,1.0025736,0.38070598,0.7558181,0.02860499,-0.024788694,-0.65368664,nan,nan,nan,nan,nan,nan,0.0,0.0,0.0,0.0,0.0,0.0,nan,nan,nan,1,0,0,0
4361957901,4361957896,-0.10451623,0.9963259,0.3802838,0.7566524,0.02914371,-0.024900945,-0.6526927,nan,nan,nan,nan,nan,nan,0.0,0.0,0.0,0.0,0.0,0.0,nan,nan,nan,1,0,0,0
4361967691,4361967686,-0.105257116,0.99011785,0.37980637,0.75744134,0.029695805,-0.024843926,-0.6517543,nan,nan,nan,nan,nan,nan,0.0,0.0,0.0,0.0,0.0,0.0,nan,nan,nan,1,0,0,0
4361977481,4361977477,-0.10597835,0.9838713,0.3793377,0.75832534,0.030472249,-0.024616847,-0.6506983,nan,nan,nan,nan,nan,nan,0.0,0.0,0.0,0.0,0.0,0.0,nan,nan,nan,1,0,0,0
4361988502,4361988498,-0.106705256,0.97762346,0.3788263,0.7592154,0.030658236,-0.024263158,-0.649664,nan,nan,nan,nan,nan,nan,0.0,0.0,0.0,0.0,0.0,0.0,nan,nan,nan,1,0,0,0
4361993598,4361993570,-0.107387364,0.9713171,0.37827277,0.76017505,0.03067775,-0.023647185,-0.6485628,nan,nan,nan,nan,nan,nan,0.0,0.0,0.0,0.0,0.0,0.0,nan,nan,nan,1,0,0,0
4361998510,4361998506,-0.108067274,0.96497875,0.37762773,0.7608012,0.030728422,-0.0235586,-0.64782894,nan,nan,nan,nan,nan,nan,0.0,0.0,0.0,0.0,0.0,0.0,nan,nan,nan,1,0,0,0
4362008536,4362008531,-0.10867604,0.9585944,0.3768633,0.7611995,0.030851765,-0.02298806,-0.6473755,nan,nan,nan,nan,nan,nan,0.0,0.0,0.0,0.0,0.0,0.0,nan,nan,nan,1,0,0,0
4362016577,4362016573,-0.10932137,0.95206434,0.37606478,0.7617914,0.031431843,-0.023480602,-0.6466332,nan,nan,nan,nan,nan,nan,0.0,0.0,0.0,0.0,0.0,0.0,nan,nan,nan,1,0,0,0
4362028626,4362028621,-0.11000337,0.9453924,0.37528896,0.76237273,0.032476205,-0.024667183,-0.64585197,nan,nan,nan,nan,nan,nan,0.0,0.0,0.0,0.0,0.0,0.0,nan,nan,nan,1,0,0,0
4362043960,4362043954,-0.110623114,0.93866616,0.37447152,0.76254153,0.03243743,-0.025525335,-0.64562106,nan,nan,nan,nan,nan,nan,0.0,0.0,0.0,0.0,0.0,0.0,nan,nan,nan,1,0,0,0
4362047646,4362047641,-0.11122565,0.93192774,0.37352026,0.76262003,0.033713393,-0.02618733,-0.6454366,nan,nan,nan,nan,nan,nan,0.0,0.0,0.0,0.0,0.0,0.0,nan,nan,nan,1,0,0,0
4362067197,4362067193,-0.11236933,0.91830486,0.37160882,0.7628694,0.03988158,-0.027858894,-0.6447198,nan,nan,nan,nan,nan,nan,0.0,0.0,0.0,0.0,0.0,0.0,nan,nan,nan,1,0,0,0
4362069715,4362069710,-0.112875305,0.91148067,0.37061492,0.7629103,0.04178561,-0.029831469,-0.6444626,nan,nan,nan,nan,nan,nan,0.0,0.0,0.0,0.0,0.0,0.0,nan,nan,nan,1,0,0,0
4362077598,4362077594,-0.113345444,0.90465635,0.3695805,0.7627848,0.043856386,-0.031808056,-0.644379,nan,nan,nan,nan,nan,nan,0.0,0.0,0.0,0.0,0.0,0.0,nan,nan,nan,1,0,0,0
4362088476,4362088472,-0.11386389,0.8978719,0.36851695,0.7625723,0.046318468,-0.033994038,-0.6443466,nan,nan,nan,nan,nan,nan,0.0,0.0,0.0,0.0,0.0,0.0,nan,nan,nan,1,0,0,0
4362093554,4362093549,-0.11439564,0.8911271,0.36743915,0.7625553,0.048955284,-0.03615618,-0.644054,nan,nan,nan,nan,nan,nan,0.0,0.0,0.0,0.0,0.0,0.0,nan,nan,nan,1,0,0,0
4362103045,4362103040,-0.11496989,0.8844425,0.366443,0.762591,0.05095731,-0.038471524,-0.6437221,nan,nan,nan,nan,nan,nan,0.0,0.0,0.0,0.0,0.0,0.0,nan,nan,nan,1,0,0,0
4362126483,4362126478,-0.11618427,0.8715294,0.3645179,0.76230824,0.055393074,-0.04256572,-0.64343274,nan,nan,nan,nan,nan,nan,0.0,0.0,0.0,0.0,0.0,0.0,nan,nan,nan,1,0,0,0
4362129219,4362129215,-0.11676043,0.86552596,0.36342278,0.76265186,0.057289165,-0.044459417,-0.64273125,nan,nan,nan,nan,nan,nan,0.0,0.0,0.0,0.0,0.0,0.0,nan,nan,nan,1,0,0,0
4362133387,4362133382,-0.11744469,0.8595454,0.3625596,0.76290303,0.058607776,-0.04535243,-0.6422517,nan,nan,nan,nan,nan,nan,0.0,0.0,0.0,0.0,0.0,0.0,nan,nan,nan,1,0,0,0
4362142825,4362142821,-0.11817175,0.85378397,0.36179516,0.7630301,0.058813557,-0.046125147,-0.6420269,nan,nan,nan,nan,nan,nan,0.0,0.0,0.0,0.0,0.0,0.0,nan,nan,nan,1,0,0,0
4362152602,4362152598,-0.118956,0.8480542,0.36110106,0.76346296,0.060997095,-0.045422405,-0.6413582,nan,nan,nan,nan,nan,nan,0.0,0.0,0.0,0.0,0.0,0.0,nan,nan,nan,1,0,0,0
4362159543,4362159538,-0.11964567,0.8425903,0.36039174,0.76382965,0.059217535,-0.044909853,-0.6411245,nan,nan,nan,nan,nan,nan,0.0,0.0,0.0,0.0,0.0,0.0,nan,nan,nan,1,0,0,0
4362166486,4362166481,-0.12037376,0.836922,0.3598077,0.76457614,0.060055338,-0.041102502,-0.64041173,nan,nan,nan,nan,nan,nan,0.0,0.0,0.0,0.0,0.0,0.0,nan,nan,nan,1,0,0,0
4362176536,4362176531,-0.1210413,0.83166265,0.3592671,0.7651497,0.05824753,-0.040421575,-0.63993686,nan,nan,nan,nan,nan,nan,0.0,0.0,0.0,0.0,0.0,0.0,nan,nan,nan,1,0,0,0
4362189485,4362189481,-0.121733375,0.82648385,0.35886464,0.7661354,0.058336116,-0.03922091,-0.6388232,nan,nan,nan,nan,nan,nan,0.0,0.0,0.0,0.0,0.0,0.0,nan,nan,nan,1,0,0,0
4362193492,4362193487,-0.12251648,0.82108575,0.35865226,0.7665881,0.05870642,-0.037715834,-0.63833666,nan,nan,nan,nan,nan,nan,0.0,0.0,0.0,0.0,0.0,0.0,nan,nan,nan,1,0,0,0
4362202752,4362202746,-0.12315599,0.81578904,0.35858724,0.76730055,0.0578655,-0.03674874,-0.6376135,nan,nan,nan,nan,nan,nan,0.0,0.0,0.0,0.0,0.0,0.0,nan,nan,nan,1,0,0,0
4362208485,4362208480,-0.12377024,0.810649,0.35835704,0.768111,0.057590175,-0.036804363,-0.63665885,nan,nan,nan,nan,nan,nan,0.0,0.0,0.0,0.0,0.0,0.0,nan,nan,nan,1,0,0,0
4362230483,4362230478,-0.12496994,0.8000741,0.35820848,0.7692383,0.05630276,-0.037384514,-0.63537765,nan,nan,nan,nan,nan,nan,0.0,0.0,0.0,0.0,0.0,0.0,nan,nan,nan,1,0,0,0
4362247534,4362247526,-0.1260721,0.78941107,0.35812968,0.77003896,0.053424902,-0.03929841,-0.6345404,nan,nan,nan,nan,nan,nan,0.0,0.0,0.0,0.0,0.0,0.0,nan,nan,nan,1,0,0,0
4362261524,4362261520,-0.12663649,0.78424764,0.35809386,0.77001166,0.05404273,-0.04275983,-0.6342973,nan,nan,nan,nan,nan,nan,0.0,0.0,0.0,0.0,0.0,0.0,nan,nan,nan,1,0,0,0
4362263774,4362263769,-0.12722597,0.77867246,0.35813856,0.76998776,0.052595697,-0.04434279,-0.6343393,nan,nan,nan,nan,nan,nan,0.0,0.0,0.0,0.0,0.0,0.0,nan,nan,nan,1,0,0,0
4362279481,4362279476,-0.12851308,0.76748705,0.35815597,0.7697217,0.053343795,-0.046840116,-0.63442016,nan,nan,nan,nan,nan,nan,0.0,0.0,0.0,0.0,0.0,0.0,nan,nan,nan,1,0,0,0
4362297404,4362297400,-0.12973773,0.75630844,0.35812518,0.76948464,0.049617548,-0.05063962,-0.63471806,nan,nan,nan,nan,nan,nan,0.0,0.0,0.0,0.0,0.0,0.0,nan,nan,nan,1,0,0,0
4362299489,4362299484,-0.13040334,0.7505717,0.35830995,0.7692528,0.049877375,-0.05104516,-0.63494635,nan,nan,nan,nan,nan,nan,0.0,0.0,0.0,0.0,0.0,0.0,nan,nan,nan,1,0,0,0
4362308481,4362308476,-0.130951,0.7449991,0.35827887,0.7694823,0.049436692,-0.05168471,-0.6346509,nan,nan,nan,nan,nan,nan,0.0,0.0,0.0,0.0,0.0,0.0,nan,nan,nan,1,0,0,0
4362316511,4362316478,-0.13155098,0.73928016,0.358469,0.7695682,0.048395157,-0.052339654,-0.6345733,nan,nan,nan,nan,nan,nan,0.0,0.0,0.0,0.0,0.0,0.0,nan,nan,nan,1,0,0,0
4362323492,4362323488,-0.13214454,0.73359764,0.3584948,0.7697235,0.04958485,-0.052852463,-0.6342506,nan,nan,nan,nan,nan,nan,0.0,0.0,0.0,0.0,0.0,0.0,nan,nan,nan,1,0,0,0
4362333695,4362333622,-0.13277203,0.7278717,0.35864508,0.76973736,0.048849527,-0.05451449,-0.63415015,nan,nan,nan,nan,nan,nan,0.0,0.0,0.0,0.0,0.0,0.0,nan,nan,nan,1,0,0,0
4362341525,4362341521,-0.13350993,0.7219619,0.3588139,0.7696294,0.049498495,-0.055171706,-0.634174,nan,nan,nan,nan,nan,nan,0.0,0.0,0.0,0.0,0.0,0.0,nan,nan,nan,1,0,0,0
4362349476,4362349471,-0.13404246,0.7164812,0.35864773,0.7698526,0.049300645,-0.057272643,-0.6337321,nan,nan,nan,nan,nan,nan,0.0,0.0,0.0,0.0,0.0,0.0,nan,nan,nan,1,0,0,0
4362357536,4362357526,-0.13466728,0.7107989,0.35873008,0.7698684,0.047573395,-0.058126125,-0.63376725,nan,nan,nan,nan,nan,nan,0.0,0.0,0.0,0.0,0.0,0.0,nan,nan,nan,1,0,0,0
4362366487,4362366483,-0.13532741,0.70495296,0.35877538,0.76964676,0.047495283,-0.058057092,-0.6340486,nan,nan,nan,nan,nan,nan,0.0,0.0,0.0,0.0,0.0,0.0,nan,nan,nan,1,0,0,0
4362373482,4362373478,-0.13580205,0.6994826,0.35857424,0.7697646,0.046082355,-0.05807465,-0.634008,nan,nan,nan,nan,nan,nan,0.0,0.0,0.0,0.0,0.0,0.0,nan,nan,nan,1,0,0,0
4362384739,4362384734,-0.13642333,0.6935671,0.3586178,0.7693207,0.044737093,-0.057746112,-0.63467276,nan,nan,nan,nan,nan,nan,0.0,0.0,0.0,0.0,0.0,0.0,nan,nan,nan,1,0,0,0
4362393738,4362393734,-0.13691606,0.6878199,0.35859182,0.7692227,0.04302462,-0.057425003,-0.63493925,nan,nan,nan,nan,nan,nan,0.0,0.0,0.0,0.0,0.0,0.0,nan,nan,nan,1,0,0,0
4362399502,4362399496,-0.13737303,0.6819915,0.35850966,0.76950884,0.04078026,-0.057611607,-0.6347236,nan,nan,nan,nan,nan,nan,0.0,0.0,0.0,0.0,0.0,0.0,nan,nan,nan,1,0,0,0
4362408535,4362408530,-0.13770218,0.6762832,0.35831532,0.76977557,0.039449774,-0.057987314,-0.6344499,nan,nan,nan,nan,nan,nan,0.0,0.0,0.0,0.0,0.0,0.0,nan,nan,nan,1,0,0,0
4362418472,4362418467,-0.13808471,0.67013365,0.35831642,0.7699308,0.039022893,-0.058357805,-0.63425404,nan,nan,nan,nan,nan,nan,0.0,0.0,0.0,0.0,0.0,0.0,nan,nan,nan,1,0,0,0
4362426476,4362426471,-0.13830762,0.6640978,0.35811758,0.7700033,0.035378247,-0.06016727,-0.6342106,nan,nan,nan,nan,nan,nan,0.0,0.0,0.0,0.0,0.0,0.0,nan,nan,nan,1,0,0,0
4362435931,4362435927,-0.13850828,0.6579147,0.35797283,0.76999724,0.03437641,-0.06186388,-0.63410985,nan,nan,nan,nan,nan,nan,0.0,0.0,0.0,0.0,0.0,0.0,nan,nan,nan,1,0,0,0
4362446049,4362446045,-0.13861847,0.6517241,0.35771224,0.77039224,0.035173513,-0.062945224,-0.6334797,nan,nan,nan,nan,nan,nan,0.0,0.0,0.0,0.0,0.0,0.0,nan,nan,nan,1,0,0,0
4362461681,4362461677,-0.13866238,0.6453229,0.35750553,0.77076703,0.034950808,-0.064103186,-0.6329197,nan,nan,nan,nan,nan,nan,0.0,0.0,0.0,0.0,0.0,0.0,nan,nan,nan,1,0,0,0
4362463540,4362463534,-0.13873672,0.6387989,0.3571608,0.7709645,0.034357432,-0.06615758,-0.6325001,nan,nan,nan,nan,nan,nan,0.0,0.0,0.0,0.0,0.0,0.0,nan,nan,nan,1,0,0,0
4362469506,4362469501,-0.13869765,0.6323713,0.35653943,0.77107674,0.035350394,-0.0680587,-0.6321068,nan,nan,nan,nan,nan,nan,0.0,0.0,0.0,0.0,0.0,0.0,nan,nan,nan,1,0,0,0
4362479331,4362479327,-0.13871378,0.6257964,0.35593736,0.77094716,0.03481077,-0.07033715,-0.6320454,nan,nan,nan,nan,nan,nan,0.0,0.0,0.0,0.0,0.0,0.0,nan,nan,nan,1,0,0,0
4362483477,4362483472,-0.13873276,0.6193288,0.3549999,0.7706206,0.036854997,-0.07224186,-0.6321128,nan,nan,nan,nan,nan,nan,0.0,0.0,0.0,0.0,0.0,0.0,nan,nan,nan,1,0,0,0
4362493490,4362493485,-0.13874976,0.6128198,0.3539261,0.76979893,0.03699056,-0.07434932,-0.6328613,nan,nan,nan,nan,nan,nan,0.0,0.0,0.0,0.0,0.0,0.0,nan,nan,nan,1,0,0,0
4362514484,4362514479,-0.1386747,0.6000383,0.35131818,0.76753885,0.036894802,-0.073505506,-0.63570416,nan,nan,nan,nan,nan,nan,0.0,0.0,0.0,0.0,0.0,0.0,nan,nan,nan,1,0,0,0
4362517506,4362517501,-0.13869856,0.59355366,0.34999016,0.76722443,0.036569152,-0.07355287,-0.6360969,nan,nan,nan,nan,nan,nan,0.0,0.0,0.0,0.0,0.0,0.0,nan,nan,nan,1,0,0,0
4362527531,4362527526,-0.13867569,0.5870531,0.34866405,0.76680815,0.03509475,-0.07409015,-0.6366194,nan,nan,nan,nan,nan,nan,0.0,0.0,0.0,0.0,0.0,0.0,nan,nan,nan,1,0,0,0
4362536690,4362536685,-0.13864152,0.58063036,0.34712023,0.76642144,0.035899963,-0.07374229,-0.6370805,nan,nan,nan,nan,nan,nan,0.0,0.0,0.0,0.0,0.0,0.0,nan,nan,nan,1,0,0,0
4362544481,4362544476,-0.1385073,0.5742246,0.34546578,0.765693,0.03410632,-0.07318506,-0.63811827,nan,nan,nan,nan,nan,nan,0.0,0.0,0.0,0.0,0.0,0.0,nan,nan,nan,1,0,0,0
4362551605,4362551600,-0.1383766,0.5676255,0.34393823,0.7654841,0.03362991,-0.07292798,-0.6384236,nan,nan,nan,nan,nan,nan,0.0,0.0,0.0,0.0,0.0,0.0,nan,nan,nan,1,0,0,0
4362559491,4362559487,-0.1381322,0.5609899,0.34236404,0.76553047,0.033196256,-0.07261138,-0.6384268,nan,nan,nan,nan,nan,nan,0.0,0.0,0.0,0.0,0.0,0.0,nan,nan,nan,1,0,0,0
4362566570,4362566565,-0.13783279,0.5543184,0.34074306,0.76567775,0.03318025,-0.071864404,-0.6383354,nan,nan,nan,nan,nan,nan,0.0,0.0,0.0,0.0,0.0,0.0,nan,nan,nan,1,0,0,0
4362577552,4362577548,-0.13740717,0.5474935,0.33903804,0.7661331,0.03301944,-0.072001435,-0.6377817,nan,nan,nan,nan,nan,nan,0.0,0.0,0.0,0.0,0.0,0.0,nan,nan,nan,1,0,0,0
4362584510,4362584504,-0.1369345,0.5405576,0.33723295,0.76634586,0.03371707,-0.07203484,-0.6374858,nan,nan,nan,nan,nan,nan,0.0,0.0,0.0,0.0,0.0,0.0,nan,nan,nan,1,0,0,0
4362602010,4362602005,-0.1365058,0.53364825,0.33525386,0.76625276,0.033809926,-0.07295328,-0.6374883,nan,nan,nan,nan,nan,nan,0.0,0.0,0.0,0.0,0.0,0.0,nan,nan,nan,1,0,0,0
4362604486,4362604480,-0.13597447,0.5266087,0.33316833,0.76561785,0.034118157,-0.073441796,-0.63817835,nan,nan,nan,nan,nan,nan,0.0,0.0,0.0,0.0,0.0,0.0,nan,nan,nan,1,0,0,0
4362608690,4362608685,-0.13541807,0.51949847,0.33089626,0.7650956,0.03442677,-0.07445132,-0.63867086,nan,nan,nan,nan,nan,nan,0.0,0.0,0.0,0.0,0.0,0.0,nan,nan,nan,1,0,0,0
4362619478,4362619473,-0.13480276,0.5122555,0.32849762,0.76410335,0.034495845,-0.07468482,-0.6398269,nan,nan,nan,nan,nan,nan,0.0,0.0,0.0,0.0,0.0,0.0,nan,nan,nan,1,0,0,0
4362627491,4362627487,-0.13415171,0.50497156,0.3260197,0.76348466,0.035054963,-0.07435353,-0.6405731,nan,nan,nan,nan,nan,nan,0.0,0.0,0.0,0.0,0.0,0.0,nan,nan,nan,1,0,0,0
4362634499,4362634494,-0.13342373,0.49756047,0.32355592,0.7628661,0.03516134,-0.0737866,-0.64136934,nan,nan,nan,nan,nan,nan,0.0,0.0,0.0,0.0,0.0,0.0,nan,nan,nan,1,0,0,0
4362645611,4362645606,-0.13256665,0.4899876,0.32106343,0.7624218,0.035443548,-0.073435806,-0.6419222,nan,nan,nan,nan,nan,nan,0.0,0.0,0.0,0.0,0.0,0.0,nan,nan,nan,1,0,0,0
4362664485,4362664481,-0.13076854,0.47452056,0.31586018,0.7617349,0.037757207,-0.073795855,-0.6425639,nan,nan,nan,nan,nan,nan,0.0,0.0,0.0,0.0,0.0,0.0,nan,nan,nan,1,0,0,0
4362667800,4362667796,-0.12977086,0.46671972,0.3130412,0.7614101,0.040571492,-0.07391629,-0.64276356,nan,nan,nan,nan,nan,nan,0.0,0.0,0.0,0.0,0.0,0.0,nan,nan,nan,1,0,0,0
4362676634,4362676629,-0.12878425,0.45860064,0.31036726,0.7607027,0.04083082,-0.07491907,-0.6434681,nan,nan,nan,nan,nan,nan,0.0,0.0,0.0,0.0,0.0,0.0,nan,nan,nan,1,0,0,0
4362681606,4362681602,-0.12770651,0.4504987,0.3075182,0.76027334,0.0435421,-0.0745127,-0.6438451,nan,nan,nan,nan,nan,nan,0.0,0.0,0.0,0.0,0.0,0.0,nan,nan,nan,1,0,0,0
4362691427,4362691422,-0.12664874,0.44214866,0.30468798,0.7592586,0.046204563,-0.0739231,-0.6449239,nan,nan,nan,nan,nan,nan,0.0,0.0,0.0,0.0,0.0,0.0,nan,nan,nan,1,0,0,0
4362701613,4362701608,-0.1254171,0.4340959,0.30155036,0.75855374,0.048002623,-0.07555124,-0.6454331,nan,nan,nan,nan,nan,nan,0.0,0.0,0.0,0.0,0.0,0.0,nan,nan,nan,1,0,0,0
4362709532,4362709504,-0.124174856,0.42574573,0.29839435,0.7575082,0.050219666,-0.07629207,-0.64640456,nan,nan,nan,nan,nan,nan,0.0,0.0,0.0,0.0,0.0,0.0,nan,nan,nan,1,0,0,0
4362717584,4362717579,-0.122894935,0.4173484,0.29522318,0.75604814,0.053987797,-0.075589575,-0.64789104,nan,nan,nan,nan,nan,nan,0.0,0.0,0.0,0.0,0.0,0.0,nan,nan,nan,1,0,0,0
4362724675,4362724671,-0.12152338,0.4092168,0.29177484,0.75465935,0.056185335,-0.07720059,-0.6491321,nan,nan,nan,nan,nan,nan,0.0,0.0,0.0,0.0,0.0,0.0,nan,nan,nan,1,0,0,0
4362735482,4362735478,-0.12011999,0.40105858,0.288281,0.75247055,0.060238566,-0.07760347,-0.65125805,nan,nan,nan,nan,nan,nan,0.0,0.0,0.0,0.0,0.0,0.0,nan,nan,nan,1,0,0,0
4362744481,4362744477,-0.118734784,0.3928208,0.28494447,0.75030696,0.0626223,-0.076764196,-0.6536246,nan,nan,nan,nan,nan,nan,0.0,0.0,0.0,0.0,0.0,0.0,nan,nan,nan,1,0,0,0
4362751789,4362751785,-0.11732129,0.38462132,0.28156576,0.7482173,0.061984535,-0.076267205,-0.6561343,nan,nan,nan,nan,nan,nan,0.0,0.0,0.0,0.0,0.0,0.0,nan,nan,nan,1,0,0,0
4362757555,4362757550,-0.115656935,0.37691066,0.27791572,0.7468919,0.063794315,-0.07583455,-0.65751946,nan,nan,nan,nan,nan,nan,0.0,0.0,0.0,0.0,0.0,0.0,nan,nan,nan,1,0,0,0
4362766501,4362766497,-0.11408075,0.36891794,0.27449784,0.7455656,0.06438929,-0.07391241,-0.6591835,nan,nan,nan,nan,nan,nan,0.0,0.0,0.0,0.0,0.0,0.0,nan,nan,nan,1,0,0,0
4362775573,4362775569,-0.112432115,0.36111033,0.27119792,0.74410623,0.06565067,-0.071291596,-0.66099423,nan,nan,nan,nan,nan,nan,0.0,0.0,0.0,0.0,0.0,0.0,nan,nan,nan,1,0,0,0
4362784473,4362784469,-0.11086771,0.35293868,0.26798865,0.7431859,0.06565185,-0.06680738,-0.6624962,nan,nan,nan,nan,nan,nan,0.0,0.0,0.0,0.0,0.0,0.0,nan,nan,nan,1,0,0,0
4362793486,4362793481,-0.10905948,0.34548858,0.26454714,0.74211705,0.06710239,-0.06407151,-0.66381794,nan,nan,nan,nan,nan,nan,0.0,0.0,0.0,0.0,0.0,0.0,nan,nan,nan,1,0,0,0
4362803024,4362802992,-0.1074954,0.3376011,0.26150563,0.7414185,0.06640597,-0.059954513,-0.6650521,nan,nan,nan,nan,nan,nan,0.0,0.0,0.0,0.0,0.0,0.0,nan,nan,nan,1,0,0,0
4362812037,4362812033,-0.1056873,0.33032623,0.25818798,0.74079466,0.0670052,-0.057599775,-0.6658948,nan,nan,nan,nan,nan,nan,0.0,0.0,0.0,0.0,0.0,0.0,nan,nan,nan,1,0,0,0
4362818477,4362818472,-0.10408626,0.32260087,0.25528857,0.74185085,0.064872496,-0.058455087,-0.66485476,nan,nan,nan,nan,nan,nan,0.0,0.0,0.0,0.0,0.0,0.0,nan,nan,nan,1,0,0,0
4362823781,4362823777,-0.10235662,0.31503895,0.25244936,0.7420896,0.064734764,-0.056878276,-0.6647385,nan,nan,nan,nan,nan,nan,0.0,0.0,0.0,0.0,0.0,0.0,nan,nan,nan,1,0,0,0
4362832557,4362832552,-0.100503035,0.30767417,0.24918428,0.74258846,0.06338726,-0.055926714,-0.66439193,nan,nan,nan,nan,nan,nan,0.0,0.0,0.0,0.0,0.0,0.0,nan,nan,nan,1,0,0,0
4362841588,4362841583,-0.09873667,0.30002436,0.2463517,0.7427182,0.06460582,-0.054647848,-0.6642359,nan,nan,nan,nan,nan,nan,0.0,0.0,0.0,0.0,0.0,0.0,nan,nan,nan,1,0,0,0
4362852516,4362852511,-0.09689949,0.29241705,0.24319777,0.7423743,0.065899745,-0.05500305,-0.6644639,nan,nan,nan,nan,nan,nan,0.0,0.0,0.0,0.0,0.0,0.0,nan,nan,nan,1,0,0,0
4362859489,4362859485,-0.09505568,0.28495297,0.23980512,0.74123913,0.065026715,-0.056202233,-0.66571575,nan,nan,nan,nan,nan,nan,0.0,0.0,0.0,0.0,0.0,0.0,nan,nan,nan,1,0,0,0
4362866705,4362866700,-0.09314665,0.27754936,0.23642085,0.7395115,0.070229046,-0.05453583,-0.6672454,nan,nan,nan,nan,nan,nan,0.0,0.0,0.0,0.0,0.0,0.0,nan,nan,nan,1,0,0,0
4362873614,4362873609,-0.09138116,0.26997826,0.23322795,0.73831314,0.07041973,-0.0562029,-0.668413,nan,nan,nan,nan,nan,nan,0.0,0.0,0.0,0.0,0.0,0.0,nan,nan,nan,1,0,0,0
4362885477,4362885473,-0.0895802,0.26260245,0.23002198,0.7374357,0.0721655,-0.0572032,-0.66911024,nan,nan,nan,nan,nan,nan,0.0,0.0,0.0,0.0,0.0,0.0,nan,nan,nan,1,0,0,0
4362892617,4362892613,-0.08768639,0.25535065,0.22682258,0.73671573,0.07592576,-0.05815587,-0.66940504,nan,nan,nan,nan,nan,nan,0.0,0.0,0.0,0.0,0.0,0.0,nan,nan,nan,1,0,0,0
4362901602,4362901596,-0.08584472,0.24802294,0.22374265,0.73588437,0.078030296,-0.05900768,-0.6700027,nan,nan,nan,nan,nan,nan,0.0,0.0,0.0,0.0,0.0,0.0,nan,nan,nan,1,0,0,0
4362907511,4362907506,-0.08400046,0.2408447,0.22069295,0.7354739,0.079402864,-0.05940072,-0.67025745,nan,nan,nan,nan,nan,nan,0.0,0.0,0.0,0.0,0.0,0.0,nan,nan,nan,1,0,0,0
4362925532,4362925527,-0.08210284,0.2337387,0.21769977,0.7352968,0.08136624,-0.0602052,-0.6701444,nan,nan,nan,nan,nan,nan,0.0,0.0,0.0,0.0,0.0,0.0,nan,nan,nan,1,0,0,0
4362928759,4362928754,-0.080239385,0.22672106,0.21473882,0.735252,0.08311926,-0.060930498,-0.6699128,nan,nan,nan,nan,nan,nan,0.0,0.0,0.0,0.0,0.0,0.0,nan,nan,nan,1,0,0,0
4362932496,4362932491,-0.07835128,0.21999305,0.21169321,0.7350514,0.08443157,-0.061163027,-0.6699477,nan,nan,nan,nan,nan,nan,0.0,0.0,0.0,0.0,0.0,0.0,nan,nan,nan,1,0,0,0
4362941470,4362941465,-0.0764523,0.21311389,0.20895852,0.73529357,0.08633418,-0.06192649,-0.66936904,nan,nan,nan,nan,nan,nan,0.0,0.0,0.0,0.0,0.0,0.0,nan,nan,nan,1,0,0,0
4362948506,4362948501,-0.07450693,0.20621818,0.20636494,0.7360927,0.08819382,-0.0628137,-0.6681646,nan,nan,nan,nan,nan,nan,0.0,0.0,0.0,0.0,0.0,0.0,nan,nan,nan,1,0,0,0
4362957479,4362957474,-0.07250714,0.19937353,0.20389752,0.73723865,0.09047997,-0.06313796,-0.666563,nan,nan,nan,nan,nan,nan,0.0,0.0,0.0,0.0,0.0,0.0,nan,nan,nan,1,0,0,0
4362965487,4362965482,-0.070541896,0.19255319,0.20160834,0.7377074,0.093195,-0.06534685,-0.6654564,nan,nan,nan,nan,nan,nan,0.0,0.0,0.0,0.0,0.0,0.0,nan,nan,nan,1,0,0,0
4362973572,4362973567,-0.06839671,0.18558046,0.19939007,0.7386166,0.09490601,-0.06382921,-0.6643525,nan,nan,nan,nan,nan,nan,0.0,0.0,0.0,0.0,0.0,0.0,nan,nan,nan,1,0,0,0
4362982476,4362982472,-0.066146284,0.17898591,0.19716744,0.73915994,0.09785957,-0.067158066,-0.66299015,nan,nan,nan,nan,nan,nan,0.0,0.0,0.0,0.0,0.0,0.0,nan,nan,nan,1,0,0,0
4362992670,4362992665,-0.0640086,0.1722331,0.1951167,0.7386692,0.100073956,-0.06988904,-0.66292423,nan,nan,nan,nan,nan,nan,0.0,0.0,0.0,0.0,0.0,0.0,nan,nan,nan,1,0,0,0
4362999478,4362999472,-0.06161711,0.16564944,0.1929701,0.73871106,0.10250225,-0.07018715,-0.6624749,nan,nan,nan,nan,nan,nan,0.0,0.0,0.0,0.0,0.0,0.0,nan,nan,nan,1,0,0,0
4363006483,4363006479,-0.0592654,0.15898152,0.1909867,0.73792577,0.10441018,-0.07196165,-0.6628617,nan,nan,nan,nan,nan,nan,0.0,0.0,0.0,0.0,0.0,0.0,nan,nan,nan,1,0,0,0
4363018508,4363018504,-0.056809664,0.15245853,0.18891492,0.7373733,0.105826765,-0.07365984,-0.6630654,nan,nan,nan,nan,nan,nan,0.0,0.0,0.0,0.0,0.0,0.0,nan,nan,nan,1,0,0,0
4363023490,4363023486,-0.054258637,0.14624912,0.18678983,0.7366551,0.10748407,-0.076628365,-0.6632606,nan,nan,nan,nan,nan,nan,0.0,0.0,0.0,0.0,0.0,0.0,nan,nan,nan,1,0,0,0
4363031487,4363031482,-0.051860992,0.14001663,0.184718,0.73481524,0.109661564,-0.08006674,-0.66453755,nan,nan,nan,nan,nan,nan,0.0,0.0,0.0,0.0,0.0,0.0,nan,nan,nan,1,0,0,0
4363041301,4363041296,-0.049450815,0.13388994,0.18258302,0.73285407,0.11099163,-0.083133146,-0.66610414,nan,nan,nan,nan,nan,nan,0.0,0.0,0.0,0.0,0.0,0.0,nan,nan,nan,1,0,0,0
4363050987,4363050983,-0.04707578,0.1279848,0.18055075,0.73082745,0.11243946,-0.08551972,-0.66778356,nan,nan,nan,nan,nan,nan,0.0,0.0,0.0,0.0,0.0,0.0,nan,nan,nan,1,0,0,0
4363058437,4363058433,-0.044687334,0.122315735,0.1786349,0.7287536,0.11401867,-0.08803158,-0.66945386,nan,nan,nan,nan,nan,nan,0.0,0.0,0.0,0.0,0.0,0.0,nan,nan,nan,1,0,0,0
4363066684,4363066680,-0.042224694,0.116660446,0.17682528,0.72754145,0.113899186,-0.08903768,-0.6706583,nan,nan,nan,nan,nan,nan,0.0,0.0,0.0,0.0,0.0,0.0,nan,nan,nan,1,0,0,0
4363073512,4363073504,-0.039752208,0.11119622,0.17520018,0.7264704,0.11394784,-0.08973712,-0.6717171,nan,nan,nan,nan,nan,nan,0.0,0.0,0.0,0.0,0.0,0.0,nan,nan,nan,1,0,0,0
4363083817,4363083812,-0.037244175,0.10593489,0.17367937,0.7253785,0.113277525,-0.09119516,-0.6728132,nan,nan,nan,nan,nan,nan,0.0,0.0,0.0,0.0,0.0,0.0,nan,nan,nan,1,0,0,0
4363091552,4363091547,-0.034719165,0.10055959,0.17221355,0.7244837,0.11365582,-0.08968981,-0.673915,nan,nan,nan,nan,nan,nan,0.0,0.0,0.0,0.0,0.0,0.0,nan,nan,nan,1,0,0,0
4363101403,4363101398,-0.032090414,0.095494226,0.17084001,0.72345966,0.11308828,-0.09067139,-0.6749784,nan,nan,nan,nan,nan,nan,0.0,0.0,0.0,0.0,0.0,0.0,nan,nan,nan,1,0,0,0
4363107483,4363107478,-0.029463448,0.09033309,0.16944215,0.721947,0.11479471,-0.09072002,-0.676302,nan,nan,nan,nan,nan,nan,0.0,0.0,0.0,0.0,0.0,0.0,nan,nan,nan,1,0,0,0
4363126400,4363126394,-0.02677621,0.085559554,0.1681246,0.7201221,0.11633556,-0.09366093,-0.67758244,nan,nan,nan,nan,nan,nan,0.0,0.0,0.0,0.0,0.0,0.0,nan,nan,nan,1,0,0,0
4363128480,4363128475,-0.024171699,0.08068329,0.1668215,0.71799374,0.11872458,-0.095710285,-0.6791385,nan,nan,nan,nan,nan,nan,0.0,0.0,0.0,0.0,0.0,0.0,nan,nan,nan,1,0,0,0
4363144860,4363144855,-0.018999828,0.07150783,0.16448033,0.71360177,0.123943485,-0.09965438,-0.68226063,nan,nan,nan,nan,nan,nan,0.0,0.0,0.0,0.0,0.0,0.0,nan,nan,nan,1,0,0,0
4363162162,4363162158,-0.014019331,0.063145824,0.16262403,0.71149623,0.12555163,-0.105128825,-0.68334323,nan,nan,nan,nan,nan,nan,0.0,0.0,0.0,0.0,0.0,0.0,nan,nan,nan,1,0,0,0
4363165519,4363165513,-0.011704239,0.05963048,0.16167085,0.7092501,0.12618777,-0.1069432,-0.6852767,nan,nan,nan,nan,nan,nan,0.0,0.0,0.0,0.0,0.0,0.0,nan,nan,nan,1,0,0,0
4363174868,4363174863,-0.009248705,0.056017514,0.16067359,0.70874894,0.12369289,-0.10434366,-0.6866493,nan,nan,nan,nan,nan,nan,0.0,0.0,0.0,0.0,0.0,0.0,nan,nan,nan,1,0,0,0
4363182474,4363182469,-0.0069366917,0.05273829,0.15978318,0.7076119,0.1233726,-0.10336818,-0.6880259,nan,nan,nan,nan,nan,nan,0.0,0.0,0.0,0.0,0.0,0.0,nan,nan,nan,1,0,0,0
4363191491,4363191486,-0.004725609,0.049638513,0.15901282,0.7066645,0.12337657,-0.1031541,-0.68903023,nan,nan,nan,nan,nan,nan,0.0,0.0,0.0,0.0,0.0,0.0,nan,nan,nan,1,0,0,0
4363201489,4363201483,-0.0025633555,0.04671457,0.15803,0.70551205,0.121871315,-0.10105034,-0.6907887,nan,nan,nan,nan,nan,nan,0.0,0.0,0.0,0.0,0.0,0.0,nan,nan,nan,1,0,0,0
4363208482,4363208477,-0.0003475187,0.0440662,0.15728661,0.7049974,0.1223714,-0.10192605,-0.69109696,nan,nan,nan,nan,nan,nan,0.0,0.0,0.0,0.0,0.0,0.0,nan,nan,nan,1,0,0,0
4363215484,4363215478,0.00166893,0.04118319,0.15676332,0.7048055,0.12358769,-0.103204325,-0.6908864,nan,nan,nan,nan,nan,nan,0.0,0.0,0.0,0.0,0.0,0.0,nan,nan,nan,1,0,0,0
4363224873,4363224867,0.00374645,0.038723364,0.15606664,0.70415837,0.124152556,-0.103567265,-0.69139063,nan,nan,nan,nan,nan,nan,0.0,0.0,0.0,0.0,0.0,0.0,nan,nan,nan,1,0,0,0
4363231513,4363231479,0.005663234,0.03628374,0.15509301,0.70194876,0.12519492,-0.10320623,-0.6935003,nan,nan,nan,nan,nan,nan,0.0,0.0,0.0,0.0,0.0,0.0,nan,nan,nan,1,0,0,0
4363241479,4363241473,0.0074456856,0.03427923,0.15440968,0.7001644,0.12586904,-0.1057558,-0.69479674,nan,nan,nan,nan,nan,nan,0.0,0.0,0.0,0.0,0.0,0.0,nan,nan,nan,1,0,0,0
4363248472,4363248467,0.009355369,0.03205244,0.15363981,0.6996907,0.12595335,-0.102863446,-0.6956923,nan,nan,nan,nan,nan,nan,0.0,0.0,0.0,0.0,0.0,0.0,nan,nan,nan,1,0,0,0
4363257490,4363257485,0.011205241,0.03006942,0.15286897,0.6979783,0.12731281,-0.10214875,-0.6972685,nan,nan,nan,nan,nan,nan,0.0,0.0,0.0,0.0,0.0,0.0,nan,nan,nan,1,0,0,0
4363264752,4363264746,0.012956276,0.02819471,0.15223974,0.6971768,0.1283519,-0.10239871,-0.69784296,nan,nan,nan,nan,nan,nan,0.0,0.0,0.0,0.0,0.0,0.0,nan,nan,nan,1,0,0,0
4363273483,4363273477,0.014714766,0.026339773,0.15164007,0.6960008,0.1298089,-0.10106741,-0.6989405,nan,nan,nan,nan,nan,nan,0.0,0.0,0.0,0.0,0.0,0.0,nan,nan,nan,1,0,0,0
4363281473,4363281468,0.01646947,0.024490766,0.15092754,0.6944931,0.13171579,-0.10086402,-0.700112,nan,nan,nan,nan,nan,nan,0.0,0.0,0.0,0.0,0.0,0.0,nan,nan,nan,1,0,0,0
4363291226,4363291220,0.018188309,0.022798209,0.15047313,0.693317,0.13517787,-0.10150711,-0.7005247,nan,nan,nan,nan,nan,nan,0.0,0.0,0.0,0.0,0.0,0.0,nan,nan,nan,1,0,0,0
4363298485,4363298480,0.020248922,0.020562451,0.14980955,0.69357294,0.14027433,-0.09437282,-0.70026666,nan,nan,nan,nan,nan,nan,0.0,0.0,0.0,0.0,0.0,0.0,nan,nan,nan,1,0,0,0
4363307485,4363307479,0.022444408,0.018150937,0.14906418,0.69321746,0.14891912,-0.08627254,-0.69987833,nan,nan,nan,nan,nan,nan,0.0,0.0,0.0,0.0,0.0,0.0,nan,nan,nan,1,0,0,0
4363315585,4363315580,0.025132474,0.015397777,0.14828339,0.6927792,0.16165647,-0.072611645,-0.6990363,nan,nan,nan,nan,nan,nan,0.0,0.0,0.0,0.0,0.0,0.0,nan,nan,nan,1,0,0,0
4363324620,4363324615,0.0282174,0.012320076,0.14723083,0.69610935,0.17007217,-0.0457054,-0.69600147,nan,nan,nan,nan,nan,nan,0.0,0.0,0.0,0.0,0.0,0.0,nan,nan,nan,1,0,0,0
4363332267,4363332262,0.031336583,0.010855785,0.14625044,0.7025129,0.16667971,-0.0109391315,-0.6917903,nan,nan,nan,nan,nan,nan,0.0,0.0,0.0,0.0,0.0,0.0,nan,nan,nan,1,0,0,0
4363340901,4363340895,0.03497444,0.00825284,0.14509338,0.7084757,0.1764156,0.02968507,-0.6826848,nan,nan,nan,nan,nan,nan,0.0,0.0,0.0,0.0,0.0,0.0,nan,nan,nan,1,0,0,0
4363352016,4363352012,0.03834449,0.0049796496,0.14412126,0.71610844,0.17790797,0.07607546,-0.67063403,nan,nan,nan,nan,nan,nan,0.0,0.0,0.0,0.0,0.0,0.0,nan,nan,nan,1,0,0,0
4363357480,4363357475,0.04110715,0.004592467,0.14297704,0.72343916,0.17026013,0.101472646,-0.6613249,nan,nan,nan,nan,nan,nan,0.0,0.0,0.0,0.0,0.0,0.0,nan,nan,nan,1,0,0,0
4363375070,4363375066,0.043291524,0.0052989265,0.14251846,0.72994214,0.1441495,0.0999447,-0.66061825,nan,nan,nan,nan,nan,nan,0.0,0.0,0.0,0.0,0.0,0.0,nan,nan,nan,1,0,0,0
4363378411,4363378406,0.045508906,0.00523883,0.14210103,0.7339557,0.13256396,0.09879388,-0.65876824,nan,nan,nan,nan,nan,nan,0.0,0.0,0.0,0.0,0.0,0.0,nan,nan,nan,1,0,0,0
4363382473,4363382468,0.047650658,0.0046015233,0.14162458,0.7391055,0.13058646,0.09781943,-0.6535301,nan,nan,nan,nan,nan,nan,0.0,0.0,0.0,0.0,0.0,0.0,nan,nan,nan,1,0,0,0
4363391113,4363391109,0.04962665,0.0032593347,0.14140417,0.74405336,0.12461923,0.09198098,-0.64991856,nan,nan,nan,nan,nan,nan,0.0,0.0,0.0,0.0,0.0,0.0,nan,nan,nan,1,0,0,0
4363400958,4363400952,0.05141824,0.0020794743,0.14115302,0.7487113,0.113831595,0.076192796,-0.64858943,nan,nan,nan,nan,nan,nan,0.0,0.0,0.0,0.0,0.0,0.0,nan,nan,nan,1,0,0,0
4363406483,4363406478,0.053125966,0.0004692672,0.14098497,0.75285715,0.10237003,0.05509104,-0.6478361,nan,nan,nan,nan,nan,nan,0.0,0.0,0.0,0.0,0.0,0.0,nan,nan,nan,1,0,0,0
4363415488,4363415483,0.054627612,-0.001189527,0.14065629,0.75588113,0.08265723,0.036274467,-0.64845634,nan,nan,nan,nan,nan,nan,0.0,0.0,0.0,0.0,0.0,0.0,nan,nan,nan,1,0,0,0
4363423489,4363423484,0.055964015,-0.0031015472,0.14015335,0.75691074,0.044294365,0.02377579,-0.6515818,nan,nan,nan,nan,nan,nan,0.0,0.0,0.0,0.0,0.0,0.0,nan,nan,nan,1,0,0,0
4363432487,4363432482,0.05727893,-0.00565537,0.13957952,0.756209,0.004275614,0.012662986,-0.65419364,nan,nan,nan,nan,nan,nan,0.0,0.0,0.0,0.0,0.0,0.0,nan,nan,nan,1,0,0,0
4363441134,4363441129,0.058633573,-0.008837879,0.13875252,0.75466454,-0.03382451,0.0019970392,-0.65523535,nan,nan,nan,nan,nan,nan,0.0,0.0,0.0,0.0,0.0,0.0,nan,nan,nan,1,0,0,0
4363452530,4363452495,0.058530632,-0.0065622125,0.13817057,0.7537362,-0.05897014,-0.009777147,-0.65445304,nan,nan,nan,nan,nan,nan,0.0,0.0,0.0,0.0,0.0,0.0,nan,nan,nan,1,0,0,0
4363457476,4363457471,0.05829025,-0.0037063654,0.13746142,0.75191057,-0.08500829,-0.022404617,-0.6533774,nan,nan,nan,nan,nan,nan,0.0,0.0,0.0,0.0,0.0,0.0,nan,nan,nan,1,0,0,0
4363466593,4363466588,0.057978086,-0.0014738729,0.13697244,0.7506532,-0.10084815,-0.033168927,-0.6521114,nan,nan,nan,nan,nan,nan,0.0,0.0,0.0,0.0,0.0,0.0,nan,nan,nan,1,0,0,0
4363473516,4363473512,0.05750855,-0.00047704656,0.13644753,0.7514974,-0.10033618,-0.046872724,-0.6503746,nan,nan,nan,nan,nan,nan,0.0,0.0,0.0,0.0,0.0,0.0,nan,nan,nan,1,0,0,0
4363482563,4363482558,0.057032913,0.00044225663,0.13560721,0.7512064,-0.10346724,-0.06359315,-0.64879847,nan,nan,nan,nan,nan,nan,0.0,0.0,0.0,0.0,0.0,0.0,nan,nan,nan,1,0,0,0
4363490491,4363490487,0.056586593,-1.6969658e-05,0.13526313,0.7501622,-0.10656013,-0.072013035,-0.648626,nan,nan,nan,nan,nan,nan,0.0,0.0,0.0,0.0,0.0,0.0,nan,nan,nan,1,0,0,0
4363498493,4363498488,0.05627493,-0.00066695013,0.13467166,0.7498347,-0.101426475,-0.07425181,-0.64957464,nan,nan,nan,nan,nan,nan,0.0,0.0,0.0,0.0,0.0,0.0,nan,nan,nan,1,0,0,0
4363507513,4363507509,0.056169998,-0.0015034985,0.13448843,0.7516903,-0.0967436,-0.059415553,-0.64967084,nan,nan,nan,nan,nan,nan,0.0,0.0,0.0,0.0,0.0,0.0,nan,nan,nan,1,0,0,0
4363517496,4363517492,0.05610602,-0.002654204,0.1338023,0.75221425,-0.09319162,-0.04451864,-0.6507742,nan,nan,nan,nan,nan,nan,0.0,0.0,0.0,0.0,0.0,0.0,nan,nan,nan,1,0,0,0
4363524607,4363524603,0.05590162,-0.0051066186,0.13383277,0.7542764,-0.078619145,-0.028338019,-0.6512167,nan,nan,nan,nan,nan,nan,0.0,0.0,0.0,0.0,0.0,0.0,nan,nan,nan,1,0,0,0
4363532489,4363532484,0.055774305,-0.0073119574,0.13366391,0.75452536,-0.06108601,-0.0083158715,-0.6533689,nan,nan,nan,nan,nan,nan,0.0,0.0,0.0,0.0,0.0,0.0,nan,nan,nan,1,0,0,0
4363540560,4363540555,0.055742595,-0.0071709123,0.13446997,0.75508285,-0.03696053,0.009957015,-0.65451103,nan,nan,nan,nan,nan,nan,0.0,0.0,0.0,0.0,0.0,0.0,nan,nan,nan,1,0,0,0
4363551791,4363551787,0.05577627,-0.006704107,0.13499147,0.7536607,-0.016689971,0.02300726,-0.6566489,nan,nan,nan,nan,nan,nan,0.0,0.0,0.0,0.0,0.0,0.0,nan,nan,nan,1,0,0,0
4363556684,4363556680,0.05570484,-0.006501555,0.13547948,0.754341,-0.004674523,0.015862515,-0.6562745,nan,nan,nan,nan,nan,nan,0.0,0.0,0.0,0.0,0.0,0.0,nan,nan,nan,1,0,0,0
4363566023,4363566018,0.055599295,-0.006378871,0.13589135,0.7538027,-0.0032769926,0.0025348065,-0.65708786,nan,nan,nan,nan,nan,nan,0.0,0.0,0.0,0.0,0.0,0.0,nan,nan,nan,1,0,0,0
4363575414,4363575410,0.05558436,-0.0062011695,0.1359253,0.7539569,0.005079929,-0.013501046,-0.65676546,nan,nan,nan,nan,nan,nan,0.0,0.0,0.0,0.0,0.0,0.0,nan,nan,nan,1,0,0,0
4363582504,4363582499,0.055553645,-0.006334571,0.13600478,0.75225085,-0.009923924,-0.023954766,-0.6583664,nan,nan,nan,nan,nan,nan,0.0,0.0,0.0,0.0,0.0,0.0,nan,nan,nan,1,0,0,0
4363590488,4363590483,0.0555284,-0.0065971687,0.13592139,0.74952817,-0.03043224,-0.028543944,-0.6606562,nan,nan,nan,nan,nan,nan,0.0,0.0,0.0,0.0,0.0,0.0,nan,nan,nan,1,0,0,0
4363600462,4363600458,0.055666946,-0.006312495,0.13576832,0.7467275,-0.04699983,-0.019753614,-0.66317326,nan,nan,nan,nan,nan,nan,0.0,0.0,0.0,0.0,0.0,0.0,nan,nan,nan,1,0,0,0
4363607480,4363607475,0.0558743,-0.006352052,0.13563149,0.74363047,-0.064100735,-0.007986796,-0.66546303,nan,nan,nan,nan,nan,nan,0.0,0.0,0.0,0.0,0.0,0.0,nan,nan,nan,1,0,0,0
4363615476,4363615471,0.056072883,-0.0060313637,0.13550587,0.7412464,-0.07342311,-0.0008485981,-0.6672046,nan,nan,nan,nan,nan,nan,0.0,0.0,0.0,0.0,0.0,0.0,nan,nan,nan,1,0,0,0
4363624490,4363624486,0.05621896,-0.0052786083,0.13506469,0.7382976,-0.07494329,0.0032667175,-0.6702906,nan,nan,nan,nan,nan,nan,0.0,0.0,0.0,0.0,0.0,0.0,nan,nan,nan,1,0,0,0
4363644486,4363644482,0.056261234,-0.006018667,0.13477959,0.73429394,-0.06854974,0.0067732553,-0.6753277,nan,nan,nan,nan,nan,nan,0.0,0.0,0.0,0.0,0.0,0.0,nan,nan,nan,1,0,0,0
4363649932,4363649925,0.05608645,-0.006537293,0.13480116,0.7329744,-0.0598144,0.002073216,-0.6776182,nan,nan,nan,nan,nan,nan,0.0,0.0,0.0,0.0,0.0,0.0,nan,nan,nan,1,0,0,0
4363657698,4363657666,0.055696294,-0.0065829307,0.13485786,0.73081076,-0.051596854,-0.005588914,-0.6806042,nan,nan,nan,nan,nan,nan,0.0,0.0,0.0,0.0,0.0,0.0,nan,nan,nan,1,0,0,0
4363665486,4363665481,0.055224854,-0.0069180736,0.13476802,0.727881,-0.043085057,-0.01328719,-0.68421954,nan,nan,nan,nan,nan,nan,0.0,0.0,0.0,0.0,0.0,0.0,nan,nan,nan,1,0,0,0
4363676466,4363676460,0.054864276,-0.006858396,0.13490172,0.7256807,-0.033508003,-0.013378814,-0.6870849,nan,nan,nan,nan,nan,nan,0.0,0.0,0.0,0.0,0.0,0.0,nan,nan,nan,1,0,0,0
4363684785,4363684777,0.0546414,-0.006878472,0.13502724,0.72326994,-0.026337404,-0.009946621,-0.6899913,nan,nan,nan,nan,nan,nan,0.0,0.0,0.0,0.0,0.0,0.0,nan,nan,nan,1,0,0,0
4363690488,4363690482,0.054355435,-0.007804427,0.1355548,0.7220665,-0.012512164,-0.005319367,-0.69168997,nan,nan,nan,nan,nan,nan,0.0,0.0,0.0,0.0,0.0,0.0,nan,nan,nan,1,0,0,0
4363703507,4363703501,0.05428846,-0.008109327,0.13585171,0.7203955,-0.006271782,0.0071107894,-0.69349873,nan,nan,nan,nan,nan,nan,0.0,0.0,0.0,0.0,0.0,0.0,nan,nan,nan,1,0,0,0
4363707556,4363707551,0.05431734,-0.0077676387,0.1361279,0.7198573,-0.012442935,0.010926991,-0.6939245,nan,nan,nan,nan,nan,nan,0.0,0.0,0.0,0.0,0.0,0.0,nan,nan,nan,1,0,0,0
4363727677,4363727672,0.054282963,-0.007778283,0.13623299,0.71911305,-0.024456568,0.009023806,-0.694404,nan,nan,nan,nan,nan,nan,0.0,0.0,0.0,0.0,0.0,0.0,nan,nan,nan,1,0,0,0
4363733480,4363733474,0.054234743,-0.007704471,0.13608219,0.7192068,-0.024879845,0.0035789015,-0.6943412,nan,nan,nan,nan,nan,nan,0.0,0.0,0.0,0.0,0.0,0.0,nan,nan,nan,1,0,0,0
4363740619,4363740614,0.054105576,-0.007726098,0.13600366,0.7196348,-0.02355818,-0.0022787298,-0.6939494,nan,nan,nan,nan,nan,nan,0.0,0.0,0.0,0.0,0.0,0.0,nan,nan,nan,1,0,0,0
4363750056,4363750050,0.05401655,-0.0076347734,0.13586156,0.7193664,-0.02083919,-0.0030821858,-0.6943114,nan,nan,nan,nan,nan,nan,0.0,0.0,0.0,0.0,0.0,0.0,nan,nan,nan,1,0,0,0
4363758490,4363758485,0.053968385,-0.007826202,0.13589874,0.7194358,-0.017141022,-0.00085937954,-0.69434685,nan,nan,nan,nan,nan,nan,0.0,0.0,0.0,0.0,0.0,0.0,nan,nan,nan,1,0,0,0
4363765514,4363765509,0.05398488,-0.008117756,0.1360822,0.71973586,-0.012071774,0.0042353226,-0.6941301,nan,nan,nan,nan,nan,nan,0.0,0.0,0.0,0.0,0.0,0.0,nan,nan,nan,1,0,0,0
4363774506,4363774501,0.05399007,-0.008091245,0.13613763,0.71947855,-0.007362119,0.0062439903,-0.6944476,nan,nan,nan,nan,nan,nan,0.0,0.0,0.0,0.0,0.0,0.0,nan,nan,nan,1,0,0,0
4363783487,4363783481,0.053994246,-0.007986336,0.13624285,0.7195067,-0.009777887,0.006372438,-0.69438744,nan,nan,nan,nan,nan,nan,0.0,0.0,0.0,0.0,0.0,0.0,nan,nan,nan,1,0,0,0
4363791480,4363791474,0.05399929,-0.008063823,0.13627073,0.7195215,-0.010747173,0.0060465094,-0.6943607,nan,nan,nan,nan,nan,nan,0.0,0.0,0.0,0.0,0.0,0.0,nan,nan,nan,1,0,0,0
4363800674,4363798486,0.053944126,-0.008084771,0.13621914,0.7200691,-0.0102758445,0.0036404938,-0.6938167,nan,nan,nan,nan,nan,nan,0.0,0.0,0.0,0.0,0.0,0.0,nan,nan,nan,1,0,0,0
4363807973,4363807503,0.053931314,-0.008089146,0.13614805,0.71977556,-0.010643764,0.0029071318,-0.69411916,nan,nan,nan,nan,nan,nan,0.0,0.0,0.0,0.0,0.0,0.0,nan,nan,nan,1,0,0,0
4363815472,4363815467,0.053962477,-0.008099438,0.13616633,0.7197983,-0.010499603,0.003866743,-0.69409305,nan,nan,nan,nan,nan,nan,0.0,0.0,0.0,0.0,0.0,0.0,nan,nan,nan,1,0,0,0
4363824085,4363824080,0.053977966,-0.008049725,0.13615847,0.71927065,-0.00952056,0.006005808,-0.69463885,nan,nan,nan,nan,nan,nan,0.0,0.0,0.0,0.0,0.0,0.0,nan,nan,nan,1,0,0,0
4363834513,4363834508,0.053956255,-0.008132661,0.1361886,0.7196854,-0.009716204,0.005135592,-0.6942134,nan,nan,nan,nan,nan,nan,0.0,0.0,0.0,0.0,0.0,0.0,nan,nan,nan,1,0,0,0
4363840520,4363840515,0.053962883,-0.008107326,0.13618515,0.7198001,-0.010160242,0.0041975034,-0.69409436,nan,nan,nan,nan,nan,nan,0.0,0.0,0.0,0.0,0.0,0.0,nan,nan,nan,1,0,0,0
4363852939,4363852934,0.053962085,-0.00812314,0.1361765,0.71973515,-0.010399338,0.004157952,-0.69415843,nan,nan,nan,nan,nan,nan,0.0,0.0,0.0,0.0,0.0,0.0,nan,nan,nan,1,0,0,0
4363856490,4363856484,0.053985372,-0.008086626,0.13613196,0.7193132,-0.009981254,0.0062183533,-0.6945864,nan,nan,nan,nan,nan,nan,0.0,0.0,0.0,0.0,0.0,0.0,nan,nan,nan,1,0,0,0
4363870200,4363870195,0.053963304,-0.008095689,0.13619101,0.7197448,-0.010012723,0.004601664,-0.6941513,nan,nan,nan,nan,nan,nan,0.0,0.0,0.0,0.0,0.0,0.0,nan,nan,nan,1,0,0,0
4363874036,4363874004,0.053949602,-0.008123703,0.13617831,0.7197132,-0.010173038,0.0049997526,-0.69417894,nan,nan,nan,nan,nan,nan,0.0,0.0,0.0,0.0,0.0,0.0,nan,nan,nan,1,0,0,0
4363882477,4363882472,0.053939648,-0.0081083095,0.13617152,0.71972835,-0.010130716,0.004506635,-0.69416726,nan,nan,nan,nan,nan,nan,0.0,0.0,0.0,0.0,0.0,0.0,nan,nan,nan,1,0,0,0
4363890484,4363890479,0.053958423,-0.008132734,0.13616991,0.7197529,-0.009889124,0.004883096,-0.69414276,nan,nan,nan,nan,nan,nan,0.0,0.0,0.0,0.0,0.0,0.0,nan,nan,nan,1,0,0,0
4363900409,4363900380,0.053982433,-0.008037277,0.13613665,0.7193623,-0.010103992,0.0060569528,-0.6945352,nan,nan,nan,nan,nan,nan,0.0,0.0,0.0,0.0,0.0,0.0,nan,nan,nan,1,0,0,0
4363908328,4363908323,0.05395518,-0.008113811,0.13617724,0.7197427,-0.010089827,0.0044533126,-0.69415337,nan,nan,nan,nan,nan,nan,0.0,0.0,0.0,0.0,0.0,0.0,nan,nan,nan,1,0,0,0
4363916474,4363916469,0.0539546,-0.008130136,0.13616721,0.71971136,-0.01013868,0.0049556764,-0.69418174,nan,nan,nan,nan,nan,nan,0.0,0.0,0.0,0.0,0.0,0.0,nan,nan,nan,1,0,0,0
4363924555,4363924550,0.053959012,-0.008121267,0.13617694,0.7197291,-0.010006154,0.0045000156,-0.69416827,nan,nan,nan,nan,nan,nan,0.0,0.0,0.0,0.0,0.0,0.0,nan,nan,nan,1,0,0,0
4363932488,4363932483,0.05396484,-0.00810877,0.13624579,0.72010547,-0.010144769,0.0044682687,-0.69377613,nan,nan,nan,nan,nan,nan,0.0,0.0,0.0,0.0,0.0,0.0,nan,nan,nan,1,0,0,0
4363940488,4363940483,0.05396819,-0.008132731,0.13624758,0.7200602,-0.010125094,0.0045905854,-0.6938225,nan,nan,nan,nan,nan,nan,0.0,0.0,0.0,0.0,0.0,0.0,nan,nan,nan,1,0,0,0
4363950072,4363950067,0.053984854,-0.008038404,0.13613717,0.71936,-0.010098758,0.0060144705,-0.694538,nan,nan,nan,nan,nan,nan,0.0,0.0,0.0,0.0,0.0,0.0,nan,nan,nan,1,0,0,0
4363957499,4363957494,0.053953458,-0.008092977,0.13616925,0.71976817,-0.009945858,0.004429505,-0.6941291,nan,nan,nan,nan,nan,nan,0.0,0.0,0.0,0.0,0.0,0.0,nan,nan,nan,1,0,0,0
4363965758,4363965753,0.053950638,-0.008078855,0.13616472,0.7196915,-0.010136368,0.0045364588,-0.6942052,nan,nan,nan,nan,nan,nan,0.0,0.0,0.0,0.0,0.0,0.0,nan,nan,nan,1,0,0,0
4363974859,4363974854,0.05396276,-0.008089491,0.13611984,0.7193366,-0.009944333,0.0062771603,-0.6945622,nan,nan,nan,nan,nan,nan,0.0,0.0,0.0,0.0,0.0,0.0,nan,nan,nan,1,0,0,0
4363982474,4363982469,0.053957015,-0.008156883,0.13617305,0.71973807,-0.010113377,0.0044748727,-0.69415766,nan,nan,nan,nan,nan,nan,0.0,0.0,0.0,0.0,0.0,0.0,nan,nan,nan,1,0,0,0
4363990482,4363990477,0.053962823,-0.008119504,0.13615966,0.71968114,-0.009979528,0.004808458,-0.6942163,nan,nan,nan,nan,nan,nan,0.0,0.0,0.0,0.0,0.0,0.0,nan,nan,nan,1,0,0,0
4363999983,4363999978,0.05395495,-0.008104214,0.1362485,0.72004056,-0.010284538,0.0044807186,-0.6938413,nan,nan,nan,nan,nan,nan,0.0,0.0,0.0,0.0,0.0,0.0,nan,nan,nan,1,0,0,0
4364006547,4364006542,0.053970344,-0.008104923,0.13625376,0.7200718,-0.010281023,0.0043084333,-0.69381005,nan,nan,nan,nan,nan,nan,0.0,0.0,0.0,0.0,0.0,0.0,nan,nan,nan,1,0,0,0
4364025326,4364025320,0.053965434,-0.00814256,0.13623518,0.7200603,-0.010009625,0.0046762447,-0.6938235,nan,nan,nan,nan,nan,nan,0.0,0.0,0.0,0.0,0.0,0.0,nan,nan,nan,1,0,0,0
4364027481,4364027476,0.05395987,-0.008130673,0.13617308,0.71970314,-0.009971755,0.0049263313,-0.6941928,nan,nan,nan,nan,nan,nan,0.0,0.0,0.0,0.0,0.0,0.0,nan,nan,nan,1,0,0,0
4364032485,4364032480,0.05397888,-0.008060887,0.13613209,0.71936554,-0.009959267,0.0062229065,-0.69453245,nan,nan,nan,nan,nan,nan,0.0,0.0,0.0,0.0,0.0,0.0,nan,nan,nan,1,0,0,0
4364039982,4364039977,0.053941134,-0.008124339,0.13617209,0.7196789,-0.010126587,0.004657731,-0.69421756,nan,nan,nan,nan,nan,nan,0.0,0.0,0.0,0.0,0.0,0.0,nan,nan,nan,1,0,0,0
4364049766,4364049761,0.053972524,-0.008068759,0.13612357,0.7193522,-0.009918148,0.006132506,-0.6945478,nan,nan,nan,nan,nan,nan,0.0,0.0,0.0,0.0,0.0,0.0,nan,nan,nan,1,0,0,0
4364057493,4364057488,0.053941384,-0.008099897,0.13617936,0.7197806,-0.009914835,0.0042736484,-0.6941176,nan,nan,nan,nan,nan,nan,0.0,0.0,0.0,0.0,0.0,0.0,nan,nan,nan,1,0,0,0
4364071399,4364071394,0.05398153,-0.008048672,0.13612606,0.71937174,-0.009976344,0.0061509744,-0.6945263,nan,nan,nan,nan,nan,nan,0.0,0.0,0.0,0.0,0.0,0.0,nan,nan,nan,1,0,0,0
4364073750,4364073745,0.053995736,-0.008030747,0.13613652,0.71938646,-0.00999732,0.00592043,-0.6945129,nan,nan,nan,nan,nan,nan,0.0,0.0,0.0,0.0,0.0,0.0,nan,nan,nan,1,0,0,0
4364083837,4364083832,0.053976893,-0.008060653,0.13617153,0.7197709,-0.010011268,0.004347435,-0.6941259,nan,nan,nan,nan,nan,nan,0.0,0.0,0.0,0.0,0.0,0.0,nan,nan,nan,1,0,0,0
4364090512,4364090507,0.053997338,-0.008056418,0.13611647,0.71934056,-0.0099158585,0.006197024,-0.69455916,nan,nan,nan,nan,nan,nan,0.0,0.0,0.0,0.0,0.0,0.0,nan,nan,nan,1,0,0,0
4364099531,4364099524,0.05399807,-0.008073127,0.13611485,0.7193572,-0.010064352,0.0062673744,-0.6945391,nan,nan,nan,nan,nan,nan,0.0,0.0,0.0,0.0,0.0,0.0,nan,nan,nan,1,0,0,0
4364110595,4364110590,0.053982437,-0.008058605,0.1361152,0.71935505,-0.0099343015,0.0062905196,-0.69454306,nan,nan,nan,nan,nan,nan,0.0,0.0,0.0,0.0,0.0,0.0,nan,nan,nan,1,0,0,0
4364117474,4364117469,0.053972833,-0.008059347,0.13612202,0.71934587,-0.009952607,0.006123129,-0.69455373,nan,nan,nan,nan,nan,nan,0.0,0.0,0.0,0.0,0.0,0.0,nan,nan,nan,1,0,0,0
4364123826,4364123819,0.053955514,-0.008096244,0.13616946,0.7197373,-0.009983534,0.004614258,-0.69415945,nan,nan,nan,nan,nan,nan,0.0,0.0,0.0,0.0,0.0,0.0,nan,nan,nan,1,0,0,0
4364132478,4364132473,0.053986292,-0.0080434345,0.13620527,0.7196583,-0.010263799,0.006188501,-0.69422495,nan,nan,nan,nan,nan,nan,0.0,0.0,0.0,0.0,0.0,0.0,nan,nan,nan,1,0,0,0
4364141495,4364141490,0.05398446,-0.008018012,0.13613549,0.7193668,-0.010075795,0.005914758,-0.69453216,nan,nan,nan,nan,nan,nan,0.0,0.0,0.0,0.0,0.0,0.0,nan,nan,nan,1,0,0,0
4364149554,4364149549,0.05396401,-0.008093655,0.13618767,0.7197751,-0.0099438615,0.004421641,-0.694122,nan,nan,nan,nan,nan,nan,0.0,0.0,0.0,0.0,0.0,0.0,nan,nan,nan,1,0,0,0
4364157483,4364157477,0.053973556,-0.008102142,0.13617449,0.7197431,-0.010098248,0.0044769933,-0.69415265,nan,nan,nan,nan,nan,nan,0.0,0.0,0.0,0.0,0.0,0.0,nan,nan,nan,1,0,0,0
4364165675,4364165669,0.05397901,-0.008080109,0.1361918,0.7195913,-0.010195648,0.006625124,-0.69429135,nan,nan,nan,nan,nan,nan,0.0,0.0,0.0,0.0,0.0,0.0,nan,nan,nan,1,0,0,0
4364174606,4364174601,0.05398677,-0.008076373,0.13612223,0.7193349,-0.009825362,0.006110563,-0.6945671,nan,nan,nan,nan,nan,nan,0.0,0.0,0.0,0.0,0.0,0.0,nan,nan,nan,1,0,0,0
4364184516,4364184511,0.05397056,-0.008075965,0.13618124,0.7197365,-0.010133445,0.0044683283,-0.694159,nan,nan,nan,nan,nan,nan,0.0,0.0,0.0,0.0,0.0,0.0,nan,nan,nan,1,0,0,0
4364191485,4364191480,0.053999543,-0.00802685,0.13620187,0.71962905,-0.010353062,0.0061935424,-0.6942539,nan,nan,nan,nan,nan,nan,0.0,0.0,0.0,0.0,0.0,0.0,nan,nan,nan,1,0,0,0
4364201001,4364200996,0.053977065,-0.008099691,0.13622972,0.7200759,-0.01003805,0.005035921,-0.6938044,nan,nan,nan,nan,nan,nan,0.0,0.0,0.0,0.0,0.0,0.0,nan,nan,nan,1,0,0,0
4364209934,4364209929,0.053962663,-0.008104807,0.13616242,0.719774,-0.009932105,0.004782424,-0.69412094,nan,nan,nan,nan,nan,nan,0.0,0.0,0.0,0.0,0.0,0.0,nan,nan,nan,1,0,0,0
4364215613,4364215608,0.05396513,-0.008059895,0.13616133,0.71974283,-0.010134727,0.0043227226,-0.69415337,nan,nan,nan,nan,nan,nan,0.0,0.0,0.0,0.0,0.0,0.0,nan,nan,nan,1,0,0,0
4364224483,4364224478,0.053977452,-0.008068467,0.13610902,0.71936476,-0.009935458,0.006412997,-0.6945319,nan,nan,nan,nan,nan,nan,0.0,0.0,0.0,0.0,0.0,0.0,nan,nan,nan,1,0,0,0
4364242208,4364242203,0.05395569,-0.008018818,0.13614142,0.71926177,-0.009882363,0.005547287,-0.6946468,nan,nan,nan,nan,nan,nan,0.0,0.0,0.0,0.0,0.0,0.0,nan,nan,nan,1,0,0,0
4364244705,4364244700,0.053951513,-0.008002555,0.13616598,0.7192883,-0.010008446,0.005719029,-0.694616,nan,nan,nan,nan,nan,nan,0.0,0.0,0.0,0.0,0.0,0.0,nan,nan,nan,1,0,0,0
4364261582,4364261577,0.053950224,-0.008114317,0.1361652,0.7197032,-0.009881357,0.0045754234,-0.6941964,nan,nan,nan,nan,nan,nan,0.0,0.0,0.0,0.0,0.0,0.0,nan,nan,nan,1,0,0,0
4364277162,4364277157,0.053959094,-0.008069407,0.1361797,0.7197773,-0.010055363,0.0043045026,-0.694119,nan,nan,nan,nan,nan,nan,0.0,0.0,0.0,0.0,0.0,0.0,nan,nan,nan,1,0,0,0
4364279790,4364279785,0.053963404,-0.008105138,0.13618794,0.7197447,-0.010003012,0.0046258615,-0.69415134,nan,nan,nan,nan,nan,nan,0.0,0.0,0.0,0.0,0.0,0.0,nan,nan,nan,1,0,0,0
4364292473,4364292468,0.053963825,-0.008115328,0.13625413,0.72003496,-0.0100131715,0.004828646,-0.6938487,nan,nan,nan,nan,nan,nan,0.0,0.0,0.0,0.0,0.0,0.0,nan,nan,nan,1,0,0,0
4364294507,4364294502,0.05396692,-0.008121748,0.13624449,0.72001785,-0.0100934245,0.0050083664,-0.69386405,nan,nan,nan,nan,nan,nan,0.0,0.0,0.0,0.0,0.0,0.0,nan,nan,nan,1,0,0,0
4364308983,4364308978,0.053991973,-0.008059603,0.13620055,0.7196335,-0.010083136,0.006406595,-0.69425136,nan,nan,nan,nan,nan,nan,0.0,0.0,0.0,0.0,0.0,0.0,nan,nan,nan,1,0,0,0
4364311481,4364311475,0.053997025,-0.008063686,0.13619137,0.7196353,-0.010253498,0.006624638,-0.6942449,nan,nan,nan,nan,nan,nan,0.0,0.0,0.0,0.0,0.0,0.0,nan,nan,nan,1,0,0,0
4364319911,4364319905,0.053990927,-0.008030997,0.13619526,0.7196512,-0.010359976,0.0063752737,-0.6942292,nan,nan,nan,nan,nan,nan,0.0,0.0,0.0,0.0,0.0,0.0,nan,nan,nan,1,0,0,0
4364323506,4364323501,0.053970113,-0.008043484,0.1361331,0.7193315,-0.009922314,0.006250444,-0.6945679,nan,nan,nan,nan,nan,nan,0.0,0.0,0.0,0.0,0.0,0.0,nan,nan,nan,1,0,0,0
4364336489,4364336484,0.05397764,-0.0079802135,0.1361548,0.7193075,-0.009912961,0.0053358483,-0.6946006,nan,nan,nan,nan,nan,nan,0.0,0.0,0.0,0.0,0.0,0.0,nan,nan,nan,1,0,0,0
4364340485,4364340480,0.053990368,-0.008036485,0.13612922,0.71937776,-0.010054923,0.0059346478,-0.6945209,nan,nan,nan,nan,nan,nan,0.0,0.0,0.0,0.0,0.0,0.0,nan,nan,nan,1,0,0,0
4364349547,4364349542,0.053970657,-0.0081079425,0.13623995,0.72002995,-0.01007079,0.004723672,-0.69385386,nan,nan,nan,nan,nan,nan,0.0,0.0,0.0,0.0,0.0,0.0,nan,nan,nan,1,0,0,0
4364357495,4364357490,0.05397224,-0.008074274,0.13617757,0.71975344,-0.009966908,0.004310872,-0.69414485,nan,nan,nan,nan,nan,nan,0.0,0.0,0.0,0.0,0.0,0.0,nan,nan,nan,1,0,0,0
4364365486,4364365480,0.053986188,-0.008059484,0.13612792,0.7193555,-0.009909314,0.006229308,-0.6945435,nan,nan,nan,nan,nan,nan,0.0,0.0,0.0,0.0,0.0,0.0,nan,nan,nan,1,0,0,0
4364373484,4364373479,0.0539799,-0.008074171,0.13617842,0.7197684,-0.009982247,0.0043765083,-0.69412863,nan,nan,nan,nan,nan,nan,0.0,0.0,0.0,0.0,0.0,0.0,nan,nan,nan,1,0,0,0
4364381474,4364381469,0.05398885,-0.008039667,0.1361929,0.71964324,-0.010208909,0.006177214,-0.69424146,nan,nan,nan,nan,nan,nan,0.0,0.0,0.0,0.0,0.0,0.0,nan,nan,nan,1,0,0,0
4364390484,4364390478,0.05397299,-0.008040857,0.13611977,0.7193579,-0.009988168,0.006209311,-0.69454,nan,nan,nan,nan,nan,nan,0.0,0.0,0.0,0.0,0.0,0.0,nan,nan,nan,1,0,0,0
4364401627,4364401622,0.053953025,-0.008094878,0.13616809,0.7196842,-0.0099619245,0.0047577014,-0.69421375,nan,nan,nan,nan,nan,nan,0.0,0.0,0.0,0.0,0.0,0.0,nan,nan,nan,1,0,0,0
4364407480,4364407475,0.053972453,-0.008078309,0.13612479,0.71933013,-0.009949342,0.00620022,-0.6945694,nan,nan,nan,nan,nan,nan,0.0,0.0,0.0,0.0,0.0,0.0,nan,nan,nan,1,0,0,0
4364416626,4364416621,0.053959817,-0.008116108,0.13617559,0.7197396,-0.009901962,0.004896514,-0.69415617,nan,nan,nan,nan,nan,nan,0.0,0.0,0.0,0.0,0.0,0.0,nan,nan,nan,1,0,0,0
4364424800,4364424793,0.053985734,-0.0080750175,0.13612573,0.71933573,-0.009891026,0.006251142,-0.6945641,nan,nan,nan,nan,nan,nan,0.0,0.0,0.0,0.0,0.0,0.0,nan,nan,nan,1,0,0,0
4364433621,4364433616,0.053994063,-0.008071235,0.1361865,0.71962404,-0.010192738,0.006424206,-0.6942594,nan,nan,nan,nan,nan,nan,0.0,0.0,0.0,0.0,0.0,0.0,nan,nan,nan,1,0,0,0
4364441884,4364441878,0.053995278,-0.008041171,0.13620344,0.719654,-0.010384934,0.006229454,-0.6942273,nan,nan,nan,nan,nan,nan,0.0,0.0,0.0,0.0,0.0,0.0,nan,nan,nan,1,0,0,0
4364460535,4364460530,0.05397847,-0.008036955,0.13613144,0.71932554,-0.010089426,0.006052311,-0.6945735,nan,nan,nan,nan,nan,nan,0.0,0.0,0.0,0.0,0.0,0.0,nan,nan,nan,1,0,0,0
4364469986,4364469981,0.053977977,-0.008065308,0.13612276,0.7193804,-0.009868501,0.0061296048,-0.6945192,nan,nan,nan,nan,nan,nan,0.0,0.0,0.0,0.0,0.0,0.0,nan,nan,nan,1,0,0,0
4364474483,4364474477,0.05396545,-0.008086633,0.136114,0.71933866,-0.009895206,0.0062680966,-0.69456077,nan,nan,nan,nan,nan,nan,0.0,0.0,0.0,0.0,0.0,0.0,nan,nan,nan,1,0,0,0
4364483301,4364483296,0.05396372,-0.008059073,0.1361153,0.7193199,-0.009900897,0.006087893,-0.6945818,nan,nan,nan,nan,nan,nan,0.0,0.0,0.0,0.0,0.0,0.0,nan,nan,nan,1,0,0,0
4364490488,4364490482,0.053984407,-0.008023042,0.13612911,0.7193761,-0.009955441,0.0060059386,-0.6945235,nan,nan,nan,nan,nan,nan,0.0,0.0,0.0,0.0,0.0,0.0,nan,nan,nan,1,0,0,0
4364499487,4364499482,0.05397281,-0.008099385,0.13616866,0.7197606,-0.00993359,0.0042925277,-0.69413805,nan,nan,nan,nan,nan,nan,0.0,0.0,0.0,0.0,0.0,0.0,nan,nan,nan,1,0,0,0
4364507600,4364507595,0.053992577,-0.008024205,0.13611852,0.71934754,-0.010140129,0.005953078,-0.6945508,nan,nan,nan,nan,nan,nan,0.0,0.0,0.0,0.0,0.0,0.0,nan,nan,nan,1,0,0,0
4364516569,4364516564,0.053969033,-0.008029435,0.13628556,0.7200372,-0.010032138,0.003957533,-0.69385165,nan,nan,nan,nan,nan,nan,0.0,0.0,0.0,0.0,0.0,0.0,nan,nan,nan,1,0,0,0
4364523492,4364523486,0.053991813,-0.008070411,0.1361273,0.7193559,-0.0101454845,0.0063646208,-0.6945385,nan,nan,nan,nan,nan,nan,0.0,0.0,0.0,0.0,0.0,0.0,nan,nan,nan,1,0,0,0
4364534479,4364534474,0.053973198,-0.008062725,0.13612404,0.7193321,-0.009973654,0.0062319357,-0.69456685,nan,nan,nan,nan,nan,nan,0.0,0.0,0.0,0.0,0.0,0.0,nan,nan,nan,1,0,0,0
4364541168,4364541163,0.05397901,-0.0080326935,0.13614084,0.7193703,-0.010046346,0.0059604435,-0.6945286,nan,nan,nan,nan,nan,nan,0.0,0.0,0.0,0.0,0.0,0.0,nan,nan,nan,1,0,0,0
4364548661,4364548656,0.053958166,-0.008044216,0.13625515,0.7199663,-0.010019896,0.004072621,-0.69392467,nan,nan,nan,nan,nan,nan,0.0,0.0,0.0,0.0,0.0,0.0,nan,nan,nan,1,0,0,0
4364557497,4364557485,0.05399533,-0.008058229,0.13612612,0.7193965,-0.010066455,0.0062769926,-0.69449836,nan,nan,nan,nan,nan,nan,0.0,0.0,0.0,0.0,0.0,0.0,nan,nan,nan,1,0,0,0
4364565539,4364565534,0.053986374,-0.0080584865,0.13619089,0.7196312,-0.010228511,0.0063824016,-0.6942518,nan,nan,nan,nan,nan,nan,0.0,0.0,0.0,0.0,0.0,0.0,nan,nan,nan,1,0,0,0
4364573484,4364573478,0.05399059,-0.008032598,0.13613145,0.7193849,-0.009964238,0.005954697,-0.6945147,nan,nan,nan,nan,nan,nan,0.0,0.0,0.0,0.0,0.0,0.0,nan,nan,nan,1,0,0,0
4364583539,4364583534,0.054002203,-0.00804758,0.13618913,0.7196108,-0.01028211,0.0064630145,-0.6942714,nan,nan,nan,nan,nan,nan,0.0,0.0,0.0,0.0,0.0,0.0,nan,nan,nan,1,0,0,0
4364590481,4364590476,0.05396477,-0.00809749,0.13617381,0.71970695,-0.009811058,0.004685953,-0.6941928,nan,nan,nan,nan,nan,nan,0.0,0.0,0.0,0.0,0.0,0.0,nan,nan,nan,1,0,0,0
4364604020,4364604015,0.053974416,-0.008059468,0.13612531,0.71934885,-0.009995749,0.0064561055,-0.69454706,nan,nan,nan,nan,nan,nan,0.0,0.0,0.0,0.0,0.0,0.0,nan,nan,nan,1,0,0,0
4364609380,4364609375,0.05396239,-0.008043428,0.13613209,0.7193401,-0.009989594,0.0063238908,-0.6945574,nan,nan,nan,nan,nan,nan,0.0,0.0,0.0,0.0,0.0,0.0,nan,nan,nan,1,0,0,0
4364615474,4364615469,0.05397538,-0.008040591,0.13612196,0.7193396,-0.009987093,0.006331048,-0.6945579,nan,nan,nan,nan,nan,nan,0.0,0.0,0.0,0.0,0.0,0.0,nan,nan,nan,1,0,0,0
4364624487,4364624482,0.053949505,-0.008109091,0.1361777,0.7197305,-0.00998631,0.004916058,-0.6941643,nan,nan,nan,nan,nan,nan,0.0,0.0,0.0,0.0,0.0,0.0,nan,nan,nan,1,0,0,0
4364633485,4364633479,0.053983327,-0.008034321,0.13612844,0.7193913,-0.009961508,0.0060196472,-0.6945076,nan,nan,nan,nan,nan,nan,0.0,0.0,0.0,0.0,0.0,0.0,nan,nan,nan,1,0,0,0
4364641477,4364641472,0.0539775,-0.00807194,0.13612145,0.7193627,-0.009967364,0.0062481784,-0.69453514,nan,nan,nan,nan,nan,nan,0.0,0.0,0.0,0.0,0.0,0.0,nan,nan,nan,1,0,0,0
4364660492,4364660487,0.053987596,-0.008045022,0.13619666,0.7196476,-0.010331531,0.0064138067,-0.694233,nan,nan,nan,nan,nan,nan,0.0,0.0,0.0,0.0,0.0,0.0,nan,nan,nan,1,0,0,0
4364666493,4364666487,0.053969692,-0.0080642635,0.13617718,0.71977293,-0.010028699,0.004446022,-0.6941229,nan,nan,nan,nan,nan,nan,0.0,0.0,0.0,0.0,0.0,0.0,nan,nan,nan,1,0,0,0
4364674484,4364674479,0.05396512,-0.008102417,0.1362264,0.72006226,-0.00998631,0.0046038623,-0.6938222,nan,nan,nan,nan,nan,nan,0.0,0.0,0.0,0.0,0.0,0.0,nan,nan,nan,1,0,0,0
4364683001,4364682996,0.053956408,-0.00810732,0.1361588,0.71974325,-0.009922358,0.0046140323,-0.6941541,nan,nan,nan,nan,nan,nan,0.0,0.0,0.0,0.0,0.0,0.0,nan,nan,nan,1,0,0,0
4364691488,4364691482,0.053958856,-0.008049571,0.13618334,0.7197835,-0.009989305,0.0043313513,-0.69411325,nan,nan,nan,nan,nan,nan,0.0,0.0,0.0,0.0,0.0,0.0,nan,nan,nan,1,0,0,0
4364700491,4364700485,0.05396869,-0.008073879,0.13618027,0.71975374,-0.010028074,0.00443906,-0.6941429,nan,nan,nan,nan,nan,nan,0.0,0.0,0.0,0.0,0.0,0.0,nan,nan,nan,1,0,0,0
4364709018,4364709011,0.053991888,-0.008047303,0.13612667,0.7193758,-0.009933323,0.0060059726,-0.69452405,nan,nan,nan,nan,nan,nan,0.0,0.0,0.0,0.0,0.0,0.0,nan,nan,nan,1,0,0,0
4364715865,4364715859,0.053967282,-0.008115261,0.13616985,0.7197223,-0.010224395,0.0047047134,-0.69417083,nan,nan,nan,nan,nan,nan,0.0,0.0,0.0,0.0,0.0,0.0,nan,nan,nan,1,0,0,0
4364724484,4364724478,0.05398277,-0.008077972,0.13612328,0.7193176,-0.010025021,0.006253542,-0.69458085,nan,nan,nan,nan,nan,nan,0.0,0.0,0.0,0.0,0.0,0.0,nan,nan,nan,1,0,0,0
4364732794,4364732789,0.053996976,-0.008063073,0.13619262,0.71963793,-0.010220433,0.00650116,-0.69424385,nan,nan,nan,nan,nan,nan,0.0,0.0,0.0,0.0,0.0,0.0,nan,nan,nan,1,0,0,0
4364740495,4364740490,0.053995468,-0.008057596,0.1361853,0.71960276,-0.010443664,0.0063564465,-0.69427836,nan,nan,nan,nan,nan,nan,0.0,0.0,0.0,0.0,0.0,0.0,nan,nan,nan,1,0,0,0
4364749479,4364749474,0.05397853,-0.008096422,0.13623221,0.7200114,-0.009970414,0.0047858255,-0.6938741,nan,nan,nan,nan,nan,nan,0.0,0.0,0.0,0.0,0.0,0.0,nan,nan,nan,1,0,0,0
4364759213,4364759206,0.05399305,-0.008051073,0.13613492,0.71937275,-0.00994213,0.005999286,-0.6945272,nan,nan,nan,nan,nan,nan,0.0,0.0,0.0,0.0,0.0,0.0,nan,nan,nan,1,0,0,0
4364766488,4364766483,0.053991295,-0.008037628,0.13613182,0.7193754,-0.009990924,0.0059191138,-0.6945244,nan,nan,nan,nan,nan,nan,0.0,0.0,0.0,0.0,0.0,0.0,nan,nan,nan,1,0,0,0
4364773657,4364773649,0.053961657,-0.008111931,0.13617364,0.71974117,-0.009910637,0.0046686726,-0.69415605,nan,nan,nan,nan,nan,nan,0.0,0.0,0.0,0.0,0.0,0.0,nan,nan,nan,1,0,0,0
4364784509,4364784504,0.05397886,-0.008048099,0.13611971,0.7193532,-0.009965704,0.006190121,-0.69454545,nan,nan,nan,nan,nan,nan,0.0,0.0,0.0,0.0,0.0,0.0,nan,nan,nan,1,0,0,0
4364790490,4364790484,0.053975876,-0.008016221,0.13620003,0.71972454,-0.00997074,0.0037144225,-0.6941783,nan,nan,nan,nan,nan,nan,0.0,0.0,0.0,0.0,0.0,0.0,nan,nan,nan,1,0,0,0
4364799201,4364799196,0.053990323,-0.008045702,0.13613115,0.71937567,-0.009980618,0.006127969,-0.69452256,nan,nan,nan,nan,nan,nan,0.0,0.0,0.0,0.0,0.0,0.0,nan,nan,nan,1,0,0,0
4364809029,4364809024,0.05394347,-0.0080046095,0.13619895,0.7197225,-0.010014038,0.003879686,-0.69417876,nan,nan,nan,nan,nan,nan,0.0,0.0,0.0,0.0,0.0,0.0,nan,nan,nan,1,0,0,0
4364816476,4364816470,0.053945463,-0.008008652,0.13621487,0.7196635,-0.010248669,0.00422407,-0.69423455,nan,nan,nan,nan,nan,nan,0.0,0.0,0.0,0.0,0.0,0.0,nan,nan,nan,1,0,0,0
4364824481,4364824476,0.053983133,-0.00801842,0.13613202,0.71938133,-0.009966352,0.0060293614,-0.6945177,nan,nan,nan,nan,nan,nan,0.0,0.0,0.0,0.0,0.0,0.0,nan,nan,nan,1,0,0,0
4364831488,4364831481,0.053987317,-0.008060541,0.13612683,0.719352,-0.009903049,0.00624236,-0.69454706,nan,nan,nan,nan,nan,nan,0.0,0.0,0.0,0.0,0.0,0.0,nan,nan,nan,1,0,0,0
4364840506,4364840475,0.053969752,-0.008081676,0.13615665,0.7196714,-0.009947189,0.0048607555,-0.69422656,nan,nan,nan,nan,nan,nan,0.0,0.0,0.0,0.0,0.0,0.0,nan,nan,nan,1,0,0,0
4364849208,4364849202,0.05398003,-0.008068288,0.1361344,0.7193232,-0.010025141,0.0063334797,-0.6945743,nan,nan,nan,nan,nan,nan,0.0,0.0,0.0,0.0,0.0,0.0,nan,nan,nan,1,0,0,0
4364858146,4364858141,0.054005187,-0.008017848,0.13618886,0.71966493,-0.01027336,0.0064125815,-0.6942159,nan,nan,nan,nan,nan,nan,0.0,0.0,0.0,0.0,0.0,0.0,nan,nan,nan,1,0,0,0
4364869042,4364869037,0.05400349,-0.008052213,0.13613969,0.71936625,-0.010104812,0.00601844,-0.6945313,nan,nan,nan,nan,nan,nan,0.0,0.0,0.0,0.0,0.0,0.0,nan,nan,nan,1,0,0,0
4364874497,4364874492,0.05399687,-0.008031107,0.13612622,0.71936333,-0.009991454,0.00599822,-0.6945362,nan,nan,nan,nan,nan,nan,0.0,0.0,0.0,0.0,0.0,0.0,nan,nan,nan,1,0,0,0
4364881484,4364881479,0.05397917,-0.008055799,0.13613665,0.7193601,-0.010178101,0.006036408,-0.6945367,nan,nan,nan,nan,nan,nan,0.0,0.0,0.0,0.0,0.0,0.0,nan,nan,nan,1,0,0,0
4364891480,4364891475,0.053970546,-0.0080162585,0.13617471,0.71927667,-0.0100770695,0.005827723,-0.69462615,nan,nan,nan,nan,nan,nan,0.0,0.0,0.0,0.0,0.0,0.0,nan,nan,nan,1,0,0,0
4364899010,4364899004,0.053928178,-0.008083631,0.13617621,0.7197349,-0.010060804,0.0046488857,-0.6941605,nan,nan,nan,nan,nan,nan,0.0,0.0,0.0,0.0,0.0,0.0,nan,nan,nan,1,0,0,0
4364908262,4364908255,0.05396282,-0.008032781,0.13614373,0.7193593,-0.010013283,0.006109674,-0.6945391,nan,nan,nan,nan,nan,nan,0.0,0.0,0.0,0.0,0.0,0.0,nan,nan,nan,1,0,0,0
4364919987,4364919982,0.053982213,-0.008072856,0.13617665,0.71963227,-0.010142585,0.0065070447,-0.6942507,nan,nan,nan,nan,nan,nan,0.0,0.0,0.0,0.0,0.0,0.0,nan,nan,nan,1,0,0,0
4364924476,4364924471,0.05394918,-0.008101048,0.13615744,0.71974045,-0.01006249,0.0046605947,-0.6941546,nan,nan,nan,nan,nan,nan,0.0,0.0,0.0,0.0,0.0,0.0,nan,nan,nan,1,0,0,0
4364931485,4364931478,0.053972304,-0.008054622,0.13618092,0.71964264,-0.010134341,0.0065263486,-0.6942401,nan,nan,nan,nan,nan,nan,0.0,0.0,0.0,0.0,0.0,0.0,nan,nan,nan,1,0,0,0
4364940483,4364940478,0.05398669,-0.008033384,0.13620378,0.7196442,-0.010308461,0.006224901,-0.6942386,nan,nan,nan,nan,nan,nan,0.0,0.0,0.0,0.0,0.0,0.0,nan,nan,nan,1,0,0,0
4364950527,4364950522,0.053977486,-0.008039515,0.13627301,0.7200281,-0.010109333,0.003957145,-0.69385993,nan,nan,nan,nan,nan,nan,0.0,0.0,0.0,0.0,0.0,0.0,nan,nan,nan,1,0,0,0
4364958536,4364958234,0.053965665,-0.008085513,0.13616101,0.71972096,-0.010044774,0.0045934496,-0.69417554,nan,nan,nan,nan,nan,nan,0.0,0.0,0.0,0.0,0.0,0.0,nan,nan,nan,1,0,0,0
4364965532,4364965527,0.053982556,-0.008035643,0.13613091,0.7193635,-0.010184338,0.005954934,-0.69453365,nan,nan,nan,nan,nan,nan,0.0,0.0,0.0,0.0,0.0,0.0,nan,nan,nan,1,0,0,0
4364973503,4364973498,0.053951725,-0.008082078,0.13617048,0.7197475,-0.00990079,0.0046683177,-0.69414955,nan,nan,nan,nan,nan,nan,0.0,0.0,0.0,0.0,0.0,0.0,nan,nan,nan,1,0,0,0
4364983485,4364983479,0.053981412,-0.00803188,0.13613476,0.71936005,-0.010040026,0.0060618906,-0.6945384,nan,nan,nan,nan,nan,nan,0.0,0.0,0.0,0.0,0.0,0.0,nan,nan,nan,1,0,0,0
4364990487,4364990481,0.05396048,-0.008068525,0.13617386,0.7197317,-0.010139162,0.004770726,-0.69416195,nan,nan,nan,nan,nan,nan,0.0,0.0,0.0,0.0,0.0,0.0,nan,nan,nan,1,0,0,0
4364999623,4364999617,0.05398462,-0.008038671,0.13619953,0.7196578,-0.010281907,0.006251943,-0.69422466,nan,nan,nan,nan,nan,nan,0.0,0.0,0.0,0.0,0.0,0.0,nan,nan,nan,1,0,0,0
4365008727,4365008722,0.053969212,-0.008029363,0.13612999,0.7193396,-0.010172776,0.0061010113,-0.69455737,nan,nan,nan,nan,nan,nan,0.0,0.0,0.0,0.0,0.0,0.0,nan,nan,nan,1,0,0,0
4365018791,4365018786,0.05396696,-0.008047585,0.13612694,0.7193523,-0.009944921,0.006414656,-0.69454455,nan,nan,nan,nan,nan,nan,0.0,0.0,0.0,0.0,0.0,0.0,nan,nan,nan,1,0,0,0
4365023493,4365023487,0.053974748,-0.008021358,0.1361444,0.7193712,-0.010014589,0.006200674,-0.694526,nan,nan,nan,nan,nan,nan,0.0,0.0,0.0,0.0,0.0,0.0,nan,nan,nan,1,0,0,0
4365032486,4365032481,0.053962186,-0.00808274,0.13618559,0.7197321,-0.009866664,0.00467338,-0.694166,nan,nan,nan,nan,nan,nan,0.0,0.0,0.0,0.0,0.0,0.0,nan,nan,nan,1,0,0,0
4365040507,4365040502,0.05399535,-0.008052169,0.1361883,0.719619,-0.010348887,0.0064737946,-0.6942618,nan,nan,nan,nan,nan,nan,0.0,0.0,0.0,0.0,0.0,0.0,nan,nan,nan,1,0,0,0
4365049598,4365049593,0.053966533,-0.008098964,0.13624881,0.720079,-0.010053425,0.004693371,-0.6938034,nan,nan,nan,nan,nan,nan,0.0,0.0,0.0,0.0,0.0,0.0,nan,nan,nan,1,0,0,0
4365060534,4365060528,0.053997945,-0.008036736,0.13614586,0.71936977,-0.010026968,0.0061757737,-0.6945275,nan,nan,nan,nan,nan,nan,0.0,0.0,0.0,0.0,0.0,0.0,nan,nan,nan,1,0,0,0
4365065530,4365065525,0.054000255,-0.008054638,0.13619825,0.7196287,-0.010117394,0.006416484,-0.6942556,nan,nan,nan,nan,nan,nan,0.0,0.0,0.0,0.0,0.0,0.0,nan,nan,nan,1,0,0,0
4365074584,4365074579,0.053995524,-0.008042194,0.13617633,0.7196205,-0.010191556,0.0063821943,-0.6942635,nan,nan,nan,nan,nan,nan,0.0,0.0,0.0,0.0,0.0,0.0,nan,nan,nan,1,0,0,0
4365082491,4365082486,0.05398122,-0.008050988,0.13617422,0.71962017,-0.01013484,0.006378476,-0.69426465,nan,nan,nan,nan,nan,nan,0.0,0.0,0.0,0.0,0.0,0.0,nan,nan,nan,1,0,0,0
4365090486,4365090481,0.05396197,-0.008098654,0.13616972,0.71970516,-0.01002406,0.0046526287,-0.69419193,nan,nan,nan,nan,nan,nan,0.0,0.0,0.0,0.0,0.0,0.0,nan,nan,nan,1,0,0,0
4365110481,4365110476,0.053955734,-0.008065528,0.13619103,0.71978104,-0.01006544,0.0043476485,-0.69411457,nan,nan,nan,nan,nan,nan,0.0,0.0,0.0,0.0,0.0,0.0,nan,nan,nan,1,0,0,0
4365116740,4365116734,0.053976454,-0.008028475,0.13613543,0.71938753,-0.010009875,0.0059749433,-0.6945111,nan,nan,nan,nan,nan,nan,0.0,0.0,0.0,0.0,0.0,0.0,nan,nan,nan,1,0,0,0
4365123526,4365123486,0.0539819,-0.008092649,0.13613096,0.719343,-0.010039734,0.0063046874,-0.6945538,nan,nan,nan,nan,nan,nan,0.0,0.0,0.0,0.0,0.0,0.0,nan,nan,nan,1,0,0,0
4365132510,4365132505,0.053950004,-0.008111833,0.13623522,0.7200691,-0.009985155,0.0047934037,-0.6938139,nan,nan,nan,nan,nan,nan,0.0,0.0,0.0,0.0,0.0,0.0,nan,nan,nan,1,0,0,0
4365140477,4365140472,0.053974472,-0.008059206,0.13613482,0.71932113,-0.009970132,0.006294903,-0.69457763,nan,nan,nan,nan,nan,nan,0.0,0.0,0.0,0.0,0.0,0.0,nan,nan,nan,1,0,0,0
4365150484,4365150479,0.05396998,-0.008019668,0.13613611,0.71936464,-0.01008185,0.005930985,-0.6945341,nan,nan,nan,nan,nan,nan,0.0,0.0,0.0,0.0,0.0,0.0,nan,nan,nan,1,0,0,0
4365158843,4365158838,0.05395606,-0.008088051,0.13615473,0.7196572,-0.01009491,0.004821302,-0.6942395,nan,nan,nan,nan,nan,nan,0.0,0.0,0.0,0.0,0.0,0.0,nan,nan,nan,1,0,0,0
4365176486,4365176481,0.05395641,-0.007994399,0.13613857,0.7192879,-0.009901101,0.0054844413,-0.6946199,nan,nan,nan,nan,nan,nan,0.0,0.0,0.0,0.0,0.0,0.0,nan,nan,nan,1,0,0,0
4365182476,4365182470,0.053972416,-0.008028589,0.13614057,0.7193781,-0.0099956095,0.0060700574,-0.6945202,nan,nan,nan,nan,nan,nan,0.0,0.0,0.0,0.0,0.0,0.0,nan,nan,nan,1,0,0,0
4365191501,4365191496,0.053984746,-0.008027684,0.13611802,0.7193634,-0.009851244,0.005862722,-0.69453925,nan,nan,nan,nan,nan,nan,0.0,0.0,0.0,0.0,0.0,0.0,nan,nan,nan,1,0,0,0
4365199486,4365199481,0.053975195,-0.008067082,0.13612671,0.7193319,-0.009844273,0.0062246537,-0.6945689,nan,nan,nan,nan,nan,nan,0.0,0.0,0.0,0.0,0.0,0.0,nan,nan,nan,1,0,0,0
4365208493,4365208488,0.05396361,-0.008052339,0.13617422,0.7196489,-0.010208237,0.004807827,-0.69424653,nan,nan,nan,nan,nan,nan,0.0,0.0,0.0,0.0,0.0,0.0,nan,nan,nan,1,0,0,0
4365215641,4365215636,0.05396368,-0.008068679,0.136267,0.72004825,-0.010178747,0.0045532347,-0.6938344,nan,nan,nan,nan,nan,nan,0.0,0.0,0.0,0.0,0.0,0.0,nan,nan,nan,1,0,0,0
4365224022,4365224016,0.05399616,-0.008041374,0.13612744,0.719362,-0.009845802,0.0061019263,-0.69453883,nan,nan,nan,nan,nan,nan,0.0,0.0,0.0,0.0,0.0,0.0,nan,nan,nan,1,0,0,0
4365233399,4365233394,0.05398204,-0.008029682,0.13613924,0.71934044,-0.010243515,0.0063349516,-0.6945533,nan,nan,nan,nan,nan,nan,0.0,0.0,0.0,0.0,0.0,0.0,nan,nan,nan,1,0,0,0
4365243382,4365243377,0.053979885,-0.008019291,0.13613056,0.7193482,-0.01019888,0.0059784637,-0.69454914,nan,nan,nan,nan,nan,nan,0.0,0.0,0.0,0.0,0.0,0.0,nan,nan,nan,1,0,0,0
4365249478,4365249473,0.053958885,-0.008103929,0.13617457,0.7197235,-0.009921063,0.0047486527,-0.6941737,nan,nan,nan,nan,nan,nan,0.0,0.0,0.0,0.0,0.0,0.0,nan,nan,nan,1,0,0,0
4365258476,4365258470,0.053981196,-0.0080710035,0.1361358,0.719342,-0.010102874,0.006402983,-0.69455314,nan,nan,nan,nan,nan,nan,0.0,0.0,0.0,0.0,0.0,0.0,nan,nan,nan,1,0,0,0
4365265520,4365265515,0.053975724,-0.008010841,0.1361402,0.719375,-0.010073091,0.005991906,-0.6945229,nan,nan,nan,nan,nan,nan,0.0,0.0,0.0,0.0,0.0,0.0,nan,nan,nan,1,0,0,0
4365274483,4365274477,0.054004855,-0.008049094,0.13620533,0.7196795,-0.01028929,0.006458662,-0.69420016,nan,nan,nan,nan,nan,nan,0.0,0.0,0.0,0.0,0.0,0.0,nan,nan,nan,1,0,0,0
4365283476,4365283471,0.05401152,-0.008032644,0.13618462,0.71966225,-0.01028285,0.006132369,-0.6942211,nan,nan,nan,nan,nan,nan,0.0,0.0,0.0,0.0,0.0,0.0,nan,nan,nan,1,0,0,0
4365290700,4365290695,0.05399571,-0.0080770105,0.13612866,0.719328,-0.010045757,0.00626661,-0.6945697,nan,nan,nan,nan,nan,nan,0.0,0.0,0.0,0.0,0.0,0.0,nan,nan,nan,1,0,0,0
4365298582,4365298576,0.053965632,-0.008037963,0.13618544,0.71975493,-0.010117676,0.0044063926,-0.69414055,nan,nan,nan,nan,nan,nan,0.0,0.0,0.0,0.0,0.0,0.0,nan,nan,nan,1,0,0,0
4365307726,4365307721,0.053998735,-0.007991805,0.13623893,0.7195831,-0.010090796,0.005460097,-0.69431156,nan,nan,nan,nan,nan,nan,0.0,0.0,0.0,0.0,0.0,0.0,nan,nan,nan,1,0,0,0
4365316478,4365316473,0.053983644,-0.008063401,0.13611333,0.7193124,-0.01002419,0.0061805015,-0.69458693,nan,nan,nan,nan,nan,nan,0.0,0.0,0.0,0.0,0.0,0.0,nan,nan,nan,1,0,0,0
4365324487,4365324482,0.053943686,-0.008105773,0.13617003,0.71971995,-0.010113806,0.0048822626,-0.6941737,nan,nan,nan,nan,nan,nan,0.0,0.0,0.0,0.0,0.0,0.0,nan,nan,nan,1,0,0,0
4365335901,4365335895,0.053946033,-0.008069457,0.1361791,0.71973616,-0.010155677,0.0045312005,-0.6941586,nan,nan,nan,nan,nan,nan,0.0,0.0,0.0,0.0,0.0,0.0,nan,nan,nan,1,0,0,0
4365341484,4365341478,0.05399495,-0.00803823,0.13612324,0.7194027,-0.009979294,0.006209315,-0.6944938,nan,nan,nan,nan,nan,nan,0.0,0.0,0.0,0.0,0.0,0.0,nan,nan,nan,1,0,0,0
4365349475,4365349470,0.053965487,-0.0080769155,0.1361868,0.7197554,-0.01009342,0.00440936,-0.6941403,nan,nan,nan,nan,nan,nan,0.0,0.0,0.0,0.0,0.0,0.0,nan,nan,nan,1,0,0,0
4365358059,4365358052,0.053981412,-0.008047481,0.13612883,0.7193621,-0.009914604,0.0062127193,-0.6945368,nan,nan,nan,nan,nan,nan,0.0,0.0,0.0,0.0,0.0,0.0,nan,nan,nan,1,0,0,0
4365370483,4365370478,0.053959243,-0.00810528,0.13619113,0.7197648,-0.010103778,0.004462556,-0.69413006,nan,nan,nan,nan,nan,nan,0.0,0.0,0.0,0.0,0.0,0.0,nan,nan,nan,1,0,0,0
4365374479,4365374474,0.053949866,-0.008114501,0.13615784,0.719725,-0.009911686,0.0046666786,-0.6941728,nan,nan,nan,nan,nan,nan,0.0,0.0,0.0,0.0,0.0,0.0,nan,nan,nan,1,0,0,0
4365382578,4365382573,0.053956445,-0.008047476,0.13613473,0.71934396,-0.009933081,0.006202732,-0.6945553,nan,nan,nan,nan,nan,nan,0.0,0.0,0.0,0.0,0.0,0.0,nan,nan,nan,1,0,0,0
4365390490,4365390485,0.053964943,-0.008007709,0.13614988,0.719394,-0.009921118,0.0058643767,-0.6945067,nan,nan,nan,nan,nan,nan,0.0,0.0,0.0,0.0,0.0,0.0,nan,nan,nan,1,0,0,0
4365399488,4365399482,0.053977136,-0.008049961,0.1361292,0.7193598,-0.00995056,0.006214346,-0.6945386,nan,nan,nan,nan,nan,nan,0.0,0.0,0.0,0.0,0.0,0.0,nan,nan,nan,1,0,0,0
4365408416,4365408411,0.05398581,-0.0080573615,0.13613087,0.71936274,-0.0099808,0.006212151,-0.6945351,nan,nan,nan,nan,nan,nan,0.0,0.0,0.0,0.0,0.0,0.0,nan,nan,nan,1,0,0,0
4365425591,4365425586,0.053978324,-0.008056553,0.13612105,0.7193322,-0.010023054,0.006297518,-0.6945653,nan,nan,nan,nan,nan,nan,0.0,0.0,0.0,0.0,0.0,0.0,nan,nan,nan,1,0,0,0
4365427806,4365427801,0.05398601,-0.00803869,0.13620548,0.7196038,-0.0104777925,0.00632652,-0.694277,nan,nan,nan,nan,nan,nan,0.0,0.0,0.0,0.0,0.0,0.0,nan,nan,nan,1,0,0,0
4365432517,4365432512,0.053983286,-0.008069444,0.13625236,0.7200031,-0.010132802,0.004705425,-0.6938809,nan,nan,nan,nan,nan,nan,0.0,0.0,0.0,0.0,0.0,0.0,nan,nan,nan,1,0,0,0
4365474479,4365474474,0.053980045,-0.008063367,0.13612622,0.7193648,-0.0099765025,0.0064792237,-0.6945306,nan,nan,nan,nan,nan,nan,0.0,0.0,0.0,0.0,0.0,0.0,nan,nan,nan,1,0,0,0
4365479477,4365479472,0.05396213,-0.008039969,0.13618314,0.719764,-0.010079069,0.0043363967,-0.69413215,nan,nan,nan,nan,nan,nan,0.0,0.0,0.0,0.0,0.0,0.0,nan,nan,nan,1,0,0,0
4365483476,4365483471,0.053980377,-0.008008381,0.13614362,0.7193664,-0.010109916,0.0059960186,-0.69453126,nan,nan,nan,nan,nan,nan,0.0,0.0,0.0,0.0,0.0,0.0,nan,nan,nan,1,0,0,0
4365492478,4365492473,0.05397324,-0.008127983,0.13623929,0.7199734,-0.010109764,0.0052960836,-0.6939078,nan,nan,nan,nan,nan,nan,0.0,0.0,0.0,0.0,0.0,0.0,nan,nan,nan,1,0,0,0
4365499477,4365499472,0.053967874,-0.008113061,0.13623922,0.7200335,-0.010208993,0.0047925683,-0.6938476,nan,nan,nan,nan,nan,nan,0.0,0.0,0.0,0.0,0.0,0.0,nan,nan,nan,1,0,0,0
4365507939,4365507934,0.053994846,-0.0080388,0.13615419,0.7193771,-0.010074857,0.006076766,-0.6945201,nan,nan,nan,nan,nan,nan,0.0,0.0,0.0,0.0,0.0,0.0,nan,nan,nan,1,0,0,0
4365515490,4365515485,0.053984497,-0.008013445,0.13620786,0.71961766,-0.010294127,0.0062396936,-0.6942662,nan,nan,nan,nan,nan,nan,0.0,0.0,0.0,0.0,0.0,0.0,nan,nan,nan,1,0,0,0
4365523529,4365523524,0.05399079,-0.008075976,0.13618845,0.71962243,-0.010193033,0.006732172,-0.6942581,nan,nan,nan,nan,nan,nan,0.0,0.0,0.0,0.0,0.0,0.0,nan,nan,nan,1,0,0,0
4365533504,4365533499,0.053981442,-0.008069,0.13618426,0.7196026,-0.010348186,0.006470043,-0.6942789,nan,nan,nan,nan,nan,nan,0.0,0.0,0.0,0.0,0.0,0.0,nan,nan,nan,1,0,0,0
4365540490,4365540484,0.05397913,-0.008022229,0.13613902,0.7193713,-0.0099849235,0.006000995,-0.69452804,nan,nan,nan,nan,nan,nan,0.0,0.0,0.0,0.0,0.0,0.0,nan,nan,nan,1,0,0,0
4365549487,4365549481,0.053954948,-0.008063715,0.13618736,0.7197592,-0.010111877,0.0046625156,-0.6941344,nan,nan,nan,nan,nan,nan,0.0,0.0,0.0,0.0,0.0,0.0,nan,nan,nan,1,0,0,0
4365559242,4365559237,0.053960875,-0.008066894,0.13617785,0.7197235,-0.010258787,0.0045402143,-0.69417006,nan,nan,nan,nan,nan,nan,0.0,0.0,0.0,0.0,0.0,0.0,nan,nan,nan,1,0,0,0
4365573477,4365573472,0.05397084,-0.008071809,0.13611452,0.7193504,-0.00995195,0.006395966,-0.6945467,nan,nan,nan,nan,nan,nan,0.0,0.0,0.0,0.0,0.0,0.0,nan,nan,nan,1,0,0,0
4365579355,4365579350,0.053962402,-0.008060644,0.13612506,0.71934146,-0.009965774,0.0062724864,-0.69455683,nan,nan,nan,nan,nan,nan,0.0,0.0,0.0,0.0,0.0,0.0,nan,nan,nan,1,0,0,0
4365594474,4365594469,0.053957257,-0.008078863,0.13617155,0.71976835,-0.009941329,0.0045890785,-0.694128,nan,nan,nan,nan,nan,nan,0.0,0.0,0.0,0.0,0.0,0.0,nan,nan,nan,1,0,0,0
4365609138,4365609133,0.053981088,-0.008057189,0.13611928,0.71934825,-0.009801088,0.0061977077,-0.6945528,nan,nan,nan,nan,nan,nan,0.0,0.0,0.0,0.0,0.0,0.0,nan,nan,nan,1,0,0,0
4365610490,4365610485,0.053959016,-0.0080893235,0.13617906,0.7197244,-0.010199036,0.004860513,-0.6941679,nan,nan,nan,nan,nan,nan,0.0,0.0,0.0,0.0,0.0,0.0,nan,nan,nan,1,0,0,0
4365618180,4365618175,0.05398755,-0.008064409,0.13611995,0.7193478,-0.010209937,0.0062157116,-0.69454724,nan,nan,nan,nan,nan,nan,0.0,0.0,0.0,0.0,0.0,0.0,nan,nan,nan,1,0,0,0
4365623513,4365623508,0.0539882,-0.008044675,0.136206,0.7196434,-0.010331214,0.006179775,-0.6942395,nan,nan,nan,nan,nan,nan,0.0,0.0,0.0,0.0,0.0,0.0,nan,nan,nan,1,0,0,0
4365634476,4365634471,0.05399669,-0.00802817,0.13620804,0.71965104,-0.010291585,0.006229888,-0.69423175,nan,nan,nan,nan,nan,nan,0.0,0.0,0.0,0.0,0.0,0.0,nan,nan,nan,1,0,0,0
4365641818,4365641811,0.05400442,-0.0080530355,0.1362093,0.71966267,-0.010194762,0.0063512563,-0.6942199,nan,nan,nan,nan,nan,nan,0.0,0.0,0.0,0.0,0.0,0.0,nan,nan,nan,1,0,0,0
4365650485,4365650480,0.05397065,-0.0080980435,0.13616514,0.7197532,-0.009990696,0.004616547,-0.69414276,nan,nan,nan,nan,nan,nan,0.0,0.0,0.0,0.0,0.0,0.0,nan,nan,nan,1,0,0,0
4365657331,4365657326,0.05399098,-0.008037138,0.13613912,0.71932554,-0.010196357,0.006095333,-0.69457155,nan,nan,nan,nan,nan,nan,0.0,0.0,0.0,0.0,0.0,0.0,nan,nan,nan,1,0,0,0
4365665477,4365665472,0.053959128,-0.008045291,0.13618892,0.7197764,-0.01016882,0.0043629105,-0.69411784,nan,nan,nan,nan,nan,nan,0.0,0.0,0.0,0.0,0.0,0.0,nan,nan,nan,1,0,0,0
4365678031,4365678026,0.05397956,-0.00805094,0.13613746,0.71934116,-0.009898388,0.006192566,-0.6945589,nan,nan,nan,nan,nan,nan,0.0,0.0,0.0,0.0,0.0,0.0,nan,nan,nan,1,0,0,0
4365683003,4365682997,0.05395731,-0.008075662,0.13616788,0.7196837,-0.009920798,0.004875151,-0.69421405,nan,nan,nan,nan,nan,nan,0.0,0.0,0.0,0.0,0.0,0.0,nan,nan,nan,1,0,0,0
4365692741,4365692736,0.05395266,-0.0081109805,0.13616887,0.7197195,-0.010192243,0.004889256,-0.6941729,nan,nan,nan,nan,nan,nan,0.0,0.0,0.0,0.0,0.0,0.0,nan,nan,nan,1,0,0,0
4365710491,4365710486,0.053998202,-0.008031898,0.13614415,0.7193461,-0.00992388,0.0060483534,-0.6945546,nan,nan,nan,nan,nan,nan,0.0,0.0,0.0,0.0,0.0,0.0,nan,nan,nan,1,0,0,0
4365769142,4365769137,0.053984616,-0.008030038,0.13613142,0.71934235,-0.010163257,0.0060929446,-0.6945547,nan,nan,nan,nan,nan,nan,0.0,0.0,0.0,0.0,0.0,0.0,nan,nan,nan,1,0,0,0
4365783139,4365783134,0.05397143,-0.008069449,0.136184,0.71962553,-0.010091738,0.0064837486,-0.69425875,nan,nan,nan,nan,nan,nan,0.0,0.0,0.0,0.0,0.0,0.0,nan,nan,nan,1,0,0,0
4365786955,4365786950,0.053950332,-0.00808954,0.1361668,0.7197445,-0.009907009,0.0046391343,-0.69415283,nan,nan,nan,nan,nan,nan,0.0,0.0,0.0,0.0,0.0,0.0,nan,nan,nan,1,0,0,0
4365790478,4365790472,0.05395194,-0.00806942,0.13618082,0.71974796,-0.010224468,0.0044697453,-0.69414586,nan,nan,nan,nan,nan,nan,0.0,0.0,0.0,0.0,0.0,0.0,nan,nan,nan,1,0,0,0
4365799644,4365799639,0.053978525,-0.008026749,0.13613027,0.7193577,-0.01011299,0.0060444567,-0.6945399,nan,nan,nan,nan,nan,nan,0.0,0.0,0.0,0.0,0.0,0.0,nan,nan,nan,1,0,0,0
4365807588,4365807583,0.0539633,-0.008115484,0.13616903,0.7197168,-0.009953828,0.004725335,-0.6941803,nan,nan,nan,nan,nan,nan,0.0,0.0,0.0,0.0,0.0,0.0,nan,nan,nan,1,0,0,0
4365815526,4365815486,0.05399083,-0.008058484,0.13618335,0.7196523,-0.010339594,0.006483292,-0.6942273,nan,nan,nan,nan,nan,nan,0.0,0.0,0.0,0.0,0.0,0.0,nan,nan,nan,1,0,0,0
4365824512,4365824507,0.053991187,-0.008062836,0.13618782,0.7196209,-0.010197322,0.006617048,-0.6942607,nan,nan,nan,nan,nan,nan,0.0,0.0,0.0,0.0,0.0,0.0,nan,nan,nan,1,0,0,0
4365835428,4365835422,0.05398515,-0.008026706,0.13620614,0.7196475,-0.010373638,0.006221436,-0.6942342,nan,nan,nan,nan,nan,nan,0.0,0.0,0.0,0.0,0.0,0.0,nan,nan,nan,1,0,0,0
4365840489,4365840484,0.053995587,-0.008038215,0.13614526,0.71937686,-0.009999845,0.0060122195,-0.69452196,nan,nan,nan,nan,nan,nan,0.0,0.0,0.0,0.0,0.0,0.0,nan,nan,nan,1,0,0,0
4365850483,4365850478,0.05399274,-0.008049022,0.13621718,0.7196476,-0.010416663,0.0064076246,-0.6942318,nan,nan,nan,nan,nan,nan,0.0,0.0,0.0,0.0,0.0,0.0,nan,nan,nan,1,0,0,0
4365857486,4365857481,0.05398265,-0.008058587,0.13611628,0.7193462,-0.01006229,0.0064150193,-0.69454926,nan,nan,nan,nan,nan,nan,0.0,0.0,0.0,0.0,0.0,0.0,nan,nan,nan,1,0,0,0
4365866649,4365866642,0.053981595,-0.008077446,0.13612846,0.7193517,-0.010176699,0.0064690444,-0.69454134,nan,nan,nan,nan,nan,nan,0.0,0.0,0.0,0.0,0.0,0.0,nan,nan,nan,1,0,0,0
4365874495,4365874489,0.053990792,-0.008022438,0.1361452,0.71939003,-0.010013781,0.005985916,-0.6945084,nan,nan,nan,nan,nan,nan,0.0,0.0,0.0,0.0,0.0,0.0,nan,nan,nan,1,0,0,0
4365882484,4365882479,0.05397528,-0.0080563035,0.13617963,0.719723,-0.010108265,0.0044893837,-0.6941733,nan,nan,nan,nan,nan,nan,0.0,0.0,0.0,0.0,0.0,0.0,nan,nan,nan,1,0,0,0
4365892608,4365892603,0.053996086,-0.00806416,0.13611445,0.7193777,-0.0100017795,0.0062529873,-0.694519,nan,nan,nan,nan,nan,nan,0.0,0.0,0.0,0.0,0.0,0.0,nan,nan,nan,1,0,0,0
4365899501,4365899496,0.053967938,-0.008053291,0.13617589,0.7197616,-0.01020372,0.0043943357,-0.6941324,nan,nan,nan,nan,nan,nan,0.0,0.0,0.0,0.0,0.0,0.0,nan,nan,nan,1,0,0,0
4365907490,4365907485,0.054002035,-0.008035851,0.13613574,0.7193651,-0.010264958,0.0060421014,-0.69453,nan,nan,nan,nan,nan,nan,0.0,0.0,0.0,0.0,0.0,0.0,nan,nan,nan,1,0,0,0
4365917186,4365916997,0.05397329,-0.008056372,0.13624725,0.7200854,-0.010308334,0.0044999295,-0.6937943,nan,nan,nan,nan,nan,nan,0.0,0.0,0.0,0.0,0.0,0.0,nan,nan,nan,1,0,0,0
4365925028,4365925023,0.053961985,-0.008070908,0.13616845,0.71970683,-0.010063535,0.0045665824,-0.69419014,nan,nan,nan,nan,nan,nan,0.0,0.0,0.0,0.0,0.0,0.0,nan,nan,nan,1,0,0,0
4365934207,4365934202,0.053969048,-0.0080448855,0.13612552,0.71934736,-0.010005312,0.006256897,-0.6945503,nan,nan,nan,nan,nan,nan,0.0,0.0,0.0,0.0,0.0,0.0,nan,nan,nan,1,0,0,0
4365940490,4365940485,0.053945623,-0.008064842,0.13618779,0.7197797,-0.0100405505,0.004417142,-0.69411594,nan,nan,nan,nan,nan,nan,0.0,0.0,0.0,0.0,0.0,0.0,nan,nan,nan,1,0,0,0
4365949677,4365949672,0.053942002,-0.008027933,0.13620044,0.71965927,-0.010125631,0.004174,-0.69424105,nan,nan,nan,nan,nan,nan,0.0,0.0,0.0,0.0,0.0,0.0,nan,nan,nan,1,0,0,0
4365957486,4365957481,0.05397194,-0.008025265,0.13614081,0.7193881,-0.010037054,0.0060242712,-0.69450974,nan,nan,nan,nan,nan,nan,0.0,0.0,0.0,0.0,0.0,0.0,nan,nan,nan,1,0,0,0
4365966583,4365966578,0.05397509,-0.008045188,0.1361318,0.7193755,-0.009953391,0.0060648047,-0.6945236,nan,nan,nan,nan,nan,nan,0.0,0.0,0.0,0.0,0.0,0.0,nan,nan,nan,1,0,0,0
4365974613,4365974608,0.053973593,-0.008061435,0.13611685,0.7193353,-0.010025948,0.0062403064,-0.6945626,nan,nan,nan,nan,nan,nan,0.0,0.0,0.0,0.0,0.0,0.0,nan,nan,nan,1,0,0,0
4365982493,4365982488,0.053988848,-0.008073569,0.13619018,0.7196494,-0.010189125,0.006367827,-0.69423366,nan,nan,nan,nan,nan,nan,0.0,0.0,0.0,0.0,0.0,0.0,nan,nan,nan,1,0,0,0
4365990481,4365990476,0.05400557,-0.008038323,0.13619079,0.7196877,-0.010316961,0.00635555,-0.6941922,nan,nan,nan,nan,nan,nan,0.0,0.0,0.0,0.0,0.0,0.0,nan,nan,nan,1,0,0,0
4365999620,4365999615,0.05400124,-0.007990861,0.13624488,0.7195762,-0.010235973,0.0056028985,-0.6943155,nan,nan,nan,nan,nan,nan,0.0,0.0,0.0,0.0,0.0,0.0,nan,nan,nan,1,0,0,0
4366007488,4366007483,0.05396398,-0.008100423,0.13623479,0.72007954,-0.010019779,0.004756256,-0.6938029,nan,nan,nan,nan,nan,nan,0.0,0.0,0.0,0.0,0.0,0.0,nan,nan,nan,1,0,0,0
4366016491,4366016486,0.053960163,-0.008086366,0.13616648,0.7197217,-0.010046589,0.0045944205,-0.6941748,nan,nan,nan,nan,nan,nan,0.0,0.0,0.0,0.0,0.0,0.0,nan,nan,nan,1,0,0,0
4366057968,4366057964,0.05398534,-0.008074667,0.13618924,0.71964294,-0.0103429165,0.0066617057,-0.69423527,nan,nan,nan,nan,nan,nan,0.0,0.0,0.0,0.0,0.0,0.0,nan,nan,nan,1,0,0,0
4366065485,4366065480,0.0540065,-0.008048139,0.13618837,0.71966326,-0.010419688,0.00628985,-0.69421667,nan,nan,nan,nan,nan,nan,0.0,0.0,0.0,0.0,0.0,0.0,nan,nan,nan,1,0,0,0
4366073492,4366073486,0.054000184,-0.00803647,0.13619913,0.719677,-0.010314654,0.0062733437,-0.69420403,nan,nan,nan,nan,nan,nan,0.0,0.0,0.0,0.0,0.0,0.0,nan,nan,nan,1,0,0,0
4366093565,4366093560,0.053980425,-0.008080366,0.13612068,0.71935683,-0.009947154,0.006252341,-0.6945414,nan,nan,nan,nan,nan,nan,0.0,0.0,0.0,0.0,0.0,0.0,nan,nan,nan,1,0,0,0
4366102118,4366102113,0.05396029,-0.00809503,0.13616249,0.7196914,-0.009946245,0.0047354875,-0.69420666,nan,nan,nan,nan,nan,nan,0.0,0.0,0.0,0.0,0.0,0.0,nan,nan,nan,1,0,0,0
4366108945,4366108940,0.053968508,-0.008054732,0.13612844,0.7193327,-0.010014258,0.00624085,-0.69456553,nan,nan,nan,nan,nan,nan,0.0,0.0,0.0,0.0,0.0,0.0,nan,nan,nan,1,0,0,0
4366115488,4366115483,0.053974528,-0.00795811,0.13616063,0.71929467,-0.010058737,0.0053610876,-0.69461155,nan,nan,nan,nan,nan,nan,0.0,0.0,0.0,0.0,0.0,0.0,nan,nan,nan,1,0,0,0
4366123483,4366123477,0.053986393,-0.008028193,0.13614166,0.7193906,-0.009991938,0.006027443,-0.6945078,nan,nan,nan,nan,nan,nan,0.0,0.0,0.0,0.0,0.0,0.0,nan,nan,nan,1,0,0,0
4366134494,4366134489,0.05398526,-0.008039748,0.13617772,0.71962625,-0.010178985,0.00650273,-0.69425654,nan,nan,nan,nan,nan,nan,0.0,0.0,0.0,0.0,0.0,0.0,nan,nan,nan,1,0,0,0
4366143495,4366143490,0.05397014,-0.008095376,0.1361522,0.71974975,-0.010015352,0.0046148705,-0.694146,nan,nan,nan,nan,nan,nan,0.0,0.0,0.0,0.0,0.0,0.0,nan,nan,nan,1,0,0,0
4366158553,4366158548,0.053972278,-0.008070223,0.13618243,0.7197618,-0.010072288,0.0045266505,-0.6941332,nan,nan,nan,nan,nan,nan,0.0,0.0,0.0,0.0,0.0,0.0,nan,nan,nan,1,0,0,0
4366165474,4366165468,0.053953253,-0.008094028,0.13616896,0.7197403,-0.0099887485,0.004621474,-0.6941562,nan,nan,nan,nan,nan,nan,0.0,0.0,0.0,0.0,0.0,0.0,nan,nan,nan,1,0,0,0
4366173492,4366173487,0.053953514,-0.0080995625,0.13616326,0.71976304,-0.00992113,0.004569599,-0.6941339,nan,nan,nan,nan,nan,nan,0.0,0.0,0.0,0.0,0.0,0.0,nan,nan,nan,1,0,0,0
4366182485,4366182480,0.053959258,-0.008065535,0.13617747,0.7197522,-0.010154816,0.004460573,-0.69414246,nan,nan,nan,nan,nan,nan,0.0,0.0,0.0,0.0,0.0,0.0,nan,nan,nan,1,0,0,0
4366192498,4366192493,0.05397865,-0.008079496,0.13617429,0.71972406,-0.010152051,0.0045982967,-0.6941708,nan,nan,nan,nan,nan,nan,0.0,0.0,0.0,0.0,0.0,0.0,nan,nan,nan,1,0,0,0
4366199479,4366199473,0.05398696,-0.008038884,0.13614884,0.71935964,-0.010164516,0.0061361073,-0.6945363,nan,nan,nan,nan,nan,nan,0.0,0.0,0.0,0.0,0.0,0.0,nan,nan,nan,1,0,0,0
4366206522,4366206517,0.05397141,-0.008018998,0.13627817,0.7199883,-0.010049261,0.0041372925,-0.69390106,nan,nan,nan,nan,nan,nan,0.0,0.0,0.0,0.0,0.0,0.0,nan,nan,nan,1,0,0,0
4366216592,4366216587,0.0539598,-0.0081192115,0.13616839,0.71974486,-0.010040232,0.0044312244,-0.69415194,nan,nan,nan,nan,nan,nan,0.0,0.0,0.0,0.0,0.0,0.0,nan,nan,nan,1,0,0,0
4366223484,4366223479,0.053982187,-0.0080768205,0.13610338,0.7193435,-0.010069125,0.0064850356,-0.6945514,nan,nan,nan,nan,nan,nan,0.0,0.0,0.0,0.0,0.0,0.0,nan,nan,nan,1,0,0,0
4366234523,4366234518,0.053980563,-0.008065168,0.13612576,0.7193451,-0.009930185,0.0062197032,-0.69455403,nan,nan,nan,nan,nan,nan,0.0,0.0,0.0,0.0,0.0,0.0,nan,nan,nan,1,0,0,0
4366241929,4366241924,0.05398534,-0.008017996,0.13619216,0.71964777,-0.010277707,0.0062439637,-0.694235,nan,nan,nan,nan,nan,nan,0.0,0.0,0.0,0.0,0.0,0.0,nan,nan,nan,1,0,0,0
4366250244,4366250239,0.053990334,-0.008062533,0.13618149,0.7196379,-0.010134209,0.0063794563,-0.6942463,nan,nan,nan,nan,nan,nan,0.0,0.0,0.0,0.0,0.0,0.0,nan,nan,nan,1,0,0,0
4366257505,4366257499,0.053980153,-0.008059374,0.13617651,0.71961004,-0.01022551,0.0064337435,-0.6942734,nan,nan,nan,nan,nan,nan,0.0,0.0,0.0,0.0,0.0,0.0,nan,nan,nan,1,0,0,0
4366265878,4366265873,0.053968098,-0.008109416,0.13623218,0.7200554,-0.0100705875,0.004771455,-0.69382703,nan,nan,nan,nan,nan,nan,0.0,0.0,0.0,0.0,0.0,0.0,nan,nan,nan,1,0,0,0
4366274482,4366274476,0.053978037,-0.008077299,0.13624538,0.7200694,-0.010163439,0.0044959146,-0.693813,nan,nan,nan,nan,nan,nan,0.0,0.0,0.0,0.0,0.0,0.0,nan,nan,nan,1,0,0,0
4366294484,4366294479,0.053967837,-0.00804986,0.1361186,0.71935546,-0.010031032,0.00618911,-0.6945421,nan,nan,nan,nan,nan,nan,0.0,0.0,0.0,0.0,0.0,0.0,nan,nan,nan,1,0,0,0
4366298478,4366298473,0.053964514,-0.0080108205,0.13614711,0.7192631,-0.009977426,0.0056539746,-0.6946432,nan,nan,nan,nan,nan,nan,0.0,0.0,0.0,0.0,0.0,0.0,nan,nan,nan,1,0,0,0
4366306733,4366306728,0.053952076,-0.008010623,0.1361994,0.71974415,-0.009916754,0.0037339912,-0.6941585,nan,nan,nan,nan,nan,nan,0.0,0.0,0.0,0.0,0.0,0.0,nan,nan,nan,1,0,0,0
4366315789,4366315784,0.05397133,-0.008048556,0.1361157,0.71934664,-0.010025086,0.0064437576,-0.694549,nan,nan,nan,nan,nan,nan,0.0,0.0,0.0,0.0,0.0,0.0,nan,nan,nan,1,0,0,0
4366324502,4366324496,0.05394789,-0.007999929,0.13620396,0.7197279,-0.010043975,0.0038369182,-0.69417304,nan,nan,nan,nan,nan,nan,0.0,0.0,0.0,0.0,0.0,0.0,nan,nan,nan,1,0,0,0
4366334475,4366334470,0.05397551,-0.008034552,0.1361357,0.71937025,-0.010154022,0.0060498146,-0.6945263,nan,nan,nan,nan,nan,nan,0.0,0.0,0.0,0.0,0.0,0.0,nan,nan,nan,1,0,0,0
4366341766,4366341761,0.053980928,-0.008076116,0.13611348,0.71934056,-0.010267845,0.006288502,-0.6945532,nan,nan,nan,nan,nan,nan,0.0,0.0,0.0,0.0,0.0,0.0,nan,nan,nan,1,0,0,0
4366349485,4366349480,0.05398759,-0.008025377,0.13612805,0.71937996,-0.010111387,0.0060461937,-0.6945169,nan,nan,nan,nan,nan,nan,0.0,0.0,0.0,0.0,0.0,0.0,nan,nan,nan,1,0,0,0
4366358488,4366358483,0.05399219,-0.008018319,0.13614526,0.7193834,-0.009931082,0.005998536,-0.69451624,nan,nan,nan,nan,nan,nan,0.0,0.0,0.0,0.0,0.0,0.0,nan,nan,nan,1,0,0,0
4366369474,4366369469,0.053999666,-0.007975123,0.13623476,0.7196159,-0.010116338,0.005590981,-0.69427615,nan,nan,nan,nan,nan,nan,0.0,0.0,0.0,0.0,0.0,0.0,nan,nan,nan,1,0,0,0
4366374711,4366374706,0.053990755,-0.008062561,0.13611382,0.71933544,-0.010039271,0.006394242,-0.69456095,nan,nan,nan,nan,nan,nan,0.0,0.0,0.0,0.0,0.0,0.0,nan,nan,nan,1,0,0,0
4366385738,4366385733,0.05398394,-0.00806207,0.13617976,0.7196255,-0.01030862,0.0063913693,-0.6942565,nan,nan,nan,nan,nan,nan,0.0,0.0,0.0,0.0,0.0,0.0,nan,nan,nan,1,0,0,0
4366391372,4366391367,0.053955007,-0.008076234,0.13615549,0.71974516,-0.00997554,0.004654735,-0.6941511,nan,nan,nan,nan,nan,nan,0.0,0.0,0.0,0.0,0.0,0.0,nan,nan,nan,1,0,0,0
4366399482,4366399477,0.05399509,-0.007994018,0.13622528,0.7196048,-0.010100478,0.005596294,-0.69428784,nan,nan,nan,nan,nan,nan,0.0,0.0,0.0,0.0,0.0,0.0,nan,nan,nan,1,0,0,0
4366407522,4366407517,0.05396698,-0.0080654,0.13617389,0.71977377,-0.010071287,0.004440231,-0.69412136,nan,nan,nan,nan,nan,nan,0.0,0.0,0.0,0.0,0.0,0.0,nan,nan,nan,1,0,0,0
4366415738,4366415732,0.053970106,-0.008035011,0.13612746,0.71935415,-0.010161659,0.0060538687,-0.6945428,nan,nan,nan,nan,nan,nan,0.0,0.0,0.0,0.0,0.0,0.0,nan,nan,nan,1,0,0,0
4366424505,4366424500,0.053950917,-0.008100562,0.13616286,0.7197432,-0.0098235,0.004628836,-0.6941555,nan,nan,nan,nan,nan,nan,0.0,0.0,0.0,0.0,0.0,0.0,nan,nan,nan,1,0,0,0
4366433513,4366433507,0.053976476,-0.008061458,0.1361222,0.7193503,-0.009922943,0.0062556583,-0.6945485,nan,nan,nan,nan,nan,nan,0.0,0.0,0.0,0.0,0.0,0.0,nan,nan,nan,1,0,0,0
4366441926,4366441921,0.053963546,-0.0080557745,0.13618483,0.71978986,-0.010004609,0.0043023657,-0.6941066,nan,nan,nan,nan,nan,nan,0.0,0.0,0.0,0.0,0.0,0.0,nan,nan,nan,1,0,0,0
4366451910,4366451905,0.05395924,-0.008096899,0.1361729,0.7197429,-0.010116742,0.004669644,-0.69415134,nan,nan,nan,nan,nan,nan,0.0,0.0,0.0,0.0,0.0,0.0,nan,nan,nan,1,0,0,0
4366457482,4366457477,0.05396458,-0.008136366,0.13616836,0.7196564,-0.010116225,0.005160993,-0.69423753,nan,nan,nan,nan,nan,nan,0.0,0.0,0.0,0.0,0.0,0.0,nan,nan,nan,1,0,0,0
4366467476,4366467471,0.05397429,-0.008071934,0.1361049,0.71932745,-0.010030686,0.0062810704,-0.69457036,nan,nan,nan,nan,nan,nan,0.0,0.0,0.0,0.0,0.0,0.0,nan,nan,nan,1,0,0,0
4366474476,4366474471,0.05397508,-0.008066725,0.13618729,0.71962035,-0.010338065,0.0064724064,-0.69426066,nan,nan,nan,nan,nan,nan,0.0,0.0,0.0,0.0,0.0,0.0,nan,nan,nan,1,0,0,0
4366483478,4366483472,0.053986967,-0.008049211,0.13619098,0.7196334,-0.010225189,0.0063150735,-0.69425017,nan,nan,nan,nan,nan,nan,0.0,0.0,0.0,0.0,0.0,0.0,nan,nan,nan,1,0,0,0
4366491774,4366491769,0.05399618,-0.008042104,0.13619535,0.71963733,-0.010206072,0.006264013,-0.6942469,nan,nan,nan,nan,nan,nan,0.0,0.0,0.0,0.0,0.0,0.0,nan,nan,nan,1,0,0,0
4366512098,4366512092,0.053950604,-0.00806381,0.13617395,0.71976703,-0.010010071,0.004459399,-0.6941293,nan,nan,nan,nan,nan,nan,0.0,0.0,0.0,0.0,0.0,0.0,nan,nan,nan,1,0,0,0
4366516545,4366516540,0.053963374,-0.00804444,0.13612916,0.7193632,-0.009938532,0.0061801216,-0.6945355,nan,nan,nan,nan,nan,nan,0.0,0.0,0.0,0.0,0.0,0.0,nan,nan,nan,1,0,0,0
4366524483,4366524478,0.053950384,-0.008047945,0.1361915,0.7196902,-0.009996368,0.0039666095,-0.694212,nan,nan,nan,nan,nan,nan,0.0,0.0,0.0,0.0,0.0,0.0,nan,nan,nan,1,0,0,0
4366532742,4366532736,0.05394078,-0.00809254,0.13616988,0.71973395,-0.0102637345,0.0046654134,-0.69415843,nan,nan,nan,nan,nan,nan,0.0,0.0,0.0,0.0,0.0,0.0,nan,nan,nan,1,0,0,0
4366541501,4366541495,0.053950567,-0.0080901105,0.13617733,0.71975785,-0.010221839,0.004765545,-0.69413364,nan,nan,nan,nan,nan,nan,0.0,0.0,0.0,0.0,0.0,0.0,nan,nan,nan,1,0,0,0
4366549488,4366549482,0.05396971,-0.008090286,0.13616978,0.71979785,-0.009951309,0.004565089,-0.6940974,nan,nan,nan,nan,nan,nan,0.0,0.0,0.0,0.0,0.0,0.0,nan,nan,nan,1,0,0,0
4366557709,4366557704,0.053977974,-0.008073497,0.13625073,0.7200818,-0.010132643,0.0045888727,-0.69380003,nan,nan,nan,nan,nan,nan,0.0,0.0,0.0,0.0,0.0,0.0,nan,nan,nan,1,0,0,0
4366565515,4366565509,0.053982902,-0.008064385,0.13618171,0.71979564,-0.010038185,0.0044240193,-0.69409937,nan,nan,nan,nan,nan,nan,0.0,0.0,0.0,0.0,0.0,0.0,nan,nan,nan,1,0,0,0
4366573520,4366573485,0.053966478,-0.008026739,0.13627549,0.71998674,-0.010153735,0.0039408538,-0.6939023,nan,nan,nan,nan,nan,nan,0.0,0.0,0.0,0.0,0.0,0.0,nan,nan,nan,1,0,0,0
4366582585,4366582580,0.053986363,-0.008056179,0.13618056,0.7196258,-0.0102427285,0.0064313137,-0.6942568,nan,nan,nan,nan,nan,nan,0.0,0.0,0.0,0.0,0.0,0.0,nan,nan,nan,1,0,0,0
4366592818,4366592813,0.05396153,-0.008111113,0.1361644,0.71974635,-0.010068132,0.0049016783,-0.69414693,nan,nan,nan,nan,nan,nan,0.0,0.0,0.0,0.0,0.0,0.0,nan,nan,nan,1,0,0,0
4366599473,4366599468,0.053976957,-0.008006796,0.13613895,0.71937644,-0.010126705,0.0060929544,-0.6945198,nan,nan,nan,nan,nan,nan,0.0,0.0,0.0,0.0,0.0,0.0,nan,nan,nan,1,0,0,0
4366606673,4366606668,0.05396075,-0.008005822,0.13621424,0.7197239,-0.009992734,0.0037549122,-0.6941784,nan,nan,nan,nan,nan,nan,0.0,0.0,0.0,0.0,0.0,0.0,nan,nan,nan,1,0,0,0
4366617558,4366617551,0.053984836,-0.0080544725,0.13613395,0.7193756,-0.010163083,0.0061569037,-0.69451964,nan,nan,nan,nan,nan,nan,0.0,0.0,0.0,0.0,0.0,0.0,nan,nan,nan,1,0,0,0
4366623491,4366623486,0.053966682,-0.008072692,0.13617568,0.71974826,-0.01014924,0.004447567,-0.69414663,nan,nan,nan,nan,nan,nan,0.0,0.0,0.0,0.0,0.0,0.0,nan,nan,nan,1,0,0,0
4366632503,4366632498,0.053972337,-0.008091529,0.13617948,0.71973044,-0.010272798,0.0046328744,-0.69416213,nan,nan,nan,nan,nan,nan,0.0,0.0,0.0,0.0,0.0,0.0,nan,nan,nan,1,0,0,0
4366641988,4366641983,0.053989336,-0.008042935,0.13613324,0.71941495,-0.009971297,0.006062708,-0.6944825,nan,nan,nan,nan,nan,nan,0.0,0.0,0.0,0.0,0.0,0.0,nan,nan,nan,1,0,0,0
4366649487,4366649482,0.053979367,-0.008046945,0.13612899,0.7193517,-0.009877463,0.0061333813,-0.6945487,nan,nan,nan,nan,nan,nan,0.0,0.0,0.0,0.0,0.0,0.0,nan,nan,nan,1,0,0,0
4366657721,4366657716,0.053976588,-0.008050044,0.13611571,0.71932566,-0.010019833,0.006187959,-0.6945731,nan,nan,nan,nan,nan,nan,0.0,0.0,0.0,0.0,0.0,0.0,nan,nan,nan,1,0,0,0
4366666494,4366666488,0.05398138,-0.008047505,0.13613196,0.7193846,-0.010059124,0.0060248473,-0.6945131,nan,nan,nan,nan,nan,nan,0.0,0.0,0.0,0.0,0.0,0.0,nan,nan,nan,1,0,0,0
4366673491,4366673485,0.053979166,-0.0080539705,0.13613063,0.719352,-0.009877047,0.0062351525,-0.69454753,nan,nan,nan,nan,nan,nan,0.0,0.0,0.0,0.0,0.0,0.0,nan,nan,nan,1,0,0,0
4366682945,4366682940,0.05395551,-0.008059073,0.13617979,0.7197725,-0.010039672,0.0044424306,-0.69412315,nan,nan,nan,nan,nan,nan,0.0,0.0,0.0,0.0,0.0,0.0,nan,nan,nan,1,0,0,0
4366691652,4366691646,0.053967297,-0.008077838,0.13613233,0.7193218,-0.010074139,0.0063886265,-0.69457465,nan,nan,nan,nan,nan,nan,0.0,0.0,0.0,0.0,0.0,0.0,nan,nan,nan,1,0,0,0
4366702478,4366702472,0.053955093,-0.008058506,0.13617401,0.7197012,-0.010089334,0.0045681326,-0.6941956,nan,nan,nan,nan,nan,nan,0.0,0.0,0.0,0.0,0.0,0.0,nan,nan,nan,1,0,0,0
4366707484,4366707478,0.053944595,-0.008105755,0.1361736,0.7197378,-0.009940522,0.0046824357,-0.694159,nan,nan,nan,nan,nan,nan,0.0,0.0,0.0,0.0,0.0,0.0,nan,nan,nan,1,0,0,0
4366725753,4366725748,0.053972878,-0.008048128,0.13611072,0.7193735,-0.009996253,0.006140789,-0.69452447,nan,nan,nan,nan,nan,nan,0.0,0.0,0.0,0.0,0.0,0.0,nan,nan,nan,1,0,0,0
4366727491,4366727486,0.05394653,-0.008088443,0.13624151,0.72002214,-0.010134453,0.0048147747,-0.69386035,nan,nan,nan,nan,nan,nan,0.0,0.0,0.0,0.0,0.0,0.0,nan,nan,nan,1,0,0,0
4366741480,4366741475,0.05398524,-0.008050858,0.13612342,0.71936625,-0.00987942,0.0060865534,-0.694534,nan,nan,nan,nan,nan,nan,0.0,0.0,0.0,0.0,0.0,0.0,nan,nan,nan,1,0,0,0
4366743494,4366743489,0.053989973,-0.008068886,0.13612628,0.7193479,-0.009981496,0.006197589,-0.6945507,nan,nan,nan,nan,nan,nan,0.0,0.0,0.0,0.0,0.0,0.0,nan,nan,nan,1,0,0,0
4366753104,4366753099,0.05397247,-0.0080679925,0.13625562,0.7201104,-0.010060562,0.004450964,-0.69377214,nan,nan,nan,nan,nan,nan,0.0,0.0,0.0,0.0,0.0,0.0,nan,nan,nan,1,0,0,0
4366757483,4366757477,0.053996153,-0.008060295,0.13618797,0.7196167,-0.010163839,0.006394371,-0.69426763,nan,nan,nan,nan,nan,nan,0.0,0.0,0.0,0.0,0.0,0.0,nan,nan,nan,1,0,0,0
4366767623,4366767617,0.05399412,-0.008045875,0.13619989,0.71964693,-0.010336644,0.0061730566,-0.6942358,nan,nan,nan,nan,nan,nan,0.0,0.0,0.0,0.0,0.0,0.0,nan,nan,nan,1,0,0,0
4366773820,4366773815,0.05397851,-0.008053078,0.13612518,0.71934277,-0.01001964,0.006314861,-0.6945543,nan,nan,nan,nan,nan,nan,0.0,0.0,0.0,0.0,0.0,0.0,nan,nan,nan,1,0,0,0
4366782697,4366782692,0.05398218,-0.008060258,0.13620733,0.71962494,-0.0101847965,0.0064081466,-0.69425863,nan,nan,nan,nan,nan,nan,0.0,0.0,0.0,0.0,0.0,0.0,nan,nan,nan,1,0,0,0
4366791787,4366791781,0.05399016,-0.0080685,0.13611971,0.719342,-0.009868102,0.006209742,-0.69455814,nan,nan,nan,nan,nan,nan,0.0,0.0,0.0,0.0,0.0,0.0,nan,nan,nan,1,0,0,0
4366799511,4366799506,0.053973634,-0.00806539,0.13626212,0.720093,-0.010251716,0.0045259963,-0.69378704,nan,nan,nan,nan,nan,nan,0.0,0.0,0.0,0.0,0.0,0.0,nan,nan,nan,1,0,0,0
4366806577,4366806572,0.053959407,-0.008076197,0.1362497,0.7200952,-0.009951379,0.004701997,-0.69378793,nan,nan,nan,nan,nan,nan,0.0,0.0,0.0,0.0,0.0,0.0,nan,nan,nan,1,0,0,0
4366816523,4366816517,0.053970493,-0.008055356,0.13618052,0.7196789,-0.010189485,0.0046497877,-0.69421667,nan,nan,nan,nan,nan,nan,0.0,0.0,0.0,0.0,0.0,0.0,nan,nan,nan,1,0,0,0
4366824487,4366824482,0.053990558,-0.00807815,0.1361298,0.71934736,-0.009940103,0.006331355,-0.6945506,nan,nan,nan,nan,nan,nan,0.0,0.0,0.0,0.0,0.0,0.0,nan,nan,nan,1,0,0,0
4366833297,4366833292,0.053963207,-0.008099059,0.136234,0.72002995,-0.010185311,0.0048042987,-0.69385165,nan,nan,nan,nan,nan,nan,0.0,0.0,0.0,0.0,0.0,0.0,nan,nan,nan,1,0,0,0
4366842730,4366842725,0.053959507,-0.008114938,0.13624771,0.72004765,-0.010037963,0.0047820876,-0.69383556,nan,nan,nan,nan,nan,nan,0.0,0.0,0.0,0.0,0.0,0.0,nan,nan,nan,1,0,0,0
4366848566,4366848561,0.05398446,-0.008032875,0.13612433,0.7193681,-0.009959081,0.006114595,-0.69453084,nan,nan,nan,nan,nan,nan,0.0,0.0,0.0,0.0,0.0,0.0,nan,nan,nan,1,0,0,0
4366857486,4366857480,0.05397493,-0.008033792,0.1361415,0.7193725,-0.0099948,0.006066662,-0.6945261,nan,nan,nan,nan,nan,nan,0.0,0.0,0.0,0.0,0.0,0.0,nan,nan,nan,1,0,0,0
4366867490,4366867484,0.05396436,-0.007996177,0.13614964,0.7193211,-0.009956375,0.0056066914,-0.69458365,nan,nan,nan,nan,nan,nan,0.0,0.0,0.0,0.0,0.0,0.0,nan,nan,nan,1,0,0,0
4366874493,4366874487,0.05396476,-0.008032045,0.13614233,0.7193648,-0.010160062,0.0060877064,-0.69453144,nan,nan,nan,nan,nan,nan,0.0,0.0,0.0,0.0,0.0,0.0,nan,nan,nan,1,0,0,0
4366882488,4366882483,0.05397456,-0.007993078,0.13616891,0.7192984,-0.009969102,0.005551528,-0.69460756,nan,nan,nan,nan,nan,nan,0.0,0.0,0.0,0.0,0.0,0.0,nan,nan,nan,1,0,0,0
4366891662,4366891657,0.053967737,-0.008051578,0.1361142,0.71935385,-0.010046674,0.0062344335,-0.6945431,nan,nan,nan,nan,nan,nan,0.0,0.0,0.0,0.0,0.0,0.0,nan,nan,nan,1,0,0,0
4366898474,4366898469,0.05397114,-0.008069025,0.13613048,0.7193179,-0.010061593,0.0062753335,-0.6945798,nan,nan,nan,nan,nan,nan,0.0,0.0,0.0,0.0,0.0,0.0,nan,nan,nan,1,0,0,0
4366907488,4366907483,0.05398493,-0.008062035,0.13613081,0.7193658,-0.009991113,0.006253881,-0.6945314,nan,nan,nan,nan,nan,nan,0.0,0.0,0.0,0.0,0.0,0.0,nan,nan,nan,1,0,0,0
4366915488,4366915483,0.053993355,-0.008040488,0.1361927,0.71962774,-0.010347084,0.006187465,-0.6942553,nan,nan,nan,nan,nan,nan,0.0,0.0,0.0,0.0,0.0,0.0,nan,nan,nan,1,0,0,0
4366925505,4366925500,0.05399261,-0.0080554625,0.13618594,0.719631,-0.010171342,0.0065020374,-0.69425166,nan,nan,nan,nan,nan,nan,0.0,0.0,0.0,0.0,0.0,0.0,nan,nan,nan,1,0,0,0
4366932480,4366932475,0.0539871,-0.0080719525,0.13612932,0.71935123,-0.009975936,0.006232716,-0.69454694,nan,nan,nan,nan,nan,nan,0.0,0.0,0.0,0.0,0.0,0.0,nan,nan,nan,1,0,0,0
4366941859,4366941853,0.05396246,-0.00811792,0.13616541,0.7197355,-0.010128126,0.0047717732,-0.69415814,nan,nan,nan,nan,nan,nan,0.0,0.0,0.0,0.0,0.0,0.0,nan,nan,nan,1,0,0,0
4366948554,4366948549,0.05397058,-0.008066343,0.1361156,0.7193431,-0.010094159,0.00649637,-0.6945511,nan,nan,nan,nan,nan,nan,0.0,0.0,0.0,0.0,0.0,0.0,nan,nan,nan,1,0,0,0
4366957484,4366957479,0.053962365,-0.0080139665,0.13615103,0.7192521,-0.010012613,0.0057439143,-0.6946532,nan,nan,nan,nan,nan,nan,0.0,0.0,0.0,0.0,0.0,0.0,nan,nan,nan,1,0,0,0
4366965530,4366965524,0.05395666,-0.008070255,0.13618498,0.7197679,-0.009978698,0.004413193,-0.69412893,nan,nan,nan,nan,nan,nan,0.0,0.0,0.0,0.0,0.0,0.0,nan,nan,nan,1,0,0,0
4366973495,4366973489,0.053964194,-0.0080792485,0.13626128,0.7200528,-0.010265502,0.004649992,-0.6938278,nan,nan,nan,nan,nan,nan,0.0,0.0,0.0,0.0,0.0,0.0,nan,nan,nan,1,0,0,0
4366982481,4366982476,0.05398927,-0.008053492,0.13612254,0.7193655,-0.009869246,0.0061287708,-0.69453466,nan,nan,nan,nan,nan,nan,0.0,0.0,0.0,0.0,0.0,0.0,nan,nan,nan,1,0,0,0
4366991267,4366991262,0.05398709,-0.008039703,0.13613605,0.7193698,-0.010013213,0.005983515,-0.6945293,nan,nan,nan,nan,nan,nan,0.0,0.0,0.0,0.0,0.0,0.0,nan,nan,nan,1,0,0,0
4367000371,4367000366,0.05398812,-0.008042398,0.13618824,0.7196251,-0.010142503,0.0064926497,-0.69425833,nan,nan,nan,nan,nan,nan,0.0,0.0,0.0,0.0,0.0,0.0,nan,nan,nan,1,0,0,0
4367007527,4367007521,0.053967435,-0.0080659315,0.13625711,0.72003347,-0.010235102,0.0046500713,-0.6938483,nan,nan,nan,nan,nan,nan,0.0,0.0,0.0,0.0,0.0,0.0,nan,nan,nan,1,0,0,0
4367016592,4367016587,0.053989407,-0.00804544,0.13612695,0.7193715,-0.010292036,0.0062473384,-0.69452125,nan,nan,nan,nan,nan,nan,0.0,0.0,0.0,0.0,0.0,0.0,nan,nan,nan,1,0,0,0
4367024870,4367024865,0.05395491,-0.008057603,0.1361865,0.7197506,-0.0101940185,0.00441214,-0.69414383,nan,nan,nan,nan,nan,nan,0.0,0.0,0.0,0.0,0.0,0.0,nan,nan,nan,1,0,0,0
4367032822,4367032817,0.0539693,-0.008096454,0.13624161,0.72005826,-0.009990294,0.0047001177,-0.6938257,nan,nan,nan,nan,nan,nan,0.0,0.0,0.0,0.0,0.0,0.0,nan,nan,nan,1,0,0,0
4367042556,4367042551,0.05400814,-0.008065878,0.13612033,0.7193762,-0.009913594,0.0061706253,-0.6945225,nan,nan,nan,nan,nan,nan,0.0,0.0,0.0,0.0,0.0,0.0,nan,nan,nan,1,0,0,0
4367051988,4367051983,0.053969458,-0.008060427,0.13624547,0.7200638,-0.010278056,0.00462635,-0.6938163,nan,nan,nan,nan,nan,nan,0.0,0.0,0.0,0.0,0.0,0.0,nan,nan,nan,1,0,0,0
4367057484,4367057479,0.053987812,-0.008012531,0.13613771,0.7193896,-0.010029396,0.005936201,-0.6945089,nan,nan,nan,nan,nan,nan,0.0,0.0,0.0,0.0,0.0,0.0,nan,nan,nan,1,0,0,0
4367065887,4367065882,0.053961776,-0.008065621,0.1361781,0.7196847,-0.0101221865,0.0046407497,-0.6942117,nan,nan,nan,nan,nan,nan,0.0,0.0,0.0,0.0,0.0,0.0,nan,nan,nan,1,0,0,0
4367076001,4367075996,0.053969026,-0.008041356,0.1361289,0.7193824,-0.009997451,0.0059663095,-0.6945167,nan,nan,nan,nan,nan,nan,0.0,0.0,0.0,0.0,0.0,0.0,nan,nan,nan,1,0,0,0
4367092173,4367092168,0.053967398,-0.008063545,0.1361342,0.7193506,-0.009863908,0.0062721465,-0.69454885,nan,nan,nan,nan,nan,nan,0.0,0.0,0.0,0.0,0.0,0.0,nan,nan,nan,1,0,0,0
4367094879,4367094874,0.053974308,-0.008024089,0.13614169,0.7193869,-0.009963606,0.006009957,-0.6945121,nan,nan,nan,nan,nan,nan,0.0,0.0,0.0,0.0,0.0,0.0,nan,nan,nan,1,0,0,0
4367100739,4367100734,0.05397191,-0.0080326665,0.13614032,0.7193492,-0.010155637,0.0061019873,-0.69454753,nan,nan,nan,nan,nan,nan,0.0,0.0,0.0,0.0,0.0,0.0,nan,nan,nan,1,0,0,0
4367107486,4367107481,0.05397564,-0.008023456,0.13613561,0.71935546,-0.010042201,0.006078225,-0.69454294,nan,nan,nan,nan,nan,nan,0.0,0.0,0.0,0.0,0.0,0.0,nan,nan,nan,1,0,0,0
4367116568,4367116560,0.053964566,-0.00809192,0.13617058,0.71976125,-0.009913212,0.0046045035,-0.6941356,nan,nan,nan,nan,nan,nan,0.0,0.0,0.0,0.0,0.0,0.0,nan,nan,nan,1,0,0,0
4367123481,4367123475,0.053968772,-0.008105387,0.13625169,0.7200467,-0.010143792,0.004894762,-0.69383407,nan,nan,nan,nan,nan,nan,0.0,0.0,0.0,0.0,0.0,0.0,nan,nan,nan,1,0,0,0
4367134897,4367134891,0.0539931,-0.008051852,0.13620102,0.7196665,-0.010304261,0.0063219066,-0.6942147,nan,nan,nan,nan,nan,nan,0.0,0.0,0.0,0.0,0.0,0.0,nan,nan,nan,1,0,0,0
4367140747,4367140741,0.05399593,-0.008043885,0.13619302,0.719643,-0.010372314,0.006207819,-0.694239,nan,nan,nan,nan,nan,nan,0.0,0.0,0.0,0.0,0.0,0.0,nan,nan,nan,1,0,0,0
4367151356,4367151352,0.053987782,-0.008060179,0.13612638,0.7193275,-0.0100117605,0.0062862975,-0.6945704,nan,nan,nan,nan,nan,nan,0.0,0.0,0.0,0.0,0.0,0.0,nan,nan,nan,1,0,0,0
4367157037,4367157032,0.053991124,-0.008034598,0.13613005,0.7193714,-0.010115466,0.0060520153,-0.69452566,nan,nan,nan,nan,nan,nan,0.0,0.0,0.0,0.0,0.0,0.0,nan,nan,nan,1,0,0,0
4367166510,4367166505,0.053982504,-0.008054674,0.1361106,0.7193493,-0.0100817755,0.0064106165,-0.6945458,nan,nan,nan,nan,nan,nan,0.0,0.0,0.0,0.0,0.0,0.0,nan,nan,nan,1,0,0,0
4367175191,4367175186,0.05397108,-0.008059557,0.13613696,0.71935785,-0.009904114,0.0062456285,-0.694541,nan,nan,nan,nan,nan,nan,0.0,0.0,0.0,0.0,0.0,0.0,nan,nan,nan,1,0,0,0
4367192530,4367192525,0.053960796,-0.008067945,0.13618125,0.7197565,-0.010139213,0.0044923425,-0.6941381,nan,nan,nan,nan,nan,nan,0.0,0.0,0.0,0.0,0.0,0.0,nan,nan,nan,1,0,0,0
4367194901,4367194896,0.053984936,-0.008064638,0.13613506,0.7193663,-0.010195766,0.00630684,-0.69452757,nan,nan,nan,nan,nan,nan,0.0,0.0,0.0,0.0,0.0,0.0,nan,nan,nan,1,0,0,0
4367202733,4367202728,0.053972226,-0.008041919,0.13611881,0.7193467,-0.009992515,0.006252975,-0.69455117,nan,nan,nan,nan,nan,nan,0.0,0.0,0.0,0.0,0.0,0.0,nan,nan,nan,1,0,0,0
4367207486,4367207481,0.053968016,-0.008028843,0.13613538,0.71934026,-0.010067608,0.006079529,-0.69455826,nan,nan,nan,nan,nan,nan,0.0,0.0,0.0,0.0,0.0,0.0,nan,nan,nan,1,0,0,0
4367218554,4367218549,0.053974546,-0.008026518,0.13613328,0.7193677,-0.010006409,0.0058964835,-0.6945324,nan,nan,nan,nan,nan,nan,0.0,0.0,0.0,0.0,0.0,0.0,nan,nan,nan,1,0,0,0
4367223483,4367223478,0.053953324,-0.008097956,0.13617617,0.7197024,-0.010210483,0.004813834,-0.6941909,nan,nan,nan,nan,nan,nan,0.0,0.0,0.0,0.0,0.0,0.0,nan,nan,nan,1,0,0,0
4367234727,4367234722,0.053982764,-0.008038164,0.1361235,0.7193637,-0.0099983895,0.006237216,-0.69453365,nan,nan,nan,nan,nan,nan,0.0,0.0,0.0,0.0,0.0,0.0,nan,nan,nan,1,0,0,0
4367240714,4367240708,0.05399383,-0.00806071,0.13619868,0.7196324,-0.010195861,0.0065224455,-0.69424975,nan,nan,nan,nan,nan,nan,0.0,0.0,0.0,0.0,0.0,0.0,nan,nan,nan,1,0,0,0
4367252490,4367252483,0.053970832,-0.008071081,0.13618484,0.7197723,-0.0099821165,0.004378852,-0.6941247,nan,nan,nan,nan,nan,nan,0.0,0.0,0.0,0.0,0.0,0.0,nan,nan,nan,1,0,0,0
4367256486,4367256481,0.053957958,-0.008118326,0.13616756,0.7197059,-0.010232402,0.004986065,-0.69418573,nan,nan,nan,nan,nan,nan,0.0,0.0,0.0,0.0,0.0,0.0,nan,nan,nan,1,0,0,0
4367265500,4367265495,0.053969584,-0.00807191,0.1361337,0.7193407,-0.009994212,0.006307344,-0.6945569,nan,nan,nan,nan,nan,nan,0.0,0.0,0.0,0.0,0.0,0.0,nan,nan,nan,1,0,0,0
4367274523,4367274518,0.053985354,-0.0080448175,0.13618001,0.7196353,-0.010154082,0.006429142,-0.69424826,nan,nan,nan,nan,nan,nan,0.0,0.0,0.0,0.0,0.0,0.0,nan,nan,nan,1,0,0,0
4367282491,4367282486,0.053974792,-0.008068006,0.13618332,0.7197812,-0.010018392,0.0044443905,-0.69411457,nan,nan,nan,nan,nan,nan,0.0,0.0,0.0,0.0,0.0,0.0,nan,nan,nan,1,0,0,0
4367290705,4367290700,0.053972807,-0.008034252,0.13611084,0.71935195,-0.01007755,0.006147426,-0.69454545,nan,nan,nan,nan,nan,nan,0.0,0.0,0.0,0.0,0.0,0.0,nan,nan,nan,1,0,0,0
4367311652,4367311647,0.05398323,-0.008064171,0.13612385,0.71937877,-0.009893871,0.006256711,-0.6945194,nan,nan,nan,nan,nan,nan,0.0,0.0,0.0,0.0,0.0,0.0,nan,nan,nan,1,0,0,0
4367327490,4367327485,0.053963706,-0.008101162,0.13623795,0.7200112,-0.010265602,0.004895628,-0.6938692,nan,nan,nan,nan,nan,nan,0.0,0.0,0.0,0.0,0.0,0.0,nan,nan,nan,1,0,0,0
4367332484,4367332479,0.053999614,-0.008043138,0.13621223,0.7196537,-0.010316453,0.0062982305,-0.6942278,nan,nan,nan,nan,nan,nan,0.0,0.0,0.0,0.0,0.0,0.0,nan,nan,nan,1,0,0,0
4367343051,4367343046,0.05398974,-0.0080669755,0.13619189,0.71959865,-0.010266075,0.0065318095,-0.6942836,nan,nan,nan,nan,nan,nan,0.0,0.0,0.0,0.0,0.0,0.0,nan,nan,nan,1,0,0,0
4367351046,4367351041,0.05398146,-0.008033204,0.13613541,0.7193458,-0.010073255,0.0061602998,-0.6945518,nan,nan,nan,nan,nan,nan,0.0,0.0,0.0,0.0,0.0,0.0,nan,nan,nan,1,0,0,0
4367358487,4367358482,0.05397553,-0.008058589,0.13613124,0.7193379,-0.00996644,0.0062362477,-0.6945608,nan,nan,nan,nan,nan,nan,0.0,0.0,0.0,0.0,0.0,0.0,nan,nan,nan,1,0,0,0
4367365530,4367365525,0.053981185,-0.008040819,0.13612299,0.71935946,-0.010143425,0.0061423476,-0.69453675,nan,nan,nan,nan,nan,nan,0.0,0.0,0.0,0.0,0.0,0.0,nan,nan,nan,1,0,0,0
4367374519,4367374514,0.053977404,-0.008088363,0.13612008,0.71932715,-0.009815533,0.006297547,-0.6945736,nan,nan,nan,nan,nan,nan,0.0,0.0,0.0,0.0,0.0,0.0,nan,nan,nan,1,0,0,0
4367383486,4367383481,0.053945668,-0.00808965,0.13617757,0.7197648,-0.009919197,0.004564411,-0.6941321,nan,nan,nan,nan,nan,nan,0.0,0.0,0.0,0.0,0.0,0.0,nan,nan,nan,1,0,0,0
4367392330,4367392324,0.05397829,-0.008033378,0.13613527,0.71935093,-0.010081048,0.006104128,-0.6945469,nan,nan,nan,nan,nan,nan,0.0,0.0,0.0,0.0,0.0,0.0,nan,nan,nan,1,0,0,0
4367398725,4367398720,0.05398949,-0.008031817,0.13619274,0.7196462,-0.010242734,0.006271076,-0.69423705,nan,nan,nan,nan,nan,nan,0.0,0.0,0.0,0.0,0.0,0.0,nan,nan,nan,1,0,0,0
4367411009,4367411004,0.05399289,-0.008026003,0.13620007,0.71964383,-0.01038242,0.006208028,-0.69423795,nan,nan,nan,nan,nan,nan,0.0,0.0,0.0,0.0,0.0,0.0,nan,nan,nan,1,0,0,0
4367415492,4367415487,0.053988628,-0.008067478,0.13618852,0.7195975,-0.0101001775,0.0064873663,-0.6942876,nan,nan,nan,nan,nan,nan,0.0,0.0,0.0,0.0,0.0,0.0,nan,nan,nan,1,0,0,0
4367423487,4367423481,0.053982485,-0.008068472,0.1361326,0.7193688,-0.009910482,0.00630006,-0.694529,nan,nan,nan,nan,nan,nan,0.0,0.0,0.0,0.0,0.0,0.0,nan,nan,nan,1,0,0,0
4367444596,4367444591,0.05396117,-0.008051328,0.13612013,0.7193494,-0.010030549,0.006265054,-0.6945477,nan,nan,nan,nan,nan,nan,0.0,0.0,0.0,0.0,0.0,0.0,nan,nan,nan,1,0,0,0
4367450669,4367450662,0.053967346,-0.008002258,0.13614388,0.71931154,-0.0099226255,0.005637351,-0.6945938,nan,nan,nan,nan,nan,nan,0.0,0.0,0.0,0.0,0.0,0.0,nan,nan,nan,1,0,0,0
4367457492,4367457487,0.053975064,-0.008048452,0.13612749,0.7193697,-0.009859364,0.006306102,-0.69452876,nan,nan,nan,nan,nan,nan,0.0,0.0,0.0,0.0,0.0,0.0,nan,nan,nan,1,0,0,0
4367465515,4367465477,0.053947765,-0.00809443,0.13617302,0.7197298,-0.010041771,0.0046578306,-0.69416606,nan,nan,nan,nan,nan,nan,0.0,0.0,0.0,0.0,0.0,0.0,nan,nan,nan,1,0,0,0
4367474487,4367474482,0.053981375,-0.008023947,0.13614044,0.7193687,-0.010142922,0.006071917,-0.69452786,nan,nan,nan,nan,nan,nan,0.0,0.0,0.0,0.0,0.0,0.0,nan,nan,nan,1,0,0,0
4367483722,4367483716,0.053997114,-0.008014614,0.13620724,0.7196411,-0.010341334,0.006158034,-0.69424194,nan,nan,nan,nan,nan,nan,0.0,0.0,0.0,0.0,0.0,0.0,nan,nan,nan,1,0,0,0
4367491479,4367491474,0.053999756,-0.00806477,0.13617927,0.7196121,-0.010231039,0.0063537774,-0.6942718,nan,nan,nan,nan,nan,nan,0.0,0.0,0.0,0.0,0.0,0.0,nan,nan,nan,1,0,0,0
4367501375,4367501205,0.053989887,-0.008076875,0.13611875,0.71936977,-0.009895041,0.00616581,-0.69452953,nan,nan,nan,nan,nan,nan,0.0,0.0,0.0,0.0,0.0,0.0,nan,nan,nan,1,0,0,0
4367507696,4367507690,0.053954545,-0.00809062,0.13617472,0.7197485,-0.009956527,0.0045505264,-0.6941486,nan,nan,nan,nan,nan,nan,0.0,0.0,0.0,0.0,0.0,0.0,nan,nan,nan,1,0,0,0
4367516659,4367516654,0.05398128,-0.00803559,0.13619952,0.7196287,-0.010544049,0.0062977225,-0.69425046,nan,nan,nan,nan,nan,nan,0.0,0.0,0.0,0.0,0.0,0.0,nan,nan,nan,1,0,0,0
4367524492,4367524487,0.053985585,-0.008044374,0.13613917,0.7193735,-0.00999891,0.0060631474,-0.69452506,nan,nan,nan,nan,nan,nan,0.0,0.0,0.0,0.0,0.0,0.0,nan,nan,nan,1,0,0,0
4367531507,4367531502,0.053981263,-0.0080403155,0.13614142,0.719381,-0.01004618,0.0061513674,-0.6945159,nan,nan,nan,nan,nan,nan,0.0,0.0,0.0,0.0,0.0,0.0,nan,nan,nan,1,0,0,0
4367540506,4367540501,0.053979903,-0.008067547,0.13612382,0.7193636,-0.009960266,0.0064331978,-0.6945326,nan,nan,nan,nan,nan,nan,0.0,0.0,0.0,0.0,0.0,0.0,nan,nan,nan,1,0,0,0
4367550497,4367550492,0.05398542,-0.008030473,0.1361341,0.71937394,-0.01009598,0.006048717,-0.69452333,nan,nan,nan,nan,nan,nan,0.0,0.0,0.0,0.0,0.0,0.0,nan,nan,nan,1,0,0,0
4367557661,4367557597,0.053994615,-0.008083469,0.13612214,0.7193738,-0.010090309,0.00648515,-0.6945196,nan,nan,nan,nan,nan,nan,0.0,0.0,0.0,0.0,0.0,0.0,nan,nan,nan,1,0,0,0
4367565485,4367565480,0.053982887,-0.008051634,0.13618268,0.71961915,-0.010249917,0.006661139,-0.6942615,nan,nan,nan,nan,nan,nan,0.0,0.0,0.0,0.0,0.0,0.0,nan,nan,nan,1,0,0,0
4367574490,4367574484,0.053979535,-0.008065682,0.13613375,0.7193748,-0.009984906,0.006300223,-0.6945218,nan,nan,nan,nan,nan,nan,0.0,0.0,0.0,0.0,0.0,0.0,nan,nan,nan,1,0,0,0
4367582804,4367582799,0.05397757,-0.008025664,0.13613681,0.71936715,-0.0100839995,0.0060480163,-0.6945305,nan,nan,nan,nan,nan,nan,0.0,0.0,0.0,0.0,0.0,0.0,nan,nan,nan,1,0,0,0
4367590481,4367590476,0.05398453,-0.008044951,0.1361328,0.71936536,-0.010037434,0.006083309,-0.69453275,nan,nan,nan,nan,nan,nan,0.0,0.0,0.0,0.0,0.0,0.0,nan,nan,nan,1,0,0,0
4367601479,4367601474,0.053969562,-0.008090421,0.1362564,0.7200715,-0.010310844,0.0048841503,-0.6938061,nan,nan,nan,nan,nan,nan,0.0,0.0,0.0,0.0,0.0,0.0,nan,nan,nan,1,0,0,0
4367607520,4367607515,0.053987235,-0.008053458,0.1361918,0.71961886,-0.010211812,0.0064016785,-0.69426465,nan,nan,nan,nan,nan,nan,0.0,0.0,0.0,0.0,0.0,0.0,nan,nan,nan,1,0,0,0
4367616479,4367616474,0.053977314,-0.008078611,0.13618669,0.7196098,-0.010225803,0.0065036216,-0.69427294,nan,nan,nan,nan,nan,nan,0.0,0.0,0.0,0.0,0.0,0.0,nan,nan,nan,1,0,0,0
4367623484,4367623479,0.053969868,-0.008075496,0.13612755,0.719329,-0.009964777,0.0062563135,-0.69456995,nan,nan,nan,nan,nan,nan,0.0,0.0,0.0,0.0,0.0,0.0,nan,nan,nan,1,0,0,0
4367634140,4367634134,0.053956285,-0.008082965,0.13617668,0.71978503,-0.009974546,0.0043502804,-0.6941117,nan,nan,nan,nan,nan,nan,0.0,0.0,0.0,0.0,0.0,0.0,nan,nan,nan,1,0,0,0
4367640495,4367640490,0.0539897,-0.008029355,0.13619351,0.7196838,-0.010286349,0.0061872867,-0.6941982,nan,nan,nan,nan,nan,nan,0.0,0.0,0.0,0.0,0.0,0.0,nan,nan,nan,1,0,0,0
4367652497,4367652492,0.053987812,-0.008056466,0.13612,0.71935385,-0.009946051,0.006324152,-0.69454384,nan,nan,nan,nan,nan,nan,0.0,0.0,0.0,0.0,0.0,0.0,nan,nan,nan,1,0,0,0
4367657505,4367657500,0.053955417,-0.0080635715,0.13618374,0.7198311,-0.009996255,0.0041736476,-0.69406474,nan,nan,nan,nan,nan,nan,0.0,0.0,0.0,0.0,0.0,0.0,nan,nan,nan,1,0,0,0
4367670615,4367670610,0.05397211,-0.008059081,0.13613148,0.7193573,-0.009860734,0.006234852,-0.6945422,nan,nan,nan,nan,nan,nan,0.0,0.0,0.0,0.0,0.0,0.0,nan,nan,nan,1,0,0,0
4367674485,4367674480,0.05397299,-0.0080986135,0.13617538,0.71970433,-0.010068131,0.0047198613,-0.6941917,nan,nan,nan,nan,nan,nan,0.0,0.0,0.0,0.0,0.0,0.0,nan,nan,nan,1,0,0,0
4367683997,4367683992,0.05399216,-0.008063349,0.13618822,0.719621,-0.010293426,0.0065140096,-0.6942602,nan,nan,nan,nan,nan,nan,0.0,0.0,0.0,0.0,0.0,0.0,nan,nan,nan,1,0,0,0
4367690485,4367690480,0.05400049,-0.008040772,0.13619702,0.719642,-0.010472998,0.006430455,-0.6942365,nan,nan,nan,nan,nan,nan,0.0,0.0,0.0,0.0,0.0,0.0,nan,nan,nan,1,0,0,0
4367702511,4367702506,0.053988744,-0.008028397,0.13613553,0.7193544,-0.010068777,0.0060910545,-0.6945436,nan,nan,nan,nan,nan,nan,0.0,0.0,0.0,0.0,0.0,0.0,nan,nan,nan,1,0,0,0
4367706512,4367706507,0.053960428,-0.008102388,0.13617276,0.7196986,-0.010044785,0.0048077283,-0.69419724,nan,nan,nan,nan,nan,nan,0.0,0.0,0.0,0.0,0.0,0.0,nan,nan,nan,1,0,0,0
4367718233,4367718227,0.05395832,-0.00806061,0.13618067,0.7197822,-0.010014564,0.004386994,-0.69411385,nan,nan,nan,nan,nan,nan,0.0,0.0,0.0,0.0,0.0,0.0,nan,nan,nan,1,0,0,0
4367723986,4367723981,0.05398155,-0.008066854,0.1361299,0.71936244,-0.009955537,0.0064885993,-0.69453335,nan,nan,nan,nan,nan,nan,0.0,0.0,0.0,0.0,0.0,0.0,nan,nan,nan,1,0,0,0
4367732477,4367732472,0.053979784,-0.0080292765,0.13613352,0.7193724,-0.010029845,0.006053875,-0.6945258,nan,nan,nan,nan,nan,nan,0.0,0.0,0.0,0.0,0.0,0.0,nan,nan,nan,1,0,0,0
4367741549,4367741544,0.053954966,-0.008099283,0.13618824,0.719732,-0.0102228215,0.004588697,-0.6941615,nan,nan,nan,nan,nan,nan,0.0,0.0,0.0,0.0,0.0,0.0,nan,nan,nan,1,0,0,0
4367750076,4367750071,0.053958766,-0.008081081,0.13616282,0.71968895,-0.010056339,0.0046884664,-0.69420797,nan,nan,nan,nan,nan,nan,0.0,0.0,0.0,0.0,0.0,0.0,nan,nan,nan,1,0,0,0
4367757485,4367757479,0.05396864,-0.008066771,0.13619298,0.71973884,-0.010182776,0.0045558275,-0.6941553,nan,nan,nan,nan,nan,nan,0.0,0.0,0.0,0.0,0.0,0.0,nan,nan,nan,1,0,0,0
4367770310,4367770304,0.053994056,-0.008022677,0.1361995,0.7196973,-0.010273318,0.0061606998,-0.69418466,nan,nan,nan,nan,nan,nan,0.0,0.0,0.0,0.0,0.0,0.0,nan,nan,nan,1,0,0,0
4367773914,4367773909,0.053966872,-0.008089524,0.13617602,0.7197717,-0.010114122,0.0046334504,-0.6941217,nan,nan,nan,nan,nan,nan,0.0,0.0,0.0,0.0,0.0,0.0,nan,nan,nan,1,0,0,0
4367782484,4367782479,0.05398438,-0.008046488,0.13613158,0.7193429,-0.010057091,0.0060379785,-0.694556,nan,nan,nan,nan,nan,nan,0.0,0.0,0.0,0.0,0.0,0.0,nan,nan,nan,1,0,0,0
4367790486,4367790481,0.05397957,-0.008062134,0.13611604,0.7193494,-0.010013066,0.006309791,-0.69454765,nan,nan,nan,nan,nan,nan,0.0,0.0,0.0,0.0,0.0,0.0,nan,nan,nan,1,0,0,0
